{"type":"FeatureCollection","source":"Los Angeles County Registrar-Recorder/County Clerk, \"School Districts Trustee Areas\" and \"Division_Boundaries\" (ArcGIS Online), downloaded 4 October 2026. LA County GIS Terms of Use. For election purposes, not legal boundaries.","note":"The County numbers these areas 1 to 5; the district letters them A to E.","features":[{"type":"Feature","properties":{"seat":"","label":"District boundary","county":"","role":"outline"},"geometry":{"type":"Polygon","coordinates":[[[-118.67465,34.40574],[-118.67485,34.40566],[-118.67667,34.40496],[-118.67668,34.40495],[-118.67672,34.40494],[-118.67757,34.40461],[-118.67924,34.40443],[-118.68412,34.40391],[-118.68541,34.40377],[-118.68703,34.4036],[-118.69145,34.40312],[-118.69145,34.40312],[-118.69146,34.40313],[-118.69146,34.40314],[-118.69147,34.40316],[-118.6915,34.40322],[-118.69164,34.40352],[-118.69165,34.40353],[-118.69184,34.40392],[-118.69184,34.40392],[-118.69203,34.40431],[-118.69204,34.40433],[-118.69211,34.40446],[-118.69221,34.40467],[-118.69223,34.40471],[-118.69241,34.40507],[-118.69241,34.40509],[-118.69258,34.40543],[-118.6926,34.40547],[-118.69274,34.40574],[-118.69277,34.40581],[-118.69278,34.40583],[-118.69281,34.40589],[-118.69284,34.40595],[-118.69287,34.40601],[-118.6929,34.40607],[-118.69292,34.4061],[-118.69293,34.40614],[-118.69295,34.40618],[-118.69297,34.40621],[-118.69297,34.40622],[-118.69298,34.40624],[-118.69299,34.40626],[-118.69302,34.40632],[-118.69305,34.40637],[-118.69348,34.40725],[-118.69366,34.40762],[-118.6937,34.4077],[-118.69375,34.4078],[-118.6938,34.40791],[-118.69415,34.40862],[-118.69444,34.4092],[-118.69445,34.40923],[-118.69465,34.40963],[-118.69521,34.41076],[-118.6953,34.41096],[-118.69543,34.41121],[-118.69623,34.41285],[-118.69629,34.41297],[-118.69706,34.41454],[-118.6972,34.41481],[-118.6978,34.41603],[-118.69795,34.41634],[-118.69798,34.4164],[-118.69807,34.41658],[-118.69891,34.4183],[-118.69897,34.41842],[-118.69984,34.42018],[-118.6999,34.42031],[-118.70019,34.42089],[-118.70019,34.42089],[-118.70057,34.42166],[-118.70133,34.42322],[-118.70136,34.42328],[-118.70187,34.42431],[-118.70216,34.42491],[-118.70221,34.425],[-118.70271,34.42602],[-118.70301,34.42663],[-118.70304,34.4267],[-118.70343,34.42749],[-118.70364,34.4279],[-118.70386,34.42837],[-118.70389,34.42842],[-118.70426,34.42916],[-118.7047,34.43007],[-118.70474,34.43015],[-118.70539,34.43148],[-118.70557,34.43183],[-118.70559,34.43187],[-118.70641,34.43354],[-118.70644,34.4336],[-118.70653,34.43378],[-118.70709,34.43492],[-118.70713,34.43501],[-118.70714,34.43503],[-118.70749,34.43573],[-118.70759,34.43593],[-118.70842,34.43762],[-118.70853,34.43785],[-118.70888,34.43857],[-118.70904,34.43889],[-118.70939,34.43959],[-118.70944,34.4397],[-118.71039,34.44162],[-118.71042,34.44169],[-118.71069,34.44224],[-118.71122,34.44332],[-118.71136,34.44359],[-118.71143,34.44374],[-118.71234,34.44558],[-118.71239,34.4457],[-118.71251,34.44593],[-118.71251,34.44593],[-118.71309,34.44711],[-118.71329,34.44752],[-118.71337,34.44768],[-118.71388,34.44871],[-118.71399,34.44895],[-118.71431,34.44959],[-118.71463,34.45024],[-118.71463,34.45024],[-118.71463,34.45024],[-118.71476,34.4505],[-118.71481,34.45061],[-118.71482,34.45062],[-118.7149,34.4508],[-118.71491,34.45081],[-118.715,34.451],[-118.71501,34.45101],[-118.71509,34.45118],[-118.71509,34.45119],[-118.7151,34.45121],[-118.71515,34.4513],[-118.71542,34.45186],[-118.71544,34.4519],[-118.71579,34.45259],[-118.71583,34.45269],[-118.71612,34.45327],[-118.71616,34.45335],[-118.71619,34.45342],[-118.71654,34.45412],[-118.71657,34.45418],[-118.71692,34.4549],[-118.71694,34.45494],[-118.71708,34.45522],[-118.7173,34.45568],[-118.71732,34.45571],[-118.7177,34.45647],[-118.71771,34.45651],[-118.71788,34.45684],[-118.71804,34.45718],[-118.71809,34.45726],[-118.7181,34.4573],[-118.71848,34.45807],[-118.7185,34.4581],[-118.71886,34.45884],[-118.71889,34.4589],[-118.71922,34.45956],[-118.71927,34.45967],[-118.7196,34.46033],[-118.71963,34.4604],[-118.71964,34.46042],[-118.72014,34.46143],[-118.72061,34.46238],[-118.72069,34.46255],[-118.72146,34.46412],[-118.72187,34.46495],[-118.72189,34.46499],[-118.72291,34.46706],[-118.72291,34.46706],[-118.7231,34.46745],[-118.72313,34.46751],[-118.72316,34.46757],[-118.72332,34.46789],[-118.72354,34.46835],[-118.72357,34.46841],[-118.72385,34.46897],[-118.7239,34.46908],[-118.72392,34.46911],[-118.72395,34.46917],[-118.72431,34.4699],[-118.72437,34.47002],[-118.7244,34.47009],[-118.72449,34.47028],[-118.7245,34.4703],[-118.72508,34.47148],[-118.72509,34.4715],[-118.72564,34.4726],[-118.7257,34.47273],[-118.72622,34.47378],[-118.72643,34.47421],[-118.72649,34.47433],[-118.72652,34.47439],[-118.72658,34.47451],[-118.72863,34.47867],[-118.72878,34.47898],[-118.72881,34.47904],[-118.73128,34.48406],[-118.73147,34.48444],[-118.73421,34.49],[-118.73436,34.4903],[-118.73542,34.49246],[-118.73704,34.49575],[-118.73729,34.49624],[-118.73831,34.49833],[-118.73876,34.49923],[-118.73877,34.49925],[-118.73934,34.50042],[-118.73983,34.5014],[-118.74007,34.50189],[-118.74115,34.50408],[-118.74291,34.50766],[-118.74299,34.50781],[-118.74471,34.51131],[-118.74583,34.51357],[-118.74601,34.51394],[-118.74605,34.51403],[-118.74827,34.51853],[-118.74879,34.51958],[-118.74887,34.51974],[-118.75183,34.52574],[-118.75189,34.52587],[-118.75456,34.53128],[-118.75475,34.53166],[-118.75479,34.53175],[-118.75543,34.53303],[-118.75738,34.537],[-118.75752,34.53728],[-118.7586,34.53948],[-118.75891,34.5401],[-118.76012,34.54254],[-118.7604,34.54312],[-118.76245,34.54727],[-118.7628,34.54799],[-118.76317,34.54873],[-118.76338,34.54916],[-118.76425,34.55092],[-118.76495,34.55234],[-118.76542,34.55328],[-118.76576,34.55397],[-118.76581,34.55409],[-118.76605,34.55456],[-118.76785,34.5582],[-118.76833,34.55918],[-118.76833,34.55918],[-118.77036,34.56329],[-118.77056,34.56371],[-118.77301,34.56866],[-118.77327,34.56918],[-118.7756,34.57391],[-118.77587,34.57446],[-118.77605,34.57481],[-118.77891,34.58062],[-118.77894,34.58068],[-118.78135,34.58555],[-118.78173,34.58632],[-118.78282,34.58853],[-118.78406,34.59104],[-118.78409,34.5911],[-118.7843,34.59153],[-118.78487,34.59267],[-118.78489,34.59271],[-118.78558,34.59412],[-118.78559,34.59413],[-118.78564,34.59424],[-118.7864,34.59576],[-118.78652,34.59602],[-118.78652,34.59602],[-118.7866,34.59617],[-118.78707,34.59714],[-118.78752,34.59805],[-118.78753,34.59806],[-118.78778,34.59857],[-118.78853,34.60009],[-118.78873,34.60049],[-118.78953,34.60211],[-118.78958,34.60221],[-118.78972,34.60249],[-118.78975,34.60254],[-118.79041,34.60389],[-118.79076,34.6046],[-118.7908,34.60467],[-118.79099,34.60507],[-118.79198,34.60708],[-118.79203,34.60716],[-118.79322,34.60956],[-118.79328,34.60969],[-118.79448,34.61212],[-118.7945,34.61217],[-118.79572,34.61464],[-118.79576,34.61471],[-118.7968,34.61682],[-118.7968,34.61682],[-118.7968,34.61682],[-118.79322,34.6169],[-118.78465,34.61708],[-118.77546,34.61728],[-118.76627,34.61747],[-118.75673,34.6176],[-118.7472,34.61772],[-118.74457,34.61775],[-118.74411,34.61776],[-118.7441,34.61776],[-118.74156,34.61779],[-118.73827,34.61783],[-118.72935,34.61795],[-118.72934,34.61795],[-118.72933,34.61795],[-118.72495,34.61799],[-118.72053,34.61804],[-118.71714,34.61808],[-118.71558,34.61809],[-118.71411,34.61811],[-118.71168,34.61813],[-118.70736,34.61811],[-118.707,34.61811],[-118.70536,34.6181],[-118.7042,34.6181],[-118.70343,34.6181],[-118.70267,34.61809],[-118.70256,34.61809],[-118.70185,34.61809],[-118.70135,34.61809],[-118.69969,34.61808],[-118.69921,34.61808],[-118.69592,34.61806],[-118.69519,34.61806],[-118.69411,34.61805],[-118.68889,34.61806],[-118.68791,34.61807],[-118.68719,34.61807],[-118.68434,34.61805],[-118.6818,34.61804],[-118.67846,34.61802],[-118.67839,34.61802],[-118.66959,34.61796],[-118.66646,34.61791],[-118.66071,34.6178],[-118.6607,34.6178],[-118.65658,34.61775],[-118.65194,34.61769],[-118.64642,34.61762],[-118.64324,34.61757],[-118.64317,34.61757],[-118.64308,34.61757],[-118.63424,34.61762],[-118.63235,34.61762],[-118.6273,34.61765],[-118.62536,34.61766],[-118.62531,34.61766],[-118.6253,34.61766],[-118.6253,34.61766],[-118.62527,34.61766],[-118.62102,34.61763],[-118.61735,34.6176],[-118.61108,34.61756],[-118.60674,34.61753],[-118.59648,34.61746],[-118.59212,34.61743],[-118.59207,34.61743],[-118.59164,34.61742],[-118.58925,34.61741],[-118.57184,34.61728],[-118.56096,34.6172],[-118.56096,34.6172],[-118.5605,34.6172],[-118.55416,34.61715],[-118.53687,34.61702],[-118.51896,34.61689],[-118.51896,34.61689],[-118.51896,34.61663],[-118.51887,34.60316],[-118.51887,34.60248],[-118.51887,34.60248],[-118.51887,34.60248],[-118.51887,34.60224],[-118.51887,34.60223],[-118.5189,34.59842],[-118.51897,34.58846],[-118.51897,34.58846],[-118.51897,34.58801],[-118.51897,34.58764],[-118.51895,34.58128],[-118.51893,34.57366],[-118.51893,34.57351],[-118.51893,34.5735],[-118.51891,34.56606],[-118.51889,34.55897],[-118.51911,34.55897],[-118.51924,34.55897],[-118.52369,34.55898],[-118.52814,34.55899],[-118.52815,34.55877],[-118.52818,34.55693],[-118.52819,34.55659],[-118.52819,34.55657],[-118.52819,34.55637],[-118.52821,34.55551],[-118.52822,34.55498],[-118.52823,34.55445],[-118.52823,34.55436],[-118.52825,34.55374],[-118.52827,34.55274],[-118.52828,34.55199],[-118.52831,34.55083],[-118.52831,34.55045],[-118.52833,34.54968],[-118.52838,34.54726],[-118.52842,34.54528],[-118.52845,34.5437],[-118.52848,34.54219],[-118.52852,34.54014],[-118.53718,34.54016],[-118.53727,34.54013],[-118.53737,34.54009],[-118.53743,34.54003],[-118.53743,34.53994],[-118.53742,34.53993],[-118.53739,34.53987],[-118.53731,34.53981],[-118.53724,34.53975],[-118.53724,34.53967],[-118.53731,34.53961],[-118.5374,34.53958],[-118.53748,34.53955],[-118.53749,34.53944],[-118.5375,34.53844],[-118.53756,34.53295],[-118.53758,34.53055],[-118.53764,34.52549],[-118.53766,34.52179],[-118.53768,34.51812],[-118.53768,34.51809],[-118.54219,34.5181],[-118.54356,34.5181],[-118.54546,34.5181],[-118.54669,34.5181],[-118.5467,34.51698],[-118.54675,34.51339],[-118.54675,34.51337],[-118.54677,34.51095],[-118.54687,34.50728],[-118.54687,34.50727],[-118.54686,34.50702],[-118.54685,34.50653],[-118.54682,34.50504],[-118.5468,34.50394],[-118.54679,34.50361],[-118.55183,34.50365],[-118.55295,34.50365],[-118.55312,34.50366],[-118.55325,34.50366],[-118.5554,34.50367],[-118.55541,34.5029],[-118.55541,34.50245],[-118.55542,34.50177],[-118.55544,34.50014],[-118.55544,34.5],[-118.55544,34.49999],[-118.55544,34.49917],[-118.55544,34.49908],[-118.55545,34.49904],[-118.55545,34.49901],[-118.55545,34.49879],[-118.55546,34.49723],[-118.55547,34.49659],[-118.55546,34.49659],[-118.55547,34.49646],[-118.55547,34.49645],[-118.55547,34.49632],[-118.55552,34.49632],[-118.55559,34.49632],[-118.55792,34.49636],[-118.5602,34.4964],[-118.5602,34.4964],[-118.56021,34.4964],[-118.56021,34.4964],[-118.56021,34.4964],[-118.56021,34.49639],[-118.56024,34.4964],[-118.56184,34.49643],[-118.56257,34.49644],[-118.5626,34.49644],[-118.56287,34.49644],[-118.56494,34.49648],[-118.56494,34.49648],[-118.56555,34.49647],[-118.56555,34.49647],[-118.56555,34.49647],[-118.56577,34.49646],[-118.56577,34.49646],[-118.56622,34.49646],[-118.56743,34.49644],[-118.56743,34.49644],[-118.56916,34.49641],[-118.57044,34.49639],[-118.57062,34.49639],[-118.57178,34.49637],[-118.57179,34.49637],[-118.57191,34.49637],[-118.57265,34.49636],[-118.57358,34.49634],[-118.57358,34.49634],[-118.57353,34.49445],[-118.57347,34.4924],[-118.57347,34.49238],[-118.57346,34.49214],[-118.57346,34.49213],[-118.57344,34.49136],[-118.57337,34.48905],[-118.57329,34.48609],[-118.57327,34.48541],[-118.57327,34.4854],[-118.57327,34.48532],[-118.57325,34.48496],[-118.5732,34.4837],[-118.57318,34.48315],[-118.57318,34.48311],[-118.57317,34.48299],[-118.57317,34.48288],[-118.57317,34.48281],[-118.57313,34.48197],[-118.57313,34.48176],[-118.57313,34.48176],[-118.57312,34.48175],[-118.57312,34.48175],[-118.57312,34.48168],[-118.57311,34.48139],[-118.57311,34.48123],[-118.57311,34.48118],[-118.57311,34.48095],[-118.5731,34.48094],[-118.57311,34.48094],[-118.57311,34.48092],[-118.5731,34.48025],[-118.5731,34.48017],[-118.57309,34.47999],[-118.57309,34.47997],[-118.57309,34.47973],[-118.57309,34.47962],[-118.57309,34.47951],[-118.57309,34.47938],[-118.57308,34.47879],[-118.57307,34.47833],[-118.57307,34.47812],[-118.57309,34.47786],[-118.57311,34.47747],[-118.57317,34.47733],[-118.57308,34.47731],[-118.57306,34.4773],[-118.57305,34.47669],[-118.57308,34.47662],[-118.57308,34.4766],[-118.57312,34.47659],[-118.57317,34.47642],[-118.57307,34.47639],[-118.57305,34.47638],[-118.57286,34.47632],[-118.57293,34.47616],[-118.573,34.47599],[-118.57304,34.47583],[-118.57305,34.47581],[-118.57305,34.47579],[-118.57307,34.47572],[-118.57309,34.47565],[-118.57313,34.47548],[-118.57313,34.47546],[-118.57316,34.47531],[-118.57315,34.47515],[-118.57311,34.47499],[-118.5731,34.47496],[-118.57306,34.47489],[-118.57304,34.47484],[-118.57303,34.47482],[-118.57294,34.4747],[-118.57303,34.47464],[-118.57306,34.47462],[-118.57322,34.47453],[-118.57321,34.47452],[-118.57312,34.47442],[-118.57309,34.47439],[-118.57306,34.47436],[-118.57302,34.47432],[-118.57277,34.47406],[-118.57282,34.47402],[-118.57286,34.47397],[-118.57291,34.47391],[-118.57301,34.47377],[-118.57324,34.47343],[-118.57327,34.47338],[-118.57334,34.4733],[-118.57342,34.47329],[-118.57351,34.47321],[-118.57353,34.47314],[-118.57363,34.47306],[-118.57382,34.47292],[-118.57385,34.4729],[-118.57386,34.47289],[-118.57387,34.47289],[-118.57389,34.47288],[-118.5739,34.47288],[-118.57393,34.47288],[-118.57395,34.47287],[-118.57397,34.47286],[-118.57398,34.47286],[-118.574,34.47285],[-118.57402,34.47284],[-118.57454,34.47247],[-118.57411,34.47206],[-118.57393,34.47189],[-118.57382,34.4718],[-118.57364,34.47168],[-118.57347,34.47156],[-118.57319,34.47144],[-118.57298,34.47137],[-118.57275,34.47128],[-118.57253,34.47121],[-118.57226,34.47116],[-118.57189,34.47113],[-118.57143,34.47111],[-118.5711,34.4711],[-118.56994,34.47124],[-118.56986,34.47115],[-118.56985,34.47107],[-118.56984,34.47102],[-118.56974,34.4709],[-118.56964,34.47078],[-118.56968,34.4706],[-118.5697,34.47053],[-118.56971,34.47051],[-118.56996,34.47054],[-118.56996,34.47054],[-118.56996,34.47055],[-118.57002,34.47056],[-118.5703,34.4706],[-118.57072,34.47066],[-118.57077,34.47066],[-118.57079,34.47066],[-118.57081,34.47067],[-118.57084,34.47067],[-118.57086,34.47067],[-118.57234,34.47022],[-118.57258,34.47],[-118.57259,34.46999],[-118.57259,34.46999],[-118.57259,34.4699],[-118.57259,34.46989],[-118.57259,34.46957],[-118.57259,34.46716],[-118.57259,34.46716],[-118.57259,34.46656],[-118.57259,34.46639],[-118.57259,34.46636],[-118.57259,34.46627],[-118.57259,34.46621],[-118.57259,34.46338],[-118.57259,34.46337],[-118.57259,34.46337],[-118.57209,34.46328],[-118.57188,34.46325],[-118.57186,34.46325],[-118.57181,34.46287],[-118.57176,34.46244],[-118.57176,34.46244],[-118.5721,34.46246],[-118.57211,34.46246],[-118.57212,34.46246],[-118.57223,34.46232],[-118.57224,34.46231],[-118.57224,34.46231],[-118.57228,34.46227],[-118.57241,34.46211],[-118.57241,34.4621],[-118.57242,34.4621],[-118.57242,34.46211],[-118.57243,34.46211],[-118.57253,34.46221],[-118.57253,34.46221],[-118.57277,34.46197],[-118.57285,34.4619],[-118.57272,34.46181],[-118.5725,34.46166],[-118.57232,34.46148],[-118.5725,34.46137],[-118.5725,34.46137],[-118.57259,34.46132],[-118.57274,34.46124],[-118.57274,34.46123],[-118.57259,34.46113],[-118.57259,34.46112],[-118.57241,34.46099],[-118.57226,34.46089],[-118.57224,34.46088],[-118.57234,34.46078],[-118.57235,34.46077],[-118.57241,34.4607],[-118.57243,34.46066],[-118.57244,34.46065],[-118.57244,34.46065],[-118.57246,34.46062],[-118.57256,34.46048],[-118.57259,34.46043],[-118.57265,34.46034],[-118.5727,34.46026],[-118.57274,34.4602],[-118.57274,34.4602],[-118.57259,34.46013],[-118.57243,34.46006],[-118.57242,34.46006],[-118.57251,34.45992],[-118.57256,34.45984],[-118.57256,34.45983],[-118.57259,34.4598],[-118.5726,34.45978],[-118.57263,34.45971],[-118.57264,34.4597],[-118.57266,34.45964],[-118.57269,34.45955],[-118.57271,34.45949],[-118.57271,34.45937],[-118.57272,34.45934],[-118.57272,34.45934],[-118.57272,34.45933],[-118.5727,34.45919],[-118.5727,34.45919],[-118.57266,34.45904],[-118.57259,34.45891],[-118.57258,34.4589],[-118.57258,34.4589],[-118.57258,34.4589],[-118.57258,34.45872],[-118.57258,34.45871],[-118.57258,34.45871],[-118.57269,34.45864],[-118.57278,34.45859],[-118.57278,34.45859],[-118.57274,34.45855],[-118.57274,34.45854],[-118.57274,34.45854],[-118.5727,34.45851],[-118.5727,34.45851],[-118.5727,34.45851],[-118.57268,34.45849],[-118.57268,34.45849],[-118.57268,34.45849],[-118.57268,34.45849],[-118.57267,34.45848],[-118.57267,34.45848],[-118.57267,34.45848],[-118.57267,34.45848],[-118.57267,34.45848],[-118.57267,34.45848],[-118.57266,34.45848],[-118.57259,34.45854],[-118.57258,34.45855],[-118.57258,34.45843],[-118.57258,34.45841],[-118.57258,34.45841],[-118.57254,34.45837],[-118.57251,34.45835],[-118.57247,34.45833],[-118.57246,34.45832],[-118.57244,34.4583],[-118.57241,34.45829],[-118.57241,34.45829],[-118.57234,34.45825],[-118.5724,34.4582],[-118.5725,34.45814],[-118.57258,34.45807],[-118.57258,34.45807],[-118.57258,34.45797],[-118.57258,34.45783],[-118.57258,34.45771],[-118.57258,34.45771],[-118.57258,34.45765],[-118.57256,34.45752],[-118.57263,34.45735],[-118.57266,34.45724],[-118.57265,34.45715],[-118.57257,34.45643],[-118.57265,34.45629],[-118.57268,34.45624],[-118.5727,34.45617],[-118.57273,34.45609],[-118.57275,34.45602],[-118.57276,34.45597],[-118.5726,34.45597],[-118.57258,34.45597],[-118.57258,34.45593],[-118.57258,34.45567],[-118.57258,34.45556],[-118.57258,34.45556],[-118.57258,34.45553],[-118.57258,34.45539],[-118.57258,34.45527],[-118.57258,34.45524],[-118.57258,34.4551],[-118.57258,34.45506],[-118.57258,34.45495],[-118.57258,34.45485],[-118.57258,34.45462],[-118.57258,34.45461],[-118.57261,34.45453],[-118.57267,34.45446],[-118.57287,34.45456],[-118.57293,34.45459],[-118.57298,34.45462],[-118.57306,34.45466],[-118.57308,34.45468],[-118.57312,34.4547],[-118.57317,34.45474],[-118.57321,34.45477],[-118.57324,34.45479],[-118.57369,34.45439],[-118.57371,34.45437],[-118.57371,34.45437],[-118.5733,34.4535],[-118.57321,34.4533],[-118.57319,34.45326],[-118.57357,34.45263],[-118.57365,34.45249],[-118.57367,34.45246],[-118.57384,34.45218],[-118.57385,34.45209],[-118.57396,34.45124],[-118.57397,34.45116],[-118.5734,34.45124],[-118.5731,34.45129],[-118.57309,34.45129],[-118.57304,34.45129],[-118.57303,34.4513],[-118.573,34.4513],[-118.57298,34.4513],[-118.57295,34.45131],[-118.57284,34.45133],[-118.57279,34.45133],[-118.57266,34.45135],[-118.57259,34.45136],[-118.57258,34.45136],[-118.57258,34.45069],[-118.57258,34.45069],[-118.57258,34.45068],[-118.5726,34.45067],[-118.57263,34.45066],[-118.57263,34.45066],[-118.57266,34.45062],[-118.57267,34.45057],[-118.57267,34.45057],[-118.57266,34.45052],[-118.57266,34.45052],[-118.57264,34.45047],[-118.5726,34.45043],[-118.57259,34.45039],[-118.57258,34.44967],[-118.57258,34.44967],[-118.5725,34.44966],[-118.57231,34.44963],[-118.57211,34.4496],[-118.5721,34.44959],[-118.57197,34.4495],[-118.57197,34.4495],[-118.57196,34.4495],[-118.57196,34.4495],[-118.57274,34.44865],[-118.57237,34.44843],[-118.5722,34.44833],[-118.57186,34.44798],[-118.57176,34.44786],[-118.57168,34.44774],[-118.57161,34.44765],[-118.57155,34.44753],[-118.57146,34.44732],[-118.57136,34.44708],[-118.5713,34.44689],[-118.57124,34.44666],[-118.57121,34.44653],[-118.57137,34.4465],[-118.5716,34.44645],[-118.57174,34.44641],[-118.57202,34.44634],[-118.57239,34.44616],[-118.57258,34.44609],[-118.57258,34.44543],[-118.57258,34.4448],[-118.57258,34.44444],[-118.57258,34.44412],[-118.57258,34.44402],[-118.57258,34.44359],[-118.57258,34.44359],[-118.57258,34.44347],[-118.57257,34.44323],[-118.57257,34.44322],[-118.57257,34.44305],[-118.57257,34.44262],[-118.57257,34.44241],[-118.57257,34.44232],[-118.57257,34.44226],[-118.57257,34.44198],[-118.57257,34.44198],[-118.57257,34.44173],[-118.57257,34.44169],[-118.57257,34.44125],[-118.57257,34.44125],[-118.57257,34.44125],[-118.57257,34.44071],[-118.57257,34.44038],[-118.57257,34.44038],[-118.57257,34.43821],[-118.57257,34.43718],[-118.57257,34.43718],[-118.57257,34.43713],[-118.57257,34.43713],[-118.57257,34.43713],[-118.57266,34.43705],[-118.57259,34.437],[-118.57257,34.43698],[-118.57257,34.4369],[-118.57257,34.4369],[-118.57257,34.4368],[-118.57257,34.43523],[-118.57257,34.43519],[-118.57257,34.43486],[-118.57257,34.43485],[-118.57257,34.43485],[-118.57257,34.43485],[-118.57257,34.43484],[-118.57257,34.43484],[-118.57257,34.43483],[-118.57257,34.43483],[-118.57257,34.43482],[-118.57257,34.43482],[-118.57257,34.43482],[-118.57257,34.43481],[-118.57257,34.43439],[-118.57257,34.43426],[-118.57257,34.43386],[-118.57257,34.43345],[-118.57257,34.43344],[-118.57257,34.43339],[-118.57258,34.43339],[-118.57259,34.43338],[-118.57264,34.43335],[-118.57261,34.43332],[-118.57257,34.43328],[-118.57257,34.43328],[-118.57257,34.43328],[-118.57257,34.43237],[-118.57257,34.43236],[-118.57257,34.43229],[-118.57257,34.43187],[-118.57257,34.43186],[-118.57257,34.43182],[-118.57251,34.43177],[-118.57244,34.4317],[-118.57253,34.43164],[-118.57257,34.43161],[-118.57257,34.43161],[-118.57257,34.43157],[-118.57257,34.4313],[-118.57257,34.4313],[-118.57257,34.43084],[-118.57257,34.43083],[-118.57257,34.42984],[-118.57257,34.42964],[-118.57282,34.42945],[-118.57296,34.42934],[-118.57296,34.42919],[-118.57296,34.42912],[-118.57292,34.42913],[-118.57287,34.42915],[-118.5728,34.42916],[-118.57275,34.42917],[-118.57268,34.42918],[-118.57266,34.42918],[-118.5726,34.42919],[-118.57257,34.42919],[-118.57257,34.42914],[-118.57257,34.42909],[-118.57257,34.42886],[-118.57257,34.42886],[-118.57257,34.42861],[-118.57257,34.4265],[-118.57257,34.42622],[-118.57257,34.42622],[-118.57258,34.42622],[-118.57282,34.42624],[-118.57369,34.42631],[-118.57412,34.42635],[-118.57412,34.42635],[-118.57413,34.42636],[-118.5748,34.42641],[-118.5748,34.42641],[-118.57531,34.42645],[-118.57563,34.42648],[-118.57577,34.42649],[-118.5758,34.42649],[-118.57625,34.42653],[-118.57687,34.42659],[-118.57706,34.4266],[-118.57766,34.42641],[-118.57862,34.4261],[-118.57882,34.42603],[-118.57882,34.42603],[-118.57917,34.42592],[-118.57917,34.42592],[-118.57929,34.42589],[-118.58025,34.42588],[-118.58137,34.42588],[-118.58305,34.42587],[-118.58446,34.42639],[-118.58499,34.42641],[-118.58518,34.42645],[-118.58653,34.42701],[-118.58691,34.42717],[-118.58781,34.42739],[-118.59107,34.42815],[-118.59108,34.42815],[-118.59114,34.42824],[-118.59208,34.42952],[-118.5931,34.43091],[-118.59394,34.43206],[-118.59395,34.43207],[-118.59399,34.43213],[-118.59947,34.43325],[-118.59952,34.43327],[-118.60362,34.43473],[-118.60362,34.43473],[-118.6037,34.43476],[-118.60379,34.43479],[-118.60759,34.43613],[-118.61296,34.43558],[-118.61458,34.43391],[-118.61742,34.431],[-118.62037,34.42796],[-118.62191,34.42713],[-118.62509,34.42541],[-118.63091,34.41914],[-118.63174,34.41914],[-118.63208,34.41914],[-118.63583,34.41914],[-118.63616,34.41915],[-118.63931,34.41949],[-118.64271,34.41985],[-118.64368,34.41989],[-118.64755,34.42003],[-118.64992,34.42011],[-118.652,34.41832],[-118.65453,34.41615],[-118.65723,34.41383],[-118.66017,34.41131],[-118.66217,34.41054],[-118.66564,34.40921],[-118.66847,34.40812],[-118.67056,34.40731],[-118.67107,34.407],[-118.67186,34.40673],[-118.67289,34.40638],[-118.67293,34.40637],[-118.67351,34.40617],[-118.67357,34.40615],[-118.67388,34.40604],[-118.67435,34.40585],[-118.6746,34.40576],[-118.67465,34.40574]]]}},{"type":"Feature","properties":{"seat":"castaic-union-school-district-trustee-area-a","label":"Trustee Area A","county":"TA1","role":"seat"},"geometry":{"type":"Polygon","coordinates":[[[-118.64972,34.45184],[-118.64972,34.45203],[-118.64971,34.45279],[-118.65145,34.45281],[-118.6531,34.45282],[-118.65407,34.45283],[-118.65532,34.45285],[-118.65625,34.45285],[-118.65657,34.45569],[-118.65662,34.45614],[-118.6567,34.4569],[-118.65797,34.4568],[-118.65793,34.45701],[-118.65792,34.45701],[-118.65791,34.45704],[-118.65792,34.45708],[-118.65792,34.45711],[-118.65793,34.45714],[-118.65795,34.45714],[-118.65797,34.45718],[-118.658,34.45721],[-118.65804,34.45725],[-118.65807,34.45726],[-118.65812,34.45729],[-118.65813,34.45731],[-118.65815,34.45732],[-118.65817,34.45733],[-118.65818,34.45735],[-118.65818,34.45737],[-118.65818,34.45738],[-118.65818,34.4574],[-118.65818,34.45742],[-118.65817,34.45744],[-118.65816,34.45745],[-118.65815,34.45746],[-118.65814,34.45747],[-118.65813,34.45748],[-118.65811,34.45749],[-118.65809,34.4575],[-118.65807,34.4575],[-118.65806,34.4575],[-118.65798,34.45751],[-118.65788,34.45753],[-118.65786,34.45754],[-118.65782,34.45755],[-118.6578,34.45756],[-118.65778,34.45757],[-118.65775,34.45759],[-118.65774,34.45761],[-118.65772,34.45762],[-118.65771,34.45764],[-118.6577,34.45765],[-118.65769,34.45766],[-118.65769,34.45768],[-118.65768,34.45769],[-118.65763,34.45782],[-118.65762,34.45783],[-118.65762,34.45785],[-118.65762,34.45786],[-118.65762,34.45788],[-118.65762,34.4579],[-118.65762,34.45791],[-118.65763,34.45793],[-118.65763,34.45795],[-118.65764,34.45796],[-118.65765,34.45798],[-118.65766,34.458],[-118.65766,34.45801],[-118.65767,34.45803],[-118.65767,34.45805],[-118.65767,34.45806],[-118.65767,34.45809],[-118.65766,34.45821],[-118.65766,34.45824],[-118.65765,34.45827],[-118.65765,34.45831],[-118.65764,34.45833],[-118.65763,34.45837],[-118.65761,34.45841],[-118.6576,34.45844],[-118.65758,34.45849],[-118.65756,34.45852],[-118.65753,34.45856],[-118.6575,34.4586],[-118.65747,34.45865],[-118.65738,34.45876],[-118.65735,34.45881],[-118.65731,34.45886],[-118.65728,34.45892],[-118.65722,34.459],[-118.65716,34.45908],[-118.65712,34.45913],[-118.65708,34.45917],[-118.65705,34.4592],[-118.65702,34.45923],[-118.65699,34.45925],[-118.65703,34.4596],[-118.65708,34.46003],[-118.65708,34.46008],[-118.6571,34.46008],[-118.65711,34.46003],[-118.65703,34.45928],[-118.65707,34.45924],[-118.65712,34.4592],[-118.65715,34.45917],[-118.65718,34.45913],[-118.65721,34.45909],[-118.65725,34.45904],[-118.65727,34.45902],[-118.6573,34.45897],[-118.65733,34.45893],[-118.65736,34.45888],[-118.6574,34.45883],[-118.65743,34.45878],[-118.65746,34.45873],[-118.65749,34.4587],[-118.65752,34.45865],[-118.65755,34.45862],[-118.65757,34.45858],[-118.6576,34.45854],[-118.65762,34.4585],[-118.65764,34.45847],[-118.65765,34.45844],[-118.65767,34.4584],[-118.65768,34.45837],[-118.65769,34.45832],[-118.6577,34.45828],[-118.65771,34.45824],[-118.65771,34.45819],[-118.65772,34.45808],[-118.65772,34.45806],[-118.65772,34.45803],[-118.65771,34.45801],[-118.65771,34.45799],[-118.6577,34.45796],[-118.65768,34.45794],[-118.65767,34.45792],[-118.65767,34.45789],[-118.65767,34.45787],[-118.65767,34.45785],[-118.65768,34.45783],[-118.65769,34.45779],[-118.65773,34.45769],[-118.65774,34.45767],[-118.65775,34.45765],[-118.65777,34.45763],[-118.65779,34.45762],[-118.65781,34.4576],[-118.65784,34.45759],[-118.65786,34.45758],[-118.65789,34.45757],[-118.65809,34.45754],[-118.65813,34.45753],[-118.65815,34.45751],[-118.65817,34.4575],[-118.65819,34.45748],[-118.6582,34.45746],[-118.65821,34.45744],[-118.65822,34.45741],[-118.65822,34.45739],[-118.65822,34.45737],[-118.65821,34.45735],[-118.65821,34.45733],[-118.6582,34.45732],[-118.65818,34.4573],[-118.65817,34.45729],[-118.65814,34.45727],[-118.65807,34.45723],[-118.65806,34.45722],[-118.65803,34.45719],[-118.658,34.45716],[-118.65799,34.45713],[-118.65798,34.4571],[-118.65797,34.45708],[-118.65797,34.45706],[-118.65798,34.45703],[-118.658,34.45691],[-118.65803,34.45673],[-118.65804,34.4567],[-118.65805,34.45667],[-118.65807,34.45663],[-118.65809,34.4566],[-118.65812,34.45658],[-118.65814,34.45655],[-118.65816,34.45653],[-118.6582,34.45651],[-118.65821,34.4565],[-118.65822,34.4565],[-118.65823,34.45649],[-118.65824,34.45648],[-118.65825,34.45646],[-118.65826,34.45644],[-118.65826,34.45642],[-118.65826,34.4564],[-118.65825,34.45638],[-118.65824,34.45636],[-118.65887,34.45607],[-118.6589,34.45605],[-118.65897,34.45651],[-118.65909,34.45735],[-118.65921,34.45816],[-118.65949,34.46011],[-118.65983,34.46011],[-118.66275,34.46012],[-118.66383,34.46009],[-118.66755,34.46008],[-118.66819,34.46007],[-118.67143,34.46006],[-118.67254,34.46006],[-118.67265,34.46095],[-118.67267,34.46106],[-118.67267,34.46107],[-118.67268,34.46113],[-118.67272,34.46148],[-118.67276,34.46184],[-118.67279,34.46204],[-118.6729,34.46292],[-118.67298,34.46362],[-118.67303,34.46405],[-118.67309,34.46451],[-118.67336,34.46666],[-118.67342,34.46717],[-118.67142,34.46719],[-118.67094,34.46719],[-118.67067,34.4672],[-118.67047,34.4672],[-118.66965,34.46721],[-118.66911,34.46721],[-118.6691,34.46721],[-118.6691,34.46722],[-118.6691,34.46765],[-118.66909,34.46813],[-118.66909,34.46849],[-118.66908,34.46872],[-118.66908,34.46902],[-118.66909,34.46902],[-118.66962,34.46902],[-118.66985,34.46902],[-118.67123,34.469],[-118.67124,34.469],[-118.67124,34.46923],[-118.67123,34.46969],[-118.67122,34.47081],[-118.67125,34.47081],[-118.67164,34.47081],[-118.67169,34.47081],[-118.67273,34.4708],[-118.67339,34.47079],[-118.67507,34.47077],[-118.67771,34.47074],[-118.67771,34.47076],[-118.6777,34.47177],[-118.6777,34.47179],[-118.6777,34.47182],[-118.67777,34.47182],[-118.67777,34.47231],[-118.67776,34.47317],[-118.67769,34.4733],[-118.67769,34.4733],[-118.67769,34.47379],[-118.6777,34.47436],[-118.67799,34.47437],[-118.68187,34.47442],[-118.68327,34.47444],[-118.68493,34.47446],[-118.68605,34.47447],[-118.68603,34.47809],[-118.68602,34.47886],[-118.68602,34.47886],[-118.68602,34.47886],[-118.686,34.48172],[-118.68601,34.48175],[-118.69027,34.48183],[-118.69023,34.47944],[-118.69021,34.47815],[-118.69286,34.47819],[-118.69331,34.4782],[-118.69436,34.47821],[-118.69436,34.47764],[-118.69436,34.47736],[-118.69436,34.47709],[-118.69436,34.47694],[-118.69435,34.47458],[-118.69787,34.47465],[-118.70173,34.47473],[-118.70197,34.47473],[-118.70279,34.47475],[-118.7028,34.47383],[-118.7028,34.47339],[-118.707,34.47203],[-118.7077,34.4718],[-118.70969,34.47181],[-118.71118,34.47208],[-118.71119,34.47121],[-118.71173,34.47122],[-118.71227,34.47123],[-118.71281,34.47123],[-118.71281,34.47123],[-118.71335,34.47124],[-118.71389,34.47125],[-118.71444,34.47126],[-118.71498,34.47127],[-118.71497,34.473],[-118.71495,34.4747],[-118.71625,34.47357],[-118.71881,34.47132],[-118.72011,34.47017],[-118.72071,34.46965],[-118.72238,34.46769],[-118.72291,34.46706],[-118.7231,34.46745],[-118.72313,34.46751],[-118.72316,34.46757],[-118.72332,34.46789],[-118.72354,34.46835],[-118.72357,34.46841],[-118.72385,34.46897],[-118.7239,34.46908],[-118.72392,34.46911],[-118.72395,34.46917],[-118.72431,34.4699],[-118.72437,34.47002],[-118.7244,34.47009],[-118.72449,34.47028],[-118.7245,34.4703],[-118.72508,34.47148],[-118.72509,34.4715],[-118.72564,34.4726],[-118.7257,34.47273],[-118.72622,34.47378],[-118.72643,34.47421],[-118.72649,34.47433],[-118.72652,34.47439],[-118.72658,34.47451],[-118.72863,34.47867],[-118.72878,34.47898],[-118.72881,34.47904],[-118.73128,34.48406],[-118.73147,34.48444],[-118.73421,34.49],[-118.73436,34.4903],[-118.73542,34.49246],[-118.73704,34.49575],[-118.73729,34.49624],[-118.73831,34.49833],[-118.73876,34.49923],[-118.73877,34.49925],[-118.73934,34.50042],[-118.73983,34.5014],[-118.74007,34.50189],[-118.74115,34.50408],[-118.74291,34.50766],[-118.74299,34.50781],[-118.74471,34.51131],[-118.74583,34.51357],[-118.74601,34.51394],[-118.74605,34.51403],[-118.74827,34.51853],[-118.74879,34.51958],[-118.74887,34.51974],[-118.75183,34.52574],[-118.75189,34.52587],[-118.75456,34.53128],[-118.75475,34.53166],[-118.75479,34.53175],[-118.75543,34.53303],[-118.75738,34.537],[-118.75752,34.53728],[-118.7586,34.53948],[-118.75891,34.5401],[-118.76012,34.54254],[-118.7604,34.54312],[-118.76245,34.54727],[-118.7628,34.54799],[-118.76317,34.54873],[-118.76338,34.54916],[-118.76425,34.55092],[-118.76495,34.55234],[-118.76542,34.55328],[-118.76576,34.55397],[-118.76581,34.55409],[-118.76605,34.55456],[-118.76785,34.5582],[-118.76833,34.55918],[-118.76833,34.55918],[-118.77036,34.56329],[-118.77056,34.56371],[-118.77301,34.56866],[-118.77327,34.56918],[-118.7756,34.57391],[-118.77587,34.57446],[-118.77605,34.57481],[-118.77891,34.58062],[-118.77894,34.58068],[-118.78135,34.58555],[-118.78173,34.58632],[-118.78282,34.58853],[-118.78406,34.59104],[-118.78409,34.5911],[-118.7843,34.59153],[-118.78487,34.59267],[-118.78489,34.59271],[-118.78558,34.59412],[-118.78559,34.59413],[-118.78564,34.59424],[-118.7864,34.59576],[-118.78652,34.59602],[-118.78652,34.59602],[-118.7866,34.59617],[-118.78707,34.59714],[-118.78752,34.59805],[-118.78753,34.59806],[-118.78778,34.59857],[-118.78853,34.60009],[-118.78873,34.60049],[-118.78953,34.60211],[-118.78958,34.60221],[-118.78972,34.60249],[-118.78975,34.60254],[-118.79041,34.60389],[-118.79076,34.6046],[-118.7908,34.60467],[-118.79099,34.60507],[-118.79198,34.60708],[-118.79203,34.60716],[-118.79322,34.60956],[-118.79328,34.60969],[-118.79448,34.61212],[-118.7945,34.61217],[-118.79572,34.61464],[-118.79576,34.61471],[-118.7968,34.61682],[-118.7968,34.61682],[-118.7968,34.61682],[-118.79322,34.6169],[-118.78465,34.61708],[-118.77546,34.61728],[-118.76627,34.61747],[-118.75673,34.6176],[-118.7472,34.61772],[-118.74457,34.61775],[-118.74411,34.61776],[-118.7441,34.61776],[-118.74156,34.61779],[-118.73827,34.61783],[-118.72935,34.61795],[-118.72934,34.61795],[-118.72933,34.61795],[-118.72495,34.61799],[-118.72053,34.61804],[-118.71714,34.61808],[-118.71558,34.61809],[-118.71411,34.61811],[-118.71168,34.61813],[-118.70736,34.61811],[-118.707,34.61811],[-118.70536,34.6181],[-118.7042,34.6181],[-118.70343,34.6181],[-118.70267,34.61809],[-118.70256,34.61809],[-118.70185,34.61809],[-118.70135,34.61809],[-118.69969,34.61808],[-118.69921,34.61808],[-118.69592,34.61806],[-118.69519,34.61806],[-118.69411,34.61805],[-118.68889,34.61806],[-118.68791,34.61807],[-118.68719,34.61807],[-118.68434,34.61805],[-118.6818,34.61804],[-118.67846,34.61802],[-118.67839,34.61802],[-118.66959,34.61796],[-118.66646,34.61791],[-118.66071,34.6178],[-118.6607,34.6178],[-118.65658,34.61775],[-118.65194,34.61769],[-118.64642,34.61762],[-118.64324,34.61757],[-118.64317,34.61757],[-118.64308,34.61757],[-118.63424,34.61762],[-118.63235,34.61762],[-118.6273,34.61765],[-118.62536,34.61766],[-118.62531,34.61766],[-118.6253,34.61766],[-118.6253,34.61766],[-118.62527,34.61766],[-118.62102,34.61763],[-118.61735,34.6176],[-118.61108,34.61756],[-118.60674,34.61753],[-118.59648,34.61746],[-118.59212,34.61743],[-118.59207,34.61743],[-118.59164,34.61742],[-118.58925,34.61741],[-118.57184,34.61728],[-118.56096,34.6172],[-118.56096,34.6172],[-118.5605,34.6172],[-118.56056,34.61702],[-118.56054,34.61679],[-118.5603,34.61637],[-118.56016,34.61597],[-118.56015,34.61585],[-118.56069,34.61526],[-118.56072,34.61526],[-118.56079,34.61525],[-118.5608,34.61525],[-118.5608,34.61525],[-118.56081,34.61525],[-118.56082,34.61524],[-118.56082,34.61524],[-118.56083,34.61524],[-118.56084,34.61524],[-118.56084,34.61524],[-118.56085,34.61524],[-118.56086,34.61524],[-118.56086,34.61523],[-118.56087,34.61523],[-118.56088,34.61523],[-118.56088,34.61523],[-118.56089,34.61523],[-118.5609,34.61522],[-118.5609,34.61522],[-118.56091,34.61522],[-118.56091,34.61522],[-118.56092,34.61521],[-118.56093,34.61521],[-118.56093,34.61521],[-118.56094,34.61521],[-118.56095,34.6152],[-118.56095,34.6152],[-118.56096,34.6152],[-118.56096,34.61519],[-118.56097,34.61519],[-118.56097,34.61519],[-118.56098,34.61518],[-118.56098,34.61518],[-118.56113,34.61494],[-118.56113,34.61494],[-118.5612,34.61473],[-118.56124,34.6143],[-118.56118,34.61409],[-118.56111,34.61396],[-118.56101,34.61389],[-118.56095,34.61383],[-118.56072,34.6137],[-118.56052,34.61359],[-118.56037,34.61346],[-118.56033,34.61338],[-118.5603,34.61333],[-118.56026,34.61321],[-118.56028,34.61314],[-118.5603,34.61308],[-118.56032,34.61301],[-118.56042,34.61287],[-118.56051,34.61276],[-118.5606,34.6126],[-118.56071,34.6124],[-118.56085,34.61224],[-118.5613,34.61191],[-118.56179,34.61154],[-118.56195,34.61135],[-118.56208,34.61122],[-118.56234,34.61101],[-118.56252,34.61086],[-118.56261,34.61076],[-118.56272,34.61058],[-118.56279,34.61033],[-118.56273,34.61009],[-118.56267,34.60991],[-118.56252,34.60965],[-118.56249,34.60961],[-118.56232,34.60943],[-118.56228,34.6094],[-118.56209,34.60926],[-118.56189,34.60913],[-118.56155,34.60896],[-118.56119,34.60885],[-118.561,34.60879],[-118.56086,34.60872],[-118.56077,34.60867],[-118.56069,34.60858],[-118.56062,34.60852],[-118.56058,34.60845],[-118.56057,34.60838],[-118.56055,34.60815],[-118.56054,34.60805],[-118.56053,34.60789],[-118.56052,34.60773],[-118.56054,34.60753],[-118.56065,34.60728],[-118.56076,34.60709],[-118.56085,34.60694],[-118.56087,34.60684],[-118.56087,34.60667],[-118.56085,34.60663],[-118.56084,34.6066],[-118.56081,34.60657],[-118.56076,34.60654],[-118.56073,34.60651],[-118.56063,34.60645],[-118.5605,34.6064],[-118.56041,34.60635],[-118.56036,34.60631],[-118.56026,34.60618],[-118.56023,34.60605],[-118.56023,34.60602],[-118.56023,34.606],[-118.56029,34.60588],[-118.56044,34.60562],[-118.56076,34.60501],[-118.56087,34.60473],[-118.56096,34.60437],[-118.56096,34.60414],[-118.56094,34.60407],[-118.56091,34.60396],[-118.5608,34.60383],[-118.56074,34.6038],[-118.56063,34.60374],[-118.5605,34.60371],[-118.56036,34.60372],[-118.56019,34.60376],[-118.56008,34.60381],[-118.55994,34.60389],[-118.55951,34.60421],[-118.55922,34.6045],[-118.55897,34.60478],[-118.55876,34.60495],[-118.55853,34.60508],[-118.558,34.60523],[-118.55743,34.60538],[-118.5572,34.60543],[-118.55703,34.60543],[-118.55695,34.60541],[-118.5569,34.60539],[-118.55688,34.60537],[-118.55683,34.60532],[-118.55678,34.60522],[-118.55676,34.60516],[-118.55677,34.60512],[-118.55677,34.60507],[-118.55678,34.60502],[-118.55679,34.60499],[-118.55682,34.60492],[-118.55697,34.60476],[-118.55716,34.60457],[-118.55723,34.60448],[-118.55726,34.60444],[-118.55731,34.60434],[-118.55732,34.60421],[-118.55727,34.60403],[-118.55719,34.60387],[-118.55709,34.60369],[-118.55709,34.6036],[-118.55711,34.60343],[-118.55714,34.60336],[-118.55718,34.6033],[-118.55722,34.60324],[-118.55728,34.60316],[-118.55745,34.603],[-118.55757,34.60288],[-118.55762,34.60279],[-118.55762,34.60279],[-118.55789,34.60205],[-118.55797,34.60175],[-118.55803,34.60168],[-118.55825,34.60156],[-118.55855,34.60141],[-118.55884,34.60121],[-118.55909,34.60098],[-118.55929,34.60066],[-118.55956,34.60006],[-118.55971,34.59971],[-118.55995,34.59928],[-118.56005,34.59915],[-118.56041,34.59877],[-118.56113,34.59814],[-118.56153,34.59782],[-118.56182,34.59754],[-118.56203,34.59729],[-118.56227,34.59689],[-118.56236,34.59674],[-118.56249,34.59659],[-118.5627,34.59643],[-118.56292,34.5962],[-118.56298,34.5961],[-118.56313,34.59584],[-118.56314,34.59583],[-118.5637,34.59497],[-118.56385,34.59475],[-118.5639,34.59467],[-118.56397,34.5945],[-118.56397,34.59449],[-118.56401,34.59424],[-118.56402,34.59409],[-118.56397,34.59395],[-118.5639,34.59383],[-118.56379,34.5937],[-118.56361,34.5936],[-118.56338,34.59351],[-118.56319,34.59344],[-118.563,34.59339],[-118.56275,34.59337],[-118.56251,34.59339],[-118.56205,34.59341],[-118.56179,34.59339],[-118.56175,34.59336],[-118.56166,34.59331],[-118.56162,34.59324],[-118.56158,34.5931],[-118.56159,34.59245],[-118.56163,34.59209],[-118.56167,34.59194],[-118.56176,34.5918],[-118.5619,34.59155],[-118.56215,34.59122],[-118.56225,34.59086],[-118.56228,34.59067],[-118.56226,34.59055],[-118.56224,34.59051],[-118.56223,34.59048],[-118.5622,34.5904],[-118.56217,34.59036],[-118.56196,34.5902],[-118.5619,34.59014],[-118.56188,34.59012],[-118.56183,34.59006],[-118.56159,34.58975],[-118.56139,34.58941],[-118.56134,34.58933],[-118.5613,34.58923],[-118.56129,34.5892],[-118.56125,34.5891],[-118.56126,34.58899],[-118.5613,34.58847],[-118.56132,34.58829],[-118.56132,34.58825],[-118.56132,34.58811],[-118.56128,34.58788],[-118.56124,34.5878],[-118.56121,34.58773],[-118.56121,34.58763],[-118.56128,34.58721],[-118.56132,34.58707],[-118.56138,34.587],[-118.56144,34.58688],[-118.56146,34.58672],[-118.56147,34.58666],[-118.56146,34.58662],[-118.56146,34.58657],[-118.5614,34.5865],[-118.56136,34.58646],[-118.56134,34.58642],[-118.5613,34.5864],[-118.56123,34.58637],[-118.56116,34.58634],[-118.56107,34.58632],[-118.56098,34.58632],[-118.56074,34.5863],[-118.56052,34.5863],[-118.56045,34.5863],[-118.56016,34.58625],[-118.55993,34.58616],[-118.55983,34.58609],[-118.55976,34.58601],[-118.55975,34.58598],[-118.55978,34.58591],[-118.55979,34.58589],[-118.5598,34.58589],[-118.55983,34.58584],[-118.55996,34.58567],[-118.56013,34.58552],[-118.56024,34.58538],[-118.56033,34.58521],[-118.56035,34.58516],[-118.56042,34.58496],[-118.56043,34.58479],[-118.56042,34.58474],[-118.5604,34.58458],[-118.56029,34.58434],[-118.56016,34.5842],[-118.56003,34.58407],[-118.55932,34.58374],[-118.55882,34.58348],[-118.55873,34.58341],[-118.55865,34.58326],[-118.55865,34.58324],[-118.5586,34.58306],[-118.55856,34.583],[-118.55853,34.58296],[-118.55845,34.58287],[-118.5583,34.58276],[-118.55829,34.58275],[-118.55809,34.58263],[-118.55798,34.58253],[-118.55795,34.58246],[-118.55793,34.58243],[-118.5579,34.58229],[-118.55788,34.58207],[-118.55788,34.58195],[-118.55783,34.58178],[-118.55773,34.58145],[-118.55758,34.58114],[-118.55744,34.58095],[-118.55682,34.58046],[-118.55663,34.58036],[-118.55623,34.58022],[-118.55581,34.58014],[-118.5555,34.58007],[-118.55539,34.58001],[-118.55527,34.57991],[-118.55525,34.57981],[-118.55525,34.57964],[-118.55532,34.57938],[-118.55542,34.57914],[-118.55545,34.57907],[-118.55576,34.57863],[-118.55612,34.57832],[-118.55637,34.578],[-118.55667,34.57758],[-118.55674,34.57744],[-118.55676,34.57721],[-118.55668,34.57693],[-118.55656,34.57663],[-118.5565,34.57648],[-118.55639,34.57625],[-118.55631,34.57609],[-118.5562,34.57573],[-118.55615,34.57544],[-118.55618,34.5752],[-118.55625,34.57497],[-118.55639,34.57472],[-118.55664,34.57444],[-118.55691,34.57416],[-118.55714,34.57393],[-118.55723,34.57379],[-118.55723,34.57378],[-118.55723,34.57378],[-118.55724,34.57377],[-118.55724,34.57377],[-118.55727,34.57369],[-118.5573,34.57362],[-118.55734,34.57351],[-118.55741,34.57318],[-118.5575,34.57257],[-118.55758,34.57234],[-118.5578,34.57201],[-118.55833,34.57144],[-118.55847,34.57123],[-118.55857,34.57102],[-118.55863,34.57081],[-118.55866,34.57065],[-118.55865,34.57047],[-118.55861,34.57026],[-118.55845,34.56983],[-118.55811,34.56917],[-118.55786,34.56859],[-118.55755,34.56787],[-118.55735,34.56752],[-118.55714,34.56727],[-118.55679,34.56701],[-118.55639,34.56672],[-118.55605,34.56645],[-118.55582,34.56614],[-118.55565,34.56584],[-118.55556,34.56559],[-118.55553,34.56549],[-118.55548,34.56534],[-118.55546,34.5651],[-118.55546,34.56479],[-118.55549,34.56449],[-118.55557,34.56415],[-118.55568,34.56388],[-118.5558,34.5637],[-118.55601,34.56345],[-118.55624,34.56322],[-118.55665,34.56291],[-118.55723,34.5625],[-118.5576,34.56227],[-118.55817,34.56187],[-118.55837,34.56174],[-118.55863,34.56159],[-118.55896,34.56147],[-118.5593,34.56138],[-118.55964,34.56132],[-118.56012,34.56125],[-118.56031,34.56121],[-118.56049,34.56117],[-118.56062,34.56114],[-118.56082,34.56106],[-118.56097,34.56099],[-118.56113,34.56089],[-118.56125,34.56077],[-118.56141,34.56055],[-118.56154,34.56036],[-118.56161,34.5602],[-118.56165,34.56005],[-118.56166,34.55994],[-118.56166,34.55979],[-118.56163,34.5596],[-118.56153,34.55932],[-118.56142,34.55912],[-118.56138,34.55908],[-118.56116,34.55908],[-118.55983,34.55907],[-118.55911,34.55907],[-118.55787,34.55907],[-118.55764,34.55907],[-118.55752,34.55916],[-118.55732,34.55933],[-118.55688,34.55967],[-118.55647,34.55997],[-118.5562,34.56009],[-118.55565,34.56032],[-118.55504,34.56055],[-118.55424,34.56087],[-118.55404,34.56095],[-118.55353,34.56116],[-118.5528,34.56144],[-118.55247,34.5615],[-118.55229,34.56152],[-118.55188,34.56152],[-118.55157,34.56146],[-118.55111,34.5613],[-118.55083,34.56115],[-118.55055,34.56091],[-118.55003,34.56049],[-118.54973,34.5603],[-118.54971,34.56028],[-118.54952,34.5602],[-118.54923,34.56013],[-118.54894,34.5601],[-118.54862,34.56014],[-118.54837,34.56018],[-118.54816,34.56024],[-118.54794,34.56034],[-118.54775,34.56047],[-118.54729,34.56082],[-118.5469,34.56106],[-118.54666,34.56119],[-118.54637,34.56131],[-118.54614,34.56137],[-118.54581,34.56143],[-118.54542,34.56146],[-118.54506,34.56145],[-118.54479,34.56142],[-118.54455,34.56136],[-118.54428,34.56126],[-118.54421,34.56124],[-118.54375,34.56101],[-118.54348,34.5608],[-118.54324,34.56058],[-118.54304,34.56036],[-118.54289,34.56009],[-118.54279,34.55986],[-118.54249,34.55903],[-118.5424,34.55876],[-118.54233,34.55857],[-118.54184,34.55729],[-118.54171,34.55703],[-118.54149,34.55663],[-118.54129,34.5563],[-118.541,34.55584],[-118.54071,34.55538],[-118.54032,34.5548],[-118.5403,34.55474],[-118.54024,34.55463],[-118.54018,34.55445],[-118.54015,34.5542],[-118.54017,34.55394],[-118.54021,34.55374],[-118.54028,34.55355],[-118.54043,34.55328],[-118.54066,34.55305],[-118.54096,34.5528],[-118.5419,34.55207],[-118.54323,34.55106],[-118.54394,34.5505],[-118.54489,34.54976],[-118.54595,34.54897],[-118.54652,34.54854],[-118.54675,34.54839],[-118.54704,34.54825],[-118.54806,34.54784],[-118.54947,34.54733],[-118.55052,34.54678],[-118.5522,34.54587],[-118.55288,34.54551],[-118.55347,34.54514],[-118.5538,34.54495],[-118.55413,34.54478],[-118.55435,34.54466],[-118.555,34.54436],[-118.55521,34.54426],[-118.55523,34.54426],[-118.55551,34.54421],[-118.55566,34.54418],[-118.55582,34.54416],[-118.55651,34.54413],[-118.55747,34.5441],[-118.5582,34.5441],[-118.55852,34.54405],[-118.55856,34.54404],[-118.559,34.54391],[-118.55932,34.54376],[-118.55962,34.54361],[-118.5598,34.54349],[-118.56021,34.54312],[-118.56063,34.54268],[-118.56109,34.54222],[-118.5616,34.5417],[-118.56259,34.54061],[-118.56309,34.54006],[-118.56338,34.53974],[-118.56368,34.53945],[-118.56368,34.53945],[-118.56398,34.53906],[-118.56437,34.53866],[-118.56471,34.53835],[-118.56509,34.53786],[-118.56526,34.53762],[-118.56539,34.53735],[-118.56575,34.53647],[-118.56589,34.5361],[-118.56608,34.53558],[-118.56632,34.53496],[-118.5665,34.5345],[-118.56675,34.53395],[-118.56698,34.53358],[-118.56714,34.53341],[-118.56736,34.5332],[-118.56759,34.53296],[-118.56771,34.53284],[-118.56795,34.5326],[-118.56812,34.53244],[-118.56856,34.53202],[-118.56964,34.531],[-118.57024,34.53036],[-118.57035,34.53023],[-118.57044,34.53009],[-118.57052,34.52997],[-118.5706,34.52979],[-118.57065,34.52967],[-118.57076,34.52946],[-118.57096,34.52895],[-118.57124,34.52829],[-118.57132,34.52813],[-118.57141,34.52799],[-118.57152,34.52788],[-118.5717,34.5277],[-118.57198,34.52748],[-118.572,34.52747],[-118.57237,34.52724],[-118.57251,34.52715],[-118.57306,34.52681],[-118.57371,34.52642],[-118.57385,34.52633],[-118.5741,34.52616],[-118.57429,34.52604],[-118.57442,34.52592],[-118.57455,34.52576],[-118.57467,34.52561],[-118.57484,34.52537],[-118.57517,34.52498],[-118.57544,34.52464],[-118.57565,34.52429],[-118.57608,34.52379],[-118.57653,34.52329],[-118.57667,34.52311],[-118.57695,34.52278],[-118.57779,34.52178],[-118.57803,34.52145],[-118.5782,34.52114],[-118.57837,34.52075],[-118.57853,34.52039],[-118.57883,34.52001],[-118.57925,34.51951],[-118.57977,34.51893],[-118.58033,34.5183],[-118.58034,34.51829],[-118.58063,34.51797],[-118.58087,34.5177],[-118.58101,34.51754],[-118.58125,34.51734],[-118.58147,34.51715],[-118.58173,34.51699],[-118.58205,34.51681],[-118.58238,34.51665],[-118.58272,34.51654],[-118.58318,34.51642],[-118.58349,34.51639],[-118.58375,34.51639],[-118.58399,34.51639],[-118.58421,34.51642],[-118.58443,34.51645],[-118.58484,34.51656],[-118.58523,34.51667],[-118.58564,34.51681],[-118.58615,34.51697],[-118.58643,34.51705],[-118.58669,34.51713],[-118.58724,34.51731],[-118.58746,34.51737],[-118.58795,34.51751],[-118.58863,34.5177],[-118.58891,34.51778],[-118.589,34.5178],[-118.58901,34.51781],[-118.58918,34.51786],[-118.58961,34.51798],[-118.59,34.5181],[-118.59037,34.51821],[-118.59037,34.51825],[-118.59052,34.51825],[-118.5907,34.51831],[-118.59107,34.51841],[-118.59144,34.51851],[-118.592,34.51868],[-118.5924,34.5188],[-118.59291,34.51895],[-118.59316,34.51902],[-118.59337,34.51905],[-118.59364,34.51907],[-118.59397,34.51906],[-118.59427,34.51901],[-118.59438,34.51897],[-118.59458,34.51891],[-118.5948,34.51884],[-118.59486,34.5188],[-118.59508,34.51868],[-118.59517,34.51862],[-118.59533,34.5185],[-118.59552,34.51831],[-118.59568,34.51813],[-118.59581,34.51793],[-118.5959,34.51772],[-118.59599,34.51738],[-118.59609,34.5169],[-118.59617,34.51641],[-118.59625,34.5161],[-118.59636,34.51565],[-118.59644,34.51521],[-118.59653,34.51479],[-118.59656,34.51463],[-118.59663,34.51431],[-118.59667,34.51416],[-118.5967,34.51404],[-118.59681,34.51352],[-118.59681,34.51349],[-118.59686,34.51324],[-118.59689,34.51312],[-118.59697,34.51281],[-118.59706,34.51254],[-118.59715,34.51231],[-118.59727,34.51208],[-118.59742,34.51182],[-118.5975,34.5117],[-118.59755,34.51163],[-118.59766,34.5115],[-118.59777,34.51136],[-118.59791,34.51122],[-118.598,34.51111],[-118.59801,34.5111],[-118.59812,34.511],[-118.59832,34.51083],[-118.59851,34.51069],[-118.59866,34.51058],[-118.59879,34.5105],[-118.59905,34.51034],[-118.59925,34.5102],[-118.59936,34.51012],[-118.59979,34.50983],[-118.60002,34.50967],[-118.60015,34.50958],[-118.60029,34.50947],[-118.60062,34.50925],[-118.60109,34.50893],[-118.60175,34.50845],[-118.60186,34.50838],[-118.60206,34.50819],[-118.60224,34.50802],[-118.60242,34.50774],[-118.60248,34.50761],[-118.60256,34.50742],[-118.60272,34.50668],[-118.60298,34.50551],[-118.60301,34.50541],[-118.60323,34.50435],[-118.60342,34.50344],[-118.60348,34.5032],[-118.60364,34.50249],[-118.6037,34.50224],[-118.60376,34.50205],[-118.60385,34.50188],[-118.60395,34.5017],[-118.60403,34.50159],[-118.60416,34.50143],[-118.60425,34.50133],[-118.60436,34.50124],[-118.60443,34.50117],[-118.6046,34.50106],[-118.60483,34.50091],[-118.60509,34.50077],[-118.60545,34.50054],[-118.60586,34.50033],[-118.60632,34.50008],[-118.60647,34.49999],[-118.60664,34.49989],[-118.60683,34.49974],[-118.60715,34.49936],[-118.60724,34.49925],[-118.60728,34.49921],[-118.60752,34.49888],[-118.60768,34.49868],[-118.60803,34.49821],[-118.60819,34.49806],[-118.60822,34.49803],[-118.60829,34.49797],[-118.6085,34.49778],[-118.60877,34.4976],[-118.609,34.49748],[-118.60922,34.49739],[-118.60949,34.49729],[-118.60985,34.49721],[-118.60998,34.49718],[-118.61025,34.49716],[-118.61058,34.49714],[-118.61105,34.49716],[-118.61213,34.49721],[-118.61302,34.49725],[-118.61379,34.49729],[-118.61379,34.49729],[-118.6142,34.49731],[-118.61423,34.49731],[-118.61498,34.49734],[-118.61586,34.49737],[-118.61625,34.49738],[-118.61636,34.49739],[-118.61641,34.49739],[-118.61645,34.49736],[-118.61642,34.49764],[-118.61641,34.49764],[-118.61641,34.49774],[-118.6164,34.49784],[-118.6164,34.49787],[-118.61639,34.49798],[-118.61637,34.49809],[-118.61635,34.49824],[-118.6163,34.49867],[-118.61629,34.49877],[-118.61627,34.49892],[-118.61624,34.49931],[-118.6162,34.49998],[-118.61619,34.50001],[-118.61618,34.50014],[-118.61616,34.50042],[-118.61623,34.50042],[-118.61625,34.50069],[-118.61627,34.50085],[-118.61634,34.50108],[-118.61645,34.50133],[-118.61671,34.50182],[-118.61675,34.50202],[-118.61646,34.50223],[-118.61626,34.50243],[-118.61619,34.50254],[-118.61612,34.50272],[-118.61611,34.50277],[-118.6161,34.50281],[-118.61612,34.50311],[-118.61614,34.5034],[-118.61616,34.50357],[-118.61616,34.50361],[-118.61617,34.50378],[-118.61617,34.50379],[-118.61617,34.50387],[-118.61614,34.50387],[-118.61615,34.50397],[-118.61616,34.50422],[-118.61619,34.50476],[-118.61619,34.50486],[-118.61619,34.50491],[-118.61619,34.50496],[-118.61619,34.50497],[-118.6162,34.50501],[-118.61621,34.50503],[-118.61621,34.50506],[-118.61622,34.50509],[-118.61622,34.50514],[-118.61623,34.50516],[-118.61625,34.50522],[-118.61625,34.50523],[-118.61628,34.5053],[-118.61628,34.50533],[-118.6163,34.50538],[-118.61631,34.50539],[-118.61633,34.50543],[-118.61634,34.50546],[-118.61635,34.50549],[-118.61637,34.50552],[-118.61637,34.50553],[-118.61638,34.50555],[-118.61639,34.50557],[-118.6164,34.50558],[-118.61641,34.50561],[-118.61642,34.50563],[-118.61644,34.50566],[-118.61648,34.50573],[-118.61648,34.50574],[-118.6165,34.50577],[-118.6165,34.50577],[-118.61651,34.50579],[-118.61655,34.50585],[-118.61657,34.50588],[-118.6166,34.50592],[-118.61662,34.50595],[-118.61662,34.50595],[-118.61662,34.50595],[-118.61664,34.50596],[-118.61665,34.50597],[-118.61668,34.50599],[-118.61671,34.50601],[-118.61672,34.50602],[-118.61675,34.50604],[-118.61675,34.50604],[-118.61678,34.50607],[-118.61678,34.50607],[-118.61679,34.50607],[-118.61681,34.50608],[-118.61681,34.50608],[-118.61682,34.50608],[-118.61682,34.50609],[-118.61683,34.50609],[-118.61683,34.50609],[-118.61684,34.50609],[-118.61684,34.5061],[-118.61685,34.5061],[-118.61686,34.5061],[-118.61692,34.50613],[-118.61692,34.50618],[-118.61692,34.50618],[-118.61691,34.50628],[-118.61691,34.50656],[-118.61691,34.50691],[-118.61691,34.50726],[-118.6169,34.50766],[-118.61869,34.51026],[-118.61911,34.51087],[-118.62052,34.51086],[-118.6213,34.51085],[-118.62509,34.51082],[-118.62517,34.51082],[-118.62549,34.51082],[-118.62573,34.51082],[-118.6258,34.51082],[-118.62582,34.51082],[-118.62585,34.51082],[-118.62587,34.51082],[-118.62587,34.51082],[-118.62587,34.51082],[-118.62586,34.51073],[-118.62585,34.51063],[-118.62583,34.51054],[-118.62582,34.51045],[-118.6258,34.51035],[-118.62578,34.51026],[-118.62574,34.51011],[-118.62573,34.51007],[-118.62566,34.50985],[-118.62555,34.50945],[-118.62514,34.5081],[-118.62488,34.50721],[-118.62499,34.50721],[-118.62503,34.50721],[-118.62577,34.50721],[-118.62833,34.50719],[-118.62895,34.50719],[-118.62896,34.5072],[-118.62896,34.5072],[-118.62896,34.5072],[-118.62904,34.50731],[-118.62904,34.50731],[-118.6291,34.50738],[-118.62913,34.50742],[-118.62918,34.5075],[-118.62921,34.50753],[-118.62925,34.50758],[-118.62927,34.50761],[-118.62928,34.50763],[-118.62933,34.50768],[-118.62936,34.50773],[-118.62938,34.50776],[-118.6294,34.50778],[-118.6294,34.50778],[-118.62942,34.5078],[-118.62943,34.50782],[-118.62941,34.50782],[-118.62941,34.50783],[-118.62942,34.50784],[-118.62943,34.50785],[-118.62945,34.50786],[-118.62945,34.50786],[-118.62946,34.50787],[-118.62947,34.50787],[-118.62947,34.50787],[-118.62948,34.50788],[-118.62951,34.50789],[-118.62953,34.5079],[-118.62954,34.50791],[-118.62955,34.50792],[-118.62956,34.50792],[-118.63122,34.50831],[-118.63249,34.50828],[-118.633,34.5081],[-118.63306,34.50819],[-118.63313,34.50828],[-118.63316,34.50832],[-118.63324,34.50843],[-118.63375,34.50915],[-118.63387,34.50932],[-118.63402,34.50951],[-118.63439,34.50997],[-118.63453,34.51016],[-118.63476,34.51047],[-118.6348,34.51052],[-118.6348,34.51052],[-118.63485,34.51051],[-118.63486,34.51051],[-118.63487,34.5105],[-118.63504,34.51046],[-118.63506,34.51045],[-118.63508,34.51045],[-118.63508,34.51045],[-118.63509,34.51046],[-118.63517,34.51061],[-118.63524,34.51076],[-118.63527,34.51083],[-118.63528,34.51084],[-118.63546,34.51084],[-118.63577,34.51084],[-118.63578,34.51084],[-118.6358,34.51086],[-118.63588,34.511],[-118.63599,34.51115],[-118.63609,34.51132],[-118.6362,34.51148],[-118.6362,34.51149],[-118.63623,34.51152],[-118.63609,34.51159],[-118.63599,34.51163],[-118.6361,34.5118],[-118.63622,34.51198],[-118.63631,34.51212],[-118.63641,34.51227],[-118.6365,34.51241],[-118.63656,34.5125],[-118.63644,34.51256],[-118.63649,34.51264],[-118.63656,34.51275],[-118.63661,34.51282],[-118.63666,34.5129],[-118.63672,34.51298],[-118.63681,34.51312],[-118.6369,34.51326],[-118.63699,34.5134],[-118.63712,34.5136],[-118.63725,34.51381],[-118.63738,34.51401],[-118.63752,34.51422],[-118.63759,34.51433],[-118.63764,34.5144],[-118.63768,34.51446],[-118.63775,34.51456],[-118.63784,34.51471],[-118.63794,34.51485],[-118.63801,34.51497],[-118.63833,34.51499],[-118.63847,34.51493],[-118.63861,34.51507],[-118.63881,34.51525],[-118.63893,34.51536],[-118.63893,34.51536],[-118.63902,34.51533],[-118.63914,34.51529],[-118.63918,34.51528],[-118.63918,34.51528],[-118.63918,34.51528],[-118.63931,34.51539],[-118.63937,34.51544],[-118.63961,34.51555],[-118.63968,34.51558],[-118.63985,34.51566],[-118.64001,34.51574],[-118.64018,34.51582],[-118.64034,34.5159],[-118.64054,34.51599],[-118.64077,34.5161],[-118.64118,34.5163],[-118.64131,34.51636],[-118.64175,34.51657],[-118.64177,34.51655],[-118.64181,34.51653],[-118.64188,34.51649],[-118.64231,34.51623],[-118.64258,34.51607],[-118.64284,34.51591],[-118.64285,34.51591],[-118.6429,34.51587],[-118.64277,34.51538],[-118.64275,34.51538],[-118.64269,34.51533],[-118.64268,34.51533],[-118.64268,34.51528],[-118.64268,34.51524],[-118.64282,34.51521],[-118.64286,34.51521],[-118.64316,34.51515],[-118.64319,34.51515],[-118.64323,34.51514],[-118.64332,34.51512],[-118.64336,34.51511],[-118.64348,34.51509],[-118.6435,34.51509],[-118.64349,34.51508],[-118.64331,34.51475],[-118.64322,34.51458],[-118.64319,34.51453],[-118.64319,34.51453],[-118.64319,34.51453],[-118.64319,34.51452],[-118.64319,34.51452],[-118.64319,34.51452],[-118.64319,34.51452],[-118.64298,34.51413],[-118.64294,34.51406],[-118.64281,34.51381],[-118.64268,34.51357],[-118.64256,34.51335],[-118.64253,34.51329],[-118.64245,34.51313],[-118.64245,34.51313],[-118.64233,34.51291],[-118.64232,34.51289],[-118.64221,34.51267],[-118.64209,34.51245],[-118.64197,34.51223],[-118.64185,34.51199],[-118.64185,34.51199],[-118.64171,34.51173],[-118.64163,34.51157],[-118.64154,34.51142],[-118.64146,34.51126],[-118.64139,34.51113],[-118.64129,34.51093],[-118.64129,34.51093],[-118.64123,34.51083],[-118.64123,34.51083],[-118.64123,34.51082],[-118.64123,34.51083],[-118.64123,34.51082],[-118.64116,34.51069],[-118.64111,34.51059],[-118.64096,34.51031],[-118.64095,34.51029],[-118.64082,34.51005],[-118.64052,34.50948],[-118.64042,34.5093],[-118.64041,34.50927],[-118.64041,34.50927],[-118.64041,34.50927],[-118.64041,34.5092],[-118.64041,34.50841],[-118.64041,34.5084],[-118.64041,34.5081],[-118.64041,34.50802],[-118.64041,34.50794],[-118.64041,34.50784],[-118.64041,34.50783],[-118.64041,34.50774],[-118.64041,34.50722],[-118.63972,34.50722],[-118.63969,34.50722],[-118.63969,34.50722],[-118.6395,34.50722],[-118.63943,34.50722],[-118.63942,34.50722],[-118.63939,34.50722],[-118.63935,34.50722],[-118.63935,34.50722],[-118.63935,34.50722],[-118.63914,34.50722],[-118.63892,34.50722],[-118.6389,34.50722],[-118.6389,34.50702],[-118.6389,34.50702],[-118.6389,34.507],[-118.6389,34.50693],[-118.6389,34.50692],[-118.6389,34.50692],[-118.6388,34.50688],[-118.63874,34.50686],[-118.63867,34.50685],[-118.63858,34.50684],[-118.63796,34.50685],[-118.63763,34.50685],[-118.63647,34.50684],[-118.63587,34.50684],[-118.63583,34.50684],[-118.63569,34.50685],[-118.63554,34.50685],[-118.63394,34.50685],[-118.63371,34.50685],[-118.63362,34.50685],[-118.63361,34.50685],[-118.6336,34.50685],[-118.63355,34.50685],[-118.63353,34.50685],[-118.63353,34.50685],[-118.63343,34.50686],[-118.63342,34.50686],[-118.63342,34.50686],[-118.63336,34.50687],[-118.63331,34.50687],[-118.6333,34.50687],[-118.6333,34.50687],[-118.63329,34.50688],[-118.63315,34.50692],[-118.63315,34.50693],[-118.63314,34.50693],[-118.63301,34.50697],[-118.633,34.50697],[-118.6329,34.507],[-118.63289,34.50701],[-118.63276,34.50705],[-118.63275,34.50705],[-118.63266,34.50708],[-118.63266,34.50708],[-118.63259,34.50711],[-118.63259,34.50711],[-118.6324,34.50683],[-118.63219,34.50656],[-118.63175,34.50597],[-118.6314,34.50549],[-118.63065,34.50461],[-118.63054,34.50448],[-118.63016,34.50404],[-118.63003,34.50388],[-118.63001,34.50385],[-118.63,34.50384],[-118.63,34.50384],[-118.62995,34.50377],[-118.62959,34.50332],[-118.62959,34.50331],[-118.62958,34.5033],[-118.62943,34.50309],[-118.62942,34.50308],[-118.62929,34.5029],[-118.62928,34.50289],[-118.62922,34.50281],[-118.62907,34.50261],[-118.62907,34.50261],[-118.62906,34.5026],[-118.62905,34.5026],[-118.62905,34.50259],[-118.62905,34.50258],[-118.62904,34.50257],[-118.62902,34.50255],[-118.62901,34.50254],[-118.62894,34.50245],[-118.62893,34.50244],[-118.62892,34.50243],[-118.62892,34.50243],[-118.62891,34.50242],[-118.6289,34.5024],[-118.6289,34.5024],[-118.62889,34.50238],[-118.62888,34.50237],[-118.62887,34.50236],[-118.62884,34.50231],[-118.62882,34.50228],[-118.62881,34.50227],[-118.62879,34.50224],[-118.62876,34.50221],[-118.62876,34.5022],[-118.62873,34.50216],[-118.62869,34.50212],[-118.62866,34.50208],[-118.62864,34.50205],[-118.62863,34.50203],[-118.62861,34.50201],[-118.62859,34.50198],[-118.62857,34.50195],[-118.62855,34.50193],[-118.62852,34.50189],[-118.6285,34.50185],[-118.62849,34.50184],[-118.62847,34.50181],[-118.62846,34.5018],[-118.62845,34.50178],[-118.62844,34.50177],[-118.62831,34.50159],[-118.6283,34.50158],[-118.6283,34.50158],[-118.6282,34.50145],[-118.62794,34.5011],[-118.62758,34.50061],[-118.62744,34.50044],[-118.62726,34.50019],[-118.62714,34.50001],[-118.62679,34.49927],[-118.62661,34.49895],[-118.62653,34.49881],[-118.62622,34.49819],[-118.62603,34.49784],[-118.62595,34.49762],[-118.62593,34.49744],[-118.62588,34.49719],[-118.62585,34.49703],[-118.62581,34.49689],[-118.62575,34.49667],[-118.62566,34.49653],[-118.62558,34.49641],[-118.62558,34.49641],[-118.62555,34.49637],[-118.62549,34.49629],[-118.62544,34.49623],[-118.62534,34.49609],[-118.62524,34.49596],[-118.62507,34.4958],[-118.62494,34.49571],[-118.62479,34.49562],[-118.62458,34.49552],[-118.62456,34.49551],[-118.62454,34.4955],[-118.62399,34.49518],[-118.62387,34.49511],[-118.62362,34.49491],[-118.62325,34.49447],[-118.62314,34.49433],[-118.62256,34.49354],[-118.62245,34.49339],[-118.62201,34.49271],[-118.622,34.49269],[-118.62193,34.49259],[-118.62175,34.49232],[-118.62169,34.49222],[-118.62143,34.49184],[-118.6214,34.49179],[-118.62134,34.4917],[-118.62124,34.49153],[-118.62119,34.49142],[-118.62112,34.49123],[-118.62112,34.49118],[-118.6211,34.49102],[-118.62109,34.49091],[-118.62109,34.49089],[-118.62109,34.49089],[-118.6211,34.49068],[-118.62111,34.49043],[-118.62112,34.49039],[-118.62114,34.48991],[-118.62114,34.48984],[-118.62115,34.48978],[-118.62115,34.48955],[-118.62115,34.48951],[-118.62116,34.48932],[-118.62117,34.48907],[-118.6212,34.48906],[-118.62123,34.48906],[-118.62129,34.48905],[-118.62137,34.48905],[-118.62147,34.48904],[-118.62158,34.48904],[-118.62161,34.48904],[-118.62178,34.48904],[-118.62192,34.48904],[-118.62247,34.48905],[-118.62256,34.48905],[-118.62277,34.48905],[-118.6229,34.48905],[-118.62319,34.48903],[-118.62334,34.48904],[-118.62343,34.48904],[-118.62371,34.48903],[-118.62398,34.48902],[-118.62417,34.48901],[-118.62436,34.489],[-118.62447,34.489],[-118.62487,34.489],[-118.6252,34.48901],[-118.62547,34.48902],[-118.62559,34.48903],[-118.6257,34.48903],[-118.62598,34.48905],[-118.62618,34.48907],[-118.62634,34.48909],[-118.62636,34.48909],[-118.62646,34.48911],[-118.62649,34.48912],[-118.62671,34.48915],[-118.62694,34.4892],[-118.62712,34.48924],[-118.62731,34.48929],[-118.62756,34.48937],[-118.62776,34.48944],[-118.62786,34.48948],[-118.62801,34.48954],[-118.62814,34.4896],[-118.62821,34.48963],[-118.6283,34.48968],[-118.62864,34.4899],[-118.6287,34.48985],[-118.62877,34.48982],[-118.62894,34.48973],[-118.6294,34.48948],[-118.62957,34.48939],[-118.62967,34.48934],[-118.62976,34.48931],[-118.6299,34.48924],[-118.62995,34.48923],[-118.62997,34.48922],[-118.63003,34.4892],[-118.63015,34.48915],[-118.63029,34.48911],[-118.63041,34.48907],[-118.63054,34.48903],[-118.63071,34.48899],[-118.63086,34.48896],[-118.63096,34.48895],[-118.63108,34.48893],[-118.63119,34.48892],[-118.63139,34.48891],[-118.6315,34.4889],[-118.6316,34.4889],[-118.63182,34.48891],[-118.63212,34.48893],[-118.63237,34.48896],[-118.6327,34.48901],[-118.63288,34.48904],[-118.63311,34.48909],[-118.63313,34.4891],[-118.63319,34.48911],[-118.63323,34.48913],[-118.63324,34.48925],[-118.63327,34.48926],[-118.63329,34.48927],[-118.63346,34.48936],[-118.63364,34.48947],[-118.63396,34.48968],[-118.6342,34.48986],[-118.63434,34.48997],[-118.63438,34.49],[-118.63461,34.4902],[-118.63467,34.49027],[-118.63477,34.49041],[-118.63513,34.49087],[-118.63514,34.49089],[-118.63525,34.49104],[-118.63537,34.49116],[-118.63546,34.49124],[-118.63555,34.4913],[-118.63558,34.49133],[-118.63559,34.49133],[-118.63563,34.49136],[-118.63572,34.4914],[-118.63582,34.49143],[-118.6359,34.49145],[-118.63599,34.49147],[-118.63609,34.49148],[-118.63628,34.49149],[-118.63655,34.4915],[-118.6366,34.4915],[-118.63666,34.4915],[-118.63769,34.49156],[-118.6379,34.49157],[-118.6381,34.49159],[-118.63851,34.49163],[-118.6388,34.49167],[-118.63897,34.49169],[-118.63915,34.49171],[-118.63932,34.49172],[-118.63988,34.49177],[-118.64009,34.49179],[-118.64013,34.49179],[-118.64062,34.49191],[-118.64081,34.49197],[-118.64129,34.49212],[-118.64208,34.49239],[-118.64308,34.49269],[-118.6431,34.49269],[-118.64311,34.4927],[-118.6431,34.49263],[-118.64311,34.49264],[-118.64314,34.49266],[-118.64315,34.49266],[-118.6432,34.49269],[-118.6433,34.49276],[-118.64349,34.49288],[-118.64357,34.49292],[-118.64357,34.49292],[-118.64373,34.49295],[-118.6438,34.49295],[-118.64383,34.49296],[-118.64394,34.49301],[-118.64402,34.49305],[-118.64403,34.49306],[-118.644,34.49307],[-118.64399,34.49308],[-118.64398,34.49308],[-118.64394,34.49309],[-118.64392,34.49309],[-118.64388,34.4931],[-118.64388,34.4931],[-118.64405,34.4932],[-118.64408,34.49322],[-118.64433,34.49336],[-118.64433,34.49336],[-118.64469,34.49357],[-118.64473,34.49356],[-118.64478,34.49352],[-118.6448,34.49348],[-118.64484,34.49342],[-118.64487,34.49337],[-118.6449,34.49329],[-118.64495,34.4932],[-118.64499,34.49317],[-118.64501,34.49316],[-118.64509,34.49313],[-118.64512,34.49312],[-118.64519,34.49312],[-118.64535,34.49312],[-118.64554,34.49313],[-118.6456,34.49313],[-118.6457,34.49313],[-118.6459,34.49311],[-118.64618,34.49308],[-118.64625,34.49307],[-118.6463,34.49306],[-118.64636,34.49304],[-118.64639,34.49303],[-118.64643,34.493],[-118.64647,34.49296],[-118.64647,34.49291],[-118.64647,34.49287],[-118.64646,34.49284],[-118.64643,34.49275],[-118.64643,34.49271],[-118.64637,34.49259],[-118.64628,34.49245],[-118.64615,34.4923],[-118.64613,34.49222],[-118.64613,34.49211],[-118.64617,34.49202],[-118.64625,34.49191],[-118.64628,34.49184],[-118.64628,34.49182],[-118.64633,34.49182],[-118.64641,34.49182],[-118.64652,34.49182],[-118.64651,34.49173],[-118.6465,34.49164],[-118.64648,34.49157],[-118.64643,34.49142],[-118.64634,34.49123],[-118.64576,34.49009],[-118.64572,34.49002],[-118.64566,34.48994],[-118.64559,34.48986],[-118.64543,34.48973],[-118.64537,34.4897],[-118.64537,34.4897],[-118.64536,34.48969],[-118.64535,34.48968],[-118.64534,34.48967],[-118.6453,34.48965],[-118.64528,34.48965],[-118.64525,34.48963],[-118.64517,34.48959],[-118.64507,34.48955],[-118.64496,34.4895],[-118.64506,34.48935],[-118.64507,34.48933],[-118.6451,34.48927],[-118.64517,34.48918],[-118.64523,34.48909],[-118.64517,34.48909],[-118.64513,34.48909],[-118.64487,34.48909],[-118.64484,34.48909],[-118.64474,34.48909],[-118.64472,34.48909],[-118.64451,34.48908],[-118.64461,34.48902],[-118.64463,34.48901],[-118.64463,34.48901],[-118.64484,34.48888],[-118.64505,34.48874],[-118.64522,34.48862],[-118.64541,34.48847],[-118.64555,34.48833],[-118.64576,34.48808],[-118.64595,34.48784],[-118.6473,34.48605],[-118.6473,34.48583],[-118.64721,34.48181],[-118.64972,34.48182],[-118.64972,34.48182],[-118.64972,34.48178],[-118.64974,34.48157],[-118.64977,34.48156],[-118.64979,34.48155],[-118.64984,34.48151],[-118.64991,34.48147],[-118.64996,34.48145],[-118.65001,34.48146],[-118.65003,34.48146],[-118.65005,34.48144],[-118.65005,34.48143],[-118.65007,34.4814],[-118.65007,34.48139],[-118.65007,34.48139],[-118.65008,34.48137],[-118.65008,34.48137],[-118.65008,34.48135],[-118.65009,34.48132],[-118.65009,34.48132],[-118.65009,34.48129],[-118.6501,34.48128],[-118.65011,34.48124],[-118.65012,34.4812],[-118.65013,34.48116],[-118.65015,34.48113],[-118.65017,34.48112],[-118.6502,34.48108],[-118.65024,34.48102],[-118.65026,34.48099],[-118.65027,34.48098],[-118.65028,34.48097],[-118.65029,34.48096],[-118.6503,34.48095],[-118.65031,34.48094],[-118.65033,34.48092],[-118.65036,34.48089],[-118.65037,34.48088],[-118.65037,34.48087],[-118.65039,34.48084],[-118.6504,34.48081],[-118.65041,34.48079],[-118.65042,34.48074],[-118.65043,34.48072],[-118.65043,34.4807],[-118.65044,34.48067],[-118.65045,34.48063],[-118.65045,34.48059],[-118.65046,34.48055],[-118.65046,34.48054],[-118.65047,34.48051],[-118.65049,34.48048],[-118.65049,34.48048],[-118.6505,34.48046],[-118.6505,34.48044],[-118.65051,34.48042],[-118.65052,34.48041],[-118.65052,34.48039],[-118.65052,34.48039],[-118.65053,34.48039],[-118.65053,34.48038],[-118.65053,34.48037],[-118.65055,34.48034],[-118.65057,34.4803],[-118.65059,34.48027],[-118.65059,34.48027],[-118.65059,34.48025],[-118.65059,34.48022],[-118.65059,34.48022],[-118.65059,34.4802],[-118.65059,34.48019],[-118.65059,34.48017],[-118.65059,34.48016],[-118.65059,34.48014],[-118.65059,34.48011],[-118.65059,34.48008],[-118.65058,34.48002],[-118.65058,34.47998],[-118.65058,34.47993],[-118.65058,34.47989],[-118.65058,34.47987],[-118.65057,34.47985],[-118.65055,34.47982],[-118.65052,34.47978],[-118.6505,34.47974],[-118.65049,34.47971],[-118.65048,34.47971],[-118.65044,34.47967],[-118.65041,34.47963],[-118.65038,34.4796],[-118.65036,34.47958],[-118.65034,34.47956],[-118.65033,34.47955],[-118.65031,34.47953],[-118.65029,34.4795],[-118.65026,34.47946],[-118.65024,34.47944],[-118.65024,34.47943],[-118.65023,34.47941],[-118.65023,34.47939],[-118.65022,34.47935],[-118.6502,34.47929],[-118.65019,34.47926],[-118.65018,34.4792],[-118.65018,34.4792],[-118.65019,34.47918],[-118.6502,34.47915],[-118.65019,34.47915],[-118.65018,34.4791],[-118.65018,34.47908],[-118.65019,34.47907],[-118.65021,34.47902],[-118.65025,34.47897],[-118.65026,34.47895],[-118.65028,34.47892],[-118.65031,34.47888],[-118.65034,34.47885],[-118.65036,34.47881],[-118.65037,34.4788],[-118.65038,34.47879],[-118.65041,34.47877],[-118.65044,34.47873],[-118.65047,34.47871],[-118.65048,34.47869],[-118.6505,34.47868],[-118.6505,34.47867],[-118.6505,34.47867],[-118.65051,34.47867],[-118.65053,34.47864],[-118.65056,34.47861],[-118.65058,34.47858],[-118.65059,34.47857],[-118.65062,34.47854],[-118.65062,34.47853],[-118.65064,34.4785],[-118.65065,34.47849],[-118.65067,34.47844],[-118.65067,34.47844],[-118.65067,34.47844],[-118.65067,34.47844],[-118.65068,34.47843],[-118.65069,34.4784],[-118.65072,34.47834],[-118.65075,34.4783],[-118.65075,34.47827],[-118.65076,34.47819],[-118.65087,34.47819],[-118.65112,34.47819],[-118.65123,34.47819],[-118.65124,34.47819],[-118.65125,34.47819],[-118.65128,34.47819],[-118.65133,34.47819],[-118.65134,34.47811],[-118.6514,34.47777],[-118.65151,34.47712],[-118.65151,34.47712],[-118.65151,34.47712],[-118.65151,34.47712],[-118.65151,34.47712],[-118.65151,34.47712],[-118.65151,34.47712],[-118.65151,34.47712],[-118.65151,34.47712],[-118.65151,34.47711],[-118.65151,34.47711],[-118.65151,34.47711],[-118.65151,34.47711],[-118.65151,34.47711],[-118.65151,34.47711],[-118.65151,34.47711],[-118.65151,34.47711],[-118.65151,34.47711],[-118.65151,34.47711],[-118.65151,34.47711],[-118.65151,34.47711],[-118.65151,34.47711],[-118.65151,34.47711],[-118.65151,34.47711],[-118.65151,34.47711],[-118.65151,34.4771],[-118.65151,34.4771],[-118.65151,34.4771],[-118.65151,34.4771],[-118.65151,34.4771],[-118.65151,34.4771],[-118.65151,34.4771],[-118.65151,34.4771],[-118.65151,34.4771],[-118.65151,34.4771],[-118.65151,34.4771],[-118.65151,34.4771],[-118.65151,34.4771],[-118.65151,34.4771],[-118.65151,34.4771],[-118.65151,34.47709],[-118.65151,34.47709],[-118.65151,34.47709],[-118.65151,34.47709],[-118.65151,34.47709],[-118.65151,34.47709],[-118.65151,34.47709],[-118.65151,34.47709],[-118.65151,34.47709],[-118.65151,34.47709],[-118.65151,34.47709],[-118.65151,34.47709],[-118.65151,34.47709],[-118.65151,34.47709],[-118.65151,34.47709],[-118.65151,34.47709],[-118.65151,34.47708],[-118.65151,34.47708],[-118.65151,34.47708],[-118.65151,34.47708],[-118.65151,34.47708],[-118.65151,34.47708],[-118.65151,34.47708],[-118.65151,34.47708],[-118.65151,34.47708],[-118.65151,34.47708],[-118.65151,34.47708],[-118.65151,34.47708],[-118.65151,34.47708],[-118.65151,34.47708],[-118.65151,34.47708],[-118.65151,34.47708],[-118.65151,34.47707],[-118.65151,34.47707],[-118.65151,34.47707],[-118.65151,34.47707],[-118.65151,34.47707],[-118.65151,34.47707],[-118.65151,34.47707],[-118.65151,34.47707],[-118.65151,34.47707],[-118.65151,34.47707],[-118.65151,34.47707],[-118.65151,34.47707],[-118.65151,34.47707],[-118.65151,34.47707],[-118.65151,34.47706],[-118.65151,34.47706],[-118.65151,34.47706],[-118.65151,34.47706],[-118.65151,34.47706],[-118.65151,34.47706],[-118.65151,34.47706],[-118.65151,34.47706],[-118.65151,34.47706],[-118.65151,34.47706],[-118.65151,34.47706],[-118.65152,34.47706],[-118.65152,34.47706],[-118.65152,34.47706],[-118.65152,34.47706],[-118.65152,34.47705],[-118.65152,34.47705],[-118.65152,34.47705],[-118.65152,34.47705],[-118.65152,34.47705],[-118.65152,34.47705],[-118.65152,34.47705],[-118.65152,34.47705],[-118.65152,34.47705],[-118.65152,34.47705],[-118.65152,34.47705],[-118.65152,34.47705],[-118.65152,34.47705],[-118.65152,34.47705],[-118.65152,34.47705],[-118.65152,34.47704],[-118.65152,34.47704],[-118.65152,34.47704],[-118.65152,34.47704],[-118.65152,34.47704],[-118.65152,34.47704],[-118.65152,34.47704],[-118.65152,34.47704],[-118.65152,34.47704],[-118.65152,34.47704],[-118.65152,34.47704],[-118.65152,34.47704],[-118.65152,34.47704],[-118.65152,34.47704],[-118.65152,34.47704],[-118.65152,34.47704],[-118.65152,34.47703],[-118.65152,34.47703],[-118.65152,34.47703],[-118.65152,34.47703],[-118.65152,34.47703],[-118.65152,34.47703],[-118.65152,34.47703],[-118.65152,34.47703],[-118.65152,34.47703],[-118.65152,34.47703],[-118.65152,34.47703],[-118.65152,34.47703],[-118.65152,34.47703],[-118.65152,34.47703],[-118.65152,34.47703],[-118.65152,34.47702],[-118.65152,34.47702],[-118.65152,34.47702],[-118.65152,34.47702],[-118.65152,34.47702],[-118.65152,34.47702],[-118.65152,34.47702],[-118.65152,34.47702],[-118.65152,34.47702],[-118.65152,34.47702],[-118.65152,34.47702],[-118.65152,34.47702],[-118.65152,34.47702],[-118.65152,34.47702],[-118.65152,34.47702],[-118.65152,34.47702],[-118.65152,34.47702],[-118.65152,34.47701],[-118.65152,34.47701],[-118.65152,34.47701],[-118.65152,34.47701],[-118.65152,34.47701],[-118.65152,34.47701],[-118.65152,34.47701],[-118.65152,34.47701],[-118.65152,34.47701],[-118.65152,34.47701],[-118.65152,34.47701],[-118.65152,34.47701],[-118.65152,34.47701],[-118.65152,34.47701],[-118.65152,34.477],[-118.65152,34.477],[-118.65157,34.47666],[-118.65157,34.47664],[-118.6516,34.47632],[-118.65161,34.47627],[-118.65163,34.47606],[-118.65164,34.47596],[-118.65164,34.47589],[-118.65165,34.47586],[-118.65165,34.47582],[-118.65165,34.47581],[-118.65165,34.4758],[-118.65165,34.47578],[-118.65166,34.47566],[-118.65166,34.47559],[-118.65167,34.47546],[-118.65167,34.47546],[-118.65168,34.47539],[-118.65168,34.47526],[-118.65169,34.47508],[-118.65169,34.47498],[-118.6517,34.47494],[-118.6517,34.47471],[-118.65171,34.47464],[-118.65171,34.47463],[-118.65171,34.47455],[-118.6517,34.47455],[-118.65083,34.47455],[-118.65074,34.47455],[-118.65069,34.47455],[-118.65069,34.47455],[-118.65069,34.47455],[-118.65067,34.4744],[-118.65054,34.47327],[-118.65052,34.47318],[-118.65052,34.47316],[-118.65051,34.47309],[-118.65051,34.47308],[-118.6505,34.47298],[-118.6505,34.47297],[-118.6505,34.47297],[-118.6505,34.47297],[-118.6505,34.47297],[-118.6505,34.47297],[-118.6505,34.47298],[-118.65029,34.47295],[-118.64928,34.47276],[-118.64912,34.47273],[-118.64896,34.4727],[-118.64887,34.47269],[-118.64878,34.47267],[-118.64865,34.47264],[-118.64849,34.4726],[-118.64837,34.47259],[-118.64811,34.47255],[-118.64788,34.47253],[-118.64768,34.47252],[-118.64755,34.47253],[-118.64677,34.47265],[-118.64634,34.47271],[-118.64592,34.47274],[-118.64561,34.4704],[-118.64552,34.4697],[-118.6454,34.46971],[-118.64505,34.46974],[-118.64494,34.46975],[-118.64464,34.46977],[-118.64373,34.46985],[-118.64358,34.46986],[-118.64301,34.46991],[-118.6423,34.46996],[-118.64181,34.47],[-118.64184,34.47024],[-118.64186,34.47041],[-118.64189,34.47062],[-118.6419,34.47072],[-118.6419,34.47073],[-118.64192,34.47086],[-118.64195,34.47108],[-118.64197,34.47124],[-118.64204,34.47179],[-118.64205,34.4719],[-118.64212,34.47246],[-118.64212,34.47267],[-118.64166,34.47266],[-118.64159,34.47266],[-118.64135,34.47265],[-118.64096,34.47264],[-118.64016,34.47262],[-118.64002,34.47262],[-118.63889,34.47261],[-118.63786,34.4726],[-118.63762,34.4726],[-118.6369,34.47259],[-118.63615,34.47259],[-118.63606,34.47259],[-118.63599,34.47259],[-118.63591,34.47259],[-118.6351,34.47258],[-118.63374,34.47255],[-118.63365,34.47255],[-118.63356,34.47255],[-118.63341,34.47255],[-118.63293,34.47254],[-118.63282,34.47253],[-118.63131,34.4725],[-118.63091,34.47249],[-118.63064,34.47248],[-118.63037,34.47245],[-118.6301,34.47242],[-118.63001,34.47241],[-118.63002,34.47233],[-118.63008,34.47212],[-118.63011,34.47186],[-118.63012,34.47179],[-118.63013,34.47153],[-118.63014,34.47142],[-118.63013,34.4709],[-118.63013,34.47072],[-118.63014,34.47033],[-118.63014,34.4703],[-118.62938,34.47031],[-118.6292,34.4703],[-118.62914,34.4703],[-118.62891,34.47028],[-118.62887,34.47027],[-118.62884,34.47027],[-118.62889,34.4697],[-118.6289,34.46955],[-118.6289,34.4694],[-118.62889,34.4692],[-118.62889,34.46916],[-118.62889,34.46914],[-118.62891,34.46901],[-118.62892,34.46898],[-118.62894,34.46893],[-118.62899,34.46881],[-118.62903,34.46874],[-118.62908,34.46866],[-118.62922,34.4685],[-118.62943,34.46838],[-118.62951,34.46833],[-118.62969,34.46825],[-118.62981,34.4682],[-118.62979,34.46818],[-118.62979,34.46818],[-118.62978,34.46816],[-118.62972,34.46809],[-118.62972,34.46809],[-118.62972,34.46809],[-118.62962,34.46799],[-118.62954,34.46791],[-118.62953,34.4678],[-118.62952,34.46775],[-118.62953,34.46774],[-118.62959,34.46773],[-118.62965,34.46771],[-118.62967,34.46768],[-118.62971,34.46764],[-118.62967,34.46758],[-118.62949,34.46734],[-118.62939,34.4672],[-118.62939,34.4672],[-118.62939,34.4672],[-118.62935,34.4672],[-118.62921,34.4672],[-118.62772,34.4672],[-118.62772,34.46478],[-118.62772,34.4646],[-118.62772,34.46454],[-118.62772,34.46454],[-118.62772,34.46447],[-118.62767,34.46446],[-118.62756,34.46443],[-118.62757,34.46445],[-118.62671,34.46431],[-118.62671,34.46431],[-118.62622,34.46423],[-118.62616,34.46423],[-118.62595,34.46422],[-118.62557,34.46423],[-118.62535,34.46424],[-118.62459,34.46433],[-118.62419,34.46437],[-118.62385,34.46435],[-118.62371,34.46431],[-118.6236,34.46429],[-118.62361,34.46427],[-118.62379,34.46382],[-118.62394,34.46346],[-118.62414,34.46298],[-118.62414,34.46297],[-118.62444,34.46229],[-118.62469,34.46194],[-118.62476,34.46186],[-118.62501,34.46163],[-118.62594,34.46077],[-118.62595,34.46076],[-118.62596,34.46075],[-118.62597,34.46074],[-118.62598,34.46073],[-118.62599,34.46072],[-118.626,34.46071],[-118.62602,34.4607],[-118.62603,34.46069],[-118.62604,34.46068],[-118.62605,34.46067],[-118.62606,34.46066],[-118.62607,34.46065],[-118.62608,34.46064],[-118.62609,34.46062],[-118.6261,34.46061],[-118.62611,34.4606],[-118.62612,34.46059],[-118.62612,34.46058],[-118.62613,34.46057],[-118.62614,34.46056],[-118.62614,34.46056],[-118.62615,34.46055],[-118.62616,34.46053],[-118.62617,34.46052],[-118.62618,34.46051],[-118.62619,34.4605],[-118.6262,34.46049],[-118.62621,34.46048],[-118.62622,34.46047],[-118.62623,34.46045],[-118.62623,34.46044],[-118.62624,34.46043],[-118.62625,34.46042],[-118.62626,34.46041],[-118.62627,34.46039],[-118.62628,34.46038],[-118.62628,34.46037],[-118.62629,34.46036],[-118.6263,34.46035],[-118.62631,34.46033],[-118.62632,34.46032],[-118.62632,34.46031],[-118.62633,34.4603],[-118.62634,34.46029],[-118.62635,34.46027],[-118.62635,34.46026],[-118.62636,34.46025],[-118.62637,34.46024],[-118.62637,34.46022],[-118.62638,34.46021],[-118.62639,34.4602],[-118.62639,34.46019],[-118.6264,34.46018],[-118.62641,34.46016],[-118.62641,34.46015],[-118.62642,34.46014],[-118.62643,34.46012],[-118.62643,34.46011],[-118.62644,34.4601],[-118.62645,34.46009],[-118.62645,34.46007],[-118.62646,34.46006],[-118.62646,34.46005],[-118.62647,34.46003],[-118.62648,34.46002],[-118.62648,34.46001],[-118.62649,34.46],[-118.62649,34.45998],[-118.6265,34.45997],[-118.62651,34.45996],[-118.62651,34.45994],[-118.62652,34.45993],[-118.62652,34.45992],[-118.62653,34.45991],[-118.62653,34.45989],[-118.62654,34.45988],[-118.62655,34.45987],[-118.62655,34.45985],[-118.62656,34.45984],[-118.62656,34.45983],[-118.62657,34.45982],[-118.62657,34.4598],[-118.62658,34.45979],[-118.62659,34.45978],[-118.62659,34.45976],[-118.6266,34.45975],[-118.6266,34.45974],[-118.62661,34.45972],[-118.62661,34.45971],[-118.62662,34.4597],[-118.62662,34.45969],[-118.62663,34.45967],[-118.62663,34.45966],[-118.62664,34.45965],[-118.62664,34.45963],[-118.62665,34.45962],[-118.62665,34.45961],[-118.62666,34.45959],[-118.62667,34.45958],[-118.62667,34.45957],[-118.62667,34.45955],[-118.62668,34.45954],[-118.62668,34.45953],[-118.62669,34.45952],[-118.62669,34.4595],[-118.6267,34.45949],[-118.6267,34.45948],[-118.62671,34.45946],[-118.62671,34.45945],[-118.62671,34.45944],[-118.62672,34.45942],[-118.62672,34.45941],[-118.62672,34.4594],[-118.62673,34.45938],[-118.62673,34.45937],[-118.62673,34.45935],[-118.62674,34.45934],[-118.62674,34.45933],[-118.62674,34.45931],[-118.62674,34.4593],[-118.62675,34.45929],[-118.62675,34.45927],[-118.62675,34.45926],[-118.62675,34.45925],[-118.62675,34.45923],[-118.62676,34.45922],[-118.62676,34.4592],[-118.62676,34.45919],[-118.62677,34.4582],[-118.62677,34.45819],[-118.62677,34.45817],[-118.62677,34.45816],[-118.62689,34.45815],[-118.627,34.45814],[-118.62702,34.45814],[-118.62703,34.45814],[-118.62705,34.45813],[-118.62707,34.45813],[-118.62708,34.45813],[-118.6271,34.45812],[-118.62711,34.45812],[-118.62713,34.45812],[-118.62715,34.45811],[-118.62716,34.45811],[-118.62718,34.4581],[-118.62719,34.4581],[-118.62721,34.45809],[-118.62722,34.45809],[-118.62724,34.45808],[-118.62725,34.45808],[-118.62727,34.45807],[-118.62728,34.45807],[-118.6273,34.45806],[-118.62731,34.45806],[-118.62733,34.45805],[-118.62734,34.45804],[-118.62736,34.45804],[-118.62737,34.45803],[-118.62739,34.45802],[-118.6274,34.45802],[-118.62742,34.45801],[-118.62743,34.458],[-118.62744,34.45799],[-118.62746,34.45799],[-118.62747,34.45798],[-118.62749,34.45797],[-118.6275,34.45796],[-118.62751,34.45795],[-118.62752,34.45795],[-118.62754,34.45794],[-118.62755,34.45793],[-118.62756,34.45792],[-118.62758,34.45791],[-118.62759,34.4579],[-118.6276,34.45789],[-118.62761,34.45788],[-118.62762,34.45787],[-118.62764,34.45786],[-118.62765,34.45785],[-118.62766,34.45784],[-118.62767,34.45783],[-118.62768,34.45783],[-118.62768,34.45782],[-118.62769,34.45781],[-118.6277,34.4578],[-118.62771,34.45779],[-118.62772,34.45778],[-118.62773,34.45777],[-118.62774,34.45776],[-118.62775,34.45775],[-118.62776,34.45774],[-118.62777,34.45772],[-118.62778,34.45771],[-118.62779,34.4577],[-118.62779,34.45769],[-118.6278,34.45768],[-118.62781,34.45766],[-118.62782,34.45765],[-118.62783,34.45764],[-118.62783,34.45763],[-118.62784,34.45762],[-118.62785,34.4576],[-118.62785,34.45759],[-118.62786,34.45758],[-118.62787,34.45756],[-118.62787,34.45755],[-118.62788,34.45754],[-118.62789,34.45753],[-118.62789,34.45751],[-118.6279,34.4575],[-118.6279,34.45749],[-118.62791,34.45747],[-118.62791,34.45746],[-118.62792,34.45745],[-118.62792,34.45744],[-118.62793,34.45742],[-118.62793,34.45741],[-118.62794,34.4574],[-118.62794,34.45738],[-118.62795,34.45737],[-118.62795,34.45736],[-118.62795,34.45734],[-118.62796,34.45733],[-118.62796,34.45731],[-118.62825,34.45647],[-118.62839,34.45609],[-118.62839,34.45608],[-118.6284,34.45607],[-118.6284,34.45605],[-118.62841,34.45604],[-118.62841,34.45603],[-118.62842,34.45601],[-118.62842,34.456],[-118.62843,34.45599],[-118.62843,34.45597],[-118.62844,34.45596],[-118.62845,34.45595],[-118.62845,34.45594],[-118.62846,34.45592],[-118.62847,34.45591],[-118.62847,34.4559],[-118.62848,34.45589],[-118.62849,34.45587],[-118.62849,34.45586],[-118.6285,34.45585],[-118.62851,34.45584],[-118.62852,34.45583],[-118.62853,34.45581],[-118.62853,34.4558],[-118.62854,34.45579],[-118.62854,34.45577],[-118.62855,34.45578],[-118.62856,34.45577],[-118.62857,34.45575],[-118.62858,34.45574],[-118.62859,34.45573],[-118.6286,34.45572],[-118.62861,34.45571],[-118.62862,34.4557],[-118.62863,34.45569],[-118.62864,34.45568],[-118.62865,34.45567],[-118.62866,34.45565],[-118.62867,34.45564],[-118.62868,34.45563],[-118.62869,34.45562],[-118.6287,34.45561],[-118.62871,34.4556],[-118.62872,34.45559],[-118.62873,34.45558],[-118.62874,34.45557],[-118.62875,34.45556],[-118.62877,34.45555],[-118.62878,34.45554],[-118.62879,34.45553],[-118.6288,34.45552],[-118.62881,34.45551],[-118.62883,34.4555],[-118.62884,34.4555],[-118.62885,34.45549],[-118.62886,34.45548],[-118.62887,34.45547],[-118.62889,34.45546],[-118.6289,34.45545],[-118.62891,34.45544],[-118.62892,34.45543],[-118.62894,34.45542],[-118.62895,34.45541],[-118.62896,34.4554],[-118.62897,34.45539],[-118.62899,34.45538],[-118.629,34.45538],[-118.62901,34.45537],[-118.62902,34.45536],[-118.62904,34.45535],[-118.62905,34.45534],[-118.62906,34.45533],[-118.62907,34.45532],[-118.62908,34.45531],[-118.6291,34.4553],[-118.62911,34.45529],[-118.62912,34.45528],[-118.62913,34.45528],[-118.62915,34.45527],[-118.62916,34.45526],[-118.62917,34.45525],[-118.62919,34.45524],[-118.6292,34.45523],[-118.62921,34.45522],[-118.62923,34.45522],[-118.62924,34.45521],[-118.62925,34.4552],[-118.62927,34.45519],[-118.62928,34.45519],[-118.6293,34.45518],[-118.62931,34.45517],[-118.62932,34.45516],[-118.62934,34.45516],[-118.62935,34.45515],[-118.62937,34.45514],[-118.62938,34.45514],[-118.6294,34.45513],[-118.62941,34.45513],[-118.62943,34.45512],[-118.62944,34.45511],[-118.62946,34.45511],[-118.62947,34.4551],[-118.62949,34.4551],[-118.6295,34.45509],[-118.62952,34.45509],[-118.62953,34.45508],[-118.62955,34.45508],[-118.62956,34.45507],[-118.62958,34.45507],[-118.6296,34.45506],[-118.62961,34.45506],[-118.62963,34.45505],[-118.62964,34.45505],[-118.62966,34.45504],[-118.62967,34.45504],[-118.62969,34.45504],[-118.6297,34.45503],[-118.62972,34.45503],[-118.62974,34.45502],[-118.62975,34.45502],[-118.62977,34.45501],[-118.62978,34.45501],[-118.6298,34.455],[-118.62981,34.455],[-118.62983,34.455],[-118.62985,34.45499],[-118.62986,34.45499],[-118.62988,34.45498],[-118.62989,34.45498],[-118.62991,34.45497],[-118.62993,34.45497],[-118.62994,34.45497],[-118.62996,34.45496],[-118.62997,34.45496],[-118.62999,34.45495],[-118.63,34.45495],[-118.63002,34.45495],[-118.63004,34.45494],[-118.63005,34.45494],[-118.63007,34.45493],[-118.63008,34.45493],[-118.6301,34.45493],[-118.63012,34.45493],[-118.63013,34.45492],[-118.63015,34.45492],[-118.63017,34.45492],[-118.63018,34.45492],[-118.6302,34.45491],[-118.63021,34.45491],[-118.63023,34.45491],[-118.63025,34.45491],[-118.63026,34.45491],[-118.63028,34.45491],[-118.6303,34.4549],[-118.63031,34.4549],[-118.63033,34.4549],[-118.63035,34.4549],[-118.63036,34.4549],[-118.63038,34.4549],[-118.6304,34.4549],[-118.63041,34.4549],[-118.63043,34.4549],[-118.63045,34.4549],[-118.63046,34.4549],[-118.63048,34.4549],[-118.6305,34.4549],[-118.63051,34.4549],[-118.63053,34.45491],[-118.63055,34.45491],[-118.63056,34.45491],[-118.63058,34.45491],[-118.6306,34.45491],[-118.63061,34.45491],[-118.63063,34.45492],[-118.63064,34.45492],[-118.63066,34.45492],[-118.63068,34.45492],[-118.63069,34.45493],[-118.63071,34.45493],[-118.63073,34.45493],[-118.63074,34.45493],[-118.63076,34.45494],[-118.63077,34.45494],[-118.63079,34.45494],[-118.63081,34.45495],[-118.63082,34.45495],[-118.63084,34.45495],[-118.63085,34.45496],[-118.63087,34.45496],[-118.63089,34.45497],[-118.6309,34.45497],[-118.63092,34.45497],[-118.63093,34.45498],[-118.63095,34.45498],[-118.63096,34.45499],[-118.63098,34.45499],[-118.631,34.455],[-118.63101,34.455],[-118.63103,34.45501],[-118.63104,34.45501],[-118.63106,34.45502],[-118.63107,34.45502],[-118.63109,34.45503],[-118.6311,34.45503],[-118.63112,34.45504],[-118.63113,34.45505],[-118.63115,34.45505],[-118.63116,34.45506],[-118.63118,34.45506],[-118.63119,34.45507],[-118.63121,34.45508],[-118.63122,34.45508],[-118.63124,34.45509],[-118.63125,34.45511],[-118.63169,34.45532],[-118.63203,34.45548],[-118.63205,34.45549],[-118.63207,34.45549],[-118.63208,34.4555],[-118.6321,34.4555],[-118.63212,34.4555],[-118.63213,34.45551],[-118.63215,34.45551],[-118.63216,34.45551],[-118.63218,34.45552],[-118.6322,34.45552],[-118.63221,34.45552],[-118.63223,34.45552],[-118.63225,34.45552],[-118.63226,34.45553],[-118.63228,34.45553],[-118.63229,34.45553],[-118.63231,34.45553],[-118.63233,34.45553],[-118.63234,34.45554],[-118.63236,34.45554],[-118.63238,34.45554],[-118.63239,34.45554],[-118.63241,34.45554],[-118.63243,34.45554],[-118.63244,34.45554],[-118.63246,34.45554],[-118.63248,34.45554],[-118.63249,34.45554],[-118.63251,34.45554],[-118.63253,34.45554],[-118.63254,34.45554],[-118.63256,34.45554],[-118.63258,34.45554],[-118.63259,34.45554],[-118.63261,34.45554],[-118.63263,34.45553],[-118.63264,34.45553],[-118.63266,34.45553],[-118.63268,34.45553],[-118.63269,34.45553],[-118.63271,34.45553],[-118.63272,34.45552],[-118.63274,34.45552],[-118.63276,34.45552],[-118.63277,34.45551],[-118.63279,34.45551],[-118.63281,34.45551],[-118.63282,34.4555],[-118.63284,34.4555],[-118.63285,34.4555],[-118.63287,34.45549],[-118.63288,34.45549],[-118.6329,34.45548],[-118.63292,34.45548],[-118.63293,34.45547],[-118.63295,34.45547],[-118.63296,34.45546],[-118.63298,34.45546],[-118.63299,34.45545],[-118.63301,34.45545],[-118.63302,34.45544],[-118.63304,34.45543],[-118.63305,34.45543],[-118.63307,34.45542],[-118.63308,34.45541],[-118.63309,34.45541],[-118.63311,34.4554],[-118.63312,34.45539],[-118.63314,34.45538],[-118.63315,34.45538],[-118.63316,34.45537],[-118.63318,34.45536],[-118.63319,34.45535],[-118.6332,34.45534],[-118.63322,34.45534],[-118.63323,34.45533],[-118.63324,34.45532],[-118.63326,34.45531],[-118.63327,34.4553],[-118.63328,34.45529],[-118.63329,34.45528],[-118.6333,34.45527],[-118.63332,34.45526],[-118.63365,34.45498],[-118.63366,34.45498],[-118.6338,34.45512],[-118.63384,34.45514],[-118.63387,34.45517],[-118.63396,34.45524],[-118.63406,34.45533],[-118.63418,34.45543],[-118.63429,34.45552],[-118.63441,34.45563],[-118.63449,34.45569],[-118.63481,34.45596],[-118.63503,34.45612],[-118.63524,34.45628],[-118.63528,34.45631],[-118.63532,34.45633],[-118.63546,34.45641],[-118.63567,34.45654],[-118.63579,34.4566],[-118.63603,34.4567],[-118.63626,34.45679],[-118.63636,34.45683],[-118.63659,34.45689],[-118.63689,34.45697],[-118.63719,34.45705],[-118.63766,34.45717],[-118.63798,34.45726],[-118.63834,34.45729],[-118.63841,34.45729],[-118.63851,34.4573],[-118.63871,34.4573],[-118.63891,34.4573],[-118.63896,34.4573],[-118.63917,34.45729],[-118.63946,34.45728],[-118.63977,34.45726],[-118.63996,34.45725],[-118.64009,34.45722],[-118.64015,34.4572],[-118.6402,34.45719],[-118.6402,34.45719],[-118.64046,34.45723],[-118.64051,34.45723],[-118.64075,34.45723],[-118.64084,34.45723],[-118.64093,34.45723],[-118.64097,34.45723],[-118.64104,34.45723],[-118.641,34.45719],[-118.641,34.45719],[-118.641,34.45719],[-118.64101,34.45719],[-118.64101,34.45718],[-118.64102,34.45718],[-118.64102,34.45718],[-118.64103,34.45718],[-118.64103,34.45718],[-118.64103,34.45718],[-118.64104,34.45717],[-118.64106,34.45716],[-118.64107,34.45716],[-118.6411,34.45714],[-118.64111,34.45713],[-118.64112,34.45713],[-118.64123,34.45707],[-118.64125,34.45705],[-118.64128,34.45704],[-118.64131,34.45702],[-118.64133,34.45701],[-118.64135,34.457],[-118.64142,34.45696],[-118.64144,34.45695],[-118.64145,34.45694],[-118.64147,34.45692],[-118.64161,34.45684],[-118.64164,34.45682],[-118.64169,34.45678],[-118.64174,34.45675],[-118.64175,34.45675],[-118.64176,34.45674],[-118.64183,34.45671],[-118.64185,34.4567],[-118.64187,34.45669],[-118.64189,34.45668],[-118.64191,34.45667],[-118.64199,34.45664],[-118.64202,34.45663],[-118.64204,34.45661],[-118.64206,34.45661],[-118.64228,34.45652],[-118.64229,34.45652],[-118.64231,34.45651],[-118.64256,34.45642],[-118.64257,34.45641],[-118.64259,34.45641],[-118.6426,34.4564],[-118.64262,34.4564],[-118.64262,34.45639],[-118.64286,34.4563],[-118.64288,34.4563],[-118.64292,34.45628],[-118.64319,34.45618],[-118.64323,34.45617],[-118.64325,34.45616],[-118.64328,34.45615],[-118.6433,34.45614],[-118.64332,34.45613],[-118.64388,34.45592],[-118.64396,34.45588],[-118.64407,34.45584],[-118.64438,34.45572],[-118.64443,34.4557],[-118.64446,34.45569],[-118.64447,34.45568],[-118.64456,34.45564],[-118.64459,34.45563],[-118.64464,34.45559],[-118.64474,34.45551],[-118.64484,34.45543],[-118.64488,34.4554],[-118.64492,34.45535],[-118.64495,34.45532],[-118.64496,34.4553],[-118.64499,34.45524],[-118.64523,34.45479],[-118.64537,34.45453],[-118.64539,34.4545],[-118.64549,34.45431],[-118.64552,34.45425],[-118.64559,34.45412],[-118.64564,34.45403],[-118.64567,34.45398],[-118.64573,34.45388],[-118.64582,34.45375],[-118.64587,34.45366],[-118.64592,34.45361],[-118.64595,34.45358],[-118.64599,34.45354],[-118.64601,34.45352],[-118.64609,34.45344],[-118.64615,34.45338],[-118.64621,34.45333],[-118.64624,34.4533],[-118.64625,34.45329],[-118.64633,34.45322],[-118.64635,34.4532],[-118.64639,34.45317],[-118.64642,34.45314],[-118.64646,34.45311],[-118.6465,34.45307],[-118.64651,34.45306],[-118.64653,34.45304],[-118.64655,34.45303],[-118.64678,34.45284],[-118.64689,34.45278],[-118.64693,34.45276],[-118.64695,34.45275],[-118.64704,34.45273],[-118.64711,34.45271],[-118.64714,34.4527],[-118.64719,34.45269],[-118.64723,34.45269],[-118.64728,34.45268],[-118.6473,34.45268],[-118.64747,34.45266],[-118.64754,34.45265],[-118.64758,34.45264],[-118.64771,34.45264],[-118.64775,34.45263],[-118.64778,34.45263],[-118.64793,34.45261],[-118.64812,34.45257],[-118.64814,34.45256],[-118.64817,34.45255],[-118.64819,34.45254],[-118.64878,34.45234],[-118.64883,34.45233],[-118.6492,34.45217],[-118.64947,34.45204],[-118.64971,34.45186],[-118.64972,34.45184]]]}},{"type":"Feature","properties":{"seat":"castaic-union-school-district-trustee-area-b","label":"Trustee Area B","county":"TA2","role":"seat"},"geometry":{"type":"Polygon","coordinates":[[[-118.61909,34.48973],[-118.61918,34.48968],[-118.61929,34.48963],[-118.61935,34.4896],[-118.61956,34.48949],[-118.61963,34.48946],[-118.61985,34.48936],[-118.61992,34.48933],[-118.62007,34.48929],[-118.62022,34.48924],[-118.62034,34.48921],[-118.62034,34.48921],[-118.62047,34.48918],[-118.62061,34.48915],[-118.62082,34.48912],[-118.62094,34.4891],[-118.62117,34.48907],[-118.62116,34.48932],[-118.62115,34.48951],[-118.62115,34.48955],[-118.62115,34.48978],[-118.62114,34.48984],[-118.62114,34.48991],[-118.62112,34.49039],[-118.62111,34.49043],[-118.6211,34.49068],[-118.62109,34.49089],[-118.62109,34.49089],[-118.62109,34.49091],[-118.6211,34.49102],[-118.62112,34.49118],[-118.62112,34.49123],[-118.62119,34.49142],[-118.62124,34.49153],[-118.62134,34.4917],[-118.6214,34.49179],[-118.62143,34.49184],[-118.62169,34.49222],[-118.62175,34.49232],[-118.62193,34.49259],[-118.622,34.49269],[-118.62245,34.49339],[-118.62256,34.49354],[-118.62314,34.49433],[-118.62325,34.49447],[-118.62362,34.49491],[-118.62387,34.49511],[-118.62399,34.49518],[-118.62454,34.4955],[-118.62456,34.49551],[-118.62458,34.49552],[-118.62479,34.49562],[-118.62494,34.49571],[-118.62507,34.4958],[-118.62524,34.49596],[-118.62534,34.49609],[-118.62544,34.49623],[-118.62544,34.49623],[-118.62549,34.49629],[-118.62555,34.49637],[-118.62558,34.49641],[-118.62558,34.49641],[-118.62566,34.49653],[-118.62575,34.49667],[-118.62581,34.49689],[-118.62585,34.49703],[-118.62588,34.49719],[-118.62593,34.49744],[-118.62595,34.49762],[-118.62603,34.49784],[-118.62622,34.49819],[-118.62653,34.49881],[-118.62661,34.49895],[-118.62679,34.49927],[-118.62714,34.50001],[-118.62726,34.50019],[-118.62744,34.50044],[-118.62758,34.50061],[-118.62794,34.5011],[-118.6282,34.50145],[-118.62829,34.50157],[-118.6283,34.50158],[-118.6283,34.50158],[-118.62831,34.50159],[-118.62844,34.50177],[-118.62845,34.50178],[-118.62846,34.5018],[-118.62847,34.50181],[-118.62849,34.50184],[-118.6285,34.50185],[-118.62852,34.50189],[-118.62855,34.50193],[-118.62857,34.50195],[-118.62859,34.50198],[-118.62861,34.50201],[-118.62863,34.50203],[-118.62864,34.50205],[-118.62866,34.50208],[-118.62869,34.50212],[-118.62873,34.50216],[-118.62876,34.5022],[-118.62876,34.50221],[-118.62879,34.50224],[-118.62881,34.50227],[-118.62882,34.50228],[-118.62884,34.50231],[-118.62887,34.50236],[-118.62888,34.50237],[-118.62889,34.50238],[-118.6289,34.5024],[-118.6289,34.5024],[-118.62891,34.50242],[-118.62892,34.50243],[-118.62892,34.50243],[-118.62893,34.50244],[-118.62894,34.50245],[-118.62901,34.50254],[-118.62902,34.50255],[-118.62904,34.50257],[-118.62905,34.50258],[-118.62905,34.50259],[-118.62905,34.5026],[-118.62906,34.5026],[-118.62907,34.50261],[-118.62907,34.50261],[-118.62922,34.50281],[-118.62928,34.50289],[-118.62929,34.5029],[-118.62942,34.50308],[-118.62943,34.50309],[-118.62958,34.5033],[-118.62959,34.50331],[-118.62959,34.50332],[-118.62995,34.50377],[-118.63,34.50384],[-118.63,34.50384],[-118.63001,34.50385],[-118.63003,34.50388],[-118.63016,34.50404],[-118.63054,34.50448],[-118.63065,34.50461],[-118.6314,34.50549],[-118.63175,34.50597],[-118.63219,34.50656],[-118.6324,34.50683],[-118.63259,34.50711],[-118.63266,34.50708],[-118.63266,34.50708],[-118.63275,34.50705],[-118.63276,34.50705],[-118.63289,34.50701],[-118.6329,34.507],[-118.633,34.50697],[-118.63301,34.50697],[-118.63314,34.50693],[-118.63315,34.50693],[-118.63315,34.50692],[-118.63329,34.50688],[-118.6333,34.50687],[-118.6333,34.50687],[-118.63331,34.50687],[-118.63336,34.50687],[-118.63342,34.50686],[-118.63342,34.50686],[-118.63343,34.50686],[-118.63353,34.50685],[-118.63353,34.50685],[-118.63355,34.50685],[-118.6336,34.50685],[-118.63361,34.50685],[-118.63362,34.50685],[-118.63371,34.50685],[-118.63394,34.50685],[-118.63554,34.50685],[-118.63569,34.50685],[-118.63583,34.50684],[-118.63587,34.50684],[-118.63647,34.50684],[-118.63763,34.50685],[-118.63796,34.50685],[-118.63858,34.50684],[-118.63867,34.50685],[-118.63874,34.50686],[-118.6388,34.50688],[-118.6389,34.50692],[-118.6389,34.50692],[-118.6389,34.50693],[-118.6389,34.507],[-118.6389,34.50702],[-118.6389,34.50702],[-118.6389,34.50722],[-118.63892,34.50722],[-118.63914,34.50722],[-118.63935,34.50722],[-118.63935,34.50722],[-118.63935,34.50722],[-118.63939,34.50722],[-118.63942,34.50722],[-118.63943,34.50722],[-118.6395,34.50722],[-118.63969,34.50722],[-118.63969,34.50722],[-118.63972,34.50722],[-118.64041,34.50722],[-118.64041,34.50774],[-118.64041,34.50783],[-118.64041,34.50784],[-118.64041,34.50794],[-118.64041,34.50802],[-118.64041,34.5081],[-118.64041,34.5084],[-118.64041,34.50841],[-118.64041,34.5092],[-118.64041,34.50927],[-118.64041,34.50927],[-118.64041,34.50927],[-118.64042,34.5093],[-118.64052,34.50948],[-118.64082,34.51005],[-118.64095,34.51029],[-118.64096,34.51031],[-118.64111,34.51059],[-118.64116,34.51069],[-118.64123,34.51082],[-118.64123,34.51083],[-118.64123,34.51082],[-118.64123,34.51083],[-118.64123,34.51083],[-118.64129,34.51093],[-118.64129,34.51093],[-118.64139,34.51113],[-118.64146,34.51126],[-118.64154,34.51142],[-118.64163,34.51157],[-118.64171,34.51173],[-118.64185,34.51199],[-118.64185,34.51199],[-118.64197,34.51223],[-118.64209,34.51245],[-118.64221,34.51267],[-118.64232,34.51289],[-118.64233,34.51291],[-118.64245,34.51313],[-118.64245,34.51313],[-118.64253,34.51329],[-118.64256,34.51335],[-118.64268,34.51357],[-118.64281,34.51381],[-118.64294,34.51406],[-118.64298,34.51413],[-118.64319,34.51452],[-118.64319,34.51452],[-118.64319,34.51452],[-118.64319,34.51452],[-118.64319,34.51453],[-118.64319,34.51453],[-118.64319,34.51453],[-118.64322,34.51458],[-118.64331,34.51475],[-118.64349,34.51508],[-118.6435,34.51509],[-118.64348,34.51509],[-118.64336,34.51511],[-118.64332,34.51512],[-118.64323,34.51514],[-118.64319,34.51515],[-118.64316,34.51515],[-118.64286,34.51521],[-118.64282,34.51521],[-118.64268,34.51524],[-118.64268,34.51528],[-118.64268,34.51533],[-118.64269,34.51533],[-118.64275,34.51538],[-118.64277,34.51538],[-118.6429,34.51587],[-118.64285,34.51591],[-118.64284,34.51591],[-118.64258,34.51607],[-118.64231,34.51623],[-118.64188,34.51649],[-118.64181,34.51653],[-118.64177,34.51655],[-118.64175,34.51657],[-118.64131,34.51636],[-118.64118,34.5163],[-118.64077,34.5161],[-118.64054,34.51599],[-118.64034,34.5159],[-118.64018,34.51582],[-118.64001,34.51574],[-118.63985,34.51566],[-118.63968,34.51558],[-118.63961,34.51555],[-118.63937,34.51544],[-118.63931,34.51539],[-118.63918,34.51528],[-118.63918,34.51528],[-118.63918,34.51528],[-118.63914,34.51529],[-118.63902,34.51533],[-118.63893,34.51536],[-118.63893,34.51536],[-118.63881,34.51525],[-118.63861,34.51507],[-118.63847,34.51493],[-118.63833,34.51499],[-118.63801,34.51497],[-118.63794,34.51485],[-118.63784,34.51471],[-118.63775,34.51456],[-118.63768,34.51446],[-118.63764,34.5144],[-118.63759,34.51433],[-118.63752,34.51422],[-118.63738,34.51401],[-118.63725,34.51381],[-118.63712,34.5136],[-118.63699,34.5134],[-118.6369,34.51326],[-118.63681,34.51312],[-118.63672,34.51298],[-118.63666,34.5129],[-118.63661,34.51282],[-118.63656,34.51275],[-118.63649,34.51264],[-118.63644,34.51256],[-118.63656,34.5125],[-118.6365,34.51241],[-118.63641,34.51227],[-118.63631,34.51212],[-118.63622,34.51198],[-118.6361,34.5118],[-118.63599,34.51163],[-118.63609,34.51159],[-118.63623,34.51152],[-118.6362,34.51149],[-118.6362,34.51148],[-118.63609,34.51132],[-118.63599,34.51115],[-118.63588,34.511],[-118.6358,34.51086],[-118.63578,34.51084],[-118.63577,34.51084],[-118.63546,34.51084],[-118.63528,34.51084],[-118.63527,34.51083],[-118.63524,34.51076],[-118.63517,34.51061],[-118.63509,34.51046],[-118.63508,34.51045],[-118.63508,34.51045],[-118.63506,34.51045],[-118.63504,34.51046],[-118.63487,34.5105],[-118.63486,34.51051],[-118.63485,34.51051],[-118.6348,34.51052],[-118.6348,34.51052],[-118.63476,34.51047],[-118.63453,34.51016],[-118.63439,34.50997],[-118.63402,34.50951],[-118.63387,34.50932],[-118.63375,34.50915],[-118.63324,34.50843],[-118.63316,34.50832],[-118.63313,34.50828],[-118.63306,34.50819],[-118.633,34.5081],[-118.63249,34.50828],[-118.63122,34.50831],[-118.62956,34.50792],[-118.62954,34.50791],[-118.62953,34.5079],[-118.62951,34.50789],[-118.62948,34.50788],[-118.62947,34.50787],[-118.62947,34.50787],[-118.62946,34.50787],[-118.62945,34.50786],[-118.62945,34.50786],[-118.62943,34.50785],[-118.62942,34.50784],[-118.62941,34.50783],[-118.62941,34.50782],[-118.62943,34.50782],[-118.62942,34.5078],[-118.6294,34.50778],[-118.6294,34.50778],[-118.62938,34.50776],[-118.62936,34.50773],[-118.62933,34.50768],[-118.62928,34.50763],[-118.62927,34.50761],[-118.62925,34.50758],[-118.62921,34.50753],[-118.62918,34.5075],[-118.62913,34.50742],[-118.6291,34.50738],[-118.62904,34.50731],[-118.62904,34.50731],[-118.62896,34.5072],[-118.62896,34.5072],[-118.62896,34.5072],[-118.62895,34.50719],[-118.62833,34.50719],[-118.62577,34.50721],[-118.62503,34.50721],[-118.62488,34.50721],[-118.62514,34.5081],[-118.62555,34.50945],[-118.62566,34.50985],[-118.62573,34.51007],[-118.62574,34.51011],[-118.62578,34.51026],[-118.6258,34.51035],[-118.62582,34.51045],[-118.62583,34.51054],[-118.62585,34.51063],[-118.62586,34.51073],[-118.62587,34.51082],[-118.62587,34.51082],[-118.62587,34.51082],[-118.62585,34.51082],[-118.62582,34.51082],[-118.6258,34.51082],[-118.62573,34.51082],[-118.62549,34.51082],[-118.62517,34.51082],[-118.62509,34.51082],[-118.6213,34.51085],[-118.62052,34.51086],[-118.61911,34.51087],[-118.61869,34.51026],[-118.6169,34.50766],[-118.61691,34.50726],[-118.61691,34.50691],[-118.61691,34.50656],[-118.61691,34.50628],[-118.61692,34.50618],[-118.61692,34.50618],[-118.61692,34.50613],[-118.61686,34.5061],[-118.61685,34.5061],[-118.61684,34.5061],[-118.61684,34.50609],[-118.61683,34.50609],[-118.61683,34.50609],[-118.61682,34.50609],[-118.61682,34.50608],[-118.61681,34.50608],[-118.61681,34.50608],[-118.61679,34.50607],[-118.61678,34.50607],[-118.61678,34.50607],[-118.61675,34.50604],[-118.61675,34.50604],[-118.61672,34.50602],[-118.61671,34.50601],[-118.61668,34.50599],[-118.61665,34.50597],[-118.61664,34.50596],[-118.61662,34.50595],[-118.61662,34.50595],[-118.61662,34.50595],[-118.6166,34.50592],[-118.61657,34.50588],[-118.61655,34.50585],[-118.61651,34.50579],[-118.6165,34.50577],[-118.6165,34.50577],[-118.61648,34.50574],[-118.61648,34.50573],[-118.61644,34.50566],[-118.61642,34.50563],[-118.61641,34.50561],[-118.6164,34.50558],[-118.61639,34.50557],[-118.61638,34.50555],[-118.61637,34.50553],[-118.61637,34.50552],[-118.61635,34.50549],[-118.61634,34.50546],[-118.61633,34.50543],[-118.61631,34.50539],[-118.6163,34.50538],[-118.61628,34.50533],[-118.61628,34.5053],[-118.61625,34.50523],[-118.61625,34.50522],[-118.61623,34.50516],[-118.61622,34.50514],[-118.61622,34.50509],[-118.61621,34.50506],[-118.61621,34.50503],[-118.6162,34.50501],[-118.61619,34.50497],[-118.61619,34.50496],[-118.61619,34.50491],[-118.61619,34.50486],[-118.61619,34.50486],[-118.61619,34.50476],[-118.61616,34.50422],[-118.61615,34.50397],[-118.61614,34.50387],[-118.61617,34.50387],[-118.61617,34.50378],[-118.61616,34.50363],[-118.61616,34.50361],[-118.61616,34.50357],[-118.61614,34.5034],[-118.61612,34.50311],[-118.6161,34.50281],[-118.61611,34.50277],[-118.61612,34.50272],[-118.61619,34.50254],[-118.61626,34.50243],[-118.61646,34.50223],[-118.61675,34.50202],[-118.61671,34.50182],[-118.61645,34.50133],[-118.61634,34.50108],[-118.61627,34.50085],[-118.61625,34.50069],[-118.61623,34.50042],[-118.61616,34.50042],[-118.61618,34.50014],[-118.61619,34.50001],[-118.6162,34.49998],[-118.61624,34.49931],[-118.61627,34.49892],[-118.61629,34.49877],[-118.6163,34.49867],[-118.61635,34.49824],[-118.61637,34.49809],[-118.61639,34.49798],[-118.6164,34.49787],[-118.6164,34.49784],[-118.61641,34.49774],[-118.61641,34.49764],[-118.61642,34.49764],[-118.61645,34.49739],[-118.61645,34.49736],[-118.61645,34.49735],[-118.61645,34.49698],[-118.61645,34.49688],[-118.61645,34.49684],[-118.61646,34.49678],[-118.61649,34.49635],[-118.6165,34.49615],[-118.61653,34.49567],[-118.61654,34.49542],[-118.61655,34.49537],[-118.61655,34.49532],[-118.61657,34.49508],[-118.61658,34.49499],[-118.6166,34.4947],[-118.61661,34.4946],[-118.61666,34.49393],[-118.61668,34.4935],[-118.6167,34.49321],[-118.6167,34.49298],[-118.6167,34.49289],[-118.61671,34.49285],[-118.61673,34.49275],[-118.61674,34.49272],[-118.61674,34.4927],[-118.61677,34.49243],[-118.61679,34.49232],[-118.61685,34.49203],[-118.6169,34.49176],[-118.61692,34.49164],[-118.61694,34.49153],[-118.61694,34.49145],[-118.617,34.49136],[-118.617,34.49136],[-118.61705,34.49125],[-118.6171,34.49119],[-118.61728,34.49095],[-118.61739,34.49083],[-118.61748,34.49073],[-118.61754,34.49066],[-118.6176,34.49061],[-118.61759,34.49059],[-118.61789,34.49035],[-118.61806,34.49023],[-118.61825,34.49014],[-118.61833,34.49011],[-118.61858,34.48998],[-118.61868,34.48993],[-118.61903,34.48976],[-118.61907,34.48974],[-118.61909,34.48973]]]}},{"type":"Feature","properties":{"seat":"castaic-union-school-district-trustee-area-c","label":"Trustee Area C","county":"TA3","role":"seat"},"geometry":{"type":"Polygon","coordinates":[[[-118.64552,34.4697],[-118.64561,34.4704],[-118.64592,34.47274],[-118.64634,34.47271],[-118.64677,34.47265],[-118.64755,34.47253],[-118.64768,34.47252],[-118.64788,34.47253],[-118.64811,34.47255],[-118.64837,34.47259],[-118.64849,34.4726],[-118.64865,34.47264],[-118.64878,34.47267],[-118.64887,34.47269],[-118.64896,34.4727],[-118.64912,34.47273],[-118.64928,34.47276],[-118.65029,34.47295],[-118.6505,34.47298],[-118.6505,34.47297],[-118.6505,34.47297],[-118.6505,34.47297],[-118.6505,34.47297],[-118.6505,34.47297],[-118.6505,34.47298],[-118.65051,34.47308],[-118.65051,34.47309],[-118.65052,34.47316],[-118.65052,34.47318],[-118.65054,34.47327],[-118.65067,34.4744],[-118.65069,34.47455],[-118.65069,34.47455],[-118.65069,34.47455],[-118.65074,34.47455],[-118.65083,34.47455],[-118.6517,34.47455],[-118.65171,34.47455],[-118.65171,34.47463],[-118.65171,34.47464],[-118.6517,34.47471],[-118.6517,34.47494],[-118.65169,34.47498],[-118.65169,34.47508],[-118.65168,34.47526],[-118.65168,34.47539],[-118.65167,34.47546],[-118.65167,34.47546],[-118.65166,34.47559],[-118.65166,34.47566],[-118.65165,34.47578],[-118.65165,34.4758],[-118.65165,34.47581],[-118.65165,34.47582],[-118.65165,34.47586],[-118.65164,34.47589],[-118.65164,34.47596],[-118.65163,34.47606],[-118.65161,34.47627],[-118.6516,34.47632],[-118.65157,34.47664],[-118.65157,34.47666],[-118.65152,34.477],[-118.65152,34.477],[-118.65152,34.47701],[-118.65152,34.47701],[-118.65152,34.47701],[-118.65152,34.47701],[-118.65152,34.47701],[-118.65152,34.47701],[-118.65152,34.47701],[-118.65152,34.47701],[-118.65152,34.47701],[-118.65152,34.47701],[-118.65152,34.47701],[-118.65152,34.47701],[-118.65152,34.47701],[-118.65152,34.47701],[-118.65152,34.47702],[-118.65152,34.47702],[-118.65152,34.47702],[-118.65152,34.47702],[-118.65152,34.47702],[-118.65152,34.47702],[-118.65152,34.47702],[-118.65152,34.47702],[-118.65152,34.47702],[-118.65152,34.47702],[-118.65152,34.47702],[-118.65152,34.47702],[-118.65152,34.47702],[-118.65152,34.47702],[-118.65152,34.47702],[-118.65152,34.47702],[-118.65152,34.47702],[-118.65152,34.47703],[-118.65152,34.47703],[-118.65152,34.47703],[-118.65152,34.47703],[-118.65152,34.47703],[-118.65152,34.47703],[-118.65152,34.47703],[-118.65152,34.47703],[-118.65152,34.47703],[-118.65152,34.47703],[-118.65152,34.47703],[-118.65152,34.47703],[-118.65152,34.47703],[-118.65152,34.47703],[-118.65152,34.47703],[-118.65152,34.47704],[-118.65152,34.47704],[-118.65152,34.47704],[-118.65152,34.47704],[-118.65152,34.47704],[-118.65152,34.47704],[-118.65152,34.47704],[-118.65152,34.47704],[-118.65152,34.47704],[-118.65152,34.47704],[-118.65152,34.47704],[-118.65152,34.47704],[-118.65152,34.47704],[-118.65152,34.47704],[-118.65152,34.47704],[-118.65152,34.47704],[-118.65152,34.47705],[-118.65152,34.47705],[-118.65152,34.47705],[-118.65152,34.47705],[-118.65152,34.47705],[-118.65152,34.47705],[-118.65152,34.47705],[-118.65152,34.47705],[-118.65152,34.47705],[-118.65152,34.47705],[-118.65152,34.47705],[-118.65152,34.47705],[-118.65152,34.47705],[-118.65152,34.47705],[-118.65152,34.47705],[-118.65152,34.47706],[-118.65152,34.47706],[-118.65152,34.47706],[-118.65152,34.47706],[-118.65151,34.47706],[-118.65151,34.47706],[-118.65151,34.47706],[-118.65151,34.47706],[-118.65151,34.47706],[-118.65151,34.47706],[-118.65151,34.47706],[-118.65151,34.47706],[-118.65151,34.47706],[-118.65151,34.47706],[-118.65151,34.47706],[-118.65151,34.47707],[-118.65151,34.47707],[-118.65151,34.47707],[-118.65151,34.47707],[-118.65151,34.47707],[-118.65151,34.47707],[-118.65151,34.47707],[-118.65151,34.47707],[-118.65151,34.47707],[-118.65151,34.47707],[-118.65151,34.47707],[-118.65151,34.47707],[-118.65151,34.47707],[-118.65151,34.47707],[-118.65151,34.47708],[-118.65151,34.47708],[-118.65151,34.47708],[-118.65151,34.47708],[-118.65151,34.47708],[-118.65151,34.47708],[-118.65151,34.47708],[-118.65151,34.47708],[-118.65151,34.47708],[-118.65151,34.47708],[-118.65151,34.47708],[-118.65151,34.47708],[-118.65151,34.47708],[-118.65151,34.47708],[-118.65151,34.47708],[-118.65151,34.47708],[-118.65151,34.47709],[-118.65151,34.47709],[-118.65151,34.47709],[-118.65151,34.47709],[-118.65151,34.47709],[-118.65151,34.47709],[-118.65151,34.47709],[-118.65151,34.47709],[-118.65151,34.47709],[-118.65151,34.47709],[-118.65151,34.47709],[-118.65151,34.47709],[-118.65151,34.47709],[-118.65151,34.47709],[-118.65151,34.47709],[-118.65151,34.47709],[-118.65151,34.4771],[-118.65151,34.4771],[-118.65151,34.4771],[-118.65151,34.4771],[-118.65151,34.4771],[-118.65151,34.4771],[-118.65151,34.4771],[-118.65151,34.4771],[-118.65151,34.4771],[-118.65151,34.4771],[-118.65151,34.4771],[-118.65151,34.4771],[-118.65151,34.4771],[-118.65151,34.4771],[-118.65151,34.4771],[-118.65151,34.47711],[-118.65151,34.47711],[-118.65151,34.47711],[-118.65151,34.47711],[-118.65151,34.47711],[-118.65151,34.47711],[-118.65151,34.47711],[-118.65151,34.47711],[-118.65151,34.47711],[-118.65151,34.47711],[-118.65151,34.47711],[-118.65151,34.47711],[-118.65151,34.47711],[-118.65151,34.47711],[-118.65151,34.47711],[-118.65151,34.47711],[-118.65151,34.47712],[-118.65151,34.47712],[-118.65151,34.47712],[-118.65151,34.47712],[-118.65151,34.47712],[-118.65151,34.47712],[-118.65151,34.47712],[-118.65151,34.47712],[-118.65151,34.47712],[-118.6514,34.47777],[-118.65134,34.47811],[-118.65133,34.47819],[-118.65128,34.47819],[-118.65125,34.47819],[-118.65124,34.47819],[-118.65123,34.47819],[-118.65112,34.47819],[-118.65087,34.47819],[-118.65076,34.47819],[-118.65075,34.47827],[-118.65075,34.4783],[-118.65072,34.47834],[-118.65069,34.4784],[-118.65068,34.47843],[-118.65067,34.47844],[-118.65067,34.47844],[-118.65067,34.47844],[-118.65067,34.47844],[-118.65065,34.47849],[-118.65064,34.4785],[-118.65062,34.47853],[-118.65062,34.47854],[-118.65059,34.47857],[-118.65058,34.47858],[-118.65056,34.47861],[-118.65053,34.47864],[-118.65051,34.47867],[-118.6505,34.47867],[-118.6505,34.47867],[-118.6505,34.47868],[-118.65048,34.47869],[-118.65047,34.47871],[-118.65044,34.47873],[-118.65041,34.47877],[-118.65038,34.47879],[-118.65037,34.4788],[-118.65036,34.47881],[-118.65034,34.47885],[-118.65031,34.47888],[-118.65028,34.47892],[-118.65026,34.47895],[-118.65025,34.47897],[-118.65021,34.47902],[-118.65019,34.47907],[-118.65018,34.47908],[-118.65018,34.4791],[-118.65019,34.47915],[-118.6502,34.47915],[-118.65019,34.47918],[-118.65018,34.4792],[-118.65018,34.4792],[-118.65019,34.47926],[-118.6502,34.47929],[-118.65022,34.47935],[-118.65023,34.47939],[-118.65023,34.47941],[-118.65024,34.47943],[-118.65024,34.47944],[-118.65026,34.47946],[-118.65029,34.4795],[-118.65031,34.47953],[-118.65033,34.47955],[-118.65034,34.47956],[-118.65036,34.47958],[-118.65038,34.4796],[-118.65041,34.47963],[-118.65044,34.47967],[-118.65048,34.47971],[-118.65049,34.47971],[-118.6505,34.47974],[-118.65052,34.47978],[-118.65055,34.47982],[-118.65057,34.47985],[-118.65058,34.47987],[-118.65058,34.47989],[-118.65058,34.47993],[-118.65058,34.47998],[-118.65058,34.48002],[-118.65059,34.48008],[-118.65059,34.48011],[-118.65059,34.48014],[-118.65059,34.48016],[-118.65059,34.48017],[-118.65059,34.48019],[-118.65059,34.4802],[-118.65059,34.48022],[-118.65059,34.48022],[-118.65059,34.48025],[-118.65059,34.48027],[-118.65059,34.48027],[-118.65057,34.4803],[-118.65055,34.48034],[-118.65053,34.48037],[-118.65053,34.48038],[-118.65053,34.48039],[-118.65052,34.48039],[-118.65052,34.48039],[-118.65052,34.48041],[-118.65051,34.48042],[-118.6505,34.48044],[-118.6505,34.48046],[-118.65049,34.48048],[-118.65049,34.48048],[-118.65047,34.48051],[-118.65046,34.48054],[-118.65046,34.48055],[-118.65045,34.48059],[-118.65045,34.48063],[-118.65044,34.48067],[-118.65043,34.4807],[-118.65043,34.48072],[-118.65042,34.48074],[-118.65041,34.48079],[-118.6504,34.48081],[-118.65039,34.48084],[-118.65037,34.48087],[-118.65037,34.48088],[-118.65036,34.48089],[-118.65033,34.48092],[-118.65031,34.48094],[-118.6503,34.48095],[-118.65029,34.48096],[-118.65028,34.48097],[-118.65027,34.48098],[-118.65026,34.48099],[-118.65024,34.48102],[-118.6502,34.48108],[-118.65017,34.48112],[-118.65015,34.48113],[-118.65013,34.48116],[-118.65012,34.4812],[-118.65011,34.48124],[-118.6501,34.48128],[-118.65009,34.48129],[-118.65009,34.48132],[-118.65009,34.48132],[-118.65008,34.48135],[-118.65008,34.48137],[-118.65008,34.48137],[-118.65007,34.48139],[-118.65007,34.48139],[-118.65007,34.4814],[-118.65005,34.48143],[-118.65005,34.48144],[-118.65003,34.48146],[-118.65001,34.48146],[-118.64996,34.48145],[-118.64991,34.48147],[-118.64984,34.48151],[-118.64979,34.48155],[-118.64977,34.48156],[-118.64974,34.48157],[-118.64972,34.48178],[-118.64972,34.48182],[-118.64972,34.48182],[-118.64721,34.48181],[-118.6473,34.48583],[-118.6473,34.48583],[-118.6473,34.48605],[-118.64595,34.48784],[-118.64576,34.48808],[-118.64555,34.48833],[-118.64541,34.48847],[-118.64522,34.48862],[-118.64505,34.48874],[-118.64484,34.48888],[-118.64463,34.48901],[-118.64463,34.48901],[-118.64451,34.48908],[-118.64472,34.48909],[-118.64474,34.48909],[-118.64484,34.48909],[-118.64487,34.48909],[-118.64513,34.48909],[-118.64517,34.48909],[-118.64523,34.48909],[-118.64517,34.48918],[-118.6451,34.48927],[-118.64507,34.48933],[-118.64506,34.48935],[-118.64496,34.4895],[-118.64507,34.48955],[-118.64517,34.48959],[-118.64525,34.48963],[-118.64528,34.48965],[-118.6453,34.48965],[-118.64534,34.48967],[-118.64535,34.48968],[-118.64536,34.48969],[-118.64537,34.4897],[-118.64537,34.4897],[-118.64543,34.48973],[-118.64559,34.48986],[-118.64566,34.48994],[-118.64572,34.49002],[-118.64576,34.49009],[-118.64634,34.49123],[-118.64643,34.49142],[-118.64648,34.49157],[-118.6465,34.49164],[-118.64651,34.49173],[-118.64652,34.49182],[-118.64641,34.49182],[-118.64633,34.49182],[-118.64628,34.49182],[-118.64628,34.49184],[-118.64625,34.49191],[-118.64617,34.49202],[-118.64613,34.49211],[-118.64613,34.49222],[-118.64615,34.4923],[-118.64628,34.49245],[-118.64637,34.49259],[-118.64643,34.49271],[-118.64643,34.49275],[-118.64646,34.49284],[-118.64647,34.49287],[-118.64647,34.49291],[-118.64647,34.49296],[-118.64643,34.493],[-118.64639,34.49303],[-118.64636,34.49304],[-118.6463,34.49306],[-118.64625,34.49307],[-118.64618,34.49308],[-118.6459,34.49311],[-118.6457,34.49313],[-118.6456,34.49313],[-118.64554,34.49313],[-118.64535,34.49312],[-118.64519,34.49312],[-118.64512,34.49312],[-118.64509,34.49313],[-118.64501,34.49316],[-118.64499,34.49317],[-118.64495,34.4932],[-118.6449,34.49329],[-118.64487,34.49337],[-118.64484,34.49342],[-118.6448,34.49348],[-118.64478,34.49352],[-118.64473,34.49356],[-118.64469,34.49357],[-118.64433,34.49336],[-118.64433,34.49336],[-118.64408,34.49322],[-118.64405,34.4932],[-118.64388,34.4931],[-118.64388,34.4931],[-118.64392,34.49309],[-118.64394,34.49309],[-118.64398,34.49308],[-118.64399,34.49308],[-118.644,34.49307],[-118.64403,34.49306],[-118.64402,34.49305],[-118.64394,34.49301],[-118.64383,34.49296],[-118.6438,34.49295],[-118.64373,34.49295],[-118.64357,34.49292],[-118.64357,34.49292],[-118.64349,34.49288],[-118.6433,34.49276],[-118.6432,34.49269],[-118.64315,34.49266],[-118.64314,34.49266],[-118.64311,34.49264],[-118.6431,34.49263],[-118.64311,34.4927],[-118.6431,34.49269],[-118.64308,34.49269],[-118.64208,34.49239],[-118.64129,34.49212],[-118.64081,34.49197],[-118.64062,34.49191],[-118.64013,34.49179],[-118.64009,34.49179],[-118.63988,34.49177],[-118.63932,34.49172],[-118.63915,34.49171],[-118.63897,34.49169],[-118.6388,34.49167],[-118.63873,34.49166],[-118.63851,34.49163],[-118.6381,34.49159],[-118.6379,34.49157],[-118.63769,34.49156],[-118.63666,34.4915],[-118.6366,34.4915],[-118.63655,34.4915],[-118.63628,34.49149],[-118.63609,34.49148],[-118.63599,34.49147],[-118.6359,34.49145],[-118.63582,34.49143],[-118.63572,34.4914],[-118.63563,34.49136],[-118.63558,34.49133],[-118.63555,34.4913],[-118.63546,34.49124],[-118.63537,34.49116],[-118.63525,34.49104],[-118.63513,34.49087],[-118.63477,34.49041],[-118.63467,34.49027],[-118.63461,34.4902],[-118.63438,34.49],[-118.63434,34.48997],[-118.63433,34.48996],[-118.6342,34.48986],[-118.63396,34.48968],[-118.63364,34.48947],[-118.63346,34.48936],[-118.63329,34.48927],[-118.63327,34.48926],[-118.63324,34.48925],[-118.63323,34.48913],[-118.63319,34.48911],[-118.63313,34.4891],[-118.63311,34.48909],[-118.63288,34.48904],[-118.6327,34.48901],[-118.63237,34.48896],[-118.63212,34.48893],[-118.63182,34.48891],[-118.6316,34.4889],[-118.6315,34.4889],[-118.63139,34.48891],[-118.63119,34.48892],[-118.63108,34.48893],[-118.63096,34.48895],[-118.63086,34.48896],[-118.63071,34.48899],[-118.63054,34.48903],[-118.63041,34.48907],[-118.63029,34.48911],[-118.63015,34.48915],[-118.63003,34.4892],[-118.62997,34.48922],[-118.62995,34.48923],[-118.6299,34.48924],[-118.62976,34.48931],[-118.62967,34.48934],[-118.62957,34.48939],[-118.6294,34.48948],[-118.62894,34.48973],[-118.62877,34.48982],[-118.6287,34.48985],[-118.62864,34.4899],[-118.6283,34.48968],[-118.62821,34.48963],[-118.62814,34.4896],[-118.62801,34.48954],[-118.62786,34.48948],[-118.62776,34.48944],[-118.62756,34.48937],[-118.62731,34.48929],[-118.62712,34.48924],[-118.62694,34.4892],[-118.62671,34.48915],[-118.62649,34.48912],[-118.62646,34.48911],[-118.62636,34.48909],[-118.62634,34.48909],[-118.62618,34.48907],[-118.62598,34.48905],[-118.6257,34.48903],[-118.62559,34.48903],[-118.62547,34.48902],[-118.6252,34.48901],[-118.62487,34.489],[-118.62447,34.489],[-118.62436,34.489],[-118.62417,34.48901],[-118.62398,34.48902],[-118.62371,34.48903],[-118.62343,34.48904],[-118.62334,34.48904],[-118.62319,34.48903],[-118.6229,34.48905],[-118.62277,34.48905],[-118.62256,34.48905],[-118.62247,34.48905],[-118.62192,34.48904],[-118.62161,34.48904],[-118.62158,34.48904],[-118.62147,34.48904],[-118.62137,34.48905],[-118.62129,34.48905],[-118.62123,34.48906],[-118.6212,34.48906],[-118.62117,34.48907],[-118.62117,34.48906],[-118.62117,34.48889],[-118.62118,34.4887],[-118.62118,34.48864],[-118.62116,34.48839],[-118.62113,34.48828],[-118.62101,34.48812],[-118.62086,34.48798],[-118.62072,34.48788],[-118.62059,34.48781],[-118.62054,34.48779],[-118.62042,34.48777],[-118.62035,34.48775],[-118.62028,34.48775],[-118.62009,34.48775],[-118.62007,34.48775],[-118.62007,34.48773],[-118.6199,34.48773],[-118.61952,34.48772],[-118.6193,34.48771],[-118.61919,34.48769],[-118.61909,34.48768],[-118.61905,34.48767],[-118.61889,34.48763],[-118.61877,34.48759],[-118.61858,34.4875],[-118.61835,34.48738],[-118.61767,34.48779],[-118.61702,34.48693],[-118.61692,34.4868],[-118.61682,34.48668],[-118.6167,34.48652],[-118.61656,34.48634],[-118.61643,34.48616],[-118.61622,34.48585],[-118.61608,34.48563],[-118.61594,34.4854],[-118.61573,34.48504],[-118.61563,34.48487],[-118.61551,34.48464],[-118.61532,34.48426],[-118.6152,34.48403],[-118.6151,34.48381],[-118.615,34.48354],[-118.61492,34.48333],[-118.61484,34.4831],[-118.61477,34.48286],[-118.6147,34.48263],[-118.61461,34.48231],[-118.61455,34.4821],[-118.61451,34.4819],[-118.61449,34.48178],[-118.61448,34.48173],[-118.61447,34.48169],[-118.61443,34.48145],[-118.61439,34.48122],[-118.61437,34.48102],[-118.61437,34.48098],[-118.61434,34.48075],[-118.61433,34.4805],[-118.61431,34.48027],[-118.61431,34.48021],[-118.6143,34.4798],[-118.6143,34.47945],[-118.6143,34.47942],[-118.6143,34.47929],[-118.61431,34.47906],[-118.61433,34.4788],[-118.61434,34.47861],[-118.61436,34.47847],[-118.61438,34.47827],[-118.61441,34.47811],[-118.61443,34.47791],[-118.61448,34.47762],[-118.61452,34.47742],[-118.61459,34.4771],[-118.61472,34.47657],[-118.61473,34.47655],[-118.61474,34.47652],[-118.61495,34.4756],[-118.61504,34.4752],[-118.61516,34.47463],[-118.61518,34.47451],[-118.61522,34.47433],[-118.61541,34.47358],[-118.61563,34.47268],[-118.61565,34.4726],[-118.61593,34.47136],[-118.61594,34.47127],[-118.61615,34.47034],[-118.61668,34.47038],[-118.618,34.47049],[-118.61829,34.47052],[-118.61837,34.47053],[-118.61861,34.47055],[-118.61894,34.4706],[-118.6191,34.47062],[-118.62021,34.4708],[-118.62035,34.47082],[-118.62057,34.47085],[-118.6209,34.4709],[-118.62109,34.47092],[-118.62128,34.47093],[-118.62147,34.47095],[-118.62166,34.47095],[-118.62185,34.47096],[-118.62205,34.47096],[-118.6221,34.47096],[-118.62394,34.47096],[-118.6247,34.47095],[-118.62485,34.47095],[-118.62498,34.47096],[-118.62516,34.47097],[-118.62521,34.47098],[-118.62543,34.471],[-118.62586,34.47106],[-118.62606,34.47109],[-118.62618,34.47112],[-118.62631,34.47114],[-118.62644,34.47118],[-118.62672,34.47126],[-118.62686,34.4713],[-118.627,34.47135],[-118.62714,34.4714],[-118.62728,34.47145],[-118.62742,34.47151],[-118.62832,34.47191],[-118.62849,34.47198],[-118.62866,34.47205],[-118.62883,34.47211],[-118.629,34.47217],[-118.62917,34.47222],[-118.62933,34.47227],[-118.6295,34.47231],[-118.62963,34.47234],[-118.62966,34.47234],[-118.62981,34.47237],[-118.63,34.47241],[-118.63001,34.47241],[-118.6301,34.47242],[-118.63037,34.47245],[-118.63064,34.47248],[-118.63091,34.47249],[-118.63131,34.4725],[-118.63282,34.47253],[-118.63293,34.47254],[-118.63341,34.47255],[-118.63356,34.47255],[-118.63365,34.47255],[-118.63374,34.47255],[-118.6351,34.47258],[-118.63591,34.47259],[-118.63599,34.47259],[-118.63606,34.47259],[-118.63615,34.47259],[-118.6369,34.47259],[-118.63762,34.4726],[-118.63786,34.4726],[-118.63889,34.47261],[-118.64002,34.47262],[-118.64016,34.47262],[-118.64096,34.47264],[-118.64135,34.47265],[-118.64159,34.47266],[-118.64166,34.47266],[-118.64212,34.47267],[-118.64212,34.47246],[-118.64205,34.4719],[-118.64204,34.47179],[-118.64197,34.47124],[-118.64195,34.47108],[-118.64192,34.47086],[-118.6419,34.47073],[-118.6419,34.47072],[-118.64189,34.47062],[-118.64186,34.47041],[-118.64184,34.47024],[-118.64181,34.47],[-118.6423,34.46996],[-118.64301,34.46991],[-118.64358,34.46986],[-118.64373,34.46985],[-118.64464,34.46977],[-118.64494,34.46975],[-118.64505,34.46974],[-118.6454,34.46971],[-118.64552,34.4697]]]}},{"type":"Feature","properties":{"seat":"castaic-union-school-district-trustee-area-d","label":"Trustee Area D","county":"TA4","role":"seat"},"geometry":{"type":"Polygon","coordinates":[[[-118.57929,34.42589],[-118.58025,34.42588],[-118.58137,34.42588],[-118.58305,34.42587],[-118.58446,34.42639],[-118.58499,34.42641],[-118.58572,34.42781],[-118.58606,34.42845],[-118.58619,34.42871],[-118.58631,34.42892],[-118.5864,34.42908],[-118.58649,34.42923],[-118.58659,34.42938],[-118.58668,34.42951],[-118.58676,34.42963],[-118.58684,34.42973],[-118.58691,34.42983],[-118.58697,34.4299],[-118.58709,34.43006],[-118.58717,34.43015],[-118.58727,34.43027],[-118.5874,34.43041],[-118.58753,34.43056],[-118.58765,34.43068],[-118.58777,34.43079],[-118.58794,34.43095],[-118.58813,34.43112],[-118.58848,34.43141],[-118.58931,34.43212],[-118.59004,34.43274],[-118.59047,34.4331],[-118.59075,34.43335],[-118.59117,34.4337],[-118.59163,34.4341],[-118.59221,34.43458],[-118.59389,34.43601],[-118.59459,34.43661],[-118.59528,34.43719],[-118.59544,34.43733],[-118.59592,34.43773],[-118.59618,34.43796],[-118.59648,34.4382],[-118.59673,34.4384],[-118.59701,34.43861],[-118.59741,34.43889],[-118.59769,34.43907],[-118.59792,34.43923],[-118.59818,34.43939],[-118.59851,34.43958],[-118.59874,34.43971],[-118.59904,34.43988],[-118.59942,34.44008],[-118.60021,34.44048],[-118.60161,34.44121],[-118.60311,34.44199],[-118.60375,34.44233],[-118.60422,34.44257],[-118.60483,34.44289],[-118.60535,34.44316],[-118.60535,34.44316],[-118.60599,34.44349],[-118.60772,34.44438],[-118.60855,34.44482],[-118.60884,34.44498],[-118.60904,34.4451],[-118.60928,34.44525],[-118.60944,34.44536],[-118.60955,34.44544],[-118.60973,34.44556],[-118.60985,34.44565],[-118.61002,34.44578],[-118.61021,34.44594],[-118.61048,34.44617],[-118.61062,34.4463],[-118.61076,34.44643],[-118.6108,34.44648],[-118.61095,34.44663],[-118.6111,34.4468],[-118.61126,34.44697],[-118.61134,34.44708],[-118.61146,34.44722],[-118.6121,34.44805],[-118.61291,34.4491],[-118.61333,34.44964],[-118.61336,34.44969],[-118.61328,34.44968],[-118.61322,34.4497],[-118.61319,34.4497],[-118.61319,34.44971],[-118.61351,34.4501],[-118.61383,34.45051],[-118.61393,34.45064],[-118.61406,34.45079],[-118.61422,34.45103],[-118.61423,34.45104],[-118.61432,34.45116],[-118.61465,34.45164],[-118.61474,34.45179],[-118.61479,34.45187],[-118.61484,34.45196],[-118.61502,34.45234],[-118.6152,34.45272],[-118.61546,34.4534],[-118.61547,34.45342],[-118.61548,34.45344],[-118.61548,34.45344],[-118.61549,34.45349],[-118.61555,34.45368],[-118.61561,34.45391],[-118.6157,34.45427],[-118.61575,34.45453],[-118.61579,34.45476],[-118.61582,34.45499],[-118.61583,34.4551],[-118.61585,34.45539],[-118.61586,34.45576],[-118.61586,34.4561],[-118.61587,34.45611],[-118.61589,34.45611],[-118.61613,34.45609],[-118.61617,34.45608],[-118.61638,34.45606],[-118.61669,34.45603],[-118.61673,34.45603],[-118.61725,34.45598],[-118.61749,34.45596],[-118.61757,34.45596],[-118.6176,34.45595],[-118.61771,34.45594],[-118.6182,34.4559],[-118.61827,34.45582],[-118.61838,34.4558],[-118.61861,34.45577],[-118.61926,34.45565],[-118.61978,34.45551],[-118.62048,34.45524],[-118.62066,34.45515],[-118.62102,34.45497],[-118.62115,34.45489],[-118.62125,34.45483],[-118.62128,34.45481],[-118.62146,34.45503],[-118.62147,34.45504],[-118.62148,34.45506],[-118.62149,34.45507],[-118.6215,34.45508],[-118.62151,34.45509],[-118.62151,34.4551],[-118.62152,34.45511],[-118.62153,34.45512],[-118.62154,34.45513],[-118.62155,34.45515],[-118.62156,34.45516],[-118.62158,34.45517],[-118.62159,34.45518],[-118.6216,34.45519],[-118.62161,34.4552],[-118.62162,34.45521],[-118.62163,34.45522],[-118.62164,34.45523],[-118.62165,34.45524],[-118.62166,34.45525],[-118.62167,34.45526],[-118.62169,34.45527],[-118.6217,34.45528],[-118.62171,34.45529],[-118.62172,34.4553],[-118.62174,34.45531],[-118.62175,34.45532],[-118.62176,34.45533],[-118.62177,34.45534],[-118.62178,34.45534],[-118.6218,34.45535],[-118.62181,34.45536],[-118.62182,34.45537],[-118.62183,34.45538],[-118.62185,34.45539],[-118.62186,34.4554],[-118.62187,34.4554],[-118.62189,34.45541],[-118.6219,34.45542],[-118.62191,34.45543],[-118.62193,34.45544],[-118.62194,34.45544],[-118.62195,34.45545],[-118.62197,34.45546],[-118.62198,34.45547],[-118.622,34.45547],[-118.62201,34.45548],[-118.62202,34.45549],[-118.62204,34.4555],[-118.62205,34.4555],[-118.62207,34.45551],[-118.62208,34.45552],[-118.6221,34.45552],[-118.62211,34.45553],[-118.62213,34.45554],[-118.62214,34.45554],[-118.62216,34.45555],[-118.62217,34.45555],[-118.62219,34.45556],[-118.6222,34.45557],[-118.62222,34.45557],[-118.62223,34.45558],[-118.62225,34.45558],[-118.62226,34.45559],[-118.62228,34.45559],[-118.62229,34.4556],[-118.62231,34.4556],[-118.62232,34.45561],[-118.62234,34.45561],[-118.62236,34.45562],[-118.62237,34.45562],[-118.62239,34.45562],[-118.6224,34.45563],[-118.62242,34.45563],[-118.62326,34.4559],[-118.62328,34.45591],[-118.62328,34.45591],[-118.62331,34.45584],[-118.62334,34.45578],[-118.62336,34.45574],[-118.62339,34.45569],[-118.62342,34.45562],[-118.62345,34.45554],[-118.62352,34.45537],[-118.62354,34.45528],[-118.62357,34.45508],[-118.6236,34.45486],[-118.62363,34.45476],[-118.62367,34.45467],[-118.62379,34.4545],[-118.62394,34.45436],[-118.62403,34.4543],[-118.62412,34.45424],[-118.62422,34.45418],[-118.62431,34.45412],[-118.62441,34.45406],[-118.6245,34.454],[-118.62459,34.45394],[-118.62467,34.4539],[-118.62472,34.45388],[-118.62479,34.45384],[-118.62484,34.45383],[-118.62501,34.45376],[-118.62516,34.45372],[-118.62553,34.45367],[-118.62575,34.45367],[-118.62598,34.4536],[-118.62623,34.45353],[-118.62641,34.45345],[-118.62655,34.45339],[-118.62671,34.4533],[-118.62686,34.4532],[-118.62731,34.45298],[-118.62751,34.45286],[-118.62753,34.45286],[-118.62765,34.45285],[-118.62787,34.45284],[-118.62802,34.45283],[-118.62824,34.45283],[-118.62833,34.45286],[-118.62844,34.45291],[-118.62852,34.45294],[-118.62858,34.45296],[-118.62867,34.453],[-118.62875,34.45303],[-118.6288,34.45305],[-118.62883,34.45306],[-118.6289,34.45309],[-118.62892,34.45309],[-118.62902,34.45313],[-118.62915,34.45318],[-118.62943,34.45339],[-118.6295,34.45344],[-118.6296,34.45351],[-118.62967,34.45356],[-118.62976,34.45371],[-118.62976,34.45371],[-118.62987,34.45397],[-118.62997,34.45403],[-118.63002,34.45406],[-118.63009,34.45411],[-118.6301,34.45411],[-118.63022,34.45419],[-118.63023,34.45419],[-118.63034,34.45426],[-118.63037,34.45432],[-118.63041,34.45441],[-118.63042,34.45443],[-118.63044,34.45446],[-118.63044,34.45462],[-118.63043,34.45466],[-118.63043,34.45475],[-118.63043,34.45481],[-118.63042,34.4549],[-118.63041,34.4549],[-118.6304,34.4549],[-118.63038,34.4549],[-118.63036,34.4549],[-118.63035,34.4549],[-118.63033,34.4549],[-118.63031,34.4549],[-118.6303,34.4549],[-118.63028,34.45491],[-118.63026,34.45491],[-118.63025,34.45491],[-118.63023,34.45491],[-118.63023,34.45491],[-118.63021,34.45491],[-118.6302,34.45491],[-118.63018,34.45492],[-118.63017,34.45492],[-118.63015,34.45492],[-118.63013,34.45492],[-118.63012,34.45493],[-118.6301,34.45493],[-118.63008,34.45493],[-118.63007,34.45493],[-118.63005,34.45494],[-118.63004,34.45494],[-118.63002,34.45495],[-118.63,34.45495],[-118.62999,34.45495],[-118.62997,34.45496],[-118.62996,34.45496],[-118.62994,34.45497],[-118.62993,34.45497],[-118.62991,34.45497],[-118.62989,34.45498],[-118.62988,34.45498],[-118.62986,34.45499],[-118.62985,34.45499],[-118.62983,34.455],[-118.62981,34.455],[-118.6298,34.455],[-118.62978,34.45501],[-118.62977,34.45501],[-118.62975,34.45502],[-118.62974,34.45502],[-118.62972,34.45503],[-118.6297,34.45503],[-118.62969,34.45504],[-118.62967,34.45504],[-118.62966,34.45504],[-118.62964,34.45505],[-118.62963,34.45505],[-118.62961,34.45506],[-118.6296,34.45506],[-118.62958,34.45507],[-118.62956,34.45507],[-118.62955,34.45508],[-118.62953,34.45508],[-118.62952,34.45509],[-118.6295,34.45509],[-118.62949,34.4551],[-118.62947,34.4551],[-118.62946,34.45511],[-118.62944,34.45511],[-118.62943,34.45512],[-118.62941,34.45513],[-118.6294,34.45513],[-118.62938,34.45514],[-118.62937,34.45514],[-118.62935,34.45515],[-118.62934,34.45516],[-118.62932,34.45516],[-118.62931,34.45517],[-118.6293,34.45518],[-118.62928,34.45519],[-118.62927,34.45519],[-118.62925,34.4552],[-118.62924,34.45521],[-118.62923,34.45522],[-118.62921,34.45522],[-118.6292,34.45523],[-118.62919,34.45524],[-118.62917,34.45525],[-118.62916,34.45526],[-118.62915,34.45527],[-118.62913,34.45528],[-118.62912,34.45528],[-118.62911,34.45529],[-118.6291,34.4553],[-118.62908,34.45531],[-118.62907,34.45532],[-118.62906,34.45533],[-118.62905,34.45534],[-118.62904,34.45535],[-118.62902,34.45536],[-118.62901,34.45537],[-118.629,34.45538],[-118.62899,34.45538],[-118.62897,34.45539],[-118.62896,34.4554],[-118.62895,34.45541],[-118.62894,34.45542],[-118.62892,34.45543],[-118.62891,34.45544],[-118.6289,34.45545],[-118.62889,34.45546],[-118.62887,34.45547],[-118.62886,34.45548],[-118.62885,34.45549],[-118.62884,34.4555],[-118.62883,34.4555],[-118.62881,34.45551],[-118.6288,34.45552],[-118.62879,34.45553],[-118.62878,34.45554],[-118.62877,34.45555],[-118.62875,34.45556],[-118.62874,34.45557],[-118.62873,34.45558],[-118.62872,34.45559],[-118.62871,34.4556],[-118.6287,34.45561],[-118.62869,34.45562],[-118.62868,34.45563],[-118.62867,34.45564],[-118.62866,34.45565],[-118.62865,34.45567],[-118.62864,34.45568],[-118.62863,34.45569],[-118.62862,34.4557],[-118.62861,34.45571],[-118.6286,34.45572],[-118.62859,34.45573],[-118.62858,34.45574],[-118.62857,34.45575],[-118.62856,34.45577],[-118.62855,34.45578],[-118.62854,34.45577],[-118.62854,34.45579],[-118.62853,34.4558],[-118.62853,34.45581],[-118.62852,34.45583],[-118.62851,34.45584],[-118.6285,34.45585],[-118.62849,34.45586],[-118.62849,34.45587],[-118.62848,34.45589],[-118.62847,34.4559],[-118.62847,34.45591],[-118.62846,34.45592],[-118.62845,34.45594],[-118.62845,34.45595],[-118.62844,34.45596],[-118.62843,34.45597],[-118.62843,34.45599],[-118.62842,34.456],[-118.62842,34.45601],[-118.62841,34.45603],[-118.62841,34.45604],[-118.6284,34.45605],[-118.6284,34.45607],[-118.62839,34.45608],[-118.62839,34.45609],[-118.62825,34.45647],[-118.62796,34.45731],[-118.62796,34.45733],[-118.62795,34.45734],[-118.62795,34.45736],[-118.62795,34.45737],[-118.62794,34.45738],[-118.62794,34.4574],[-118.62793,34.45741],[-118.62793,34.45742],[-118.62792,34.45744],[-118.62792,34.45745],[-118.62791,34.45746],[-118.62791,34.45747],[-118.6279,34.45749],[-118.6279,34.4575],[-118.62789,34.45751],[-118.62789,34.45753],[-118.62788,34.45754],[-118.62787,34.45755],[-118.62787,34.45756],[-118.62786,34.45758],[-118.62785,34.45759],[-118.62785,34.4576],[-118.62784,34.45762],[-118.62783,34.45763],[-118.62783,34.45764],[-118.62782,34.45765],[-118.62781,34.45766],[-118.6278,34.45768],[-118.62779,34.45769],[-118.62779,34.4577],[-118.62778,34.45771],[-118.62777,34.45772],[-118.62776,34.45774],[-118.62775,34.45775],[-118.62774,34.45776],[-118.62773,34.45777],[-118.62772,34.45778],[-118.62771,34.45779],[-118.6277,34.4578],[-118.62769,34.45781],[-118.62768,34.45782],[-118.62768,34.45783],[-118.62767,34.45783],[-118.62766,34.45784],[-118.62765,34.45785],[-118.62764,34.45786],[-118.62762,34.45787],[-118.62761,34.45788],[-118.6276,34.45789],[-118.62759,34.4579],[-118.62758,34.45791],[-118.62756,34.45792],[-118.62755,34.45793],[-118.62754,34.45794],[-118.62752,34.45795],[-118.62751,34.45795],[-118.6275,34.45796],[-118.62749,34.45797],[-118.62747,34.45798],[-118.62746,34.45799],[-118.62744,34.45799],[-118.62743,34.458],[-118.62742,34.45801],[-118.6274,34.45802],[-118.62739,34.45802],[-118.62737,34.45803],[-118.62736,34.45804],[-118.62734,34.45804],[-118.62733,34.45805],[-118.62731,34.45806],[-118.6273,34.45806],[-118.62728,34.45807],[-118.62727,34.45807],[-118.62725,34.45808],[-118.62724,34.45808],[-118.62722,34.45809],[-118.62721,34.45809],[-118.62719,34.4581],[-118.62718,34.4581],[-118.62716,34.45811],[-118.62715,34.45811],[-118.62713,34.45812],[-118.62711,34.45812],[-118.6271,34.45812],[-118.62708,34.45813],[-118.62707,34.45813],[-118.62705,34.45813],[-118.62703,34.45814],[-118.62702,34.45814],[-118.627,34.45814],[-118.62689,34.45815],[-118.62677,34.45816],[-118.62677,34.45817],[-118.62677,34.45819],[-118.62677,34.4582],[-118.62676,34.45919],[-118.62676,34.4592],[-118.62676,34.45922],[-118.62675,34.45923],[-118.62675,34.45925],[-118.62675,34.45926],[-118.62675,34.45927],[-118.62675,34.45929],[-118.62674,34.4593],[-118.62674,34.45931],[-118.62674,34.45933],[-118.62674,34.45934],[-118.62673,34.45935],[-118.62673,34.45937],[-118.62673,34.45938],[-118.62672,34.4594],[-118.62672,34.45941],[-118.62672,34.45942],[-118.62671,34.45944],[-118.62671,34.45945],[-118.62671,34.45946],[-118.6267,34.45948],[-118.6267,34.45949],[-118.62669,34.4595],[-118.62669,34.45952],[-118.62668,34.45953],[-118.62668,34.45954],[-118.62667,34.45955],[-118.62667,34.45957],[-118.62667,34.45958],[-118.62666,34.45959],[-118.62665,34.45961],[-118.62665,34.45962],[-118.62664,34.45963],[-118.62664,34.45965],[-118.62663,34.45966],[-118.62663,34.45967],[-118.62662,34.45969],[-118.62662,34.4597],[-118.62661,34.45971],[-118.62661,34.45972],[-118.6266,34.45974],[-118.6266,34.45975],[-118.62659,34.45976],[-118.62659,34.45978],[-118.62658,34.45979],[-118.62657,34.4598],[-118.62657,34.45982],[-118.62656,34.45983],[-118.62656,34.45984],[-118.62655,34.45985],[-118.62655,34.45987],[-118.62654,34.45988],[-118.62653,34.45989],[-118.62653,34.45991],[-118.62652,34.45992],[-118.62652,34.45993],[-118.62651,34.45994],[-118.62651,34.45996],[-118.6265,34.45997],[-118.62649,34.45998],[-118.62649,34.46],[-118.62648,34.46001],[-118.62648,34.46002],[-118.62647,34.46003],[-118.62646,34.46005],[-118.62646,34.46006],[-118.62645,34.46007],[-118.62645,34.46009],[-118.62644,34.4601],[-118.62643,34.46011],[-118.62643,34.46012],[-118.62642,34.46014],[-118.62641,34.46015],[-118.62641,34.46016],[-118.6264,34.46018],[-118.62639,34.46019],[-118.62639,34.4602],[-118.62638,34.46021],[-118.62637,34.46022],[-118.62637,34.46024],[-118.62636,34.46025],[-118.62635,34.46026],[-118.62635,34.46027],[-118.62634,34.46029],[-118.62633,34.4603],[-118.62632,34.46031],[-118.62632,34.46032],[-118.62631,34.46033],[-118.6263,34.46035],[-118.62629,34.46036],[-118.62628,34.46037],[-118.62628,34.46038],[-118.62627,34.46039],[-118.62626,34.46041],[-118.62625,34.46042],[-118.62624,34.46043],[-118.62623,34.46044],[-118.62623,34.46045],[-118.62622,34.46047],[-118.62621,34.46048],[-118.6262,34.46049],[-118.62619,34.4605],[-118.62618,34.46051],[-118.62617,34.46052],[-118.62616,34.46053],[-118.62615,34.46055],[-118.62614,34.46056],[-118.62614,34.46056],[-118.62613,34.46057],[-118.62612,34.46058],[-118.62612,34.46059],[-118.62611,34.4606],[-118.6261,34.46061],[-118.62609,34.46062],[-118.62608,34.46064],[-118.62607,34.46065],[-118.62606,34.46066],[-118.62605,34.46067],[-118.62604,34.46068],[-118.62603,34.46069],[-118.62602,34.4607],[-118.626,34.46071],[-118.62599,34.46072],[-118.62598,34.46073],[-118.62597,34.46074],[-118.62596,34.46075],[-118.62595,34.46076],[-118.62594,34.46077],[-118.62501,34.46163],[-118.62476,34.46186],[-118.62469,34.46194],[-118.62444,34.46229],[-118.62414,34.46297],[-118.62414,34.46298],[-118.62394,34.46346],[-118.62379,34.46382],[-118.62361,34.46427],[-118.6236,34.46429],[-118.62371,34.46431],[-118.62385,34.46435],[-118.62419,34.46437],[-118.62459,34.46433],[-118.62535,34.46424],[-118.62557,34.46423],[-118.62595,34.46422],[-118.62616,34.46423],[-118.62622,34.46423],[-118.62671,34.46431],[-118.62757,34.46445],[-118.62756,34.46443],[-118.62767,34.46446],[-118.62772,34.46447],[-118.62772,34.46454],[-118.62772,34.4646],[-118.62772,34.46478],[-118.62772,34.4672],[-118.62921,34.4672],[-118.62935,34.4672],[-118.62939,34.4672],[-118.62939,34.4672],[-118.62939,34.4672],[-118.62949,34.46734],[-118.62967,34.46758],[-118.62971,34.46764],[-118.62967,34.46768],[-118.62965,34.46771],[-118.62959,34.46773],[-118.62953,34.46774],[-118.62952,34.46775],[-118.62953,34.4678],[-118.62954,34.46791],[-118.62962,34.46799],[-118.62972,34.46809],[-118.62972,34.46809],[-118.62972,34.46809],[-118.62978,34.46816],[-118.62979,34.46818],[-118.62979,34.46818],[-118.62981,34.4682],[-118.62969,34.46825],[-118.62951,34.46833],[-118.62943,34.46838],[-118.62922,34.4685],[-118.62908,34.46866],[-118.62903,34.46874],[-118.62899,34.46881],[-118.62894,34.46893],[-118.62892,34.46898],[-118.62891,34.46901],[-118.62889,34.46914],[-118.62889,34.46916],[-118.62889,34.4692],[-118.6289,34.4694],[-118.6289,34.46955],[-118.62889,34.4697],[-118.62884,34.47027],[-118.62887,34.47027],[-118.62891,34.47028],[-118.62914,34.4703],[-118.6292,34.4703],[-118.62938,34.47031],[-118.63014,34.4703],[-118.63014,34.47033],[-118.63013,34.47072],[-118.63013,34.4709],[-118.63014,34.47142],[-118.63013,34.47153],[-118.63012,34.47179],[-118.63011,34.47186],[-118.63008,34.47212],[-118.63002,34.47233],[-118.63001,34.47241],[-118.63,34.47241],[-118.62981,34.47237],[-118.62966,34.47234],[-118.62963,34.47234],[-118.6295,34.47231],[-118.62933,34.47227],[-118.62917,34.47222],[-118.629,34.47217],[-118.62883,34.47211],[-118.62866,34.47205],[-118.62849,34.47198],[-118.62832,34.47191],[-118.62742,34.47151],[-118.62728,34.47145],[-118.62714,34.4714],[-118.627,34.47135],[-118.62686,34.4713],[-118.62672,34.47126],[-118.62644,34.47118],[-118.62631,34.47114],[-118.62618,34.47112],[-118.62606,34.47109],[-118.62586,34.47106],[-118.62543,34.471],[-118.62521,34.47098],[-118.62516,34.47097],[-118.62498,34.47096],[-118.62485,34.47095],[-118.6247,34.47095],[-118.62394,34.47096],[-118.6221,34.47096],[-118.62205,34.47096],[-118.62185,34.47096],[-118.62166,34.47095],[-118.62147,34.47095],[-118.62128,34.47093],[-118.62109,34.47092],[-118.6209,34.4709],[-118.62057,34.47085],[-118.62035,34.47082],[-118.62021,34.4708],[-118.6191,34.47062],[-118.61894,34.4706],[-118.61861,34.47055],[-118.61837,34.47053],[-118.61829,34.47052],[-118.618,34.47049],[-118.61668,34.47038],[-118.61615,34.47034],[-118.61594,34.47127],[-118.61593,34.47136],[-118.61565,34.4726],[-118.61541,34.47358],[-118.61522,34.47433],[-118.61518,34.47451],[-118.61516,34.47463],[-118.61504,34.4752],[-118.61495,34.4756],[-118.61474,34.47652],[-118.61473,34.47655],[-118.61472,34.47657],[-118.61459,34.4771],[-118.61452,34.47742],[-118.61448,34.47762],[-118.61443,34.47791],[-118.61438,34.47827],[-118.61436,34.47847],[-118.61434,34.47861],[-118.61433,34.4788],[-118.61431,34.47906],[-118.6143,34.47929],[-118.6143,34.47942],[-118.6143,34.47945],[-118.6143,34.4798],[-118.61431,34.48021],[-118.61431,34.48027],[-118.61433,34.4805],[-118.61434,34.48075],[-118.61437,34.48098],[-118.61437,34.48102],[-118.61439,34.48122],[-118.61443,34.48145],[-118.61447,34.48169],[-118.61448,34.48173],[-118.61449,34.48178],[-118.6145,34.48183],[-118.61451,34.4819],[-118.61455,34.4821],[-118.61461,34.48231],[-118.61469,34.4826],[-118.6147,34.48263],[-118.61477,34.48286],[-118.61484,34.4831],[-118.61492,34.48333],[-118.615,34.48354],[-118.6151,34.48381],[-118.6152,34.48403],[-118.61532,34.48426],[-118.61551,34.48464],[-118.61563,34.48487],[-118.61573,34.48504],[-118.61594,34.4854],[-118.61608,34.48563],[-118.61622,34.48585],[-118.61643,34.48616],[-118.61656,34.48634],[-118.6167,34.48652],[-118.61682,34.48668],[-118.61692,34.4868],[-118.61702,34.48693],[-118.61767,34.48779],[-118.61835,34.48738],[-118.61858,34.4875],[-118.61877,34.48759],[-118.61889,34.48763],[-118.61905,34.48767],[-118.61909,34.48768],[-118.61919,34.48769],[-118.6193,34.48771],[-118.61952,34.48772],[-118.6199,34.48773],[-118.62007,34.48773],[-118.62007,34.48775],[-118.62009,34.48775],[-118.62028,34.48775],[-118.62035,34.48775],[-118.62042,34.48777],[-118.62054,34.48779],[-118.62059,34.48781],[-118.62072,34.48788],[-118.62086,34.48798],[-118.62101,34.48812],[-118.62113,34.48828],[-118.62116,34.48839],[-118.62118,34.48864],[-118.62118,34.4887],[-118.62117,34.48889],[-118.62117,34.48906],[-118.62117,34.48907],[-118.62094,34.4891],[-118.62082,34.48912],[-118.62061,34.48915],[-118.62047,34.48918],[-118.62034,34.48921],[-118.62034,34.48921],[-118.62022,34.48924],[-118.62007,34.48929],[-118.61992,34.48933],[-118.61985,34.48936],[-118.61963,34.48946],[-118.61956,34.48949],[-118.61935,34.4896],[-118.61929,34.48963],[-118.61918,34.48968],[-118.61909,34.48973],[-118.61907,34.48974],[-118.61903,34.48976],[-118.61868,34.48993],[-118.61858,34.48998],[-118.61833,34.49011],[-118.61825,34.49014],[-118.61806,34.49023],[-118.61789,34.49035],[-118.61759,34.49059],[-118.6176,34.49061],[-118.61754,34.49066],[-118.61748,34.49073],[-118.61739,34.49083],[-118.61728,34.49095],[-118.6171,34.49119],[-118.61705,34.49125],[-118.617,34.49136],[-118.617,34.49136],[-118.61696,34.49143],[-118.61694,34.49145],[-118.61694,34.49153],[-118.61692,34.49164],[-118.6169,34.49176],[-118.61685,34.49203],[-118.61679,34.49232],[-118.61677,34.49243],[-118.61674,34.4927],[-118.61674,34.49272],[-118.61673,34.49275],[-118.61671,34.49285],[-118.6167,34.49289],[-118.6167,34.49298],[-118.6167,34.49321],[-118.61668,34.4935],[-118.61666,34.49393],[-118.61661,34.4946],[-118.6166,34.4947],[-118.61658,34.49499],[-118.61657,34.49508],[-118.61655,34.49532],[-118.61655,34.49537],[-118.61654,34.49542],[-118.61653,34.49567],[-118.6165,34.49615],[-118.61649,34.49635],[-118.61646,34.49678],[-118.61645,34.49684],[-118.61645,34.49688],[-118.61645,34.49698],[-118.61645,34.49735],[-118.61645,34.49736],[-118.61645,34.49736],[-118.61641,34.49739],[-118.61636,34.49739],[-118.61625,34.49738],[-118.61586,34.49737],[-118.61498,34.49734],[-118.61423,34.49731],[-118.6142,34.49731],[-118.61379,34.49729],[-118.61329,34.49727],[-118.61302,34.49725],[-118.61213,34.49721],[-118.61105,34.49716],[-118.61058,34.49714],[-118.61025,34.49716],[-118.60998,34.49718],[-118.60985,34.49721],[-118.60949,34.49729],[-118.60922,34.49739],[-118.609,34.49748],[-118.60877,34.4976],[-118.6085,34.49778],[-118.60829,34.49797],[-118.60822,34.49803],[-118.60819,34.49806],[-118.60803,34.49821],[-118.60768,34.49868],[-118.60752,34.49888],[-118.60728,34.49921],[-118.60724,34.49925],[-118.60715,34.49936],[-118.60683,34.49974],[-118.60664,34.49989],[-118.60647,34.49999],[-118.60632,34.50008],[-118.60586,34.50033],[-118.60545,34.50054],[-118.60509,34.50077],[-118.60483,34.50091],[-118.6046,34.50106],[-118.60443,34.50117],[-118.60436,34.50124],[-118.60425,34.50133],[-118.60416,34.50143],[-118.60403,34.50159],[-118.60395,34.5017],[-118.60385,34.50188],[-118.60376,34.50205],[-118.6037,34.50224],[-118.60364,34.50249],[-118.60348,34.5032],[-118.60342,34.50344],[-118.60323,34.50435],[-118.60301,34.50541],[-118.60298,34.50551],[-118.60272,34.50668],[-118.60256,34.50742],[-118.60248,34.50761],[-118.60242,34.50774],[-118.60224,34.50802],[-118.60206,34.50819],[-118.60186,34.50838],[-118.60175,34.50845],[-118.60109,34.50893],[-118.60062,34.50925],[-118.60029,34.50947],[-118.60015,34.50958],[-118.60002,34.50967],[-118.59979,34.50983],[-118.59936,34.51012],[-118.59925,34.5102],[-118.59905,34.51034],[-118.59879,34.5105],[-118.59866,34.51058],[-118.59851,34.51069],[-118.59832,34.51083],[-118.59812,34.511],[-118.59801,34.5111],[-118.598,34.51111],[-118.59791,34.51122],[-118.59777,34.51136],[-118.59766,34.5115],[-118.59755,34.51163],[-118.5975,34.5117],[-118.59742,34.51182],[-118.59727,34.51208],[-118.59715,34.51231],[-118.59706,34.51254],[-118.59697,34.51281],[-118.59689,34.51312],[-118.59686,34.51324],[-118.59681,34.51349],[-118.59681,34.51352],[-118.5967,34.51404],[-118.59667,34.51416],[-118.59663,34.51431],[-118.59656,34.51463],[-118.59653,34.51479],[-118.59644,34.51521],[-118.59636,34.51565],[-118.59625,34.5161],[-118.59617,34.51641],[-118.59609,34.5169],[-118.59599,34.51738],[-118.5959,34.51772],[-118.59581,34.51793],[-118.59568,34.51813],[-118.59552,34.51831],[-118.59533,34.5185],[-118.59517,34.51862],[-118.59508,34.51868],[-118.59486,34.5188],[-118.5948,34.51884],[-118.59458,34.51891],[-118.59438,34.51897],[-118.59427,34.51901],[-118.59397,34.51906],[-118.59364,34.51907],[-118.59337,34.51905],[-118.59316,34.51902],[-118.59291,34.51895],[-118.5924,34.5188],[-118.592,34.51868],[-118.59144,34.51851],[-118.59107,34.51841],[-118.5907,34.51831],[-118.59052,34.51825],[-118.59037,34.51825],[-118.59037,34.51821],[-118.59,34.5181],[-118.58961,34.51798],[-118.58918,34.51786],[-118.58901,34.51781],[-118.589,34.5178],[-118.58891,34.51778],[-118.58863,34.5177],[-118.58795,34.51751],[-118.58746,34.51737],[-118.58724,34.51731],[-118.58669,34.51713],[-118.58643,34.51705],[-118.58615,34.51697],[-118.58564,34.51681],[-118.58523,34.51667],[-118.58484,34.51656],[-118.58443,34.51645],[-118.58421,34.51642],[-118.58399,34.51639],[-118.58375,34.51639],[-118.58349,34.51639],[-118.58318,34.51642],[-118.58272,34.51654],[-118.58238,34.51665],[-118.58205,34.51681],[-118.58173,34.51699],[-118.58147,34.51715],[-118.58125,34.51734],[-118.58101,34.51754],[-118.58087,34.5177],[-118.58063,34.51797],[-118.58034,34.51829],[-118.58033,34.5183],[-118.57977,34.51893],[-118.57925,34.51951],[-118.57883,34.52001],[-118.57853,34.52039],[-118.57837,34.52075],[-118.5782,34.52114],[-118.57803,34.52145],[-118.57779,34.52178],[-118.57695,34.52278],[-118.57667,34.52311],[-118.57653,34.52329],[-118.57608,34.52379],[-118.57565,34.52429],[-118.57544,34.52464],[-118.57517,34.52498],[-118.57484,34.52537],[-118.57467,34.52561],[-118.57455,34.52576],[-118.57442,34.52592],[-118.57429,34.52604],[-118.5741,34.52616],[-118.57385,34.52633],[-118.57371,34.52642],[-118.57306,34.52681],[-118.57251,34.52715],[-118.57237,34.52724],[-118.57201,34.52747],[-118.57198,34.52748],[-118.5717,34.5277],[-118.57152,34.52788],[-118.57141,34.52799],[-118.57132,34.52813],[-118.57124,34.52829],[-118.57096,34.52895],[-118.57076,34.52946],[-118.57065,34.52967],[-118.5706,34.52979],[-118.57052,34.52997],[-118.57044,34.53009],[-118.57035,34.53023],[-118.57024,34.53036],[-118.56964,34.531],[-118.56856,34.53202],[-118.56812,34.53244],[-118.56795,34.5326],[-118.56771,34.53284],[-118.56759,34.53296],[-118.56736,34.5332],[-118.56714,34.53341],[-118.56698,34.53358],[-118.56675,34.53395],[-118.5665,34.5345],[-118.56632,34.53496],[-118.56608,34.53558],[-118.56589,34.5361],[-118.56575,34.53647],[-118.56539,34.53735],[-118.56526,34.53762],[-118.56509,34.53786],[-118.56471,34.53835],[-118.56437,34.53866],[-118.56398,34.53906],[-118.56368,34.53945],[-118.56338,34.53974],[-118.56309,34.54006],[-118.56259,34.54061],[-118.5616,34.5417],[-118.56109,34.54222],[-118.56063,34.54268],[-118.56021,34.54312],[-118.5598,34.54349],[-118.55962,34.54361],[-118.55932,34.54376],[-118.559,34.54391],[-118.55856,34.54404],[-118.55852,34.54405],[-118.5582,34.5441],[-118.55747,34.5441],[-118.55651,34.54413],[-118.55582,34.54416],[-118.55566,34.54418],[-118.55551,34.54421],[-118.55523,34.54426],[-118.55521,34.54426],[-118.555,34.54436],[-118.55435,34.54466],[-118.55413,34.54478],[-118.5538,34.54495],[-118.55347,34.54514],[-118.55288,34.54551],[-118.5522,34.54587],[-118.55052,34.54678],[-118.54947,34.54733],[-118.54806,34.54784],[-118.54704,34.54825],[-118.54675,34.54839],[-118.54652,34.54854],[-118.54595,34.54897],[-118.54489,34.54976],[-118.54394,34.5505],[-118.54323,34.55106],[-118.5419,34.55207],[-118.54096,34.5528],[-118.54066,34.55305],[-118.54043,34.55328],[-118.54028,34.55355],[-118.54021,34.55374],[-118.54017,34.55394],[-118.54015,34.5542],[-118.54018,34.55445],[-118.54024,34.55463],[-118.5403,34.55474],[-118.54032,34.5548],[-118.54071,34.55538],[-118.541,34.55584],[-118.54129,34.5563],[-118.54149,34.55663],[-118.54171,34.55703],[-118.54184,34.55729],[-118.54233,34.55857],[-118.5424,34.55876],[-118.54249,34.55903],[-118.54279,34.55986],[-118.54289,34.56009],[-118.54304,34.56036],[-118.54324,34.56058],[-118.54348,34.5608],[-118.54375,34.56101],[-118.54421,34.56124],[-118.54428,34.56126],[-118.54455,34.56136],[-118.54479,34.56142],[-118.54506,34.56145],[-118.54542,34.56146],[-118.54581,34.56143],[-118.54614,34.56137],[-118.54637,34.56131],[-118.54666,34.56119],[-118.5469,34.56106],[-118.54729,34.56082],[-118.54775,34.56047],[-118.54794,34.56034],[-118.54816,34.56024],[-118.54837,34.56018],[-118.54862,34.56014],[-118.54894,34.5601],[-118.54923,34.56013],[-118.54952,34.5602],[-118.54971,34.56028],[-118.54973,34.5603],[-118.55003,34.56049],[-118.55055,34.56091],[-118.55083,34.56115],[-118.55111,34.5613],[-118.55157,34.56146],[-118.55188,34.56152],[-118.55229,34.56152],[-118.55247,34.5615],[-118.5528,34.56144],[-118.55353,34.56116],[-118.55404,34.56095],[-118.55424,34.56087],[-118.55504,34.56055],[-118.55565,34.56032],[-118.5562,34.56009],[-118.55647,34.55997],[-118.55688,34.55967],[-118.55732,34.55933],[-118.55752,34.55916],[-118.55764,34.55907],[-118.55787,34.55907],[-118.55911,34.55907],[-118.55983,34.55907],[-118.56116,34.55908],[-118.56138,34.55908],[-118.56142,34.55912],[-118.56153,34.55932],[-118.56163,34.5596],[-118.56166,34.55979],[-118.56166,34.55994],[-118.56165,34.56005],[-118.56161,34.5602],[-118.56154,34.56036],[-118.56141,34.56055],[-118.56125,34.56077],[-118.56113,34.56089],[-118.56097,34.56099],[-118.56082,34.56106],[-118.56062,34.56114],[-118.56049,34.56117],[-118.56031,34.56121],[-118.56012,34.56125],[-118.55964,34.56132],[-118.5593,34.56138],[-118.55896,34.56147],[-118.55863,34.56159],[-118.55837,34.56174],[-118.55817,34.56187],[-118.5576,34.56227],[-118.55723,34.5625],[-118.55665,34.56291],[-118.55624,34.56322],[-118.55601,34.56345],[-118.5558,34.5637],[-118.55568,34.56388],[-118.55557,34.56415],[-118.55549,34.56449],[-118.55546,34.56479],[-118.55546,34.5651],[-118.55548,34.56534],[-118.55553,34.56549],[-118.55556,34.56559],[-118.55565,34.56584],[-118.55582,34.56614],[-118.55605,34.56645],[-118.55639,34.56672],[-118.55679,34.56701],[-118.55714,34.56727],[-118.55735,34.56752],[-118.55755,34.56787],[-118.55786,34.56859],[-118.55811,34.56917],[-118.55845,34.56983],[-118.55861,34.57026],[-118.55865,34.57047],[-118.55866,34.57065],[-118.55863,34.57081],[-118.55857,34.57102],[-118.55847,34.57123],[-118.55833,34.57144],[-118.5578,34.57201],[-118.55758,34.57234],[-118.5575,34.57257],[-118.55741,34.57318],[-118.55734,34.57351],[-118.5573,34.57362],[-118.55727,34.57369],[-118.55724,34.57377],[-118.55724,34.57377],[-118.55723,34.57378],[-118.55723,34.57378],[-118.55723,34.57379],[-118.55723,34.57379],[-118.55723,34.57379],[-118.55714,34.57393],[-118.55691,34.57416],[-118.55664,34.57444],[-118.55639,34.57472],[-118.55625,34.57497],[-118.55618,34.5752],[-118.55615,34.57544],[-118.5562,34.57573],[-118.55631,34.57609],[-118.55639,34.57625],[-118.5565,34.57648],[-118.55656,34.57663],[-118.55668,34.57693],[-118.55676,34.57721],[-118.55674,34.57744],[-118.55667,34.57758],[-118.55637,34.578],[-118.55612,34.57832],[-118.55576,34.57863],[-118.55545,34.57907],[-118.55542,34.57914],[-118.55532,34.57938],[-118.55525,34.57964],[-118.55525,34.57981],[-118.55527,34.57991],[-118.55539,34.58001],[-118.5555,34.58007],[-118.55581,34.58014],[-118.55623,34.58022],[-118.55663,34.58036],[-118.55682,34.58046],[-118.55744,34.58095],[-118.55758,34.58114],[-118.55773,34.58145],[-118.55783,34.58178],[-118.55788,34.58195],[-118.55788,34.58207],[-118.5579,34.58229],[-118.55793,34.58243],[-118.55795,34.58246],[-118.55798,34.58253],[-118.55809,34.58263],[-118.55829,34.58275],[-118.5583,34.58276],[-118.55845,34.58287],[-118.55853,34.58296],[-118.55856,34.583],[-118.5586,34.58306],[-118.55865,34.58324],[-118.55865,34.58326],[-118.55873,34.58341],[-118.55882,34.58348],[-118.55932,34.58374],[-118.56003,34.58407],[-118.56016,34.5842],[-118.56029,34.58434],[-118.5604,34.58458],[-118.56042,34.58474],[-118.56043,34.58479],[-118.56042,34.58496],[-118.56035,34.58516],[-118.56033,34.58521],[-118.56024,34.58538],[-118.56013,34.58552],[-118.55996,34.58567],[-118.55983,34.58584],[-118.5598,34.58589],[-118.55979,34.58589],[-118.55978,34.58591],[-118.55975,34.58598],[-118.55976,34.58601],[-118.55983,34.58609],[-118.55993,34.58616],[-118.56016,34.58625],[-118.56045,34.5863],[-118.56052,34.5863],[-118.56074,34.5863],[-118.56098,34.58632],[-118.56107,34.58632],[-118.56116,34.58634],[-118.56123,34.58637],[-118.5613,34.5864],[-118.56134,34.58642],[-118.56136,34.58646],[-118.5614,34.5865],[-118.56146,34.58657],[-118.56146,34.58662],[-118.56147,34.58666],[-118.56146,34.58672],[-118.56144,34.58688],[-118.56138,34.587],[-118.56132,34.58707],[-118.56128,34.58721],[-118.56121,34.58763],[-118.56121,34.58773],[-118.56124,34.5878],[-118.56128,34.58788],[-118.56132,34.58811],[-118.56132,34.58825],[-118.56132,34.58829],[-118.5613,34.58847],[-118.56126,34.58899],[-118.56125,34.5891],[-118.56129,34.5892],[-118.5613,34.58923],[-118.56134,34.58933],[-118.56139,34.58941],[-118.56159,34.58975],[-118.56183,34.59006],[-118.56188,34.59012],[-118.5619,34.59014],[-118.56196,34.5902],[-118.56217,34.59036],[-118.5622,34.5904],[-118.56223,34.59048],[-118.56224,34.59051],[-118.56226,34.59055],[-118.56228,34.59067],[-118.56225,34.59086],[-118.56215,34.59122],[-118.5619,34.59155],[-118.56176,34.5918],[-118.56167,34.59194],[-118.56163,34.59209],[-118.56159,34.59245],[-118.56158,34.5931],[-118.56162,34.59324],[-118.56166,34.59331],[-118.56175,34.59336],[-118.56179,34.59339],[-118.56205,34.59341],[-118.56251,34.59339],[-118.56275,34.59337],[-118.563,34.59339],[-118.56319,34.59344],[-118.56338,34.59351],[-118.56361,34.5936],[-118.56379,34.5937],[-118.5639,34.59383],[-118.56397,34.59395],[-118.56402,34.59409],[-118.56401,34.59424],[-118.56397,34.59449],[-118.56397,34.5945],[-118.5639,34.59467],[-118.56385,34.59475],[-118.5637,34.59497],[-118.56314,34.59583],[-118.56313,34.59584],[-118.56298,34.5961],[-118.56292,34.5962],[-118.5627,34.59643],[-118.56249,34.59659],[-118.56236,34.59674],[-118.56227,34.59689],[-118.56203,34.59729],[-118.56182,34.59754],[-118.56153,34.59782],[-118.56113,34.59814],[-118.56041,34.59877],[-118.56005,34.59915],[-118.55995,34.59928],[-118.55971,34.59971],[-118.55956,34.60006],[-118.55929,34.60066],[-118.55909,34.60098],[-118.55884,34.60121],[-118.55855,34.60141],[-118.55825,34.60156],[-118.55803,34.60168],[-118.55797,34.60175],[-118.55789,34.60205],[-118.55762,34.60279],[-118.55762,34.60279],[-118.55757,34.60288],[-118.55745,34.603],[-118.55728,34.60316],[-118.55722,34.60324],[-118.55718,34.6033],[-118.55714,34.60336],[-118.55711,34.60343],[-118.55709,34.6036],[-118.55709,34.60369],[-118.55719,34.60387],[-118.55727,34.60403],[-118.55732,34.60421],[-118.55731,34.60434],[-118.55726,34.60444],[-118.55723,34.60448],[-118.55716,34.60457],[-118.55697,34.60476],[-118.55682,34.60492],[-118.55679,34.60499],[-118.55678,34.60502],[-118.55677,34.60507],[-118.55677,34.60512],[-118.55676,34.60516],[-118.55678,34.60522],[-118.55683,34.60532],[-118.55688,34.60537],[-118.5569,34.60539],[-118.55695,34.60541],[-118.55703,34.60543],[-118.5572,34.60543],[-118.55743,34.60538],[-118.558,34.60523],[-118.55853,34.60508],[-118.55876,34.60495],[-118.55897,34.60478],[-118.55922,34.6045],[-118.55951,34.60421],[-118.55994,34.60389],[-118.56008,34.60381],[-118.56019,34.60376],[-118.56036,34.60372],[-118.5605,34.60371],[-118.56063,34.60374],[-118.56074,34.6038],[-118.5608,34.60383],[-118.56091,34.60396],[-118.56094,34.60407],[-118.56096,34.60414],[-118.56096,34.60437],[-118.56087,34.60473],[-118.56076,34.60501],[-118.56044,34.60562],[-118.56029,34.60588],[-118.56023,34.606],[-118.56023,34.60602],[-118.56023,34.60605],[-118.56026,34.60618],[-118.56036,34.60631],[-118.56041,34.60635],[-118.5605,34.6064],[-118.56063,34.60645],[-118.56073,34.60651],[-118.56076,34.60654],[-118.56081,34.60657],[-118.56084,34.6066],[-118.56085,34.60663],[-118.56087,34.60667],[-118.56087,34.60684],[-118.56085,34.60694],[-118.56076,34.60709],[-118.56065,34.60728],[-118.56054,34.60753],[-118.56052,34.60773],[-118.56053,34.60789],[-118.56054,34.60805],[-118.56055,34.60815],[-118.56057,34.60838],[-118.56058,34.60845],[-118.56062,34.60852],[-118.56069,34.60858],[-118.56077,34.60867],[-118.56086,34.60872],[-118.561,34.60879],[-118.56119,34.60885],[-118.56155,34.60896],[-118.56189,34.60913],[-118.56209,34.60926],[-118.56228,34.6094],[-118.56232,34.60943],[-118.56249,34.60961],[-118.56252,34.60965],[-118.56267,34.60991],[-118.56273,34.61009],[-118.56279,34.61033],[-118.56272,34.61058],[-118.56261,34.61076],[-118.56252,34.61086],[-118.56234,34.61101],[-118.56208,34.61122],[-118.56195,34.61135],[-118.56179,34.61154],[-118.5613,34.61191],[-118.56085,34.61224],[-118.56071,34.6124],[-118.5606,34.6126],[-118.56051,34.61276],[-118.56042,34.61287],[-118.56032,34.61301],[-118.5603,34.61308],[-118.56028,34.61314],[-118.56026,34.61321],[-118.5603,34.61333],[-118.56033,34.61338],[-118.56037,34.61346],[-118.56052,34.61359],[-118.56072,34.6137],[-118.56095,34.61383],[-118.56101,34.61389],[-118.56111,34.61396],[-118.56118,34.61409],[-118.56124,34.6143],[-118.5612,34.61473],[-118.56113,34.61494],[-118.56113,34.61494],[-118.56098,34.61518],[-118.56098,34.61518],[-118.56097,34.61519],[-118.56097,34.61519],[-118.56096,34.61519],[-118.56096,34.6152],[-118.56095,34.6152],[-118.56095,34.6152],[-118.56094,34.61521],[-118.56093,34.61521],[-118.56093,34.61521],[-118.56092,34.61521],[-118.56091,34.61522],[-118.56091,34.61522],[-118.5609,34.61522],[-118.5609,34.61522],[-118.56089,34.61523],[-118.56088,34.61523],[-118.56088,34.61523],[-118.56087,34.61523],[-118.56086,34.61523],[-118.56086,34.61524],[-118.56085,34.61524],[-118.56084,34.61524],[-118.56084,34.61524],[-118.56083,34.61524],[-118.56082,34.61524],[-118.56082,34.61524],[-118.56081,34.61525],[-118.5608,34.61525],[-118.5608,34.61525],[-118.56079,34.61525],[-118.56072,34.61526],[-118.56069,34.61526],[-118.56015,34.61585],[-118.56016,34.61597],[-118.5603,34.61637],[-118.56054,34.61679],[-118.56056,34.61702],[-118.5605,34.6172],[-118.55416,34.61715],[-118.53687,34.61702],[-118.51896,34.61689],[-118.51896,34.61689],[-118.51896,34.61663],[-118.51887,34.60316],[-118.51887,34.60248],[-118.51887,34.60248],[-118.51887,34.60248],[-118.51887,34.60224],[-118.51887,34.60223],[-118.5189,34.59842],[-118.51897,34.58846],[-118.51897,34.58846],[-118.51897,34.58801],[-118.51897,34.58764],[-118.51895,34.58128],[-118.51893,34.57366],[-118.51893,34.57351],[-118.51893,34.5735],[-118.51891,34.56606],[-118.51889,34.55897],[-118.51911,34.55897],[-118.51924,34.55897],[-118.52369,34.55898],[-118.52814,34.55899],[-118.52815,34.55877],[-118.52818,34.55693],[-118.52819,34.55659],[-118.52819,34.55657],[-118.52819,34.55637],[-118.52821,34.55551],[-118.52822,34.55498],[-118.52823,34.55445],[-118.52823,34.55436],[-118.52825,34.55374],[-118.52827,34.55274],[-118.52828,34.55199],[-118.52831,34.55083],[-118.52831,34.55045],[-118.52833,34.54968],[-118.52838,34.54726],[-118.52842,34.54528],[-118.52845,34.5437],[-118.52848,34.54219],[-118.52852,34.54014],[-118.53718,34.54016],[-118.53727,34.54013],[-118.53737,34.54009],[-118.53743,34.54003],[-118.53743,34.53994],[-118.53742,34.53993],[-118.53739,34.53987],[-118.53731,34.53981],[-118.53724,34.53975],[-118.53724,34.53967],[-118.53731,34.53961],[-118.5374,34.53958],[-118.53748,34.53955],[-118.53749,34.53944],[-118.5375,34.53844],[-118.53756,34.53295],[-118.53758,34.53055],[-118.53764,34.52549],[-118.53766,34.52179],[-118.53768,34.51812],[-118.53768,34.51809],[-118.54219,34.5181],[-118.54356,34.5181],[-118.54546,34.5181],[-118.54669,34.5181],[-118.5467,34.51698],[-118.54675,34.51339],[-118.54675,34.51337],[-118.54677,34.51095],[-118.54687,34.50728],[-118.54687,34.50727],[-118.54686,34.50702],[-118.54685,34.50653],[-118.54682,34.50504],[-118.5468,34.50394],[-118.54679,34.50361],[-118.55183,34.50365],[-118.55295,34.50365],[-118.55312,34.50366],[-118.55325,34.50366],[-118.5554,34.50367],[-118.55541,34.5029],[-118.55541,34.50245],[-118.55542,34.50177],[-118.55544,34.50014],[-118.55544,34.5],[-118.55544,34.49999],[-118.55544,34.49917],[-118.55544,34.49908],[-118.55545,34.49904],[-118.55545,34.49901],[-118.55545,34.49879],[-118.55546,34.49723],[-118.55547,34.49659],[-118.55546,34.49659],[-118.55547,34.49646],[-118.55547,34.49645],[-118.55547,34.49632],[-118.55552,34.49632],[-118.55559,34.49632],[-118.55792,34.49636],[-118.5602,34.4964],[-118.5602,34.4964],[-118.56021,34.4964],[-118.56021,34.4964],[-118.56021,34.4964],[-118.56021,34.49639],[-118.56024,34.4964],[-118.56184,34.49643],[-118.56257,34.49644],[-118.5626,34.49644],[-118.56287,34.49644],[-118.56494,34.49648],[-118.56494,34.49648],[-118.56555,34.49647],[-118.56555,34.49647],[-118.56555,34.49647],[-118.56577,34.49646],[-118.56577,34.49646],[-118.56622,34.49646],[-118.56743,34.49644],[-118.56743,34.49644],[-118.56916,34.49641],[-118.57044,34.49639],[-118.57062,34.49639],[-118.57178,34.49637],[-118.57179,34.49637],[-118.57191,34.49637],[-118.57265,34.49636],[-118.57358,34.49634],[-118.57358,34.49634],[-118.57353,34.49445],[-118.57347,34.4924],[-118.57347,34.49238],[-118.57346,34.49214],[-118.57346,34.49213],[-118.57344,34.49136],[-118.57337,34.48905],[-118.57329,34.48609],[-118.57327,34.48541],[-118.57327,34.4854],[-118.57327,34.48532],[-118.57325,34.48496],[-118.5732,34.4837],[-118.57318,34.48315],[-118.57318,34.48311],[-118.57317,34.48299],[-118.57317,34.48288],[-118.57317,34.48281],[-118.57313,34.48197],[-118.57313,34.48176],[-118.57313,34.48176],[-118.57312,34.48175],[-118.57312,34.48175],[-118.57312,34.48168],[-118.57311,34.48139],[-118.57311,34.48123],[-118.57311,34.48118],[-118.57311,34.48095],[-118.5731,34.48094],[-118.57311,34.48094],[-118.57311,34.48092],[-118.5731,34.48025],[-118.5731,34.48017],[-118.57309,34.47999],[-118.57309,34.47997],[-118.57309,34.47973],[-118.57309,34.47962],[-118.57309,34.47951],[-118.57309,34.47938],[-118.57308,34.47879],[-118.57307,34.47833],[-118.57307,34.47812],[-118.57309,34.47786],[-118.57311,34.47747],[-118.57317,34.47733],[-118.57308,34.47731],[-118.57306,34.4773],[-118.57305,34.47669],[-118.57308,34.47662],[-118.57308,34.4766],[-118.57312,34.47659],[-118.57317,34.47642],[-118.57307,34.47639],[-118.57305,34.47638],[-118.57286,34.47632],[-118.57293,34.47616],[-118.573,34.47599],[-118.57304,34.47583],[-118.57305,34.47581],[-118.57305,34.47579],[-118.57307,34.47572],[-118.57309,34.47565],[-118.57313,34.47548],[-118.57313,34.47546],[-118.57316,34.47531],[-118.57315,34.47515],[-118.57311,34.47499],[-118.5731,34.47496],[-118.57306,34.47489],[-118.57304,34.47484],[-118.57303,34.47482],[-118.57294,34.4747],[-118.57303,34.47464],[-118.57306,34.47462],[-118.57322,34.47453],[-118.57321,34.47452],[-118.57312,34.47442],[-118.57309,34.47439],[-118.57306,34.47436],[-118.57302,34.47432],[-118.57277,34.47406],[-118.57282,34.47402],[-118.57286,34.47397],[-118.57291,34.47391],[-118.57301,34.47377],[-118.57324,34.47343],[-118.57327,34.47338],[-118.57334,34.4733],[-118.57342,34.47329],[-118.57351,34.47321],[-118.57353,34.47314],[-118.57363,34.47306],[-118.57382,34.47292],[-118.57385,34.4729],[-118.57386,34.47289],[-118.57387,34.47289],[-118.57389,34.47288],[-118.5739,34.47288],[-118.57393,34.47288],[-118.57395,34.47287],[-118.57397,34.47286],[-118.57398,34.47286],[-118.574,34.47285],[-118.57402,34.47284],[-118.57454,34.47247],[-118.57411,34.47206],[-118.57393,34.47189],[-118.57382,34.4718],[-118.57364,34.47168],[-118.57347,34.47156],[-118.57319,34.47144],[-118.57298,34.47137],[-118.57275,34.47128],[-118.57253,34.47121],[-118.57226,34.47116],[-118.57189,34.47113],[-118.57143,34.47111],[-118.5711,34.4711],[-118.56994,34.47124],[-118.56986,34.47115],[-118.56985,34.47107],[-118.56984,34.47102],[-118.56974,34.4709],[-118.56964,34.47078],[-118.56968,34.4706],[-118.5697,34.47053],[-118.56971,34.47051],[-118.56996,34.47054],[-118.56996,34.47054],[-118.56996,34.47055],[-118.57002,34.47056],[-118.5703,34.4706],[-118.57072,34.47066],[-118.57077,34.47066],[-118.57079,34.47066],[-118.57081,34.47067],[-118.57084,34.47067],[-118.57086,34.47067],[-118.57234,34.47022],[-118.57258,34.47],[-118.57259,34.46999],[-118.57259,34.46999],[-118.57259,34.4699],[-118.57259,34.46989],[-118.57259,34.46957],[-118.57259,34.46716],[-118.57259,34.46716],[-118.57259,34.46656],[-118.57259,34.46639],[-118.57259,34.46636],[-118.57259,34.46627],[-118.57259,34.46621],[-118.57259,34.46338],[-118.57259,34.46337],[-118.57259,34.46337],[-118.57209,34.46328],[-118.57188,34.46325],[-118.57186,34.46325],[-118.57181,34.46287],[-118.57176,34.46244],[-118.57176,34.46244],[-118.5721,34.46246],[-118.57211,34.46246],[-118.57212,34.46246],[-118.57223,34.46232],[-118.57224,34.46231],[-118.57224,34.46231],[-118.57228,34.46227],[-118.57241,34.46211],[-118.57241,34.4621],[-118.57242,34.4621],[-118.57242,34.46211],[-118.57243,34.46211],[-118.57253,34.46221],[-118.57253,34.46221],[-118.57277,34.46197],[-118.57285,34.4619],[-118.57272,34.46181],[-118.5725,34.46166],[-118.57232,34.46148],[-118.5725,34.46137],[-118.5725,34.46137],[-118.57259,34.46132],[-118.57274,34.46124],[-118.57274,34.46123],[-118.57259,34.46113],[-118.57259,34.46112],[-118.57241,34.46099],[-118.57226,34.46089],[-118.57224,34.46088],[-118.57234,34.46078],[-118.57235,34.46077],[-118.57241,34.4607],[-118.57243,34.46066],[-118.57244,34.46065],[-118.57244,34.46065],[-118.57246,34.46062],[-118.57256,34.46048],[-118.57259,34.46043],[-118.57265,34.46034],[-118.5727,34.46026],[-118.57274,34.4602],[-118.57274,34.4602],[-118.57259,34.46013],[-118.57243,34.46006],[-118.57242,34.46006],[-118.57251,34.45992],[-118.57256,34.45984],[-118.57256,34.45983],[-118.57259,34.4598],[-118.5726,34.45978],[-118.57263,34.45971],[-118.57264,34.4597],[-118.57266,34.45964],[-118.57269,34.45955],[-118.57271,34.45949],[-118.57271,34.45937],[-118.57272,34.45934],[-118.57272,34.45934],[-118.57272,34.45933],[-118.5727,34.45919],[-118.5727,34.45919],[-118.57266,34.45904],[-118.57259,34.45891],[-118.57258,34.4589],[-118.57258,34.4589],[-118.57258,34.4589],[-118.57258,34.45872],[-118.57258,34.45871],[-118.57258,34.45871],[-118.57269,34.45864],[-118.57278,34.45859],[-118.57278,34.45859],[-118.57274,34.45855],[-118.57274,34.45854],[-118.57274,34.45854],[-118.5727,34.45851],[-118.5727,34.45851],[-118.5727,34.45851],[-118.57268,34.45849],[-118.57268,34.45849],[-118.57268,34.45849],[-118.57268,34.45849],[-118.57267,34.45848],[-118.57267,34.45848],[-118.57267,34.45848],[-118.57267,34.45848],[-118.57267,34.45848],[-118.57267,34.45848],[-118.57266,34.45848],[-118.57259,34.45854],[-118.57258,34.45855],[-118.57258,34.45843],[-118.57258,34.45841],[-118.57258,34.45841],[-118.57254,34.45837],[-118.57251,34.45835],[-118.57247,34.45833],[-118.57246,34.45832],[-118.57244,34.4583],[-118.57241,34.45829],[-118.57241,34.45829],[-118.57234,34.45825],[-118.5724,34.4582],[-118.5725,34.45814],[-118.57258,34.45807],[-118.57258,34.45807],[-118.57258,34.45797],[-118.57258,34.45783],[-118.57258,34.45771],[-118.57258,34.45771],[-118.57258,34.45765],[-118.57256,34.45752],[-118.57263,34.45735],[-118.57266,34.45724],[-118.57265,34.45715],[-118.57257,34.45643],[-118.57265,34.45629],[-118.57268,34.45624],[-118.5727,34.45617],[-118.57273,34.45609],[-118.57275,34.45602],[-118.57276,34.45597],[-118.5726,34.45597],[-118.57258,34.45597],[-118.57258,34.45593],[-118.57258,34.45567],[-118.57258,34.45556],[-118.57258,34.45556],[-118.57258,34.45553],[-118.57258,34.45539],[-118.57258,34.45527],[-118.57258,34.45524],[-118.57258,34.4551],[-118.57258,34.45506],[-118.57258,34.45495],[-118.57258,34.45485],[-118.57258,34.45462],[-118.57258,34.45461],[-118.57261,34.45453],[-118.57267,34.45446],[-118.57287,34.45456],[-118.57293,34.45459],[-118.57298,34.45462],[-118.57306,34.45466],[-118.57308,34.45468],[-118.57312,34.4547],[-118.57317,34.45474],[-118.57321,34.45477],[-118.57324,34.45479],[-118.57369,34.45439],[-118.57371,34.45437],[-118.57371,34.45437],[-118.5733,34.4535],[-118.57321,34.4533],[-118.57319,34.45326],[-118.57357,34.45263],[-118.57365,34.45249],[-118.57367,34.45246],[-118.57384,34.45218],[-118.57385,34.45209],[-118.57396,34.45124],[-118.57397,34.45116],[-118.5734,34.45124],[-118.5731,34.45129],[-118.57309,34.45129],[-118.57304,34.45129],[-118.57303,34.4513],[-118.573,34.4513],[-118.57298,34.4513],[-118.57295,34.45131],[-118.57284,34.45133],[-118.57279,34.45133],[-118.57266,34.45135],[-118.57259,34.45136],[-118.57258,34.45136],[-118.57258,34.45069],[-118.57258,34.45069],[-118.57258,34.45068],[-118.5726,34.45067],[-118.57263,34.45066],[-118.57263,34.45066],[-118.57266,34.45062],[-118.57267,34.45057],[-118.57267,34.45057],[-118.57266,34.45052],[-118.57266,34.45052],[-118.57264,34.45047],[-118.5726,34.45043],[-118.57259,34.45039],[-118.57258,34.44967],[-118.57258,34.44967],[-118.5725,34.44966],[-118.57231,34.44963],[-118.57211,34.4496],[-118.5721,34.44959],[-118.57197,34.4495],[-118.57197,34.4495],[-118.57196,34.4495],[-118.57196,34.4495],[-118.57274,34.44865],[-118.57237,34.44843],[-118.5722,34.44833],[-118.57186,34.44798],[-118.57176,34.44786],[-118.57168,34.44774],[-118.57161,34.44765],[-118.57155,34.44753],[-118.57146,34.44732],[-118.57136,34.44708],[-118.5713,34.44689],[-118.57124,34.44666],[-118.57121,34.44653],[-118.57137,34.4465],[-118.5716,34.44645],[-118.57174,34.44641],[-118.57202,34.44634],[-118.57239,34.44616],[-118.57258,34.44609],[-118.57258,34.44543],[-118.57258,34.4448],[-118.57258,34.44444],[-118.57258,34.44412],[-118.57258,34.44402],[-118.57258,34.44359],[-118.57258,34.44359],[-118.57258,34.44347],[-118.57257,34.44323],[-118.57257,34.44322],[-118.57257,34.44305],[-118.57257,34.44262],[-118.57257,34.44241],[-118.57257,34.44232],[-118.57257,34.44226],[-118.57257,34.44198],[-118.57257,34.44198],[-118.57257,34.44173],[-118.57257,34.44169],[-118.57257,34.44125],[-118.57257,34.44125],[-118.57257,34.44125],[-118.57257,34.44071],[-118.57257,34.44038],[-118.57257,34.44038],[-118.57257,34.43821],[-118.57257,34.43718],[-118.57257,34.43718],[-118.57257,34.43713],[-118.57257,34.43713],[-118.57257,34.43713],[-118.57266,34.43705],[-118.57259,34.437],[-118.57257,34.43698],[-118.57257,34.4369],[-118.57257,34.4369],[-118.57257,34.4368],[-118.57257,34.43523],[-118.57257,34.43519],[-118.57257,34.43486],[-118.57257,34.43485],[-118.57257,34.43485],[-118.57257,34.43485],[-118.57257,34.43484],[-118.57257,34.43484],[-118.57257,34.43483],[-118.57257,34.43483],[-118.57257,34.43482],[-118.57257,34.43482],[-118.57257,34.43482],[-118.57257,34.43481],[-118.57257,34.43439],[-118.57257,34.43426],[-118.57257,34.43386],[-118.57257,34.43345],[-118.57257,34.43344],[-118.57257,34.43339],[-118.57258,34.43339],[-118.57259,34.43338],[-118.57264,34.43335],[-118.57261,34.43332],[-118.57257,34.43328],[-118.57257,34.43328],[-118.57257,34.43328],[-118.57257,34.43237],[-118.57257,34.43236],[-118.57257,34.43229],[-118.57257,34.43187],[-118.57257,34.43186],[-118.57257,34.43182],[-118.57251,34.43177],[-118.57244,34.4317],[-118.57253,34.43164],[-118.57257,34.43161],[-118.57257,34.43161],[-118.57257,34.43157],[-118.57257,34.4313],[-118.57257,34.4313],[-118.57257,34.43084],[-118.57257,34.43083],[-118.57257,34.42984],[-118.57257,34.42964],[-118.57282,34.42945],[-118.57296,34.42934],[-118.57296,34.42919],[-118.57296,34.42912],[-118.57292,34.42913],[-118.57287,34.42915],[-118.5728,34.42916],[-118.57275,34.42917],[-118.57268,34.42918],[-118.57266,34.42918],[-118.5726,34.42919],[-118.57257,34.42919],[-118.57257,34.42914],[-118.57257,34.42909],[-118.57257,34.42886],[-118.57257,34.42886],[-118.57257,34.42861],[-118.57257,34.4265],[-118.57257,34.42622],[-118.57257,34.42622],[-118.57258,34.42622],[-118.57282,34.42624],[-118.57369,34.42631],[-118.57412,34.42635],[-118.57412,34.42635],[-118.57413,34.42636],[-118.5748,34.42641],[-118.5748,34.42641],[-118.57531,34.42645],[-118.57563,34.42648],[-118.57577,34.42649],[-118.5758,34.42649],[-118.57625,34.42653],[-118.57687,34.42659],[-118.57706,34.4266],[-118.57766,34.42641],[-118.57862,34.4261],[-118.57882,34.42603],[-118.57882,34.42603],[-118.57917,34.42592],[-118.57917,34.42592],[-118.57929,34.42589]]]}},{"type":"Feature","properties":{"seat":"castaic-union-school-district-trustee-area-e","label":"Trustee Area E","county":"TA5","role":"seat"},"geometry":{"type":"Polygon","coordinates":[[[-118.67465,34.40574],[-118.67485,34.40566],[-118.67667,34.40496],[-118.67668,34.40495],[-118.67672,34.40494],[-118.67757,34.40461],[-118.67924,34.40443],[-118.68412,34.40391],[-118.68541,34.40377],[-118.68703,34.4036],[-118.69145,34.40312],[-118.69145,34.40312],[-118.69146,34.40313],[-118.69146,34.40314],[-118.69147,34.40316],[-118.6915,34.40322],[-118.69164,34.40352],[-118.69165,34.40353],[-118.69184,34.40392],[-118.69184,34.40392],[-118.69203,34.40431],[-118.69204,34.40433],[-118.69211,34.40446],[-118.69221,34.40467],[-118.69223,34.40471],[-118.69241,34.40507],[-118.69241,34.40509],[-118.69258,34.40543],[-118.6926,34.40547],[-118.69274,34.40574],[-118.69277,34.40581],[-118.69278,34.40583],[-118.69281,34.40589],[-118.69284,34.40595],[-118.69287,34.40601],[-118.6929,34.40607],[-118.69292,34.4061],[-118.69293,34.40614],[-118.69295,34.40618],[-118.69297,34.40621],[-118.69297,34.40622],[-118.69298,34.40624],[-118.69299,34.40626],[-118.69302,34.40632],[-118.69305,34.40637],[-118.69348,34.40725],[-118.69366,34.40762],[-118.6937,34.4077],[-118.69375,34.4078],[-118.6938,34.40791],[-118.69415,34.40862],[-118.69444,34.4092],[-118.69445,34.40923],[-118.69465,34.40963],[-118.69521,34.41076],[-118.6953,34.41096],[-118.69543,34.41121],[-118.69623,34.41285],[-118.69629,34.41297],[-118.69706,34.41454],[-118.6972,34.41481],[-118.6978,34.41603],[-118.69795,34.41634],[-118.69798,34.4164],[-118.69807,34.41658],[-118.69891,34.4183],[-118.69897,34.41842],[-118.69984,34.42018],[-118.6999,34.42031],[-118.70019,34.42089],[-118.70019,34.42089],[-118.70057,34.42166],[-118.70133,34.42322],[-118.70136,34.42328],[-118.70187,34.42431],[-118.70216,34.42491],[-118.70221,34.425],[-118.70271,34.42602],[-118.70301,34.42663],[-118.70304,34.4267],[-118.70343,34.42749],[-118.70364,34.4279],[-118.70386,34.42837],[-118.70389,34.42842],[-118.70426,34.42916],[-118.7047,34.43007],[-118.70474,34.43015],[-118.70539,34.43148],[-118.70557,34.43183],[-118.70559,34.43187],[-118.70641,34.43354],[-118.70644,34.4336],[-118.70653,34.43378],[-118.70709,34.43492],[-118.70713,34.43501],[-118.70714,34.43503],[-118.70749,34.43573],[-118.70759,34.43593],[-118.70842,34.43762],[-118.70853,34.43785],[-118.70888,34.43857],[-118.70904,34.43889],[-118.70939,34.43959],[-118.70944,34.4397],[-118.71039,34.44162],[-118.71042,34.44169],[-118.71069,34.44224],[-118.71122,34.44332],[-118.71136,34.44359],[-118.71143,34.44374],[-118.71234,34.44558],[-118.71239,34.4457],[-118.71251,34.44593],[-118.71251,34.44593],[-118.71309,34.44711],[-118.71329,34.44752],[-118.71337,34.44768],[-118.71388,34.44871],[-118.71399,34.44895],[-118.71431,34.44959],[-118.71463,34.45024],[-118.71463,34.45024],[-118.71463,34.45024],[-118.71476,34.4505],[-118.71481,34.45061],[-118.71482,34.45062],[-118.7149,34.4508],[-118.71491,34.45081],[-118.715,34.451],[-118.71501,34.45101],[-118.71509,34.45118],[-118.71509,34.45119],[-118.7151,34.45121],[-118.71515,34.4513],[-118.71542,34.45186],[-118.71544,34.4519],[-118.71579,34.45259],[-118.71583,34.45269],[-118.71612,34.45327],[-118.71616,34.45335],[-118.71619,34.45342],[-118.71654,34.45412],[-118.71657,34.45418],[-118.71692,34.4549],[-118.71694,34.45494],[-118.71708,34.45522],[-118.7173,34.45568],[-118.71732,34.45571],[-118.7177,34.45647],[-118.71771,34.45651],[-118.71788,34.45684],[-118.71804,34.45718],[-118.71809,34.45726],[-118.7181,34.4573],[-118.71848,34.45807],[-118.7185,34.4581],[-118.71886,34.45884],[-118.71889,34.4589],[-118.71922,34.45956],[-118.71927,34.45967],[-118.7196,34.46033],[-118.71963,34.4604],[-118.71964,34.46042],[-118.72014,34.46143],[-118.72061,34.46238],[-118.72069,34.46255],[-118.72146,34.46412],[-118.72187,34.46495],[-118.72189,34.46499],[-118.72291,34.46706],[-118.72291,34.46706],[-118.72238,34.46769],[-118.72071,34.46965],[-118.72011,34.47017],[-118.71881,34.47132],[-118.71625,34.47357],[-118.71495,34.4747],[-118.71497,34.473],[-118.71498,34.47127],[-118.71444,34.47126],[-118.71389,34.47125],[-118.71335,34.47124],[-118.71281,34.47123],[-118.71281,34.47123],[-118.71227,34.47123],[-118.71173,34.47122],[-118.71119,34.47121],[-118.71118,34.47127],[-118.71118,34.47127],[-118.71118,34.47208],[-118.70969,34.47181],[-118.7077,34.4718],[-118.707,34.47203],[-118.7028,34.47339],[-118.7028,34.47383],[-118.70279,34.47475],[-118.70197,34.47473],[-118.70173,34.47473],[-118.69787,34.47465],[-118.69435,34.47458],[-118.69436,34.47694],[-118.69436,34.47709],[-118.69436,34.47736],[-118.69436,34.47764],[-118.69436,34.47821],[-118.69331,34.4782],[-118.69286,34.47819],[-118.69021,34.47815],[-118.69023,34.47944],[-118.69027,34.48183],[-118.68601,34.48175],[-118.686,34.48172],[-118.68602,34.47886],[-118.68602,34.47886],[-118.68602,34.47886],[-118.68603,34.47809],[-118.68605,34.47447],[-118.68493,34.47446],[-118.68327,34.47444],[-118.68187,34.47442],[-118.67799,34.47437],[-118.6777,34.47436],[-118.67769,34.47379],[-118.67769,34.4733],[-118.67769,34.4733],[-118.67776,34.47317],[-118.67777,34.47231],[-118.67777,34.47182],[-118.6777,34.47182],[-118.6777,34.47179],[-118.6777,34.47177],[-118.67771,34.47076],[-118.67771,34.47074],[-118.67507,34.47077],[-118.67339,34.47079],[-118.67273,34.4708],[-118.67169,34.47081],[-118.67164,34.47081],[-118.67125,34.47081],[-118.67122,34.47081],[-118.67123,34.46969],[-118.67124,34.46923],[-118.67124,34.469],[-118.67123,34.469],[-118.66985,34.46902],[-118.66962,34.46902],[-118.66909,34.46902],[-118.66908,34.46902],[-118.66908,34.46872],[-118.66909,34.46849],[-118.66909,34.46813],[-118.6691,34.46765],[-118.6691,34.46722],[-118.6691,34.46721],[-118.66911,34.46721],[-118.66965,34.46721],[-118.67047,34.4672],[-118.67067,34.4672],[-118.67094,34.46719],[-118.67142,34.46719],[-118.67342,34.46717],[-118.67336,34.46666],[-118.67309,34.46451],[-118.67303,34.46405],[-118.67298,34.46362],[-118.6729,34.46292],[-118.67279,34.46204],[-118.67276,34.46184],[-118.67272,34.46148],[-118.67268,34.46113],[-118.67267,34.46107],[-118.67267,34.46106],[-118.67265,34.46095],[-118.67254,34.46006],[-118.67143,34.46006],[-118.66819,34.46007],[-118.66755,34.46008],[-118.66383,34.46009],[-118.66275,34.46012],[-118.65983,34.46011],[-118.65949,34.46011],[-118.65921,34.45816],[-118.65909,34.45735],[-118.65897,34.45651],[-118.6589,34.45605],[-118.65887,34.45607],[-118.65824,34.45636],[-118.65825,34.45638],[-118.65826,34.4564],[-118.65826,34.45642],[-118.65826,34.45644],[-118.65825,34.45646],[-118.65824,34.45648],[-118.65823,34.45649],[-118.65822,34.4565],[-118.65821,34.4565],[-118.6582,34.45651],[-118.65816,34.45653],[-118.65814,34.45655],[-118.65812,34.45658],[-118.65809,34.4566],[-118.65807,34.45663],[-118.65805,34.45667],[-118.65804,34.4567],[-118.65803,34.45673],[-118.658,34.45691],[-118.65798,34.45703],[-118.65797,34.45706],[-118.65797,34.45708],[-118.65798,34.4571],[-118.65799,34.45713],[-118.658,34.45716],[-118.65803,34.45719],[-118.65806,34.45722],[-118.65807,34.45723],[-118.65814,34.45727],[-118.65817,34.45729],[-118.65818,34.4573],[-118.6582,34.45732],[-118.65821,34.45733],[-118.65821,34.45735],[-118.65822,34.45737],[-118.65822,34.45739],[-118.65822,34.45741],[-118.65821,34.45744],[-118.6582,34.45746],[-118.65819,34.45748],[-118.65817,34.4575],[-118.65815,34.45751],[-118.65813,34.45753],[-118.65809,34.45754],[-118.65789,34.45757],[-118.65786,34.45758],[-118.65784,34.45759],[-118.65781,34.4576],[-118.65779,34.45762],[-118.65777,34.45763],[-118.65775,34.45765],[-118.65774,34.45767],[-118.65773,34.45769],[-118.65769,34.45779],[-118.65768,34.45783],[-118.65767,34.45785],[-118.65767,34.45787],[-118.65767,34.45789],[-118.65767,34.45792],[-118.65768,34.45794],[-118.6577,34.45796],[-118.65771,34.45799],[-118.65771,34.45801],[-118.65772,34.45803],[-118.65772,34.45806],[-118.65772,34.45808],[-118.65771,34.45819],[-118.65771,34.45824],[-118.6577,34.45828],[-118.65769,34.45832],[-118.65768,34.45837],[-118.65767,34.4584],[-118.65765,34.45844],[-118.65764,34.45847],[-118.65762,34.4585],[-118.6576,34.45854],[-118.65757,34.45858],[-118.65755,34.45862],[-118.65752,34.45865],[-118.65749,34.4587],[-118.65746,34.45873],[-118.65743,34.45878],[-118.6574,34.45883],[-118.65736,34.45888],[-118.65733,34.45893],[-118.6573,34.45897],[-118.65727,34.45902],[-118.65725,34.45904],[-118.65721,34.45909],[-118.65718,34.45913],[-118.65715,34.45917],[-118.65712,34.4592],[-118.65707,34.45924],[-118.65703,34.45928],[-118.65711,34.46003],[-118.6571,34.46008],[-118.65708,34.46008],[-118.65708,34.46003],[-118.65703,34.4596],[-118.65699,34.45925],[-118.65702,34.45923],[-118.65705,34.4592],[-118.65708,34.45917],[-118.65712,34.45913],[-118.65716,34.45908],[-118.65722,34.459],[-118.65728,34.45892],[-118.65731,34.45886],[-118.65735,34.45881],[-118.65738,34.45876],[-118.65747,34.45865],[-118.6575,34.4586],[-118.65753,34.45856],[-118.65756,34.45852],[-118.65758,34.45849],[-118.6576,34.45844],[-118.65761,34.45841],[-118.65763,34.45837],[-118.65764,34.45833],[-118.65765,34.45831],[-118.65765,34.45827],[-118.65766,34.45824],[-118.65766,34.45821],[-118.65767,34.45809],[-118.65767,34.45806],[-118.65767,34.45805],[-118.65767,34.45803],[-118.65766,34.45801],[-118.65766,34.458],[-118.65765,34.45798],[-118.65764,34.45796],[-118.65763,34.45795],[-118.65763,34.45793],[-118.65762,34.45791],[-118.65762,34.4579],[-118.65762,34.45788],[-118.65762,34.45786],[-118.65762,34.45785],[-118.65762,34.45783],[-118.65763,34.45782],[-118.65768,34.45769],[-118.65769,34.45768],[-118.65769,34.45766],[-118.6577,34.45765],[-118.65771,34.45764],[-118.65772,34.45762],[-118.65774,34.45761],[-118.65775,34.45759],[-118.65778,34.45757],[-118.6578,34.45756],[-118.65782,34.45755],[-118.65786,34.45754],[-118.65788,34.45753],[-118.65798,34.45751],[-118.65806,34.4575],[-118.65807,34.4575],[-118.65809,34.4575],[-118.65811,34.45749],[-118.65813,34.45748],[-118.65814,34.45747],[-118.65815,34.45746],[-118.65816,34.45745],[-118.65817,34.45744],[-118.65818,34.45742],[-118.65818,34.4574],[-118.65818,34.45738],[-118.65818,34.45737],[-118.65818,34.45735],[-118.65817,34.45733],[-118.65815,34.45732],[-118.65813,34.45731],[-118.65812,34.45729],[-118.65807,34.45726],[-118.65804,34.45725],[-118.658,34.45721],[-118.65797,34.45718],[-118.65795,34.45714],[-118.65793,34.45714],[-118.65792,34.45711],[-118.65792,34.45708],[-118.65791,34.45704],[-118.65792,34.45701],[-118.65793,34.45701],[-118.65797,34.4568],[-118.6567,34.4569],[-118.65662,34.45614],[-118.65657,34.45569],[-118.65625,34.45285],[-118.65532,34.45285],[-118.65407,34.45283],[-118.6531,34.45282],[-118.65145,34.45281],[-118.64971,34.45279],[-118.64972,34.45203],[-118.64972,34.45184],[-118.64971,34.45186],[-118.64947,34.45204],[-118.6492,34.45217],[-118.64883,34.45233],[-118.64878,34.45234],[-118.64819,34.45254],[-118.64817,34.45255],[-118.64814,34.45256],[-118.64812,34.45257],[-118.64793,34.45261],[-118.64778,34.45263],[-118.64775,34.45263],[-118.64771,34.45264],[-118.64758,34.45264],[-118.64754,34.45265],[-118.64747,34.45266],[-118.6473,34.45268],[-118.64728,34.45268],[-118.64723,34.45269],[-118.64719,34.45269],[-118.64714,34.4527],[-118.64711,34.45271],[-118.64704,34.45273],[-118.64695,34.45275],[-118.64693,34.45276],[-118.64689,34.45278],[-118.64678,34.45284],[-118.64655,34.45303],[-118.64653,34.45304],[-118.64651,34.45306],[-118.6465,34.45307],[-118.64646,34.45311],[-118.64642,34.45314],[-118.64639,34.45317],[-118.64635,34.4532],[-118.64633,34.45322],[-118.64625,34.45329],[-118.64624,34.4533],[-118.64621,34.45333],[-118.64615,34.45338],[-118.64609,34.45344],[-118.64601,34.45352],[-118.64599,34.45354],[-118.64595,34.45358],[-118.64592,34.45361],[-118.64587,34.45366],[-118.64582,34.45375],[-118.64573,34.45388],[-118.64567,34.45398],[-118.64564,34.45403],[-118.64559,34.45412],[-118.64552,34.45425],[-118.64549,34.45431],[-118.64539,34.4545],[-118.64537,34.45453],[-118.64523,34.45479],[-118.64499,34.45524],[-118.64496,34.4553],[-118.64495,34.45532],[-118.64492,34.45535],[-118.64488,34.4554],[-118.64484,34.45543],[-118.64474,34.45551],[-118.64464,34.45559],[-118.64459,34.45563],[-118.64456,34.45564],[-118.64447,34.45568],[-118.64446,34.45569],[-118.64443,34.4557],[-118.64438,34.45572],[-118.64407,34.45584],[-118.64396,34.45588],[-118.64388,34.45592],[-118.64332,34.45613],[-118.6433,34.45614],[-118.64328,34.45615],[-118.64325,34.45616],[-118.64323,34.45617],[-118.64319,34.45618],[-118.64292,34.45628],[-118.64288,34.4563],[-118.64286,34.4563],[-118.64262,34.45639],[-118.64262,34.4564],[-118.6426,34.4564],[-118.64259,34.45641],[-118.64257,34.45641],[-118.64256,34.45642],[-118.64231,34.45651],[-118.64229,34.45652],[-118.64228,34.45652],[-118.64206,34.45661],[-118.64204,34.45661],[-118.64202,34.45663],[-118.64199,34.45664],[-118.64191,34.45667],[-118.64189,34.45668],[-118.64187,34.45669],[-118.64185,34.4567],[-118.64183,34.45671],[-118.64176,34.45674],[-118.64175,34.45675],[-118.64174,34.45675],[-118.64169,34.45678],[-118.64164,34.45682],[-118.64161,34.45684],[-118.64147,34.45692],[-118.64145,34.45694],[-118.64144,34.45695],[-118.64142,34.45696],[-118.64135,34.457],[-118.64133,34.45701],[-118.64131,34.45702],[-118.64128,34.45704],[-118.64125,34.45705],[-118.64123,34.45707],[-118.64112,34.45713],[-118.64111,34.45713],[-118.6411,34.45714],[-118.64107,34.45716],[-118.64106,34.45716],[-118.64104,34.45717],[-118.64103,34.45718],[-118.64103,34.45718],[-118.64103,34.45718],[-118.64102,34.45718],[-118.64102,34.45718],[-118.64101,34.45718],[-118.64101,34.45719],[-118.641,34.45719],[-118.641,34.45719],[-118.641,34.45719],[-118.64104,34.45723],[-118.64097,34.45723],[-118.64093,34.45723],[-118.64084,34.45723],[-118.64075,34.45723],[-118.64051,34.45723],[-118.64046,34.45723],[-118.6402,34.45719],[-118.6402,34.45719],[-118.64015,34.4572],[-118.64009,34.45722],[-118.63996,34.45725],[-118.63977,34.45726],[-118.63946,34.45728],[-118.63917,34.45729],[-118.63896,34.4573],[-118.63891,34.4573],[-118.63851,34.4573],[-118.63841,34.45729],[-118.63834,34.45729],[-118.63798,34.45726],[-118.63766,34.45717],[-118.63719,34.45705],[-118.63689,34.45697],[-118.63659,34.45689],[-118.63636,34.45683],[-118.63626,34.45679],[-118.63603,34.4567],[-118.63579,34.4566],[-118.63567,34.45654],[-118.63546,34.45641],[-118.63532,34.45633],[-118.63528,34.45631],[-118.63524,34.45628],[-118.63503,34.45612],[-118.63481,34.45596],[-118.63449,34.45569],[-118.63441,34.45563],[-118.63429,34.45552],[-118.63418,34.45543],[-118.63406,34.45533],[-118.63396,34.45524],[-118.63387,34.45517],[-118.63384,34.45514],[-118.6338,34.45512],[-118.63366,34.45498],[-118.63365,34.45498],[-118.63332,34.45526],[-118.6333,34.45527],[-118.63329,34.45528],[-118.63328,34.45529],[-118.63327,34.4553],[-118.63326,34.45531],[-118.63324,34.45532],[-118.63323,34.45533],[-118.63322,34.45534],[-118.6332,34.45534],[-118.63319,34.45535],[-118.63318,34.45536],[-118.63316,34.45537],[-118.63315,34.45538],[-118.63314,34.45538],[-118.63312,34.45539],[-118.63311,34.4554],[-118.63309,34.45541],[-118.63308,34.45541],[-118.63307,34.45542],[-118.63305,34.45543],[-118.63304,34.45543],[-118.63302,34.45544],[-118.63301,34.45545],[-118.63299,34.45545],[-118.63298,34.45546],[-118.63296,34.45546],[-118.63295,34.45547],[-118.63293,34.45547],[-118.63292,34.45548],[-118.6329,34.45548],[-118.63288,34.45549],[-118.63287,34.45549],[-118.63285,34.4555],[-118.63284,34.4555],[-118.63282,34.4555],[-118.63281,34.45551],[-118.63279,34.45551],[-118.63277,34.45551],[-118.63276,34.45552],[-118.63274,34.45552],[-118.63272,34.45552],[-118.63271,34.45553],[-118.63269,34.45553],[-118.63268,34.45553],[-118.63266,34.45553],[-118.63264,34.45553],[-118.63263,34.45553],[-118.63261,34.45554],[-118.63259,34.45554],[-118.63258,34.45554],[-118.63256,34.45554],[-118.63254,34.45554],[-118.63253,34.45554],[-118.63251,34.45554],[-118.63249,34.45554],[-118.63248,34.45554],[-118.63246,34.45554],[-118.63244,34.45554],[-118.63243,34.45554],[-118.63241,34.45554],[-118.63239,34.45554],[-118.63238,34.45554],[-118.63236,34.45554],[-118.63234,34.45554],[-118.63233,34.45553],[-118.63231,34.45553],[-118.63229,34.45553],[-118.63228,34.45553],[-118.63226,34.45553],[-118.63225,34.45552],[-118.63223,34.45552],[-118.63221,34.45552],[-118.6322,34.45552],[-118.63218,34.45552],[-118.63216,34.45551],[-118.63215,34.45551],[-118.63213,34.45551],[-118.63212,34.4555],[-118.6321,34.4555],[-118.63208,34.4555],[-118.63207,34.45549],[-118.63205,34.45549],[-118.63203,34.45548],[-118.63169,34.45532],[-118.63125,34.45511],[-118.63124,34.45509],[-118.63122,34.45508],[-118.63121,34.45508],[-118.63119,34.45507],[-118.63118,34.45506],[-118.63116,34.45506],[-118.63115,34.45505],[-118.63113,34.45505],[-118.63112,34.45504],[-118.6311,34.45503],[-118.63109,34.45503],[-118.63107,34.45502],[-118.63106,34.45502],[-118.63104,34.45501],[-118.63103,34.45501],[-118.63101,34.455],[-118.631,34.455],[-118.63098,34.45499],[-118.63096,34.45499],[-118.63095,34.45498],[-118.63093,34.45498],[-118.63092,34.45497],[-118.6309,34.45497],[-118.63089,34.45497],[-118.63087,34.45496],[-118.63085,34.45496],[-118.63084,34.45495],[-118.63082,34.45495],[-118.63081,34.45495],[-118.63079,34.45494],[-118.63077,34.45494],[-118.63076,34.45494],[-118.63074,34.45493],[-118.63073,34.45493],[-118.63071,34.45493],[-118.63069,34.45493],[-118.63068,34.45492],[-118.63066,34.45492],[-118.63064,34.45492],[-118.63063,34.45492],[-118.63061,34.45491],[-118.6306,34.45491],[-118.63058,34.45491],[-118.63056,34.45491],[-118.63055,34.45491],[-118.63053,34.45491],[-118.63051,34.4549],[-118.6305,34.4549],[-118.63048,34.4549],[-118.63046,34.4549],[-118.63045,34.4549],[-118.63043,34.4549],[-118.63042,34.4549],[-118.63043,34.45481],[-118.63043,34.45475],[-118.63043,34.45466],[-118.63044,34.45462],[-118.63044,34.45446],[-118.63042,34.45443],[-118.63041,34.45441],[-118.63037,34.45432],[-118.63034,34.45426],[-118.63023,34.45419],[-118.63022,34.45419],[-118.6301,34.45411],[-118.63009,34.45411],[-118.63002,34.45406],[-118.62997,34.45403],[-118.62987,34.45397],[-118.62976,34.45371],[-118.62976,34.45371],[-118.62967,34.45356],[-118.6296,34.45351],[-118.6295,34.45344],[-118.62943,34.45339],[-118.62915,34.45318],[-118.62902,34.45313],[-118.62892,34.45309],[-118.6289,34.45309],[-118.62883,34.45306],[-118.6288,34.45305],[-118.62875,34.45303],[-118.62867,34.453],[-118.62858,34.45296],[-118.62852,34.45294],[-118.62844,34.45291],[-118.62833,34.45286],[-118.62824,34.45283],[-118.62805,34.45283],[-118.62802,34.45283],[-118.62787,34.45284],[-118.62765,34.45285],[-118.62753,34.45286],[-118.62751,34.45286],[-118.62731,34.45298],[-118.62686,34.4532],[-118.62671,34.4533],[-118.62655,34.45339],[-118.62641,34.45345],[-118.62623,34.45353],[-118.62598,34.4536],[-118.62575,34.45367],[-118.62553,34.45367],[-118.62516,34.45372],[-118.62501,34.45376],[-118.62484,34.45383],[-118.62479,34.45384],[-118.62472,34.45388],[-118.62467,34.4539],[-118.62459,34.45394],[-118.6245,34.454],[-118.62441,34.45406],[-118.62431,34.45412],[-118.62422,34.45418],[-118.62412,34.45424],[-118.62403,34.4543],[-118.62394,34.45436],[-118.62379,34.4545],[-118.62367,34.45467],[-118.62363,34.45476],[-118.6236,34.45486],[-118.62357,34.45508],[-118.62354,34.45528],[-118.62352,34.45537],[-118.62345,34.45554],[-118.62342,34.45562],[-118.62339,34.45569],[-118.62336,34.45574],[-118.62334,34.45578],[-118.62331,34.45584],[-118.62328,34.45591],[-118.62328,34.45591],[-118.62326,34.4559],[-118.62242,34.45563],[-118.6224,34.45563],[-118.62239,34.45562],[-118.62237,34.45562],[-118.62236,34.45562],[-118.62234,34.45561],[-118.62232,34.45561],[-118.62231,34.4556],[-118.62229,34.4556],[-118.62228,34.45559],[-118.62226,34.45559],[-118.62225,34.45558],[-118.62223,34.45558],[-118.62222,34.45557],[-118.6222,34.45557],[-118.62219,34.45556],[-118.62217,34.45555],[-118.62216,34.45555],[-118.62214,34.45554],[-118.62213,34.45554],[-118.62211,34.45553],[-118.6221,34.45552],[-118.62208,34.45552],[-118.62207,34.45551],[-118.62205,34.4555],[-118.62204,34.4555],[-118.62202,34.45549],[-118.62201,34.45548],[-118.622,34.45547],[-118.62198,34.45547],[-118.62197,34.45546],[-118.62195,34.45545],[-118.62194,34.45544],[-118.62193,34.45544],[-118.62191,34.45543],[-118.6219,34.45542],[-118.62189,34.45541],[-118.62187,34.4554],[-118.62186,34.4554],[-118.62185,34.45539],[-118.62183,34.45538],[-118.62182,34.45537],[-118.62181,34.45536],[-118.6218,34.45535],[-118.62178,34.45534],[-118.62177,34.45534],[-118.62176,34.45533],[-118.62175,34.45532],[-118.62174,34.45531],[-118.62172,34.4553],[-118.62171,34.45529],[-118.6217,34.45528],[-118.62169,34.45527],[-118.62167,34.45526],[-118.62166,34.45525],[-118.62165,34.45524],[-118.62164,34.45523],[-118.62163,34.45522],[-118.62162,34.45521],[-118.62161,34.4552],[-118.6216,34.45519],[-118.62159,34.45518],[-118.62158,34.45517],[-118.62156,34.45516],[-118.62155,34.45515],[-118.62154,34.45513],[-118.62153,34.45512],[-118.62152,34.45511],[-118.62151,34.4551],[-118.62151,34.45509],[-118.6215,34.45508],[-118.62149,34.45507],[-118.62148,34.45506],[-118.62147,34.45504],[-118.62146,34.45503],[-118.62128,34.45481],[-118.62125,34.45483],[-118.62115,34.45489],[-118.62102,34.45497],[-118.62066,34.45515],[-118.62048,34.45524],[-118.61978,34.45551],[-118.61926,34.45565],[-118.61861,34.45577],[-118.61838,34.4558],[-118.61827,34.45582],[-118.6182,34.4559],[-118.61771,34.45594],[-118.6176,34.45595],[-118.61757,34.45596],[-118.61749,34.45596],[-118.61725,34.45598],[-118.61673,34.45603],[-118.61669,34.45603],[-118.61638,34.45606],[-118.61617,34.45608],[-118.61613,34.45609],[-118.61589,34.45611],[-118.61587,34.45611],[-118.61586,34.4561],[-118.61586,34.45576],[-118.61585,34.45539],[-118.61583,34.4551],[-118.61582,34.45499],[-118.61579,34.45476],[-118.61575,34.45453],[-118.6157,34.45427],[-118.61561,34.45391],[-118.61555,34.45368],[-118.61549,34.45349],[-118.61548,34.45344],[-118.61548,34.45344],[-118.61547,34.45342],[-118.61546,34.4534],[-118.6152,34.45272],[-118.61502,34.45234],[-118.61484,34.45196],[-118.61479,34.45187],[-118.61474,34.45179],[-118.61465,34.45164],[-118.61432,34.45116],[-118.61423,34.45104],[-118.61422,34.45103],[-118.61406,34.45079],[-118.61393,34.45064],[-118.61383,34.45051],[-118.61351,34.4501],[-118.61319,34.44971],[-118.61319,34.4497],[-118.61322,34.4497],[-118.61328,34.44968],[-118.61336,34.44969],[-118.61333,34.44964],[-118.61291,34.4491],[-118.6121,34.44805],[-118.61146,34.44722],[-118.61134,34.44708],[-118.61126,34.44697],[-118.6111,34.4468],[-118.61095,34.44663],[-118.6108,34.44648],[-118.61076,34.44643],[-118.61062,34.4463],[-118.61048,34.44617],[-118.61021,34.44594],[-118.61002,34.44578],[-118.60985,34.44565],[-118.60973,34.44556],[-118.60955,34.44544],[-118.60944,34.44536],[-118.60928,34.44525],[-118.60904,34.4451],[-118.60884,34.44498],[-118.60855,34.44482],[-118.60772,34.44438],[-118.60599,34.44349],[-118.60535,34.44316],[-118.60535,34.44316],[-118.60483,34.44289],[-118.60422,34.44257],[-118.60384,34.44237],[-118.60375,34.44233],[-118.60311,34.44199],[-118.60161,34.44121],[-118.60021,34.44048],[-118.59942,34.44008],[-118.59904,34.43988],[-118.59874,34.43971],[-118.59851,34.43958],[-118.59818,34.43939],[-118.59792,34.43923],[-118.59769,34.43907],[-118.59741,34.43889],[-118.59701,34.43861],[-118.59673,34.4384],[-118.59648,34.4382],[-118.59618,34.43796],[-118.59592,34.43773],[-118.59544,34.43733],[-118.59528,34.43719],[-118.59459,34.43661],[-118.59389,34.43601],[-118.59221,34.43458],[-118.59163,34.4341],[-118.59117,34.4337],[-118.59075,34.43335],[-118.59047,34.4331],[-118.59004,34.43274],[-118.58931,34.43212],[-118.58848,34.43141],[-118.58813,34.43112],[-118.58794,34.43095],[-118.58777,34.43079],[-118.58765,34.43068],[-118.58753,34.43056],[-118.5874,34.43041],[-118.58727,34.43027],[-118.58717,34.43015],[-118.58709,34.43006],[-118.58697,34.4299],[-118.58691,34.42983],[-118.58684,34.42973],[-118.58676,34.42963],[-118.58668,34.42951],[-118.58659,34.42938],[-118.58649,34.42923],[-118.5864,34.42908],[-118.58631,34.42892],[-118.58619,34.42871],[-118.58606,34.42845],[-118.58572,34.42781],[-118.58499,34.42641],[-118.58518,34.42645],[-118.58653,34.42701],[-118.58691,34.42717],[-118.58781,34.42739],[-118.59107,34.42815],[-118.59108,34.42815],[-118.59114,34.42824],[-118.59208,34.42952],[-118.5931,34.43091],[-118.59394,34.43206],[-118.59395,34.43207],[-118.59399,34.43213],[-118.59947,34.43325],[-118.59952,34.43327],[-118.60362,34.43473],[-118.60362,34.43473],[-118.6037,34.43476],[-118.60379,34.43479],[-118.60759,34.43613],[-118.61296,34.43558],[-118.61458,34.43391],[-118.61742,34.431],[-118.62037,34.42796],[-118.62191,34.42713],[-118.62509,34.42541],[-118.63091,34.41914],[-118.63174,34.41914],[-118.63208,34.41914],[-118.63583,34.41914],[-118.63616,34.41915],[-118.63931,34.41949],[-118.64271,34.41985],[-118.64368,34.41989],[-118.64755,34.42003],[-118.64992,34.42011],[-118.652,34.41832],[-118.65453,34.41615],[-118.65723,34.41383],[-118.66017,34.41131],[-118.66217,34.41054],[-118.66564,34.40921],[-118.66847,34.40812],[-118.67056,34.40731],[-118.67107,34.407],[-118.67186,34.40673],[-118.67289,34.40638],[-118.67293,34.40637],[-118.67351,34.40617],[-118.67357,34.40615],[-118.67388,34.40604],[-118.67435,34.40585],[-118.6746,34.40576],[-118.67465,34.40574]]]}}]}