{"type":"FeatureCollection","source":"Los Angeles County Registrar-Recorder/County Clerk, \"School Districts Trustee Areas\" and \"Division_Boundaries\" (ArcGIS Online), downloaded 4 October 2026. LA County GIS Terms of Use. For election purposes, not legal boundaries.","note":"","features":[{"type":"Feature","properties":{"seat":"santa-clarita-city-council-district-1","label":"District 1","county":"CITY OF SANTA CLARITA 1ST COUNCIL","role":"seat"},"geometry":{"type":"Polygon","coordinates":[[[-118.50468,34.34458],[-118.506,34.34137],[-118.50602,34.34137],[-118.50707,34.34139],[-118.50747,34.3414],[-118.50764,34.34141],[-118.50945,34.34146],[-118.51059,34.34149],[-118.51064,34.34149],[-118.51084,34.3419],[-118.51085,34.34191],[-118.51081,34.34225],[-118.51063,34.34419],[-118.51059,34.34461],[-118.51057,34.34489],[-118.51059,34.34489],[-118.51213,34.34497],[-118.51239,34.34499],[-118.51258,34.345],[-118.51271,34.34501],[-118.51272,34.34501],[-118.51272,34.34501],[-118.51304,34.34563],[-118.51352,34.3466],[-118.51352,34.34661],[-118.51365,34.34686],[-118.51415,34.34787],[-118.51418,34.34791],[-118.51448,34.34852],[-118.5146,34.34875],[-118.5146,34.34877],[-118.51479,34.34914],[-118.51511,34.34979],[-118.51537,34.35031],[-118.51587,34.35131],[-118.51622,34.352],[-118.51635,34.35228],[-118.51636,34.3523],[-118.51654,34.35266],[-118.51657,34.35272],[-118.51681,34.3532],[-118.5171,34.35377],[-118.51721,34.35399],[-118.51735,34.35431],[-118.51754,34.35483],[-118.51755,34.35482],[-118.51756,34.35482],[-118.5176,34.35481],[-118.51767,34.35506],[-118.51779,34.35545],[-118.51782,34.35556],[-118.51785,34.35566],[-118.5179,34.3558],[-118.51797,34.35596],[-118.51808,34.3562],[-118.51813,34.35631],[-118.51825,34.3565],[-118.51832,34.35661],[-118.5185,34.35684],[-118.5186,34.35697],[-118.51873,34.35711],[-118.51891,34.3573],[-118.52002,34.35846],[-118.52027,34.35872],[-118.52184,34.36038],[-118.52189,34.36043],[-118.52211,34.36066],[-118.52234,34.36089],[-118.5225,34.36107],[-118.52268,34.36126],[-118.52275,34.36133],[-118.52282,34.36141],[-118.52304,34.36166],[-118.52322,34.3619],[-118.52335,34.36211],[-118.52351,34.36244],[-118.52357,34.36258],[-118.52362,34.36272],[-118.52364,34.36278],[-118.52364,34.36278],[-118.52369,34.36296],[-118.52371,34.36306],[-118.52372,34.36309],[-118.52373,34.36316],[-118.52373,34.36318],[-118.52375,34.36329],[-118.52376,34.36338],[-118.52377,34.36347],[-118.52377,34.36351],[-118.52377,34.36356],[-118.52378,34.3636],[-118.52378,34.36363],[-118.52378,34.36364],[-118.52378,34.36364],[-118.52378,34.36364],[-118.52378,34.36365],[-118.52378,34.36365],[-118.52378,34.36365],[-118.52378,34.36366],[-118.52378,34.36366],[-118.52378,34.36366],[-118.52378,34.36367],[-118.52378,34.36367],[-118.52378,34.36377],[-118.52378,34.36377],[-118.52378,34.36378],[-118.52378,34.36379],[-118.52377,34.36392],[-118.52377,34.36393],[-118.52377,34.36395],[-118.52376,34.36401],[-118.52376,34.36401],[-118.52376,34.36401],[-118.52375,34.36411],[-118.52374,34.36419],[-118.52374,34.3642],[-118.52374,34.3642],[-118.52374,34.36422],[-118.52372,34.36432],[-118.52369,34.36449],[-118.52366,34.36464],[-118.52362,34.36484],[-118.52361,34.36491],[-118.52356,34.36517],[-118.52352,34.36538],[-118.52346,34.36571],[-118.52346,34.36574],[-118.52339,34.36608],[-118.52335,34.36629],[-118.52332,34.36646],[-118.52332,34.36649],[-118.52327,34.36671],[-118.52327,34.36676],[-118.52319,34.36717],[-118.52317,34.36728],[-118.52314,34.36746],[-118.52304,34.36799],[-118.523,34.3682],[-118.52296,34.36843],[-118.52285,34.369],[-118.52281,34.36924],[-118.52278,34.36938],[-118.5227,34.36981],[-118.52263,34.37019],[-118.52258,34.37048],[-118.52248,34.37097],[-118.52244,34.3712],[-118.52244,34.37123],[-118.52242,34.37133],[-118.52239,34.37148],[-118.52234,34.37175],[-118.5223,34.372],[-118.52229,34.37209],[-118.52227,34.37231],[-118.52226,34.37249],[-118.52227,34.37264],[-118.52229,34.37283],[-118.52233,34.37305],[-118.52234,34.37313],[-118.52237,34.37322],[-118.52239,34.3733],[-118.52242,34.37337],[-118.52242,34.37337],[-118.52242,34.37338],[-118.52242,34.37338],[-118.52242,34.37338],[-118.52242,34.37339],[-118.52243,34.3734],[-118.52243,34.37342],[-118.52244,34.37345],[-118.52245,34.37347],[-118.52246,34.37348],[-118.52246,34.37349],[-118.52246,34.37349],[-118.52248,34.37354],[-118.52248,34.37354],[-118.52251,34.3736],[-118.52255,34.3737],[-118.52259,34.37379],[-118.52266,34.37391],[-118.52275,34.37403],[-118.52281,34.37413],[-118.52284,34.37416],[-118.52303,34.37441],[-118.52326,34.37469],[-118.52337,34.37483],[-118.52359,34.37512],[-118.52369,34.37524],[-118.52382,34.3754],[-118.52395,34.37545],[-118.52404,34.37549],[-118.52412,34.37552],[-118.52434,34.37561],[-118.52431,34.37556],[-118.5249,34.37583],[-118.52522,34.37596],[-118.52524,34.37597],[-118.5254,34.37603],[-118.52547,34.37606],[-118.52554,34.37609],[-118.52566,34.37614],[-118.52572,34.37617],[-118.52581,34.37622],[-118.52589,34.37627],[-118.52598,34.37634],[-118.52603,34.37638],[-118.52608,34.37643],[-118.52633,34.37669],[-118.52633,34.37669],[-118.52643,34.37662],[-118.52646,34.37661],[-118.52649,34.3766],[-118.52658,34.37659],[-118.52665,34.37659],[-118.52673,34.3766],[-118.52679,34.37662],[-118.5269,34.37667],[-118.52695,34.3767],[-118.52708,34.37677],[-118.5272,34.37683],[-118.52733,34.37688],[-118.52778,34.37707],[-118.52782,34.37708],[-118.52788,34.37711],[-118.5281,34.3772],[-118.52822,34.37725],[-118.52858,34.37741],[-118.52898,34.37758],[-118.52904,34.37761],[-118.52942,34.37777],[-118.52967,34.37788],[-118.52991,34.37797],[-118.53006,34.37803],[-118.53036,34.37816],[-118.53053,34.37823],[-118.53122,34.3772],[-118.5315,34.37681],[-118.53171,34.37651],[-118.53188,34.37628],[-118.53227,34.37573],[-118.53256,34.37532],[-118.53259,34.37527],[-118.53276,34.37498],[-118.5328,34.3749],[-118.53314,34.37443],[-118.53326,34.37448],[-118.53344,34.37423],[-118.53353,34.3741],[-118.53373,34.37382],[-118.53383,34.37381],[-118.53446,34.37437],[-118.53465,34.37454],[-118.53529,34.37511],[-118.53535,34.37517],[-118.53538,34.37519],[-118.53564,34.37542],[-118.53586,34.37561],[-118.5361,34.37582],[-118.5362,34.37591],[-118.53674,34.37639],[-118.53709,34.3767],[-118.53728,34.37687],[-118.53754,34.3771],[-118.53776,34.3773],[-118.53787,34.3774],[-118.53797,34.37748],[-118.53822,34.3777],[-118.53828,34.37776],[-118.53829,34.37776],[-118.53842,34.37795],[-118.53847,34.37801],[-118.53847,34.37801],[-118.53859,34.37817],[-118.53871,34.37833],[-118.5388,34.37845],[-118.53885,34.37853],[-118.53892,34.37862],[-118.53904,34.37878],[-118.53912,34.37888],[-118.53918,34.37897],[-118.53933,34.37917],[-118.53954,34.37944],[-118.53972,34.37969],[-118.53983,34.37983],[-118.53998,34.37982],[-118.54032,34.3798],[-118.54065,34.37978],[-118.54068,34.37985],[-118.54074,34.37997],[-118.54108,34.38068],[-118.54111,34.38073],[-118.5413,34.38117],[-118.54142,34.38146],[-118.54143,34.38149],[-118.54162,34.38197],[-118.54167,34.38213],[-118.54175,34.38234],[-118.54197,34.38278],[-118.54216,34.38311],[-118.54244,34.38351],[-118.54274,34.38391],[-118.54328,34.3846],[-118.5436,34.38504],[-118.54361,34.38505],[-118.54373,34.38521],[-118.54391,34.38544],[-118.54405,34.38563],[-118.54417,34.38578],[-118.54441,34.38609],[-118.54447,34.38616],[-118.54452,34.38622],[-118.54486,34.38667],[-118.54491,34.38673],[-118.54501,34.38686],[-118.5453,34.38723],[-118.54537,34.38733],[-118.54553,34.38755],[-118.54561,34.38765],[-118.54565,34.38769],[-118.54568,34.38774],[-118.54585,34.38795],[-118.546,34.38816],[-118.54612,34.38831],[-118.546,34.38837],[-118.54596,34.38838],[-118.5457,34.38846],[-118.54524,34.38874],[-118.54504,34.38891],[-118.54483,34.3891],[-118.54451,34.38938],[-118.54437,34.3895],[-118.54408,34.38976],[-118.54396,34.38999],[-118.5437,34.39022],[-118.54356,34.39033],[-118.54314,34.39071],[-118.5427,34.39109],[-118.54259,34.39119],[-118.54233,34.39142],[-118.54226,34.39148],[-118.54238,34.39163],[-118.54154,34.39208],[-118.54151,34.39209],[-118.54151,34.39209],[-118.54145,34.39213],[-118.54145,34.39213],[-118.54144,34.39213],[-118.54124,34.39224],[-118.54074,34.3925],[-118.54087,34.39267],[-118.54067,34.39278],[-118.54051,34.39286],[-118.54033,34.39296],[-118.5402,34.39279],[-118.54019,34.39279],[-118.54013,34.39282],[-118.54031,34.39305],[-118.53967,34.39335],[-118.53952,34.39315],[-118.53939,34.39322],[-118.53925,34.39329],[-118.53893,34.39346],[-118.53923,34.39393],[-118.53929,34.39402],[-118.53929,34.39402],[-118.53933,34.39408],[-118.53933,34.39424],[-118.53934,34.39482],[-118.53934,34.39486],[-118.53934,34.395],[-118.53934,34.39503],[-118.53937,34.39521],[-118.53935,34.39522],[-118.53933,34.39522],[-118.53932,34.39522],[-118.5393,34.39522],[-118.53928,34.39523],[-118.53927,34.39523],[-118.53925,34.39523],[-118.53923,34.39524],[-118.53922,34.39524],[-118.5392,34.39524],[-118.53919,34.39524],[-118.53917,34.39525],[-118.53915,34.39525],[-118.53914,34.39525],[-118.53912,34.39525],[-118.5391,34.39526],[-118.53909,34.39526],[-118.53907,34.39526],[-118.53906,34.39527],[-118.53904,34.39527],[-118.53902,34.39527],[-118.53901,34.39527],[-118.539,34.39528],[-118.53899,34.39528],[-118.53897,34.39528],[-118.53896,34.39528],[-118.53895,34.39524],[-118.53894,34.39516],[-118.53893,34.3951],[-118.53891,34.39501],[-118.5389,34.39497],[-118.53884,34.39479],[-118.53882,34.39473],[-118.53877,34.3946],[-118.53871,34.39448],[-118.53862,34.39433],[-118.53853,34.3942],[-118.53845,34.39409],[-118.5383,34.3939],[-118.53824,34.39382],[-118.53818,34.39374],[-118.53801,34.39353],[-118.53795,34.39344],[-118.53788,34.39348],[-118.53777,34.39354],[-118.53775,34.39355],[-118.53761,34.39363],[-118.53761,34.39363],[-118.53745,34.39371],[-118.53737,34.39375],[-118.53695,34.39397],[-118.5368,34.39405],[-118.53647,34.39423],[-118.53632,34.3943],[-118.53632,34.3943],[-118.53629,34.3943],[-118.53596,34.3943],[-118.53552,34.3943],[-118.53506,34.3943],[-118.53437,34.39429],[-118.53437,34.39429],[-118.53432,34.39429],[-118.53367,34.39429],[-118.53304,34.39429],[-118.53285,34.39429],[-118.53269,34.39429],[-118.53246,34.39428],[-118.53236,34.39428],[-118.53221,34.39428],[-118.53193,34.39428],[-118.53188,34.39428],[-118.53164,34.39428],[-118.53159,34.39428],[-118.53151,34.39428],[-118.53151,34.39428],[-118.53148,34.39418],[-118.53145,34.39405],[-118.53136,34.39371],[-118.53134,34.39366],[-118.53127,34.3934],[-118.53119,34.3931],[-118.53106,34.39261],[-118.53103,34.39249],[-118.53039,34.39237],[-118.52935,34.39219],[-118.52923,34.39217],[-118.52709,34.39178],[-118.52696,34.39176],[-118.5268,34.39173],[-118.52655,34.39169],[-118.52642,34.39166],[-118.52594,34.39157],[-118.52548,34.39149],[-118.52535,34.39147],[-118.52501,34.39141],[-118.52481,34.39137],[-118.52483,34.39128],[-118.52484,34.39125],[-118.52485,34.3912],[-118.52487,34.39116],[-118.52489,34.39108],[-118.52492,34.39095],[-118.52497,34.39078],[-118.525,34.39066],[-118.52502,34.39059],[-118.52504,34.39051],[-118.52505,34.39048],[-118.52505,34.39045],[-118.52509,34.3903],[-118.52511,34.39025],[-118.52512,34.39018],[-118.52516,34.39006],[-118.52516,34.39006],[-118.52527,34.38962],[-118.52528,34.38959],[-118.5253,34.38951],[-118.52531,34.38948],[-118.52526,34.38947],[-118.52518,34.38946],[-118.52507,34.38944],[-118.52451,34.38934],[-118.52403,34.38925],[-118.52376,34.3892],[-118.52328,34.38911],[-118.52317,34.38909],[-118.52306,34.38907],[-118.52296,34.38905],[-118.52293,34.38905],[-118.52282,34.38903],[-118.52257,34.38898],[-118.52238,34.38895],[-118.52164,34.38881],[-118.52146,34.38878],[-118.52134,34.38876],[-118.52119,34.38873],[-118.52118,34.38873],[-118.52079,34.38866],[-118.52074,34.38865],[-118.52066,34.38863],[-118.52034,34.38857],[-118.52023,34.38855],[-118.51994,34.3885],[-118.51982,34.38848],[-118.51958,34.38844],[-118.51956,34.38853],[-118.51955,34.38855],[-118.51955,34.38855],[-118.51948,34.38884],[-118.51939,34.38915],[-118.51939,34.38916],[-118.51929,34.38953],[-118.51924,34.38974],[-118.51919,34.38991],[-118.51909,34.3903],[-118.51906,34.39031],[-118.51891,34.39028],[-118.51823,34.39016],[-118.51811,34.39014],[-118.51806,34.39013],[-118.51803,34.39012],[-118.51791,34.3901],[-118.51788,34.3901],[-118.51738,34.39],[-118.51735,34.39003],[-118.51725,34.3901],[-118.51702,34.39028],[-118.51674,34.3905],[-118.51664,34.39057],[-118.5164,34.39075],[-118.51627,34.39085],[-118.51615,34.39095],[-118.51589,34.39115],[-118.51556,34.3914],[-118.51541,34.39152],[-118.51531,34.39159],[-118.51525,34.39159],[-118.51523,34.39159],[-118.51505,34.39159],[-118.5147,34.39159],[-118.51463,34.39159],[-118.5146,34.39159],[-118.51448,34.39157],[-118.51434,34.39154],[-118.51402,34.39148],[-118.51296,34.39129],[-118.51283,34.39126],[-118.51223,34.39115],[-118.51176,34.39107],[-118.51159,34.39171],[-118.51159,34.39171],[-118.51153,34.39194],[-118.51137,34.39254],[-118.51136,34.39259],[-118.51057,34.39259],[-118.51054,34.39269],[-118.51051,34.3928],[-118.51049,34.3929],[-118.51034,34.39317],[-118.51019,34.39345],[-118.51015,34.39353],[-118.51012,34.39359],[-118.51005,34.39372],[-118.50994,34.39372],[-118.5098,34.39372],[-118.50931,34.39371],[-118.50875,34.39371],[-118.50865,34.39371],[-118.50765,34.3937],[-118.50751,34.3937],[-118.50661,34.39369],[-118.50642,34.39369],[-118.50532,34.39369],[-118.50518,34.39369],[-118.50496,34.39368],[-118.50408,34.39368],[-118.50368,34.39367],[-118.50332,34.39367],[-118.50302,34.39367],[-118.50301,34.3941],[-118.50225,34.3941],[-118.50133,34.39409],[-118.50088,34.3941],[-118.50014,34.39411],[-118.49951,34.39412],[-118.49928,34.39413],[-118.49917,34.39413],[-118.49912,34.39413],[-118.49914,34.39426],[-118.49914,34.39426],[-118.49914,34.39429],[-118.4992,34.3949],[-118.49921,34.39509],[-118.49926,34.39559],[-118.49928,34.39583],[-118.49929,34.39594],[-118.4993,34.3961],[-118.49948,34.39794],[-118.50051,34.39791],[-118.50051,34.39791],[-118.50051,34.39792],[-118.50056,34.39844],[-118.50062,34.39912],[-118.50064,34.3993],[-118.50065,34.39944],[-118.5009,34.39942],[-118.50091,34.39955],[-118.50091,34.39955],[-118.50094,34.39985],[-118.50094,34.39985],[-118.50095,34.39997],[-118.50119,34.40014],[-118.50157,34.40046],[-118.50187,34.40077],[-118.5027,34.40179],[-118.50276,34.40192],[-118.50278,34.40196],[-118.50286,34.40213],[-118.50293,34.4023],[-118.50299,34.40247],[-118.50304,34.40265],[-118.50309,34.40283],[-118.50313,34.40301],[-118.50317,34.40319],[-118.50319,34.40337],[-118.50321,34.40355],[-118.50322,34.40371],[-118.50322,34.40387],[-118.50322,34.40403],[-118.50321,34.40421],[-118.50318,34.40644],[-118.50318,34.40645],[-118.50296,34.40644],[-118.50262,34.40644],[-118.50257,34.4079],[-118.50256,34.40821],[-118.50256,34.40821],[-118.50256,34.40821],[-118.50254,34.40864],[-118.50292,34.40864],[-118.50315,34.40864],[-118.50315,34.40909],[-118.50315,34.40943],[-118.5031,34.40968],[-118.50303,34.40991],[-118.50303,34.40991],[-118.50303,34.40991],[-118.50292,34.41027],[-118.50281,34.41063],[-118.50218,34.41269],[-118.50216,34.41287],[-118.50216,34.41287],[-118.50213,34.41303],[-118.50213,34.41346],[-118.50216,34.41371],[-118.50219,34.414],[-118.50219,34.41401],[-118.50253,34.41684],[-118.50259,34.41795],[-118.50263,34.41818],[-118.50263,34.41818],[-118.50268,34.41851],[-118.50268,34.41851],[-118.50269,34.41855],[-118.5027,34.41863],[-118.50288,34.41959],[-118.50254,34.41965],[-118.50254,34.4197],[-118.50254,34.41979],[-118.50254,34.41984],[-118.50254,34.41994],[-118.50254,34.42006],[-118.50254,34.42023],[-118.50279,34.4202],[-118.503,34.42018],[-118.50302,34.42023],[-118.50306,34.42051],[-118.50392,34.42347],[-118.50361,34.42347],[-118.50324,34.42347],[-118.50319,34.42347],[-118.50318,34.42347],[-118.50262,34.42347],[-118.50258,34.42347],[-118.50254,34.42347],[-118.50254,34.42413],[-118.50254,34.42424],[-118.50254,34.4244],[-118.50254,34.42469],[-118.50254,34.42509],[-118.50254,34.42513],[-118.50254,34.4252],[-118.50254,34.42521],[-118.50254,34.4253],[-118.50254,34.42582],[-118.50254,34.42612],[-118.50254,34.42649],[-118.50242,34.42649],[-118.50231,34.42649],[-118.50229,34.42649],[-118.50229,34.42649],[-118.50229,34.42649],[-118.50224,34.42649],[-118.50206,34.42649],[-118.50205,34.42649],[-118.50204,34.42649],[-118.50191,34.42649],[-118.50167,34.42649],[-118.50158,34.42649],[-118.50129,34.42649],[-118.50071,34.42649],[-118.50067,34.42649],[-118.5005,34.42649],[-118.50004,34.42648],[-118.49989,34.42648],[-118.49989,34.42648],[-118.49989,34.42669],[-118.49989,34.42699],[-118.49931,34.42699],[-118.49904,34.42699],[-118.49904,34.42699],[-118.49861,34.42698],[-118.4985,34.42698],[-118.49848,34.42698],[-118.49847,34.42698],[-118.49846,34.42716],[-118.49846,34.42727],[-118.49798,34.42727],[-118.49748,34.42726],[-118.49682,34.42736],[-118.49682,34.42749],[-118.49553,34.42748],[-118.49553,34.42762],[-118.49553,34.42778],[-118.49407,34.42777],[-118.49407,34.4282],[-118.49406,34.4282],[-118.49403,34.42821],[-118.49403,34.42821],[-118.4928,34.42838],[-118.49145,34.42856],[-118.49113,34.4286],[-118.49073,34.42863],[-118.49026,34.42865],[-118.48986,34.42864],[-118.48954,34.42863],[-118.48952,34.42863],[-118.48952,34.42863],[-118.48952,34.42863],[-118.4895,34.42863],[-118.48947,34.42862],[-118.48947,34.42862],[-118.48939,34.42862],[-118.48939,34.42862],[-118.48933,34.42861],[-118.48927,34.42861],[-118.489,34.42858],[-118.48879,34.42855],[-118.48852,34.42851],[-118.48831,34.42848],[-118.4879,34.42839],[-118.4876,34.42832],[-118.48732,34.42824],[-118.48677,34.42805],[-118.48638,34.4279],[-118.48622,34.42783],[-118.48577,34.42761],[-118.48533,34.42737],[-118.48501,34.42717],[-118.48501,34.42715],[-118.48502,34.42689],[-118.48502,34.42686],[-118.48502,34.42647],[-118.48503,34.42618],[-118.48503,34.42603],[-118.48504,34.42585],[-118.48505,34.42509],[-118.48489,34.4249],[-118.48473,34.42472],[-118.48471,34.42469],[-118.48469,34.42466],[-118.48465,34.42461],[-118.48461,34.42455],[-118.48457,34.4245],[-118.4845,34.42441],[-118.48434,34.42418],[-118.48395,34.42365],[-118.48386,34.42352],[-118.48299,34.42352],[-118.48216,34.42352],[-118.48197,34.42352],[-118.4814,34.42353],[-118.4814,34.42349],[-118.4814,34.42346],[-118.4814,34.42341],[-118.4814,34.42336],[-118.4814,34.42333],[-118.48141,34.4233],[-118.48141,34.42327],[-118.4814,34.42324],[-118.4814,34.42322],[-118.4814,34.42319],[-118.48139,34.42315],[-118.48138,34.42311],[-118.48138,34.42311],[-118.48137,34.42308],[-118.48138,34.42308],[-118.48137,34.42305],[-118.48137,34.42305],[-118.48135,34.42302],[-118.48134,34.42299],[-118.48132,34.42294],[-118.4813,34.42291],[-118.4813,34.42291],[-118.48127,34.42287],[-118.48127,34.42287],[-118.48126,34.42285],[-118.48124,34.42283],[-118.48123,34.4228],[-118.48117,34.42273],[-118.48112,34.42265],[-118.48109,34.42261],[-118.48104,34.42254],[-118.48094,34.4224],[-118.48088,34.42232],[-118.4808,34.42221],[-118.48075,34.42213],[-118.48072,34.42209],[-118.48067,34.42202],[-118.4806,34.42192],[-118.48054,34.42184],[-118.48047,34.42175],[-118.48041,34.42165],[-118.48036,34.42159],[-118.48031,34.42151],[-118.48028,34.42147],[-118.48022,34.42138],[-118.48019,34.42134],[-118.48018,34.42133],[-118.48012,34.42125],[-118.48005,34.42115],[-118.47989,34.42093],[-118.47977,34.42075],[-118.47966,34.4206],[-118.47953,34.42042],[-118.47947,34.42034],[-118.47938,34.42021],[-118.47921,34.41997],[-118.47918,34.41993],[-118.47913,34.42002],[-118.47908,34.42001],[-118.47904,34.42001],[-118.47889,34.42001],[-118.47879,34.42001],[-118.47803,34.42001],[-118.47713,34.42001],[-118.47621,34.42001],[-118.47621,34.4208],[-118.47621,34.42172],[-118.4762,34.42291],[-118.47634,34.42291],[-118.47634,34.42301],[-118.47635,34.42301],[-118.47635,34.42302],[-118.47635,34.42331],[-118.47625,34.42331],[-118.47618,34.4233],[-118.47618,34.42339],[-118.47618,34.4234],[-118.47618,34.42346],[-118.47618,34.42346],[-118.47618,34.42346],[-118.47619,34.42374],[-118.47619,34.42383],[-118.47627,34.42383],[-118.47628,34.42457],[-118.47629,34.42531],[-118.47629,34.42605],[-118.4763,34.42678],[-118.4763,34.42696],[-118.4763,34.42715],[-118.4763,34.42726],[-118.4763,34.42732],[-118.47618,34.42732],[-118.47598,34.42732],[-118.47504,34.42733],[-118.47431,34.42734],[-118.47431,34.4272],[-118.47429,34.4272],[-118.47411,34.4272],[-118.47393,34.4272],[-118.47392,34.4272],[-118.4739,34.4272],[-118.47371,34.4272],[-118.47364,34.4272],[-118.47352,34.4272],[-118.47332,34.4272],[-118.47314,34.4272],[-118.47312,34.4272],[-118.47311,34.4272],[-118.47292,34.42721],[-118.47272,34.42721],[-118.47258,34.42721],[-118.47254,34.42721],[-118.47251,34.42721],[-118.47234,34.42721],[-118.47212,34.42721],[-118.47194,34.4272],[-118.47189,34.4272],[-118.47189,34.4272],[-118.47188,34.42709],[-118.47165,34.4271],[-118.47135,34.4271],[-118.47112,34.42711],[-118.47085,34.42711],[-118.47071,34.42711],[-118.47054,34.42712],[-118.47049,34.42712],[-118.47027,34.42712],[-118.47005,34.42713],[-118.46994,34.42713],[-118.46943,34.42714],[-118.46919,34.42714],[-118.46919,34.42714],[-118.46909,34.42714],[-118.46857,34.42715],[-118.46833,34.42715],[-118.46832,34.42716],[-118.46831,34.42717],[-118.46829,34.4272],[-118.46827,34.42721],[-118.4682,34.42729],[-118.46815,34.42737],[-118.46811,34.42745],[-118.46806,34.42753],[-118.46799,34.42767],[-118.46798,34.42769],[-118.46796,34.42775],[-118.46775,34.42768],[-118.46763,34.42765],[-118.46762,34.42765],[-118.46755,34.42763],[-118.46751,34.42763],[-118.46741,34.42761],[-118.46736,34.42761],[-118.46729,34.4276],[-118.46718,34.42759],[-118.46708,34.42758],[-118.46698,34.42757],[-118.46662,34.42758],[-118.46635,34.42757],[-118.46599,34.42757],[-118.46299,34.42758],[-118.46299,34.42718],[-118.46299,34.4268],[-118.45879,34.42681],[-118.45873,34.42681],[-118.45873,34.42679],[-118.45872,34.42602],[-118.45872,34.42574],[-118.45872,34.42545],[-118.45872,34.4253],[-118.45872,34.42503],[-118.45871,34.42476],[-118.45871,34.42474],[-118.45871,34.42461],[-118.45871,34.42431],[-118.45871,34.42401],[-118.4587,34.42365],[-118.4587,34.42361],[-118.4587,34.42359],[-118.45833,34.42359],[-118.45798,34.42359],[-118.45732,34.42359],[-118.45698,34.42359],[-118.45578,34.4236],[-118.45577,34.42272],[-118.45577,34.42237],[-118.45577,34.4222],[-118.45577,34.4221],[-118.45577,34.42209],[-118.45577,34.42194],[-118.45525,34.4218],[-118.45487,34.42169],[-118.45457,34.42161],[-118.45447,34.42158],[-118.45431,34.42154],[-118.45419,34.42151],[-118.45352,34.42132],[-118.45342,34.4213],[-118.45339,34.42129],[-118.45327,34.42126],[-118.45317,34.42123],[-118.45316,34.42125],[-118.45303,34.42142],[-118.45289,34.42161],[-118.45277,34.42175],[-118.45271,34.42182],[-118.45249,34.42203],[-118.45227,34.42225],[-118.45208,34.42242],[-118.45197,34.42252],[-118.45118,34.42325],[-118.45079,34.4236],[-118.45065,34.42373],[-118.45028,34.42407],[-118.45015,34.42419],[-118.44993,34.42439],[-118.44971,34.42459],[-118.44941,34.42486],[-118.44913,34.42513],[-118.44877,34.42545],[-118.44846,34.42574],[-118.44788,34.42627],[-118.44759,34.42654],[-118.4473,34.4268],[-118.44701,34.42706],[-118.44624,34.42777],[-118.44623,34.42777],[-118.44616,34.42783],[-118.4453,34.42862],[-118.44486,34.42903],[-118.44482,34.42906],[-118.44425,34.42958],[-118.44398,34.42983],[-118.44327,34.43048],[-118.44313,34.43061],[-118.44301,34.43071],[-118.44289,34.43082],[-118.44277,34.43093],[-118.44242,34.43126],[-118.44195,34.43172],[-118.44171,34.43195],[-118.4414,34.43223],[-118.44131,34.4323],[-118.44123,34.43236],[-118.44117,34.43239],[-118.4409,34.43253],[-118.44081,34.43258],[-118.44064,34.43265],[-118.44057,34.43267],[-118.44057,34.43243],[-118.44055,34.43086],[-118.44055,34.43084],[-118.44125,34.43084],[-118.44125,34.43083],[-118.44124,34.43006],[-118.44124,34.42972],[-118.44124,34.42954],[-118.44122,34.42842],[-118.44121,34.4274],[-118.44121,34.42723],[-118.44121,34.42723],[-118.44121,34.42723],[-118.44121,34.42716],[-118.4412,34.42689],[-118.4412,34.42651],[-118.4412,34.42651],[-118.4412,34.42651],[-118.4412,34.42651],[-118.4412,34.42639],[-118.44118,34.42514],[-118.44118,34.42476],[-118.44117,34.4246],[-118.44117,34.42457],[-118.44117,34.42433],[-118.44117,34.42422],[-118.44117,34.42409],[-118.44116,34.42363],[-118.44116,34.42363],[-118.44121,34.42363],[-118.44167,34.42363],[-118.44185,34.42363],[-118.44217,34.42363],[-118.44248,34.42363],[-118.44276,34.42363],[-118.44312,34.42363],[-118.44335,34.42363],[-118.44376,34.42363],[-118.4444,34.42363],[-118.44488,34.42363],[-118.44504,34.42363],[-118.44554,34.42362],[-118.44567,34.42362],[-118.44598,34.42362],[-118.4463,34.42362],[-118.4463,34.42362],[-118.44633,34.42362],[-118.44678,34.42362],[-118.44698,34.42362],[-118.44722,34.42362],[-118.44772,34.42362],[-118.44773,34.42362],[-118.44774,34.42362],[-118.44774,34.42285],[-118.44774,34.42218],[-118.44774,34.42199],[-118.44774,34.42194],[-118.44774,34.42191],[-118.44774,34.42188],[-118.44774,34.42184],[-118.44774,34.42167],[-118.44773,34.42141],[-118.44773,34.42135],[-118.44773,34.42119],[-118.44773,34.42101],[-118.44773,34.42083],[-118.44773,34.42055],[-118.44773,34.42013],[-118.44773,34.42006],[-118.4473,34.42006],[-118.44723,34.42006],[-118.44696,34.42006],[-118.44683,34.42006],[-118.44678,34.42006],[-118.44672,34.42006],[-118.4467,34.42006],[-118.4467,34.42006],[-118.44669,34.42006],[-118.44665,34.42006],[-118.44645,34.42006],[-118.44625,34.42006],[-118.4462,34.42006],[-118.44605,34.42006],[-118.44604,34.42006],[-118.44597,34.42006],[-118.44565,34.42006],[-118.44555,34.42006],[-118.44555,34.41986],[-118.44556,34.41958],[-118.44554,34.41945],[-118.4455,34.41911],[-118.4455,34.41904],[-118.4455,34.41867],[-118.4455,34.41859],[-118.44553,34.41859],[-118.44562,34.41859],[-118.44577,34.41858],[-118.44588,34.41858],[-118.44603,34.41859],[-118.4461,34.41859],[-118.44619,34.41859],[-118.44627,34.41859],[-118.44635,34.41857],[-118.44641,34.41856],[-118.44656,34.4185],[-118.44661,34.41848],[-118.4467,34.41846],[-118.44679,34.41845],[-118.44697,34.41844],[-118.44723,34.41844],[-118.44724,34.41821],[-118.44724,34.41813],[-118.44727,34.41778],[-118.44728,34.41767],[-118.44728,34.41764],[-118.44727,34.4175],[-118.44723,34.41733],[-118.44722,34.41728],[-118.44722,34.41723],[-118.44722,34.41718],[-118.44724,34.41713],[-118.44728,34.41708],[-118.44733,34.41703],[-118.44735,34.417],[-118.4474,34.41692],[-118.44741,34.4169],[-118.44742,34.41689],[-118.44745,34.41683],[-118.44747,34.41671],[-118.44747,34.41664],[-118.44747,34.41656],[-118.44746,34.41651],[-118.44746,34.41645],[-118.44611,34.41645],[-118.4459,34.41645],[-118.44568,34.41646],[-118.44551,34.41647],[-118.44546,34.41648],[-118.44504,34.41648],[-118.44504,34.41651],[-118.44492,34.41653],[-118.44467,34.41657],[-118.44429,34.41664],[-118.44419,34.41666],[-118.44393,34.41672],[-118.44367,34.41678],[-118.44363,34.41679],[-118.44356,34.41678],[-118.44331,34.41673],[-118.44331,34.41652],[-118.44331,34.41649],[-118.44325,34.41652],[-118.44287,34.41669],[-118.4424,34.41652],[-118.4422,34.41645],[-118.44209,34.41641],[-118.44226,34.41629],[-118.44236,34.41622],[-118.44257,34.41608],[-118.44275,34.41595],[-118.4429,34.41582],[-118.44318,34.41558],[-118.44331,34.41546],[-118.44344,34.41534],[-118.44373,34.41504],[-118.44391,34.41486],[-118.44403,34.41473],[-118.44408,34.41467],[-118.44412,34.41462],[-118.4442,34.41452],[-118.44427,34.41443],[-118.44435,34.41432],[-118.44436,34.41431],[-118.44437,34.4143],[-118.4445,34.41411],[-118.44462,34.41393],[-118.44473,34.41375],[-118.4448,34.41363],[-118.44485,34.41354],[-118.44493,34.4134],[-118.44504,34.4132],[-118.4451,34.41308],[-118.44517,34.41295],[-118.44531,34.41265],[-118.44539,34.41244],[-118.44557,34.41188],[-118.4457,34.41151],[-118.44582,34.41115],[-118.44597,34.41074],[-118.44611,34.41035],[-118.44613,34.41028],[-118.44613,34.41028],[-118.44623,34.41027],[-118.44624,34.41027],[-118.4465,34.41025],[-118.44683,34.41023],[-118.44684,34.41026],[-118.44686,34.41025],[-118.44686,34.41025],[-118.4469,34.41024],[-118.44694,34.41022],[-118.44695,34.41022],[-118.44717,34.41021],[-118.44721,34.41021],[-118.44845,34.41013],[-118.44992,34.41004],[-118.45205,34.40992],[-118.45206,34.40992],[-118.45221,34.40991],[-118.45318,34.40986],[-118.4532,34.40985],[-118.45484,34.40976],[-118.45484,34.40968],[-118.45484,34.40962],[-118.45483,34.40948],[-118.45483,34.40928],[-118.45483,34.40919],[-118.45531,34.40919],[-118.45536,34.40921],[-118.45536,34.40921],[-118.45538,34.40921],[-118.45547,34.40924],[-118.45588,34.40922],[-118.45593,34.40921],[-118.45603,34.40921],[-118.45646,34.40918],[-118.45646,34.40918],[-118.4565,34.40918],[-118.45657,34.40919],[-118.45663,34.4092],[-118.45669,34.4092],[-118.4568,34.40921],[-118.45685,34.40921],[-118.4569,34.40921],[-118.45692,34.40921],[-118.45696,34.40921],[-118.45697,34.40921],[-118.45699,34.40921],[-118.45704,34.40921],[-118.45709,34.40921],[-118.45714,34.40921],[-118.45718,34.40921],[-118.45723,34.40921],[-118.45728,34.4092],[-118.45742,34.4092],[-118.45767,34.40918],[-118.45802,34.40916],[-118.45803,34.40916],[-118.45813,34.40916],[-118.45867,34.40912],[-118.45868,34.40912],[-118.45887,34.40911],[-118.45969,34.40906],[-118.46018,34.40903],[-118.46008,34.40913],[-118.46008,34.40914],[-118.46028,34.40913],[-118.46106,34.40913],[-118.46143,34.40912],[-118.46305,34.40911],[-118.46384,34.4091],[-118.4673,34.4089],[-118.46733,34.40889],[-118.46741,34.40889],[-118.46744,34.40889],[-118.46768,34.40888],[-118.46793,34.40886],[-118.4681,34.40886],[-118.4682,34.40886],[-118.46836,34.40885],[-118.46853,34.40886],[-118.46869,34.40886],[-118.46885,34.40887],[-118.4691,34.40888],[-118.46931,34.40889],[-118.46935,34.4089],[-118.46939,34.4089],[-118.46952,34.40891],[-118.46959,34.40892],[-118.46968,34.40893],[-118.46975,34.40894],[-118.46989,34.40896],[-118.46996,34.40897],[-118.47002,34.40898],[-118.47019,34.409],[-118.47023,34.40901],[-118.47026,34.40902],[-118.4705,34.40906],[-118.47062,34.40908],[-118.47078,34.40912],[-118.47094,34.40915],[-118.47109,34.40919],[-118.47107,34.40926],[-118.47111,34.40927],[-118.47128,34.40931],[-118.47143,34.40936],[-118.4715,34.40938],[-118.47158,34.4094],[-118.47203,34.40955],[-118.47218,34.4096],[-118.47232,34.40966],[-118.47248,34.40972],[-118.4727,34.40982],[-118.47292,34.40991],[-118.473,34.40995],[-118.47313,34.41002],[-118.47334,34.41013],[-118.47345,34.41018],[-118.47369,34.41032],[-118.47392,34.41046],[-118.47415,34.41061],[-118.47429,34.4107],[-118.4743,34.41071],[-118.47443,34.4108],[-118.47444,34.41081],[-118.47455,34.41089],[-118.47469,34.411],[-118.47481,34.41109],[-118.47492,34.41119],[-118.47503,34.41129],[-118.47517,34.41142],[-118.47524,34.41147],[-118.47539,34.41161],[-118.47533,34.41165],[-118.47599,34.41226],[-118.47606,34.41221],[-118.47619,34.41232],[-118.47625,34.41238],[-118.47648,34.41259],[-118.47694,34.41301],[-118.4772,34.41324],[-118.4773,34.41334],[-118.47733,34.41337],[-118.47735,34.41338],[-118.47747,34.41349],[-118.47829,34.41424],[-118.47833,34.41425],[-118.47838,34.41427],[-118.47841,34.41428],[-118.47859,34.41433],[-118.47878,34.41438],[-118.47885,34.41445],[-118.47904,34.41462],[-118.47935,34.41491],[-118.47959,34.41512],[-118.47969,34.41522],[-118.47994,34.41544],[-118.4801,34.41559],[-118.48031,34.41578],[-118.48044,34.4159],[-118.48057,34.41601],[-118.4807,34.41613],[-118.4809,34.41632],[-118.4809,34.41632],[-118.481,34.41641],[-118.48112,34.41651],[-118.48129,34.41668],[-118.48136,34.41674],[-118.48147,34.41688],[-118.48158,34.41701],[-118.48172,34.41716],[-118.48184,34.41729],[-118.48198,34.41745],[-118.48198,34.41745],[-118.48212,34.41763],[-118.48225,34.4178],[-118.48236,34.41794],[-118.48241,34.41801],[-118.48245,34.41805],[-118.4825,34.41811],[-118.4825,34.41808],[-118.4825,34.41801],[-118.4825,34.41801],[-118.4825,34.41799],[-118.4825,34.41796],[-118.48251,34.41791],[-118.48251,34.4179],[-118.48251,34.41786],[-118.48252,34.41783],[-118.48253,34.41778],[-118.48253,34.41774],[-118.48254,34.41774],[-118.48259,34.41777],[-118.48264,34.41781],[-118.48269,34.41784],[-118.48269,34.41784],[-118.48273,34.41787],[-118.4828,34.41791],[-118.48284,34.41794],[-118.48288,34.41796],[-118.48295,34.418],[-118.483,34.41803],[-118.483,34.41803],[-118.48304,34.41806],[-118.48313,34.41811],[-118.48315,34.41813],[-118.48316,34.41813],[-118.48316,34.41813],[-118.48316,34.41813],[-118.48316,34.41821],[-118.48317,34.41841],[-118.48322,34.41864],[-118.48325,34.41873],[-118.48329,34.41884],[-118.48341,34.41905],[-118.48346,34.41914],[-118.48354,34.41924],[-118.48374,34.41946],[-118.48379,34.4195],[-118.48397,34.41965],[-118.4841,34.41974],[-118.48413,34.41976],[-118.48421,34.4198],[-118.48449,34.41996],[-118.48457,34.41999],[-118.48476,34.42006],[-118.48501,34.42014],[-118.48501,34.42026],[-118.48501,34.42029],[-118.48515,34.42034],[-118.4852,34.42036],[-118.48576,34.42055],[-118.48641,34.42077],[-118.4867,34.42087],[-118.48696,34.42095],[-118.48749,34.42107],[-118.48764,34.42109],[-118.48786,34.42113],[-118.48808,34.42115],[-118.4883,34.42118],[-118.48845,34.42119],[-118.48852,34.4212],[-118.48872,34.42122],[-118.48895,34.42123],[-118.48917,34.42125],[-118.48939,34.42126],[-118.48946,34.42126],[-118.48961,34.42127],[-118.48983,34.42127],[-118.49011,34.42127],[-118.49022,34.42127],[-118.49021,34.42121],[-118.49021,34.42112],[-118.49026,34.42112],[-118.49024,34.42099],[-118.49021,34.4208],[-118.4902,34.42075],[-118.49019,34.42069],[-118.49016,34.42061],[-118.49012,34.42055],[-118.4901,34.42052],[-118.49004,34.42042],[-118.48998,34.42033],[-118.48988,34.42021],[-118.4898,34.42011],[-118.48928,34.41959],[-118.48917,34.41947],[-118.48914,34.41946],[-118.48892,34.41921],[-118.48884,34.41912],[-118.48878,34.41906],[-118.48874,34.41903],[-118.48864,34.41894],[-118.48854,34.41884],[-118.48844,34.41876],[-118.48835,34.41868],[-118.48825,34.41861],[-118.48814,34.41854],[-118.48792,34.41839],[-118.48756,34.41817],[-118.48744,34.41809],[-118.48705,34.41784],[-118.48696,34.41778],[-118.48687,34.41771],[-118.48679,34.41764],[-118.4867,34.41756],[-118.48662,34.41747],[-118.48643,34.41724],[-118.48639,34.41719],[-118.48633,34.41712],[-118.4863,34.41708],[-118.48627,34.41703],[-118.48621,34.41692],[-118.48618,34.41686],[-118.48615,34.4168],[-118.48612,34.41674],[-118.4861,34.41669],[-118.48608,34.41662],[-118.48606,34.41656],[-118.48594,34.41619],[-118.48589,34.41497],[-118.48586,34.41411],[-118.48591,34.41376],[-118.48592,34.4137],[-118.48592,34.41368],[-118.48594,34.4136],[-118.48599,34.4134],[-118.48597,34.4134],[-118.48598,34.41335],[-118.486,34.41326],[-118.4861,34.41293],[-118.48612,34.41286],[-118.48618,34.41262],[-118.48619,34.41251],[-118.4862,34.41243],[-118.48618,34.41234],[-118.48616,34.41219],[-118.48613,34.41204],[-118.48604,34.41172],[-118.486,34.41158],[-118.48595,34.41141],[-118.48587,34.41113],[-118.48581,34.41091],[-118.4858,34.41088],[-118.48575,34.41069],[-118.48574,34.41068],[-118.4857,34.41054],[-118.48567,34.41043],[-118.48565,34.41032],[-118.48564,34.41021],[-118.48563,34.4101],[-118.48564,34.40999],[-118.48565,34.40988],[-118.48569,34.40972],[-118.48583,34.40909],[-118.48594,34.40865],[-118.48601,34.40833],[-118.48607,34.40809],[-118.48619,34.4077],[-118.48621,34.40759],[-118.48622,34.40749],[-118.48622,34.40738],[-118.48622,34.40728],[-118.48621,34.40718],[-118.48619,34.40707],[-118.48617,34.40697],[-118.48614,34.40687],[-118.48608,34.40676],[-118.48604,34.40667],[-118.48598,34.40658],[-118.48592,34.4065],[-118.48586,34.40642],[-118.48579,34.40634],[-118.48572,34.40626],[-118.48566,34.40618],[-118.4856,34.40609],[-118.48555,34.406],[-118.48551,34.40591],[-118.48547,34.40583],[-118.48544,34.40574],[-118.48542,34.40565],[-118.48541,34.40556],[-118.4854,34.40547],[-118.4854,34.40546],[-118.48541,34.40546],[-118.48553,34.40546],[-118.48553,34.40546],[-118.48553,34.40535],[-118.48553,34.40509],[-118.48553,34.40489],[-118.48553,34.40476],[-118.48554,34.40462],[-118.48556,34.40449],[-118.48558,34.40442],[-118.48562,34.40425],[-118.48567,34.40406],[-118.48576,34.40375],[-118.48573,34.40375],[-118.48579,34.40352],[-118.4858,34.40351],[-118.4858,34.40351],[-118.48581,34.40346],[-118.48583,34.40338],[-118.48584,34.40333],[-118.48584,34.40328],[-118.48584,34.40323],[-118.48584,34.40317],[-118.48583,34.40312],[-118.48583,34.40307],[-118.48582,34.40303],[-118.48581,34.40298],[-118.48579,34.40291],[-118.48577,34.40286],[-118.48575,34.40281],[-118.48573,34.40277],[-118.4857,34.4027],[-118.48566,34.40264],[-118.48561,34.40258],[-118.48556,34.40251],[-118.48551,34.40247],[-118.48544,34.4024],[-118.48538,34.40236],[-118.48533,34.40232],[-118.48528,34.40228],[-118.48519,34.40223],[-118.48506,34.40216],[-118.48492,34.40209],[-118.48435,34.40179],[-118.48408,34.40165],[-118.48403,34.40162],[-118.48395,34.40158],[-118.48387,34.40153],[-118.48384,34.40151],[-118.4838,34.40149],[-118.48376,34.40145],[-118.48372,34.40142],[-118.48369,34.40139],[-118.48364,34.40135],[-118.48361,34.40132],[-118.48358,34.40129],[-118.48355,34.40125],[-118.48351,34.4012],[-118.48347,34.40115],[-118.48343,34.40109],[-118.4834,34.40104],[-118.48337,34.40098],[-118.48335,34.40094],[-118.48334,34.4009],[-118.48331,34.40083],[-118.48331,34.40081],[-118.48329,34.40075],[-118.48327,34.40068],[-118.48326,34.40063],[-118.48323,34.40056],[-118.48322,34.40052],[-118.48319,34.40046],[-118.48314,34.40036],[-118.48309,34.40027],[-118.48306,34.40021],[-118.48301,34.40013],[-118.48295,34.40006],[-118.48289,34.39999],[-118.48284,34.39993],[-118.4828,34.39989],[-118.48275,34.39984],[-118.48269,34.39978],[-118.48263,34.39973],[-118.48255,34.39968],[-118.4825,34.39964],[-118.48238,34.39955],[-118.48195,34.39927],[-118.48195,34.39927],[-118.48186,34.39921],[-118.48182,34.39918],[-118.48172,34.39911],[-118.48171,34.39911],[-118.48165,34.39907],[-118.48156,34.399],[-118.48156,34.399],[-118.48149,34.39895],[-118.48146,34.39892],[-118.48141,34.39888],[-118.48133,34.39881],[-118.48125,34.39873],[-118.48123,34.39871],[-118.48115,34.39862],[-118.48115,34.39862],[-118.48108,34.39855],[-118.48106,34.39852],[-118.48103,34.39849],[-118.48099,34.39843],[-118.48096,34.39839],[-118.48089,34.39829],[-118.48086,34.39824],[-118.48083,34.39818],[-118.48079,34.39811],[-118.48076,34.39807],[-118.48074,34.39801],[-118.48072,34.39799],[-118.48067,34.39786],[-118.48067,34.39786],[-118.48067,34.39785],[-118.48067,34.39785],[-118.48067,34.39785],[-118.48067,34.39785],[-118.48067,34.39785],[-118.48067,34.39785],[-118.48067,34.39785],[-118.48067,34.39784],[-118.48067,34.39784],[-118.48067,34.39784],[-118.48067,34.39784],[-118.48067,34.39782],[-118.48062,34.3977],[-118.48083,34.39764],[-118.48108,34.39757],[-118.48129,34.3975],[-118.48148,34.39743],[-118.48167,34.39736],[-118.4819,34.39727],[-118.48212,34.39718],[-118.48236,34.39708],[-118.48258,34.39698],[-118.48301,34.39677],[-118.48321,34.39667],[-118.48362,34.39643],[-118.48409,34.39614],[-118.48432,34.396],[-118.48441,34.39594],[-118.48452,34.39587],[-118.48469,34.39574],[-118.48485,34.39562],[-118.48488,34.39559],[-118.48509,34.39543],[-118.48519,34.39534],[-118.48535,34.3952],[-118.4855,34.39507],[-118.48564,34.39493],[-118.48591,34.39467],[-118.48592,34.39467],[-118.48602,34.39456],[-118.48617,34.3944],[-118.48647,34.39407],[-118.48662,34.39389],[-118.48674,34.39374],[-118.48685,34.3936],[-118.48695,34.39346],[-118.48705,34.3933],[-118.4873,34.39291],[-118.4875,34.39259],[-118.48754,34.39253],[-118.48764,34.39234],[-118.4879,34.39185],[-118.48814,34.39137],[-118.48867,34.39026],[-118.48902,34.38955],[-118.48925,34.38909],[-118.48934,34.38891],[-118.4894,34.38876],[-118.48941,34.38873],[-118.48949,34.38853],[-118.48957,34.38832],[-118.48964,34.3881],[-118.48976,34.38768],[-118.48982,34.38749],[-118.48984,34.38743],[-118.49003,34.38684],[-118.49019,34.3863],[-118.4904,34.38556],[-118.49042,34.38552],[-118.49051,34.38524],[-118.49054,34.38513],[-118.49056,34.38509],[-118.49064,34.38489],[-118.49069,34.38477],[-118.49083,34.38446],[-118.49084,34.38443],[-118.49089,34.38433],[-118.49097,34.38417],[-118.49248,34.38103],[-118.49304,34.37985],[-118.49315,34.3797],[-118.49324,34.3795],[-118.49329,34.37941],[-118.49347,34.37909],[-118.49357,34.37895],[-118.49363,34.37886],[-118.49374,34.37872],[-118.49382,34.3786],[-118.49389,34.37851],[-118.49402,34.37836],[-118.49411,34.37826],[-118.49422,34.37815],[-118.49399,34.37797],[-118.49371,34.37775],[-118.49359,34.37766],[-118.49454,34.37683],[-118.49565,34.37586],[-118.49609,34.37548],[-118.49679,34.37487],[-118.49717,34.37455],[-118.49786,34.37394],[-118.49809,34.37373],[-118.49827,34.37356],[-118.49844,34.37339],[-118.49848,34.37335],[-118.4986,34.37323],[-118.49876,34.37306],[-118.49892,34.37288],[-118.49902,34.37276],[-118.49912,34.37264],[-118.49921,34.37254],[-118.49933,34.37239],[-118.49942,34.37227],[-118.49955,34.3721],[-118.49967,34.37194],[-118.49972,34.37186],[-118.49973,34.37184],[-118.49976,34.37181],[-118.49981,34.37173],[-118.49997,34.37149],[-118.50005,34.37136],[-118.50019,34.37113],[-118.50046,34.37064],[-118.50031,34.37063],[-118.50006,34.37064],[-118.49985,34.37064],[-118.49977,34.37064],[-118.49943,34.37064],[-118.49784,34.37064],[-118.49784,34.37064],[-118.49784,34.37064],[-118.49733,34.37064],[-118.49702,34.37065],[-118.49684,34.37065],[-118.49683,34.37065],[-118.49681,34.37053],[-118.49679,34.37023],[-118.49673,34.36967],[-118.49669,34.36926],[-118.49659,34.36817],[-118.49652,34.36751],[-118.4965,34.36728],[-118.4965,34.36725],[-118.49649,34.36711],[-118.49648,34.36706],[-118.49647,34.367],[-118.49646,34.3669],[-118.49567,34.36689],[-118.49469,34.36688],[-118.4946,34.36688],[-118.49426,34.36688],[-118.49384,34.36687],[-118.49353,34.36687],[-118.49333,34.36686],[-118.49168,34.36684],[-118.49167,34.36706],[-118.49163,34.36959],[-118.48911,34.36955],[-118.48909,34.37043],[-118.48709,34.3704],[-118.48599,34.37039],[-118.48492,34.37038],[-118.48471,34.37037],[-118.48478,34.36705],[-118.48479,34.36675],[-118.47592,34.36628],[-118.47591,34.36521],[-118.47586,34.3591],[-118.48222,34.35944],[-118.48491,34.35958],[-118.48494,34.35958],[-118.48494,34.35958],[-118.48495,34.35928],[-118.48497,34.3579],[-118.485,34.35621],[-118.48503,34.3538],[-118.48507,34.3516],[-118.48539,34.3516],[-118.48866,34.35163],[-118.48866,34.35156],[-118.48881,34.34805],[-118.48896,34.34447],[-118.49164,34.34445],[-118.49234,34.34445],[-118.49267,34.34445],[-118.493,34.34444],[-118.49335,34.34444],[-118.4937,34.34444],[-118.49776,34.34442],[-118.49888,34.34441],[-118.50134,34.34439],[-118.50144,34.3444],[-118.50148,34.3444],[-118.50166,34.34441],[-118.50234,34.34444],[-118.50248,34.34445],[-118.5037,34.34452],[-118.50383,34.34453],[-118.50383,34.34453],[-118.5045,34.34457],[-118.50468,34.34458]]]}},{"type":"Feature","properties":{"seat":"santa-clarita-city-council-district-2","label":"District 2","county":"CITY OF SANTA CLARITA 2ND COUNCIL","role":"seat"},"geometry":{"type":"MultiPolygon","coordinates":[[[[-118.51272,34.34501],[-118.51292,34.34502],[-118.51312,34.34503],[-118.51513,34.34514],[-118.51524,34.34514],[-118.51521,34.34556],[-118.5152,34.34565],[-118.51511,34.34689],[-118.51532,34.3469],[-118.51565,34.34692],[-118.51573,34.34692],[-118.51975,34.34714],[-118.51975,34.34762],[-118.51975,34.34889],[-118.51973,34.35048],[-118.51973,34.35078],[-118.51985,34.35083],[-118.52404,34.35248],[-118.52522,34.35248],[-118.52529,34.35248],[-118.5254,34.35248],[-118.52551,34.35248],[-118.52557,34.35248],[-118.52632,34.35247],[-118.52653,34.35247],[-118.52689,34.35247],[-118.52731,34.35247],[-118.52738,34.35247],[-118.52749,34.35247],[-118.5276,34.35247],[-118.52767,34.35247],[-118.5285,34.35247],[-118.5287,34.35247],[-118.52878,34.35247],[-118.529,34.35246],[-118.52944,34.35246],[-118.52989,34.35246],[-118.53012,34.35246],[-118.53056,34.35246],[-118.5306,34.35246],[-118.53076,34.35246],[-118.53156,34.35246],[-118.53161,34.35246],[-118.53173,34.35245],[-118.5319,34.35245],[-118.53221,34.35245],[-118.53329,34.35245],[-118.5333,34.35284],[-118.53333,34.35616],[-118.53341,34.35619],[-118.53368,34.35619],[-118.53717,34.35617],[-118.53748,34.35617],[-118.53748,34.35617],[-118.53748,34.35617],[-118.53793,34.35617],[-118.53866,34.35617],[-118.542,34.35615],[-118.54422,34.35613],[-118.54596,34.35612],[-118.5504,34.35617],[-118.55096,34.35617],[-118.55119,34.35617],[-118.55152,34.35618],[-118.55169,34.35618],[-118.5519,34.35641],[-118.55274,34.35716],[-118.55314,34.35762],[-118.5533,34.35783],[-118.55351,34.35808],[-118.55385,34.35867],[-118.55446,34.36023],[-118.55455,34.36048],[-118.55475,34.36107],[-118.55515,34.36232],[-118.55539,34.36297],[-118.5558,34.36402],[-118.55642,34.36524],[-118.55717,34.36623],[-118.558,34.36732],[-118.55872,34.36827],[-118.55923,34.36899],[-118.55955,34.36944],[-118.55988,34.36991],[-118.56026,34.37045],[-118.56039,34.37064],[-118.56053,34.37083],[-118.56054,34.37085],[-118.56144,34.37226],[-118.5615,34.37235],[-118.5619,34.37298],[-118.56224,34.3735],[-118.56249,34.37391],[-118.56262,34.37411],[-118.56296,34.37466],[-118.56312,34.37491],[-118.56324,34.37511],[-118.56337,34.37532],[-118.56361,34.37569],[-118.56385,34.37608],[-118.5641,34.37647],[-118.56426,34.37671],[-118.56455,34.37716],[-118.56489,34.3777],[-118.56525,34.37827],[-118.56549,34.37864],[-118.56619,34.37973],[-118.56661,34.38037],[-118.56682,34.3807],[-118.56695,34.38101],[-118.56708,34.38132],[-118.56721,34.38175],[-118.56738,34.38227],[-118.56747,34.38248],[-118.5678,34.38323],[-118.56785,34.38333],[-118.56805,34.38391],[-118.56822,34.38442],[-118.5686,34.38535],[-118.56883,34.38595],[-118.56914,34.38657],[-118.56951,34.38754],[-118.56974,34.38815],[-118.56995,34.38865],[-118.57014,34.38919],[-118.57018,34.3893],[-118.57034,34.38993],[-118.57041,34.39053],[-118.57045,34.3909],[-118.57047,34.39106],[-118.57057,34.39136],[-118.57064,34.39161],[-118.57066,34.39169],[-118.57069,34.3918],[-118.5708,34.39226],[-118.57092,34.39276],[-118.57106,34.39333],[-118.57127,34.39419],[-118.572,34.39724],[-118.57237,34.39876],[-118.57241,34.39897],[-118.57262,34.39984],[-118.57268,34.39998],[-118.57298,34.40071],[-118.57319,34.40119],[-118.57355,34.40208],[-118.57385,34.4028],[-118.57395,34.40305],[-118.57422,34.40365],[-118.5744,34.40405],[-118.57472,34.40477],[-118.57525,34.40593],[-118.57551,34.40653],[-118.5757,34.40694],[-118.57608,34.40779],[-118.57631,34.4083],[-118.57632,34.40833],[-118.57632,34.40833],[-118.57632,34.40833],[-118.57661,34.40898],[-118.57669,34.40915],[-118.57739,34.41072],[-118.57764,34.41129],[-118.578,34.41214],[-118.57802,34.41219],[-118.57809,34.41234],[-118.57853,34.41349],[-118.57859,34.41365],[-118.57878,34.41415],[-118.57894,34.41457],[-118.57901,34.41473],[-118.57907,34.41489],[-118.57922,34.41526],[-118.57942,34.4157],[-118.57957,34.41602],[-118.57975,34.41641],[-118.57993,34.41677],[-118.58019,34.41727],[-118.58037,34.41761],[-118.58096,34.41872],[-118.58162,34.41998],[-118.58192,34.42056],[-118.58225,34.42118],[-118.58256,34.42178],[-118.58291,34.42245],[-118.58295,34.42252],[-118.58317,34.42294],[-118.58333,34.42324],[-118.58499,34.42641],[-118.58572,34.42781],[-118.58606,34.42845],[-118.58619,34.42871],[-118.58631,34.42892],[-118.5864,34.42908],[-118.58649,34.42923],[-118.58659,34.42938],[-118.58668,34.42951],[-118.58676,34.42963],[-118.58684,34.42973],[-118.58691,34.42983],[-118.58697,34.4299],[-118.58709,34.43006],[-118.58717,34.43015],[-118.58727,34.43027],[-118.5874,34.43041],[-118.58753,34.43056],[-118.58765,34.43068],[-118.58777,34.43079],[-118.58794,34.43095],[-118.58813,34.43112],[-118.58848,34.43141],[-118.58931,34.43212],[-118.59004,34.43274],[-118.59047,34.4331],[-118.59075,34.43335],[-118.59117,34.4337],[-118.59163,34.4341],[-118.59221,34.43458],[-118.59389,34.43601],[-118.59459,34.43661],[-118.59528,34.43719],[-118.59544,34.43733],[-118.59592,34.43773],[-118.59618,34.43796],[-118.59648,34.4382],[-118.59673,34.4384],[-118.59701,34.43861],[-118.59741,34.43889],[-118.59769,34.43907],[-118.59792,34.43923],[-118.59818,34.43939],[-118.59851,34.43958],[-118.59874,34.43971],[-118.59904,34.43988],[-118.59942,34.44008],[-118.60021,34.44048],[-118.60161,34.44121],[-118.60311,34.44199],[-118.60375,34.44233],[-118.60422,34.44257],[-118.60483,34.44289],[-118.60535,34.44316],[-118.60535,34.44316],[-118.60599,34.44349],[-118.60772,34.44438],[-118.60855,34.44482],[-118.60884,34.44498],[-118.60904,34.4451],[-118.60928,34.44525],[-118.60944,34.44536],[-118.60955,34.44544],[-118.60973,34.44556],[-118.60985,34.44565],[-118.61002,34.44578],[-118.61021,34.44594],[-118.61048,34.44617],[-118.61062,34.4463],[-118.61076,34.44643],[-118.6108,34.44648],[-118.61095,34.44663],[-118.6111,34.4468],[-118.61126,34.44697],[-118.61134,34.44708],[-118.61146,34.44722],[-118.6121,34.44805],[-118.61291,34.4491],[-118.61333,34.44964],[-118.61336,34.44969],[-118.61328,34.44968],[-118.61322,34.4497],[-118.61319,34.4497],[-118.61289,34.44976],[-118.61289,34.44976],[-118.61277,34.44978],[-118.61223,34.44991],[-118.61163,34.45016],[-118.61059,34.45053],[-118.61036,34.45042],[-118.60943,34.44998],[-118.6089,34.44965],[-118.60864,34.4491],[-118.60731,34.44905],[-118.60669,34.44913],[-118.60594,34.44946],[-118.60556,34.44922],[-118.60554,34.4492],[-118.6054,34.44909],[-118.60517,34.44889],[-118.60515,34.44889],[-118.60491,34.44826],[-118.60413,34.4478],[-118.60368,34.44707],[-118.60245,34.44733],[-118.60084,34.44724],[-118.60039,34.44756],[-118.59989,34.44792],[-118.59938,34.4478],[-118.59917,34.44775],[-118.59907,34.44782],[-118.59857,34.44816],[-118.5983,34.44805],[-118.59762,34.44778],[-118.59682,34.44716],[-118.59639,34.4466],[-118.5956,34.44677],[-118.59387,34.44715],[-118.59195,34.44757],[-118.59163,34.44764],[-118.59113,34.44775],[-118.59012,34.44797],[-118.5898,34.44803],[-118.58793,34.44732],[-118.58404,34.44731],[-118.58141,34.44746],[-118.58135,34.44746],[-118.58296,34.45029],[-118.58304,34.4505],[-118.58356,34.45192],[-118.5836,34.45202],[-118.58378,34.4525],[-118.5838,34.45254],[-118.5839,34.45282],[-118.58391,34.45284],[-118.58435,34.45401],[-118.58521,34.45461],[-118.58525,34.45464],[-118.58608,34.45522],[-118.58646,34.45548],[-118.58684,34.45574],[-118.58496,34.45752],[-118.5813,34.46101],[-118.58064,34.461],[-118.57999,34.461],[-118.57909,34.46099],[-118.57857,34.46099],[-118.57803,34.46098],[-118.57755,34.46098],[-118.57628,34.46115],[-118.57647,34.46019],[-118.5765,34.46001],[-118.57576,34.45945],[-118.57545,34.45921],[-118.57525,34.45906],[-118.57525,34.45905],[-118.57521,34.45896],[-118.57509,34.4587],[-118.5749,34.45826],[-118.57479,34.45802],[-118.57496,34.4577],[-118.57504,34.45754],[-118.57531,34.45704],[-118.57563,34.45646],[-118.57564,34.45611],[-118.57565,34.45603],[-118.57566,34.45568],[-118.57566,34.45568],[-118.57568,34.45539],[-118.57557,34.45533],[-118.57548,34.45529],[-118.57392,34.45447],[-118.57371,34.45437],[-118.5733,34.4535],[-118.57321,34.4533],[-118.57319,34.45326],[-118.57357,34.45263],[-118.57365,34.45249],[-118.57367,34.45246],[-118.57384,34.45218],[-118.57385,34.45209],[-118.57396,34.45124],[-118.57397,34.45116],[-118.57394,34.45111],[-118.57372,34.45069],[-118.5737,34.45064],[-118.57369,34.45062],[-118.57358,34.45039],[-118.57357,34.45038],[-118.57353,34.45029],[-118.57337,34.44995],[-118.57333,34.44986],[-118.57322,34.44983],[-118.57297,34.44974],[-118.57291,34.44973],[-118.57285,34.44972],[-118.57266,34.44969],[-118.57258,34.44967],[-118.57258,34.44967],[-118.5725,34.44966],[-118.57231,34.44963],[-118.57211,34.4496],[-118.5721,34.44959],[-118.57197,34.4495],[-118.57197,34.4495],[-118.57196,34.4495],[-118.57196,34.4495],[-118.57274,34.44865],[-118.57237,34.44843],[-118.5722,34.44833],[-118.57186,34.44798],[-118.57176,34.44786],[-118.57168,34.44774],[-118.57161,34.44765],[-118.57155,34.44753],[-118.57146,34.44732],[-118.57136,34.44708],[-118.5713,34.44689],[-118.57124,34.44666],[-118.57121,34.44653],[-118.57119,34.44653],[-118.57116,34.44654],[-118.57063,34.44664],[-118.57018,34.44673],[-118.5696,34.44685],[-118.56905,34.44711],[-118.56869,34.44723],[-118.56842,34.44741],[-118.5684,34.44743],[-118.56812,34.44758],[-118.56774,34.44783],[-118.56755,34.44805],[-118.56721,34.44833],[-118.56693,34.44861],[-118.56683,34.44871],[-118.56661,34.44895],[-118.56658,34.44899],[-118.5665,34.44912],[-118.56635,34.44905],[-118.5663,34.44903],[-118.56612,34.44895],[-118.5638,34.44951],[-118.56364,34.44955],[-118.56193,34.44997],[-118.5616,34.45005],[-118.56146,34.45008],[-118.56143,34.45009],[-118.56126,34.45013],[-118.56123,34.45014],[-118.55982,34.45048],[-118.55968,34.45051],[-118.55922,34.45062],[-118.55896,34.45113],[-118.55896,34.45113],[-118.55891,34.45133],[-118.55886,34.45158],[-118.55883,34.45172],[-118.55883,34.45172],[-118.55882,34.45175],[-118.55877,34.45198],[-118.55876,34.45225],[-118.55875,34.4523],[-118.55875,34.4523],[-118.55864,34.4523],[-118.55808,34.45229],[-118.55759,34.45141],[-118.55714,34.45059],[-118.55699,34.45031],[-118.55699,34.45001],[-118.557,34.44988],[-118.557,34.44986],[-118.55701,34.4494],[-118.55701,34.4493],[-118.55703,34.4491],[-118.55712,34.44815],[-118.55718,34.44756],[-118.55722,34.44715],[-118.55722,34.44714],[-118.55723,34.44702],[-118.55729,34.44672],[-118.55736,34.44633],[-118.55747,34.44572],[-118.5575,34.44561],[-118.55747,34.44561],[-118.55728,34.44558],[-118.55748,34.44454],[-118.55748,34.44453],[-118.55751,34.44436],[-118.55751,34.44436],[-118.55753,34.44429],[-118.55753,34.44428],[-118.55753,34.44427],[-118.55753,34.44426],[-118.55753,34.44423],[-118.55754,34.44416],[-118.55755,34.4441],[-118.55756,34.44407],[-118.55757,34.44398],[-118.55757,34.44396],[-118.55759,34.44383],[-118.55761,34.44371],[-118.55763,34.44358],[-118.55765,34.44346],[-118.55767,34.44333],[-118.55767,34.4433],[-118.55767,34.44329],[-118.55769,34.44321],[-118.5577,34.44314],[-118.55798,34.44315],[-118.55798,34.44314],[-118.55801,34.44297],[-118.55808,34.4426],[-118.55809,34.44254],[-118.55811,34.44239],[-118.55813,34.44232],[-118.55813,34.4423],[-118.55816,34.4421],[-118.55824,34.44166],[-118.55827,34.44149],[-118.55831,34.4413],[-118.55844,34.44065],[-118.55848,34.44041],[-118.5586,34.43976],[-118.55863,34.43964],[-118.55866,34.43945],[-118.55874,34.43907],[-118.55876,34.43898],[-118.55878,34.43885],[-118.55883,34.4386],[-118.55884,34.43858],[-118.55885,34.43855],[-118.55898,34.43829],[-118.55923,34.43777],[-118.55935,34.43752],[-118.55943,34.43735],[-118.55963,34.43694],[-118.55972,34.43675],[-118.55972,34.43675],[-118.55998,34.43621],[-118.55998,34.43619],[-118.56002,34.43612],[-118.56003,34.4361],[-118.56005,34.43605],[-118.56009,34.43596],[-118.56012,34.4359],[-118.56013,34.43589],[-118.56044,34.43506],[-118.5605,34.4349],[-118.56054,34.43491],[-118.56059,34.43475],[-118.56055,34.43474],[-118.56077,34.43426],[-118.5608,34.43422],[-118.56087,34.43406],[-118.56101,34.43373],[-118.56102,34.43371],[-118.56107,34.4336],[-118.5613,34.43311],[-118.56143,34.43284],[-118.56153,34.43263],[-118.56174,34.43217],[-118.56245,34.43066],[-118.56377,34.42919],[-118.56385,34.42909],[-118.56394,34.42899],[-118.56394,34.42899],[-118.56403,34.4289],[-118.56408,34.42884],[-118.56412,34.4288],[-118.56416,34.42875],[-118.56419,34.42872],[-118.56426,34.42864],[-118.5643,34.42859],[-118.5644,34.42848],[-118.56446,34.42841],[-118.56451,34.42835],[-118.56455,34.42831],[-118.5647,34.42814],[-118.56477,34.42807],[-118.5648,34.42803],[-118.56494,34.42788],[-118.56505,34.42775],[-118.56508,34.42772],[-118.56527,34.4275],[-118.56535,34.42742],[-118.56536,34.42741],[-118.56583,34.42689],[-118.56569,34.42664],[-118.56536,34.42658],[-118.56395,34.42633],[-118.56395,34.42633],[-118.56245,34.42545],[-118.56232,34.42543],[-118.5622,34.42542],[-118.56234,34.42431],[-118.56204,34.42432],[-118.56137,34.42428],[-118.56062,34.42423],[-118.56042,34.42422],[-118.56028,34.4242],[-118.56009,34.42417],[-118.55995,34.42414],[-118.55962,34.42406],[-118.5593,34.42395],[-118.55899,34.42382],[-118.55888,34.42376],[-118.5587,34.42367],[-118.55843,34.42349],[-118.5584,34.42347],[-118.55561,34.42348],[-118.55482,34.42348],[-118.55363,34.42348],[-118.55284,34.42348],[-118.55146,34.42348],[-118.54907,34.42348],[-118.54733,34.42348],[-118.54661,34.42348],[-118.54604,34.42348],[-118.54569,34.42348],[-118.54544,34.42348],[-118.54525,34.42348],[-118.54515,34.42348],[-118.54482,34.42348],[-118.54427,34.42348],[-118.54273,34.42348],[-118.54196,34.42348],[-118.5418,34.42348],[-118.54154,34.42348],[-118.54145,34.42348],[-118.54116,34.42348],[-118.54116,34.42348],[-118.54092,34.42348],[-118.54091,34.42348],[-118.54054,34.42348],[-118.54033,34.42348],[-118.54033,34.42348],[-118.53996,34.42348],[-118.53977,34.42348],[-118.53971,34.42348],[-118.53968,34.42348],[-118.53896,34.42348],[-118.53858,34.42348],[-118.53782,34.42348],[-118.5365,34.42348],[-118.53574,34.42348],[-118.53494,34.42348],[-118.53364,34.42348],[-118.53301,34.42348],[-118.53092,34.42348],[-118.5303,34.42348],[-118.52991,34.42348],[-118.52987,34.42342],[-118.52983,34.42336],[-118.52983,34.42336],[-118.5298,34.42331],[-118.52977,34.42327],[-118.52975,34.42322],[-118.52973,34.42316],[-118.52971,34.42311],[-118.52967,34.42306],[-118.52964,34.42301],[-118.5296,34.42297],[-118.52955,34.42292],[-118.52947,34.42285],[-118.52942,34.42281],[-118.52936,34.42276],[-118.5293,34.42271],[-118.52921,34.42262],[-118.52916,34.42258],[-118.52912,34.42254],[-118.52909,34.42251],[-118.52904,34.42245],[-118.52896,34.42236],[-118.52891,34.42229],[-118.52886,34.42222],[-118.5288,34.42214],[-118.52878,34.42211],[-118.52872,34.42204],[-118.52867,34.42196],[-118.52863,34.4219],[-118.52857,34.42183],[-118.52851,34.42175],[-118.52846,34.42168],[-118.5284,34.4216],[-118.52833,34.42152],[-118.52826,34.42144],[-118.5282,34.42137],[-118.52813,34.42129],[-118.52806,34.42121],[-118.52797,34.42111],[-118.52792,34.42105],[-118.52785,34.42098],[-118.52779,34.42091],[-118.52776,34.42088],[-118.52773,34.42084],[-118.52767,34.42078],[-118.52761,34.42072],[-118.52757,34.42068],[-118.52752,34.42064],[-118.52746,34.42059],[-118.52735,34.4205],[-118.52728,34.42044],[-118.52722,34.42039],[-118.52713,34.42032],[-118.52706,34.42026],[-118.52701,34.42022],[-118.52693,34.42015],[-118.52688,34.42012],[-118.52681,34.42006],[-118.52678,34.42003],[-118.52668,34.41995],[-118.52667,34.41994],[-118.52663,34.41991],[-118.52658,34.41986],[-118.52654,34.41981],[-118.52649,34.41975],[-118.52645,34.4197],[-118.5264,34.41963],[-118.52636,34.41957],[-118.52632,34.41952],[-118.52628,34.41946],[-118.52625,34.41943],[-118.52621,34.41937],[-118.52616,34.4193],[-118.5261,34.41923],[-118.52605,34.41917],[-118.52602,34.41913],[-118.52594,34.41905],[-118.52589,34.41901],[-118.52582,34.41894],[-118.52573,34.41887],[-118.52564,34.4188],[-118.52554,34.41874],[-118.52545,34.41869],[-118.52537,34.41864],[-118.52528,34.4186],[-118.52519,34.41856],[-118.52501,34.41849],[-118.52487,34.41846],[-118.52474,34.41842],[-118.5246,34.4184],[-118.52454,34.41839],[-118.52443,34.41837],[-118.52436,34.41836],[-118.52424,34.41835],[-118.52413,34.41833],[-118.52402,34.41831],[-118.52391,34.4183],[-118.52384,34.41828],[-118.52368,34.41825],[-118.52353,34.4182],[-118.5234,34.41817],[-118.52333,34.41815],[-118.52319,34.41811],[-118.52308,34.41808],[-118.52301,34.41805],[-118.52298,34.41804],[-118.52288,34.41799],[-118.52285,34.41797],[-118.52279,34.41793],[-118.52279,34.41793],[-118.52276,34.41791],[-118.52262,34.41782],[-118.52253,34.41778],[-118.52243,34.41772],[-118.52232,34.41768],[-118.52223,34.41764],[-118.52218,34.41762],[-118.52207,34.41759],[-118.52203,34.41758],[-118.52196,34.41756],[-118.52189,34.41754],[-118.52182,34.41753],[-118.52169,34.4175],[-118.5216,34.41749],[-118.52148,34.41748],[-118.52144,34.41748],[-118.52139,34.41747],[-118.52133,34.41747],[-118.52123,34.41748],[-118.52118,34.41749],[-118.52113,34.4175],[-118.52108,34.41751],[-118.52105,34.41752],[-118.521,34.41754],[-118.52095,34.41757],[-118.52093,34.41758],[-118.52088,34.41761],[-118.52085,34.41763],[-118.52079,34.41768],[-118.52079,34.41769],[-118.52079,34.41769],[-118.52075,34.41773],[-118.52072,34.41778],[-118.52069,34.41783],[-118.52067,34.41785],[-118.52066,34.41788],[-118.52066,34.4179],[-118.52064,34.41793],[-118.52063,34.41798],[-118.52062,34.41806],[-118.52061,34.41809],[-118.5206,34.41816],[-118.52059,34.41822],[-118.52058,34.41825],[-118.52058,34.41827],[-118.52056,34.4183],[-118.52055,34.41833],[-118.52053,34.41835],[-118.52051,34.41838],[-118.52046,34.41836],[-118.52037,34.41831],[-118.52035,34.41829],[-118.52033,34.41828],[-118.5203,34.41828],[-118.52028,34.41827],[-118.52026,34.41826],[-118.52023,34.41826],[-118.52021,34.41825],[-118.52018,34.41825],[-118.52016,34.41825],[-118.52013,34.41825],[-118.52011,34.41825],[-118.52008,34.41826],[-118.52006,34.41826],[-118.52003,34.41827],[-118.52001,34.41828],[-118.51999,34.41829],[-118.51997,34.4183],[-118.51995,34.41831],[-118.51993,34.41832],[-118.51991,34.41834],[-118.5199,34.41835],[-118.51988,34.41837],[-118.51987,34.41838],[-118.51986,34.4184],[-118.51985,34.41842],[-118.51984,34.41844],[-118.51983,34.41846],[-118.51978,34.41859],[-118.51977,34.41863],[-118.51975,34.41867],[-118.51973,34.41871],[-118.51971,34.41875],[-118.51969,34.41879],[-118.51966,34.41882],[-118.51964,34.41886],[-118.51961,34.4189],[-118.51958,34.41893],[-118.51955,34.41897],[-118.51952,34.419],[-118.51949,34.41904],[-118.51945,34.41907],[-118.51942,34.4191],[-118.51938,34.41913],[-118.51934,34.41916],[-118.5193,34.41919],[-118.51926,34.41921],[-118.51922,34.41924],[-118.51918,34.41926],[-118.51917,34.41927],[-118.51916,34.41927],[-118.51915,34.41927],[-118.51913,34.41928],[-118.51912,34.41928],[-118.51911,34.41928],[-118.5191,34.41927],[-118.51908,34.41927],[-118.51907,34.41927],[-118.51906,34.41926],[-118.51905,34.41926],[-118.51903,34.41926],[-118.51902,34.41926],[-118.51901,34.41927],[-118.519,34.41927],[-118.51899,34.41928],[-118.51898,34.41928],[-118.51897,34.41929],[-118.51896,34.4193],[-118.51895,34.41931],[-118.51895,34.41932],[-118.51895,34.41933],[-118.51894,34.41934],[-118.51894,34.41935],[-118.51894,34.41936],[-118.51893,34.41938],[-118.51892,34.41939],[-118.51891,34.4194],[-118.5189,34.41941],[-118.51889,34.41942],[-118.51888,34.41943],[-118.51886,34.41944],[-118.51872,34.41952],[-118.51803,34.42052],[-118.51791,34.4209],[-118.51763,34.42122],[-118.51733,34.42145],[-118.5173,34.42148],[-118.51727,34.4215],[-118.51724,34.42153],[-118.51721,34.42155],[-118.51719,34.42158],[-118.51717,34.42161],[-118.51715,34.42164],[-118.51713,34.42167],[-118.51711,34.4217],[-118.51709,34.42173],[-118.51687,34.42215],[-118.51686,34.42217],[-118.51685,34.42219],[-118.51684,34.4222],[-118.51682,34.42222],[-118.51681,34.42223],[-118.51679,34.42225],[-118.51678,34.42226],[-118.51676,34.42227],[-118.51674,34.42228],[-118.5161,34.4226],[-118.51607,34.42261],[-118.51604,34.42263],[-118.51602,34.42265],[-118.51599,34.42267],[-118.51597,34.42269],[-118.51594,34.42271],[-118.51592,34.42273],[-118.5159,34.42275],[-118.51588,34.42278],[-118.51586,34.4228],[-118.51585,34.42283],[-118.51567,34.42312],[-118.51566,34.42314],[-118.51564,34.42316],[-118.51563,34.42318],[-118.51561,34.4232],[-118.51559,34.42322],[-118.51557,34.42323],[-118.51555,34.42325],[-118.51553,34.42326],[-118.51551,34.42328],[-118.51548,34.42329],[-118.51546,34.4233],[-118.51543,34.42331],[-118.51541,34.42332],[-118.51539,34.42333],[-118.51538,34.42333],[-118.51482,34.42348],[-118.51469,34.42348],[-118.51407,34.42348],[-118.51391,34.42348],[-118.51366,34.42348],[-118.51257,34.42348],[-118.51229,34.42348],[-118.51166,34.42347],[-118.51166,34.42347],[-118.51166,34.42347],[-118.51166,34.42347],[-118.51136,34.42347],[-118.51132,34.42347],[-118.51132,34.42347],[-118.51132,34.42347],[-118.51129,34.42347],[-118.51118,34.42347],[-118.51099,34.42347],[-118.51072,34.42347],[-118.5105,34.42347],[-118.50973,34.42347],[-118.50936,34.42347],[-118.50906,34.42347],[-118.5084,34.42347],[-118.50791,34.42347],[-118.50659,34.42347],[-118.50562,34.42347],[-118.50537,34.42347],[-118.50521,34.42347],[-118.50513,34.42347],[-118.50506,34.42347],[-118.50501,34.42347],[-118.50484,34.42358],[-118.5048,34.4236],[-118.50477,34.42361],[-118.50459,34.42367],[-118.50437,34.42372],[-118.50434,34.42373],[-118.50433,34.42374],[-118.504,34.42389],[-118.50397,34.42364],[-118.50306,34.42051],[-118.50302,34.42023],[-118.503,34.42018],[-118.50279,34.4202],[-118.50254,34.42023],[-118.50254,34.42006],[-118.50254,34.41994],[-118.50254,34.41984],[-118.50254,34.41979],[-118.50254,34.4197],[-118.50254,34.41965],[-118.50288,34.41959],[-118.5027,34.41863],[-118.50269,34.41855],[-118.50268,34.41851],[-118.50268,34.41851],[-118.50263,34.41818],[-118.50263,34.41818],[-118.50259,34.41795],[-118.50253,34.41684],[-118.50219,34.41401],[-118.50219,34.414],[-118.50216,34.41371],[-118.50213,34.41346],[-118.50213,34.41303],[-118.50216,34.41287],[-118.50216,34.41287],[-118.50218,34.41269],[-118.50281,34.41063],[-118.50292,34.41027],[-118.50303,34.40991],[-118.50303,34.40991],[-118.50303,34.40991],[-118.5031,34.40968],[-118.50315,34.40943],[-118.50315,34.40909],[-118.50315,34.40864],[-118.50292,34.40864],[-118.50254,34.40864],[-118.50256,34.40821],[-118.50256,34.40821],[-118.50256,34.40821],[-118.50257,34.4079],[-118.50262,34.40644],[-118.50296,34.40644],[-118.50318,34.40645],[-118.50318,34.40644],[-118.50321,34.40421],[-118.50322,34.40403],[-118.50322,34.40387],[-118.50322,34.40371],[-118.50321,34.40355],[-118.50319,34.40337],[-118.50317,34.40319],[-118.50313,34.40301],[-118.50309,34.40283],[-118.50304,34.40265],[-118.50299,34.40247],[-118.50293,34.4023],[-118.50286,34.40213],[-118.50278,34.40196],[-118.50276,34.40192],[-118.5027,34.40179],[-118.50187,34.40077],[-118.50157,34.40046],[-118.50119,34.40014],[-118.50095,34.39997],[-118.50094,34.39985],[-118.50094,34.39985],[-118.50091,34.39955],[-118.50091,34.39955],[-118.5009,34.39942],[-118.50065,34.39944],[-118.50064,34.3993],[-118.50062,34.39912],[-118.50056,34.39844],[-118.50051,34.39792],[-118.50051,34.39791],[-118.50051,34.39791],[-118.49948,34.39794],[-118.4993,34.3961],[-118.49929,34.39594],[-118.49926,34.39559],[-118.49921,34.39509],[-118.4992,34.3949],[-118.49914,34.39429],[-118.49914,34.39426],[-118.49914,34.39426],[-118.49912,34.39413],[-118.49917,34.39413],[-118.49928,34.39413],[-118.49951,34.39412],[-118.50014,34.39411],[-118.50088,34.3941],[-118.50133,34.39409],[-118.50225,34.3941],[-118.50301,34.3941],[-118.50302,34.39367],[-118.50332,34.39367],[-118.50368,34.39367],[-118.50408,34.39368],[-118.50496,34.39368],[-118.50518,34.39369],[-118.50532,34.39369],[-118.50642,34.39369],[-118.50661,34.39369],[-118.50751,34.3937],[-118.50765,34.3937],[-118.50865,34.39371],[-118.50875,34.39371],[-118.50931,34.39371],[-118.5098,34.39372],[-118.50994,34.39372],[-118.51005,34.39372],[-118.51012,34.39359],[-118.51019,34.39345],[-118.51034,34.39317],[-118.51049,34.3929],[-118.51051,34.3928],[-118.51054,34.39269],[-118.51057,34.39259],[-118.51136,34.39259],[-118.51137,34.39254],[-118.51153,34.39194],[-118.51159,34.39171],[-118.51159,34.39171],[-118.51176,34.39107],[-118.51223,34.39115],[-118.51283,34.39126],[-118.51296,34.39129],[-118.51402,34.39148],[-118.51434,34.39154],[-118.51448,34.39157],[-118.5146,34.39159],[-118.5147,34.39159],[-118.51505,34.39159],[-118.51523,34.39159],[-118.51525,34.39159],[-118.51531,34.39159],[-118.51541,34.39152],[-118.51556,34.3914],[-118.51589,34.39115],[-118.51615,34.39095],[-118.51627,34.39085],[-118.5164,34.39075],[-118.51664,34.39057],[-118.51674,34.3905],[-118.51702,34.39028],[-118.51725,34.3901],[-118.51735,34.39003],[-118.51738,34.39],[-118.51788,34.3901],[-118.51791,34.3901],[-118.51803,34.39012],[-118.51806,34.39013],[-118.51811,34.39014],[-118.51823,34.39016],[-118.51891,34.39028],[-118.51906,34.39031],[-118.51909,34.3903],[-118.51919,34.38991],[-118.51924,34.38974],[-118.51929,34.38953],[-118.51939,34.38916],[-118.51939,34.38915],[-118.51948,34.38884],[-118.51955,34.38855],[-118.51955,34.38855],[-118.51956,34.38853],[-118.51958,34.38844],[-118.51982,34.38848],[-118.51994,34.3885],[-118.52023,34.38855],[-118.52034,34.38857],[-118.52066,34.38863],[-118.52074,34.38865],[-118.52079,34.38866],[-118.52118,34.38873],[-118.52119,34.38873],[-118.52134,34.38876],[-118.52146,34.38878],[-118.52164,34.38881],[-118.52238,34.38895],[-118.52257,34.38898],[-118.52282,34.38903],[-118.52293,34.38905],[-118.52296,34.38905],[-118.52306,34.38907],[-118.52317,34.38909],[-118.52328,34.38911],[-118.52376,34.3892],[-118.52403,34.38925],[-118.52451,34.38934],[-118.52507,34.38944],[-118.52518,34.38946],[-118.52526,34.38947],[-118.52531,34.38948],[-118.52528,34.38959],[-118.52527,34.38962],[-118.52516,34.39006],[-118.52516,34.39006],[-118.52512,34.39018],[-118.52511,34.39025],[-118.52509,34.3903],[-118.52505,34.39048],[-118.52504,34.39051],[-118.52502,34.39059],[-118.525,34.39066],[-118.52497,34.39078],[-118.52492,34.39095],[-118.52489,34.39108],[-118.52487,34.39116],[-118.52485,34.3912],[-118.52484,34.39125],[-118.52483,34.39128],[-118.52481,34.39137],[-118.52501,34.39141],[-118.52512,34.39143],[-118.52522,34.39145],[-118.52535,34.39147],[-118.52548,34.39149],[-118.52594,34.39157],[-118.52642,34.39166],[-118.52655,34.39169],[-118.5268,34.39173],[-118.52696,34.39176],[-118.52709,34.39178],[-118.52923,34.39217],[-118.52935,34.39219],[-118.53039,34.39237],[-118.53103,34.39249],[-118.53106,34.39261],[-118.53119,34.3931],[-118.53127,34.3934],[-118.53134,34.39366],[-118.53136,34.39371],[-118.53145,34.39405],[-118.53148,34.39418],[-118.53151,34.39428],[-118.53151,34.39428],[-118.53159,34.39428],[-118.53164,34.39428],[-118.53188,34.39428],[-118.53193,34.39428],[-118.53221,34.39428],[-118.53236,34.39428],[-118.53269,34.39429],[-118.53275,34.39429],[-118.53279,34.39429],[-118.53285,34.39429],[-118.53304,34.39429],[-118.53367,34.39429],[-118.53432,34.39429],[-118.53437,34.39429],[-118.53437,34.39429],[-118.53506,34.3943],[-118.53552,34.3943],[-118.53596,34.3943],[-118.53629,34.3943],[-118.53632,34.3943],[-118.53632,34.3943],[-118.53647,34.39423],[-118.5368,34.39405],[-118.53695,34.39397],[-118.53737,34.39375],[-118.53745,34.39371],[-118.53761,34.39363],[-118.53775,34.39355],[-118.53777,34.39354],[-118.53788,34.39348],[-118.53795,34.39344],[-118.53801,34.39353],[-118.53818,34.39374],[-118.53824,34.39382],[-118.5383,34.3939],[-118.53845,34.39409],[-118.53853,34.3942],[-118.53862,34.39433],[-118.53871,34.39448],[-118.53877,34.3946],[-118.53882,34.39473],[-118.53884,34.39479],[-118.5389,34.39497],[-118.53891,34.39501],[-118.53893,34.3951],[-118.53894,34.39516],[-118.53896,34.39528],[-118.53897,34.39528],[-118.53899,34.39528],[-118.539,34.39528],[-118.53901,34.39527],[-118.53902,34.39527],[-118.53904,34.39527],[-118.53906,34.39527],[-118.53907,34.39526],[-118.53909,34.39526],[-118.5391,34.39526],[-118.53912,34.39525],[-118.53914,34.39525],[-118.53915,34.39525],[-118.53917,34.39525],[-118.53919,34.39524],[-118.5392,34.39524],[-118.53922,34.39524],[-118.53923,34.39524],[-118.53925,34.39523],[-118.53927,34.39523],[-118.53928,34.39523],[-118.5393,34.39522],[-118.53932,34.39522],[-118.53933,34.39522],[-118.53935,34.39522],[-118.53937,34.39521],[-118.53934,34.39503],[-118.53934,34.395],[-118.53934,34.39486],[-118.53934,34.39482],[-118.53933,34.39424],[-118.53933,34.39408],[-118.53929,34.39402],[-118.53929,34.39402],[-118.53923,34.39393],[-118.53893,34.39346],[-118.53925,34.39329],[-118.53939,34.39322],[-118.53952,34.39315],[-118.53967,34.39335],[-118.54031,34.39305],[-118.54013,34.39282],[-118.54019,34.39279],[-118.5402,34.39279],[-118.54033,34.39296],[-118.54051,34.39286],[-118.54067,34.39278],[-118.54087,34.39267],[-118.54074,34.3925],[-118.54124,34.39224],[-118.54144,34.39213],[-118.54145,34.39213],[-118.54145,34.39213],[-118.54151,34.39209],[-118.54151,34.39209],[-118.54154,34.39208],[-118.54238,34.39163],[-118.54226,34.39148],[-118.54233,34.39142],[-118.54259,34.39119],[-118.5427,34.39109],[-118.54314,34.39071],[-118.54356,34.39033],[-118.5437,34.39022],[-118.54396,34.38999],[-118.54408,34.38976],[-118.54437,34.3895],[-118.54451,34.38938],[-118.54483,34.3891],[-118.54504,34.38891],[-118.54524,34.38874],[-118.5457,34.38846],[-118.54596,34.38838],[-118.546,34.38837],[-118.54612,34.38831],[-118.546,34.38816],[-118.54585,34.38795],[-118.54568,34.38774],[-118.54566,34.38771],[-118.54565,34.38769],[-118.54561,34.38765],[-118.54553,34.38755],[-118.54537,34.38733],[-118.5453,34.38723],[-118.54501,34.38686],[-118.54491,34.38673],[-118.54486,34.38667],[-118.54452,34.38622],[-118.54447,34.38616],[-118.54441,34.38609],[-118.54417,34.38578],[-118.54405,34.38563],[-118.54391,34.38544],[-118.54373,34.38521],[-118.54361,34.38505],[-118.5436,34.38504],[-118.54328,34.3846],[-118.54274,34.38391],[-118.54244,34.38351],[-118.54216,34.38311],[-118.54197,34.38278],[-118.54175,34.38234],[-118.54167,34.38213],[-118.54162,34.38197],[-118.54143,34.38149],[-118.54142,34.38146],[-118.5413,34.38117],[-118.54111,34.38073],[-118.54108,34.38068],[-118.54074,34.37997],[-118.54068,34.37985],[-118.54065,34.37978],[-118.54032,34.3798],[-118.53998,34.37982],[-118.53983,34.37983],[-118.53972,34.37969],[-118.53954,34.37944],[-118.53933,34.37917],[-118.53918,34.37897],[-118.53912,34.37888],[-118.53904,34.37878],[-118.53892,34.37862],[-118.53885,34.37853],[-118.5388,34.37845],[-118.53871,34.37833],[-118.53859,34.37817],[-118.53847,34.37801],[-118.53847,34.37801],[-118.53842,34.37795],[-118.53829,34.37776],[-118.53828,34.37776],[-118.53822,34.3777],[-118.53797,34.37748],[-118.53787,34.3774],[-118.53776,34.3773],[-118.53754,34.3771],[-118.53728,34.37687],[-118.53709,34.3767],[-118.53674,34.37639],[-118.5362,34.37591],[-118.5361,34.37582],[-118.53586,34.37561],[-118.53564,34.37542],[-118.53538,34.37519],[-118.53535,34.37517],[-118.53529,34.37511],[-118.53465,34.37454],[-118.53446,34.37437],[-118.53383,34.37381],[-118.53373,34.37382],[-118.53353,34.3741],[-118.53344,34.37423],[-118.53336,34.37433],[-118.53326,34.37448],[-118.53314,34.37443],[-118.5328,34.3749],[-118.53276,34.37498],[-118.53259,34.37527],[-118.53256,34.37532],[-118.53227,34.37573],[-118.53188,34.37628],[-118.53171,34.37651],[-118.5315,34.37681],[-118.53122,34.3772],[-118.53053,34.37823],[-118.53036,34.37816],[-118.53006,34.37803],[-118.52991,34.37797],[-118.52967,34.37788],[-118.52942,34.37777],[-118.52904,34.37761],[-118.52898,34.37758],[-118.52858,34.37741],[-118.52822,34.37725],[-118.5281,34.3772],[-118.52788,34.37711],[-118.52782,34.37708],[-118.52733,34.37688],[-118.5272,34.37683],[-118.52708,34.37677],[-118.52695,34.3767],[-118.5269,34.37667],[-118.52679,34.37662],[-118.52673,34.3766],[-118.52665,34.37659],[-118.52658,34.37659],[-118.52649,34.3766],[-118.52646,34.37661],[-118.52643,34.37662],[-118.52633,34.37669],[-118.52608,34.37643],[-118.52603,34.37638],[-118.52598,34.37634],[-118.52589,34.37627],[-118.52581,34.37622],[-118.52572,34.37617],[-118.52566,34.37614],[-118.52554,34.37609],[-118.52547,34.37606],[-118.5254,34.37603],[-118.52524,34.37597],[-118.52522,34.37596],[-118.5249,34.37583],[-118.52431,34.37556],[-118.52434,34.37561],[-118.52412,34.37552],[-118.52395,34.37545],[-118.52382,34.3754],[-118.52369,34.37524],[-118.52359,34.37512],[-118.52337,34.37483],[-118.52326,34.37469],[-118.52303,34.37441],[-118.52284,34.37416],[-118.52281,34.37413],[-118.52275,34.37403],[-118.52266,34.37391],[-118.52259,34.37379],[-118.52255,34.3737],[-118.52251,34.3736],[-118.52248,34.37354],[-118.52248,34.37354],[-118.52246,34.37349],[-118.52246,34.37349],[-118.52246,34.37348],[-118.52245,34.37347],[-118.52244,34.37345],[-118.52243,34.37342],[-118.52243,34.3734],[-118.52242,34.37339],[-118.52242,34.37338],[-118.52242,34.37338],[-118.52242,34.37338],[-118.52242,34.37337],[-118.52242,34.37337],[-118.52239,34.3733],[-118.52237,34.37322],[-118.52234,34.37313],[-118.52233,34.37305],[-118.52229,34.37283],[-118.52227,34.37264],[-118.52226,34.37249],[-118.52227,34.37231],[-118.52229,34.37209],[-118.5223,34.372],[-118.52234,34.37175],[-118.52239,34.37148],[-118.52242,34.37133],[-118.52244,34.37123],[-118.52244,34.3712],[-118.52248,34.37097],[-118.52258,34.37048],[-118.52263,34.37019],[-118.5227,34.36981],[-118.52278,34.36938],[-118.52281,34.36924],[-118.52285,34.369],[-118.52296,34.36843],[-118.523,34.3682],[-118.52304,34.36799],[-118.52314,34.36746],[-118.52317,34.36728],[-118.52319,34.36717],[-118.52327,34.36676],[-118.52327,34.36671],[-118.52332,34.36649],[-118.52332,34.36646],[-118.52335,34.36629],[-118.52339,34.36608],[-118.52346,34.36574],[-118.52346,34.36571],[-118.52352,34.36538],[-118.52356,34.36517],[-118.52361,34.36491],[-118.52362,34.36484],[-118.52366,34.36464],[-118.52369,34.36449],[-118.52372,34.36432],[-118.52374,34.36422],[-118.52374,34.3642],[-118.52374,34.3642],[-118.52374,34.36419],[-118.52375,34.36411],[-118.52376,34.36401],[-118.52376,34.36401],[-118.52376,34.36401],[-118.52377,34.36395],[-118.52377,34.36393],[-118.52377,34.36392],[-118.52378,34.36379],[-118.52378,34.36378],[-118.52378,34.36377],[-118.52378,34.36377],[-118.52378,34.36367],[-118.52378,34.36367],[-118.52378,34.36367],[-118.52378,34.36367],[-118.52378,34.36367],[-118.52378,34.36367],[-118.52378,34.36366],[-118.52378,34.36366],[-118.52378,34.36366],[-118.52378,34.36365],[-118.52378,34.36365],[-118.52378,34.36365],[-118.52378,34.36364],[-118.52378,34.36364],[-118.52378,34.36364],[-118.52378,34.36363],[-118.52378,34.3636],[-118.52377,34.36356],[-118.52377,34.36351],[-118.52377,34.36347],[-118.52376,34.36338],[-118.52375,34.36329],[-118.52373,34.36318],[-118.52373,34.36316],[-118.52372,34.36309],[-118.52371,34.36306],[-118.52369,34.36296],[-118.52364,34.36278],[-118.52364,34.36278],[-118.52362,34.36272],[-118.52357,34.36258],[-118.52351,34.36244],[-118.52335,34.36211],[-118.52322,34.3619],[-118.52304,34.36166],[-118.52282,34.36141],[-118.52275,34.36133],[-118.5225,34.36107],[-118.52234,34.36089],[-118.52211,34.36066],[-118.52189,34.36043],[-118.52186,34.3604],[-118.52184,34.36038],[-118.52027,34.35872],[-118.52002,34.35846],[-118.51891,34.3573],[-118.51873,34.35711],[-118.5186,34.35697],[-118.5185,34.35684],[-118.51832,34.35661],[-118.51825,34.3565],[-118.51813,34.35631],[-118.51808,34.3562],[-118.51797,34.35596],[-118.5179,34.3558],[-118.51785,34.35566],[-118.51782,34.35556],[-118.51779,34.35545],[-118.51767,34.35506],[-118.5176,34.35481],[-118.51756,34.35482],[-118.51755,34.35482],[-118.51754,34.35483],[-118.51735,34.35431],[-118.51721,34.35399],[-118.5171,34.35377],[-118.51681,34.3532],[-118.51657,34.35272],[-118.51654,34.35266],[-118.51636,34.3523],[-118.51635,34.35228],[-118.51622,34.352],[-118.51587,34.35131],[-118.51537,34.35031],[-118.51511,34.34979],[-118.51479,34.34914],[-118.5146,34.34877],[-118.5146,34.34875],[-118.51448,34.34852],[-118.51418,34.34791],[-118.51415,34.34787],[-118.51365,34.34686],[-118.51352,34.34661],[-118.51352,34.3466],[-118.51304,34.34563],[-118.51272,34.34501]]],[[[-118.55538,34.35806],[-118.55535,34.35803],[-118.55534,34.35801],[-118.5553,34.35794],[-118.55528,34.35789],[-118.55527,34.35784],[-118.55522,34.35771],[-118.5552,34.35763],[-118.55519,34.35761],[-118.55516,34.3575],[-118.55511,34.35738],[-118.55502,34.35715],[-118.55498,34.35706],[-118.55495,34.357],[-118.55492,34.35694],[-118.55493,34.35693],[-118.55551,34.35677],[-118.55562,34.35674],[-118.55565,34.35673],[-118.55567,34.35672],[-118.55568,34.35672],[-118.55568,34.35672],[-118.55571,34.35671],[-118.55571,34.35671],[-118.55573,34.35671],[-118.55578,34.35669],[-118.55581,34.3567],[-118.55584,34.35671],[-118.55587,34.35673],[-118.55589,34.35675],[-118.55591,34.35677],[-118.55591,34.35679],[-118.55639,34.35669],[-118.55667,34.35688],[-118.55676,34.35688],[-118.55682,34.35689],[-118.55689,34.35689],[-118.55696,34.35688],[-118.55702,34.35688],[-118.55709,34.35687],[-118.55716,34.35686],[-118.55724,34.35685],[-118.5573,34.35684],[-118.55738,34.35682],[-118.55743,34.3568],[-118.5575,34.35678],[-118.55757,34.35675],[-118.55765,34.35672],[-118.55772,34.35669],[-118.5578,34.35664],[-118.55788,34.3566],[-118.55795,34.35655],[-118.55802,34.3565],[-118.55804,34.35648],[-118.55804,34.35648],[-118.55805,34.35647],[-118.55805,34.35647],[-118.55809,34.3564],[-118.55834,34.3561],[-118.55844,34.35617],[-118.5589,34.35649],[-118.55891,34.35651],[-118.55892,34.35653],[-118.55892,34.35655],[-118.55893,34.35657],[-118.55894,34.3566],[-118.55895,34.35662],[-118.55923,34.35653],[-118.55927,34.35651],[-118.5593,34.35651],[-118.55932,34.3565],[-118.55934,34.3565],[-118.55937,34.35649],[-118.55939,34.35649],[-118.55942,34.35648],[-118.55944,34.35648],[-118.55946,34.35647],[-118.55949,34.35647],[-118.55951,34.35647],[-118.55954,34.35646],[-118.55956,34.35646],[-118.55959,34.35646],[-118.55961,34.35646],[-118.55964,34.35646],[-118.55966,34.35645],[-118.55968,34.35645],[-118.55971,34.35645],[-118.55973,34.35645],[-118.55976,34.35645],[-118.55978,34.35645],[-118.55981,34.35646],[-118.55983,34.35646],[-118.55986,34.35646],[-118.55988,34.35646],[-118.55991,34.35646],[-118.55993,34.35647],[-118.55995,34.35647],[-118.55998,34.35647],[-118.56,34.35648],[-118.56003,34.35648],[-118.56005,34.35648],[-118.56007,34.35649],[-118.5601,34.3565],[-118.56012,34.3565],[-118.56015,34.35651],[-118.56017,34.35651],[-118.56019,34.35652],[-118.56021,34.35653],[-118.56024,34.35653],[-118.56026,34.35654],[-118.56028,34.35655],[-118.56031,34.35656],[-118.56033,34.35657],[-118.56035,34.35657],[-118.56037,34.35658],[-118.56039,34.35659],[-118.56042,34.3566],[-118.56046,34.35662],[-118.56048,34.35663],[-118.5605,34.35665],[-118.56052,34.35666],[-118.56054,34.35667],[-118.56056,34.35669],[-118.56058,34.3567],[-118.5606,34.35672],[-118.56062,34.35673],[-118.56064,34.35675],[-118.56065,34.35677],[-118.56067,34.35678],[-118.56069,34.3568],[-118.5607,34.35682],[-118.56072,34.35684],[-118.56073,34.35686],[-118.56076,34.35689],[-118.56077,34.35692],[-118.56079,34.35694],[-118.5608,34.35697],[-118.56082,34.35699],[-118.56083,34.35702],[-118.56085,34.35705],[-118.56086,34.35707],[-118.56087,34.3571],[-118.56089,34.35713],[-118.5609,34.35715],[-118.56091,34.35718],[-118.56092,34.35721],[-118.56093,34.35724],[-118.56094,34.35726],[-118.56095,34.35729],[-118.56096,34.35732],[-118.56096,34.35735],[-118.56097,34.35738],[-118.56098,34.3574],[-118.56098,34.35743],[-118.56099,34.35746],[-118.56099,34.35749],[-118.561,34.35752],[-118.561,34.35755],[-118.561,34.35758],[-118.56101,34.3576],[-118.56101,34.35763],[-118.56101,34.35766],[-118.56101,34.35769],[-118.56101,34.35772],[-118.56101,34.35775],[-118.56101,34.35778],[-118.561,34.35781],[-118.561,34.35783],[-118.561,34.35786],[-118.56099,34.35789],[-118.56099,34.35792],[-118.56099,34.35795],[-118.56098,34.35798],[-118.56097,34.35801],[-118.56097,34.35803],[-118.56101,34.35804],[-118.56105,34.35804],[-118.56109,34.35804],[-118.56113,34.35804],[-118.56117,34.35805],[-118.56121,34.35805],[-118.56125,34.35805],[-118.56129,34.35804],[-118.56134,34.35804],[-118.56138,34.35804],[-118.56142,34.35804],[-118.56146,34.35804],[-118.5615,34.35803],[-118.56154,34.35803],[-118.56158,34.35802],[-118.56162,34.35802],[-118.56166,34.35801],[-118.5617,34.35801],[-118.56174,34.358],[-118.56178,34.35799],[-118.56181,34.35798],[-118.56185,34.35797],[-118.56189,34.35797],[-118.56193,34.35796],[-118.56197,34.35795],[-118.56201,34.35793],[-118.56205,34.35792],[-118.56208,34.35791],[-118.56212,34.3579],[-118.56216,34.35788],[-118.56225,34.35785],[-118.5623,34.35784],[-118.56235,34.35782],[-118.5624,34.35781],[-118.56244,34.3578],[-118.56249,34.35778],[-118.56254,34.35777],[-118.56259,34.35776],[-118.56264,34.35775],[-118.56269,34.35774],[-118.56274,34.35773],[-118.56279,34.35772],[-118.56284,34.35772],[-118.56289,34.35771],[-118.56294,34.3577],[-118.56299,34.3577],[-118.56304,34.35769],[-118.56309,34.35769],[-118.56314,34.35769],[-118.56319,34.35768],[-118.56324,34.35768],[-118.5633,34.35768],[-118.56335,34.35768],[-118.5634,34.35768],[-118.56345,34.35768],[-118.5635,34.35769],[-118.56355,34.35769],[-118.5636,34.35769],[-118.56365,34.3577],[-118.56372,34.3577],[-118.56384,34.35771],[-118.56386,34.35772],[-118.56389,34.35772],[-118.56392,34.35772],[-118.56394,34.35772],[-118.56397,34.35772],[-118.564,34.35772],[-118.56402,34.35772],[-118.56405,34.35772],[-118.56408,34.35772],[-118.5641,34.35771],[-118.56413,34.35771],[-118.56416,34.35771],[-118.56418,34.35771],[-118.56421,34.3577],[-118.56423,34.3577],[-118.56426,34.35769],[-118.56429,34.35769],[-118.56431,34.35768],[-118.56483,34.35758],[-118.56497,34.35755],[-118.56511,34.35754],[-118.56517,34.35753],[-118.56526,34.35753],[-118.56541,34.35754],[-118.56555,34.35755],[-118.5657,34.35758],[-118.56584,34.35761],[-118.56597,34.35766],[-118.56597,34.35818],[-118.56567,34.35838],[-118.56574,34.35838],[-118.56555,34.35926],[-118.56517,34.35949],[-118.56482,34.3597],[-118.56433,34.35969],[-118.5637,34.35936],[-118.56345,34.35922],[-118.56285,34.35922],[-118.56246,34.35932],[-118.56176,34.35931],[-118.56136,34.35953],[-118.56136,34.35975],[-118.56114,34.35975],[-118.56095,34.35939],[-118.56062,34.35921],[-118.56019,34.35924],[-118.56002,34.35932],[-118.55982,34.35951],[-118.55954,34.35951],[-118.55922,34.35844],[-118.55928,34.35811],[-118.55914,34.35804],[-118.55913,34.35897],[-118.55837,34.35937],[-118.55836,34.35987],[-118.55836,34.35987],[-118.55835,34.35987],[-118.55599,34.35986],[-118.5559,34.35973],[-118.55585,34.35964],[-118.55577,34.35951],[-118.55573,34.35945],[-118.55569,34.35938],[-118.55563,34.35928],[-118.55546,34.35875],[-118.55542,34.35861],[-118.55541,34.35858],[-118.5554,34.35855],[-118.55541,34.35854],[-118.55544,34.35853],[-118.55548,34.35851],[-118.5555,34.35849],[-118.55552,34.35847],[-118.55553,34.35845],[-118.55555,34.35843],[-118.55555,34.35841],[-118.55556,34.35839],[-118.55556,34.35837],[-118.55556,34.35835],[-118.55555,34.35834],[-118.55555,34.35832],[-118.55554,34.3583],[-118.55553,34.35828],[-118.55538,34.35806]]]]}},{"type":"Feature","properties":{"seat":"santa-clarita-city-council-district-3","label":"District 3","county":"CITY OF SANTA CLARITA 3RD COUNCIL","role":"seat"},"geometry":{"type":"Polygon","coordinates":[[[-118.52133,34.41747],[-118.52139,34.41747],[-118.52144,34.41748],[-118.52148,34.41748],[-118.5216,34.41749],[-118.52169,34.4175],[-118.52182,34.41753],[-118.52189,34.41754],[-118.52196,34.41756],[-118.52203,34.41758],[-118.52207,34.41759],[-118.52218,34.41762],[-118.52223,34.41764],[-118.52232,34.41768],[-118.52243,34.41772],[-118.52253,34.41778],[-118.52262,34.41782],[-118.52276,34.41791],[-118.52279,34.41793],[-118.52279,34.41793],[-118.52285,34.41797],[-118.52288,34.41799],[-118.52298,34.41804],[-118.52301,34.41805],[-118.52308,34.41808],[-118.52319,34.41811],[-118.52333,34.41815],[-118.5234,34.41817],[-118.52353,34.4182],[-118.52368,34.41825],[-118.52384,34.41828],[-118.52391,34.4183],[-118.52402,34.41831],[-118.52413,34.41833],[-118.52424,34.41835],[-118.52436,34.41836],[-118.52443,34.41837],[-118.52454,34.41839],[-118.5246,34.4184],[-118.52474,34.41842],[-118.52487,34.41846],[-118.52501,34.41849],[-118.52519,34.41856],[-118.52528,34.4186],[-118.52537,34.41864],[-118.52545,34.41869],[-118.52554,34.41874],[-118.52564,34.4188],[-118.52573,34.41887],[-118.52582,34.41894],[-118.52589,34.41901],[-118.52594,34.41905],[-118.52602,34.41913],[-118.52605,34.41917],[-118.5261,34.41923],[-118.52616,34.4193],[-118.52621,34.41937],[-118.52625,34.41943],[-118.52628,34.41946],[-118.52632,34.41952],[-118.52636,34.41957],[-118.5264,34.41963],[-118.52645,34.4197],[-118.52649,34.41975],[-118.52654,34.41981],[-118.52658,34.41986],[-118.52663,34.41991],[-118.52667,34.41994],[-118.52668,34.41995],[-118.52678,34.42003],[-118.52681,34.42006],[-118.52688,34.42012],[-118.52693,34.42015],[-118.52701,34.42022],[-118.52706,34.42026],[-118.52713,34.42032],[-118.52722,34.42039],[-118.52728,34.42044],[-118.52735,34.4205],[-118.52746,34.42059],[-118.52752,34.42064],[-118.52757,34.42068],[-118.52761,34.42072],[-118.52767,34.42078],[-118.52773,34.42084],[-118.52776,34.42088],[-118.52779,34.42091],[-118.52785,34.42098],[-118.52792,34.42105],[-118.52797,34.42111],[-118.52806,34.42121],[-118.52813,34.42129],[-118.5282,34.42137],[-118.52826,34.42144],[-118.52833,34.42152],[-118.5284,34.4216],[-118.52846,34.42168],[-118.52851,34.42175],[-118.52857,34.42183],[-118.52863,34.4219],[-118.52867,34.42196],[-118.52872,34.42204],[-118.52878,34.42211],[-118.5288,34.42214],[-118.52886,34.42222],[-118.52891,34.42229],[-118.52896,34.42236],[-118.52904,34.42245],[-118.52909,34.42251],[-118.52912,34.42254],[-118.52916,34.42258],[-118.52921,34.42262],[-118.5293,34.42271],[-118.52936,34.42276],[-118.52942,34.42281],[-118.52947,34.42285],[-118.52955,34.42292],[-118.5296,34.42297],[-118.52964,34.42301],[-118.52967,34.42306],[-118.52971,34.42311],[-118.52973,34.42316],[-118.52975,34.42322],[-118.52977,34.42327],[-118.5298,34.42331],[-118.52983,34.42336],[-118.52983,34.42336],[-118.52987,34.42342],[-118.52991,34.42348],[-118.5303,34.42348],[-118.53092,34.42348],[-118.53301,34.42348],[-118.53364,34.42348],[-118.53494,34.42348],[-118.53574,34.42348],[-118.5365,34.42348],[-118.53782,34.42348],[-118.53858,34.42348],[-118.53896,34.42348],[-118.53968,34.42348],[-118.53971,34.42348],[-118.53977,34.42348],[-118.53996,34.42348],[-118.54033,34.42348],[-118.54033,34.42348],[-118.54054,34.42348],[-118.54091,34.42348],[-118.54092,34.42348],[-118.54116,34.42348],[-118.54116,34.42348],[-118.54145,34.42348],[-118.54154,34.42348],[-118.5418,34.42348],[-118.54196,34.42348],[-118.54273,34.42348],[-118.54427,34.42348],[-118.54482,34.42348],[-118.54515,34.42348],[-118.54525,34.42348],[-118.54544,34.42348],[-118.54569,34.42348],[-118.54604,34.42348],[-118.54661,34.42348],[-118.54733,34.42348],[-118.54907,34.42348],[-118.55146,34.42348],[-118.55284,34.42348],[-118.55363,34.42348],[-118.55482,34.42348],[-118.55561,34.42348],[-118.5584,34.42347],[-118.55843,34.42349],[-118.5587,34.42367],[-118.55888,34.42376],[-118.55899,34.42382],[-118.5593,34.42395],[-118.55962,34.42406],[-118.55995,34.42414],[-118.56009,34.42417],[-118.56028,34.4242],[-118.56042,34.42422],[-118.56062,34.42423],[-118.56137,34.42428],[-118.56204,34.42432],[-118.56234,34.42431],[-118.5622,34.42542],[-118.56232,34.42543],[-118.56245,34.42545],[-118.56395,34.42633],[-118.56395,34.42633],[-118.56536,34.42658],[-118.56569,34.42664],[-118.56583,34.42689],[-118.56542,34.42734],[-118.56538,34.42739],[-118.56536,34.42741],[-118.56535,34.42742],[-118.56527,34.4275],[-118.56508,34.42772],[-118.56505,34.42775],[-118.56494,34.42788],[-118.5648,34.42803],[-118.56477,34.42807],[-118.5647,34.42814],[-118.56455,34.42831],[-118.56451,34.42835],[-118.56446,34.42841],[-118.5644,34.42848],[-118.5643,34.42859],[-118.56426,34.42864],[-118.56419,34.42872],[-118.56416,34.42875],[-118.56412,34.4288],[-118.56408,34.42884],[-118.56403,34.4289],[-118.56394,34.42899],[-118.56394,34.42899],[-118.56385,34.42909],[-118.56377,34.42919],[-118.56245,34.43066],[-118.56174,34.43217],[-118.56153,34.43263],[-118.56143,34.43284],[-118.5613,34.43311],[-118.56107,34.4336],[-118.56102,34.43371],[-118.56101,34.43373],[-118.56087,34.43406],[-118.5608,34.43422],[-118.56077,34.43426],[-118.56055,34.43474],[-118.56059,34.43475],[-118.56054,34.43491],[-118.5605,34.4349],[-118.56044,34.43506],[-118.56013,34.43589],[-118.56012,34.4359],[-118.56009,34.43596],[-118.56005,34.43605],[-118.56003,34.4361],[-118.56002,34.43612],[-118.55998,34.43619],[-118.55998,34.43621],[-118.55972,34.43675],[-118.55972,34.43675],[-118.55963,34.43694],[-118.55943,34.43735],[-118.55935,34.43752],[-118.55923,34.43777],[-118.55898,34.43829],[-118.55885,34.43855],[-118.55884,34.43858],[-118.55883,34.4386],[-118.55878,34.43885],[-118.55876,34.43898],[-118.55874,34.43907],[-118.55866,34.43945],[-118.55863,34.43964],[-118.5586,34.43976],[-118.55848,34.44041],[-118.55844,34.44065],[-118.55831,34.4413],[-118.55827,34.44149],[-118.55824,34.44166],[-118.55816,34.4421],[-118.55813,34.4423],[-118.55813,34.44232],[-118.55811,34.44239],[-118.55809,34.44254],[-118.55808,34.4426],[-118.55801,34.44297],[-118.55798,34.44314],[-118.55798,34.44315],[-118.5577,34.44314],[-118.55769,34.44321],[-118.55767,34.44329],[-118.55767,34.4433],[-118.55767,34.44333],[-118.55765,34.44346],[-118.55763,34.44358],[-118.55761,34.44371],[-118.55759,34.44383],[-118.55757,34.44396],[-118.55757,34.44398],[-118.55756,34.44407],[-118.55755,34.4441],[-118.55754,34.44416],[-118.55753,34.44423],[-118.55753,34.44426],[-118.55753,34.44427],[-118.55753,34.44428],[-118.55753,34.44429],[-118.55751,34.44436],[-118.55751,34.44436],[-118.55748,34.44453],[-118.55748,34.44454],[-118.55728,34.44558],[-118.55747,34.44561],[-118.5575,34.44561],[-118.55747,34.44572],[-118.55736,34.44633],[-118.55729,34.44672],[-118.55723,34.44702],[-118.55722,34.44714],[-118.55722,34.44715],[-118.55718,34.44756],[-118.55712,34.44815],[-118.55703,34.4491],[-118.55701,34.4493],[-118.55701,34.4494],[-118.557,34.44986],[-118.557,34.44988],[-118.55699,34.45001],[-118.55699,34.45031],[-118.55714,34.45059],[-118.55759,34.45141],[-118.55808,34.45229],[-118.55864,34.4523],[-118.55875,34.4523],[-118.55875,34.4523],[-118.55876,34.45225],[-118.55877,34.45198],[-118.55882,34.45175],[-118.55883,34.45172],[-118.55883,34.45172],[-118.55886,34.45158],[-118.55891,34.45133],[-118.55896,34.45113],[-118.55896,34.45113],[-118.55922,34.45062],[-118.55968,34.45051],[-118.55982,34.45048],[-118.56123,34.45014],[-118.56126,34.45013],[-118.56143,34.45009],[-118.56146,34.45008],[-118.5616,34.45005],[-118.56193,34.44997],[-118.56364,34.44955],[-118.5638,34.44951],[-118.56612,34.44895],[-118.5663,34.44903],[-118.56635,34.44905],[-118.5665,34.44912],[-118.56658,34.44899],[-118.56661,34.44895],[-118.56683,34.44871],[-118.56693,34.44861],[-118.56721,34.44833],[-118.56755,34.44805],[-118.56774,34.44783],[-118.56812,34.44758],[-118.5684,34.44743],[-118.56842,34.44741],[-118.56869,34.44723],[-118.56905,34.44711],[-118.5696,34.44685],[-118.57018,34.44673],[-118.57063,34.44664],[-118.57116,34.44654],[-118.57119,34.44653],[-118.57121,34.44653],[-118.57124,34.44666],[-118.5713,34.44689],[-118.57136,34.44708],[-118.57146,34.44732],[-118.57155,34.44753],[-118.57161,34.44765],[-118.57168,34.44774],[-118.57176,34.44786],[-118.57186,34.44798],[-118.5722,34.44833],[-118.57237,34.44843],[-118.57274,34.44865],[-118.57196,34.4495],[-118.57196,34.4495],[-118.57197,34.4495],[-118.57197,34.4495],[-118.5721,34.44959],[-118.57211,34.4496],[-118.57231,34.44963],[-118.5725,34.44966],[-118.57258,34.44967],[-118.57258,34.44967],[-118.57266,34.44969],[-118.57285,34.44972],[-118.57291,34.44973],[-118.57297,34.44974],[-118.57322,34.44983],[-118.57333,34.44986],[-118.57337,34.44995],[-118.57353,34.45029],[-118.57357,34.45038],[-118.57358,34.45039],[-118.57369,34.45062],[-118.5737,34.45064],[-118.57372,34.45069],[-118.57397,34.45116],[-118.57396,34.45124],[-118.57385,34.45209],[-118.57384,34.45218],[-118.57367,34.45246],[-118.57365,34.45249],[-118.57357,34.45263],[-118.57319,34.45326],[-118.57321,34.4533],[-118.5733,34.4535],[-118.57371,34.45437],[-118.57392,34.45447],[-118.57548,34.45529],[-118.57557,34.45533],[-118.57568,34.45539],[-118.57566,34.45568],[-118.57566,34.45568],[-118.57565,34.45603],[-118.57564,34.45611],[-118.57563,34.45646],[-118.57531,34.45704],[-118.57504,34.45754],[-118.57496,34.4577],[-118.57479,34.45802],[-118.5749,34.45826],[-118.57509,34.4587],[-118.57525,34.45905],[-118.57525,34.45906],[-118.57545,34.45921],[-118.57576,34.45945],[-118.5765,34.46001],[-118.57647,34.46019],[-118.57628,34.46115],[-118.57622,34.46116],[-118.57523,34.46125],[-118.57453,34.46132],[-118.57463,34.46163],[-118.57466,34.46175],[-118.57469,34.46185],[-118.57494,34.46263],[-118.57494,34.46263],[-118.57494,34.46265],[-118.57497,34.46274],[-118.5742,34.46345],[-118.57354,34.46406],[-118.57354,34.46421],[-118.57355,34.46428],[-118.57355,34.46436],[-118.57355,34.46441],[-118.57355,34.46494],[-118.57355,34.4655],[-118.57356,34.46571],[-118.57356,34.46575],[-118.57356,34.46579],[-118.57356,34.46579],[-118.57356,34.46587],[-118.57356,34.46594],[-118.57356,34.46621],[-118.57356,34.46627],[-118.57356,34.46703],[-118.57357,34.46716],[-118.57357,34.46788],[-118.57497,34.46804],[-118.57331,34.46939],[-118.57331,34.46939],[-118.57266,34.46993],[-118.57259,34.46999],[-118.57258,34.47],[-118.57234,34.47022],[-118.57086,34.47067],[-118.57296,34.47097],[-118.57298,34.47097],[-118.57303,34.47098],[-118.57314,34.47099],[-118.57351,34.47104],[-118.57526,34.47129],[-118.57728,34.47157],[-118.57735,34.47158],[-118.57736,34.47158],[-118.57736,34.47158],[-118.57737,34.47204],[-118.5774,34.474],[-118.5774,34.47407],[-118.5774,34.47448],[-118.57741,34.47453],[-118.57741,34.47462],[-118.57745,34.47774],[-118.57746,34.47803],[-118.57746,34.47813],[-118.57746,34.47813],[-118.58183,34.47815],[-118.58183,34.47816],[-118.58183,34.47816],[-118.58184,34.47816],[-118.58187,34.48005],[-118.58189,34.48177],[-118.5819,34.48181],[-118.5819,34.48181],[-118.5819,34.48182],[-118.58188,34.48182],[-118.58153,34.48181],[-118.58044,34.48181],[-118.58043,34.48181],[-118.58033,34.48181],[-118.57981,34.4818],[-118.57981,34.4818],[-118.57435,34.48177],[-118.57376,34.48176],[-118.57369,34.48176],[-118.57363,34.48176],[-118.57313,34.48176],[-118.57313,34.48176],[-118.57313,34.48197],[-118.57317,34.48281],[-118.57317,34.48288],[-118.57317,34.48299],[-118.57318,34.48311],[-118.57318,34.48315],[-118.5732,34.4837],[-118.57325,34.48496],[-118.57327,34.48532],[-118.57327,34.4854],[-118.57327,34.48541],[-118.57326,34.48541],[-118.57326,34.48541],[-118.57274,34.48541],[-118.57135,34.4854],[-118.57056,34.4854],[-118.57049,34.4854],[-118.57005,34.4854],[-118.56998,34.4854],[-118.56951,34.4854],[-118.56888,34.4854],[-118.56889,34.48552],[-118.56892,34.48629],[-118.56892,34.48636],[-118.56893,34.48643],[-118.56896,34.48723],[-118.56899,34.48797],[-118.569,34.48819],[-118.56903,34.48905],[-118.56713,34.48904],[-118.567,34.48904],[-118.56464,34.48904],[-118.56044,34.48903],[-118.56017,34.48903],[-118.56013,34.48903],[-118.5601,34.48903],[-118.56008,34.48903],[-118.56008,34.48909],[-118.56008,34.48918],[-118.56013,34.49168],[-118.56013,34.49175],[-118.56013,34.49176],[-118.56013,34.4918],[-118.56015,34.49332],[-118.56016,34.49393],[-118.56021,34.49638],[-118.56021,34.49639],[-118.56021,34.4964],[-118.56021,34.4964],[-118.5602,34.49654],[-118.56014,34.49791],[-118.56013,34.49797],[-118.56004,34.50003],[-118.56004,34.50004],[-118.55727,34.50001],[-118.55649,34.50001],[-118.55622,34.5],[-118.55556,34.5],[-118.55544,34.5],[-118.55544,34.5],[-118.55543,34.5],[-118.55517,34.5],[-118.55503,34.5],[-118.55499,34.5],[-118.55495,34.5],[-118.55495,34.5],[-118.55336,34.49999],[-118.55313,34.49999],[-118.55301,34.49999],[-118.55294,34.49999],[-118.5528,34.49999],[-118.55195,34.49998],[-118.55188,34.49998],[-118.55187,34.49998],[-118.55175,34.49993],[-118.55168,34.4999],[-118.55167,34.4999],[-118.55167,34.4999],[-118.54896,34.49882],[-118.54882,34.49877],[-118.54666,34.49757],[-118.54666,34.49757],[-118.54666,34.49757],[-118.54665,34.49757],[-118.54664,34.49704],[-118.54663,34.49631],[-118.54663,34.49631],[-118.54653,34.49631],[-118.54555,34.4963],[-118.54492,34.4963],[-118.54488,34.4963],[-118.54474,34.4963],[-118.54422,34.4963],[-118.54422,34.4963],[-118.54223,34.49535],[-118.54204,34.49526],[-118.54198,34.49523],[-118.54193,34.4952],[-118.54193,34.49519],[-118.54205,34.49488],[-118.54209,34.49477],[-118.5421,34.49473],[-118.54211,34.49468],[-118.54213,34.49454],[-118.54215,34.49436],[-118.54215,34.49434],[-118.54217,34.49403],[-118.54218,34.49369],[-118.54219,34.4932],[-118.54219,34.49261],[-118.54218,34.49254],[-118.54218,34.49236],[-118.54219,34.49205],[-118.54221,34.49177],[-118.54221,34.49169],[-118.54222,34.49161],[-118.54222,34.4916],[-118.54223,34.49142],[-118.5423,34.49083],[-118.54232,34.49053],[-118.54236,34.48979],[-118.54237,34.48977],[-118.54242,34.48901],[-118.54257,34.489],[-118.54394,34.489],[-118.5457,34.489],[-118.54654,34.489],[-118.54668,34.489],[-118.5467,34.48535],[-118.54942,34.48536],[-118.55227,34.48536],[-118.55554,34.48536],[-118.55554,34.48517],[-118.55555,34.48362],[-118.55555,34.48354],[-118.55555,34.48346],[-118.55556,34.48201],[-118.55556,34.48173],[-118.55556,34.48171],[-118.55556,34.4817],[-118.55554,34.4808],[-118.55553,34.4808],[-118.55553,34.48033],[-118.5555,34.47898],[-118.55548,34.47812],[-118.55545,34.47702],[-118.55543,34.47613],[-118.5554,34.47442],[-118.55246,34.47441],[-118.55215,34.47441],[-118.55109,34.47441],[-118.55108,34.4725],[-118.54915,34.4725],[-118.54782,34.4725],[-118.54783,34.47441],[-118.54703,34.47441],[-118.54671,34.47441],[-118.54499,34.47435],[-118.54522,34.47388],[-118.54674,34.47393],[-118.54713,34.47393],[-118.5477,34.47123],[-118.5468,34.47103],[-118.5468,34.47103],[-118.54679,34.47103],[-118.5469,34.47032],[-118.54692,34.47032],[-118.54693,34.47032],[-118.54693,34.47032],[-118.54697,34.47033],[-118.54701,34.47034],[-118.54787,34.47052],[-118.54791,34.47037],[-118.54792,34.47035],[-118.54792,34.47035],[-118.54703,34.47016],[-118.54702,34.47016],[-118.54699,34.47015],[-118.54697,34.47015],[-118.54695,34.47014],[-118.54695,34.47014],[-118.54694,34.47014],[-118.54696,34.47005],[-118.54697,34.46998],[-118.54698,34.46988],[-118.54698,34.46984],[-118.54699,34.46977],[-118.54699,34.46959],[-118.547,34.46955],[-118.547,34.46952],[-118.547,34.46948],[-118.547,34.4694],[-118.547,34.46937],[-118.547,34.46935],[-118.547,34.46929],[-118.54699,34.46922],[-118.54699,34.46919],[-118.54698,34.46914],[-118.54704,34.46914],[-118.54706,34.46915],[-118.5473,34.46918],[-118.54746,34.46783],[-118.54695,34.46746],[-118.54676,34.46732],[-118.54722,34.46739],[-118.54733,34.4674],[-118.54696,34.46681],[-118.54648,34.46681],[-118.54463,34.46682],[-118.5446,34.46682],[-118.54457,34.46682],[-118.54455,34.46681],[-118.54453,34.46681],[-118.5445,34.4668],[-118.54447,34.46678],[-118.54444,34.46676],[-118.54442,34.46675],[-118.5444,34.46673],[-118.54438,34.4667],[-118.54438,34.4667],[-118.54437,34.46668],[-118.54433,34.46662],[-118.54347,34.46517],[-118.54344,34.46495],[-118.54332,34.46494],[-118.54331,34.46481],[-118.54329,34.46463],[-118.54327,34.46449],[-118.5432,34.464],[-118.54309,34.46337],[-118.54302,34.46318],[-118.54293,34.46296],[-118.54279,34.46263],[-118.54267,34.46234],[-118.54265,34.46229],[-118.54263,34.46222],[-118.54261,34.46211],[-118.54261,34.462],[-118.54267,34.46173],[-118.5427,34.46167],[-118.54269,34.46167],[-118.5426,34.46164],[-118.54223,34.4615],[-118.54209,34.46136],[-118.54203,34.4613],[-118.54131,34.46104],[-118.54113,34.46099],[-118.54109,34.46097],[-118.54105,34.46096],[-118.54012,34.46064],[-118.53968,34.46048],[-118.53959,34.46045],[-118.53939,34.46038],[-118.539,34.46029],[-118.53867,34.46025],[-118.5386,34.46017],[-118.53859,34.46017],[-118.53841,34.46021],[-118.53807,34.46019],[-118.53778,34.46025],[-118.53653,34.46016],[-118.53553,34.46009],[-118.53523,34.46006],[-118.53503,34.46005],[-118.53488,34.46004],[-118.53471,34.46004],[-118.53455,34.46003],[-118.5344,34.46003],[-118.53433,34.46004],[-118.53414,34.46004],[-118.53394,34.46006],[-118.53382,34.46007],[-118.53369,34.46008],[-118.53331,34.46014],[-118.53224,34.46027],[-118.53082,34.46043],[-118.53064,34.46045],[-118.53058,34.46046],[-118.53025,34.4605],[-118.52999,34.46053],[-118.52957,34.46057],[-118.52894,34.46062],[-118.52883,34.46063],[-118.52855,34.46066],[-118.52819,34.4607],[-118.52809,34.46071],[-118.52796,34.46072],[-118.52773,34.46074],[-118.52748,34.46075],[-118.5272,34.46075],[-118.5271,34.46075],[-118.52693,34.46074],[-118.52673,34.46073],[-118.52662,34.46071],[-118.52649,34.46069],[-118.52638,34.46067],[-118.52621,34.46063],[-118.52601,34.46058],[-118.52591,34.46055],[-118.52584,34.46053],[-118.52565,34.46046],[-118.52553,34.46042],[-118.52541,34.46038],[-118.52524,34.4603],[-118.52488,34.46012],[-118.52465,34.46],[-118.52447,34.4599],[-118.52439,34.45986],[-118.52424,34.45978],[-118.52412,34.45972],[-118.52405,34.45968],[-118.52405,34.45956],[-118.52402,34.45852],[-118.524,34.4581],[-118.52312,34.45788],[-118.52303,34.45816],[-118.52242,34.45764],[-118.52215,34.4574],[-118.52221,34.4573],[-118.52229,34.45717],[-118.52238,34.45703],[-118.52247,34.4569],[-118.52256,34.45676],[-118.52264,34.45663],[-118.52272,34.45651],[-118.52273,34.45651],[-118.52274,34.45651],[-118.52275,34.45651],[-118.52276,34.45651],[-118.52277,34.45651],[-118.52278,34.45651],[-118.52278,34.45651],[-118.52279,34.45651],[-118.5228,34.45651],[-118.52281,34.45651],[-118.52282,34.4565],[-118.52283,34.4565],[-118.52284,34.4565],[-118.52284,34.45649],[-118.52285,34.45648],[-118.52286,34.45648],[-118.52287,34.45648],[-118.52287,34.45647],[-118.52288,34.45647],[-118.52288,34.45646],[-118.52289,34.45645],[-118.52289,34.45645],[-118.5229,34.45644],[-118.5229,34.45643],[-118.5229,34.45642],[-118.5229,34.45642],[-118.52291,34.45641],[-118.52291,34.4564],[-118.52291,34.45639],[-118.52291,34.45639],[-118.52291,34.45638],[-118.5229,34.45637],[-118.5229,34.45636],[-118.5229,34.45636],[-118.5229,34.45635],[-118.52289,34.45634],[-118.52289,34.45634],[-118.52289,34.45633],[-118.52288,34.45632],[-118.52288,34.45632],[-118.52287,34.45631],[-118.52286,34.45631],[-118.52286,34.4563],[-118.52285,34.4563],[-118.52301,34.45604],[-118.52315,34.45583],[-118.5233,34.45558],[-118.52339,34.45544],[-118.5234,34.45543],[-118.52336,34.45527],[-118.52332,34.45511],[-118.52327,34.45495],[-118.52322,34.45475],[-118.52317,34.45456],[-118.52249,34.45436],[-118.52242,34.45434],[-118.52225,34.45436],[-118.52223,34.45436],[-118.52221,34.45436],[-118.52189,34.45439],[-118.52184,34.45439],[-118.52179,34.4544],[-118.52177,34.4544],[-118.52171,34.45427],[-118.5217,34.45425],[-118.5217,34.45425],[-118.5217,34.45425],[-118.52169,34.45425],[-118.52169,34.45425],[-118.52169,34.45425],[-118.52169,34.45425],[-118.52168,34.45425],[-118.52168,34.45425],[-118.52168,34.45425],[-118.52168,34.45425],[-118.52168,34.45425],[-118.52168,34.45425],[-118.52167,34.45425],[-118.52167,34.45425],[-118.52167,34.45425],[-118.52167,34.45425],[-118.52166,34.45425],[-118.52166,34.45425],[-118.52166,34.45425],[-118.52166,34.45425],[-118.52166,34.45426],[-118.52165,34.45426],[-118.52165,34.45426],[-118.52164,34.45426],[-118.52164,34.45426],[-118.52164,34.45426],[-118.52164,34.45426],[-118.52164,34.45426],[-118.52163,34.45427],[-118.52163,34.45427],[-118.52162,34.45427],[-118.52162,34.45427],[-118.52162,34.45427],[-118.52162,34.45427],[-118.5216,34.45429],[-118.52159,34.4543],[-118.52158,34.4543],[-118.52158,34.4543],[-118.52158,34.4543],[-118.52158,34.4543],[-118.52157,34.45431],[-118.52156,34.45432],[-118.52156,34.45432],[-118.52155,34.45432],[-118.52155,34.45433],[-118.52155,34.45433],[-118.52155,34.45433],[-118.52154,34.45434],[-118.52153,34.45434],[-118.52153,34.45435],[-118.52152,34.45437],[-118.52152,34.45437],[-118.52157,34.45442],[-118.52157,34.45442],[-118.52054,34.45451],[-118.5205,34.45451],[-118.51993,34.45456],[-118.5199,34.45456],[-118.51975,34.45374],[-118.51973,34.45371],[-118.51966,34.45364],[-118.51949,34.45345],[-118.51939,34.45334],[-118.51937,34.45332],[-118.51932,34.45327],[-118.51926,34.4532],[-118.51914,34.45307],[-118.51909,34.45301],[-118.51887,34.45277],[-118.51852,34.45239],[-118.51845,34.45231],[-118.51843,34.45229],[-118.51816,34.45229],[-118.51816,34.452],[-118.51816,34.45142],[-118.51815,34.45069],[-118.51815,34.45048],[-118.51815,34.45008],[-118.51815,34.44984],[-118.51815,34.44951],[-118.51815,34.4494],[-118.51815,34.44937],[-118.51815,34.44922],[-118.51815,34.44908],[-118.51815,34.44883],[-118.51815,34.44866],[-118.51816,34.44866],[-118.51885,34.44866],[-118.51889,34.44866],[-118.5195,34.44865],[-118.51956,34.44865],[-118.51993,34.44865],[-118.52007,34.44865],[-118.52009,34.44865],[-118.52016,34.44865],[-118.52026,34.44865],[-118.52027,34.44865],[-118.52043,34.44865],[-118.52044,34.44865],[-118.52044,34.44841],[-118.52044,34.44837],[-118.52044,34.44827],[-118.52044,34.44825],[-118.52044,34.44822],[-118.52044,34.44813],[-118.52044,34.44807],[-118.52044,34.44802],[-118.52044,34.44799],[-118.52044,34.44792],[-118.52044,34.44784],[-118.52044,34.4478],[-118.52044,34.44777],[-118.52044,34.4477],[-118.52044,34.44764],[-118.52044,34.44761],[-118.52044,34.44755],[-118.52044,34.44745],[-118.52044,34.44743],[-118.52044,34.44741],[-118.52044,34.44729],[-118.52044,34.44727],[-118.52044,34.44725],[-118.52044,34.44714],[-118.52044,34.44709],[-118.52043,34.44701],[-118.52007,34.44702],[-118.52007,34.44663],[-118.52006,34.44652],[-118.52006,34.44633],[-118.52006,34.44614],[-118.52006,34.44599],[-118.52007,34.44577],[-118.52007,34.44562],[-118.52006,34.44556],[-118.52005,34.44549],[-118.52003,34.44538],[-118.51999,34.44526],[-118.51998,34.44524],[-118.51997,34.44521],[-118.51996,34.44522],[-118.51996,34.44521],[-118.51985,34.445],[-118.51968,34.44483],[-118.51948,34.44463],[-118.51934,34.44449],[-118.51916,34.44432],[-118.51894,34.44412],[-118.51896,34.4441],[-118.5185,34.44364],[-118.51838,34.44353],[-118.51787,34.44304],[-118.51772,34.44291],[-118.51688,34.44209],[-118.51652,34.44174],[-118.51618,34.44141],[-118.51616,34.44139],[-118.51596,34.44119],[-118.51596,34.44118],[-118.51577,34.44101],[-118.51577,34.44101],[-118.51576,34.441],[-118.51569,34.44093],[-118.51537,34.44061],[-118.51501,34.44027],[-118.51493,34.4402],[-118.51472,34.44002],[-118.51461,34.43991],[-118.51458,34.43989],[-118.51457,34.4399],[-118.51454,34.43995],[-118.51439,34.44013],[-118.51429,34.44026],[-118.51424,34.44033],[-118.51414,34.44055],[-118.514,34.44096],[-118.51381,34.44127],[-118.51378,34.44133],[-118.51368,34.44149],[-118.5136,34.44159],[-118.51349,34.44174],[-118.51339,34.44186],[-118.51332,34.44193],[-118.51323,34.44203],[-118.51311,34.44214],[-118.51296,34.44227],[-118.51285,34.44236],[-118.51272,34.44246],[-118.51263,34.44252],[-118.51254,34.44258],[-118.51244,34.44264],[-118.51232,34.4427],[-118.51219,34.44277],[-118.51189,34.4429],[-118.51174,34.44296],[-118.51169,34.44298],[-118.51156,34.44302],[-118.51144,34.44306],[-118.5113,34.4431],[-118.51117,34.44312],[-118.51066,34.44322],[-118.51035,34.44327],[-118.51003,34.44332],[-118.50972,34.44336],[-118.50955,34.44339],[-118.50944,34.44342],[-118.50936,34.44344],[-118.5093,34.44346],[-118.50919,34.44349],[-118.50902,34.44356],[-118.50875,34.44368],[-118.50869,34.44371],[-118.50858,34.44376],[-118.50816,34.44396],[-118.50812,34.44399],[-118.50799,34.44405],[-118.50788,34.44413],[-118.50783,34.44417],[-118.50778,34.4442],[-118.50777,34.44421],[-118.50772,34.44396],[-118.5077,34.44389],[-118.50769,34.44383],[-118.50764,34.44365],[-118.50759,34.44346],[-118.50754,34.44327],[-118.50749,34.44308],[-118.50744,34.44288],[-118.50739,34.44268],[-118.50734,34.44249],[-118.50729,34.44227],[-118.50723,34.44207],[-118.50718,34.44187],[-118.50713,34.44166],[-118.50708,34.44146],[-118.50703,34.44127],[-118.50701,34.44117],[-118.50697,34.44103],[-118.50668,34.43988],[-118.50668,34.43988],[-118.50668,34.43988],[-118.50662,34.43965],[-118.50654,34.43932],[-118.50651,34.43922],[-118.50648,34.4391],[-118.50644,34.43893],[-118.5064,34.43879],[-118.50637,34.43865],[-118.50634,34.43854],[-118.50629,34.43832],[-118.50627,34.43825],[-118.50621,34.43801],[-118.50619,34.43795],[-118.50603,34.43794],[-118.50602,34.43794],[-118.50566,34.43794],[-118.50556,34.43794],[-118.50552,34.43794],[-118.50548,34.43794],[-118.50538,34.43794],[-118.50525,34.43794],[-118.50468,34.43793],[-118.50433,34.43793],[-118.50414,34.43793],[-118.50347,34.43793],[-118.50249,34.43792],[-118.50251,34.43481],[-118.50252,34.43427],[-118.50252,34.43362],[-118.50253,34.43293],[-118.50253,34.43189],[-118.50253,34.43168],[-118.50253,34.43131],[-118.50253,34.43127],[-118.50254,34.43061],[-118.50254,34.43023],[-118.50254,34.43023],[-118.50254,34.42881],[-118.50254,34.42874],[-118.50254,34.42752],[-118.50254,34.42716],[-118.50254,34.42701],[-118.50254,34.42692],[-118.50254,34.42688],[-118.50254,34.42678],[-118.50254,34.42649],[-118.50254,34.42647],[-118.50254,34.42612],[-118.50254,34.42582],[-118.50254,34.4253],[-118.50254,34.42521],[-118.50254,34.4252],[-118.50254,34.42513],[-118.50254,34.42509],[-118.50254,34.42469],[-118.50254,34.4244],[-118.50254,34.42424],[-118.50254,34.42413],[-118.50254,34.42347],[-118.50258,34.42347],[-118.50262,34.42347],[-118.50318,34.42347],[-118.50319,34.42347],[-118.50324,34.42347],[-118.50361,34.42347],[-118.50392,34.42347],[-118.50397,34.42364],[-118.504,34.42389],[-118.50433,34.42374],[-118.50434,34.42373],[-118.50437,34.42372],[-118.50459,34.42367],[-118.50477,34.42361],[-118.5048,34.4236],[-118.50484,34.42358],[-118.50501,34.42347],[-118.50506,34.42347],[-118.50513,34.42347],[-118.50521,34.42347],[-118.50537,34.42347],[-118.50562,34.42347],[-118.50659,34.42347],[-118.50791,34.42347],[-118.5084,34.42347],[-118.50906,34.42347],[-118.50936,34.42347],[-118.50973,34.42347],[-118.5105,34.42347],[-118.51072,34.42347],[-118.51099,34.42347],[-118.51118,34.42347],[-118.51129,34.42347],[-118.51132,34.42347],[-118.51132,34.42347],[-118.51132,34.42347],[-118.51136,34.42347],[-118.51166,34.42347],[-118.51166,34.42347],[-118.51166,34.42347],[-118.51166,34.42347],[-118.51229,34.42348],[-118.51257,34.42348],[-118.51366,34.42348],[-118.51391,34.42348],[-118.51407,34.42348],[-118.51469,34.42348],[-118.51482,34.42348],[-118.51538,34.42333],[-118.51539,34.42333],[-118.51541,34.42332],[-118.51543,34.42331],[-118.51546,34.4233],[-118.51548,34.42329],[-118.51551,34.42328],[-118.51553,34.42326],[-118.51555,34.42325],[-118.51557,34.42323],[-118.51559,34.42322],[-118.51561,34.4232],[-118.51563,34.42318],[-118.51564,34.42316],[-118.51566,34.42314],[-118.51567,34.42312],[-118.51585,34.42283],[-118.51586,34.4228],[-118.51588,34.42278],[-118.5159,34.42275],[-118.51592,34.42273],[-118.51594,34.42271],[-118.51597,34.42269],[-118.51599,34.42267],[-118.51602,34.42265],[-118.51604,34.42263],[-118.51607,34.42261],[-118.5161,34.4226],[-118.51674,34.42228],[-118.51676,34.42227],[-118.51678,34.42226],[-118.51679,34.42225],[-118.51681,34.42223],[-118.51682,34.42222],[-118.51684,34.4222],[-118.51685,34.42219],[-118.51686,34.42217],[-118.51687,34.42215],[-118.51709,34.42173],[-118.51711,34.4217],[-118.51713,34.42167],[-118.51715,34.42164],[-118.51717,34.42161],[-118.51719,34.42158],[-118.51721,34.42155],[-118.51724,34.42153],[-118.51727,34.4215],[-118.5173,34.42148],[-118.51733,34.42145],[-118.51763,34.42122],[-118.51791,34.4209],[-118.51803,34.42052],[-118.51872,34.41952],[-118.51886,34.41944],[-118.51888,34.41943],[-118.51889,34.41942],[-118.5189,34.41941],[-118.51891,34.4194],[-118.51892,34.41939],[-118.51893,34.41938],[-118.51894,34.41936],[-118.51894,34.41935],[-118.51894,34.41934],[-118.51895,34.41933],[-118.51895,34.41932],[-118.51895,34.41931],[-118.51896,34.4193],[-118.51897,34.41929],[-118.51898,34.41928],[-118.51899,34.41928],[-118.519,34.41927],[-118.51901,34.41927],[-118.51902,34.41926],[-118.51903,34.41926],[-118.51905,34.41926],[-118.51906,34.41926],[-118.51907,34.41927],[-118.51908,34.41927],[-118.5191,34.41927],[-118.51911,34.41928],[-118.51912,34.41928],[-118.51913,34.41928],[-118.51915,34.41927],[-118.51916,34.41927],[-118.51917,34.41927],[-118.51918,34.41926],[-118.51922,34.41924],[-118.51926,34.41921],[-118.5193,34.41919],[-118.51934,34.41916],[-118.51938,34.41913],[-118.51942,34.4191],[-118.51945,34.41907],[-118.51949,34.41904],[-118.51952,34.419],[-118.51955,34.41897],[-118.51958,34.41893],[-118.51961,34.4189],[-118.51964,34.41886],[-118.51966,34.41882],[-118.51969,34.41879],[-118.51971,34.41875],[-118.51973,34.41871],[-118.51975,34.41867],[-118.51977,34.41863],[-118.51978,34.41859],[-118.51983,34.41846],[-118.51984,34.41844],[-118.51985,34.41842],[-118.51986,34.4184],[-118.51987,34.41838],[-118.51988,34.41837],[-118.5199,34.41835],[-118.51991,34.41834],[-118.51993,34.41832],[-118.51995,34.41831],[-118.51997,34.4183],[-118.51999,34.41829],[-118.52001,34.41828],[-118.52003,34.41827],[-118.52006,34.41826],[-118.52008,34.41826],[-118.52011,34.41825],[-118.52013,34.41825],[-118.52016,34.41825],[-118.52018,34.41825],[-118.52021,34.41825],[-118.52023,34.41826],[-118.52026,34.41826],[-118.52028,34.41827],[-118.5203,34.41828],[-118.52033,34.41828],[-118.52035,34.41829],[-118.52037,34.41831],[-118.52046,34.41836],[-118.52051,34.41838],[-118.52051,34.41838],[-118.52052,34.41836],[-118.52053,34.41835],[-118.52055,34.41833],[-118.52056,34.4183],[-118.52058,34.41827],[-118.52058,34.41825],[-118.52059,34.41822],[-118.5206,34.41816],[-118.52061,34.41809],[-118.52062,34.41806],[-118.52063,34.41798],[-118.52064,34.41793],[-118.52066,34.4179],[-118.52066,34.41788],[-118.52067,34.41785],[-118.52069,34.41783],[-118.52072,34.41778],[-118.52075,34.41773],[-118.52079,34.41769],[-118.52079,34.41769],[-118.52079,34.41768],[-118.52085,34.41763],[-118.52088,34.41761],[-118.52093,34.41758],[-118.52095,34.41757],[-118.521,34.41754],[-118.52105,34.41752],[-118.52108,34.41751],[-118.52113,34.4175],[-118.52118,34.41749],[-118.52123,34.41748],[-118.52133,34.41747]]]}},{"type":"Feature","properties":{"seat":"santa-clarita-city-council-district-4","label":"District 4","county":"CITY OF SANTA CLARITA 4TH COUNCIL","role":"seat"},"geometry":{"type":"Polygon","coordinates":[[[-118.47918,34.41993],[-118.47921,34.41997],[-118.47938,34.42021],[-118.47947,34.42034],[-118.47953,34.42042],[-118.47966,34.4206],[-118.47977,34.42075],[-118.47989,34.42093],[-118.48005,34.42115],[-118.48012,34.42125],[-118.48018,34.42133],[-118.48019,34.42134],[-118.48022,34.42138],[-118.48028,34.42147],[-118.48031,34.42151],[-118.48036,34.42159],[-118.48041,34.42165],[-118.48047,34.42175],[-118.48054,34.42184],[-118.4806,34.42192],[-118.48067,34.42202],[-118.48072,34.42209],[-118.48075,34.42213],[-118.4808,34.42221],[-118.48088,34.42232],[-118.48094,34.4224],[-118.48104,34.42254],[-118.48109,34.42261],[-118.48112,34.42265],[-118.48117,34.42273],[-118.48123,34.4228],[-118.48124,34.42283],[-118.48126,34.42285],[-118.48127,34.42287],[-118.48127,34.42287],[-118.4813,34.42291],[-118.4813,34.42291],[-118.48132,34.42294],[-118.48134,34.42299],[-118.48135,34.42302],[-118.48137,34.42305],[-118.48137,34.42305],[-118.48138,34.42308],[-118.48137,34.42308],[-118.48138,34.42311],[-118.48138,34.42311],[-118.48139,34.42315],[-118.4814,34.42319],[-118.4814,34.42322],[-118.4814,34.42324],[-118.48141,34.42327],[-118.48141,34.4233],[-118.4814,34.42333],[-118.4814,34.42336],[-118.4814,34.42341],[-118.4814,34.42346],[-118.4814,34.42349],[-118.4814,34.42353],[-118.48197,34.42352],[-118.48216,34.42352],[-118.48299,34.42352],[-118.48386,34.42352],[-118.48395,34.42365],[-118.48434,34.42418],[-118.4845,34.42441],[-118.48457,34.4245],[-118.48461,34.42455],[-118.48465,34.42461],[-118.48469,34.42466],[-118.48471,34.42469],[-118.48473,34.42472],[-118.48489,34.4249],[-118.48505,34.42509],[-118.48504,34.42585],[-118.48503,34.42603],[-118.48503,34.42618],[-118.48502,34.42647],[-118.48502,34.42686],[-118.48502,34.42689],[-118.48501,34.42715],[-118.48501,34.42717],[-118.48533,34.42737],[-118.48577,34.42761],[-118.48622,34.42783],[-118.48638,34.4279],[-118.48677,34.42805],[-118.48732,34.42824],[-118.4876,34.42832],[-118.4879,34.42839],[-118.48831,34.42848],[-118.48852,34.42851],[-118.48879,34.42855],[-118.489,34.42858],[-118.48927,34.42861],[-118.48933,34.42861],[-118.48939,34.42862],[-118.48939,34.42862],[-118.48947,34.42862],[-118.48947,34.42862],[-118.4895,34.42863],[-118.48952,34.42863],[-118.48952,34.42863],[-118.48952,34.42863],[-118.48954,34.42863],[-118.48986,34.42864],[-118.49026,34.42865],[-118.49073,34.42863],[-118.49113,34.4286],[-118.49145,34.42856],[-118.4928,34.42838],[-118.49403,34.42821],[-118.49403,34.42821],[-118.49406,34.4282],[-118.49407,34.4282],[-118.49407,34.42777],[-118.49553,34.42778],[-118.49553,34.42762],[-118.49553,34.42748],[-118.49673,34.42749],[-118.49682,34.42749],[-118.49682,34.42736],[-118.49748,34.42726],[-118.49798,34.42727],[-118.49846,34.42727],[-118.49846,34.42716],[-118.49847,34.42698],[-118.49848,34.42698],[-118.49861,34.42698],[-118.49904,34.42699],[-118.49904,34.42699],[-118.49931,34.42699],[-118.49989,34.42699],[-118.49989,34.42669],[-118.49989,34.42648],[-118.49989,34.42648],[-118.50004,34.42648],[-118.5005,34.42649],[-118.50067,34.42649],[-118.50071,34.42649],[-118.50109,34.42649],[-118.50129,34.42649],[-118.50158,34.42649],[-118.50167,34.42649],[-118.50191,34.42649],[-118.50204,34.42649],[-118.50205,34.42649],[-118.50206,34.42649],[-118.50224,34.42649],[-118.50229,34.42649],[-118.50229,34.42649],[-118.50229,34.42649],[-118.50231,34.42649],[-118.50242,34.42649],[-118.50254,34.42649],[-118.50254,34.42678],[-118.50254,34.42688],[-118.50254,34.42692],[-118.50254,34.42701],[-118.50254,34.42716],[-118.50254,34.42752],[-118.50254,34.42874],[-118.50254,34.42881],[-118.50254,34.42918],[-118.50254,34.43023],[-118.50254,34.43061],[-118.50254,34.4309],[-118.50253,34.43127],[-118.50253,34.43131],[-118.50253,34.43168],[-118.50253,34.43189],[-118.50253,34.43293],[-118.50252,34.43362],[-118.50252,34.43427],[-118.50251,34.43481],[-118.50249,34.43792],[-118.50347,34.43793],[-118.50414,34.43793],[-118.50433,34.43793],[-118.50468,34.43793],[-118.50538,34.43794],[-118.50548,34.43794],[-118.50552,34.43794],[-118.50556,34.43794],[-118.50566,34.43794],[-118.50602,34.43794],[-118.50603,34.43794],[-118.50619,34.43795],[-118.50621,34.43801],[-118.50627,34.43825],[-118.50629,34.43832],[-118.50634,34.43854],[-118.50637,34.43865],[-118.5064,34.43879],[-118.50644,34.43893],[-118.50648,34.4391],[-118.50651,34.43922],[-118.50654,34.43932],[-118.50662,34.43965],[-118.50668,34.43988],[-118.50668,34.43988],[-118.50668,34.43988],[-118.50697,34.44103],[-118.50701,34.44117],[-118.50703,34.44127],[-118.50708,34.44146],[-118.50713,34.44166],[-118.50718,34.44187],[-118.50723,34.44207],[-118.50729,34.44227],[-118.50734,34.44249],[-118.50739,34.44268],[-118.50744,34.44288],[-118.50749,34.44308],[-118.50754,34.44327],[-118.50759,34.44346],[-118.50764,34.44365],[-118.50769,34.44383],[-118.5077,34.44389],[-118.50772,34.44396],[-118.50777,34.44421],[-118.50778,34.44421],[-118.50778,34.4442],[-118.50783,34.44417],[-118.50788,34.44413],[-118.50799,34.44405],[-118.50812,34.44399],[-118.50816,34.44396],[-118.50858,34.44376],[-118.50869,34.44371],[-118.50875,34.44368],[-118.50902,34.44356],[-118.50919,34.44349],[-118.5093,34.44346],[-118.50936,34.44344],[-118.50944,34.44342],[-118.50955,34.44339],[-118.50972,34.44336],[-118.51003,34.44332],[-118.51035,34.44327],[-118.51066,34.44322],[-118.51117,34.44312],[-118.5113,34.4431],[-118.51144,34.44306],[-118.51156,34.44302],[-118.51169,34.44298],[-118.51174,34.44296],[-118.51189,34.4429],[-118.51219,34.44277],[-118.51232,34.4427],[-118.51244,34.44264],[-118.51254,34.44258],[-118.51263,34.44252],[-118.51272,34.44246],[-118.51285,34.44236],[-118.51296,34.44227],[-118.51311,34.44214],[-118.51323,34.44203],[-118.51332,34.44193],[-118.51339,34.44186],[-118.51349,34.44174],[-118.5136,34.44159],[-118.51368,34.44149],[-118.51378,34.44133],[-118.51381,34.44127],[-118.514,34.44096],[-118.51414,34.44055],[-118.51424,34.44033],[-118.51429,34.44026],[-118.51439,34.44013],[-118.51454,34.43995],[-118.51457,34.4399],[-118.51458,34.43989],[-118.51461,34.43991],[-118.51472,34.44002],[-118.51493,34.4402],[-118.51501,34.44027],[-118.51537,34.44061],[-118.51569,34.44093],[-118.51577,34.44101],[-118.51577,34.44101],[-118.51594,34.44117],[-118.51596,34.44118],[-118.51596,34.44119],[-118.51616,34.44139],[-118.51618,34.44141],[-118.51652,34.44174],[-118.51688,34.44209],[-118.51772,34.44291],[-118.51787,34.44304],[-118.51838,34.44353],[-118.5185,34.44364],[-118.51896,34.4441],[-118.51894,34.44412],[-118.51916,34.44432],[-118.51934,34.44449],[-118.51948,34.44463],[-118.51968,34.44483],[-118.51985,34.445],[-118.51996,34.44521],[-118.51996,34.44522],[-118.51997,34.44521],[-118.51998,34.44524],[-118.51999,34.44526],[-118.52003,34.44538],[-118.52005,34.44549],[-118.52006,34.44556],[-118.52007,34.44562],[-118.52007,34.44577],[-118.52006,34.44599],[-118.52006,34.44614],[-118.52006,34.44633],[-118.52006,34.44652],[-118.52007,34.44663],[-118.52007,34.44702],[-118.52043,34.44701],[-118.52044,34.44709],[-118.52044,34.44714],[-118.52044,34.44725],[-118.52044,34.44727],[-118.52044,34.44729],[-118.52044,34.44741],[-118.52044,34.44743],[-118.52044,34.44745],[-118.52044,34.44755],[-118.52044,34.44761],[-118.52044,34.44764],[-118.52044,34.4477],[-118.52044,34.44777],[-118.52044,34.4478],[-118.52044,34.44784],[-118.52044,34.44792],[-118.52044,34.44799],[-118.52044,34.44802],[-118.52044,34.44807],[-118.52044,34.44813],[-118.52044,34.44822],[-118.52044,34.44825],[-118.52044,34.44827],[-118.52044,34.44837],[-118.52044,34.44841],[-118.52044,34.44865],[-118.52043,34.44865],[-118.52027,34.44865],[-118.52026,34.44865],[-118.52016,34.44865],[-118.52009,34.44865],[-118.52007,34.44865],[-118.51993,34.44865],[-118.51956,34.44865],[-118.5195,34.44865],[-118.51889,34.44866],[-118.51885,34.44866],[-118.51816,34.44866],[-118.51815,34.44866],[-118.51815,34.44883],[-118.51815,34.44908],[-118.51815,34.44922],[-118.51815,34.44937],[-118.51815,34.4494],[-118.51815,34.44951],[-118.51815,34.44984],[-118.51815,34.45008],[-118.51815,34.45048],[-118.51815,34.45069],[-118.51816,34.45142],[-118.51816,34.452],[-118.51816,34.45229],[-118.51843,34.45229],[-118.51845,34.45231],[-118.51852,34.45239],[-118.51887,34.45277],[-118.51909,34.45301],[-118.51914,34.45307],[-118.51926,34.4532],[-118.51932,34.45327],[-118.51937,34.45332],[-118.51939,34.45334],[-118.51949,34.45345],[-118.51966,34.45364],[-118.51973,34.45371],[-118.51975,34.45374],[-118.5199,34.45456],[-118.51993,34.45456],[-118.5205,34.45451],[-118.52054,34.45451],[-118.52157,34.45442],[-118.52157,34.45442],[-118.52152,34.45437],[-118.52152,34.45437],[-118.52153,34.45435],[-118.52153,34.45434],[-118.52154,34.45434],[-118.52155,34.45433],[-118.52155,34.45433],[-118.52155,34.45433],[-118.52155,34.45432],[-118.52156,34.45432],[-118.52156,34.45432],[-118.52157,34.45431],[-118.52158,34.4543],[-118.52158,34.4543],[-118.52158,34.4543],[-118.52158,34.4543],[-118.52159,34.4543],[-118.5216,34.45429],[-118.52162,34.45427],[-118.52162,34.45427],[-118.52162,34.45427],[-118.52162,34.45427],[-118.52163,34.45427],[-118.52163,34.45427],[-118.52164,34.45426],[-118.52164,34.45426],[-118.52164,34.45426],[-118.52164,34.45426],[-118.52164,34.45426],[-118.52165,34.45426],[-118.52165,34.45426],[-118.52166,34.45426],[-118.52166,34.45425],[-118.52166,34.45425],[-118.52166,34.45425],[-118.52166,34.45425],[-118.52167,34.45425],[-118.52167,34.45425],[-118.52167,34.45425],[-118.52167,34.45425],[-118.52168,34.45425],[-118.52168,34.45425],[-118.52168,34.45425],[-118.52168,34.45425],[-118.52168,34.45425],[-118.52168,34.45425],[-118.52169,34.45425],[-118.52169,34.45425],[-118.52169,34.45425],[-118.52169,34.45425],[-118.5217,34.45425],[-118.5217,34.45425],[-118.52177,34.4544],[-118.52179,34.4544],[-118.52184,34.45439],[-118.52189,34.45439],[-118.52221,34.45436],[-118.52223,34.45436],[-118.52225,34.45436],[-118.52242,34.45434],[-118.52249,34.45436],[-118.52317,34.45456],[-118.52322,34.45475],[-118.52327,34.45495],[-118.52332,34.45511],[-118.52336,34.45527],[-118.5234,34.45543],[-118.52339,34.45544],[-118.5233,34.45558],[-118.52315,34.45583],[-118.52301,34.45604],[-118.52285,34.4563],[-118.52286,34.4563],[-118.52286,34.45631],[-118.52287,34.45631],[-118.52288,34.45632],[-118.52288,34.45632],[-118.52289,34.45633],[-118.52289,34.45634],[-118.52289,34.45634],[-118.5229,34.45635],[-118.5229,34.45636],[-118.5229,34.45636],[-118.5229,34.45637],[-118.52291,34.45638],[-118.52291,34.45639],[-118.52291,34.45639],[-118.52291,34.4564],[-118.52291,34.45641],[-118.5229,34.45642],[-118.5229,34.45642],[-118.5229,34.45643],[-118.5229,34.45644],[-118.52289,34.45645],[-118.52289,34.45645],[-118.52288,34.45646],[-118.52288,34.45647],[-118.52287,34.45647],[-118.52287,34.45648],[-118.52286,34.45648],[-118.52285,34.45648],[-118.52284,34.45649],[-118.52284,34.4565],[-118.52283,34.4565],[-118.52282,34.4565],[-118.52281,34.45651],[-118.5228,34.45651],[-118.52279,34.45651],[-118.52278,34.45651],[-118.52278,34.45651],[-118.52277,34.45651],[-118.52276,34.45651],[-118.52275,34.45651],[-118.52274,34.45651],[-118.52273,34.45651],[-118.52272,34.45651],[-118.52264,34.45663],[-118.52256,34.45676],[-118.52247,34.4569],[-118.52238,34.45703],[-118.52229,34.45717],[-118.52221,34.4573],[-118.52215,34.4574],[-118.52242,34.45764],[-118.52303,34.45816],[-118.52312,34.45788],[-118.524,34.4581],[-118.52402,34.45852],[-118.52405,34.45956],[-118.52405,34.45968],[-118.52412,34.45972],[-118.52424,34.45978],[-118.52438,34.45985],[-118.52439,34.45986],[-118.52447,34.4599],[-118.52465,34.46],[-118.52488,34.46012],[-118.52524,34.4603],[-118.52541,34.46038],[-118.52553,34.46042],[-118.52565,34.46046],[-118.52584,34.46053],[-118.52591,34.46055],[-118.52601,34.46058],[-118.52621,34.46063],[-118.52638,34.46067],[-118.52649,34.46069],[-118.52662,34.46071],[-118.52673,34.46073],[-118.52693,34.46074],[-118.5271,34.46075],[-118.5272,34.46075],[-118.52748,34.46075],[-118.52773,34.46074],[-118.52796,34.46072],[-118.52809,34.46071],[-118.52819,34.4607],[-118.52855,34.46066],[-118.52883,34.46063],[-118.52894,34.46062],[-118.52957,34.46057],[-118.52999,34.46053],[-118.53025,34.4605],[-118.53058,34.46046],[-118.53064,34.46045],[-118.53082,34.46043],[-118.53224,34.46027],[-118.53331,34.46014],[-118.53369,34.46008],[-118.53382,34.46007],[-118.53394,34.46006],[-118.53414,34.46004],[-118.53433,34.46004],[-118.5344,34.46003],[-118.53455,34.46003],[-118.53471,34.46004],[-118.53488,34.46004],[-118.53503,34.46005],[-118.53523,34.46006],[-118.53553,34.46009],[-118.53653,34.46016],[-118.53778,34.46025],[-118.53807,34.46019],[-118.53841,34.46021],[-118.53859,34.46017],[-118.5386,34.46017],[-118.53867,34.46025],[-118.539,34.46029],[-118.53939,34.46038],[-118.53959,34.46045],[-118.53968,34.46048],[-118.54012,34.46064],[-118.54105,34.46096],[-118.54109,34.46097],[-118.54113,34.46099],[-118.54131,34.46104],[-118.54203,34.4613],[-118.54209,34.46136],[-118.54223,34.4615],[-118.5426,34.46164],[-118.54269,34.46167],[-118.5427,34.46167],[-118.54267,34.46173],[-118.54261,34.462],[-118.54261,34.46211],[-118.54263,34.46222],[-118.54265,34.46229],[-118.54267,34.46234],[-118.54279,34.46263],[-118.54293,34.46296],[-118.54302,34.46318],[-118.54309,34.46337],[-118.5432,34.464],[-118.54327,34.46449],[-118.54329,34.46463],[-118.54331,34.46481],[-118.54332,34.46494],[-118.54331,34.46494],[-118.54315,34.46493],[-118.54216,34.46486],[-118.54203,34.46485],[-118.54192,34.46484],[-118.5419,34.46484],[-118.54188,34.46484],[-118.54186,34.46484],[-118.54185,34.46484],[-118.54184,34.46485],[-118.54182,34.46485],[-118.54181,34.46486],[-118.5418,34.46486],[-118.54178,34.46487],[-118.54177,34.46488],[-118.54176,34.46488],[-118.54166,34.46495],[-118.54144,34.46512],[-118.54132,34.46521],[-118.5413,34.46523],[-118.54128,34.46525],[-118.54126,34.46527],[-118.54124,34.46528],[-118.54122,34.4653],[-118.54121,34.46532],[-118.5412,34.46533],[-118.54119,34.46535],[-118.54116,34.46539],[-118.54106,34.46553],[-118.54106,34.46554],[-118.54106,34.46555],[-118.54106,34.46555],[-118.54106,34.46556],[-118.54106,34.46557],[-118.54106,34.46558],[-118.54107,34.46559],[-118.54108,34.4656],[-118.54108,34.4656],[-118.5411,34.46561],[-118.54111,34.46561],[-118.54114,34.46562],[-118.54117,34.46563],[-118.5412,34.46563],[-118.54122,34.46564],[-118.54125,34.46566],[-118.54126,34.46567],[-118.54128,34.46568],[-118.54129,34.46569],[-118.54131,34.4657],[-118.54132,34.46572],[-118.54133,34.46573],[-118.54134,34.46575],[-118.54134,34.46577],[-118.54135,34.46578],[-118.54135,34.46579],[-118.54136,34.4658],[-118.54136,34.46581],[-118.54136,34.46582],[-118.54136,34.46583],[-118.54136,34.46586],[-118.54135,34.4662],[-118.54135,34.4665],[-118.54135,34.46657],[-118.54062,34.46647],[-118.54042,34.46644],[-118.53966,34.4655],[-118.53952,34.46533],[-118.53798,34.46345],[-118.53798,34.46344],[-118.53782,34.46324],[-118.53769,34.46309],[-118.53768,34.4641],[-118.53767,34.46585],[-118.53768,34.46648],[-118.53768,34.4665],[-118.53768,34.46733],[-118.53769,34.46815],[-118.53769,34.46832],[-118.5377,34.4684],[-118.5377,34.46852],[-118.5377,34.4693],[-118.5377,34.46946],[-118.53771,34.46949],[-118.53771,34.46959],[-118.53771,34.46991],[-118.53771,34.47019],[-118.53771,34.4703],[-118.53771,34.47042],[-118.53772,34.47122],[-118.53773,34.47208],[-118.53773,34.4722],[-118.53773,34.47238],[-118.53773,34.4724],[-118.53774,34.47264],[-118.53774,34.4728],[-118.53774,34.47296],[-118.53774,34.47319],[-118.53774,34.47341],[-118.53775,34.47376],[-118.53775,34.47411],[-118.53775,34.4742],[-118.53775,34.47427],[-118.53775,34.47436],[-118.53775,34.47449],[-118.53775,34.47455],[-118.53774,34.47454],[-118.53737,34.47436],[-118.53725,34.4746],[-118.53711,34.47481],[-118.537,34.47488],[-118.53695,34.47498],[-118.53698,34.47504],[-118.53683,34.47526],[-118.53689,34.47532],[-118.5369,34.47541],[-118.53682,34.47551],[-118.53684,34.47561],[-118.53682,34.47575],[-118.53685,34.47578],[-118.53691,34.4759],[-118.53693,34.47592],[-118.53704,34.47608],[-118.5371,34.47612],[-118.53721,34.47615],[-118.53726,34.47618],[-118.53726,34.47621],[-118.53722,34.47624],[-118.53719,34.47626],[-118.53718,34.47626],[-118.53711,34.4762],[-118.53708,34.47617],[-118.53702,34.47615],[-118.537,34.47616],[-118.53698,34.47616],[-118.53696,34.47615],[-118.53695,34.47615],[-118.53689,34.47619],[-118.53687,34.4762],[-118.53667,34.47617],[-118.53663,34.47615],[-118.53649,34.47613],[-118.53635,34.47627],[-118.53635,34.47628],[-118.53641,34.47629],[-118.53646,34.47637],[-118.53654,34.4764],[-118.53665,34.47659],[-118.53778,34.47684],[-118.53778,34.47684],[-118.53778,34.47697],[-118.53778,34.477],[-118.53778,34.47737],[-118.53778,34.47744],[-118.53779,34.47814],[-118.53779,34.47856],[-118.5378,34.47958],[-118.5378,34.47987],[-118.53782,34.48152],[-118.53782,34.48155],[-118.53782,34.48171],[-118.53397,34.4817],[-118.53378,34.4817],[-118.53342,34.4817],[-118.53339,34.4817],[-118.53285,34.4817],[-118.53122,34.48169],[-118.52902,34.48169],[-118.5269,34.48168],[-118.5261,34.48168],[-118.52569,34.48168],[-118.52461,34.48168],[-118.52039,34.48166],[-118.52021,34.48166],[-118.5202,34.48237],[-118.52018,34.4853],[-118.52015,34.48894],[-118.51889,34.48894],[-118.51799,34.48894],[-118.51768,34.48894],[-118.51744,34.48894],[-118.51719,34.48894],[-118.51576,34.48895],[-118.51488,34.48895],[-118.51486,34.48895],[-118.51243,34.48895],[-118.51136,34.48896],[-118.51136,34.49062],[-118.51135,34.49262],[-118.51134,34.49628],[-118.50955,34.49629],[-118.50929,34.49629],[-118.50924,34.49629],[-118.50912,34.49629],[-118.50692,34.4963],[-118.50251,34.49633],[-118.49917,34.49626],[-118.49816,34.49623],[-118.49382,34.49614],[-118.49382,34.496],[-118.4939,34.49065],[-118.49392,34.48879],[-118.49822,34.48888],[-118.49824,34.48521],[-118.49915,34.48523],[-118.50251,34.4853],[-118.5025,34.48239],[-118.50249,34.48162],[-118.50253,34.4779],[-118.49914,34.47784],[-118.4983,34.47782],[-118.49832,34.47597],[-118.49834,34.47411],[-118.49411,34.47405],[-118.49412,34.4736],[-118.49293,34.47416],[-118.49173,34.47474],[-118.49158,34.47481],[-118.49149,34.47485],[-118.49147,34.47484],[-118.49146,34.47482],[-118.49145,34.47481],[-118.49143,34.47479],[-118.49142,34.47478],[-118.49141,34.47477],[-118.4914,34.47475],[-118.49134,34.47468],[-118.49126,34.47458],[-118.49115,34.47442],[-118.49112,34.47437],[-118.49112,34.47437],[-118.49106,34.4743],[-118.49105,34.47427],[-118.49103,34.47424],[-118.491,34.47419],[-118.49097,34.47414],[-118.49095,34.4741],[-118.49095,34.47409],[-118.49091,34.474],[-118.49088,34.47394],[-118.49086,34.47389],[-118.49085,34.47387],[-118.49085,34.47385],[-118.49083,34.47383],[-118.49082,34.4738],[-118.49082,34.47379],[-118.4908,34.47376],[-118.49078,34.47373],[-118.49077,34.47371],[-118.49076,34.4737],[-118.49073,34.47367],[-118.4907,34.47364],[-118.49068,34.47361],[-118.49065,34.47358],[-118.49053,34.47347],[-118.49036,34.47331],[-118.49032,34.47327],[-118.49017,34.47312],[-118.49008,34.47304],[-118.48999,34.47296],[-118.48994,34.47292],[-118.48988,34.47288],[-118.48982,34.47284],[-118.48977,34.47281],[-118.4897,34.47278],[-118.48971,34.47275],[-118.48971,34.47273],[-118.48971,34.47268],[-118.48971,34.47252],[-118.48971,34.47215],[-118.48825,34.47213],[-118.48585,34.47211],[-118.48529,34.4721],[-118.48527,34.47393],[-118.48129,34.47391],[-118.48119,34.47391],[-118.48085,34.47391],[-118.48088,34.46931],[-118.48089,34.46822],[-118.48089,34.46822],[-118.48441,34.46824],[-118.48532,34.46824],[-118.48533,34.46692],[-118.48533,34.4666],[-118.4853,34.4658],[-118.48527,34.46493],[-118.48525,34.46454],[-118.48522,34.46376],[-118.4852,34.46332],[-118.4852,34.46328],[-118.48516,34.4624],[-118.48516,34.46219],[-118.48514,34.46177],[-118.48513,34.46149],[-118.48512,34.4613],[-118.48508,34.4604],[-118.48508,34.46033],[-118.48508,34.46022],[-118.48517,34.46016],[-118.48518,34.46015],[-118.48519,34.46014],[-118.48586,34.4597],[-118.48587,34.45969],[-118.48572,34.45968],[-118.48554,34.45968],[-118.48513,34.45967],[-118.48506,34.45967],[-118.4846,34.45967],[-118.48083,34.45962],[-118.48094,34.45769],[-118.48101,34.45602],[-118.47995,34.456],[-118.47209,34.4559],[-118.47209,34.45392],[-118.46787,34.45347],[-118.46746,34.45385],[-118.46743,34.45388],[-118.46531,34.45587],[-118.46335,34.45771],[-118.46242,34.45858],[-118.46145,34.45949],[-118.46101,34.45949],[-118.46097,34.45949],[-118.45999,34.45949],[-118.45929,34.45949],[-118.45877,34.45949],[-118.45877,34.45949],[-118.45877,34.4595],[-118.45439,34.45951],[-118.45439,34.45951],[-118.45439,34.45951],[-118.45336,34.45951],[-118.45006,34.45952],[-118.45002,34.45952],[-118.45002,34.4594],[-118.45003,34.45831],[-118.45003,34.45772],[-118.45004,34.45742],[-118.45005,34.45604],[-118.45005,34.45596],[-118.45005,34.45593],[-118.45007,34.45405],[-118.45007,34.45404],[-118.45009,34.45241],[-118.45009,34.45241],[-118.45009,34.44948],[-118.45009,34.44928],[-118.45009,34.44926],[-118.45009,34.4488],[-118.45055,34.4488],[-118.45227,34.44879],[-118.45388,34.44878],[-118.45445,34.44877],[-118.45446,34.44697],[-118.45446,34.44617],[-118.45446,34.44518],[-118.45881,34.44514],[-118.45927,34.44514],[-118.46317,34.44513],[-118.46318,34.44202],[-118.46318,34.44155],[-118.46487,34.44155],[-118.46553,34.44155],[-118.4657,34.44155],[-118.46627,34.44155],[-118.46714,34.44155],[-118.46755,34.44155],[-118.46755,34.44155],[-118.46756,34.44155],[-118.46757,34.44021],[-118.46757,34.44003],[-118.46758,34.43949],[-118.46758,34.4393],[-118.46758,34.43915],[-118.46758,34.43897],[-118.46758,34.4388],[-118.46759,34.4386],[-118.46759,34.43838],[-118.46759,34.43818],[-118.46759,34.43816],[-118.46759,34.43798],[-118.46759,34.43796],[-118.46758,34.43598],[-118.46765,34.43596],[-118.46781,34.43593],[-118.46778,34.43557],[-118.46794,34.4356],[-118.46797,34.43515],[-118.46806,34.43511],[-118.46826,34.43513],[-118.46854,34.435],[-118.46865,34.43507],[-118.46866,34.43508],[-118.46875,34.43493],[-118.46909,34.43496],[-118.46938,34.43451],[-118.46954,34.43449],[-118.46962,34.43436],[-118.46962,34.43435],[-118.46964,34.43435],[-118.47001,34.43479],[-118.47012,34.43479],[-118.47025,34.43445],[-118.47051,34.43465],[-118.47057,34.43465],[-118.47058,34.43459],[-118.47058,34.43458],[-118.47061,34.43437],[-118.47108,34.43449],[-118.47144,34.43434],[-118.47193,34.43433],[-118.47195,34.43433],[-118.47195,34.43383],[-118.47195,34.4335],[-118.47194,34.43327],[-118.47194,34.43311],[-118.47194,34.43273],[-118.47194,34.43269],[-118.47194,34.43261],[-118.47194,34.4324],[-118.47194,34.43223],[-118.47177,34.43216],[-118.47069,34.43173],[-118.47048,34.43165],[-118.47008,34.43148],[-118.46964,34.43131],[-118.46942,34.43122],[-118.46933,34.43118],[-118.46912,34.43106],[-118.4689,34.43092],[-118.46881,34.43086],[-118.46872,34.4308],[-118.46863,34.43073],[-118.46854,34.43065],[-118.46845,34.43055],[-118.46835,34.43043],[-118.46826,34.43032],[-118.46812,34.43013],[-118.46806,34.43005],[-118.46801,34.42996],[-118.46796,34.42986],[-118.46786,34.42963],[-118.46781,34.42952],[-118.46777,34.42941],[-118.46774,34.4293],[-118.46774,34.42928],[-118.46772,34.42919],[-118.46771,34.42907],[-118.46771,34.42893],[-118.46771,34.42876],[-118.46772,34.42861],[-118.46775,34.42835],[-118.46777,34.42824],[-118.46781,34.42811],[-118.46786,34.42797],[-118.46796,34.42775],[-118.46798,34.42769],[-118.46799,34.42767],[-118.46806,34.42753],[-118.46811,34.42745],[-118.46815,34.42737],[-118.4682,34.42729],[-118.46827,34.42721],[-118.46829,34.4272],[-118.46831,34.42717],[-118.46832,34.42716],[-118.46833,34.42715],[-118.46857,34.42715],[-118.46909,34.42714],[-118.46919,34.42714],[-118.46919,34.42714],[-118.46943,34.42714],[-118.46994,34.42713],[-118.47005,34.42713],[-118.47027,34.42712],[-118.47049,34.42712],[-118.47054,34.42712],[-118.47071,34.42711],[-118.47085,34.42711],[-118.47112,34.42711],[-118.47135,34.4271],[-118.47165,34.4271],[-118.47188,34.42709],[-118.47189,34.4272],[-118.47189,34.4272],[-118.47194,34.4272],[-118.47212,34.42721],[-118.47234,34.42721],[-118.47251,34.42721],[-118.47254,34.42721],[-118.47258,34.42721],[-118.47272,34.42721],[-118.47292,34.42721],[-118.47311,34.4272],[-118.47312,34.4272],[-118.47314,34.4272],[-118.47332,34.4272],[-118.47352,34.4272],[-118.47364,34.4272],[-118.47371,34.4272],[-118.4739,34.4272],[-118.47392,34.4272],[-118.47393,34.4272],[-118.47411,34.4272],[-118.47429,34.4272],[-118.47431,34.4272],[-118.47431,34.42734],[-118.47504,34.42733],[-118.47598,34.42732],[-118.47618,34.42732],[-118.4763,34.42732],[-118.4763,34.42726],[-118.4763,34.42715],[-118.4763,34.42696],[-118.4763,34.42678],[-118.47629,34.42605],[-118.47629,34.42531],[-118.47628,34.42457],[-118.47627,34.42383],[-118.47619,34.42383],[-118.47619,34.42374],[-118.47618,34.42346],[-118.47618,34.42346],[-118.47618,34.42346],[-118.47618,34.4234],[-118.47618,34.42339],[-118.47618,34.4233],[-118.47625,34.42331],[-118.47635,34.42331],[-118.47635,34.42302],[-118.47635,34.42301],[-118.47634,34.42301],[-118.47634,34.42291],[-118.4762,34.42291],[-118.47621,34.42172],[-118.47621,34.4208],[-118.47621,34.42001],[-118.47713,34.42001],[-118.47803,34.42001],[-118.47879,34.42001],[-118.47889,34.42001],[-118.47904,34.42001],[-118.47908,34.42001],[-118.47913,34.42002],[-118.47918,34.41993]]]}},{"type":"Feature","properties":{"seat":"santa-clarita-city-council-district-5","label":"District 5","county":"CITY OF SANTA CLARITA 5TH COUNCIL","role":"seat"},"geometry":{"type":"Polygon","coordinates":[[[-118.40572,34.36678],[-118.40561,34.35956],[-118.40957,34.3595],[-118.40949,34.36681],[-118.40949,34.36712],[-118.40945,34.37061],[-118.41322,34.37054],[-118.41326,34.36715],[-118.41326,34.36684],[-118.41366,34.36685],[-118.4155,34.36687],[-118.4155,34.36671],[-118.41553,34.36315],[-118.41776,34.36317],[-118.42,34.36319],[-118.41997,34.3667],[-118.41996,34.36692],[-118.41886,34.36691],[-118.41885,34.36691],[-118.41884,34.3672],[-118.4188,34.37061],[-118.41951,34.37062],[-118.41991,34.37062],[-118.42208,34.37065],[-118.4221,34.37065],[-118.42214,34.37065],[-118.42657,34.3707],[-118.42666,34.36727],[-118.42666,34.36699],[-118.42686,34.367],[-118.43113,34.36705],[-118.43112,34.36731],[-118.43106,34.36917],[-118.43103,34.37002],[-118.43101,34.37076],[-118.43089,34.37408],[-118.43088,34.37447],[-118.43099,34.37447],[-118.43106,34.37447],[-118.43311,34.37448],[-118.43311,34.37462],[-118.4331,34.37537],[-118.43327,34.37537],[-118.43422,34.37538],[-118.43421,34.37569],[-118.43421,34.37628],[-118.43519,34.37629],[-118.43643,34.3763],[-118.43643,34.37666],[-118.43643,34.37721],[-118.43916,34.37722],[-118.43976,34.37722],[-118.43976,34.37719],[-118.43977,34.37716],[-118.4398,34.37452],[-118.44041,34.37453],[-118.44197,34.37454],[-118.44193,34.37816],[-118.44409,34.37816],[-118.44409,34.37816],[-118.4441,34.3808],[-118.44433,34.38079],[-118.44592,34.38077],[-118.44848,34.38074],[-118.4485,34.38086],[-118.44876,34.38354],[-118.44886,34.3846],[-118.44887,34.38466],[-118.44887,34.38469],[-118.46252,34.38461],[-118.46256,34.38563],[-118.46268,34.38791],[-118.46268,34.38792],[-118.46279,34.39025],[-118.46284,34.39121],[-118.46284,34.39121],[-118.46527,34.39121],[-118.46721,34.3912],[-118.47131,34.39119],[-118.47139,34.39119],[-118.47162,34.39119],[-118.47162,34.39119],[-118.47164,34.39163],[-118.47164,34.39164],[-118.47181,34.39177],[-118.47182,34.39177],[-118.47183,34.39178],[-118.47183,34.39178],[-118.47183,34.39178],[-118.47266,34.39232],[-118.47266,34.39232],[-118.4729,34.39247],[-118.47301,34.39254],[-118.47485,34.39155],[-118.47492,34.39151],[-118.47493,34.3915],[-118.47592,34.39082],[-118.47602,34.39076],[-118.47679,34.39023],[-118.47704,34.39006],[-118.47746,34.38975],[-118.47824,34.38917],[-118.47825,34.38917],[-118.48003,34.38784],[-118.48138,34.38685],[-118.48138,34.38684],[-118.48332,34.38559],[-118.4855,34.38418],[-118.48597,34.38387],[-118.48628,34.38367],[-118.48658,34.38348],[-118.48717,34.3831],[-118.48717,34.3831],[-118.48727,34.38301],[-118.49134,34.37957],[-118.49354,34.3777],[-118.49359,34.37766],[-118.49371,34.37775],[-118.49399,34.37797],[-118.49422,34.37815],[-118.49411,34.37826],[-118.49402,34.37836],[-118.49389,34.37851],[-118.49382,34.3786],[-118.49374,34.37872],[-118.49363,34.37886],[-118.49357,34.37895],[-118.49347,34.37909],[-118.49329,34.37941],[-118.49324,34.3795],[-118.49315,34.3797],[-118.49304,34.37985],[-118.49248,34.38103],[-118.49097,34.38417],[-118.49089,34.38433],[-118.49084,34.38443],[-118.49083,34.38446],[-118.49069,34.38477],[-118.49064,34.38489],[-118.49056,34.38509],[-118.49054,34.38513],[-118.49051,34.38524],[-118.49042,34.38552],[-118.4904,34.38556],[-118.49019,34.3863],[-118.49003,34.38684],[-118.48984,34.38743],[-118.48982,34.38749],[-118.48976,34.38768],[-118.48964,34.3881],[-118.48957,34.38832],[-118.48949,34.38853],[-118.48941,34.38873],[-118.4894,34.38876],[-118.48934,34.38891],[-118.48925,34.38909],[-118.48902,34.38955],[-118.48867,34.39026],[-118.48814,34.39137],[-118.4879,34.39185],[-118.48764,34.39234],[-118.48754,34.39253],[-118.4875,34.39259],[-118.4873,34.39291],[-118.48705,34.3933],[-118.48695,34.39346],[-118.48685,34.3936],[-118.48674,34.39374],[-118.48662,34.39389],[-118.48647,34.39407],[-118.48617,34.3944],[-118.48602,34.39456],[-118.48592,34.39467],[-118.48591,34.39467],[-118.48564,34.39493],[-118.4855,34.39507],[-118.48535,34.3952],[-118.48519,34.39534],[-118.48509,34.39543],[-118.48488,34.39559],[-118.48485,34.39562],[-118.48469,34.39574],[-118.48452,34.39587],[-118.48441,34.39594],[-118.48432,34.396],[-118.48409,34.39614],[-118.48362,34.39643],[-118.48321,34.39667],[-118.48301,34.39677],[-118.48258,34.39698],[-118.48236,34.39708],[-118.48212,34.39718],[-118.4819,34.39727],[-118.48167,34.39736],[-118.48148,34.39743],[-118.48129,34.3975],[-118.48108,34.39757],[-118.48083,34.39764],[-118.48062,34.3977],[-118.48067,34.39782],[-118.48067,34.39784],[-118.48067,34.39784],[-118.48067,34.39784],[-118.48067,34.39784],[-118.48067,34.39785],[-118.48067,34.39785],[-118.48067,34.39785],[-118.48067,34.39785],[-118.48067,34.39785],[-118.48067,34.39785],[-118.48067,34.39785],[-118.48067,34.39786],[-118.48067,34.39786],[-118.48072,34.39799],[-118.48074,34.39801],[-118.48076,34.39807],[-118.48079,34.39811],[-118.48083,34.39818],[-118.48086,34.39824],[-118.48089,34.39829],[-118.48096,34.39839],[-118.48099,34.39843],[-118.48103,34.39849],[-118.48106,34.39852],[-118.48108,34.39855],[-118.48115,34.39862],[-118.48115,34.39862],[-118.48123,34.39871],[-118.48125,34.39873],[-118.48133,34.39881],[-118.48141,34.39888],[-118.48146,34.39892],[-118.48149,34.39895],[-118.48156,34.399],[-118.48156,34.399],[-118.48165,34.39907],[-118.48171,34.39911],[-118.48172,34.39911],[-118.48182,34.39918],[-118.48186,34.39921],[-118.48192,34.39925],[-118.48195,34.39927],[-118.48195,34.39927],[-118.48238,34.39955],[-118.4825,34.39964],[-118.48255,34.39968],[-118.48263,34.39973],[-118.48269,34.39978],[-118.48275,34.39984],[-118.4828,34.39989],[-118.48284,34.39993],[-118.48289,34.39999],[-118.48295,34.40006],[-118.48301,34.40013],[-118.48306,34.40021],[-118.48309,34.40027],[-118.48314,34.40036],[-118.48319,34.40046],[-118.48322,34.40052],[-118.48323,34.40056],[-118.48326,34.40063],[-118.48327,34.40068],[-118.48329,34.40075],[-118.48331,34.40081],[-118.48331,34.40083],[-118.48334,34.4009],[-118.48335,34.40094],[-118.48337,34.40098],[-118.4834,34.40104],[-118.48343,34.40109],[-118.48347,34.40115],[-118.48351,34.4012],[-118.48355,34.40125],[-118.48358,34.40129],[-118.48361,34.40132],[-118.48364,34.40135],[-118.48369,34.40139],[-118.48372,34.40142],[-118.48376,34.40145],[-118.4838,34.40149],[-118.48384,34.40151],[-118.48387,34.40153],[-118.48395,34.40158],[-118.48403,34.40162],[-118.48408,34.40165],[-118.48435,34.40179],[-118.48492,34.40209],[-118.48506,34.40216],[-118.48519,34.40223],[-118.48528,34.40228],[-118.48533,34.40232],[-118.48538,34.40236],[-118.48544,34.4024],[-118.48551,34.40247],[-118.48556,34.40251],[-118.48561,34.40258],[-118.48566,34.40264],[-118.4857,34.4027],[-118.48573,34.40277],[-118.48575,34.40281],[-118.48577,34.40286],[-118.48579,34.40291],[-118.48581,34.40298],[-118.48582,34.40303],[-118.48583,34.40307],[-118.48583,34.40312],[-118.48584,34.40317],[-118.48584,34.40323],[-118.48584,34.40328],[-118.48584,34.40333],[-118.48583,34.40338],[-118.48581,34.40346],[-118.4858,34.40351],[-118.4858,34.40351],[-118.48579,34.40352],[-118.48573,34.40375],[-118.48576,34.40375],[-118.48567,34.40406],[-118.48562,34.40425],[-118.48558,34.40442],[-118.48556,34.40449],[-118.48554,34.40462],[-118.48553,34.40476],[-118.48553,34.40489],[-118.48553,34.40509],[-118.48553,34.40535],[-118.48553,34.40546],[-118.48553,34.40546],[-118.48541,34.40546],[-118.4854,34.40546],[-118.4854,34.40547],[-118.48541,34.40556],[-118.48542,34.40565],[-118.48544,34.40574],[-118.48547,34.40583],[-118.48551,34.40591],[-118.48555,34.406],[-118.4856,34.40609],[-118.48566,34.40618],[-118.48572,34.40626],[-118.48579,34.40634],[-118.48586,34.40642],[-118.48592,34.4065],[-118.48598,34.40658],[-118.48604,34.40667],[-118.48608,34.40676],[-118.48614,34.40687],[-118.48617,34.40697],[-118.48619,34.40707],[-118.48621,34.40718],[-118.48622,34.40728],[-118.48622,34.40738],[-118.48622,34.40749],[-118.48621,34.40759],[-118.48619,34.4077],[-118.48607,34.40809],[-118.48601,34.40833],[-118.48594,34.40865],[-118.48583,34.40909],[-118.48569,34.40972],[-118.48565,34.40988],[-118.48564,34.40999],[-118.48563,34.4101],[-118.48564,34.41021],[-118.48565,34.41032],[-118.48567,34.41043],[-118.4857,34.41054],[-118.48574,34.41068],[-118.48575,34.41069],[-118.4858,34.41088],[-118.48581,34.41091],[-118.48587,34.41113],[-118.48595,34.41141],[-118.486,34.41158],[-118.48604,34.41172],[-118.48613,34.41204],[-118.48616,34.41219],[-118.48618,34.41234],[-118.4862,34.41243],[-118.48619,34.41251],[-118.48618,34.41262],[-118.48612,34.41286],[-118.4861,34.41293],[-118.486,34.41326],[-118.48598,34.41335],[-118.48597,34.4134],[-118.48599,34.4134],[-118.48594,34.4136],[-118.48592,34.41368],[-118.48592,34.4137],[-118.48591,34.41376],[-118.48586,34.41411],[-118.48594,34.41619],[-118.48606,34.41656],[-118.48608,34.41662],[-118.4861,34.41669],[-118.48612,34.41674],[-118.48615,34.4168],[-118.48618,34.41686],[-118.48621,34.41692],[-118.48627,34.41703],[-118.4863,34.41708],[-118.48633,34.41712],[-118.48639,34.41719],[-118.48643,34.41724],[-118.48662,34.41747],[-118.4867,34.41756],[-118.48679,34.41764],[-118.48687,34.41771],[-118.48696,34.41778],[-118.48705,34.41784],[-118.48744,34.41809],[-118.48756,34.41817],[-118.48792,34.41839],[-118.48814,34.41854],[-118.48825,34.41861],[-118.48835,34.41868],[-118.48844,34.41876],[-118.48854,34.41884],[-118.48864,34.41894],[-118.48874,34.41903],[-118.48878,34.41906],[-118.48884,34.41912],[-118.48892,34.41921],[-118.48914,34.41946],[-118.48917,34.41947],[-118.48928,34.41959],[-118.4898,34.42011],[-118.48988,34.42021],[-118.48998,34.42033],[-118.49004,34.42042],[-118.4901,34.42052],[-118.49012,34.42055],[-118.49016,34.42061],[-118.49019,34.42069],[-118.4902,34.42075],[-118.49021,34.4208],[-118.49024,34.42099],[-118.49026,34.42112],[-118.49021,34.42112],[-118.49021,34.42121],[-118.49022,34.42127],[-118.49011,34.42127],[-118.48983,34.42127],[-118.48961,34.42127],[-118.48946,34.42126],[-118.48939,34.42126],[-118.48917,34.42125],[-118.48895,34.42123],[-118.48872,34.42122],[-118.48852,34.4212],[-118.48845,34.42119],[-118.4883,34.42118],[-118.48808,34.42115],[-118.48786,34.42113],[-118.48764,34.42109],[-118.48749,34.42107],[-118.48696,34.42095],[-118.4867,34.42087],[-118.48641,34.42077],[-118.48576,34.42055],[-118.4852,34.42036],[-118.48515,34.42034],[-118.48501,34.42029],[-118.48501,34.42026],[-118.48501,34.42014],[-118.48476,34.42006],[-118.48457,34.41999],[-118.48449,34.41996],[-118.48421,34.4198],[-118.48413,34.41976],[-118.4841,34.41974],[-118.48397,34.41965],[-118.48379,34.4195],[-118.48374,34.41946],[-118.48354,34.41924],[-118.48346,34.41914],[-118.48341,34.41905],[-118.48329,34.41884],[-118.48325,34.41873],[-118.48322,34.41864],[-118.48317,34.41841],[-118.48316,34.41821],[-118.48316,34.41813],[-118.48316,34.41813],[-118.48316,34.41813],[-118.48315,34.41813],[-118.48313,34.41811],[-118.48304,34.41806],[-118.483,34.41803],[-118.483,34.41803],[-118.48295,34.418],[-118.48288,34.41796],[-118.48284,34.41794],[-118.4828,34.41791],[-118.48273,34.41787],[-118.48269,34.41784],[-118.48269,34.41784],[-118.48264,34.41781],[-118.48259,34.41777],[-118.48254,34.41774],[-118.48253,34.41774],[-118.48253,34.41778],[-118.48252,34.41783],[-118.48251,34.41786],[-118.48251,34.4179],[-118.48251,34.41791],[-118.4825,34.41796],[-118.4825,34.41799],[-118.4825,34.41801],[-118.4825,34.41801],[-118.4825,34.41808],[-118.4825,34.41811],[-118.48245,34.41805],[-118.48241,34.41801],[-118.48236,34.41794],[-118.48225,34.4178],[-118.48212,34.41763],[-118.48198,34.41745],[-118.48198,34.41745],[-118.48184,34.41729],[-118.48172,34.41716],[-118.48158,34.41701],[-118.48147,34.41688],[-118.48136,34.41674],[-118.48129,34.41668],[-118.48127,34.41666],[-118.48112,34.41651],[-118.481,34.41641],[-118.4809,34.41632],[-118.4809,34.41632],[-118.4807,34.41613],[-118.48057,34.41601],[-118.48044,34.4159],[-118.48031,34.41578],[-118.4801,34.41559],[-118.47994,34.41544],[-118.47969,34.41522],[-118.47959,34.41512],[-118.47935,34.41491],[-118.47904,34.41462],[-118.47885,34.41445],[-118.47878,34.41438],[-118.47859,34.41433],[-118.47841,34.41428],[-118.47838,34.41427],[-118.47833,34.41425],[-118.47829,34.41424],[-118.47747,34.41349],[-118.47735,34.41338],[-118.47733,34.41337],[-118.4773,34.41334],[-118.4772,34.41324],[-118.47694,34.41301],[-118.47648,34.41259],[-118.47625,34.41238],[-118.47619,34.41232],[-118.47606,34.41221],[-118.47599,34.41226],[-118.47533,34.41165],[-118.47539,34.41161],[-118.47524,34.41147],[-118.47517,34.41142],[-118.47503,34.41129],[-118.47492,34.41119],[-118.47481,34.41109],[-118.47469,34.411],[-118.47455,34.41089],[-118.47444,34.41081],[-118.47443,34.4108],[-118.4743,34.41071],[-118.47429,34.4107],[-118.47415,34.41061],[-118.47392,34.41046],[-118.47369,34.41032],[-118.47345,34.41018],[-118.47334,34.41013],[-118.47313,34.41002],[-118.473,34.40995],[-118.47292,34.40991],[-118.4727,34.40982],[-118.47248,34.40972],[-118.47232,34.40966],[-118.47218,34.4096],[-118.47203,34.40955],[-118.47158,34.4094],[-118.4715,34.40938],[-118.47143,34.40936],[-118.47128,34.40931],[-118.47111,34.40927],[-118.47107,34.40926],[-118.47109,34.40919],[-118.47094,34.40915],[-118.47078,34.40912],[-118.47062,34.40908],[-118.4705,34.40906],[-118.47026,34.40902],[-118.47023,34.40901],[-118.47019,34.409],[-118.47002,34.40898],[-118.46996,34.40897],[-118.46989,34.40896],[-118.46975,34.40894],[-118.46968,34.40893],[-118.46959,34.40892],[-118.46952,34.40891],[-118.46939,34.4089],[-118.46935,34.4089],[-118.46931,34.40889],[-118.4691,34.40888],[-118.46885,34.40887],[-118.46869,34.40886],[-118.46853,34.40886],[-118.46836,34.40885],[-118.4682,34.40886],[-118.4681,34.40886],[-118.46793,34.40886],[-118.46768,34.40888],[-118.46744,34.40889],[-118.46741,34.40889],[-118.46733,34.40889],[-118.4673,34.4089],[-118.46384,34.4091],[-118.46305,34.40911],[-118.46143,34.40912],[-118.46106,34.40913],[-118.46028,34.40913],[-118.46008,34.40914],[-118.46008,34.40913],[-118.46018,34.40903],[-118.45969,34.40906],[-118.45887,34.40911],[-118.45868,34.40912],[-118.45867,34.40912],[-118.45813,34.40916],[-118.45803,34.40916],[-118.45802,34.40916],[-118.45767,34.40918],[-118.45742,34.4092],[-118.45728,34.4092],[-118.45723,34.40921],[-118.45718,34.40921],[-118.45714,34.40921],[-118.45709,34.40921],[-118.45704,34.40921],[-118.45699,34.40921],[-118.45697,34.40921],[-118.45696,34.40921],[-118.45692,34.40921],[-118.4569,34.40921],[-118.45685,34.40921],[-118.4568,34.40921],[-118.45669,34.4092],[-118.45663,34.4092],[-118.45657,34.40919],[-118.4565,34.40918],[-118.45646,34.40918],[-118.45646,34.40918],[-118.45603,34.40921],[-118.45593,34.40921],[-118.45588,34.40922],[-118.45547,34.40924],[-118.45538,34.40921],[-118.45536,34.40921],[-118.45536,34.40921],[-118.45531,34.40919],[-118.45483,34.40919],[-118.45483,34.40928],[-118.45483,34.40948],[-118.45484,34.40962],[-118.45484,34.40968],[-118.45484,34.40976],[-118.4532,34.40985],[-118.45318,34.40986],[-118.45221,34.40991],[-118.45206,34.40992],[-118.45205,34.40992],[-118.44992,34.41004],[-118.44845,34.41013],[-118.44721,34.41021],[-118.44717,34.41021],[-118.44695,34.41022],[-118.44694,34.41022],[-118.4469,34.41024],[-118.44689,34.41024],[-118.44686,34.41025],[-118.44686,34.41025],[-118.44684,34.41026],[-118.44683,34.41023],[-118.44651,34.41025],[-118.4465,34.41025],[-118.44624,34.41027],[-118.44623,34.41027],[-118.44613,34.41028],[-118.44613,34.41028],[-118.44611,34.41035],[-118.44597,34.41074],[-118.44582,34.41115],[-118.4457,34.41151],[-118.44557,34.41188],[-118.44539,34.41244],[-118.44531,34.41265],[-118.44517,34.41295],[-118.4451,34.41308],[-118.44504,34.4132],[-118.44493,34.4134],[-118.44488,34.41349],[-118.44485,34.41354],[-118.44473,34.41375],[-118.44462,34.41393],[-118.4445,34.41411],[-118.44437,34.4143],[-118.44435,34.41432],[-118.4442,34.41452],[-118.44412,34.41462],[-118.44408,34.41467],[-118.44403,34.41473],[-118.44391,34.41486],[-118.44373,34.41504],[-118.44344,34.41534],[-118.44331,34.41546],[-118.44318,34.41558],[-118.4429,34.41582],[-118.44275,34.41595],[-118.44257,34.41608],[-118.44236,34.41622],[-118.44209,34.41641],[-118.4422,34.41645],[-118.4424,34.41652],[-118.44287,34.41669],[-118.44325,34.41652],[-118.44331,34.41649],[-118.44331,34.41652],[-118.44331,34.41673],[-118.44356,34.41678],[-118.44363,34.41679],[-118.44367,34.41678],[-118.44393,34.41672],[-118.44412,34.41668],[-118.44419,34.41666],[-118.44429,34.41664],[-118.44467,34.41657],[-118.44492,34.41653],[-118.44504,34.41651],[-118.44504,34.41648],[-118.44546,34.41648],[-118.44551,34.41647],[-118.44568,34.41646],[-118.4459,34.41645],[-118.44611,34.41645],[-118.44746,34.41645],[-118.44746,34.41651],[-118.44747,34.41656],[-118.44747,34.41664],[-118.44747,34.41671],[-118.44745,34.41683],[-118.44742,34.41689],[-118.44741,34.4169],[-118.4474,34.41692],[-118.44735,34.417],[-118.44733,34.41703],[-118.44728,34.41708],[-118.44724,34.41713],[-118.44722,34.41718],[-118.44722,34.41723],[-118.44722,34.41728],[-118.44723,34.41733],[-118.44727,34.4175],[-118.44728,34.41764],[-118.44728,34.41767],[-118.44727,34.41778],[-118.44724,34.41813],[-118.44724,34.41821],[-118.44723,34.41844],[-118.44697,34.41844],[-118.44679,34.41845],[-118.4467,34.41846],[-118.44661,34.41848],[-118.44656,34.4185],[-118.44641,34.41856],[-118.44635,34.41857],[-118.44627,34.41859],[-118.44619,34.41859],[-118.4461,34.41859],[-118.44603,34.41859],[-118.44588,34.41858],[-118.44577,34.41858],[-118.44562,34.41859],[-118.44553,34.41859],[-118.4455,34.41859],[-118.4455,34.41867],[-118.4455,34.41904],[-118.4455,34.41911],[-118.44554,34.41945],[-118.44556,34.41958],[-118.44555,34.41986],[-118.44555,34.42006],[-118.44565,34.42006],[-118.44597,34.42006],[-118.44604,34.42006],[-118.44605,34.42006],[-118.4462,34.42006],[-118.44625,34.42006],[-118.44645,34.42006],[-118.44665,34.42006],[-118.44669,34.42006],[-118.4467,34.42006],[-118.4467,34.42006],[-118.44672,34.42006],[-118.44678,34.42006],[-118.44683,34.42006],[-118.44696,34.42006],[-118.44723,34.42006],[-118.4473,34.42006],[-118.44773,34.42006],[-118.44773,34.42013],[-118.44773,34.42055],[-118.44773,34.42083],[-118.44773,34.42101],[-118.44773,34.42119],[-118.44773,34.42141],[-118.44774,34.42167],[-118.44774,34.42184],[-118.44774,34.42188],[-118.44774,34.42191],[-118.44774,34.42194],[-118.44774,34.42199],[-118.44774,34.42218],[-118.44774,34.42285],[-118.44774,34.42362],[-118.44773,34.42362],[-118.44772,34.42362],[-118.44722,34.42362],[-118.44698,34.42362],[-118.44678,34.42362],[-118.44633,34.42362],[-118.4463,34.42362],[-118.4463,34.42362],[-118.44598,34.42362],[-118.44567,34.42362],[-118.44554,34.42362],[-118.44504,34.42363],[-118.44488,34.42363],[-118.4444,34.42363],[-118.44376,34.42363],[-118.44335,34.42363],[-118.44312,34.42363],[-118.44276,34.42363],[-118.44248,34.42363],[-118.44217,34.42363],[-118.44185,34.42363],[-118.44167,34.42363],[-118.44121,34.42363],[-118.44116,34.42363],[-118.44116,34.42363],[-118.44117,34.42409],[-118.44117,34.42422],[-118.44117,34.42433],[-118.44117,34.42457],[-118.44117,34.4246],[-118.44118,34.42476],[-118.44118,34.42514],[-118.4412,34.42639],[-118.4412,34.42651],[-118.4412,34.42651],[-118.4412,34.42651],[-118.4412,34.42651],[-118.4412,34.42689],[-118.44121,34.42716],[-118.44121,34.42723],[-118.44121,34.42723],[-118.44121,34.42723],[-118.44122,34.42842],[-118.44124,34.42954],[-118.44124,34.42972],[-118.44124,34.43006],[-118.44125,34.43083],[-118.44125,34.43084],[-118.44055,34.43084],[-118.44055,34.43086],[-118.44057,34.43243],[-118.44057,34.43267],[-118.44064,34.43265],[-118.44081,34.43258],[-118.4409,34.43253],[-118.44117,34.43239],[-118.44123,34.43236],[-118.44131,34.4323],[-118.4414,34.43223],[-118.44171,34.43195],[-118.44195,34.43172],[-118.44242,34.43126],[-118.44277,34.43093],[-118.44288,34.43083],[-118.44289,34.43082],[-118.44301,34.43071],[-118.44313,34.43061],[-118.44327,34.43048],[-118.44398,34.42983],[-118.44425,34.42958],[-118.44486,34.42903],[-118.44616,34.42783],[-118.44623,34.42777],[-118.44624,34.42777],[-118.44683,34.42722],[-118.44701,34.42706],[-118.4473,34.4268],[-118.44759,34.42654],[-118.44788,34.42627],[-118.44846,34.42574],[-118.44877,34.42545],[-118.44913,34.42513],[-118.44941,34.42486],[-118.44971,34.42459],[-118.44993,34.42439],[-118.45015,34.42419],[-118.45028,34.42407],[-118.45065,34.42373],[-118.45078,34.42361],[-118.45079,34.4236],[-118.45118,34.42325],[-118.45142,34.42303],[-118.45161,34.42285],[-118.45197,34.42252],[-118.45208,34.42242],[-118.45227,34.42225],[-118.45249,34.42203],[-118.45271,34.42182],[-118.45277,34.42175],[-118.45289,34.42161],[-118.45303,34.42142],[-118.45316,34.42125],[-118.45317,34.42123],[-118.45327,34.42126],[-118.45339,34.42129],[-118.45342,34.4213],[-118.45352,34.42132],[-118.45419,34.42151],[-118.45431,34.42154],[-118.45447,34.42158],[-118.45457,34.42161],[-118.45487,34.42169],[-118.45525,34.4218],[-118.45577,34.42194],[-118.45577,34.42209],[-118.45577,34.4221],[-118.45577,34.4222],[-118.45577,34.42237],[-118.45577,34.42272],[-118.45577,34.42276],[-118.45578,34.4236],[-118.45698,34.42359],[-118.45732,34.42359],[-118.45798,34.42359],[-118.45833,34.42359],[-118.4587,34.42359],[-118.4587,34.42361],[-118.4587,34.42365],[-118.45871,34.42401],[-118.45871,34.42431],[-118.45871,34.42461],[-118.45871,34.42474],[-118.45871,34.42476],[-118.45872,34.42503],[-118.45872,34.4253],[-118.45872,34.42545],[-118.45872,34.42574],[-118.45872,34.42602],[-118.45873,34.42679],[-118.45873,34.42681],[-118.45879,34.42681],[-118.46299,34.4268],[-118.46299,34.42718],[-118.46299,34.42758],[-118.46599,34.42757],[-118.46635,34.42757],[-118.46662,34.42758],[-118.46698,34.42757],[-118.46708,34.42758],[-118.46718,34.42759],[-118.46729,34.4276],[-118.46736,34.42761],[-118.46741,34.42761],[-118.46751,34.42763],[-118.46755,34.42763],[-118.46762,34.42765],[-118.46763,34.42765],[-118.46775,34.42768],[-118.46796,34.42775],[-118.46786,34.42797],[-118.46781,34.42811],[-118.46777,34.42824],[-118.46775,34.42835],[-118.46772,34.42861],[-118.46771,34.42876],[-118.46771,34.42893],[-118.46771,34.42907],[-118.46772,34.42919],[-118.46774,34.42928],[-118.46774,34.4293],[-118.46777,34.42941],[-118.46781,34.42952],[-118.46786,34.42963],[-118.46796,34.42986],[-118.46801,34.42996],[-118.46806,34.43005],[-118.46812,34.43013],[-118.46826,34.43032],[-118.46835,34.43043],[-118.46845,34.43055],[-118.46854,34.43065],[-118.46863,34.43073],[-118.46872,34.4308],[-118.46881,34.43086],[-118.4689,34.43092],[-118.46912,34.43106],[-118.46933,34.43118],[-118.46942,34.43122],[-118.46964,34.43131],[-118.47008,34.43148],[-118.47048,34.43165],[-118.47069,34.43173],[-118.47177,34.43216],[-118.47194,34.43223],[-118.47194,34.4324],[-118.47194,34.43261],[-118.47194,34.43269],[-118.47194,34.43273],[-118.47194,34.43311],[-118.47194,34.43327],[-118.47195,34.4335],[-118.47195,34.43383],[-118.47195,34.43433],[-118.47193,34.43433],[-118.47144,34.43434],[-118.47108,34.43449],[-118.47061,34.43437],[-118.47058,34.43458],[-118.47058,34.43459],[-118.47057,34.43465],[-118.47051,34.43465],[-118.47025,34.43445],[-118.47012,34.43479],[-118.47001,34.43479],[-118.46964,34.43435],[-118.46962,34.43435],[-118.46962,34.43436],[-118.46954,34.43449],[-118.46938,34.43451],[-118.46909,34.43496],[-118.46875,34.43493],[-118.46866,34.43508],[-118.46865,34.43507],[-118.46854,34.435],[-118.46826,34.43513],[-118.46806,34.43511],[-118.46797,34.43515],[-118.46794,34.4356],[-118.46778,34.43557],[-118.46781,34.43593],[-118.46765,34.43596],[-118.46758,34.43598],[-118.46759,34.43796],[-118.46759,34.43798],[-118.46759,34.43816],[-118.46759,34.43818],[-118.46759,34.43838],[-118.46759,34.4386],[-118.46758,34.4388],[-118.46758,34.43897],[-118.46758,34.43915],[-118.46758,34.4393],[-118.46758,34.43949],[-118.46757,34.44003],[-118.46757,34.44021],[-118.46756,34.44155],[-118.46627,34.44155],[-118.4657,34.44155],[-118.46553,34.44155],[-118.46487,34.44155],[-118.46318,34.44155],[-118.46318,34.44202],[-118.46318,34.44216],[-118.46317,34.44513],[-118.45927,34.44514],[-118.45881,34.44514],[-118.45447,34.44518],[-118.45446,34.44518],[-118.45446,34.44617],[-118.45446,34.44697],[-118.45445,34.44877],[-118.45388,34.44878],[-118.45227,34.44879],[-118.45055,34.4488],[-118.45009,34.4488],[-118.45009,34.44926],[-118.45009,34.44948],[-118.45009,34.4524],[-118.45009,34.4524],[-118.45009,34.45241],[-118.45009,34.45241],[-118.45007,34.45404],[-118.45007,34.45405],[-118.45005,34.45593],[-118.45005,34.45596],[-118.45005,34.45604],[-118.45004,34.45742],[-118.45003,34.45772],[-118.45003,34.45831],[-118.45002,34.4594],[-118.45002,34.45952],[-118.4495,34.45953],[-118.44812,34.45955],[-118.4473,34.45957],[-118.44716,34.45957],[-118.44715,34.45957],[-118.44715,34.45957],[-118.44715,34.45957],[-118.44543,34.4596],[-118.4453,34.4596],[-118.44521,34.45961],[-118.44377,34.45963],[-118.44349,34.45964],[-118.44349,34.45908],[-118.44349,34.45857],[-118.44349,34.45823],[-118.44349,34.45796],[-118.44349,34.45763],[-118.44348,34.45728],[-118.44348,34.45674],[-118.44348,34.45605],[-118.44314,34.45605],[-118.44308,34.45605],[-118.44272,34.45606],[-118.44235,34.45606],[-118.44213,34.45606],[-118.44128,34.45608],[-118.44127,34.45469],[-118.44127,34.45448],[-118.44127,34.45253],[-118.44127,34.4525],[-118.43923,34.45252],[-118.43917,34.45252],[-118.43917,34.45252],[-118.43902,34.45253],[-118.43749,34.45254],[-118.43697,34.45255],[-118.43696,34.45255],[-118.43696,34.45255],[-118.43696,34.45255],[-118.4369,34.45255],[-118.43689,34.45255],[-118.43686,34.45255],[-118.43686,34.45255],[-118.43686,34.45255],[-118.43686,34.45254],[-118.43686,34.4523],[-118.43685,34.45147],[-118.43685,34.45146],[-118.43685,34.45145],[-118.43685,34.45121],[-118.43685,34.45119],[-118.43686,34.45081],[-118.43686,34.45075],[-118.43686,34.45075],[-118.43686,34.45075],[-118.43686,34.45075],[-118.43628,34.45075],[-118.43629,34.44978],[-118.43664,34.44978],[-118.43665,34.44949],[-118.43665,34.44929],[-118.43665,34.44888],[-118.43516,34.44888],[-118.43515,34.44949],[-118.43515,34.4497],[-118.43515,34.44977],[-118.43424,34.44977],[-118.43414,34.44977],[-118.43414,34.44934],[-118.43411,34.44934],[-118.43412,34.44913],[-118.43399,34.44908],[-118.43356,34.4489],[-118.43346,34.44886],[-118.43346,34.44818],[-118.43347,34.44785],[-118.43348,34.44684],[-118.43348,34.44684],[-118.43263,34.44649],[-118.43263,34.44649],[-118.43262,34.44649],[-118.43253,34.44645],[-118.4325,34.44644],[-118.4325,34.44594],[-118.4325,34.44542],[-118.43251,34.44509],[-118.43251,34.44508],[-118.43251,34.44476],[-118.43251,34.44458],[-118.43251,34.44455],[-118.43252,34.44417],[-118.43252,34.44379],[-118.43252,34.4436],[-118.43252,34.44341],[-118.43252,34.44341],[-118.43253,34.44322],[-118.43253,34.44303],[-118.43253,34.44265],[-118.43254,34.44231],[-118.43254,34.44212],[-118.43254,34.44212],[-118.43254,34.44197],[-118.43254,34.44185],[-118.43254,34.4418],[-118.43254,34.44176],[-118.43254,34.44176],[-118.43254,34.44167],[-118.43254,34.44151],[-118.43254,34.4415],[-118.43255,34.44134],[-118.43255,34.44126],[-118.43255,34.44126],[-118.43255,34.44115],[-118.43255,34.44111],[-118.43255,34.44102],[-118.43255,34.44101],[-118.43255,34.44092],[-118.43255,34.44088],[-118.43255,34.44088],[-118.43255,34.44085],[-118.43255,34.44074],[-118.43255,34.44071],[-118.43255,34.44059],[-118.43255,34.44059],[-118.43255,34.44041],[-118.43256,34.44019],[-118.43256,34.44017],[-118.43256,34.44016],[-118.43256,34.44006],[-118.43256,34.43995],[-118.43256,34.43965],[-118.43256,34.43961],[-118.43256,34.43961],[-118.43256,34.43949],[-118.43257,34.43937],[-118.43257,34.4391],[-118.43257,34.43907],[-118.43257,34.43906],[-118.43257,34.43903],[-118.43257,34.43891],[-118.43257,34.43865],[-118.43257,34.43857],[-118.43257,34.43854],[-118.43257,34.43854],[-118.43257,34.43852],[-118.43257,34.43851],[-118.43257,34.43845],[-118.43258,34.43843],[-118.43258,34.43835],[-118.43258,34.43833],[-118.43258,34.43827],[-118.43258,34.43822],[-118.43258,34.4382],[-118.43258,34.43811],[-118.43258,34.43811],[-118.43258,34.43811],[-118.43257,34.43811],[-118.43227,34.43811],[-118.43224,34.43811],[-118.43207,34.43811],[-118.43206,34.43811],[-118.43205,34.43811],[-118.43188,34.43811],[-118.43188,34.43811],[-118.43184,34.43818],[-118.43182,34.43818],[-118.43165,34.43816],[-118.43124,34.43812],[-118.43052,34.43803],[-118.43048,34.43802],[-118.43039,34.43799],[-118.43036,34.43798],[-118.4302,34.43793],[-118.42859,34.4374],[-118.42826,34.4373],[-118.42827,34.43812],[-118.42827,34.43815],[-118.42826,34.4387],[-118.42826,34.43876],[-118.42826,34.43877],[-118.42825,34.43905],[-118.42723,34.43907],[-118.42657,34.43907],[-118.42581,34.43908],[-118.42391,34.4391],[-118.42389,34.44002],[-118.41895,34.44007],[-118.41888,34.44007],[-118.41878,34.44007],[-118.41878,34.44007],[-118.41528,34.4401],[-118.4152,34.4401],[-118.41517,34.44127],[-118.41516,34.44191],[-118.41513,34.44301],[-118.41513,34.44332],[-118.41511,34.44392],[-118.41509,34.44502],[-118.41508,34.44557],[-118.40625,34.44578],[-118.40623,34.44666],[-118.40621,34.44666],[-118.40549,34.44654],[-118.40498,34.44581],[-118.4047,34.44603],[-118.4045,34.4462],[-118.40438,34.44629],[-118.40417,34.44646],[-118.4035,34.44666],[-118.40347,34.44667],[-118.40298,34.44639],[-118.4029,34.44641],[-118.4028,34.44657],[-118.4027,34.44674],[-118.40259,34.44693],[-118.40251,34.44707],[-118.40245,34.44716],[-118.4024,34.44725],[-118.40244,34.44746],[-118.40251,34.44782],[-118.40258,34.44817],[-118.40259,34.44827],[-118.40277,34.44922],[-118.40283,34.44952],[-118.40283,34.44954],[-118.4026,34.44954],[-118.40218,34.44955],[-118.40209,34.44955],[-118.40177,34.44956],[-118.40147,34.44957],[-118.40114,34.44958],[-118.40095,34.44958],[-118.40075,34.44959],[-118.40066,34.44959],[-118.40054,34.44959],[-118.40046,34.4496],[-118.40044,34.4496],[-118.40034,34.4496],[-118.40011,34.44961],[-118.40004,34.44961],[-118.39989,34.44961],[-118.39988,34.44952],[-118.39986,34.44941],[-118.39985,34.4493],[-118.39984,34.44925],[-118.39978,34.44909],[-118.39975,34.449],[-118.39967,34.44883],[-118.39964,34.44876],[-118.39963,34.44874],[-118.39962,34.44872],[-118.39957,34.44874],[-118.39904,34.44896],[-118.39894,34.449],[-118.3979,34.44918],[-118.39739,34.44907],[-118.39737,34.44891],[-118.39732,34.44848],[-118.39734,34.44847],[-118.39739,34.44845],[-118.39746,34.44842],[-118.39772,34.44811],[-118.39778,34.44804],[-118.39781,34.44792],[-118.39783,34.44783],[-118.39793,34.4476],[-118.39795,34.44758],[-118.39808,34.44747],[-118.3981,34.44746],[-118.39805,34.44738],[-118.39793,34.4472],[-118.39784,34.44707],[-118.39782,34.44704],[-118.39779,34.447],[-118.39772,34.44689],[-118.39768,34.44683],[-118.39767,34.44681],[-118.39764,34.44679],[-118.39761,34.44676],[-118.39748,34.44666],[-118.39747,34.44665],[-118.39741,34.44662],[-118.39737,34.4466],[-118.39734,34.44658],[-118.39717,34.4465],[-118.39699,34.44641],[-118.39681,34.44632],[-118.39674,34.44628],[-118.39663,34.44623],[-118.39644,34.44613],[-118.39631,34.44607],[-118.39622,34.4461],[-118.39617,34.44612],[-118.39589,34.44623],[-118.3957,34.44631],[-118.3955,34.44639],[-118.3953,34.44647],[-118.39511,34.44655],[-118.39491,34.44662],[-118.39472,34.4467],[-118.39467,34.44672],[-118.3946,34.44675],[-118.39461,34.44677],[-118.39462,34.44679],[-118.39471,34.44696],[-118.39476,34.44704],[-118.39479,34.44712],[-118.39485,34.44731],[-118.39491,34.44751],[-118.39497,34.44766],[-118.39502,34.44782],[-118.39507,34.44798],[-118.39513,34.44815],[-118.39519,34.44833],[-118.39524,34.4485],[-118.39531,34.44869],[-118.39537,34.44887],[-118.39542,34.44904],[-118.39545,34.44911],[-118.39546,34.44916],[-118.39549,34.44923],[-118.39551,34.4493],[-118.39556,34.44943],[-118.39558,34.44952],[-118.39562,34.44964],[-118.39569,34.44964],[-118.39622,34.44965],[-118.3965,34.44966],[-118.39723,34.44967],[-118.39736,34.44968],[-118.39733,34.45337],[-118.39716,34.45337],[-118.39354,34.45328],[-118.39372,34.4534],[-118.39393,34.45354],[-118.39416,34.45368],[-118.39397,34.45395],[-118.39394,34.45399],[-118.39389,34.45406],[-118.39388,34.45408],[-118.39387,34.45409],[-118.39354,34.45393],[-118.39345,34.45396],[-118.39331,34.45402],[-118.39307,34.45413],[-118.39297,34.45417],[-118.39295,34.4542],[-118.39273,34.45437],[-118.39243,34.45461],[-118.39227,34.45474],[-118.39239,34.45498],[-118.39265,34.45498],[-118.39275,34.45498],[-118.3929,34.45498],[-118.39295,34.45498],[-118.39315,34.45499],[-118.39338,34.45499],[-118.39357,34.45499],[-118.39361,34.45498],[-118.39406,34.4549],[-118.3941,34.45502],[-118.39417,34.45524],[-118.39394,34.45528],[-118.39394,34.4554],[-118.39394,34.45562],[-118.39421,34.45575],[-118.39431,34.4558],[-118.39425,34.45588],[-118.3942,34.45596],[-118.39407,34.45614],[-118.39386,34.45606],[-118.39377,34.45603],[-118.39362,34.45597],[-118.39337,34.45588],[-118.39328,34.45585],[-118.39305,34.45576],[-118.39303,34.45576],[-118.39295,34.45575],[-118.39282,34.45575],[-118.39277,34.45575],[-118.39275,34.45595],[-118.39273,34.4562],[-118.39272,34.45629],[-118.3927,34.45648],[-118.39267,34.45682],[-118.3924,34.45681],[-118.39235,34.45681],[-118.39236,34.45696],[-118.39236,34.45699],[-118.39237,34.45717],[-118.39237,34.45734],[-118.39238,34.45753],[-118.39238,34.45771],[-118.39239,34.4579],[-118.39242,34.45888],[-118.39247,34.46038],[-118.39104,34.46037],[-118.38801,34.46035],[-118.38784,34.45622],[-118.38783,34.45606],[-118.38771,34.45313],[-118.38884,34.45316],[-118.38887,34.45316],[-118.38887,34.45314],[-118.38887,34.45296],[-118.38888,34.45278],[-118.38888,34.45269],[-118.38888,34.4526],[-118.38889,34.45243],[-118.3889,34.45216],[-118.38891,34.45189],[-118.38891,34.45184],[-118.38892,34.45162],[-118.38886,34.45147],[-118.38884,34.45141],[-118.38884,34.45134],[-118.38884,34.45127],[-118.38884,34.45108],[-118.38884,34.45105],[-118.38884,34.45089],[-118.38884,34.45046],[-118.38884,34.45028],[-118.38884,34.4501],[-118.38892,34.44993],[-118.389,34.44975],[-118.38908,34.44957],[-118.38908,34.44955],[-118.38908,34.44952],[-118.38908,34.44949],[-118.38908,34.44949],[-118.38908,34.44948],[-118.38908,34.44935],[-118.38908,34.44894],[-118.38908,34.44881],[-118.38908,34.44873],[-118.38908,34.44868],[-118.38908,34.44865],[-118.38909,34.4486],[-118.38909,34.44858],[-118.38909,34.44855],[-118.3891,34.44853],[-118.3891,34.44851],[-118.3891,34.4485],[-118.3891,34.44849],[-118.38904,34.44849],[-118.38901,34.44848],[-118.38899,34.44848],[-118.38888,34.44844],[-118.38888,34.44844],[-118.38883,34.44842],[-118.38872,34.44837],[-118.38896,34.44797],[-118.38922,34.44751],[-118.38922,34.44751],[-118.38771,34.44692],[-118.38771,34.44692],[-118.38771,34.44692],[-118.3877,34.44848],[-118.3877,34.44884],[-118.3877,34.44918],[-118.3877,34.44945],[-118.3877,34.44947],[-118.3877,34.44947],[-118.3877,34.44947],[-118.38683,34.44945],[-118.38528,34.44942],[-118.38273,34.44936],[-118.38231,34.44935],[-118.38207,34.44935],[-118.38064,34.44932],[-118.38061,34.44932],[-118.38031,34.44931],[-118.37945,34.44929],[-118.37933,34.44929],[-118.37874,34.44927],[-118.37873,34.44927],[-118.37873,34.44927],[-118.37873,34.44926],[-118.37873,34.44924],[-118.37874,34.44849],[-118.37876,34.44741],[-118.37877,34.44721],[-118.37877,34.44721],[-118.37877,34.44699],[-118.37878,34.44676],[-118.37879,34.44636],[-118.37879,34.44615],[-118.37879,34.44603],[-118.3788,34.44589],[-118.3788,34.44588],[-118.3788,34.44571],[-118.3788,34.44562],[-118.3788,34.44562],[-118.3788,34.44561],[-118.3788,34.4456],[-118.3788,34.44558],[-118.3788,34.44555],[-118.3788,34.44549],[-118.3788,34.44546],[-118.37881,34.44533],[-118.37881,34.44513],[-118.37881,34.44509],[-118.37882,34.44497],[-118.37882,34.44465],[-118.37883,34.44434],[-118.37884,34.44405],[-118.37884,34.444],[-118.37884,34.44373],[-118.37884,34.44345],[-118.37884,34.44344],[-118.37885,34.44342],[-118.37885,34.44342],[-118.37885,34.4434],[-118.37885,34.4433],[-118.37885,34.44321],[-118.37885,34.44316],[-118.37886,34.44286],[-118.37886,34.44278],[-118.37887,34.44263],[-118.37887,34.44243],[-118.37887,34.44223],[-118.37887,34.4422],[-118.37888,34.44219],[-118.37888,34.44218],[-118.37888,34.44217],[-118.37888,34.44214],[-118.37888,34.44193],[-118.37888,34.44191],[-118.37888,34.44183],[-118.37888,34.44181],[-118.37888,34.44178],[-118.37889,34.44128],[-118.3789,34.44121],[-118.37892,34.44025],[-118.37892,34.43991],[-118.37893,34.43982],[-118.37893,34.43962],[-118.37895,34.43894],[-118.37895,34.43867],[-118.37895,34.43858],[-118.37896,34.43839],[-118.37896,34.43828],[-118.37896,34.43792],[-118.37896,34.43783],[-118.37896,34.43765],[-118.37897,34.43709],[-118.37897,34.43704],[-118.37897,34.43703],[-118.37897,34.43688],[-118.37899,34.43691],[-118.37904,34.43696],[-118.37906,34.43699],[-118.37908,34.43701],[-118.37913,34.43707],[-118.37918,34.43715],[-118.37919,34.43717],[-118.37921,34.4372],[-118.37936,34.4375],[-118.37949,34.43774],[-118.37954,34.43783],[-118.3796,34.4379],[-118.37964,34.43794],[-118.37969,34.438],[-118.37974,34.43804],[-118.37979,34.43808],[-118.37983,34.43812],[-118.3799,34.43816],[-118.37996,34.4382],[-118.37999,34.43821],[-118.37999,34.43821],[-118.37999,34.43822],[-118.38001,34.43822],[-118.38001,34.43822],[-118.38001,34.43822],[-118.38003,34.43824],[-118.38007,34.43825],[-118.38007,34.43825],[-118.38007,34.43825],[-118.38009,34.43826],[-118.38013,34.43828],[-118.38015,34.43828],[-118.38017,34.43829],[-118.38017,34.43829],[-118.38018,34.43829],[-118.38022,34.43831],[-118.38025,34.43832],[-118.38027,34.43832],[-118.38029,34.43833],[-118.3803,34.43833],[-118.38032,34.43833],[-118.38033,34.43834],[-118.38035,34.43834],[-118.38036,34.43834],[-118.38038,34.43835],[-118.38039,34.43835],[-118.3804,34.43835],[-118.38042,34.43835],[-118.38043,34.43835],[-118.38046,34.43836],[-118.38049,34.43836],[-118.3805,34.43836],[-118.38052,34.43837],[-118.38053,34.43837],[-118.38055,34.43837],[-118.38056,34.43837],[-118.38058,34.43837],[-118.3806,34.43837],[-118.38062,34.43837],[-118.38063,34.43837],[-118.38063,34.43837],[-118.38063,34.43837],[-118.38064,34.43837],[-118.38065,34.43837],[-118.38067,34.43837],[-118.38068,34.43837],[-118.38068,34.43837],[-118.38068,34.43837],[-118.38069,34.43837],[-118.3807,34.43837],[-118.38071,34.43837],[-118.38073,34.43837],[-118.38075,34.43837],[-118.38076,34.43837],[-118.38076,34.43837],[-118.38077,34.43837],[-118.38079,34.43837],[-118.3808,34.43837],[-118.38082,34.43836],[-118.38084,34.43836],[-118.38086,34.43836],[-118.38087,34.43836],[-118.38087,34.43836],[-118.38087,34.43836],[-118.38088,34.43836],[-118.3809,34.43835],[-118.38092,34.43835],[-118.38093,34.43835],[-118.38093,34.43835],[-118.38095,34.43834],[-118.381,34.43834],[-118.38109,34.43831],[-118.38114,34.4383],[-118.38119,34.43828],[-118.38121,34.43827],[-118.38133,34.43822],[-118.38142,34.43819],[-118.38156,34.43813],[-118.38152,34.43805],[-118.38197,34.43788],[-118.38212,34.43783],[-118.38231,34.43775],[-118.38234,34.43773],[-118.38245,34.43769],[-118.38246,34.43768],[-118.38247,34.43768],[-118.38237,34.43751],[-118.38236,34.43751],[-118.38229,34.43732],[-118.38226,34.43731],[-118.38222,34.43713],[-118.38211,34.43714],[-118.38208,34.43709],[-118.38208,34.43642],[-118.38208,34.43567],[-118.38207,34.43512],[-118.3822,34.43509],[-118.38223,34.43508],[-118.38229,34.43507],[-118.38234,34.43506],[-118.38239,34.43505],[-118.38241,34.43505],[-118.38245,34.43504],[-118.38249,34.43503],[-118.3825,34.43503],[-118.38252,34.43502],[-118.38257,34.43501],[-118.3826,34.435],[-118.3826,34.435],[-118.3826,34.435],[-118.38262,34.435],[-118.38264,34.435],[-118.38266,34.43499],[-118.38268,34.43499],[-118.38269,34.43498],[-118.3827,34.43498],[-118.38273,34.43497],[-118.38274,34.43497],[-118.38276,34.43497],[-118.38278,34.43497],[-118.38279,34.43496],[-118.3828,34.43496],[-118.38282,34.43496],[-118.38283,34.43495],[-118.38285,34.43495],[-118.38287,34.43495],[-118.38288,34.43494],[-118.38289,34.43494],[-118.3829,34.43494],[-118.3829,34.43494],[-118.3829,34.43494],[-118.38291,34.43493],[-118.38312,34.43487],[-118.38345,34.43477],[-118.38362,34.43473],[-118.38363,34.43472],[-118.38381,34.43467],[-118.38435,34.4344],[-118.38484,34.43437],[-118.38484,34.43438],[-118.38484,34.43437],[-118.3851,34.43447],[-118.38521,34.43451],[-118.38531,34.43455],[-118.3855,34.43461],[-118.38569,34.43468],[-118.38569,34.43468],[-118.3858,34.43472],[-118.3859,34.43475],[-118.38598,34.43476],[-118.38604,34.43476],[-118.38611,34.43476],[-118.38615,34.43476],[-118.38619,34.43475],[-118.38624,34.43474],[-118.38629,34.43473],[-118.38634,34.43472],[-118.38636,34.43472],[-118.38636,34.43471],[-118.38637,34.43471],[-118.38638,34.43471],[-118.3864,34.4347],[-118.38641,34.43469],[-118.38641,34.43469],[-118.38642,34.43469],[-118.38644,34.43468],[-118.38647,34.43467],[-118.38651,34.43465],[-118.38655,34.43463],[-118.38657,34.43461],[-118.3866,34.43459],[-118.38666,34.43454],[-118.38668,34.43452],[-118.38668,34.43452],[-118.3867,34.4345],[-118.3867,34.4345],[-118.38671,34.43449],[-118.38696,34.43451],[-118.38698,34.43451],[-118.38711,34.43452],[-118.38708,34.43407],[-118.38708,34.43407],[-118.38705,34.43369],[-118.38786,34.43379],[-118.38795,34.4338],[-118.38811,34.43382],[-118.38812,34.43382],[-118.3884,34.43385],[-118.38854,34.43387],[-118.38902,34.43392],[-118.38909,34.43393],[-118.38917,34.43394],[-118.38929,34.43395],[-118.38952,34.43396],[-118.38959,34.43396],[-118.38968,34.43396],[-118.39001,34.43396],[-118.39007,34.43396],[-118.39023,34.43395],[-118.39026,34.43395],[-118.39038,34.43394],[-118.39044,34.43394],[-118.39059,34.43392],[-118.3907,34.43391],[-118.39071,34.43391],[-118.39085,34.43389],[-118.39086,34.43389],[-118.39088,34.43389],[-118.39109,34.43385],[-118.39115,34.43385],[-118.39119,34.43384],[-118.39121,34.43383],[-118.39157,34.43376],[-118.39171,34.43373],[-118.39199,34.43365],[-118.39213,34.43361],[-118.39215,34.4336],[-118.39238,34.43353],[-118.39241,34.43352],[-118.39261,34.43345],[-118.3928,34.43337],[-118.39362,34.433],[-118.39462,34.43255],[-118.39559,34.43211],[-118.39755,34.43123],[-118.39755,34.43123],[-118.39758,34.43122],[-118.39766,34.43118],[-118.39952,34.43034],[-118.40176,34.42933],[-118.40187,34.42929],[-118.40198,34.42925],[-118.40207,34.42921],[-118.40215,34.42918],[-118.40246,34.42906],[-118.40259,34.42901],[-118.40265,34.42899],[-118.40275,34.42895],[-118.40281,34.42893],[-118.40289,34.4289],[-118.40295,34.42888],[-118.40307,34.42884],[-118.40321,34.42879],[-118.40327,34.42877],[-118.40334,34.42875],[-118.40339,34.42873],[-118.40343,34.42872],[-118.40348,34.4287],[-118.40358,34.42867],[-118.40362,34.42866],[-118.40365,34.42865],[-118.40378,34.42861],[-118.40421,34.42848],[-118.40421,34.4281],[-118.40421,34.42768],[-118.40421,34.42758],[-118.40422,34.42708],[-118.40355,34.42708],[-118.40356,34.42653],[-118.40422,34.42653],[-118.40422,34.42619],[-118.40422,34.42563],[-118.40266,34.42565],[-118.40246,34.42583],[-118.40237,34.42589],[-118.4023,34.42594],[-118.40224,34.42599],[-118.40217,34.42603],[-118.4021,34.42608],[-118.40203,34.42612],[-118.40195,34.42617],[-118.40188,34.42621],[-118.40181,34.42625],[-118.40173,34.42629],[-118.40166,34.42633],[-118.40158,34.42636],[-118.4015,34.4264],[-118.40142,34.42644],[-118.40134,34.42647],[-118.40127,34.4265],[-118.40119,34.42653],[-118.4011,34.42657],[-118.40102,34.42659],[-118.40094,34.42662],[-118.40086,34.42665],[-118.40078,34.42668],[-118.40069,34.4267],[-118.40061,34.42672],[-118.40052,34.42675],[-118.40044,34.42677],[-118.40035,34.42679],[-118.40027,34.42681],[-118.40018,34.42682],[-118.40009,34.42684],[-118.39987,34.42687],[-118.39951,34.42693],[-118.39873,34.42696],[-118.3976,34.42701],[-118.3976,34.42676],[-118.39762,34.42567],[-118.39763,34.42479],[-118.39763,34.42434],[-118.39764,34.4243],[-118.39764,34.42429],[-118.39764,34.4242],[-118.39764,34.42401],[-118.39764,34.4239],[-118.39764,34.42384],[-118.39764,34.42377],[-118.39764,34.42352],[-118.39764,34.42352],[-118.39767,34.42026],[-118.39769,34.41661],[-118.39769,34.41656],[-118.39769,34.41655],[-118.3977,34.41602],[-118.39771,34.41474],[-118.39771,34.41443],[-118.39771,34.41367],[-118.39772,34.41292],[-118.39773,34.41205],[-118.39773,34.41192],[-118.39773,34.41098],[-118.39774,34.40937],[-118.39774,34.40932],[-118.39774,34.40928],[-118.39777,34.40659],[-118.39783,34.40166],[-118.39787,34.39941],[-118.39787,34.39909],[-118.39799,34.39915],[-118.39807,34.3992],[-118.39808,34.39921],[-118.39827,34.39932],[-118.39859,34.39949],[-118.3991,34.39978],[-118.39976,34.40016],[-118.39993,34.4004],[-118.40008,34.40062],[-118.40023,34.40084],[-118.40046,34.40117],[-118.40055,34.4013],[-118.40063,34.40141],[-118.40073,34.40156],[-118.40083,34.40171],[-118.40082,34.40178],[-118.40079,34.40218],[-118.40078,34.40228],[-118.40074,34.40273],[-118.40093,34.40292],[-118.40135,34.40333],[-118.40091,34.40364],[-118.40098,34.40371],[-118.40162,34.40434],[-118.40169,34.4044],[-118.40173,34.40444],[-118.40194,34.40462],[-118.40206,34.40473],[-118.40217,34.40483],[-118.40222,34.40488],[-118.40244,34.40508],[-118.40262,34.40524],[-118.40272,34.40533],[-118.40286,34.40546],[-118.40308,34.40566],[-118.40345,34.40599],[-118.40375,34.40627],[-118.40383,34.40634],[-118.40397,34.40647],[-118.40399,34.40646],[-118.40446,34.40636],[-118.40545,34.40615],[-118.40575,34.40608],[-118.40639,34.40594],[-118.40656,34.40591],[-118.40686,34.40584],[-118.40689,34.40584],[-118.40712,34.40579],[-118.40743,34.40572],[-118.40812,34.40515],[-118.40817,34.4049],[-118.40827,34.40436],[-118.40828,34.40433],[-118.40837,34.4041],[-118.40849,34.40379],[-118.40859,34.40352],[-118.4086,34.40352],[-118.40852,34.40349],[-118.40849,34.40349],[-118.40844,34.40347],[-118.40835,34.40343],[-118.4083,34.40341],[-118.40826,34.40339],[-118.4082,34.40336],[-118.40817,34.40334],[-118.40811,34.40331],[-118.40809,34.4033],[-118.40804,34.40326],[-118.40802,34.40325],[-118.408,34.40323],[-118.40792,34.40317],[-118.40788,34.40313],[-118.40785,34.40311],[-118.40783,34.4031],[-118.40773,34.40301],[-118.40761,34.40291],[-118.40755,34.40287],[-118.40754,34.40286],[-118.40754,34.40285],[-118.40751,34.40284],[-118.40749,34.40283],[-118.40745,34.4028],[-118.40744,34.40279],[-118.40742,34.40278],[-118.40738,34.40276],[-118.40732,34.40273],[-118.40734,34.4027],[-118.40743,34.40257],[-118.40732,34.40244],[-118.40716,34.40227],[-118.4069,34.402],[-118.4067,34.40179],[-118.40649,34.40157],[-118.40646,34.40154],[-118.40645,34.40152],[-118.40629,34.40135],[-118.40617,34.40122],[-118.40609,34.40114],[-118.406,34.40105],[-118.40596,34.401],[-118.40588,34.40092],[-118.40578,34.40081],[-118.40576,34.40079],[-118.40568,34.4007],[-118.40526,34.40065],[-118.40523,34.40065],[-118.4049,34.40061],[-118.40484,34.4006],[-118.40458,34.40057],[-118.40452,34.40056],[-118.40429,34.40054],[-118.40425,34.40053],[-118.40385,34.40048],[-118.40367,34.40046],[-118.40369,34.40039],[-118.4037,34.40034],[-118.40376,34.40006],[-118.40383,34.39974],[-118.40385,34.39966],[-118.40382,34.39966],[-118.4038,34.39965],[-118.40378,34.39965],[-118.40376,34.39965],[-118.40374,34.39964],[-118.40373,34.39964],[-118.40371,34.39963],[-118.40369,34.39963],[-118.40367,34.39962],[-118.40365,34.39961],[-118.40363,34.39961],[-118.40361,34.3996],[-118.4036,34.3996],[-118.40357,34.39959],[-118.40355,34.39958],[-118.40353,34.39957],[-118.40351,34.39956],[-118.40349,34.39955],[-118.40312,34.39938],[-118.40307,34.39936],[-118.40312,34.39932],[-118.40316,34.39929],[-118.40325,34.39922],[-118.40349,34.39903],[-118.40411,34.39913],[-118.40429,34.3988],[-118.40435,34.3987],[-118.40324,34.39853],[-118.40367,34.39789],[-118.40385,34.39764],[-118.40385,34.39736],[-118.40385,34.39719],[-118.40385,34.39676],[-118.40385,34.39491],[-118.40385,34.39457],[-118.40284,34.39455],[-118.40222,34.39453],[-118.40156,34.39451],[-118.40099,34.3945],[-118.40096,34.3945],[-118.40024,34.39448],[-118.39815,34.39443],[-118.39793,34.39442],[-118.39793,34.39381],[-118.39793,34.39374],[-118.39794,34.39262],[-118.39794,34.39237],[-118.39794,34.39182],[-118.39794,34.39079],[-118.39795,34.38922],[-118.39795,34.38904],[-118.39795,34.38881],[-118.39796,34.38848],[-118.39796,34.38793],[-118.39796,34.38755],[-118.39796,34.38747],[-118.39796,34.38713],[-118.39796,34.38663],[-118.39801,34.3845],[-118.39801,34.3845],[-118.39801,34.3845],[-118.39803,34.38381],[-118.39804,34.38334],[-118.39804,34.38319],[-118.39805,34.38293],[-118.39807,34.38201],[-118.39808,34.38195],[-118.39808,34.38184],[-118.39808,34.38181],[-118.39808,34.38179],[-118.39808,34.38179],[-118.39833,34.38178],[-118.40187,34.38164],[-118.40483,34.38152],[-118.40559,34.38149],[-118.4056,34.38095],[-118.4056,34.38082],[-118.4056,34.38073],[-118.4056,34.38072],[-118.4056,34.38064],[-118.40562,34.37805],[-118.40563,34.37456],[-118.40563,34.37446],[-118.40568,34.37068],[-118.40572,34.36708],[-118.40572,34.36678]]]}}]}