{"type":"FeatureCollection","source":"Los Angeles County Registrar-Recorder/County Clerk, \"School Districts Trustee Areas\" and \"Division_Boundaries\" (ArcGIS Online), downloaded 4 October 2026. LA County GIS Terms of Use. For election purposes, not legal boundaries.","note":"","features":[{"type":"Feature","properties":{"seat":"","label":"District boundary","county":"","role":"outline"},"geometry":{"type":"Polygon","coordinates":[[[-118.6234,34.32118],[-118.62778,34.32117],[-118.63131,34.32117],[-118.63215,34.32116],[-118.63575,34.32116],[-118.64312,34.32115],[-118.6512,34.32114],[-118.65231,34.32339],[-118.65736,34.33371],[-118.6634,34.34601],[-118.66402,34.34727],[-118.66623,34.35178],[-118.67058,34.36066],[-118.67361,34.36682],[-118.67785,34.37546],[-118.69139,34.4031],[-118.69144,34.4031],[-118.69144,34.4031],[-118.69145,34.40312],[-118.69145,34.40312],[-118.68703,34.4036],[-118.68541,34.40377],[-118.68412,34.40391],[-118.67924,34.40443],[-118.67757,34.40461],[-118.67672,34.40494],[-118.67668,34.40495],[-118.67667,34.40496],[-118.67485,34.40566],[-118.67465,34.40574],[-118.6746,34.40576],[-118.67435,34.40585],[-118.67388,34.40604],[-118.67357,34.40615],[-118.67351,34.40617],[-118.67293,34.40637],[-118.67289,34.40638],[-118.67186,34.40673],[-118.67107,34.407],[-118.67056,34.40731],[-118.66866,34.40804],[-118.66847,34.40812],[-118.66564,34.40921],[-118.66217,34.41054],[-118.66017,34.41131],[-118.65723,34.41383],[-118.65453,34.41615],[-118.652,34.41832],[-118.64992,34.42011],[-118.64755,34.42003],[-118.64368,34.41989],[-118.64271,34.41985],[-118.63931,34.41949],[-118.63616,34.41915],[-118.63583,34.41914],[-118.63208,34.41914],[-118.63174,34.41914],[-118.63091,34.41914],[-118.62509,34.42541],[-118.62191,34.42713],[-118.62037,34.42796],[-118.6198,34.42855],[-118.61742,34.431],[-118.61458,34.43391],[-118.61296,34.43558],[-118.60759,34.43613],[-118.60759,34.43435],[-118.60759,34.43339],[-118.60759,34.43201],[-118.60705,34.432],[-118.60689,34.43188],[-118.60672,34.4316],[-118.60642,34.43106],[-118.6064,34.4308],[-118.60654,34.43066],[-118.60664,34.43065],[-118.60673,34.43065],[-118.6068,34.43062],[-118.60685,34.43059],[-118.60688,34.43056],[-118.6069,34.43052],[-118.60692,34.43049],[-118.60694,34.43044],[-118.60694,34.4304],[-118.60694,34.43037],[-118.60693,34.43034],[-118.60692,34.4303],[-118.60691,34.43028],[-118.60686,34.43017],[-118.60686,34.43001],[-118.60686,34.43],[-118.60686,34.43],[-118.60696,34.42989],[-118.607,34.42969],[-118.60711,34.42951],[-118.60753,34.42926],[-118.60759,34.4293],[-118.60759,34.4293],[-118.60759,34.42689],[-118.60758,34.42358],[-118.60759,34.42357],[-118.6076,34.42356],[-118.6076,34.42356],[-118.60761,34.42356],[-118.60761,34.42355],[-118.60762,34.42355],[-118.60762,34.42354],[-118.60762,34.42353],[-118.60762,34.42353],[-118.60763,34.42352],[-118.60763,34.42351],[-118.60763,34.42351],[-118.60763,34.42351],[-118.60763,34.4235],[-118.60763,34.4235],[-118.60762,34.42349],[-118.60762,34.42349],[-118.60762,34.42348],[-118.60761,34.42347],[-118.60761,34.42347],[-118.60758,34.42344],[-118.60758,34.42327],[-118.60696,34.42266],[-118.60696,34.42266],[-118.60696,34.42266],[-118.607,34.42263],[-118.60718,34.42251],[-118.60736,34.42239],[-118.60754,34.42226],[-118.60758,34.42224],[-118.60758,34.42224],[-118.60776,34.42211],[-118.60777,34.4221],[-118.60776,34.42209],[-118.60774,34.42209],[-118.60773,34.4221],[-118.6077,34.42211],[-118.60769,34.4221],[-118.60761,34.42202],[-118.60763,34.422],[-118.60765,34.42199],[-118.60765,34.42198],[-118.60763,34.42196],[-118.60758,34.42191],[-118.60758,34.42191],[-118.60758,34.42161],[-118.60758,34.42151],[-118.60757,34.42011],[-118.60757,34.41828],[-118.60713,34.41822],[-118.60713,34.41822],[-118.60713,34.41821],[-118.60713,34.41821],[-118.60715,34.41814],[-118.60712,34.41812],[-118.60711,34.41809],[-118.60712,34.41805],[-118.60718,34.41794],[-118.60726,34.41776],[-118.60726,34.41776],[-118.60732,34.41756],[-118.60733,34.41755],[-118.60733,34.41754],[-118.60734,34.4175],[-118.60734,34.4175],[-118.60734,34.4175],[-118.60757,34.41754],[-118.60757,34.41705],[-118.60757,34.41687],[-118.60757,34.41626],[-118.60757,34.41593],[-118.60744,34.41589],[-118.60757,34.41557],[-118.60766,34.41534],[-118.60765,34.41488],[-118.60757,34.41489],[-118.60757,34.4128],[-118.60757,34.41236],[-118.60757,34.412],[-118.60757,34.41176],[-118.60758,34.41051],[-118.60758,34.4104],[-118.60758,34.41034],[-118.60758,34.41024],[-118.60759,34.40987],[-118.60759,34.40937],[-118.60759,34.40894],[-118.60757,34.40894],[-118.60757,34.40894],[-118.60634,34.40894],[-118.60394,34.40895],[-118.60345,34.40895],[-118.60317,34.40895],[-118.60268,34.40895],[-118.60268,34.40895],[-118.60258,34.40895],[-118.60246,34.40895],[-118.60245,34.40895],[-118.60198,34.40895],[-118.60184,34.40895],[-118.60179,34.40896],[-118.60178,34.40896],[-118.60178,34.40896],[-118.60107,34.40896],[-118.59967,34.40896],[-118.59965,34.40894],[-118.59844,34.40895],[-118.59458,34.40897],[-118.59458,34.40897],[-118.58971,34.41231],[-118.5856,34.41513],[-118.58159,34.41789],[-118.58156,34.41791],[-118.58057,34.41648],[-118.5802,34.41595],[-118.58,34.41569],[-118.57973,34.41504],[-118.57972,34.415],[-118.57953,34.41456],[-118.5792,34.41376],[-118.57913,34.4136],[-118.57908,34.41344],[-118.57903,34.41328],[-118.57899,34.41312],[-118.57896,34.41296],[-118.57893,34.4128],[-118.57892,34.41272],[-118.57892,34.41264],[-118.57891,34.41248],[-118.57891,34.41232],[-118.57891,34.41216],[-118.57893,34.412],[-118.57895,34.41184],[-118.579,34.4116],[-118.57906,34.41136],[-118.57912,34.41111],[-118.57929,34.41036],[-118.57941,34.40983],[-118.57942,34.40983],[-118.57962,34.40897],[-118.57787,34.40897],[-118.57678,34.40899],[-118.57661,34.40898],[-118.57632,34.40833],[-118.57632,34.40833],[-118.5762,34.40836],[-118.5762,34.40836],[-118.57617,34.40837],[-118.57609,34.4084],[-118.57604,34.40842],[-118.57593,34.40845],[-118.57554,34.40858],[-118.5754,34.40863],[-118.57507,34.40872],[-118.57506,34.40874],[-118.57471,34.40884],[-118.57458,34.40888],[-118.5742,34.40897],[-118.57357,34.40915],[-118.57342,34.40919],[-118.57326,34.40924],[-118.57314,34.40926],[-118.57306,34.40927],[-118.57304,34.40928],[-118.57288,34.4093],[-118.57275,34.40931],[-118.57268,34.40932],[-118.57262,34.40932],[-118.57252,34.40933],[-118.57227,34.40934],[-118.57214,34.40934],[-118.57194,34.40934],[-118.57185,34.40934],[-118.57153,34.40928],[-118.57127,34.40918],[-118.57114,34.40915],[-118.57109,34.40914],[-118.57095,34.40911],[-118.57083,34.40907],[-118.57069,34.40902],[-118.57064,34.409],[-118.57025,34.40892],[-118.57013,34.40889],[-118.5701,34.40888],[-118.56979,34.40879],[-118.56968,34.40876],[-118.56945,34.40871],[-118.56934,34.40869],[-118.56924,34.40868],[-118.56915,34.40868],[-118.56872,34.40866],[-118.56852,34.40865],[-118.5684,34.40865],[-118.56815,34.40867],[-118.568,34.40869],[-118.56792,34.4087],[-118.56774,34.40874],[-118.56765,34.40876],[-118.56736,34.40883],[-118.56725,34.40886],[-118.56705,34.40893],[-118.56692,34.40897],[-118.56679,34.40902],[-118.56665,34.40908],[-118.56651,34.40915],[-118.56638,34.40923],[-118.56629,34.40928],[-118.56621,34.40934],[-118.56616,34.40938],[-118.56614,34.40939],[-118.56607,34.40945],[-118.56601,34.4095],[-118.56579,34.40971],[-118.56565,34.40984],[-118.56557,34.40993],[-118.56537,34.41016],[-118.56531,34.41024],[-118.56528,34.41028],[-118.56518,34.4104],[-118.5651,34.41051],[-118.56502,34.41063],[-118.56499,34.41068],[-118.56481,34.41096],[-118.56475,34.41106],[-118.56454,34.41136],[-118.56432,34.41164],[-118.56417,34.41182],[-118.56399,34.41202],[-118.56389,34.41211],[-118.5638,34.4122],[-118.56369,34.41228],[-118.56358,34.41235],[-118.56334,34.4125],[-118.56327,34.41254],[-118.56323,34.41256],[-118.56305,34.41266],[-118.5628,34.41278],[-118.56267,34.41285],[-118.56253,34.41291],[-118.56241,34.41296],[-118.56228,34.413],[-118.56216,34.41303],[-118.56203,34.41306],[-118.56189,34.41309],[-118.56165,34.41313],[-118.56157,34.41314],[-118.56129,34.41318],[-118.56101,34.4132],[-118.56056,34.41322],[-118.56006,34.4132],[-118.55992,34.4132],[-118.55881,34.41314],[-118.55813,34.41312],[-118.55789,34.41311],[-118.55747,34.4131],[-118.55735,34.4131],[-118.55705,34.41309],[-118.55628,34.41309],[-118.55593,34.41309],[-118.55503,34.41306],[-118.55472,34.41306],[-118.55454,34.41306],[-118.55447,34.41306],[-118.55382,34.41308],[-118.55363,34.41308],[-118.55345,34.4131],[-118.55329,34.41312],[-118.55314,34.41315],[-118.55298,34.41319],[-118.55266,34.41327],[-118.55246,34.41332],[-118.5524,34.41334],[-118.55222,34.41341],[-118.55211,34.41345],[-118.552,34.4135],[-118.55189,34.41354],[-118.5518,34.41359],[-118.55171,34.41364],[-118.55153,34.41375],[-118.55126,34.41392],[-118.55118,34.41397],[-118.55111,34.41402],[-118.55105,34.41406],[-118.55073,34.41437],[-118.55054,34.41456],[-118.55046,34.41465],[-118.55037,34.41475],[-118.5503,34.41486],[-118.55023,34.41495],[-118.55017,34.41505],[-118.55011,34.41515],[-118.55006,34.41524],[-118.55003,34.41532],[-118.54998,34.41543],[-118.5498,34.41586],[-118.54973,34.41602],[-118.54932,34.41592],[-118.54893,34.41581],[-118.54889,34.4158],[-118.54853,34.41569],[-118.54807,34.41555],[-118.54793,34.41551],[-118.54708,34.41527],[-118.54678,34.41518],[-118.54596,34.41494],[-118.54564,34.41485],[-118.54537,34.41477],[-118.54503,34.41468],[-118.54491,34.41464],[-118.54486,34.41463],[-118.54405,34.4144],[-118.54352,34.41424],[-118.54344,34.41412],[-118.54336,34.41401],[-118.54225,34.41266],[-118.54205,34.41242],[-118.54118,34.41135],[-118.54135,34.41133],[-118.54135,34.41132],[-118.54134,34.4113],[-118.541,34.41022],[-118.54064,34.40906],[-118.54063,34.40903],[-118.54063,34.40903],[-118.54063,34.40902],[-118.54061,34.40897],[-118.54059,34.40888],[-118.54042,34.4089],[-118.54032,34.40891],[-118.54031,34.40891],[-118.54013,34.40894],[-118.5401,34.40894],[-118.54001,34.40896],[-118.54001,34.40896],[-118.53988,34.40897],[-118.53968,34.40896],[-118.53966,34.40889],[-118.5395,34.40891],[-118.53934,34.40893],[-118.53917,34.40895],[-118.53901,34.40897],[-118.53903,34.40909],[-118.53869,34.40913],[-118.53868,34.40903],[-118.53867,34.40901],[-118.53866,34.40897],[-118.53846,34.40897],[-118.53845,34.40892],[-118.53717,34.40909],[-118.53719,34.40919],[-118.53718,34.4092],[-118.53633,34.40919],[-118.53582,34.40918],[-118.52552,34.40911],[-118.51493,34.40904],[-118.51392,34.40904],[-118.51386,34.40904],[-118.51226,34.40903],[-118.51202,34.40903],[-118.51195,34.40902],[-118.51193,34.40902],[-118.51151,34.40902],[-118.51151,34.4089],[-118.51152,34.40884],[-118.51154,34.40827],[-118.51154,34.40819],[-118.51155,34.40786],[-118.51183,34.39995],[-118.51203,34.39416],[-118.51006,34.39415],[-118.50301,34.3941],[-118.50225,34.3941],[-118.50133,34.39409],[-118.50088,34.3941],[-118.50014,34.39411],[-118.49951,34.39412],[-118.49928,34.39413],[-118.49917,34.39413],[-118.49912,34.39413],[-118.49887,34.39414],[-118.49838,34.39414],[-118.49742,34.39416],[-118.49742,34.39416],[-118.49644,34.39422],[-118.49331,34.39439],[-118.49289,34.3944],[-118.49246,34.39441],[-118.49204,34.39442],[-118.49162,34.39443],[-118.4912,34.39444],[-118.49099,34.39444],[-118.49057,34.39445],[-118.49016,34.39446],[-118.49015,34.39446],[-118.48995,34.39447],[-118.48973,34.39447],[-118.48931,34.39448],[-118.4891,34.39449],[-118.48889,34.39449],[-118.48878,34.39449],[-118.48868,34.3945],[-118.48847,34.3945],[-118.48834,34.39451],[-118.48805,34.39451],[-118.48793,34.39451],[-118.48764,34.39452],[-118.48751,34.39452],[-118.48722,34.39453],[-118.48709,34.39453],[-118.48683,34.39454],[-118.48681,34.39454],[-118.48665,34.39454],[-118.48661,34.39454],[-118.48628,34.39455],[-118.48602,34.39456],[-118.48617,34.3944],[-118.48647,34.39407],[-118.48662,34.39389],[-118.48674,34.39374],[-118.48685,34.3936],[-118.48695,34.39346],[-118.48705,34.3933],[-118.4873,34.39291],[-118.4875,34.39259],[-118.48754,34.39253],[-118.48764,34.39234],[-118.4879,34.39185],[-118.48814,34.39137],[-118.48867,34.39026],[-118.48902,34.38955],[-118.48925,34.38909],[-118.48934,34.38891],[-118.4894,34.38876],[-118.48941,34.38873],[-118.48949,34.38853],[-118.48957,34.38832],[-118.48964,34.3881],[-118.48976,34.38768],[-118.48982,34.38749],[-118.48984,34.38743],[-118.49003,34.38684],[-118.49019,34.3863],[-118.4904,34.38556],[-118.49042,34.38552],[-118.49051,34.38524],[-118.49054,34.38513],[-118.49056,34.38509],[-118.49064,34.38489],[-118.49069,34.38477],[-118.49083,34.38446],[-118.49084,34.38443],[-118.49089,34.38433],[-118.49097,34.38417],[-118.49248,34.38103],[-118.49304,34.37985],[-118.49315,34.3797],[-118.49324,34.3795],[-118.49329,34.37941],[-118.49347,34.37909],[-118.49357,34.37895],[-118.49363,34.37886],[-118.49374,34.37872],[-118.49382,34.3786],[-118.49389,34.37851],[-118.49402,34.37836],[-118.49411,34.37826],[-118.49422,34.37815],[-118.49399,34.37797],[-118.49371,34.37775],[-118.49359,34.37766],[-118.49348,34.37758],[-118.49328,34.37742],[-118.49272,34.37698],[-118.49253,34.37684],[-118.49143,34.37598],[-118.49135,34.37592],[-118.49131,34.37588],[-118.49104,34.37568],[-118.49098,34.37564],[-118.49094,34.37561],[-118.49091,34.37559],[-118.49086,34.37557],[-118.49075,34.37549],[-118.49067,34.37544],[-118.49056,34.37539],[-118.49041,34.37532],[-118.49002,34.37517],[-118.48992,34.37514],[-118.4899,34.37513],[-118.48972,34.37509],[-118.48961,34.37506],[-118.4895,34.37504],[-118.4893,34.37502],[-118.48921,34.37501],[-118.48906,34.37498],[-118.48902,34.37498],[-118.489,34.37498],[-118.48887,34.37497],[-118.48876,34.37497],[-118.4886,34.37498],[-118.48842,34.37499],[-118.48826,34.375],[-118.48479,34.37559],[-118.4846,34.37563],[-118.48419,34.3757],[-118.48391,34.37574],[-118.48382,34.37575],[-118.48354,34.37575],[-118.4833,34.37574],[-118.48322,34.37573],[-118.48295,34.37568],[-118.48292,34.37567],[-118.48288,34.37566],[-118.48283,34.37565],[-118.48276,34.37561],[-118.48251,34.37549],[-118.48243,34.37545],[-118.48235,34.3754],[-118.48225,34.37532],[-118.48213,34.37522],[-118.48207,34.37516],[-118.48188,34.37498],[-118.48152,34.37461],[-118.4811,34.37419],[-118.48101,34.37409],[-118.48097,34.37405],[-118.48093,34.37401],[-118.48084,34.37395],[-118.48054,34.37376],[-118.48048,34.37372],[-118.48038,34.37368],[-118.48028,34.37363],[-118.48015,34.3736],[-118.48004,34.37356],[-118.4799,34.37352],[-118.47977,34.37349],[-118.47957,34.37346],[-118.47946,34.37344],[-118.47933,34.37343],[-118.47916,34.37343],[-118.47906,34.37343],[-118.47891,34.37344],[-118.4788,34.37345],[-118.47869,34.37347],[-118.47863,34.37347],[-118.47858,34.37349],[-118.47846,34.37352],[-118.47833,34.37356],[-118.47812,34.37363],[-118.47803,34.37366],[-118.47799,34.37368],[-118.47786,34.37375],[-118.4777,34.37384],[-118.47759,34.37391],[-118.47745,34.374],[-118.47734,34.37408],[-118.4773,34.37411],[-118.47728,34.37412],[-118.47716,34.37421],[-118.47697,34.37433],[-118.47674,34.37448],[-118.47646,34.37465],[-118.47624,34.37476],[-118.47604,34.37485],[-118.47589,34.37491],[-118.47568,34.37498],[-118.4722,34.37617],[-118.47204,34.37625],[-118.47185,34.37635],[-118.47178,34.3764],[-118.47167,34.37647],[-118.47148,34.37662],[-118.47128,34.37679],[-118.47041,34.37761],[-118.47034,34.37767],[-118.47024,34.37775],[-118.47,34.3779],[-118.46992,34.37794],[-118.46985,34.37798],[-118.46981,34.378],[-118.4697,34.37804],[-118.46962,34.37807],[-118.46944,34.37814],[-118.46902,34.37829],[-118.46873,34.3784],[-118.46789,34.37869],[-118.46777,34.37873],[-118.46752,34.37883],[-118.46745,34.37887],[-118.46741,34.3789],[-118.46727,34.37898],[-118.46719,34.37902],[-118.4671,34.37908],[-118.46706,34.37912],[-118.46695,34.3792],[-118.46675,34.37937],[-118.46668,34.37942],[-118.46657,34.37953],[-118.46639,34.37971],[-118.46625,34.37983],[-118.4661,34.37998],[-118.46602,34.38004],[-118.46593,34.38011],[-118.46586,34.38016],[-118.46582,34.38019],[-118.46568,34.38028],[-118.46563,34.38031],[-118.46552,34.38036],[-118.46546,34.38039],[-118.46538,34.38042],[-118.46531,34.38044],[-118.46524,34.38046],[-118.46516,34.38048],[-118.46493,34.38052],[-118.46482,34.38054],[-118.46463,34.38055],[-118.46459,34.38055],[-118.46451,34.38055],[-118.46444,34.38054],[-118.46439,34.38053],[-118.4642,34.38051],[-118.4641,34.3805],[-118.46403,34.38048],[-118.46395,34.38046],[-118.46382,34.38042],[-118.46007,34.37926],[-118.46003,34.37924],[-118.45972,34.37916],[-118.45931,34.37906],[-118.45915,34.37902],[-118.45904,34.379],[-118.45876,34.37895],[-118.45846,34.3789],[-118.45836,34.37888],[-118.45823,34.37885],[-118.4581,34.37884],[-118.45787,34.37881],[-118.45782,34.37881],[-118.4566,34.3787],[-118.4549,34.37854],[-118.45485,34.37853],[-118.45473,34.37852],[-118.4545,34.3785],[-118.45422,34.37848],[-118.45402,34.37847],[-118.45382,34.37846],[-118.45359,34.37845],[-118.45346,34.37846],[-118.45336,34.37846],[-118.45326,34.37846],[-118.45306,34.37845],[-118.45135,34.37858],[-118.45123,34.37859],[-118.45113,34.37859],[-118.45099,34.3786],[-118.45085,34.37859],[-118.44914,34.37851],[-118.44848,34.37848],[-118.44848,34.37847],[-118.44848,34.37839],[-118.44847,34.3782],[-118.44847,34.37815],[-118.44847,34.37706],[-118.44847,34.3753],[-118.44846,34.37503],[-118.44846,34.37457],[-118.44856,34.37077],[-118.44866,34.36698],[-118.44866,34.36698],[-118.44867,34.36687],[-118.44882,34.36186],[-118.44889,34.35957],[-118.4489,34.35938],[-118.44898,34.35615],[-118.44899,34.35576],[-118.44908,34.35178],[-118.45775,34.35173],[-118.46652,34.35169],[-118.47585,34.35164],[-118.48507,34.3516],[-118.48539,34.3516],[-118.48866,34.35163],[-118.49059,34.35164],[-118.49225,34.35166],[-118.49311,34.35165],[-118.49381,34.35164],[-118.49415,34.35163],[-118.49482,34.35162],[-118.49517,34.35161],[-118.49619,34.3516],[-118.49733,34.35158],[-118.49889,34.35156],[-118.50003,34.35154],[-118.50057,34.35153],[-118.50153,34.35154],[-118.50167,34.35154],[-118.50173,34.35154],[-118.50184,34.35154],[-118.50446,34.35155],[-118.50466,34.35156],[-118.50454,34.35122],[-118.50446,34.35095],[-118.5043,34.35051],[-118.50415,34.34998],[-118.50409,34.34977],[-118.50397,34.34911],[-118.50394,34.34874],[-118.50389,34.34785],[-118.50395,34.34724],[-118.50399,34.34689],[-118.50403,34.3467],[-118.50411,34.34636],[-118.50424,34.34581],[-118.50433,34.34556],[-118.50453,34.345],[-118.50458,34.34486],[-118.50562,34.3452],[-118.50594,34.34533],[-118.50608,34.34539],[-118.50613,34.3454],[-118.50619,34.34543],[-118.50621,34.34544],[-118.50623,34.34544],[-118.50964,34.3468],[-118.50964,34.3468],[-118.50981,34.34686],[-118.51022,34.34703],[-118.51022,34.34703],[-118.51173,34.34762],[-118.51212,34.34778],[-118.51213,34.34778],[-118.51265,34.34799],[-118.51285,34.34807],[-118.51419,34.3486],[-118.51421,34.3486],[-118.51427,34.34863],[-118.51441,34.34869],[-118.5146,34.34875],[-118.5146,34.34877],[-118.51488,34.34888],[-118.51839,34.35026],[-118.51846,34.35028],[-118.51897,34.35048],[-118.51973,34.35078],[-118.51973,34.35048],[-118.51975,34.34889],[-118.51975,34.34762],[-118.51975,34.34714],[-118.51977,34.34539],[-118.51977,34.34419],[-118.51979,34.34224],[-118.51979,34.34176],[-118.51979,34.34149],[-118.5198,34.34023],[-118.5198,34.33939],[-118.51981,34.33845],[-118.51982,34.33815],[-118.51782,34.33815],[-118.51677,34.33815],[-118.5154,34.33814],[-118.5134,34.33814],[-118.51335,34.33814],[-118.51335,34.33814],[-118.51317,34.33814],[-118.51293,34.33814],[-118.51268,34.33814],[-118.51243,34.33813],[-118.51224,34.33813],[-118.51224,34.33813],[-118.51218,34.33813],[-118.51211,34.33813],[-118.51192,34.33813],[-118.51168,34.33813],[-118.51143,34.33813],[-118.51118,34.33813],[-118.51111,34.33813],[-118.51094,34.33813],[-118.51034,34.33812],[-118.50997,34.33812],[-118.50967,34.33812],[-118.5094,34.33757],[-118.50918,34.33714],[-118.50914,34.33706],[-118.50879,34.33558],[-118.50786,34.33562],[-118.50669,34.33567],[-118.50662,34.3352],[-118.50716,34.3348],[-118.5072,34.33477],[-118.50722,34.33475],[-118.50725,34.33472],[-118.50734,34.33465],[-118.50735,34.33465],[-118.50735,34.33465],[-118.50736,34.33464],[-118.50746,34.33456],[-118.50748,34.33455],[-118.50754,34.33451],[-118.50754,34.33451],[-118.50758,34.33447],[-118.50759,34.33447],[-118.50766,34.33442],[-118.50771,34.33438],[-118.50772,34.33437],[-118.50778,34.33433],[-118.50783,34.33429],[-118.50783,34.33429],[-118.50826,34.33396],[-118.50834,34.3339],[-118.50834,34.3339],[-118.50834,34.3339],[-118.50834,34.3339],[-118.50835,34.33389],[-118.51133,34.33165],[-118.5121,34.33107],[-118.51225,34.33096],[-118.51548,34.32852],[-118.51614,34.32802],[-118.51706,34.32732],[-118.51915,34.32575],[-118.51984,34.32523],[-118.51992,34.32517],[-118.52158,34.32392],[-118.52188,34.32369],[-118.52202,34.32369],[-118.52421,34.32369],[-118.52871,34.32368],[-118.53311,34.32367],[-118.53751,34.32366],[-118.54523,34.32374],[-118.54609,34.32375],[-118.5462,34.32375],[-118.54634,34.32375],[-118.54932,34.32378],[-118.54947,34.32378],[-118.54954,34.32378],[-118.55055,34.32379],[-118.55492,34.32383],[-118.55944,34.32387],[-118.56381,34.32391],[-118.56395,34.32391],[-118.56508,34.32392],[-118.56508,34.32392],[-118.56508,34.32392],[-118.56766,34.32395],[-118.57204,34.32399],[-118.5755,34.32398],[-118.57562,34.32398],[-118.57579,34.32398],[-118.57649,34.32398],[-118.57995,34.32397],[-118.58094,34.32396],[-118.58524,34.32397],[-118.58953,34.32397],[-118.59807,34.32394],[-118.60234,34.32393],[-118.60433,34.32392],[-118.60513,34.32392],[-118.60571,34.32392],[-118.60592,34.32392],[-118.60632,34.32392],[-118.60629,34.32147],[-118.60629,34.3214],[-118.61057,34.32135],[-118.61485,34.32129],[-118.62019,34.32122],[-118.6234,34.32118]]]}},{"type":"Feature","properties":{"seat":"newhall-school-district-trustee-area-1","label":"Trustee Area 1","county":"TA1","role":"seat"},"geometry":{"type":"Polygon","coordinates":[[[-118.6234,34.32118],[-118.62778,34.32117],[-118.63131,34.32117],[-118.63215,34.32116],[-118.63575,34.32116],[-118.64312,34.32115],[-118.6512,34.32114],[-118.65231,34.32339],[-118.65736,34.33371],[-118.6634,34.34601],[-118.66402,34.34727],[-118.66623,34.35178],[-118.67058,34.36066],[-118.67361,34.36682],[-118.67785,34.37546],[-118.69139,34.4031],[-118.69144,34.4031],[-118.69144,34.4031],[-118.69145,34.40312],[-118.69145,34.40312],[-118.68703,34.4036],[-118.68541,34.40377],[-118.68412,34.40391],[-118.67924,34.40443],[-118.67757,34.40461],[-118.67672,34.40494],[-118.67668,34.40495],[-118.67667,34.40496],[-118.67485,34.40566],[-118.67465,34.40574],[-118.6746,34.40576],[-118.67435,34.40585],[-118.67388,34.40604],[-118.67357,34.40615],[-118.67351,34.40617],[-118.67293,34.40637],[-118.67289,34.40638],[-118.67186,34.40673],[-118.67107,34.407],[-118.67056,34.40731],[-118.66866,34.40804],[-118.66847,34.40812],[-118.66564,34.40921],[-118.66217,34.41054],[-118.66017,34.41131],[-118.65723,34.41383],[-118.65453,34.41615],[-118.652,34.41832],[-118.64992,34.42011],[-118.64755,34.42003],[-118.64368,34.41989],[-118.64271,34.41985],[-118.63931,34.41949],[-118.63616,34.41915],[-118.63583,34.41914],[-118.63208,34.41914],[-118.63174,34.41914],[-118.63091,34.41914],[-118.62509,34.42541],[-118.62191,34.42713],[-118.62037,34.42796],[-118.6198,34.42855],[-118.61742,34.431],[-118.61458,34.43391],[-118.61296,34.43558],[-118.60759,34.43613],[-118.60759,34.43435],[-118.60759,34.43339],[-118.60759,34.43201],[-118.60705,34.432],[-118.60689,34.43188],[-118.60672,34.4316],[-118.60642,34.43106],[-118.6064,34.4308],[-118.60654,34.43066],[-118.60664,34.43065],[-118.60673,34.43065],[-118.6068,34.43062],[-118.60685,34.43059],[-118.60688,34.43056],[-118.6069,34.43052],[-118.60692,34.43049],[-118.60694,34.43044],[-118.60694,34.4304],[-118.60694,34.43037],[-118.60693,34.43034],[-118.60692,34.4303],[-118.60691,34.43028],[-118.60686,34.43017],[-118.60686,34.43001],[-118.60686,34.43],[-118.60686,34.43],[-118.60696,34.42989],[-118.607,34.42969],[-118.60711,34.42951],[-118.60753,34.42926],[-118.60759,34.4293],[-118.60759,34.4293],[-118.60759,34.42689],[-118.60758,34.42358],[-118.60759,34.42357],[-118.6076,34.42356],[-118.6076,34.42356],[-118.60761,34.42356],[-118.60761,34.42355],[-118.60762,34.42355],[-118.60762,34.42354],[-118.60762,34.42353],[-118.60762,34.42353],[-118.60763,34.42352],[-118.60763,34.42351],[-118.60763,34.42351],[-118.60763,34.42351],[-118.60763,34.4235],[-118.60763,34.4235],[-118.60762,34.42349],[-118.60762,34.42349],[-118.60762,34.42348],[-118.60761,34.42347],[-118.60761,34.42347],[-118.60758,34.42344],[-118.60758,34.42327],[-118.60696,34.42266],[-118.60696,34.42266],[-118.60696,34.42266],[-118.607,34.42263],[-118.60718,34.42251],[-118.60736,34.42239],[-118.60754,34.42226],[-118.60758,34.42224],[-118.60758,34.42224],[-118.60776,34.42211],[-118.60777,34.4221],[-118.60776,34.42209],[-118.60774,34.42209],[-118.60773,34.4221],[-118.6077,34.42211],[-118.60769,34.4221],[-118.60761,34.42202],[-118.60763,34.422],[-118.60765,34.42199],[-118.60765,34.42198],[-118.60763,34.42196],[-118.60758,34.42191],[-118.60758,34.42191],[-118.60758,34.42161],[-118.60758,34.42151],[-118.60757,34.42011],[-118.60757,34.41828],[-118.60713,34.41822],[-118.60713,34.41822],[-118.60713,34.41821],[-118.60713,34.41821],[-118.60715,34.41814],[-118.60712,34.41812],[-118.60711,34.41809],[-118.60712,34.41805],[-118.60718,34.41794],[-118.60726,34.41776],[-118.60726,34.41776],[-118.60732,34.41756],[-118.60733,34.41755],[-118.60733,34.41754],[-118.60734,34.4175],[-118.60734,34.4175],[-118.60734,34.4175],[-118.60757,34.41754],[-118.60757,34.41705],[-118.60757,34.41687],[-118.60757,34.41626],[-118.60757,34.41593],[-118.60744,34.41589],[-118.60757,34.41557],[-118.60766,34.41534],[-118.60765,34.41488],[-118.60757,34.41489],[-118.60757,34.4128],[-118.60757,34.41236],[-118.60757,34.412],[-118.60757,34.41176],[-118.60758,34.41051],[-118.60758,34.4104],[-118.60758,34.41034],[-118.60758,34.41024],[-118.60759,34.40987],[-118.60759,34.40937],[-118.60759,34.40894],[-118.60757,34.40894],[-118.60757,34.40894],[-118.60634,34.40894],[-118.60394,34.40895],[-118.60345,34.40895],[-118.60317,34.40895],[-118.60268,34.40895],[-118.60268,34.40895],[-118.60258,34.40895],[-118.60246,34.40895],[-118.60245,34.40895],[-118.60198,34.40895],[-118.60184,34.40895],[-118.60179,34.40896],[-118.60178,34.40896],[-118.60174,34.40882],[-118.60174,34.40872],[-118.6018,34.40858],[-118.60202,34.4084],[-118.6021,34.40835],[-118.60227,34.40833],[-118.60238,34.40822],[-118.60242,34.40811],[-118.60245,34.40804],[-118.6026,34.40797],[-118.60278,34.40795],[-118.6028,34.40793],[-118.60287,34.40785],[-118.60299,34.4077],[-118.60308,34.40761],[-118.60319,34.40757],[-118.60331,34.40743],[-118.60355,34.40743],[-118.60374,34.40714],[-118.60379,34.407],[-118.60386,34.40683],[-118.60387,34.40665],[-118.6039,34.40647],[-118.60395,34.40631],[-118.60397,34.40629],[-118.60398,34.40622],[-118.604,34.40615],[-118.60403,34.40619],[-118.60407,34.40618],[-118.6041,34.40615],[-118.60414,34.40613],[-118.60418,34.40611],[-118.60422,34.40606],[-118.60424,34.40603],[-118.60426,34.40602],[-118.60427,34.40601],[-118.60431,34.40596],[-118.60433,34.40595],[-118.60438,34.40592],[-118.60447,34.40589],[-118.60451,34.40587],[-118.60455,34.40585],[-118.60458,34.40581],[-118.6046,34.40578],[-118.60462,34.40575],[-118.60463,34.40572],[-118.60464,34.40569],[-118.60466,34.40567],[-118.60468,34.40563],[-118.60472,34.4056],[-118.60474,34.40557],[-118.60478,34.40555],[-118.60482,34.40549],[-118.6049,34.40541],[-118.60495,34.40536],[-118.60502,34.40532],[-118.60505,34.40531],[-118.60512,34.4053],[-118.60514,34.40528],[-118.60517,34.40528],[-118.60523,34.40528],[-118.6053,34.40529],[-118.60539,34.40531],[-118.60544,34.40531],[-118.6055,34.40527],[-118.60553,34.40522],[-118.60555,34.40519],[-118.60559,34.40514],[-118.60561,34.40513],[-118.6057,34.40508],[-118.60579,34.40506],[-118.60584,34.40506],[-118.60589,34.40506],[-118.60594,34.40506],[-118.60599,34.40505],[-118.60615,34.40505],[-118.60622,34.40506],[-118.60626,34.40506],[-118.6063,34.40507],[-118.60633,34.40507],[-118.60636,34.40506],[-118.60639,34.40505],[-118.60643,34.40501],[-118.60647,34.40497],[-118.60661,34.40488],[-118.60664,34.40486],[-118.60667,34.40485],[-118.6067,34.40484],[-118.60674,34.40483],[-118.60677,34.40482],[-118.60679,34.40481],[-118.60682,34.40479],[-118.60685,34.40477],[-118.60688,34.40474],[-118.6069,34.40471],[-118.60694,34.40468],[-118.60698,34.40463],[-118.60706,34.40455],[-118.60713,34.40448],[-118.60721,34.40443],[-118.60726,34.4044],[-118.60729,34.40437],[-118.60735,34.40432],[-118.60744,34.40423],[-118.60747,34.4042],[-118.60749,34.40418],[-118.60752,34.40416],[-118.60754,34.40414],[-118.60756,34.40413],[-118.60757,34.40412],[-118.60761,34.4041],[-118.60773,34.40408],[-118.6078,34.40407],[-118.60786,34.40406],[-118.60795,34.40405],[-118.60799,34.40405],[-118.60804,34.40406],[-118.60808,34.40407],[-118.60813,34.40409],[-118.60816,34.40411],[-118.60824,34.40414],[-118.60828,34.40414],[-118.6083,34.40413],[-118.60832,34.40413],[-118.60835,34.40411],[-118.60836,34.4041],[-118.60838,34.40409],[-118.6084,34.40407],[-118.60842,34.40406],[-118.60845,34.40404],[-118.60848,34.40403],[-118.60851,34.40402],[-118.60855,34.40401],[-118.60871,34.40399],[-118.60873,34.40398],[-118.60877,34.40395],[-118.60879,34.40393],[-118.60882,34.4039],[-118.60886,34.40386],[-118.6089,34.40382],[-118.60892,34.4038],[-118.60895,34.40378],[-118.60897,34.40377],[-118.609,34.40375],[-118.60903,34.40375],[-118.60908,34.40372],[-118.6091,34.4037],[-118.60911,34.40367],[-118.60912,34.40364],[-118.60913,34.4036],[-118.60914,34.40358],[-118.60917,34.40353],[-118.60919,34.40351],[-118.60925,34.40342],[-118.60926,34.40339],[-118.60927,34.40337],[-118.60928,34.40335],[-118.60929,34.40332],[-118.60929,34.40329],[-118.6093,34.40323],[-118.6093,34.40319],[-118.60931,34.40317],[-118.60932,34.40315],[-118.60933,34.40313],[-118.60934,34.40311],[-118.60935,34.40309],[-118.60938,34.40306],[-118.6094,34.40302],[-118.60944,34.40293],[-118.60946,34.40289],[-118.60949,34.40279],[-118.6095,34.40276],[-118.60952,34.40274],[-118.60953,34.40269],[-118.60953,34.40266],[-118.60952,34.40263],[-118.60952,34.40251],[-118.60953,34.40247],[-118.60953,34.40243],[-118.60954,34.40238],[-118.60954,34.40226],[-118.60953,34.40216],[-118.60953,34.402],[-118.60952,34.40195],[-118.60952,34.40189],[-118.60951,34.40184],[-118.60951,34.4018],[-118.6095,34.40175],[-118.6095,34.40163],[-118.60949,34.40155],[-118.60946,34.40147],[-118.60943,34.4014],[-118.60942,34.40135],[-118.60942,34.40132],[-118.60942,34.4013],[-118.60947,34.4012],[-118.60948,34.40114],[-118.60948,34.40111],[-118.60949,34.40107],[-118.6095,34.40104],[-118.60951,34.40101],[-118.60952,34.40099],[-118.60952,34.40096],[-118.60953,34.40095],[-118.60952,34.40093],[-118.60952,34.40085],[-118.60953,34.40082],[-118.60955,34.4008],[-118.60957,34.40078],[-118.60959,34.40077],[-118.60961,34.40076],[-118.60967,34.40074],[-118.60969,34.40073],[-118.60974,34.40069],[-118.60975,34.40066],[-118.60975,34.40064],[-118.60974,34.4006],[-118.60974,34.40057],[-118.60973,34.40055],[-118.60973,34.40051],[-118.60974,34.40047],[-118.60978,34.40037],[-118.60981,34.40031],[-118.60995,34.40015],[-118.60999,34.4001],[-118.61002,34.40007],[-118.61004,34.40005],[-118.61007,34.40003],[-118.61011,34.40002],[-118.61018,34.40002],[-118.61025,34.40003],[-118.61029,34.40003],[-118.61033,34.40004],[-118.61042,34.40004],[-118.61054,34.40002],[-118.61064,34.4],[-118.61069,34.39998],[-118.61071,34.39996],[-118.61073,34.39994],[-118.61073,34.39991],[-118.61071,34.39989],[-118.6107,34.39987],[-118.61069,34.39986],[-118.61066,34.39985],[-118.61064,34.39983],[-118.61064,34.3998],[-118.61066,34.39975],[-118.61066,34.39972],[-118.6107,34.39969],[-118.61076,34.39969],[-118.61093,34.39971],[-118.61096,34.39971],[-118.61114,34.39972],[-118.61117,34.39971],[-118.6112,34.3997],[-118.61122,34.39968],[-118.61122,34.39964],[-118.6112,34.39958],[-118.61118,34.39953],[-118.61117,34.39951],[-118.61115,34.39949],[-118.61113,34.39947],[-118.61111,34.39945],[-118.61108,34.39941],[-118.61105,34.39938],[-118.61103,34.39934],[-118.611,34.39929],[-118.61098,34.39922],[-118.611,34.39916],[-118.61103,34.39911],[-118.61105,34.39906],[-118.61106,34.39901],[-118.61108,34.39891],[-118.61111,34.39876],[-118.61112,34.39872],[-118.61112,34.39865],[-118.61111,34.39861],[-118.61107,34.3985],[-118.61104,34.39844],[-118.61103,34.39841],[-118.61102,34.39838],[-118.61102,34.39838],[-118.61101,34.39834],[-118.61101,34.39816],[-118.61103,34.39805],[-118.61104,34.39799],[-118.61106,34.39793],[-118.61111,34.39773],[-118.61112,34.39767],[-118.61112,34.39764],[-118.61112,34.39761],[-118.61112,34.39759],[-118.61109,34.39762],[-118.61102,34.39768],[-118.61097,34.3977],[-118.61091,34.39772],[-118.61083,34.39772],[-118.6108,34.39771],[-118.61073,34.39771],[-118.61069,34.39772],[-118.61062,34.39774],[-118.61055,34.39775],[-118.61052,34.39775],[-118.61049,34.39774],[-118.61042,34.3977],[-118.61037,34.39768],[-118.61032,34.39767],[-118.61019,34.39767],[-118.61015,34.39766],[-118.61013,34.39764],[-118.61011,34.39761],[-118.61009,34.39754],[-118.61009,34.39751],[-118.61011,34.39748],[-118.61011,34.39747],[-118.61014,34.39746],[-118.61023,34.39744],[-118.61029,34.39744],[-118.61037,34.39745],[-118.61045,34.39745],[-118.61053,34.39744],[-118.61056,34.39743],[-118.6106,34.39741],[-118.61063,34.39739],[-118.61065,34.39733],[-118.61065,34.3973],[-118.61065,34.39728],[-118.61064,34.39726],[-118.61064,34.39724],[-118.61059,34.39717],[-118.61057,34.39714],[-118.61055,34.39712],[-118.61053,34.39709],[-118.61051,34.39702],[-118.61049,34.39693],[-118.6105,34.39681],[-118.61052,34.39676],[-118.61053,34.39668],[-118.61054,34.39664],[-118.61055,34.3966],[-118.61058,34.3965],[-118.61059,34.3964],[-118.61061,34.39635],[-118.61061,34.3963],[-118.61061,34.39624],[-118.61062,34.39618],[-118.61062,34.39607],[-118.61062,34.39602],[-118.61062,34.39588],[-118.61059,34.39567],[-118.61058,34.39546],[-118.61059,34.39541],[-118.6106,34.39533],[-118.6106,34.39529],[-118.61061,34.39526],[-118.61061,34.39523],[-118.61062,34.39516],[-118.61064,34.39513],[-118.61067,34.39509],[-118.61069,34.39505],[-118.61075,34.39496],[-118.61079,34.39492],[-118.61082,34.39488],[-118.61086,34.39485],[-118.61089,34.39484],[-118.61094,34.39482],[-118.61099,34.39481],[-118.61105,34.3948],[-118.61119,34.3948],[-118.61124,34.39481],[-118.61133,34.39483],[-118.61153,34.3949],[-118.61157,34.39492],[-118.61165,34.39496],[-118.61169,34.395],[-118.61175,34.39503],[-118.61186,34.39511],[-118.61193,34.39515],[-118.61202,34.39519],[-118.61227,34.39525],[-118.61236,34.39527],[-118.61245,34.39529],[-118.61254,34.39531],[-118.61261,34.39533],[-118.61268,34.39534],[-118.61272,34.39534],[-118.61277,34.39534],[-118.61283,34.39534],[-118.61294,34.39532],[-118.61301,34.39532],[-118.61314,34.39529],[-118.61328,34.39528],[-118.61335,34.39528],[-118.61348,34.39529],[-118.61355,34.3953],[-118.61368,34.39531],[-118.61384,34.39533],[-118.61397,34.39533],[-118.61402,34.39534],[-118.61406,34.39533],[-118.61411,34.39534],[-118.61415,34.39534],[-118.61428,34.39533],[-118.61434,34.39532],[-118.61446,34.39528],[-118.61458,34.39523],[-118.61464,34.39519],[-118.6147,34.39516],[-118.61481,34.39509],[-118.61493,34.395],[-118.61498,34.39498],[-118.61504,34.39496],[-118.61517,34.39493],[-118.61529,34.39493],[-118.61534,34.39493],[-118.61544,34.39494],[-118.61546,34.39494],[-118.61559,34.39494],[-118.61566,34.39494],[-118.61571,34.39494],[-118.61576,34.39493],[-118.61588,34.39491],[-118.61604,34.39486],[-118.61626,34.3948],[-118.61634,34.39477],[-118.61641,34.39472],[-118.61645,34.39469],[-118.61648,34.39466],[-118.6165,34.39465],[-118.61653,34.39463],[-118.61657,34.3946],[-118.6166,34.39458],[-118.61663,34.39454],[-118.61666,34.39451],[-118.61671,34.39446],[-118.61674,34.39441],[-118.61689,34.39412],[-118.61691,34.39407],[-118.61696,34.39395],[-118.61697,34.39392],[-118.61697,34.3939],[-118.61697,34.39388],[-118.61703,34.3938],[-118.61705,34.39376],[-118.61717,34.39352],[-118.61721,34.39333],[-118.61725,34.39319],[-118.61725,34.39318],[-118.61725,34.39318],[-118.61725,34.39318],[-118.61726,34.39317],[-118.61726,34.39315],[-118.61726,34.39315],[-118.61726,34.39306],[-118.61726,34.39305],[-118.61726,34.39302],[-118.61726,34.39298],[-118.61726,34.39297],[-118.61726,34.39294],[-118.61725,34.3929],[-118.61725,34.39287],[-118.61725,34.39284],[-118.61724,34.39281],[-118.61724,34.39274],[-118.61724,34.39265],[-118.61724,34.3926],[-118.6173,34.3925],[-118.61738,34.39244],[-118.61743,34.39241],[-118.61757,34.39236],[-118.61766,34.39232],[-118.6179,34.39231],[-118.61811,34.39227],[-118.61826,34.39221],[-118.6183,34.3922],[-118.61842,34.39212],[-118.61853,34.392],[-118.61859,34.39194],[-118.61869,34.39179],[-118.61874,34.39171],[-118.61879,34.39162],[-118.61882,34.39157],[-118.61889,34.39148],[-118.61892,34.39138],[-118.61896,34.39125],[-118.61897,34.3912],[-118.61898,34.39115],[-118.61898,34.39114],[-118.619,34.39108],[-118.61901,34.391],[-118.61902,34.39096],[-118.61904,34.3909],[-118.61908,34.3908],[-118.61911,34.39076],[-118.61912,34.39074],[-118.61915,34.3907],[-118.61916,34.39068],[-118.61919,34.39066],[-118.61922,34.39063],[-118.61925,34.39059],[-118.61927,34.39054],[-118.61929,34.39049],[-118.61933,34.39038],[-118.61937,34.39031],[-118.61938,34.39029],[-118.61944,34.39022],[-118.61951,34.39014],[-118.6196,34.39005],[-118.61967,34.38998],[-118.61969,34.38995],[-118.61888,34.38949],[-118.61875,34.38949],[-118.61866,34.38947],[-118.6184,34.3894],[-118.61828,34.38938],[-118.61814,34.38937],[-118.61805,34.38938],[-118.61776,34.38943],[-118.61769,34.38944],[-118.61751,34.38946],[-118.6174,34.38946],[-118.61731,34.38946],[-118.61719,34.38947],[-118.61698,34.38947],[-118.61685,34.38948],[-118.61668,34.3895],[-118.61635,34.38957],[-118.61633,34.38958],[-118.61633,34.38959],[-118.61632,34.38959],[-118.61615,34.38965],[-118.61596,34.38967],[-118.61585,34.38968],[-118.61571,34.38968],[-118.61566,34.38968],[-118.6156,34.38965],[-118.61554,34.38961],[-118.61545,34.38955],[-118.61542,34.38951],[-118.61529,34.38945],[-118.61522,34.38943],[-118.61515,34.38943],[-118.615,34.38944],[-118.61492,34.38943],[-118.61486,34.38942],[-118.61466,34.38952],[-118.6146,34.38957],[-118.61454,34.38959],[-118.61447,34.38961],[-118.61439,34.38961],[-118.61425,34.38961],[-118.61415,34.38959],[-118.61407,34.38957],[-118.61399,34.38955],[-118.6138,34.38959],[-118.61373,34.38959],[-118.61367,34.38959],[-118.6136,34.38957],[-118.61351,34.38952],[-118.61338,34.38952],[-118.61315,34.38951],[-118.61302,34.38952],[-118.61286,34.38953],[-118.61275,34.38953],[-118.61261,34.38951],[-118.61251,34.38946],[-118.61238,34.38944],[-118.61229,34.38942],[-118.6121,34.38944],[-118.61199,34.38947],[-118.61175,34.38956],[-118.61167,34.38957],[-118.61158,34.38958],[-118.61152,34.38958],[-118.61143,34.38955],[-118.61125,34.38944],[-118.61122,34.38938],[-118.61112,34.38932],[-118.61101,34.38934],[-118.61093,34.38935],[-118.61069,34.38933],[-118.61053,34.38931],[-118.61035,34.38925],[-118.61026,34.38923],[-118.61022,34.38922],[-118.61013,34.38921],[-118.60998,34.38922],[-118.60994,34.38921],[-118.60982,34.38915],[-118.60977,34.38911],[-118.60971,34.38906],[-118.60966,34.38904],[-118.60961,34.38902],[-118.60942,34.38905],[-118.60933,34.38907],[-118.60927,34.38912],[-118.60919,34.38917],[-118.60916,34.38921],[-118.60913,34.38928],[-118.60903,34.38934],[-118.60895,34.38935],[-118.60887,34.38932],[-118.60879,34.3893],[-118.60874,34.3893],[-118.60866,34.38933],[-118.60859,34.38937],[-118.60853,34.38943],[-118.60847,34.38948],[-118.60839,34.38952],[-118.60817,34.38959],[-118.60805,34.38961],[-118.60798,34.38961],[-118.60788,34.3896],[-118.60778,34.3896],[-118.6076,34.38959],[-118.60734,34.38956],[-118.60717,34.38952],[-118.60701,34.38951],[-118.60686,34.38949],[-118.60676,34.38946],[-118.60662,34.38941],[-118.6065,34.38936],[-118.60649,34.38935],[-118.60561,34.39021],[-118.60558,34.39023],[-118.60559,34.39048],[-118.60533,34.39048],[-118.6053,34.39051],[-118.60516,34.39061],[-118.60483,34.3909],[-118.60474,34.39105],[-118.60461,34.39124],[-118.60424,34.39107],[-118.60379,34.39079],[-118.60337,34.39047],[-118.60308,34.39074],[-118.60301,34.39081],[-118.60296,34.39085],[-118.60295,34.39084],[-118.60273,34.39065],[-118.60272,34.39064],[-118.60269,34.39064],[-118.60233,34.39036],[-118.60228,34.39031],[-118.60222,34.39026],[-118.60174,34.39064],[-118.60173,34.39065],[-118.60173,34.39065],[-118.60104,34.39123],[-118.60116,34.39134],[-118.60124,34.3914],[-118.6014,34.39155],[-118.6015,34.39164],[-118.60147,34.39167],[-118.60131,34.39179],[-118.60124,34.39184],[-118.60117,34.39189],[-118.60111,34.39195],[-118.60104,34.392],[-118.60097,34.39206],[-118.60095,34.39209],[-118.60091,34.39212],[-118.60085,34.39218],[-118.60082,34.39221],[-118.60078,34.39224],[-118.60072,34.3923],[-118.60066,34.39236],[-118.60061,34.39242],[-118.60055,34.39248],[-118.6005,34.39254],[-118.60047,34.39258],[-118.60044,34.39261],[-118.60039,34.39267],[-118.60034,34.39274],[-118.60029,34.3928],[-118.60024,34.39287],[-118.6002,34.39293],[-118.60018,34.39296],[-118.60015,34.393],[-118.60014,34.39302],[-118.6001,34.39307],[-118.60006,34.39314],[-118.60001,34.39322],[-118.59998,34.39328],[-118.59994,34.39336],[-118.5999,34.39343],[-118.59986,34.39349],[-118.59983,34.39357],[-118.59979,34.39364],[-118.59976,34.39371],[-118.59973,34.39379],[-118.59971,34.39386],[-118.59959,34.39417],[-118.5992,34.39406],[-118.59912,34.39404],[-118.59893,34.39398],[-118.59884,34.39415],[-118.59881,34.3942],[-118.59878,34.39425],[-118.59875,34.3943],[-118.59872,34.39435],[-118.59869,34.3944],[-118.59865,34.39445],[-118.59862,34.3945],[-118.59859,34.39455],[-118.59855,34.39459],[-118.59852,34.39464],[-118.59848,34.39469],[-118.59844,34.39474],[-118.5984,34.39478],[-118.59836,34.39483],[-118.59832,34.39487],[-118.59828,34.39492],[-118.59824,34.39496],[-118.59819,34.395],[-118.59815,34.39504],[-118.59811,34.39509],[-118.59806,34.39513],[-118.59801,34.39517],[-118.59797,34.39521],[-118.59792,34.39525],[-118.59787,34.39529],[-118.59782,34.39533],[-118.59777,34.39537],[-118.59772,34.3954],[-118.59767,34.39544],[-118.59761,34.39548],[-118.59756,34.39551],[-118.59751,34.39555],[-118.59696,34.39589],[-118.59639,34.39625],[-118.59637,34.39623],[-118.59598,34.39581],[-118.59591,34.39574],[-118.59584,34.39566],[-118.59576,34.39559],[-118.59569,34.39552],[-118.59561,34.39545],[-118.59554,34.39538],[-118.59545,34.3953],[-118.59537,34.39524],[-118.59529,34.39517],[-118.59521,34.39511],[-118.59512,34.39504],[-118.59504,34.39498],[-118.59495,34.39492],[-118.59486,34.39486],[-118.59477,34.3948],[-118.59468,34.39474],[-118.59459,34.39469],[-118.59454,34.39466],[-118.59447,34.39462],[-118.5943,34.39452],[-118.59425,34.3945],[-118.5942,34.39447],[-118.59399,34.39437],[-118.59377,34.39427],[-118.59366,34.39422],[-118.59347,34.39415],[-118.59325,34.39407],[-118.59293,34.39396],[-118.5925,34.39382],[-118.59214,34.3937],[-118.59199,34.39364],[-118.59169,34.39353],[-118.59158,34.39349],[-118.59144,34.39343],[-118.59123,34.39333],[-118.59104,34.39324],[-118.59092,34.39317],[-118.59076,34.39308],[-118.59042,34.39288],[-118.59035,34.39284],[-118.59025,34.39278],[-118.59016,34.39272],[-118.59008,34.39266],[-118.59,34.39259],[-118.58993,34.39252],[-118.58987,34.39245],[-118.58981,34.39236],[-118.58975,34.39227],[-118.5897,34.39218],[-118.58965,34.39207],[-118.58958,34.3919],[-118.58955,34.39185],[-118.5895,34.39174],[-118.58943,34.39163],[-118.58935,34.39152],[-118.58925,34.39139],[-118.58905,34.39118],[-118.58893,34.39108],[-118.5888,34.39098],[-118.58833,34.39066],[-118.58815,34.39053],[-118.58806,34.39045],[-118.58806,34.39046],[-118.58805,34.39046],[-118.58794,34.39056],[-118.58784,34.39064],[-118.58774,34.39072],[-118.58763,34.39079],[-118.58751,34.39086],[-118.58744,34.3909],[-118.58738,34.39093],[-118.58726,34.39099],[-118.5872,34.39101],[-118.58712,34.39104],[-118.58699,34.39109],[-118.58685,34.39112],[-118.58681,34.39113],[-118.58671,34.39116],[-118.58657,34.39119],[-118.58642,34.39121],[-118.58627,34.39122],[-118.58612,34.39123],[-118.58596,34.39123],[-118.58581,34.39122],[-118.58566,34.3912],[-118.58555,34.39119],[-118.58551,34.39118],[-118.58536,34.39115],[-118.58521,34.39112],[-118.58507,34.39108],[-118.58494,34.39103],[-118.58481,34.39097],[-118.58468,34.39091],[-118.58449,34.39081],[-118.58444,34.39077],[-118.58435,34.39071],[-118.58433,34.3907],[-118.58422,34.39061],[-118.58413,34.39053],[-118.58403,34.39044],[-118.58397,34.39038],[-118.58394,34.39034],[-118.58385,34.39024],[-118.58377,34.39014],[-118.5837,34.39003],[-118.58364,34.38993],[-118.58359,34.38982],[-118.58354,34.38971],[-118.58352,34.38966],[-118.58349,34.38967],[-118.58328,34.38974],[-118.58309,34.38981],[-118.58292,34.38988],[-118.58278,34.38996],[-118.58263,34.39005],[-118.58254,34.39013],[-118.58247,34.39019],[-118.58222,34.39034],[-118.58198,34.39045],[-118.58185,34.3905],[-118.58178,34.39053],[-118.58162,34.39058],[-118.5816,34.39059],[-118.58146,34.39062],[-118.58127,34.39066],[-118.58109,34.39068],[-118.58081,34.3907],[-118.58076,34.39071],[-118.58035,34.39074],[-118.58014,34.39076],[-118.57978,34.3908],[-118.57967,34.39083],[-118.57954,34.39086],[-118.57947,34.39089],[-118.57943,34.39091],[-118.57936,34.39095],[-118.57926,34.39102],[-118.57924,34.39105],[-118.57921,34.39107],[-118.57918,34.39112],[-118.5791,34.39122],[-118.57901,34.39133],[-118.57898,34.39143],[-118.57895,34.39158],[-118.57896,34.3917],[-118.57898,34.39183],[-118.57869,34.39186],[-118.57856,34.39185],[-118.57844,34.39182],[-118.57835,34.39179],[-118.57813,34.39171],[-118.57804,34.39165],[-118.57769,34.39141],[-118.57741,34.39167],[-118.57711,34.39194],[-118.57676,34.39218],[-118.57647,34.39241],[-118.57603,34.39277],[-118.57596,34.39281],[-118.57588,34.39287],[-118.5758,34.39292],[-118.57547,34.3931],[-118.57536,34.39316],[-118.57526,34.39321],[-118.57505,34.3933],[-118.57495,34.39334],[-118.57486,34.39338],[-118.57475,34.39342],[-118.57467,34.39344],[-118.57446,34.39351],[-118.57432,34.39355],[-118.57419,34.3936],[-118.57409,34.39362],[-118.57375,34.39372],[-118.57346,34.39381],[-118.5732,34.39388],[-118.57316,34.39388],[-118.57308,34.3939],[-118.57296,34.39393],[-118.5728,34.39395],[-118.57276,34.39396],[-118.57269,34.39396],[-118.57264,34.39397],[-118.57251,34.39399],[-118.57228,34.39402],[-118.57215,34.39404],[-118.57192,34.39408],[-118.57186,34.39409],[-118.57146,34.39416],[-118.57127,34.39419],[-118.57106,34.39333],[-118.57092,34.39276],[-118.5708,34.39226],[-118.57069,34.3918],[-118.57066,34.39169],[-118.57064,34.39161],[-118.57057,34.39136],[-118.57047,34.39106],[-118.57045,34.3909],[-118.57041,34.39053],[-118.57034,34.38993],[-118.57025,34.3896],[-118.57018,34.3893],[-118.57014,34.38919],[-118.57,34.38878],[-118.56995,34.38865],[-118.56974,34.38815],[-118.56951,34.38754],[-118.56914,34.38657],[-118.56883,34.38595],[-118.5686,34.38535],[-118.56822,34.38442],[-118.56805,34.38391],[-118.56785,34.38333],[-118.5678,34.38323],[-118.56747,34.38248],[-118.56738,34.38227],[-118.56721,34.38175],[-118.56708,34.38132],[-118.56695,34.38101],[-118.56682,34.3807],[-118.56661,34.38037],[-118.56619,34.37973],[-118.56549,34.37864],[-118.56525,34.37827],[-118.56489,34.3777],[-118.56455,34.37716],[-118.56426,34.37671],[-118.5641,34.37647],[-118.56385,34.37608],[-118.56361,34.37569],[-118.56337,34.37532],[-118.56324,34.37511],[-118.56312,34.37491],[-118.56296,34.37466],[-118.56262,34.37411],[-118.56249,34.37391],[-118.56224,34.3735],[-118.5619,34.37298],[-118.5615,34.37235],[-118.56144,34.37226],[-118.56054,34.37085],[-118.56053,34.37083],[-118.56039,34.37064],[-118.56026,34.37045],[-118.55988,34.36991],[-118.55955,34.36944],[-118.55923,34.36899],[-118.55872,34.36827],[-118.558,34.36732],[-118.55791,34.3672],[-118.55717,34.36623],[-118.55642,34.36524],[-118.5558,34.36402],[-118.55539,34.36297],[-118.55515,34.36232],[-118.55475,34.36107],[-118.55455,34.36048],[-118.55446,34.36023],[-118.55385,34.35867],[-118.55351,34.35808],[-118.5533,34.35783],[-118.55314,34.35762],[-118.55274,34.35716],[-118.5519,34.35641],[-118.55169,34.35618],[-118.55182,34.35618],[-118.54829,34.35291],[-118.54808,34.35274],[-118.54785,34.35256],[-118.54783,34.35255],[-118.54773,34.35247],[-118.54745,34.35228],[-118.54729,34.35218],[-118.54712,34.35208],[-118.54686,34.35193],[-118.54663,34.3518],[-118.54642,34.35168],[-118.54614,34.35154],[-118.54612,34.35153],[-118.54399,34.35071],[-118.54329,34.35044],[-118.54295,34.35031],[-118.54169,34.34982],[-118.54144,34.34972],[-118.53558,34.34749],[-118.53418,34.34683],[-118.53387,34.34666],[-118.53377,34.34659],[-118.53355,34.34645],[-118.53343,34.34637],[-118.53331,34.34628],[-118.53318,34.34618],[-118.53304,34.34607],[-118.53269,34.34578],[-118.5325,34.34562],[-118.53229,34.34543],[-118.53215,34.3453],[-118.53198,34.34511],[-118.53178,34.3449],[-118.53147,34.34454],[-118.53139,34.34445],[-118.53132,34.34436],[-118.53107,34.34409],[-118.53087,34.34389],[-118.53076,34.34379],[-118.53063,34.34368],[-118.53049,34.34356],[-118.5302,34.34334],[-118.52971,34.34298],[-118.52948,34.34281],[-118.52936,34.34273],[-118.52901,34.34254],[-118.52856,34.34231],[-118.5278,34.34194],[-118.52744,34.34179],[-118.52621,34.34141],[-118.52586,34.34134],[-118.5253,34.34122],[-118.52289,34.34089],[-118.5223,34.34081],[-118.52183,34.34075],[-118.52167,34.34072],[-118.52149,34.34069],[-118.52112,34.34061],[-118.52091,34.34056],[-118.52068,34.3405],[-118.52038,34.34041],[-118.52014,34.34034],[-118.52001,34.3403],[-118.5198,34.34023],[-118.5198,34.33939],[-118.51981,34.33845],[-118.51982,34.33815],[-118.51782,34.33815],[-118.51677,34.33815],[-118.5154,34.33814],[-118.5134,34.33814],[-118.51335,34.33814],[-118.51335,34.33814],[-118.51317,34.33814],[-118.51293,34.33814],[-118.51268,34.33814],[-118.51243,34.33813],[-118.51224,34.33813],[-118.51224,34.33813],[-118.51218,34.33813],[-118.51211,34.33813],[-118.51192,34.33813],[-118.51168,34.33813],[-118.51143,34.33813],[-118.51118,34.33813],[-118.51111,34.33813],[-118.51094,34.33813],[-118.51034,34.33812],[-118.50997,34.33812],[-118.50967,34.33812],[-118.5094,34.33757],[-118.50918,34.33714],[-118.50914,34.33706],[-118.50879,34.33558],[-118.50786,34.33562],[-118.50669,34.33567],[-118.50662,34.3352],[-118.50716,34.3348],[-118.5072,34.33477],[-118.50722,34.33475],[-118.50725,34.33472],[-118.50734,34.33465],[-118.50735,34.33465],[-118.50735,34.33465],[-118.50736,34.33464],[-118.50746,34.33456],[-118.50748,34.33455],[-118.50754,34.33451],[-118.50754,34.33451],[-118.50758,34.33447],[-118.50759,34.33447],[-118.50766,34.33442],[-118.50771,34.33438],[-118.50772,34.33437],[-118.50778,34.33433],[-118.50783,34.33429],[-118.50783,34.33429],[-118.50826,34.33396],[-118.50834,34.3339],[-118.50834,34.3339],[-118.50834,34.3339],[-118.50834,34.3339],[-118.50835,34.33389],[-118.51133,34.33165],[-118.5121,34.33107],[-118.51225,34.33096],[-118.51548,34.32852],[-118.51614,34.32802],[-118.51706,34.32732],[-118.51915,34.32575],[-118.51984,34.32523],[-118.51992,34.32517],[-118.52158,34.32392],[-118.52188,34.32369],[-118.52202,34.32369],[-118.52421,34.32369],[-118.52871,34.32368],[-118.53311,34.32367],[-118.53751,34.32366],[-118.54523,34.32374],[-118.54609,34.32375],[-118.5462,34.32375],[-118.54634,34.32375],[-118.54932,34.32378],[-118.54947,34.32378],[-118.54954,34.32378],[-118.55055,34.32379],[-118.55492,34.32383],[-118.55944,34.32387],[-118.56381,34.32391],[-118.56395,34.32391],[-118.56508,34.32392],[-118.56508,34.32392],[-118.56508,34.32392],[-118.56766,34.32395],[-118.57204,34.32399],[-118.5755,34.32398],[-118.57562,34.32398],[-118.57579,34.32398],[-118.57649,34.32398],[-118.57995,34.32397],[-118.58094,34.32396],[-118.58524,34.32397],[-118.58953,34.32397],[-118.59807,34.32394],[-118.60234,34.32393],[-118.60433,34.32392],[-118.60513,34.32392],[-118.60571,34.32392],[-118.60592,34.32392],[-118.60632,34.32392],[-118.60629,34.32147],[-118.60629,34.3214],[-118.61057,34.32135],[-118.61485,34.32129],[-118.62019,34.32122],[-118.6234,34.32118]]]}},{"type":"Feature","properties":{"seat":"newhall-school-district-trustee-area-2","label":"Trustee Area 2","county":"TA2","role":"seat"},"geometry":{"type":"Polygon","coordinates":[[[-118.56549,34.37864],[-118.56619,34.37973],[-118.56661,34.38037],[-118.56682,34.3807],[-118.56695,34.38101],[-118.56708,34.38132],[-118.56721,34.38175],[-118.56738,34.38227],[-118.56747,34.38248],[-118.5678,34.38323],[-118.56785,34.38333],[-118.56805,34.38391],[-118.56822,34.38442],[-118.5686,34.38535],[-118.56883,34.38595],[-118.56914,34.38657],[-118.56951,34.38754],[-118.56974,34.38815],[-118.56995,34.38865],[-118.57014,34.38919],[-118.57018,34.3893],[-118.57034,34.38993],[-118.57041,34.39053],[-118.57045,34.3909],[-118.57047,34.39106],[-118.57057,34.39136],[-118.57064,34.39161],[-118.57066,34.39169],[-118.57069,34.3918],[-118.5708,34.39226],[-118.57092,34.39276],[-118.57106,34.39333],[-118.57127,34.39419],[-118.57146,34.39416],[-118.57186,34.39409],[-118.57192,34.39408],[-118.57215,34.39404],[-118.57228,34.39402],[-118.57251,34.39399],[-118.57264,34.39397],[-118.57269,34.39396],[-118.57276,34.39396],[-118.5728,34.39395],[-118.57296,34.39393],[-118.57308,34.3939],[-118.57316,34.39388],[-118.5732,34.39388],[-118.57346,34.39381],[-118.57375,34.39372],[-118.57409,34.39362],[-118.57419,34.3936],[-118.57432,34.39355],[-118.57446,34.39351],[-118.57467,34.39344],[-118.57475,34.39342],[-118.57486,34.39338],[-118.57495,34.39334],[-118.57505,34.3933],[-118.57526,34.39321],[-118.57536,34.39316],[-118.57547,34.3931],[-118.5758,34.39292],[-118.57588,34.39287],[-118.57596,34.39281],[-118.57603,34.39277],[-118.57647,34.39241],[-118.57676,34.39218],[-118.57711,34.39194],[-118.57741,34.39167],[-118.57769,34.39141],[-118.57804,34.39165],[-118.57813,34.39171],[-118.57835,34.39179],[-118.57844,34.39182],[-118.57856,34.39185],[-118.57869,34.39186],[-118.57898,34.39183],[-118.57896,34.3917],[-118.57895,34.39158],[-118.57898,34.39143],[-118.57901,34.39133],[-118.5791,34.39122],[-118.57918,34.39112],[-118.57921,34.39107],[-118.57924,34.39105],[-118.57926,34.39102],[-118.57936,34.39095],[-118.57943,34.39091],[-118.57947,34.39089],[-118.57954,34.39086],[-118.57967,34.39083],[-118.57978,34.3908],[-118.58014,34.39076],[-118.58035,34.39074],[-118.58076,34.39071],[-118.58081,34.3907],[-118.58109,34.39068],[-118.58127,34.39066],[-118.58146,34.39062],[-118.5816,34.39059],[-118.58162,34.39058],[-118.58178,34.39053],[-118.58185,34.3905],[-118.58198,34.39045],[-118.58222,34.39034],[-118.58247,34.39019],[-118.58254,34.39013],[-118.58263,34.39005],[-118.58278,34.38996],[-118.58292,34.38988],[-118.58309,34.38981],[-118.58328,34.38974],[-118.58349,34.38967],[-118.58352,34.38966],[-118.58354,34.38971],[-118.58359,34.38982],[-118.58364,34.38993],[-118.5837,34.39003],[-118.58377,34.39014],[-118.58385,34.39024],[-118.58394,34.39034],[-118.58397,34.39038],[-118.58403,34.39044],[-118.58413,34.39053],[-118.58422,34.39061],[-118.58433,34.3907],[-118.58435,34.39071],[-118.58444,34.39077],[-118.58449,34.39081],[-118.58468,34.39091],[-118.58481,34.39097],[-118.58494,34.39103],[-118.58507,34.39108],[-118.58521,34.39112],[-118.58536,34.39115],[-118.58551,34.39118],[-118.58555,34.39119],[-118.58566,34.3912],[-118.58581,34.39122],[-118.58596,34.39123],[-118.58612,34.39123],[-118.58627,34.39122],[-118.58642,34.39121],[-118.58657,34.39119],[-118.58671,34.39116],[-118.58681,34.39113],[-118.58685,34.39112],[-118.58699,34.39109],[-118.58712,34.39104],[-118.58726,34.39099],[-118.58738,34.39093],[-118.58744,34.3909],[-118.58751,34.39086],[-118.58763,34.39079],[-118.58774,34.39072],[-118.58784,34.39064],[-118.58794,34.39056],[-118.58805,34.39046],[-118.58806,34.39046],[-118.58806,34.39045],[-118.58815,34.39053],[-118.58833,34.39066],[-118.5888,34.39098],[-118.58893,34.39108],[-118.58905,34.39118],[-118.58925,34.39139],[-118.58935,34.39152],[-118.58943,34.39163],[-118.5895,34.39174],[-118.58955,34.39185],[-118.58958,34.3919],[-118.58965,34.39207],[-118.5897,34.39218],[-118.58975,34.39227],[-118.58981,34.39236],[-118.58987,34.39245],[-118.58993,34.39252],[-118.59,34.39259],[-118.59008,34.39266],[-118.59016,34.39272],[-118.59025,34.39278],[-118.59035,34.39284],[-118.59042,34.39288],[-118.59076,34.39308],[-118.59092,34.39317],[-118.59104,34.39324],[-118.59123,34.39333],[-118.59125,34.39334],[-118.59144,34.39343],[-118.59158,34.39349],[-118.59169,34.39353],[-118.59199,34.39364],[-118.59214,34.3937],[-118.5925,34.39382],[-118.59293,34.39396],[-118.59325,34.39407],[-118.59347,34.39415],[-118.59366,34.39422],[-118.59377,34.39427],[-118.59399,34.39437],[-118.5942,34.39447],[-118.5943,34.39452],[-118.59447,34.39462],[-118.59454,34.39466],[-118.59459,34.39469],[-118.59468,34.39474],[-118.59477,34.3948],[-118.59486,34.39486],[-118.59495,34.39492],[-118.59504,34.39498],[-118.59512,34.39504],[-118.59521,34.39511],[-118.59529,34.39517],[-118.59537,34.39524],[-118.59545,34.3953],[-118.59554,34.39538],[-118.59561,34.39545],[-118.59569,34.39552],[-118.59576,34.39559],[-118.59584,34.39566],[-118.59591,34.39574],[-118.59598,34.39581],[-118.59637,34.39623],[-118.59639,34.39625],[-118.59696,34.39589],[-118.59751,34.39555],[-118.59756,34.39551],[-118.59761,34.39548],[-118.59767,34.39544],[-118.59772,34.3954],[-118.59777,34.39537],[-118.59782,34.39533],[-118.59787,34.39529],[-118.59792,34.39525],[-118.59797,34.39521],[-118.59801,34.39517],[-118.59806,34.39513],[-118.59811,34.39509],[-118.59815,34.39504],[-118.59819,34.395],[-118.59824,34.39496],[-118.59828,34.39492],[-118.59832,34.39487],[-118.59836,34.39483],[-118.5984,34.39478],[-118.59844,34.39474],[-118.59848,34.39469],[-118.59852,34.39464],[-118.59855,34.39459],[-118.59859,34.39455],[-118.59862,34.3945],[-118.59865,34.39445],[-118.59869,34.3944],[-118.59872,34.39435],[-118.59875,34.3943],[-118.59878,34.39425],[-118.59881,34.3942],[-118.59884,34.39415],[-118.59893,34.39398],[-118.59912,34.39404],[-118.5992,34.39406],[-118.59959,34.39417],[-118.59971,34.39386],[-118.59973,34.39379],[-118.59976,34.39371],[-118.59979,34.39364],[-118.59983,34.39357],[-118.59986,34.39349],[-118.5999,34.39343],[-118.59994,34.39336],[-118.59998,34.39328],[-118.60001,34.39322],[-118.60006,34.39314],[-118.6001,34.39307],[-118.60014,34.39302],[-118.60015,34.393],[-118.60018,34.39296],[-118.6002,34.39293],[-118.60024,34.39287],[-118.60029,34.3928],[-118.60034,34.39274],[-118.60039,34.39267],[-118.60044,34.39261],[-118.60047,34.39258],[-118.6005,34.39254],[-118.60055,34.39248],[-118.60061,34.39242],[-118.60066,34.39236],[-118.60072,34.3923],[-118.60078,34.39224],[-118.60082,34.39221],[-118.60085,34.39218],[-118.60091,34.39212],[-118.60095,34.39209],[-118.60097,34.39206],[-118.60104,34.392],[-118.60111,34.39195],[-118.60117,34.39189],[-118.60124,34.39184],[-118.60131,34.39179],[-118.60147,34.39167],[-118.6015,34.39164],[-118.6014,34.39155],[-118.60124,34.3914],[-118.60116,34.39134],[-118.60104,34.39123],[-118.60173,34.39065],[-118.60173,34.39065],[-118.60174,34.39064],[-118.60222,34.39026],[-118.60228,34.39031],[-118.60233,34.39036],[-118.60269,34.39064],[-118.60272,34.39064],[-118.60273,34.39065],[-118.60295,34.39084],[-118.60296,34.39085],[-118.60301,34.39081],[-118.60308,34.39074],[-118.60337,34.39047],[-118.60379,34.39079],[-118.60424,34.39107],[-118.60461,34.39124],[-118.60474,34.39105],[-118.60483,34.3909],[-118.60516,34.39061],[-118.6053,34.39051],[-118.60533,34.39048],[-118.60559,34.39048],[-118.60558,34.39023],[-118.60561,34.39021],[-118.60649,34.38935],[-118.6065,34.38936],[-118.60662,34.38941],[-118.60676,34.38946],[-118.60686,34.38949],[-118.60701,34.38951],[-118.60717,34.38952],[-118.60734,34.38956],[-118.6076,34.38959],[-118.60778,34.3896],[-118.60788,34.3896],[-118.60798,34.38961],[-118.60805,34.38961],[-118.60817,34.38959],[-118.60839,34.38952],[-118.60847,34.38948],[-118.60853,34.38943],[-118.60859,34.38937],[-118.60866,34.38933],[-118.60874,34.3893],[-118.60879,34.3893],[-118.60887,34.38932],[-118.60895,34.38935],[-118.60903,34.38934],[-118.60913,34.38928],[-118.60916,34.38921],[-118.60919,34.38917],[-118.60927,34.38912],[-118.60933,34.38907],[-118.60942,34.38905],[-118.60961,34.38902],[-118.60966,34.38904],[-118.60971,34.38906],[-118.60977,34.38911],[-118.60982,34.38915],[-118.60994,34.38921],[-118.60998,34.38922],[-118.61013,34.38921],[-118.61022,34.38922],[-118.61026,34.38923],[-118.61035,34.38925],[-118.61053,34.38931],[-118.61069,34.38933],[-118.61093,34.38935],[-118.61101,34.38934],[-118.61112,34.38932],[-118.61122,34.38938],[-118.61125,34.38944],[-118.61143,34.38955],[-118.61152,34.38958],[-118.61158,34.38958],[-118.61167,34.38957],[-118.61175,34.38956],[-118.61199,34.38947],[-118.6121,34.38944],[-118.61229,34.38942],[-118.61238,34.38944],[-118.61251,34.38946],[-118.61261,34.38951],[-118.61275,34.38953],[-118.61286,34.38953],[-118.61302,34.38952],[-118.61315,34.38951],[-118.61338,34.38952],[-118.61351,34.38952],[-118.6136,34.38957],[-118.61367,34.38959],[-118.61373,34.38959],[-118.6138,34.38959],[-118.61399,34.38955],[-118.61407,34.38957],[-118.61415,34.38959],[-118.61425,34.38961],[-118.61439,34.38961],[-118.61447,34.38961],[-118.61454,34.38959],[-118.6146,34.38957],[-118.61466,34.38952],[-118.61486,34.38942],[-118.61492,34.38943],[-118.615,34.38944],[-118.61515,34.38943],[-118.61522,34.38943],[-118.61529,34.38945],[-118.61542,34.38951],[-118.61545,34.38955],[-118.61554,34.38961],[-118.6156,34.38965],[-118.61566,34.38968],[-118.61571,34.38968],[-118.61585,34.38968],[-118.61596,34.38967],[-118.61615,34.38965],[-118.61632,34.38959],[-118.61633,34.38959],[-118.61633,34.38958],[-118.61635,34.38957],[-118.61668,34.3895],[-118.61685,34.38948],[-118.61698,34.38947],[-118.61719,34.38947],[-118.61731,34.38946],[-118.6174,34.38946],[-118.61751,34.38946],[-118.61769,34.38944],[-118.61776,34.38943],[-118.61805,34.38938],[-118.61814,34.38937],[-118.61828,34.38938],[-118.6184,34.3894],[-118.61866,34.38947],[-118.61875,34.38949],[-118.61888,34.38949],[-118.61969,34.38995],[-118.61967,34.38998],[-118.6196,34.39005],[-118.61951,34.39014],[-118.61944,34.39022],[-118.61938,34.39029],[-118.61937,34.39031],[-118.61933,34.39038],[-118.61929,34.39049],[-118.61927,34.39054],[-118.61925,34.39059],[-118.61922,34.39063],[-118.61919,34.39066],[-118.61916,34.39068],[-118.61915,34.3907],[-118.61912,34.39074],[-118.61911,34.39076],[-118.61908,34.3908],[-118.61904,34.3909],[-118.61902,34.39096],[-118.61901,34.391],[-118.619,34.39108],[-118.61898,34.39114],[-118.61898,34.39115],[-118.61897,34.3912],[-118.61896,34.39125],[-118.61892,34.39138],[-118.61889,34.39148],[-118.61882,34.39157],[-118.61879,34.39162],[-118.61874,34.39171],[-118.61869,34.39179],[-118.61859,34.39194],[-118.61853,34.392],[-118.61842,34.39212],[-118.6183,34.3922],[-118.61826,34.39221],[-118.61811,34.39227],[-118.6179,34.39231],[-118.61766,34.39232],[-118.61757,34.39236],[-118.61743,34.39241],[-118.61738,34.39244],[-118.6173,34.3925],[-118.61724,34.3926],[-118.61724,34.39265],[-118.61724,34.39274],[-118.61724,34.39281],[-118.61725,34.39284],[-118.61725,34.39287],[-118.61725,34.3929],[-118.61726,34.39294],[-118.61726,34.39297],[-118.61726,34.39298],[-118.61726,34.39302],[-118.61726,34.39305],[-118.61726,34.39306],[-118.61726,34.39315],[-118.61726,34.39315],[-118.61726,34.39317],[-118.61725,34.39318],[-118.61725,34.39318],[-118.61725,34.39318],[-118.61725,34.39319],[-118.61721,34.39333],[-118.61717,34.39352],[-118.61705,34.39376],[-118.61703,34.3938],[-118.61697,34.39388],[-118.61697,34.3939],[-118.61697,34.39392],[-118.61696,34.39395],[-118.61691,34.39407],[-118.61689,34.39412],[-118.61674,34.39441],[-118.61671,34.39446],[-118.61666,34.39451],[-118.61663,34.39454],[-118.6166,34.39458],[-118.61657,34.3946],[-118.61653,34.39463],[-118.6165,34.39465],[-118.61648,34.39466],[-118.61645,34.39469],[-118.61641,34.39472],[-118.61634,34.39477],[-118.61626,34.3948],[-118.61604,34.39486],[-118.61588,34.39491],[-118.61576,34.39493],[-118.61571,34.39494],[-118.61566,34.39494],[-118.61559,34.39494],[-118.61546,34.39494],[-118.61534,34.39493],[-118.61529,34.39493],[-118.61517,34.39493],[-118.61504,34.39496],[-118.61498,34.39498],[-118.61493,34.395],[-118.61481,34.39509],[-118.6147,34.39516],[-118.61464,34.39519],[-118.61458,34.39523],[-118.61446,34.39528],[-118.61434,34.39532],[-118.61428,34.39533],[-118.61415,34.39534],[-118.61411,34.39534],[-118.61406,34.39533],[-118.61402,34.39534],[-118.61397,34.39533],[-118.61384,34.39533],[-118.61368,34.39531],[-118.61355,34.3953],[-118.61348,34.39529],[-118.61335,34.39528],[-118.61328,34.39528],[-118.61314,34.39529],[-118.61301,34.39532],[-118.61294,34.39532],[-118.61283,34.39534],[-118.61277,34.39534],[-118.61272,34.39534],[-118.61268,34.39534],[-118.61261,34.39533],[-118.61254,34.39531],[-118.61245,34.39529],[-118.61236,34.39527],[-118.61227,34.39525],[-118.61202,34.39519],[-118.61193,34.39515],[-118.61186,34.39511],[-118.61175,34.39503],[-118.61169,34.395],[-118.61165,34.39496],[-118.61157,34.39492],[-118.61153,34.3949],[-118.61133,34.39483],[-118.61124,34.39481],[-118.61119,34.3948],[-118.61105,34.3948],[-118.61099,34.39481],[-118.61094,34.39482],[-118.61089,34.39484],[-118.61086,34.39485],[-118.61082,34.39488],[-118.61079,34.39492],[-118.61075,34.39496],[-118.61069,34.39505],[-118.61067,34.39509],[-118.61064,34.39513],[-118.61062,34.39516],[-118.61061,34.39523],[-118.61061,34.39526],[-118.6106,34.39529],[-118.6106,34.39533],[-118.61059,34.39541],[-118.61058,34.39546],[-118.61059,34.39567],[-118.61062,34.39588],[-118.61062,34.39602],[-118.61062,34.39607],[-118.61062,34.39618],[-118.61061,34.39624],[-118.61061,34.3963],[-118.61061,34.39635],[-118.61059,34.3964],[-118.61058,34.3965],[-118.61055,34.3966],[-118.61054,34.39664],[-118.61053,34.39668],[-118.61052,34.39676],[-118.6105,34.39681],[-118.61049,34.39693],[-118.61051,34.39702],[-118.61053,34.39709],[-118.61055,34.39712],[-118.61057,34.39714],[-118.61059,34.39717],[-118.61064,34.39724],[-118.61064,34.39726],[-118.61065,34.39728],[-118.61065,34.3973],[-118.61065,34.39733],[-118.61063,34.39739],[-118.6106,34.39741],[-118.61056,34.39743],[-118.61053,34.39744],[-118.61045,34.39745],[-118.61037,34.39745],[-118.61029,34.39744],[-118.61023,34.39744],[-118.61014,34.39746],[-118.61011,34.39747],[-118.61011,34.39748],[-118.61009,34.39751],[-118.61009,34.39754],[-118.61011,34.39761],[-118.61013,34.39764],[-118.61015,34.39766],[-118.61019,34.39767],[-118.61032,34.39767],[-118.61037,34.39768],[-118.61042,34.3977],[-118.61049,34.39774],[-118.61052,34.39775],[-118.61055,34.39775],[-118.61062,34.39774],[-118.61069,34.39772],[-118.61073,34.39771],[-118.6108,34.39771],[-118.61083,34.39772],[-118.61091,34.39772],[-118.61097,34.3977],[-118.61102,34.39768],[-118.61109,34.39762],[-118.61112,34.39759],[-118.61112,34.39761],[-118.61112,34.39764],[-118.61112,34.39767],[-118.61111,34.39773],[-118.61106,34.39793],[-118.61104,34.39799],[-118.61103,34.39805],[-118.61101,34.39816],[-118.61101,34.39834],[-118.61102,34.39838],[-118.61103,34.39841],[-118.61104,34.39844],[-118.61107,34.3985],[-118.61111,34.39861],[-118.61112,34.39865],[-118.61112,34.39872],[-118.61111,34.39876],[-118.61108,34.39891],[-118.61106,34.39901],[-118.61105,34.39906],[-118.61103,34.39911],[-118.611,34.39916],[-118.61098,34.39922],[-118.611,34.39929],[-118.61103,34.39934],[-118.61105,34.39938],[-118.61108,34.39941],[-118.61111,34.39945],[-118.61113,34.39947],[-118.61115,34.39949],[-118.61117,34.39951],[-118.61118,34.39953],[-118.6112,34.39958],[-118.61122,34.39964],[-118.61122,34.39968],[-118.6112,34.3997],[-118.61117,34.39971],[-118.61114,34.39972],[-118.61096,34.39971],[-118.61093,34.39971],[-118.61076,34.39969],[-118.6107,34.39969],[-118.61066,34.39972],[-118.61066,34.39975],[-118.61064,34.3998],[-118.61064,34.39983],[-118.61066,34.39985],[-118.61069,34.39986],[-118.6107,34.39987],[-118.61071,34.39989],[-118.61073,34.39991],[-118.61073,34.39994],[-118.61071,34.39996],[-118.61069,34.39998],[-118.61064,34.4],[-118.61054,34.40002],[-118.61042,34.40004],[-118.61033,34.40004],[-118.61029,34.40003],[-118.61025,34.40003],[-118.61018,34.40002],[-118.61011,34.40002],[-118.61007,34.40003],[-118.61004,34.40005],[-118.61002,34.40007],[-118.60999,34.4001],[-118.60995,34.40015],[-118.60981,34.40031],[-118.60978,34.40037],[-118.60974,34.40047],[-118.60973,34.40051],[-118.60973,34.40055],[-118.60974,34.40057],[-118.60974,34.4006],[-118.60975,34.40064],[-118.60975,34.40066],[-118.60974,34.40069],[-118.60969,34.40073],[-118.60967,34.40074],[-118.60961,34.40076],[-118.60959,34.40077],[-118.60957,34.40078],[-118.60955,34.4008],[-118.60953,34.40082],[-118.60952,34.40085],[-118.60952,34.40093],[-118.60953,34.40095],[-118.60952,34.40096],[-118.60952,34.40099],[-118.60951,34.40101],[-118.6095,34.40104],[-118.60949,34.40107],[-118.60948,34.40111],[-118.60948,34.40114],[-118.60947,34.4012],[-118.60942,34.4013],[-118.60942,34.40132],[-118.60942,34.40135],[-118.60943,34.4014],[-118.60946,34.40147],[-118.60949,34.40155],[-118.6095,34.40163],[-118.6095,34.40175],[-118.60951,34.4018],[-118.60951,34.40184],[-118.60952,34.40189],[-118.60952,34.40195],[-118.60953,34.402],[-118.60953,34.40216],[-118.60954,34.40226],[-118.60954,34.40238],[-118.60953,34.40243],[-118.60953,34.40247],[-118.60952,34.40251],[-118.60952,34.40263],[-118.60953,34.40266],[-118.60953,34.40269],[-118.60952,34.40274],[-118.6095,34.40276],[-118.60949,34.40279],[-118.60946,34.40289],[-118.60944,34.40293],[-118.6094,34.40302],[-118.60938,34.40306],[-118.60935,34.40309],[-118.60934,34.40311],[-118.60933,34.40313],[-118.60932,34.40315],[-118.60931,34.40317],[-118.6093,34.40319],[-118.6093,34.40323],[-118.60929,34.40329],[-118.60929,34.40332],[-118.60928,34.40335],[-118.60927,34.40337],[-118.60926,34.40339],[-118.60925,34.40342],[-118.60919,34.40351],[-118.60917,34.40353],[-118.60914,34.40358],[-118.60913,34.4036],[-118.60912,34.40364],[-118.60911,34.40367],[-118.6091,34.4037],[-118.60908,34.40372],[-118.60903,34.40375],[-118.609,34.40375],[-118.60897,34.40377],[-118.60895,34.40378],[-118.60892,34.4038],[-118.6089,34.40382],[-118.60886,34.40386],[-118.60882,34.4039],[-118.60879,34.40393],[-118.60877,34.40395],[-118.60873,34.40398],[-118.60871,34.40399],[-118.60855,34.40401],[-118.60851,34.40402],[-118.60848,34.40403],[-118.60845,34.40404],[-118.60842,34.40406],[-118.6084,34.40407],[-118.60838,34.40409],[-118.60836,34.4041],[-118.60835,34.40411],[-118.60832,34.40413],[-118.6083,34.40413],[-118.60828,34.40414],[-118.60824,34.40414],[-118.60816,34.40411],[-118.60813,34.40409],[-118.60808,34.40407],[-118.60804,34.40406],[-118.60799,34.40405],[-118.60795,34.40405],[-118.60786,34.40406],[-118.6078,34.40407],[-118.60773,34.40408],[-118.60761,34.4041],[-118.60757,34.40412],[-118.60756,34.40413],[-118.60754,34.40414],[-118.60752,34.40416],[-118.60749,34.40418],[-118.60747,34.4042],[-118.60744,34.40423],[-118.60735,34.40432],[-118.60729,34.40437],[-118.60726,34.4044],[-118.60721,34.40443],[-118.60713,34.40448],[-118.60706,34.40455],[-118.60698,34.40463],[-118.60694,34.40468],[-118.6069,34.40471],[-118.60688,34.40474],[-118.60685,34.40477],[-118.60682,34.40479],[-118.60679,34.40481],[-118.60677,34.40482],[-118.60674,34.40483],[-118.6067,34.40484],[-118.60667,34.40485],[-118.60664,34.40486],[-118.60661,34.40488],[-118.60647,34.40497],[-118.60643,34.40501],[-118.60639,34.40505],[-118.60636,34.40506],[-118.60633,34.40507],[-118.6063,34.40507],[-118.60626,34.40506],[-118.60622,34.40506],[-118.60615,34.40505],[-118.60599,34.40505],[-118.60594,34.40506],[-118.60589,34.40506],[-118.60584,34.40506],[-118.60579,34.40506],[-118.6057,34.40508],[-118.60561,34.40513],[-118.60559,34.40514],[-118.60555,34.40519],[-118.60553,34.40522],[-118.6055,34.40527],[-118.60544,34.40531],[-118.60539,34.40531],[-118.6053,34.40529],[-118.60523,34.40528],[-118.60517,34.40528],[-118.60514,34.40528],[-118.60512,34.4053],[-118.60505,34.40531],[-118.60502,34.40532],[-118.60495,34.40536],[-118.6049,34.40541],[-118.60482,34.40549],[-118.60478,34.40555],[-118.60474,34.40557],[-118.60472,34.4056],[-118.60468,34.40563],[-118.60466,34.40567],[-118.60464,34.40569],[-118.60463,34.40572],[-118.60462,34.40575],[-118.6046,34.40578],[-118.60458,34.40581],[-118.60455,34.40585],[-118.60451,34.40587],[-118.60447,34.40589],[-118.60438,34.40592],[-118.60433,34.40595],[-118.60431,34.40596],[-118.60427,34.40601],[-118.60426,34.40602],[-118.60424,34.40603],[-118.60422,34.40606],[-118.60418,34.40611],[-118.60414,34.40613],[-118.6041,34.40615],[-118.60407,34.40618],[-118.60403,34.40619],[-118.604,34.40615],[-118.60398,34.40622],[-118.60397,34.40629],[-118.60395,34.40631],[-118.6039,34.40647],[-118.60387,34.40665],[-118.60386,34.40683],[-118.60379,34.407],[-118.60374,34.40714],[-118.60355,34.40743],[-118.60331,34.40743],[-118.60319,34.40757],[-118.60308,34.40761],[-118.60299,34.4077],[-118.60287,34.40785],[-118.6028,34.40793],[-118.60278,34.40795],[-118.6026,34.40797],[-118.60245,34.40804],[-118.60242,34.40811],[-118.60238,34.40822],[-118.60227,34.40833],[-118.6021,34.40835],[-118.60202,34.4084],[-118.6018,34.40858],[-118.60174,34.40872],[-118.60174,34.40882],[-118.60178,34.40896],[-118.60107,34.40896],[-118.59967,34.40896],[-118.59965,34.40894],[-118.59844,34.40895],[-118.59458,34.40897],[-118.59458,34.40897],[-118.58971,34.41231],[-118.5856,34.41513],[-118.58159,34.41789],[-118.58156,34.41791],[-118.58057,34.41648],[-118.5802,34.41595],[-118.58,34.41569],[-118.57973,34.41504],[-118.57972,34.415],[-118.57953,34.41456],[-118.5792,34.41376],[-118.57913,34.4136],[-118.57908,34.41344],[-118.57903,34.41328],[-118.57899,34.41312],[-118.57896,34.41296],[-118.57893,34.4128],[-118.57892,34.41272],[-118.57892,34.41264],[-118.57891,34.41248],[-118.57891,34.41232],[-118.57891,34.41216],[-118.57893,34.412],[-118.57895,34.41184],[-118.579,34.4116],[-118.57906,34.41136],[-118.57912,34.41111],[-118.57929,34.41036],[-118.57941,34.40983],[-118.57942,34.40983],[-118.57962,34.40897],[-118.57787,34.40897],[-118.57678,34.40899],[-118.57661,34.40898],[-118.57632,34.40833],[-118.57632,34.40833],[-118.5762,34.40836],[-118.5762,34.40836],[-118.57617,34.40837],[-118.57609,34.4084],[-118.57604,34.40842],[-118.57593,34.40845],[-118.57554,34.40858],[-118.5754,34.40863],[-118.57507,34.40872],[-118.57506,34.40874],[-118.57471,34.40884],[-118.57458,34.40888],[-118.5742,34.40897],[-118.57357,34.40915],[-118.57342,34.40919],[-118.57326,34.40924],[-118.57314,34.40926],[-118.57306,34.40927],[-118.57304,34.40928],[-118.57288,34.4093],[-118.57275,34.40931],[-118.57268,34.40932],[-118.57262,34.40932],[-118.57252,34.40933],[-118.57227,34.40934],[-118.57214,34.40934],[-118.57194,34.40934],[-118.57185,34.40934],[-118.57153,34.40928],[-118.57127,34.40918],[-118.57114,34.40915],[-118.57109,34.40914],[-118.57095,34.40911],[-118.57083,34.40907],[-118.57069,34.40902],[-118.57064,34.409],[-118.57025,34.40892],[-118.57013,34.40889],[-118.5701,34.40888],[-118.56979,34.40879],[-118.56968,34.40876],[-118.56945,34.40871],[-118.56934,34.40869],[-118.56924,34.40868],[-118.56915,34.40868],[-118.56872,34.40866],[-118.56852,34.40865],[-118.5684,34.40865],[-118.56815,34.40867],[-118.568,34.40869],[-118.56792,34.4087],[-118.56774,34.40874],[-118.56765,34.40876],[-118.56736,34.40883],[-118.56725,34.40886],[-118.56705,34.40893],[-118.56692,34.40897],[-118.56679,34.40902],[-118.56665,34.40908],[-118.56651,34.40915],[-118.56638,34.40923],[-118.56629,34.40928],[-118.56621,34.40934],[-118.56616,34.40938],[-118.56614,34.40939],[-118.56607,34.40945],[-118.56601,34.4095],[-118.56579,34.40971],[-118.56565,34.40984],[-118.56557,34.40993],[-118.56537,34.41016],[-118.56531,34.41024],[-118.56528,34.41028],[-118.56518,34.4104],[-118.5651,34.41051],[-118.56502,34.41063],[-118.56499,34.41068],[-118.56481,34.41096],[-118.56475,34.41106],[-118.56454,34.41136],[-118.56432,34.41164],[-118.56417,34.41182],[-118.56399,34.41202],[-118.56389,34.41211],[-118.5638,34.4122],[-118.56369,34.41228],[-118.56358,34.41235],[-118.56334,34.4125],[-118.56327,34.41254],[-118.56323,34.41256],[-118.56305,34.41266],[-118.5628,34.41278],[-118.56267,34.41285],[-118.56253,34.41291],[-118.56241,34.41296],[-118.56228,34.413],[-118.56216,34.41303],[-118.56203,34.41306],[-118.56189,34.41309],[-118.56165,34.41313],[-118.56157,34.41314],[-118.56129,34.41318],[-118.56101,34.4132],[-118.56056,34.41322],[-118.56006,34.4132],[-118.55992,34.4132],[-118.55987,34.41306],[-118.55974,34.41277],[-118.55959,34.41247],[-118.55944,34.41215],[-118.55942,34.41209],[-118.5594,34.41206],[-118.55935,34.41196],[-118.55925,34.41179],[-118.55924,34.41177],[-118.55901,34.41139],[-118.55897,34.41133],[-118.55889,34.41124],[-118.55862,34.41093],[-118.55855,34.41085],[-118.55845,34.41076],[-118.55837,34.41067],[-118.55827,34.41059],[-118.55817,34.4105],[-118.55805,34.41038],[-118.55803,34.41036],[-118.55794,34.41027],[-118.55785,34.41017],[-118.55764,34.40992],[-118.55754,34.40982],[-118.55707,34.40932],[-118.5569,34.40913],[-118.55663,34.40879],[-118.55651,34.40864],[-118.55614,34.40814],[-118.55604,34.40802],[-118.55597,34.40795],[-118.55588,34.40785],[-118.55569,34.40762],[-118.55558,34.40748],[-118.55545,34.40731],[-118.5554,34.40725],[-118.55537,34.4072],[-118.55531,34.40712],[-118.5552,34.40699],[-118.55507,34.40682],[-118.55496,34.4067],[-118.55487,34.4066],[-118.55479,34.40651],[-118.55472,34.40643],[-118.55456,34.40626],[-118.55434,34.40599],[-118.55412,34.40573],[-118.55403,34.40562],[-118.55374,34.40531],[-118.55362,34.40517],[-118.55342,34.40493],[-118.55327,34.40475],[-118.55304,34.40446],[-118.55289,34.40427],[-118.55258,34.40388],[-118.55238,34.40363],[-118.55212,34.40331],[-118.55207,34.40325],[-118.55205,34.40323],[-118.55199,34.40313],[-118.55193,34.40304],[-118.55187,34.40295],[-118.55176,34.40277],[-118.55169,34.40265],[-118.55159,34.40249],[-118.55154,34.40239],[-118.55141,34.40217],[-118.55136,34.40207],[-118.55135,34.40205],[-118.55132,34.40199],[-118.55129,34.40191],[-118.55114,34.40146],[-118.55112,34.40136],[-118.55109,34.40126],[-118.55107,34.40115],[-118.55106,34.40105],[-118.55105,34.40102],[-118.55104,34.40093],[-118.55102,34.40052],[-118.55102,34.40041],[-118.55104,34.40008],[-118.55104,34.3998],[-118.55106,34.39967],[-118.55107,34.39954],[-118.55108,34.39947],[-118.55109,34.3994],[-118.55113,34.39921],[-118.55115,34.39914],[-118.55118,34.39903],[-118.55123,34.39886],[-118.55129,34.3987],[-118.55132,34.3986],[-118.55141,34.39841],[-118.5515,34.39821],[-118.55156,34.3981],[-118.55167,34.39791],[-118.55191,34.39755],[-118.55196,34.39748],[-118.55197,34.39747],[-118.55199,34.39744],[-118.55206,34.39735],[-118.55234,34.397],[-118.55249,34.39682],[-118.55257,34.39673],[-118.55266,34.39664],[-118.55276,34.39656],[-118.55311,34.39629],[-118.55307,34.39622],[-118.5528,34.39594],[-118.55252,34.39565],[-118.55243,34.39555],[-118.55228,34.39536],[-118.55209,34.39511],[-118.55205,34.39506],[-118.55189,34.39484],[-118.55179,34.39471],[-118.55159,34.39446],[-118.55157,34.39444],[-118.55122,34.39401],[-118.55107,34.39382],[-118.55081,34.39347],[-118.55066,34.39328],[-118.55017,34.39261],[-118.55011,34.39253],[-118.54992,34.39227],[-118.54976,34.39207],[-118.5497,34.392],[-118.54932,34.39153],[-118.54925,34.39144],[-118.54904,34.39117],[-118.54897,34.39106],[-118.5489,34.39098],[-118.54903,34.39091],[-118.54926,34.39077],[-118.54942,34.39067],[-118.54951,34.39061],[-118.54968,34.39052],[-118.5497,34.39053],[-118.54973,34.39055],[-118.54976,34.39056],[-118.54979,34.39058],[-118.54982,34.39059],[-118.54985,34.39061],[-118.54988,34.39062],[-118.54991,34.39063],[-118.54994,34.39065],[-118.54997,34.39066],[-118.55001,34.39067],[-118.55005,34.39068],[-118.55008,34.39069],[-118.55011,34.3907],[-118.55015,34.39071],[-118.55018,34.39072],[-118.55022,34.39073],[-118.55025,34.39074],[-118.55028,34.39075],[-118.55032,34.39076],[-118.55035,34.39076],[-118.55039,34.39077],[-118.55042,34.39077],[-118.55046,34.39078],[-118.55049,34.39078],[-118.55053,34.39079],[-118.55056,34.39079],[-118.5506,34.3908],[-118.55064,34.3908],[-118.55067,34.3908],[-118.55071,34.3908],[-118.55074,34.3908],[-118.55078,34.3908],[-118.55081,34.3908],[-118.55085,34.3908],[-118.55089,34.3908],[-118.55092,34.3908],[-118.55096,34.3908],[-118.55099,34.3908],[-118.55103,34.3908],[-118.55106,34.39079],[-118.55109,34.39079],[-118.55113,34.39078],[-118.55116,34.39078],[-118.5512,34.39077],[-118.55123,34.39077],[-118.55126,34.39076],[-118.5513,34.39075],[-118.55133,34.39075],[-118.55136,34.39074],[-118.55139,34.39073],[-118.55143,34.39072],[-118.55146,34.39071],[-118.55149,34.3907],[-118.55152,34.39069],[-118.55156,34.39068],[-118.55159,34.39067],[-118.55162,34.39066],[-118.55162,34.39066],[-118.55165,34.39064],[-118.55168,34.39063],[-118.55171,34.39062],[-118.55176,34.3906],[-118.55176,34.3906],[-118.55177,34.39059],[-118.55192,34.39052],[-118.552,34.39048],[-118.55218,34.39039],[-118.55223,34.39037],[-118.55345,34.3898],[-118.55442,34.38934],[-118.55447,34.38932],[-118.55452,34.3893],[-118.55457,34.38928],[-118.55461,34.38926],[-118.55466,34.38924],[-118.55471,34.38922],[-118.55476,34.38921],[-118.55481,34.38919],[-118.55486,34.38917],[-118.55491,34.38916],[-118.55496,34.38915],[-118.55485,34.38887],[-118.55485,34.38887],[-118.55486,34.38886],[-118.55488,34.38886],[-118.55488,34.3888],[-118.55487,34.38867],[-118.55487,34.38857],[-118.55489,34.38854],[-118.55495,34.3883],[-118.55496,34.38823],[-118.55496,34.38823],[-118.55496,34.38821],[-118.55498,34.38816],[-118.55503,34.38809],[-118.5551,34.38804],[-118.55531,34.38796],[-118.55532,34.38796],[-118.55536,34.38794],[-118.55549,34.38791],[-118.55565,34.38787],[-118.55572,34.38785],[-118.55585,34.38782],[-118.55586,34.38782],[-118.5563,34.38773],[-118.5565,34.38768],[-118.55656,34.38766],[-118.55673,34.38759],[-118.55689,34.38748],[-118.5571,34.38729],[-118.55726,34.38717],[-118.55728,34.38716],[-118.55751,34.38708],[-118.55756,34.38706],[-118.5576,34.38704],[-118.55763,34.38703],[-118.55741,34.38659],[-118.55738,34.38653],[-118.55733,34.38637],[-118.55725,34.38609],[-118.55722,34.38593],[-118.55721,34.38581],[-118.55721,34.38573],[-118.55722,34.3856],[-118.55722,34.38557],[-118.55723,34.38549],[-118.55728,34.38523],[-118.55732,34.38502],[-118.55737,34.38469],[-118.55739,34.38459],[-118.55742,34.38442],[-118.55743,34.38431],[-118.55743,34.38425],[-118.55743,34.38418],[-118.55742,34.38411],[-118.55739,34.38401],[-118.55738,34.38398],[-118.55736,34.38387],[-118.55734,34.38383],[-118.55728,34.38373],[-118.5572,34.38361],[-118.55714,34.38355],[-118.55703,34.38343],[-118.55653,34.38297],[-118.55662,34.3829],[-118.55672,34.38281],[-118.55683,34.38271],[-118.5571,34.38245],[-118.5573,34.38225],[-118.55737,34.38218],[-118.5575,34.38202],[-118.55756,34.38194],[-118.55765,34.38181],[-118.55769,34.38174],[-118.55773,34.38167],[-118.55773,34.38166],[-118.55777,34.38157],[-118.55782,34.38149],[-118.5579,34.38133],[-118.55794,34.38124],[-118.55802,34.38104],[-118.55809,34.38083],[-118.55814,34.38062],[-118.5582,34.38036],[-118.55826,34.38002],[-118.55827,34.38],[-118.55828,34.37992],[-118.5583,34.37972],[-118.55833,34.37944],[-118.55835,34.37918],[-118.55836,34.37907],[-118.55836,34.37898],[-118.55836,34.37888],[-118.55835,34.37875],[-118.55915,34.37869],[-118.55954,34.37867],[-118.55959,34.37867],[-118.56011,34.37864],[-118.56035,34.37862],[-118.56048,34.3786],[-118.56077,34.37856],[-118.56094,34.37853],[-118.56107,34.37851],[-118.56115,34.3785],[-118.56118,34.37849],[-118.56147,34.37842],[-118.56161,34.37839],[-118.56175,34.37837],[-118.5619,34.37834],[-118.56205,34.37832],[-118.56218,34.37831],[-118.56253,34.37828],[-118.56275,34.37828],[-118.56293,34.37828],[-118.56302,34.37828],[-118.56324,34.3783],[-118.56354,34.37833],[-118.56369,34.37835],[-118.56392,34.37839],[-118.56448,34.37849],[-118.56459,34.3785],[-118.56485,34.37854],[-118.56503,34.37857],[-118.56517,34.37859],[-118.56522,34.37859],[-118.56528,34.3786],[-118.56534,34.37861],[-118.56549,34.37864]]]}},{"type":"Feature","properties":{"seat":"newhall-school-district-trustee-area-3","label":"Trustee Area 3","county":"TA3","role":"seat"},"geometry":{"type":"Polygon","coordinates":[[[-118.49717,34.37455],[-118.49786,34.37394],[-118.49809,34.37373],[-118.49827,34.37356],[-118.49844,34.37339],[-118.49848,34.37335],[-118.4986,34.37323],[-118.49876,34.37306],[-118.49892,34.37288],[-118.49902,34.37276],[-118.49912,34.37264],[-118.49921,34.37254],[-118.49933,34.37239],[-118.49942,34.37227],[-118.49955,34.3721],[-118.49967,34.37194],[-118.49972,34.37186],[-118.49973,34.37184],[-118.49988,34.37261],[-118.49993,34.37254],[-118.50002,34.37243],[-118.50003,34.37242],[-118.5003,34.37208],[-118.5004,34.37196],[-118.50051,34.37203],[-118.50161,34.37262],[-118.50207,34.37286],[-118.50226,34.37296],[-118.50245,34.37306],[-118.50265,34.37315],[-118.50285,34.37324],[-118.50305,34.37333],[-118.50325,34.37341],[-118.50346,34.37348],[-118.50366,34.37356],[-118.50435,34.3738],[-118.50471,34.37393],[-118.50655,34.37458],[-118.50671,34.37463],[-118.50678,34.37466],[-118.50686,34.37469],[-118.50693,34.37472],[-118.507,34.37475],[-118.50704,34.37477],[-118.50708,34.37479],[-118.50715,34.37482],[-118.50721,34.37486],[-118.50728,34.3749],[-118.5073,34.37491],[-118.50734,34.37494],[-118.50739,34.37497],[-118.50741,34.37499],[-118.50743,34.375],[-118.50747,34.37503],[-118.50749,34.37505],[-118.50754,34.37509],[-118.50759,34.37513],[-118.50765,34.37518],[-118.50769,34.37522],[-118.50778,34.37526],[-118.50793,34.37543],[-118.50828,34.37586],[-118.50847,34.37609],[-118.50872,34.37641],[-118.50881,34.37652],[-118.50886,34.37658],[-118.50901,34.37673],[-118.50919,34.37688],[-118.50935,34.37699],[-118.50941,34.37703],[-118.50966,34.37716],[-118.51002,34.37729],[-118.51027,34.37736],[-118.51035,34.37739],[-118.51107,34.37753],[-118.5116,34.37763],[-118.51163,34.37764],[-118.51176,34.37767],[-118.51233,34.37776],[-118.5129,34.37788],[-118.51313,34.37791],[-118.51321,34.37794],[-118.51325,34.37797],[-118.51325,34.37801],[-118.51324,34.37806],[-118.51323,34.37809],[-118.51332,34.3781],[-118.51332,34.3781],[-118.51344,34.37813],[-118.51392,34.37822],[-118.51397,34.37803],[-118.51398,34.378],[-118.51398,34.378],[-118.51399,34.37797],[-118.514,34.37792],[-118.51412,34.37798],[-118.51414,34.37799],[-118.51417,34.378],[-118.5142,34.37801],[-118.51423,34.37802],[-118.5146,34.37818],[-118.51467,34.37821],[-118.51476,34.37825],[-118.51555,34.37859],[-118.51555,34.37859],[-118.51556,34.37859],[-118.5156,34.37861],[-118.51565,34.37863],[-118.5157,34.37865],[-118.51571,34.37865],[-118.51598,34.37877],[-118.51599,34.37877],[-118.51599,34.37877],[-118.51599,34.37878],[-118.51599,34.37878],[-118.51599,34.37878],[-118.51605,34.3788],[-118.51609,34.37882],[-118.51613,34.37884],[-118.51625,34.37889],[-118.51631,34.37891],[-118.51632,34.37892],[-118.51692,34.37918],[-118.517,34.37905],[-118.51701,34.37904],[-118.51701,34.37904],[-118.51703,34.379],[-118.51721,34.37872],[-118.51733,34.37853],[-118.51747,34.3783],[-118.51753,34.37822],[-118.51758,34.37814],[-118.51763,34.37806],[-118.51772,34.37792],[-118.51779,34.3778],[-118.51787,34.37768],[-118.51796,34.37754],[-118.51807,34.37736],[-118.51821,34.37713],[-118.51828,34.37703],[-118.51834,34.37693],[-118.51852,34.37665],[-118.51853,34.37663],[-118.51854,34.37662],[-118.52069,34.37913],[-118.52083,34.37929],[-118.52235,34.38106],[-118.52309,34.38123],[-118.52359,34.3813],[-118.5234,34.38109],[-118.52478,34.38035],[-118.52458,34.3801],[-118.52455,34.38005],[-118.5246,34.38007],[-118.52476,34.3801],[-118.52511,34.38017],[-118.52511,34.38017],[-118.52537,34.38004],[-118.5258,34.38014],[-118.52602,34.38026],[-118.52603,34.38027],[-118.5261,34.38031],[-118.52617,34.38035],[-118.5267,34.38065],[-118.52672,34.38066],[-118.52678,34.3807],[-118.52765,34.38139],[-118.528,34.38166],[-118.52804,34.38164],[-118.52811,34.3816],[-118.52812,34.3816],[-118.52825,34.38153],[-118.52828,34.38151],[-118.52828,34.38151],[-118.52835,34.3816],[-118.52835,34.3816],[-118.52838,34.38164],[-118.52853,34.38183],[-118.52862,34.38195],[-118.52863,34.38197],[-118.52863,34.38197],[-118.52863,34.38197],[-118.52863,34.38197],[-118.52872,34.38208],[-118.52881,34.3822],[-118.52931,34.38285],[-118.52933,34.38288],[-118.52945,34.38281],[-118.5295,34.38279],[-118.52971,34.38267],[-118.52985,34.38282],[-118.52988,34.38287],[-118.52997,34.38303],[-118.53004,34.38314],[-118.53018,34.38333],[-118.53025,34.38342],[-118.53032,34.3835],[-118.53062,34.38389],[-118.53125,34.38472],[-118.53132,34.3848],[-118.53177,34.38539],[-118.53211,34.38585],[-118.53214,34.38588],[-118.53278,34.38672],[-118.53295,34.38694],[-118.53315,34.38719],[-118.534,34.38829],[-118.534,34.3883],[-118.53442,34.38883],[-118.53606,34.39099],[-118.53646,34.39151],[-118.53659,34.39168],[-118.53675,34.39188],[-118.53704,34.39225],[-118.53711,34.39233],[-118.53741,34.39272],[-118.53762,34.393],[-118.53767,34.39306],[-118.53795,34.39344],[-118.53801,34.39353],[-118.53818,34.39374],[-118.53824,34.39382],[-118.5383,34.3939],[-118.53845,34.39409],[-118.53853,34.3942],[-118.53862,34.39433],[-118.53871,34.39448],[-118.53877,34.3946],[-118.53882,34.39473],[-118.53884,34.39479],[-118.5389,34.39497],[-118.53891,34.39501],[-118.53893,34.3951],[-118.53894,34.39516],[-118.53896,34.39528],[-118.53897,34.39528],[-118.53899,34.39528],[-118.539,34.39528],[-118.53901,34.39527],[-118.53902,34.39527],[-118.53904,34.39527],[-118.53906,34.39527],[-118.53907,34.39526],[-118.53909,34.39526],[-118.5391,34.39526],[-118.53912,34.39525],[-118.53914,34.39525],[-118.53915,34.39525],[-118.53917,34.39525],[-118.53919,34.39524],[-118.5392,34.39524],[-118.53922,34.39524],[-118.53923,34.39524],[-118.53925,34.39523],[-118.53927,34.39523],[-118.53928,34.39523],[-118.5393,34.39522],[-118.53932,34.39522],[-118.53933,34.39522],[-118.53935,34.39522],[-118.53937,34.39521],[-118.53934,34.39503],[-118.53934,34.395],[-118.53934,34.39486],[-118.53934,34.39482],[-118.53933,34.39424],[-118.53933,34.39408],[-118.53929,34.39402],[-118.53929,34.39402],[-118.53923,34.39393],[-118.53893,34.39346],[-118.53925,34.39329],[-118.53939,34.39322],[-118.53952,34.39315],[-118.53967,34.39335],[-118.54031,34.39305],[-118.54013,34.39282],[-118.53902,34.39138],[-118.53819,34.3903],[-118.53617,34.38769],[-118.53588,34.38731],[-118.5365,34.38697],[-118.53688,34.38678],[-118.53789,34.38626],[-118.53873,34.38727],[-118.53882,34.38738],[-118.53912,34.38775],[-118.53913,34.38777],[-118.54123,34.39021],[-118.54167,34.39072],[-118.54169,34.39075],[-118.54177,34.39084],[-118.54192,34.39101],[-118.54193,34.39103],[-118.54207,34.39118],[-118.54203,34.39121],[-118.54223,34.39145],[-118.54223,34.39145],[-118.54226,34.39148],[-118.54233,34.39142],[-118.54259,34.39119],[-118.5427,34.39109],[-118.54314,34.39071],[-118.54356,34.39033],[-118.5437,34.39022],[-118.54396,34.38999],[-118.54408,34.38976],[-118.54437,34.3895],[-118.54451,34.38938],[-118.54483,34.3891],[-118.54504,34.38891],[-118.54524,34.38874],[-118.5457,34.38846],[-118.54596,34.38838],[-118.546,34.38837],[-118.54612,34.38831],[-118.54628,34.38852],[-118.54637,34.38863],[-118.54645,34.38857],[-118.54669,34.38888],[-118.54672,34.38891],[-118.5468,34.38902],[-118.54685,34.38909],[-118.54705,34.3893],[-118.54717,34.38942],[-118.54728,34.38952],[-118.54762,34.38982],[-118.54817,34.39031],[-118.54831,34.39043],[-118.54861,34.39068],[-118.54873,34.3908],[-118.54884,34.39091],[-118.54889,34.39097],[-118.5489,34.39098],[-118.54897,34.39106],[-118.54904,34.39117],[-118.54925,34.39144],[-118.54932,34.39153],[-118.5497,34.392],[-118.54976,34.39207],[-118.54978,34.3921],[-118.54992,34.39227],[-118.55011,34.39253],[-118.55017,34.39261],[-118.55066,34.39328],[-118.55081,34.39347],[-118.55107,34.39382],[-118.55122,34.39401],[-118.55157,34.39444],[-118.55159,34.39446],[-118.55179,34.39471],[-118.55189,34.39484],[-118.55205,34.39506],[-118.55209,34.39511],[-118.55228,34.39536],[-118.55243,34.39555],[-118.55252,34.39565],[-118.5528,34.39594],[-118.55307,34.39622],[-118.55311,34.39629],[-118.55276,34.39656],[-118.55266,34.39664],[-118.55257,34.39673],[-118.55249,34.39682],[-118.55234,34.397],[-118.55206,34.39735],[-118.55199,34.39744],[-118.55197,34.39747],[-118.55196,34.39748],[-118.55191,34.39755],[-118.55167,34.39791],[-118.55156,34.3981],[-118.5515,34.39821],[-118.55141,34.39841],[-118.55132,34.3986],[-118.55129,34.3987],[-118.55123,34.39886],[-118.55118,34.39903],[-118.55115,34.39914],[-118.55113,34.39921],[-118.55109,34.3994],[-118.55108,34.39947],[-118.55107,34.39954],[-118.55106,34.39967],[-118.55104,34.3998],[-118.55104,34.40008],[-118.55102,34.40041],[-118.55102,34.40052],[-118.55104,34.40093],[-118.55105,34.40102],[-118.55106,34.40105],[-118.55107,34.40115],[-118.55109,34.40126],[-118.55112,34.40136],[-118.55114,34.40146],[-118.55129,34.40191],[-118.55132,34.40199],[-118.55135,34.40205],[-118.55136,34.40207],[-118.55141,34.40217],[-118.55142,34.40219],[-118.55154,34.40239],[-118.55159,34.40249],[-118.55169,34.40265],[-118.55176,34.40277],[-118.55187,34.40295],[-118.55193,34.40304],[-118.55199,34.40313],[-118.55205,34.40323],[-118.55207,34.40325],[-118.55212,34.40331],[-118.55238,34.40363],[-118.55258,34.40388],[-118.55289,34.40427],[-118.55304,34.40446],[-118.55327,34.40475],[-118.55342,34.40493],[-118.55362,34.40517],[-118.55374,34.40531],[-118.55403,34.40562],[-118.55412,34.40573],[-118.55434,34.40599],[-118.55456,34.40626],[-118.55472,34.40643],[-118.55479,34.40651],[-118.55487,34.4066],[-118.55496,34.4067],[-118.55507,34.40682],[-118.5552,34.40699],[-118.55531,34.40712],[-118.55537,34.4072],[-118.5554,34.40725],[-118.55545,34.40731],[-118.55558,34.40748],[-118.55569,34.40762],[-118.55588,34.40785],[-118.55597,34.40795],[-118.55604,34.40802],[-118.55614,34.40814],[-118.55651,34.40864],[-118.55663,34.40879],[-118.5569,34.40913],[-118.55707,34.40932],[-118.55754,34.40982],[-118.55764,34.40992],[-118.55785,34.41017],[-118.55794,34.41027],[-118.55803,34.41036],[-118.55805,34.41038],[-118.55817,34.4105],[-118.55827,34.41059],[-118.55837,34.41067],[-118.55845,34.41076],[-118.55855,34.41085],[-118.55862,34.41093],[-118.55889,34.41124],[-118.55897,34.41133],[-118.55901,34.41139],[-118.55924,34.41177],[-118.55925,34.41179],[-118.55935,34.41196],[-118.55944,34.41215],[-118.55959,34.41247],[-118.55974,34.41277],[-118.55987,34.41306],[-118.55992,34.4132],[-118.55881,34.41314],[-118.55813,34.41312],[-118.55789,34.41311],[-118.55747,34.4131],[-118.55735,34.4131],[-118.55705,34.41309],[-118.55628,34.41309],[-118.55593,34.41309],[-118.55503,34.41306],[-118.55472,34.41306],[-118.55454,34.41306],[-118.55447,34.41306],[-118.55382,34.41308],[-118.55363,34.41308],[-118.55345,34.4131],[-118.55329,34.41312],[-118.55314,34.41315],[-118.55298,34.41319],[-118.55266,34.41327],[-118.55246,34.41332],[-118.5524,34.41334],[-118.55222,34.41341],[-118.55211,34.41345],[-118.552,34.4135],[-118.55189,34.41354],[-118.5518,34.41359],[-118.55171,34.41364],[-118.55153,34.41375],[-118.55126,34.41392],[-118.55118,34.41397],[-118.55111,34.41402],[-118.55105,34.41406],[-118.55073,34.41437],[-118.55054,34.41456],[-118.55046,34.41465],[-118.55037,34.41475],[-118.5503,34.41486],[-118.55023,34.41495],[-118.55017,34.41505],[-118.55011,34.41515],[-118.55006,34.41524],[-118.55003,34.41532],[-118.54998,34.41543],[-118.5498,34.41586],[-118.54973,34.41602],[-118.54932,34.41592],[-118.54893,34.41581],[-118.54889,34.4158],[-118.54853,34.41569],[-118.54807,34.41555],[-118.54793,34.41551],[-118.54708,34.41527],[-118.54678,34.41518],[-118.54596,34.41494],[-118.54564,34.41485],[-118.54537,34.41477],[-118.54503,34.41468],[-118.54491,34.41464],[-118.54486,34.41463],[-118.54405,34.4144],[-118.54352,34.41424],[-118.54344,34.41412],[-118.54336,34.41401],[-118.54225,34.41266],[-118.54205,34.41242],[-118.54118,34.41135],[-118.54135,34.41133],[-118.54135,34.41132],[-118.54134,34.4113],[-118.541,34.41022],[-118.54064,34.40906],[-118.54063,34.40903],[-118.54063,34.40903],[-118.54063,34.40902],[-118.54061,34.40897],[-118.54059,34.40888],[-118.54042,34.4089],[-118.54032,34.40891],[-118.54031,34.40891],[-118.54013,34.40894],[-118.5401,34.40894],[-118.54001,34.40896],[-118.54001,34.40896],[-118.53988,34.40897],[-118.53968,34.40896],[-118.53966,34.40889],[-118.5395,34.40891],[-118.53934,34.40893],[-118.53917,34.40895],[-118.53901,34.40897],[-118.53903,34.40909],[-118.53869,34.40913],[-118.53868,34.40903],[-118.53867,34.40901],[-118.53866,34.40897],[-118.53846,34.40897],[-118.53845,34.40892],[-118.53717,34.40909],[-118.53719,34.40919],[-118.53718,34.4092],[-118.53633,34.40919],[-118.53582,34.40918],[-118.52552,34.40911],[-118.51493,34.40904],[-118.51392,34.40904],[-118.51386,34.40904],[-118.51226,34.40903],[-118.51202,34.40903],[-118.51195,34.40902],[-118.51193,34.40902],[-118.51151,34.40902],[-118.51151,34.4089],[-118.51152,34.40884],[-118.51154,34.40827],[-118.51154,34.40819],[-118.51155,34.40786],[-118.51183,34.39995],[-118.51203,34.39416],[-118.51006,34.39415],[-118.50301,34.3941],[-118.50225,34.3941],[-118.50133,34.39409],[-118.50088,34.3941],[-118.50014,34.39411],[-118.49951,34.39412],[-118.49928,34.39413],[-118.49917,34.39413],[-118.49912,34.39413],[-118.49887,34.39414],[-118.49838,34.39414],[-118.49742,34.39416],[-118.49742,34.39416],[-118.49644,34.39422],[-118.49331,34.39439],[-118.49289,34.3944],[-118.49246,34.39441],[-118.49204,34.39442],[-118.49162,34.39443],[-118.4912,34.39444],[-118.49099,34.39444],[-118.49057,34.39445],[-118.49016,34.39446],[-118.49015,34.39446],[-118.48995,34.39447],[-118.48973,34.39447],[-118.48931,34.39448],[-118.4891,34.39449],[-118.48889,34.39449],[-118.48878,34.39449],[-118.48868,34.3945],[-118.48847,34.3945],[-118.48834,34.39451],[-118.48805,34.39451],[-118.48793,34.39451],[-118.48764,34.39452],[-118.48751,34.39452],[-118.48722,34.39453],[-118.48709,34.39453],[-118.48683,34.39454],[-118.48681,34.39454],[-118.48665,34.39454],[-118.48661,34.39454],[-118.48628,34.39455],[-118.48602,34.39456],[-118.48617,34.3944],[-118.48647,34.39407],[-118.48662,34.39389],[-118.48674,34.39374],[-118.48685,34.3936],[-118.48695,34.39346],[-118.48705,34.3933],[-118.4873,34.39291],[-118.4875,34.39259],[-118.48754,34.39253],[-118.48764,34.39234],[-118.4879,34.39185],[-118.48814,34.39137],[-118.48867,34.39026],[-118.48902,34.38955],[-118.48925,34.38909],[-118.48934,34.38891],[-118.4894,34.38876],[-118.48941,34.38873],[-118.48949,34.38853],[-118.48957,34.38832],[-118.48964,34.3881],[-118.48976,34.38768],[-118.48982,34.38749],[-118.48984,34.38743],[-118.49003,34.38684],[-118.49019,34.3863],[-118.4904,34.38556],[-118.49042,34.38552],[-118.49051,34.38524],[-118.49054,34.38513],[-118.49056,34.38509],[-118.49064,34.38489],[-118.49069,34.38477],[-118.49083,34.38446],[-118.49084,34.38443],[-118.49089,34.38433],[-118.49097,34.38417],[-118.49248,34.38103],[-118.49304,34.37985],[-118.49315,34.3797],[-118.49324,34.3795],[-118.49329,34.37941],[-118.49347,34.37909],[-118.49357,34.37895],[-118.49363,34.37886],[-118.49374,34.37872],[-118.49382,34.3786],[-118.49389,34.37851],[-118.49402,34.37836],[-118.49411,34.37826],[-118.49422,34.37815],[-118.49399,34.37797],[-118.49371,34.37775],[-118.49359,34.37766],[-118.49454,34.37683],[-118.49565,34.37586],[-118.49609,34.37548],[-118.49679,34.37487],[-118.49717,34.37455]]]}},{"type":"Feature","properties":{"seat":"newhall-school-district-trustee-area-4","label":"Trustee Area 4","county":"TA4","role":"seat"},"geometry":{"type":"Polygon","coordinates":[[[-118.50453,34.345],[-118.50458,34.34486],[-118.50562,34.3452],[-118.50594,34.34533],[-118.50608,34.34539],[-118.50613,34.3454],[-118.50619,34.34543],[-118.50621,34.34544],[-118.50623,34.34544],[-118.50964,34.3468],[-118.50964,34.34681],[-118.5095,34.34698],[-118.50929,34.34727],[-118.50922,34.34737],[-118.5092,34.34739],[-118.50908,34.34758],[-118.50907,34.34759],[-118.50894,34.34781],[-118.50887,34.34793],[-118.50871,34.34821],[-118.50852,34.34855],[-118.50838,34.34893],[-118.5083,34.34919],[-118.50826,34.34932],[-118.50822,34.34945],[-118.50819,34.34958],[-118.50818,34.34961],[-118.50814,34.34985],[-118.50811,34.35008],[-118.50809,34.3502],[-118.50809,34.35031],[-118.50809,34.35032],[-118.50809,34.35044],[-118.50809,34.35057],[-118.50811,34.35089],[-118.50812,34.35095],[-118.50813,34.35106],[-118.50817,34.35137],[-118.50828,34.35213],[-118.50831,34.35235],[-118.50833,34.35259],[-118.50834,34.35275],[-118.50835,34.35299],[-118.50834,34.35306],[-118.50835,34.35322],[-118.50834,34.35329],[-118.50834,34.35336],[-118.50833,34.35351],[-118.50791,34.35608],[-118.50769,34.35741],[-118.50755,34.35787],[-118.50737,34.35851],[-118.50722,34.35908],[-118.50704,34.35982],[-118.50704,34.36003],[-118.50705,34.36022],[-118.50706,34.36058],[-118.50713,34.36192],[-118.50719,34.36301],[-118.50718,34.36313],[-118.50718,34.36322],[-118.50718,34.36335],[-118.50717,34.36369],[-118.50715,34.36385],[-118.50715,34.36387],[-118.50713,34.36401],[-118.50711,34.3641],[-118.50708,34.36419],[-118.50705,34.3643],[-118.50701,34.36442],[-118.50689,34.36478],[-118.50684,34.3649],[-118.50683,34.36495],[-118.50678,34.36509],[-118.50674,34.36518],[-118.50665,34.36535],[-118.5066,34.36544],[-118.50649,34.36563],[-118.50635,34.36583],[-118.50632,34.36587],[-118.50659,34.36596],[-118.50674,34.36601],[-118.50699,34.36608],[-118.50707,34.3661],[-118.50715,34.36612],[-118.50719,34.36614],[-118.50721,34.36615],[-118.50724,34.36616],[-118.50725,34.36617],[-118.50736,34.36622],[-118.50749,34.36628],[-118.50759,34.36634],[-118.50766,34.36637],[-118.5077,34.36639],[-118.50778,34.36644],[-118.50827,34.36671],[-118.50836,34.36677],[-118.50898,34.36717],[-118.50943,34.36747],[-118.50958,34.36756],[-118.50977,34.36769],[-118.51026,34.36801],[-118.51041,34.3681],[-118.51073,34.3683],[-118.51074,34.3683],[-118.51092,34.36802],[-118.51096,34.36797],[-118.51098,34.36795],[-118.51102,34.3679],[-118.51108,34.36783],[-118.51113,34.36778],[-118.51116,34.36775],[-118.51122,34.36767],[-118.51123,34.36765],[-118.51125,34.36761],[-118.51127,34.36756],[-118.5113,34.36744],[-118.5114,34.36685],[-118.51142,34.36669],[-118.51148,34.36669],[-118.51217,34.36671],[-118.51348,34.36673],[-118.51348,34.36673],[-118.51349,34.36673],[-118.51337,34.36698],[-118.5132,34.36732],[-118.51317,34.36738],[-118.51232,34.36908],[-118.51227,34.36916],[-118.51223,34.36922],[-118.51225,34.36923],[-118.51239,34.36932],[-118.51263,34.36948],[-118.51275,34.36956],[-118.51282,34.3696],[-118.51289,34.36965],[-118.5131,34.36978],[-118.51324,34.36987],[-118.51329,34.36989],[-118.51337,34.36995],[-118.51339,34.36995],[-118.51343,34.36998],[-118.51389,34.37024],[-118.51417,34.37041],[-118.51438,34.37053],[-118.51476,34.37076],[-118.51477,34.37077],[-118.51499,34.3709],[-118.51536,34.37112],[-118.51574,34.37136],[-118.51633,34.37173],[-118.51673,34.37198],[-118.5172,34.37227],[-118.51737,34.37237],[-118.51778,34.37262],[-118.51797,34.37274],[-118.51828,34.37292],[-118.51863,34.37311],[-118.51894,34.37326],[-118.51914,34.37336],[-118.51932,34.37343],[-118.51937,34.37345],[-118.51968,34.37357],[-118.52029,34.37383],[-118.52067,34.37399],[-118.52074,34.37403],[-118.52126,34.37425],[-118.52156,34.37438],[-118.52191,34.37453],[-118.52199,34.37456],[-118.52235,34.37471],[-118.52301,34.37498],[-118.52303,34.37499],[-118.5232,34.37507],[-118.52323,34.37508],[-118.52323,34.37509],[-118.5233,34.37518],[-118.52341,34.37522],[-118.5237,34.37534],[-118.52381,34.37539],[-118.52395,34.37545],[-118.52404,34.37549],[-118.52412,34.37552],[-118.52434,34.37561],[-118.52431,34.37556],[-118.5249,34.37583],[-118.52522,34.37596],[-118.52524,34.37597],[-118.5254,34.37603],[-118.52547,34.37606],[-118.52554,34.37609],[-118.52566,34.37614],[-118.52572,34.37617],[-118.52581,34.37622],[-118.52589,34.37627],[-118.52598,34.37634],[-118.52603,34.37638],[-118.52608,34.37643],[-118.52633,34.37669],[-118.52633,34.37669],[-118.52643,34.37662],[-118.52646,34.37661],[-118.52649,34.3766],[-118.52658,34.37659],[-118.52665,34.37659],[-118.52673,34.3766],[-118.52679,34.37662],[-118.5269,34.37667],[-118.52695,34.3767],[-118.52708,34.37677],[-118.5272,34.37683],[-118.52733,34.37688],[-118.52778,34.37707],[-118.52782,34.37708],[-118.52788,34.37711],[-118.5281,34.3772],[-118.52822,34.37725],[-118.52858,34.37741],[-118.52898,34.37758],[-118.52904,34.37761],[-118.52905,34.37759],[-118.52935,34.37709],[-118.52971,34.37651],[-118.52981,34.37634],[-118.52985,34.37626],[-118.52987,34.37616],[-118.52989,34.37602],[-118.52989,34.37599],[-118.52989,34.37594],[-118.52989,34.37566],[-118.52989,34.37545],[-118.52989,34.37539],[-118.52988,34.37535],[-118.52987,34.37522],[-118.52988,34.37515],[-118.52989,34.37511],[-118.52991,34.37508],[-118.52993,34.37505],[-118.52996,34.37503],[-118.53002,34.37498],[-118.53016,34.3749],[-118.53035,34.37475],[-118.53037,34.37474],[-118.53048,34.37464],[-118.53068,34.37446],[-118.53069,34.37444],[-118.53074,34.3744],[-118.53075,34.37439],[-118.5308,34.37434],[-118.53084,34.37431],[-118.53085,34.3743],[-118.53087,34.37428],[-118.53087,34.37428],[-118.53099,34.37418],[-118.53115,34.37405],[-118.53118,34.37402],[-118.53128,34.37394],[-118.53141,34.37384],[-118.53143,34.37383],[-118.53154,34.37375],[-118.53156,34.37374],[-118.53157,34.37374],[-118.53191,34.3735],[-118.53201,34.37343],[-118.53205,34.37338],[-118.53252,34.37307],[-118.53259,34.37303],[-118.53267,34.373],[-118.53283,34.37295],[-118.53297,34.3729],[-118.53303,34.37287],[-118.53307,34.37285],[-118.53319,34.37281],[-118.53327,34.37276],[-118.53332,34.37274],[-118.53336,34.37271],[-118.53342,34.37265],[-118.53346,34.37259],[-118.53366,34.37233],[-118.53369,34.37229],[-118.53373,34.37224],[-118.53375,34.37222],[-118.53377,34.37219],[-118.5338,34.37217],[-118.53384,34.37213],[-118.53393,34.37207],[-118.53398,34.37204],[-118.53435,34.37188],[-118.53474,34.37169],[-118.53475,34.37169],[-118.53484,34.37166],[-118.53494,34.37164],[-118.53505,34.37162],[-118.53517,34.37161],[-118.53525,34.37247],[-118.53528,34.3728],[-118.53536,34.37361],[-118.53536,34.37363],[-118.53549,34.37362],[-118.53592,34.3736],[-118.53616,34.37359],[-118.5365,34.37358],[-118.53668,34.37358],[-118.53671,34.37358],[-118.53678,34.37358],[-118.53689,34.37357],[-118.53728,34.37353],[-118.5376,34.3735],[-118.53762,34.37349],[-118.5379,34.37348],[-118.53847,34.37346],[-118.53879,34.37344],[-118.53905,34.37343],[-118.53957,34.37339],[-118.5399,34.37336],[-118.53993,34.37384],[-118.53996,34.37424],[-118.53999,34.37464],[-118.54001,34.37486],[-118.54002,34.37498],[-118.54002,34.375],[-118.54006,34.37533],[-118.5401,34.37566],[-118.54013,34.37598],[-118.54014,34.37609],[-118.54017,34.37634],[-118.54023,34.37703],[-118.5403,34.37793],[-118.54032,34.37811],[-118.54035,34.37833],[-118.54039,34.37857],[-118.54044,34.37881],[-118.54048,34.37897],[-118.54053,34.37912],[-118.54057,34.37926],[-118.54067,34.37951],[-118.54078,34.37978],[-118.54072,34.37978],[-118.54032,34.3798],[-118.53998,34.37982],[-118.53983,34.37983],[-118.53934,34.37986],[-118.53929,34.37986],[-118.53895,34.37988],[-118.53855,34.3799],[-118.53852,34.3799],[-118.53827,34.37991],[-118.53813,34.37992],[-118.5381,34.37992],[-118.53778,34.37994],[-118.53768,34.37995],[-118.53695,34.37999],[-118.53673,34.38001],[-118.53626,34.38005],[-118.53558,34.38009],[-118.53488,34.38011],[-118.53454,34.38013],[-118.53417,34.38015],[-118.53378,34.38018],[-118.53341,34.38022],[-118.53308,34.38026],[-118.53304,34.38026],[-118.53337,34.38072],[-118.53345,34.38083],[-118.53366,34.38112],[-118.53391,34.38144],[-118.53439,34.38207],[-118.53459,34.38231],[-118.53466,34.3824],[-118.53474,34.38249],[-118.53486,34.38264],[-118.53516,34.38301],[-118.53541,34.38332],[-118.53548,34.38339],[-118.53566,34.3836],[-118.53577,34.38373],[-118.53589,34.38388],[-118.53589,34.38388],[-118.53761,34.38592],[-118.53789,34.38626],[-118.53688,34.38678],[-118.5365,34.38697],[-118.53588,34.38731],[-118.53617,34.38769],[-118.53819,34.3903],[-118.53902,34.39138],[-118.54013,34.39282],[-118.54031,34.39305],[-118.53967,34.39335],[-118.53952,34.39315],[-118.53939,34.39322],[-118.53925,34.39329],[-118.53893,34.39346],[-118.53923,34.39393],[-118.53929,34.39402],[-118.53929,34.39402],[-118.53933,34.39408],[-118.53933,34.39424],[-118.53934,34.39482],[-118.53934,34.39486],[-118.53934,34.395],[-118.53934,34.39503],[-118.53937,34.39521],[-118.53935,34.39522],[-118.53933,34.39522],[-118.53932,34.39522],[-118.5393,34.39522],[-118.53928,34.39523],[-118.53927,34.39523],[-118.53925,34.39523],[-118.53923,34.39524],[-118.53922,34.39524],[-118.5392,34.39524],[-118.53919,34.39524],[-118.53917,34.39525],[-118.53915,34.39525],[-118.53914,34.39525],[-118.53912,34.39525],[-118.5391,34.39526],[-118.53909,34.39526],[-118.53907,34.39526],[-118.53906,34.39527],[-118.53904,34.39527],[-118.53902,34.39527],[-118.53901,34.39527],[-118.539,34.39528],[-118.53899,34.39528],[-118.53897,34.39528],[-118.53896,34.39528],[-118.53895,34.39524],[-118.53894,34.39516],[-118.53893,34.3951],[-118.53891,34.39501],[-118.5389,34.39497],[-118.53884,34.39479],[-118.53882,34.39473],[-118.53877,34.3946],[-118.53871,34.39448],[-118.53862,34.39433],[-118.53853,34.3942],[-118.53845,34.39409],[-118.5383,34.3939],[-118.53824,34.39382],[-118.53818,34.39374],[-118.53801,34.39353],[-118.53767,34.39306],[-118.53762,34.393],[-118.53741,34.39272],[-118.53711,34.39233],[-118.53704,34.39225],[-118.53675,34.39188],[-118.53659,34.39168],[-118.53646,34.39151],[-118.53606,34.39099],[-118.53442,34.38883],[-118.534,34.38829],[-118.53315,34.38719],[-118.53295,34.38694],[-118.53278,34.38672],[-118.53214,34.38588],[-118.53211,34.38585],[-118.53177,34.38539],[-118.53132,34.3848],[-118.53125,34.38472],[-118.53062,34.38389],[-118.53032,34.3835],[-118.53025,34.38342],[-118.53018,34.38333],[-118.53004,34.38314],[-118.52997,34.38303],[-118.52988,34.38287],[-118.52985,34.38282],[-118.52971,34.38267],[-118.5295,34.38279],[-118.52945,34.38281],[-118.52933,34.38288],[-118.52931,34.38285],[-118.52881,34.3822],[-118.52872,34.38208],[-118.52863,34.38197],[-118.52863,34.38197],[-118.52863,34.38197],[-118.52863,34.38197],[-118.52862,34.38195],[-118.52853,34.38183],[-118.52838,34.38164],[-118.52835,34.3816],[-118.52835,34.3816],[-118.52828,34.38151],[-118.52828,34.38151],[-118.52825,34.38153],[-118.52812,34.3816],[-118.52811,34.3816],[-118.52806,34.38163],[-118.528,34.38166],[-118.52765,34.38139],[-118.52678,34.3807],[-118.52672,34.38066],[-118.5267,34.38065],[-118.52617,34.38035],[-118.5261,34.38031],[-118.52603,34.38027],[-118.52602,34.38026],[-118.5258,34.38014],[-118.52537,34.38004],[-118.52511,34.38017],[-118.52511,34.38017],[-118.52476,34.3801],[-118.5246,34.38007],[-118.52455,34.38005],[-118.52458,34.3801],[-118.52478,34.38035],[-118.5234,34.38109],[-118.52359,34.3813],[-118.52309,34.38123],[-118.52235,34.38106],[-118.52083,34.37929],[-118.52069,34.37913],[-118.51854,34.37662],[-118.51853,34.37663],[-118.51852,34.37665],[-118.51834,34.37693],[-118.51828,34.37703],[-118.51821,34.37713],[-118.51807,34.37736],[-118.51796,34.37754],[-118.51787,34.37768],[-118.51779,34.3778],[-118.51772,34.37792],[-118.51763,34.37806],[-118.51758,34.37814],[-118.51753,34.37822],[-118.51747,34.3783],[-118.51733,34.37853],[-118.51721,34.37872],[-118.51703,34.379],[-118.51701,34.37904],[-118.51701,34.37904],[-118.517,34.37905],[-118.51692,34.37918],[-118.51632,34.37892],[-118.51631,34.37891],[-118.51625,34.37889],[-118.51613,34.37884],[-118.51609,34.37882],[-118.51605,34.3788],[-118.51599,34.37878],[-118.51599,34.37878],[-118.51599,34.37878],[-118.51599,34.37877],[-118.51599,34.37877],[-118.51598,34.37877],[-118.51571,34.37865],[-118.5157,34.37865],[-118.51565,34.37863],[-118.5156,34.37861],[-118.51556,34.37859],[-118.51555,34.37859],[-118.51555,34.37859],[-118.51476,34.37825],[-118.51467,34.37821],[-118.5146,34.37818],[-118.51423,34.37802],[-118.5142,34.37801],[-118.51417,34.378],[-118.51414,34.37799],[-118.51412,34.37798],[-118.514,34.37792],[-118.51399,34.37797],[-118.51398,34.378],[-118.51398,34.378],[-118.51397,34.37803],[-118.51392,34.37822],[-118.51344,34.37813],[-118.51332,34.3781],[-118.51332,34.3781],[-118.51323,34.37809],[-118.51324,34.37806],[-118.51325,34.37801],[-118.51325,34.37797],[-118.51321,34.37794],[-118.51313,34.37791],[-118.5129,34.37788],[-118.51233,34.37776],[-118.51176,34.37767],[-118.51163,34.37764],[-118.5116,34.37763],[-118.51107,34.37753],[-118.51035,34.37739],[-118.51027,34.37736],[-118.51002,34.37729],[-118.50966,34.37716],[-118.50941,34.37703],[-118.50935,34.37699],[-118.50919,34.37688],[-118.50901,34.37673],[-118.50886,34.37658],[-118.50881,34.37652],[-118.50872,34.37641],[-118.50848,34.37611],[-118.50847,34.37609],[-118.50828,34.37586],[-118.50793,34.37543],[-118.50778,34.37526],[-118.50769,34.37522],[-118.50765,34.37518],[-118.50759,34.37513],[-118.50754,34.37509],[-118.50749,34.37505],[-118.50747,34.37503],[-118.50743,34.375],[-118.50741,34.37499],[-118.50739,34.37497],[-118.50734,34.37494],[-118.5073,34.37491],[-118.50728,34.3749],[-118.50721,34.37486],[-118.50715,34.37482],[-118.50708,34.37479],[-118.50704,34.37477],[-118.507,34.37475],[-118.50693,34.37472],[-118.50686,34.37469],[-118.50678,34.37466],[-118.50671,34.37463],[-118.50655,34.37458],[-118.50471,34.37393],[-118.50435,34.3738],[-118.50366,34.37356],[-118.50346,34.37348],[-118.50325,34.37341],[-118.50305,34.37333],[-118.50285,34.37324],[-118.50265,34.37315],[-118.50245,34.37306],[-118.50226,34.37296],[-118.50207,34.37286],[-118.50161,34.37262],[-118.50051,34.37203],[-118.5004,34.37196],[-118.5003,34.37208],[-118.50003,34.37242],[-118.50002,34.37243],[-118.49988,34.37261],[-118.49973,34.37184],[-118.49972,34.37186],[-118.49967,34.37194],[-118.49955,34.3721],[-118.49942,34.37227],[-118.49933,34.37239],[-118.49921,34.37254],[-118.49912,34.37264],[-118.49902,34.37276],[-118.49892,34.37288],[-118.49876,34.37306],[-118.4986,34.37323],[-118.49848,34.37335],[-118.49844,34.37339],[-118.49827,34.37356],[-118.49809,34.37373],[-118.49786,34.37394],[-118.49717,34.37455],[-118.49679,34.37487],[-118.49609,34.37548],[-118.49565,34.37586],[-118.49454,34.37683],[-118.49359,34.37766],[-118.49348,34.37758],[-118.49328,34.37742],[-118.49272,34.37698],[-118.49253,34.37684],[-118.49143,34.37598],[-118.49135,34.37592],[-118.49131,34.37588],[-118.49104,34.37568],[-118.49098,34.37564],[-118.49094,34.37561],[-118.49091,34.37559],[-118.49086,34.37557],[-118.49075,34.37549],[-118.49067,34.37544],[-118.49056,34.37539],[-118.49041,34.37532],[-118.49002,34.37517],[-118.48992,34.37514],[-118.4899,34.37513],[-118.48972,34.37509],[-118.48961,34.37506],[-118.4895,34.37504],[-118.4893,34.37502],[-118.48921,34.37501],[-118.48906,34.37498],[-118.48902,34.37498],[-118.489,34.37498],[-118.48887,34.37497],[-118.48876,34.37497],[-118.4886,34.37498],[-118.48842,34.37499],[-118.48826,34.375],[-118.48479,34.37559],[-118.4846,34.37563],[-118.48419,34.3757],[-118.48391,34.37574],[-118.48382,34.37575],[-118.48354,34.37575],[-118.4833,34.37574],[-118.48322,34.37573],[-118.48295,34.37568],[-118.48292,34.37567],[-118.48288,34.37566],[-118.48283,34.37565],[-118.48276,34.37561],[-118.48251,34.37549],[-118.48243,34.37545],[-118.48235,34.3754],[-118.48225,34.37532],[-118.48213,34.37522],[-118.48207,34.37516],[-118.48188,34.37498],[-118.48152,34.37461],[-118.4811,34.37419],[-118.48101,34.37409],[-118.48097,34.37405],[-118.48093,34.37401],[-118.48084,34.37395],[-118.48054,34.37376],[-118.48048,34.37372],[-118.48038,34.37368],[-118.48028,34.37363],[-118.48015,34.3736],[-118.48004,34.37356],[-118.4799,34.37352],[-118.47977,34.37349],[-118.47957,34.37346],[-118.47946,34.37344],[-118.47933,34.37343],[-118.47916,34.37343],[-118.47906,34.37343],[-118.47891,34.37344],[-118.4788,34.37345],[-118.47869,34.37347],[-118.47863,34.37347],[-118.47858,34.37349],[-118.47846,34.37352],[-118.47833,34.37356],[-118.47812,34.37363],[-118.47803,34.37366],[-118.47799,34.37368],[-118.47786,34.37375],[-118.4777,34.37384],[-118.47759,34.37391],[-118.47745,34.374],[-118.47734,34.37408],[-118.4773,34.37411],[-118.47728,34.37412],[-118.47716,34.37421],[-118.47697,34.37433],[-118.47674,34.37448],[-118.47646,34.37465],[-118.47624,34.37476],[-118.47604,34.37485],[-118.47589,34.37491],[-118.47568,34.37498],[-118.4722,34.37617],[-118.47204,34.37625],[-118.47185,34.37635],[-118.47178,34.3764],[-118.47167,34.37647],[-118.47148,34.37662],[-118.47128,34.37679],[-118.47041,34.37761],[-118.47034,34.37767],[-118.47024,34.37775],[-118.47,34.3779],[-118.46992,34.37794],[-118.46985,34.37798],[-118.46981,34.378],[-118.4697,34.37804],[-118.46962,34.37807],[-118.46944,34.37814],[-118.46902,34.37829],[-118.46873,34.3784],[-118.46789,34.37869],[-118.46777,34.37873],[-118.46752,34.37883],[-118.46745,34.37887],[-118.46741,34.3789],[-118.46727,34.37898],[-118.46719,34.37902],[-118.4671,34.37908],[-118.46706,34.37912],[-118.46695,34.3792],[-118.46675,34.37937],[-118.46668,34.37942],[-118.46657,34.37953],[-118.46639,34.37971],[-118.46625,34.37983],[-118.4661,34.37998],[-118.46602,34.38004],[-118.46593,34.38011],[-118.46586,34.38016],[-118.46582,34.38019],[-118.46568,34.38028],[-118.46563,34.38031],[-118.46552,34.38036],[-118.46546,34.38039],[-118.46538,34.38042],[-118.46531,34.38044],[-118.46524,34.38046],[-118.46516,34.38048],[-118.46493,34.38052],[-118.46482,34.38054],[-118.46463,34.38055],[-118.46459,34.38055],[-118.46451,34.38055],[-118.46444,34.38054],[-118.46439,34.38053],[-118.4642,34.38051],[-118.4641,34.3805],[-118.46403,34.38048],[-118.46395,34.38046],[-118.46382,34.38042],[-118.46007,34.37926],[-118.46003,34.37924],[-118.45972,34.37916],[-118.45931,34.37906],[-118.45915,34.37902],[-118.45904,34.379],[-118.45876,34.37895],[-118.45846,34.3789],[-118.45836,34.37888],[-118.45823,34.37885],[-118.4581,34.37884],[-118.45787,34.37881],[-118.45782,34.37881],[-118.4566,34.3787],[-118.4549,34.37854],[-118.45485,34.37853],[-118.45473,34.37852],[-118.4545,34.3785],[-118.45422,34.37848],[-118.45402,34.37847],[-118.45382,34.37846],[-118.45359,34.37845],[-118.45346,34.37846],[-118.45336,34.37846],[-118.45326,34.37846],[-118.45306,34.37845],[-118.45135,34.37858],[-118.45123,34.37859],[-118.45113,34.37859],[-118.45099,34.3786],[-118.45085,34.37859],[-118.44914,34.37851],[-118.44848,34.37848],[-118.44848,34.37847],[-118.44848,34.37839],[-118.44847,34.3782],[-118.44847,34.37815],[-118.44847,34.37706],[-118.44847,34.3753],[-118.44846,34.37503],[-118.44846,34.37457],[-118.44856,34.37077],[-118.44866,34.36698],[-118.44866,34.36698],[-118.44867,34.36687],[-118.44882,34.36186],[-118.44889,34.35957],[-118.4489,34.35938],[-118.44898,34.35615],[-118.44899,34.35576],[-118.44908,34.35178],[-118.45775,34.35173],[-118.46652,34.35169],[-118.47585,34.35164],[-118.48507,34.3516],[-118.48539,34.3516],[-118.48866,34.35163],[-118.49059,34.35164],[-118.49225,34.35166],[-118.49311,34.35165],[-118.49381,34.35164],[-118.49415,34.35163],[-118.49482,34.35162],[-118.49517,34.35161],[-118.49619,34.3516],[-118.49733,34.35158],[-118.49889,34.35156],[-118.50003,34.35154],[-118.50057,34.35153],[-118.50153,34.35154],[-118.50167,34.35154],[-118.50173,34.35154],[-118.50184,34.35154],[-118.50446,34.35155],[-118.50466,34.35156],[-118.50454,34.35122],[-118.50446,34.35095],[-118.5043,34.35051],[-118.50415,34.34998],[-118.50409,34.34977],[-118.50397,34.34911],[-118.50394,34.34874],[-118.50389,34.34785],[-118.50395,34.34724],[-118.50399,34.34689],[-118.50403,34.3467],[-118.50411,34.34636],[-118.50424,34.34581],[-118.50433,34.34556],[-118.50453,34.345]]]}},{"type":"Feature","properties":{"seat":"newhall-school-district-trustee-area-5","label":"Trustee Area 5","county":"TA5","role":"seat"},"geometry":{"type":"Polygon","coordinates":[[[-118.5198,34.34023],[-118.52001,34.3403],[-118.52014,34.34034],[-118.52038,34.34041],[-118.52068,34.3405],[-118.52091,34.34056],[-118.52112,34.34061],[-118.52149,34.34069],[-118.52167,34.34072],[-118.52183,34.34075],[-118.5223,34.34081],[-118.52289,34.34089],[-118.5253,34.34122],[-118.52586,34.34134],[-118.52621,34.34141],[-118.52744,34.34179],[-118.5278,34.34194],[-118.52856,34.34231],[-118.52901,34.34254],[-118.52936,34.34273],[-118.52948,34.34281],[-118.52971,34.34298],[-118.5302,34.34334],[-118.53049,34.34356],[-118.53063,34.34368],[-118.53076,34.34379],[-118.53087,34.34389],[-118.53107,34.34409],[-118.53132,34.34436],[-118.53139,34.34445],[-118.53147,34.34454],[-118.53178,34.3449],[-118.53198,34.34511],[-118.53215,34.3453],[-118.53229,34.34543],[-118.5325,34.34562],[-118.53269,34.34578],[-118.53304,34.34607],[-118.53318,34.34618],[-118.53331,34.34628],[-118.53343,34.34637],[-118.53355,34.34645],[-118.53377,34.34659],[-118.53387,34.34666],[-118.53418,34.34683],[-118.53558,34.34749],[-118.54144,34.34972],[-118.54169,34.34982],[-118.54295,34.35031],[-118.54329,34.35044],[-118.54399,34.35071],[-118.54612,34.35153],[-118.54614,34.35154],[-118.54642,34.35168],[-118.54663,34.3518],[-118.54686,34.35193],[-118.54712,34.35208],[-118.54729,34.35218],[-118.54745,34.35228],[-118.54773,34.35247],[-118.54783,34.35255],[-118.54785,34.35256],[-118.54808,34.35274],[-118.54829,34.35291],[-118.55182,34.35618],[-118.55169,34.35618],[-118.5519,34.35641],[-118.55274,34.35716],[-118.55314,34.35762],[-118.5533,34.35783],[-118.55351,34.35808],[-118.55385,34.35867],[-118.55446,34.36023],[-118.55455,34.36048],[-118.55475,34.36107],[-118.55515,34.36232],[-118.55539,34.36297],[-118.5558,34.36402],[-118.55642,34.36524],[-118.55717,34.36623],[-118.558,34.36732],[-118.55872,34.36827],[-118.55923,34.36899],[-118.55955,34.36944],[-118.55988,34.36991],[-118.56026,34.37045],[-118.56039,34.37064],[-118.56053,34.37083],[-118.56054,34.37085],[-118.56144,34.37226],[-118.5615,34.37235],[-118.5619,34.37298],[-118.56224,34.3735],[-118.56249,34.37391],[-118.56262,34.37411],[-118.56296,34.37466],[-118.56312,34.37491],[-118.56324,34.37511],[-118.56337,34.37532],[-118.56361,34.37569],[-118.56385,34.37608],[-118.5641,34.37647],[-118.56426,34.37671],[-118.56455,34.37716],[-118.56489,34.3777],[-118.56525,34.37827],[-118.56549,34.37864],[-118.56534,34.37861],[-118.56528,34.3786],[-118.56522,34.37859],[-118.56517,34.37859],[-118.56503,34.37857],[-118.56485,34.37854],[-118.56459,34.3785],[-118.56448,34.37849],[-118.56392,34.37839],[-118.56369,34.37835],[-118.56354,34.37833],[-118.56324,34.3783],[-118.56302,34.37828],[-118.56293,34.37828],[-118.56275,34.37828],[-118.56253,34.37828],[-118.56218,34.37831],[-118.56205,34.37832],[-118.5619,34.37834],[-118.56175,34.37837],[-118.56161,34.37839],[-118.56147,34.37842],[-118.56118,34.37849],[-118.56115,34.3785],[-118.56107,34.37851],[-118.56094,34.37853],[-118.56077,34.37856],[-118.56048,34.3786],[-118.56035,34.37862],[-118.56011,34.37864],[-118.55959,34.37867],[-118.55954,34.37867],[-118.55915,34.37869],[-118.55835,34.37875],[-118.55836,34.37888],[-118.55836,34.37898],[-118.55836,34.37907],[-118.55835,34.37918],[-118.55833,34.37944],[-118.5583,34.37972],[-118.55828,34.37992],[-118.55827,34.38],[-118.55826,34.38002],[-118.5582,34.38036],[-118.55814,34.38062],[-118.55809,34.38083],[-118.55802,34.38104],[-118.55794,34.38124],[-118.5579,34.38133],[-118.55782,34.38149],[-118.55777,34.38157],[-118.55773,34.38166],[-118.55773,34.38167],[-118.55769,34.38174],[-118.55765,34.38181],[-118.55756,34.38194],[-118.5575,34.38202],[-118.55737,34.38218],[-118.5573,34.38225],[-118.5571,34.38245],[-118.55683,34.38271],[-118.55672,34.38281],[-118.55662,34.3829],[-118.55653,34.38297],[-118.55703,34.38343],[-118.55714,34.38355],[-118.5572,34.38361],[-118.55728,34.38373],[-118.55734,34.38383],[-118.55736,34.38387],[-118.55738,34.38398],[-118.55739,34.38401],[-118.55742,34.38411],[-118.55743,34.38418],[-118.55743,34.38425],[-118.55743,34.38431],[-118.55742,34.38442],[-118.55739,34.38459],[-118.55737,34.38469],[-118.55732,34.38502],[-118.55728,34.38523],[-118.55723,34.38549],[-118.55722,34.38557],[-118.55722,34.3856],[-118.55721,34.38573],[-118.55721,34.38581],[-118.55722,34.38593],[-118.55725,34.38609],[-118.55733,34.38637],[-118.55738,34.38653],[-118.55741,34.38659],[-118.55763,34.38703],[-118.5576,34.38704],[-118.55756,34.38706],[-118.55751,34.38708],[-118.55728,34.38716],[-118.55726,34.38717],[-118.5571,34.38729],[-118.55689,34.38748],[-118.55673,34.38759],[-118.55656,34.38766],[-118.5565,34.38768],[-118.5563,34.38773],[-118.55586,34.38782],[-118.55585,34.38782],[-118.55572,34.38785],[-118.55565,34.38787],[-118.55549,34.38791],[-118.55536,34.38794],[-118.55532,34.38796],[-118.55531,34.38796],[-118.5551,34.38804],[-118.55503,34.38809],[-118.55498,34.38816],[-118.55496,34.38821],[-118.55496,34.38823],[-118.55496,34.38823],[-118.55495,34.3883],[-118.55489,34.38854],[-118.55487,34.38857],[-118.55487,34.38867],[-118.55488,34.3888],[-118.55488,34.38886],[-118.55486,34.38886],[-118.55485,34.38887],[-118.55485,34.38887],[-118.55496,34.38915],[-118.55491,34.38916],[-118.55486,34.38917],[-118.55481,34.38919],[-118.55476,34.38921],[-118.55471,34.38922],[-118.55466,34.38924],[-118.55461,34.38926],[-118.55457,34.38928],[-118.55452,34.3893],[-118.55447,34.38932],[-118.55442,34.38934],[-118.55345,34.3898],[-118.55223,34.39037],[-118.55218,34.39039],[-118.552,34.39048],[-118.55192,34.39052],[-118.55177,34.39059],[-118.55176,34.3906],[-118.55176,34.3906],[-118.55171,34.39062],[-118.55168,34.39063],[-118.55165,34.39064],[-118.55162,34.39066],[-118.55159,34.39067],[-118.55156,34.39068],[-118.55152,34.39069],[-118.55149,34.3907],[-118.55146,34.39071],[-118.55143,34.39072],[-118.55139,34.39073],[-118.55136,34.39074],[-118.55133,34.39075],[-118.5513,34.39075],[-118.55126,34.39076],[-118.55123,34.39077],[-118.5512,34.39077],[-118.55116,34.39078],[-118.55113,34.39078],[-118.55109,34.39079],[-118.55106,34.39079],[-118.55103,34.3908],[-118.55099,34.3908],[-118.55096,34.3908],[-118.55092,34.3908],[-118.55089,34.3908],[-118.55085,34.3908],[-118.55081,34.3908],[-118.55078,34.3908],[-118.55074,34.3908],[-118.55071,34.3908],[-118.55067,34.3908],[-118.55064,34.3908],[-118.5506,34.3908],[-118.55056,34.39079],[-118.55053,34.39079],[-118.55049,34.39078],[-118.55046,34.39078],[-118.55042,34.39077],[-118.55039,34.39077],[-118.55035,34.39076],[-118.55032,34.39076],[-118.55028,34.39075],[-118.55025,34.39074],[-118.55022,34.39073],[-118.55018,34.39072],[-118.55015,34.39071],[-118.55011,34.3907],[-118.55008,34.39069],[-118.55005,34.39068],[-118.55001,34.39067],[-118.54997,34.39066],[-118.54994,34.39065],[-118.54991,34.39063],[-118.54988,34.39062],[-118.54985,34.39061],[-118.54982,34.39059],[-118.54979,34.39058],[-118.54976,34.39056],[-118.54973,34.39055],[-118.5497,34.39053],[-118.54968,34.39052],[-118.54951,34.39061],[-118.54942,34.39067],[-118.54926,34.39077],[-118.54903,34.39091],[-118.5489,34.39098],[-118.54889,34.39097],[-118.54884,34.39091],[-118.54873,34.3908],[-118.54861,34.39068],[-118.54831,34.39043],[-118.54817,34.39031],[-118.54762,34.38982],[-118.54728,34.38952],[-118.54717,34.38942],[-118.54705,34.3893],[-118.54685,34.38909],[-118.5468,34.38902],[-118.54672,34.38891],[-118.54669,34.38888],[-118.54645,34.38857],[-118.54637,34.38863],[-118.54628,34.38852],[-118.54612,34.38831],[-118.546,34.38837],[-118.54596,34.38838],[-118.5457,34.38846],[-118.54524,34.38874],[-118.54504,34.38891],[-118.54483,34.3891],[-118.54451,34.38938],[-118.54437,34.3895],[-118.54408,34.38976],[-118.54396,34.38999],[-118.5437,34.39022],[-118.54356,34.39033],[-118.54314,34.39071],[-118.5427,34.39109],[-118.54259,34.39119],[-118.54233,34.39142],[-118.54226,34.39148],[-118.54223,34.39145],[-118.54223,34.39145],[-118.54203,34.39121],[-118.54207,34.39118],[-118.54193,34.39103],[-118.54192,34.39101],[-118.54177,34.39084],[-118.54169,34.39075],[-118.54167,34.39072],[-118.54123,34.39021],[-118.53913,34.38777],[-118.53912,34.38775],[-118.53882,34.38738],[-118.53873,34.38727],[-118.53789,34.38626],[-118.53761,34.38592],[-118.53589,34.38388],[-118.53577,34.38373],[-118.53566,34.3836],[-118.53548,34.3834],[-118.53548,34.38339],[-118.53541,34.38332],[-118.53516,34.38301],[-118.53486,34.38264],[-118.53474,34.38249],[-118.53466,34.3824],[-118.53459,34.38231],[-118.53439,34.38207],[-118.53391,34.38144],[-118.53366,34.38112],[-118.53345,34.38083],[-118.53337,34.38072],[-118.53304,34.38026],[-118.53308,34.38026],[-118.53341,34.38022],[-118.53378,34.38018],[-118.53417,34.38015],[-118.53454,34.38013],[-118.53476,34.38012],[-118.53488,34.38011],[-118.53558,34.38009],[-118.53626,34.38005],[-118.53673,34.38001],[-118.53695,34.37999],[-118.53768,34.37995],[-118.53778,34.37994],[-118.5381,34.37992],[-118.53813,34.37992],[-118.53827,34.37991],[-118.53852,34.3799],[-118.53855,34.3799],[-118.53895,34.37988],[-118.53929,34.37986],[-118.53934,34.37986],[-118.53998,34.37982],[-118.54032,34.3798],[-118.54065,34.37978],[-118.54072,34.37978],[-118.54078,34.37978],[-118.54067,34.37951],[-118.54057,34.37926],[-118.54053,34.37912],[-118.54048,34.37897],[-118.54044,34.37881],[-118.54039,34.37857],[-118.54035,34.37833],[-118.54032,34.37811],[-118.5403,34.37793],[-118.54023,34.37703],[-118.54017,34.37634],[-118.54014,34.37609],[-118.54013,34.37598],[-118.5401,34.37566],[-118.54006,34.37533],[-118.54002,34.375],[-118.54002,34.37498],[-118.54001,34.37486],[-118.53999,34.37464],[-118.53996,34.37424],[-118.53993,34.37384],[-118.5399,34.37336],[-118.53957,34.37339],[-118.53905,34.37343],[-118.53879,34.37344],[-118.53847,34.37346],[-118.5379,34.37348],[-118.53762,34.37349],[-118.5376,34.3735],[-118.53728,34.37353],[-118.53689,34.37357],[-118.53678,34.37358],[-118.53671,34.37358],[-118.53668,34.37358],[-118.5365,34.37358],[-118.53616,34.37359],[-118.53592,34.3736],[-118.53549,34.37362],[-118.53536,34.37363],[-118.53536,34.37361],[-118.53528,34.3728],[-118.53525,34.37247],[-118.53518,34.37166],[-118.53517,34.37161],[-118.53505,34.37162],[-118.53494,34.37164],[-118.53484,34.37166],[-118.53475,34.37169],[-118.53474,34.37169],[-118.53435,34.37188],[-118.53398,34.37204],[-118.53393,34.37207],[-118.53384,34.37213],[-118.5338,34.37217],[-118.53377,34.37219],[-118.53375,34.37222],[-118.53373,34.37224],[-118.53369,34.37229],[-118.53366,34.37233],[-118.53346,34.37259],[-118.53342,34.37265],[-118.53336,34.37271],[-118.53332,34.37274],[-118.53327,34.37276],[-118.53319,34.37281],[-118.53307,34.37285],[-118.53303,34.37287],[-118.53297,34.3729],[-118.53283,34.37295],[-118.53267,34.373],[-118.53259,34.37303],[-118.53252,34.37307],[-118.53205,34.37338],[-118.53201,34.37343],[-118.53191,34.3735],[-118.53157,34.37374],[-118.53156,34.37374],[-118.53154,34.37375],[-118.53143,34.37383],[-118.53141,34.37384],[-118.53128,34.37394],[-118.53118,34.37402],[-118.53115,34.37405],[-118.53113,34.37406],[-118.53099,34.37418],[-118.53087,34.37428],[-118.53087,34.37428],[-118.53085,34.3743],[-118.53084,34.37431],[-118.5308,34.37434],[-118.53075,34.37439],[-118.53074,34.3744],[-118.53069,34.37444],[-118.53068,34.37446],[-118.53048,34.37464],[-118.53037,34.37474],[-118.53035,34.37475],[-118.53016,34.3749],[-118.53002,34.37498],[-118.52996,34.37503],[-118.52993,34.37505],[-118.52991,34.37508],[-118.52989,34.37511],[-118.52988,34.37515],[-118.52987,34.37522],[-118.52988,34.37535],[-118.52989,34.37539],[-118.52989,34.37545],[-118.52989,34.37566],[-118.52989,34.37594],[-118.52989,34.37599],[-118.52989,34.37602],[-118.52987,34.37616],[-118.52985,34.37626],[-118.52981,34.37634],[-118.52971,34.37651],[-118.52935,34.37709],[-118.52905,34.37759],[-118.52904,34.37761],[-118.52898,34.37758],[-118.52858,34.37741],[-118.52822,34.37725],[-118.5281,34.3772],[-118.52788,34.37711],[-118.52782,34.37708],[-118.52733,34.37688],[-118.5272,34.37683],[-118.52708,34.37677],[-118.52695,34.3767],[-118.5269,34.37667],[-118.52679,34.37662],[-118.52673,34.3766],[-118.52665,34.37659],[-118.52658,34.37659],[-118.52649,34.3766],[-118.52646,34.37661],[-118.52643,34.37662],[-118.52633,34.37669],[-118.52608,34.37643],[-118.52603,34.37638],[-118.52598,34.37634],[-118.52589,34.37627],[-118.52581,34.37622],[-118.52572,34.37617],[-118.52566,34.37614],[-118.52554,34.37609],[-118.52547,34.37606],[-118.5254,34.37603],[-118.52524,34.37597],[-118.52522,34.37596],[-118.5249,34.37583],[-118.52431,34.37556],[-118.52434,34.37561],[-118.52412,34.37552],[-118.52395,34.37545],[-118.52382,34.3754],[-118.5237,34.37534],[-118.52341,34.37522],[-118.5233,34.37518],[-118.52323,34.37509],[-118.52323,34.37508],[-118.5232,34.37507],[-118.52303,34.37499],[-118.52301,34.37498],[-118.52235,34.37471],[-118.52199,34.37456],[-118.52191,34.37453],[-118.52156,34.37438],[-118.52126,34.37425],[-118.52074,34.37403],[-118.52067,34.37399],[-118.52029,34.37383],[-118.51968,34.37357],[-118.51937,34.37345],[-118.51932,34.37343],[-118.51914,34.37336],[-118.51894,34.37326],[-118.51863,34.37311],[-118.51828,34.37292],[-118.51797,34.37274],[-118.51778,34.37262],[-118.51737,34.37237],[-118.5172,34.37227],[-118.51673,34.37198],[-118.51633,34.37173],[-118.51574,34.37136],[-118.51536,34.37112],[-118.51499,34.3709],[-118.51477,34.37077],[-118.51438,34.37053],[-118.51417,34.37041],[-118.51389,34.37024],[-118.51343,34.36998],[-118.51339,34.36995],[-118.51337,34.36995],[-118.51329,34.36989],[-118.51324,34.36987],[-118.5131,34.36978],[-118.51289,34.36965],[-118.51282,34.3696],[-118.51275,34.36956],[-118.51263,34.36948],[-118.51239,34.36932],[-118.51225,34.36923],[-118.51223,34.36922],[-118.51227,34.36916],[-118.51232,34.36908],[-118.51317,34.36738],[-118.51337,34.36698],[-118.51349,34.36673],[-118.51348,34.36673],[-118.51348,34.36673],[-118.51217,34.36671],[-118.51148,34.36669],[-118.51142,34.36669],[-118.5114,34.36685],[-118.5113,34.36744],[-118.51127,34.36756],[-118.51125,34.36761],[-118.51123,34.36765],[-118.51122,34.36767],[-118.51116,34.36775],[-118.51113,34.36778],[-118.51108,34.36783],[-118.51102,34.3679],[-118.51098,34.36795],[-118.51096,34.36797],[-118.51092,34.36802],[-118.51074,34.3683],[-118.51073,34.3683],[-118.51041,34.3681],[-118.51026,34.36801],[-118.50977,34.36769],[-118.50958,34.36756],[-118.50943,34.36747],[-118.50898,34.36717],[-118.50836,34.36677],[-118.50827,34.36671],[-118.50778,34.36644],[-118.5077,34.36639],[-118.50766,34.36637],[-118.50759,34.36634],[-118.50749,34.36628],[-118.50736,34.36622],[-118.50725,34.36617],[-118.50724,34.36616],[-118.50721,34.36615],[-118.50719,34.36614],[-118.50715,34.36612],[-118.50707,34.3661],[-118.50699,34.36608],[-118.50674,34.36601],[-118.50659,34.36596],[-118.50632,34.36587],[-118.50635,34.36583],[-118.50649,34.36563],[-118.5066,34.36544],[-118.50665,34.36535],[-118.50674,34.36518],[-118.50678,34.36509],[-118.50683,34.36495],[-118.50684,34.3649],[-118.50689,34.36478],[-118.50701,34.36442],[-118.50705,34.3643],[-118.50708,34.36419],[-118.50711,34.3641],[-118.50713,34.36401],[-118.50715,34.36387],[-118.50715,34.36385],[-118.50717,34.36369],[-118.50718,34.36335],[-118.50718,34.36322],[-118.50718,34.36313],[-118.50719,34.36301],[-118.50718,34.36292],[-118.50713,34.36192],[-118.50706,34.36058],[-118.50705,34.36022],[-118.50704,34.36003],[-118.50704,34.35982],[-118.50722,34.35908],[-118.50737,34.35851],[-118.50755,34.35787],[-118.50769,34.35741],[-118.50791,34.35608],[-118.50833,34.35351],[-118.50834,34.35336],[-118.50834,34.35329],[-118.50835,34.35322],[-118.50834,34.35306],[-118.50835,34.35299],[-118.50834,34.35275],[-118.50833,34.35259],[-118.50831,34.35235],[-118.50828,34.35213],[-118.50817,34.35137],[-118.50813,34.35106],[-118.50812,34.35095],[-118.50812,34.35091],[-118.50811,34.35089],[-118.50809,34.35057],[-118.50809,34.35044],[-118.50809,34.35032],[-118.50809,34.35031],[-118.50809,34.35028],[-118.50809,34.3502],[-118.50811,34.35008],[-118.50814,34.34985],[-118.50818,34.34961],[-118.50819,34.34958],[-118.50822,34.34945],[-118.50826,34.34932],[-118.5083,34.34919],[-118.50838,34.34893],[-118.50852,34.34855],[-118.50871,34.34821],[-118.50887,34.34793],[-118.50894,34.34781],[-118.50907,34.34759],[-118.50908,34.34758],[-118.5092,34.34739],[-118.50922,34.34737],[-118.50929,34.34727],[-118.5095,34.34698],[-118.50964,34.34681],[-118.50964,34.3468],[-118.50981,34.34686],[-118.51022,34.34703],[-118.51022,34.34703],[-118.51173,34.34762],[-118.51212,34.34778],[-118.51213,34.34778],[-118.51265,34.34799],[-118.51285,34.34807],[-118.51419,34.3486],[-118.51421,34.3486],[-118.51427,34.34863],[-118.51441,34.34869],[-118.5146,34.34875],[-118.5146,34.34877],[-118.51488,34.34888],[-118.51839,34.35026],[-118.51846,34.35028],[-118.51897,34.35048],[-118.51973,34.35078],[-118.51973,34.35048],[-118.51975,34.34889],[-118.51975,34.34762],[-118.51975,34.34714],[-118.51977,34.34539],[-118.51977,34.34419],[-118.51979,34.34224],[-118.51979,34.34176],[-118.51979,34.34149],[-118.5198,34.34023]]]}}]}