{"type":"FeatureCollection","source":"Los Angeles County Registrar-Recorder/County Clerk, \"School Districts Trustee Areas\" and \"Division_Boundaries\" (ArcGIS Online), downloaded 4 October 2026. LA County GIS Terms of Use. For election purposes, not legal boundaries.","note":"The County's division layer stops at the Los Angeles County line, so the part of Division 3 in Ventura County is not drawn.","features":[{"type":"Feature","properties":{"seat":"santa-clarita-valley-water-division-1","label":"Division 1","county":"SANTA CLARITA VALLEY WATER AGENCY DIV 1","role":"seat"},"geometry":{"type":"Polygon","coordinates":[[[-118.50662,34.3352],[-118.50708,34.33878],[-118.507,34.33899],[-118.50602,34.34136],[-118.50602,34.34137],[-118.506,34.34137],[-118.50468,34.34458],[-118.50469,34.34458],[-118.50458,34.34486],[-118.50453,34.345],[-118.50433,34.34556],[-118.50424,34.34581],[-118.50411,34.34636],[-118.50403,34.3467],[-118.50399,34.34689],[-118.50395,34.34724],[-118.50389,34.34785],[-118.50394,34.34874],[-118.50397,34.34911],[-118.50409,34.34977],[-118.50415,34.34998],[-118.5043,34.35051],[-118.50446,34.35095],[-118.50454,34.35122],[-118.50466,34.35156],[-118.50503,34.35262],[-118.50543,34.35379],[-118.50601,34.35548],[-118.50624,34.35618],[-118.50639,34.35682],[-118.50644,34.3574],[-118.50649,34.35827],[-118.5065,34.35842],[-118.50646,34.35893],[-118.50633,34.35967],[-118.50627,34.35986],[-118.50612,34.36039],[-118.50581,34.36108],[-118.50571,34.36126],[-118.50519,34.36214],[-118.50494,34.36258],[-118.50468,34.36305],[-118.50413,34.36405],[-118.50353,34.36512],[-118.50508,34.36551],[-118.50512,34.36552],[-118.50564,34.36566],[-118.50632,34.36587],[-118.50659,34.36596],[-118.50674,34.36601],[-118.50699,34.36608],[-118.50707,34.3661],[-118.50715,34.36612],[-118.50719,34.36614],[-118.50721,34.36615],[-118.50724,34.36616],[-118.50725,34.36617],[-118.50736,34.36622],[-118.50749,34.36628],[-118.50759,34.36634],[-118.50766,34.36637],[-118.5077,34.36639],[-118.50778,34.36644],[-118.50827,34.36671],[-118.50836,34.36677],[-118.50898,34.36717],[-118.50943,34.36747],[-118.50958,34.36756],[-118.50977,34.36769],[-118.51026,34.36801],[-118.51041,34.3681],[-118.51073,34.3683],[-118.51074,34.3683],[-118.51089,34.36839],[-118.51122,34.36859],[-118.51138,34.36868],[-118.51176,34.36891],[-118.51208,34.36912],[-118.51214,34.36916],[-118.51225,34.36923],[-118.51239,34.36932],[-118.51263,34.36948],[-118.51275,34.36956],[-118.51282,34.3696],[-118.51289,34.36965],[-118.5131,34.36978],[-118.51324,34.36987],[-118.51329,34.36989],[-118.51337,34.36995],[-118.51339,34.36995],[-118.51343,34.36998],[-118.51389,34.37024],[-118.51417,34.37041],[-118.51438,34.37053],[-118.51476,34.37076],[-118.51477,34.37077],[-118.51499,34.3709],[-118.51536,34.37112],[-118.51574,34.37136],[-118.51633,34.37173],[-118.51673,34.37198],[-118.5172,34.37227],[-118.51737,34.37237],[-118.51778,34.37262],[-118.51797,34.37274],[-118.51828,34.37292],[-118.51863,34.37311],[-118.51894,34.37326],[-118.51914,34.37336],[-118.51932,34.37343],[-118.51937,34.37345],[-118.51968,34.37357],[-118.52029,34.37383],[-118.52067,34.37399],[-118.52074,34.37403],[-118.52126,34.37425],[-118.52156,34.37438],[-118.52191,34.37453],[-118.52199,34.37456],[-118.52235,34.37471],[-118.52301,34.37498],[-118.52303,34.37499],[-118.5232,34.37507],[-118.52323,34.37508],[-118.52323,34.37509],[-118.5233,34.37518],[-118.52341,34.37522],[-118.5237,34.37534],[-118.52381,34.37539],[-118.52395,34.37545],[-118.52404,34.37549],[-118.52412,34.37552],[-118.52434,34.37561],[-118.52431,34.37556],[-118.5249,34.37583],[-118.52522,34.37596],[-118.52524,34.37597],[-118.5254,34.37603],[-118.52547,34.37606],[-118.52554,34.37609],[-118.52566,34.37614],[-118.52572,34.37617],[-118.52581,34.37622],[-118.52589,34.37627],[-118.52598,34.37634],[-118.52603,34.37638],[-118.52608,34.37643],[-118.52633,34.37669],[-118.52633,34.37669],[-118.52633,34.3767],[-118.52632,34.3767],[-118.52639,34.3768],[-118.52645,34.37688],[-118.5267,34.3772],[-118.52695,34.37753],[-118.52753,34.37828],[-118.5278,34.37862],[-118.5278,34.37862],[-118.528,34.37886],[-118.5281,34.37899],[-118.52851,34.37953],[-118.52865,34.3797],[-118.52917,34.38037],[-118.52923,34.38045],[-118.5293,34.38055],[-118.52936,34.38064],[-118.52954,34.38088],[-118.52959,34.38094],[-118.52963,34.38101],[-118.52972,34.38115],[-118.52975,34.3812],[-118.52978,34.38125],[-118.52981,34.38135],[-118.52983,34.38141],[-118.52984,34.38147],[-118.52987,34.38145],[-118.53007,34.38136],[-118.53045,34.38117],[-118.53079,34.38101],[-118.53095,34.38092],[-118.53097,34.38092],[-118.5313,34.38074],[-118.53138,34.3807],[-118.53148,34.38065],[-118.53163,34.38057],[-118.53183,34.3805],[-118.53189,34.38048],[-118.53204,34.38043],[-118.53222,34.38039],[-118.5324,34.38035],[-118.53263,34.38031],[-118.53281,34.38028],[-118.53304,34.38026],[-118.53308,34.38026],[-118.53341,34.38022],[-118.53378,34.38018],[-118.53417,34.38015],[-118.53454,34.38013],[-118.53476,34.38012],[-118.53488,34.38011],[-118.53558,34.38009],[-118.53626,34.38005],[-118.53673,34.38001],[-118.53695,34.37999],[-118.53768,34.37995],[-118.53778,34.37994],[-118.5381,34.37992],[-118.53813,34.37992],[-118.53827,34.37991],[-118.53852,34.3799],[-118.53855,34.3799],[-118.53895,34.37988],[-118.53929,34.37986],[-118.53934,34.37986],[-118.53998,34.37982],[-118.54032,34.3798],[-118.54065,34.37978],[-118.54068,34.37985],[-118.54074,34.37997],[-118.54108,34.38068],[-118.54111,34.38073],[-118.5413,34.38117],[-118.54142,34.38146],[-118.54143,34.38149],[-118.54162,34.38197],[-118.54167,34.38213],[-118.54175,34.38234],[-118.54197,34.38278],[-118.54216,34.38311],[-118.54244,34.38351],[-118.54274,34.38391],[-118.54328,34.3846],[-118.5436,34.38504],[-118.54361,34.38505],[-118.54373,34.38521],[-118.54391,34.38544],[-118.54405,34.38563],[-118.54417,34.38578],[-118.54441,34.38609],[-118.54447,34.38616],[-118.54452,34.38622],[-118.54486,34.38667],[-118.54491,34.38673],[-118.54501,34.38686],[-118.5453,34.38723],[-118.54537,34.38733],[-118.54553,34.38755],[-118.54561,34.38765],[-118.54565,34.38769],[-118.54568,34.38774],[-118.54585,34.38795],[-118.546,34.38816],[-118.54612,34.38831],[-118.54628,34.38852],[-118.54637,34.38863],[-118.54645,34.38857],[-118.54669,34.38888],[-118.54672,34.38891],[-118.5468,34.38902],[-118.54685,34.38909],[-118.54705,34.3893],[-118.54717,34.38942],[-118.54728,34.38952],[-118.54762,34.38982],[-118.54817,34.39031],[-118.54831,34.39043],[-118.54861,34.39068],[-118.54873,34.3908],[-118.54884,34.39091],[-118.54889,34.39097],[-118.5489,34.39098],[-118.54897,34.39106],[-118.54904,34.39117],[-118.54925,34.39144],[-118.54932,34.39153],[-118.5497,34.392],[-118.54976,34.39207],[-118.54978,34.3921],[-118.54992,34.39227],[-118.55011,34.39253],[-118.55017,34.39261],[-118.55066,34.39328],[-118.55081,34.39347],[-118.55107,34.39382],[-118.55122,34.39401],[-118.55157,34.39444],[-118.55159,34.39446],[-118.55179,34.39471],[-118.55189,34.39484],[-118.55205,34.39506],[-118.55209,34.39511],[-118.55228,34.39536],[-118.55243,34.39555],[-118.55252,34.39565],[-118.5528,34.39594],[-118.55307,34.39622],[-118.55311,34.39629],[-118.55319,34.39622],[-118.55325,34.39618],[-118.55337,34.39609],[-118.55348,34.39601],[-118.55371,34.39587],[-118.55393,34.39574],[-118.55416,34.39562],[-118.55427,34.39556],[-118.5545,34.39546],[-118.55489,34.3953],[-118.55507,34.39523],[-118.55509,34.39522],[-118.55539,34.39511],[-118.55552,34.39506],[-118.55573,34.39499],[-118.55583,34.39496],[-118.55603,34.39492],[-118.55634,34.39487],[-118.55639,34.39486],[-118.55646,34.39485],[-118.55666,34.39482],[-118.55689,34.3948],[-118.55712,34.39479],[-118.55752,34.39479],[-118.55763,34.39479],[-118.5578,34.39479],[-118.55851,34.3948],[-118.55913,34.3948],[-118.55968,34.39481],[-118.56012,34.39481],[-118.56054,34.3948],[-118.56066,34.3948],[-118.56136,34.39479],[-118.56176,34.39479],[-118.56182,34.39479],[-118.56222,34.39479],[-118.56253,34.39479],[-118.56311,34.3948],[-118.56317,34.3948],[-118.56359,34.3948],[-118.56454,34.3948],[-118.56495,34.3948],[-118.56512,34.3948],[-118.56527,34.39481],[-118.56537,34.39481],[-118.56558,34.39481],[-118.56577,34.3948],[-118.5663,34.39478],[-118.56643,34.39477],[-118.56681,34.39477],[-118.56742,34.39471],[-118.56756,34.39469],[-118.5678,34.39466],[-118.56784,34.39466],[-118.56799,34.39463],[-118.56829,34.3946],[-118.5686,34.39455],[-118.56887,34.3945],[-118.569,34.39448],[-118.56911,34.39446],[-118.5692,34.39444],[-118.56929,34.39443],[-118.56942,34.39442],[-118.56968,34.39438],[-118.56973,34.39437],[-118.56983,34.39435],[-118.56986,34.39435],[-118.56989,34.39435],[-118.56995,34.39434],[-118.57004,34.39432],[-118.57031,34.39431],[-118.57037,34.39431],[-118.57042,34.3943],[-118.57049,34.39429],[-118.57067,34.39428],[-118.57078,34.39427],[-118.5711,34.39422],[-118.57127,34.39419],[-118.572,34.39724],[-118.57237,34.39876],[-118.57241,34.39897],[-118.57262,34.39984],[-118.57268,34.39998],[-118.57298,34.40071],[-118.57319,34.40119],[-118.57355,34.40208],[-118.57385,34.4028],[-118.57395,34.40305],[-118.57422,34.40365],[-118.5744,34.40405],[-118.57472,34.40477],[-118.57525,34.40593],[-118.57551,34.40653],[-118.5757,34.40694],[-118.57608,34.40779],[-118.57631,34.4083],[-118.57632,34.40833],[-118.57632,34.40833],[-118.57632,34.40833],[-118.57661,34.40898],[-118.57669,34.40915],[-118.57739,34.41072],[-118.57764,34.41129],[-118.578,34.41214],[-118.57802,34.41219],[-118.57809,34.41234],[-118.57853,34.41349],[-118.57859,34.41365],[-118.57878,34.41415],[-118.57894,34.41457],[-118.57901,34.41473],[-118.57907,34.41489],[-118.57922,34.41526],[-118.57942,34.4157],[-118.57957,34.41602],[-118.57975,34.41641],[-118.57993,34.41677],[-118.58019,34.41727],[-118.58037,34.41761],[-118.58096,34.41872],[-118.58162,34.41998],[-118.58192,34.42056],[-118.58225,34.42118],[-118.58256,34.42178],[-118.58291,34.42245],[-118.58295,34.42252],[-118.58317,34.42294],[-118.58333,34.42324],[-118.58499,34.42641],[-118.58572,34.42781],[-118.58606,34.42845],[-118.58619,34.42871],[-118.58631,34.42892],[-118.5864,34.42908],[-118.58649,34.42923],[-118.58659,34.42938],[-118.58668,34.42951],[-118.58676,34.42963],[-118.58684,34.42973],[-118.58691,34.42983],[-118.58697,34.4299],[-118.58709,34.43006],[-118.58717,34.43015],[-118.58727,34.43027],[-118.5874,34.43041],[-118.58753,34.43056],[-118.58765,34.43068],[-118.58777,34.43079],[-118.58794,34.43095],[-118.58813,34.43112],[-118.58848,34.43141],[-118.58931,34.43212],[-118.59004,34.43274],[-118.59047,34.4331],[-118.59075,34.43335],[-118.59117,34.4337],[-118.59163,34.4341],[-118.59221,34.43458],[-118.59389,34.43601],[-118.59459,34.43661],[-118.59528,34.43719],[-118.59544,34.43733],[-118.59592,34.43773],[-118.59618,34.43796],[-118.59648,34.4382],[-118.59673,34.4384],[-118.59701,34.43861],[-118.59741,34.43889],[-118.59769,34.43907],[-118.59792,34.43923],[-118.59818,34.43939],[-118.59851,34.43958],[-118.59874,34.43971],[-118.59904,34.43988],[-118.59942,34.44008],[-118.60021,34.44048],[-118.60161,34.44121],[-118.60311,34.44199],[-118.60375,34.44233],[-118.60422,34.44257],[-118.60483,34.44289],[-118.60535,34.44316],[-118.60519,34.44322],[-118.60519,34.44322],[-118.60505,34.44328],[-118.60505,34.44328],[-118.60498,34.44331],[-118.60488,34.44335],[-118.60419,34.44357],[-118.60406,34.44361],[-118.60397,34.44364],[-118.60307,34.44385],[-118.60303,34.44386],[-118.60194,34.444],[-118.60105,34.44401],[-118.60033,34.44396],[-118.59996,34.44392],[-118.59963,34.44385],[-118.59944,34.4438],[-118.59915,34.4438],[-118.5989,34.44376],[-118.5987,34.44367],[-118.59849,34.4436],[-118.59803,34.44345],[-118.59797,34.44343],[-118.59783,34.44339],[-118.59753,34.44329],[-118.59706,34.44314],[-118.5969,34.44308],[-118.59673,34.44303],[-118.59657,34.44298],[-118.59606,34.44281],[-118.59589,34.44275],[-118.59554,34.44265],[-118.59518,34.44252],[-118.595,34.44247],[-118.59443,34.44229],[-118.59404,34.44218],[-118.59384,34.44213],[-118.5932,34.44198],[-118.59299,34.44194],[-118.59277,34.44189],[-118.59232,34.44182],[-118.59188,34.44174],[-118.59166,34.4417],[-118.59144,34.44166],[-118.591,34.44159],[-118.59056,34.44151],[-118.59033,34.44148],[-118.59022,34.44146],[-118.59016,34.44145],[-118.59009,34.44144],[-118.58972,34.4414],[-118.58967,34.44139],[-118.58917,34.44134],[-118.58903,34.44134],[-118.5887,34.44134],[-118.58848,34.44134],[-118.58766,34.44134],[-118.58707,34.44139],[-118.58675,34.44142],[-118.58653,34.44144],[-118.58585,34.4415],[-118.58233,34.44229],[-118.58125,34.44254],[-118.57995,34.44287],[-118.57958,34.44293],[-118.57924,34.44299],[-118.57908,34.44302],[-118.57857,34.44311],[-118.57812,34.44315],[-118.57797,34.44316],[-118.57769,34.44316],[-118.57741,34.44316],[-118.57698,34.44313],[-118.57684,34.44312],[-118.57644,34.44307],[-118.57609,34.44301],[-118.57599,34.44299],[-118.57584,34.44296],[-118.57556,34.4429],[-118.57554,34.44295],[-118.57552,34.44299],[-118.57548,34.443],[-118.57548,34.443],[-118.57527,34.44294],[-118.57514,34.4429],[-118.57491,34.44282],[-118.57483,34.44279],[-118.57469,34.44274],[-118.57438,34.44264],[-118.57394,34.44244],[-118.57349,34.44221],[-118.57294,34.44192],[-118.57271,34.44177],[-118.57262,34.44172],[-118.57257,34.44169],[-118.57257,34.44173],[-118.5723,34.44157],[-118.57177,34.44125],[-118.57116,34.44088],[-118.56845,34.43924],[-118.56627,34.43792],[-118.5657,34.43749],[-118.56499,34.43699],[-118.56497,34.43698],[-118.56458,34.43673],[-118.56439,34.4366],[-118.56431,34.43655],[-118.56425,34.43651],[-118.56388,34.43627],[-118.56323,34.43585],[-118.56283,34.43559],[-118.5627,34.4355],[-118.56243,34.43529],[-118.56225,34.43515],[-118.56216,34.43508],[-118.56215,34.43507],[-118.56191,34.43488],[-118.56132,34.43442],[-118.56106,34.43421],[-118.56087,34.43406],[-118.55951,34.43296],[-118.55938,34.43286],[-118.55894,34.4325],[-118.55803,34.43176],[-118.55796,34.43173],[-118.55787,34.43169],[-118.5578,34.43166],[-118.55774,34.43162],[-118.55768,34.43158],[-118.55756,34.43149],[-118.55737,34.43134],[-118.55717,34.43119],[-118.55692,34.431],[-118.55681,34.43092],[-118.55676,34.43089],[-118.5565,34.43072],[-118.55631,34.43059],[-118.55603,34.43039],[-118.55586,34.43029],[-118.55567,34.43018],[-118.55525,34.42996],[-118.55489,34.42978],[-118.55475,34.42971],[-118.55452,34.4296],[-118.55415,34.42944],[-118.55407,34.42941],[-118.55381,34.42931],[-118.55352,34.4292],[-118.553,34.42902],[-118.55265,34.42892],[-118.55169,34.42865],[-118.55143,34.42859],[-118.55116,34.42854],[-118.55101,34.42851],[-118.55087,34.42849],[-118.55053,34.42846],[-118.55036,34.42844],[-118.55003,34.4284],[-118.54964,34.42835],[-118.5495,34.42833],[-118.54919,34.42831],[-118.54888,34.42829],[-118.54849,34.42828],[-118.54834,34.42828],[-118.54791,34.42828],[-118.54748,34.42828],[-118.54718,34.42829],[-118.54713,34.42829],[-118.54714,34.42831],[-118.54683,34.42829],[-118.5467,34.42829],[-118.54665,34.42829],[-118.5465,34.42828],[-118.54645,34.42828],[-118.54627,34.42828],[-118.54602,34.42828],[-118.54596,34.42828],[-118.54586,34.42828],[-118.54582,34.42828],[-118.54553,34.4283],[-118.5454,34.42832],[-118.54527,34.42833],[-118.54502,34.42835],[-118.5444,34.4284],[-118.54368,34.42847],[-118.54306,34.42853],[-118.54289,34.42854],[-118.54271,34.42855],[-118.54218,34.42857],[-118.54212,34.42857],[-118.5419,34.42857],[-118.54178,34.42856],[-118.54169,34.42855],[-118.54148,34.42853],[-118.54141,34.42853],[-118.54135,34.42852],[-118.54122,34.42851],[-118.54111,34.42849],[-118.541,34.42847],[-118.54059,34.42838],[-118.54048,34.42836],[-118.54035,34.42835],[-118.54028,34.42834],[-118.53989,34.42826],[-118.53965,34.42821],[-118.53949,34.42817],[-118.5394,34.42815],[-118.53918,34.42807],[-118.53891,34.42798],[-118.53853,34.42783],[-118.53818,34.4277],[-118.53782,34.42759],[-118.53771,34.42754],[-118.53759,34.42749],[-118.53739,34.42738],[-118.53732,34.42734],[-118.53721,34.42726],[-118.53714,34.42722],[-118.5345,34.42587],[-118.53379,34.42562],[-118.53242,34.42532],[-118.53139,34.42521],[-118.52926,34.42501],[-118.52813,34.4249],[-118.52691,34.42477],[-118.52646,34.42475],[-118.52603,34.42477],[-118.52545,34.4248],[-118.525,34.42484],[-118.52386,34.42494],[-118.52275,34.42505],[-118.52158,34.42517],[-118.52151,34.42517],[-118.52032,34.42529],[-118.51943,34.42538],[-118.51935,34.42539],[-118.51713,34.42575],[-118.51586,34.4261],[-118.5135,34.42676],[-118.5135,34.42676],[-118.51236,34.42707],[-118.51224,34.4271],[-118.5117,34.42724],[-118.51127,34.42732],[-118.51122,34.42733],[-118.51084,34.4274],[-118.51049,34.42743],[-118.50975,34.42745],[-118.50886,34.42737],[-118.50841,34.42729],[-118.50805,34.42721],[-118.5075,34.42704],[-118.5072,34.42693],[-118.50705,34.42717],[-118.50683,34.4275],[-118.50679,34.42756],[-118.50662,34.42779],[-118.50654,34.42789],[-118.50648,34.42797],[-118.5062,34.42829],[-118.50615,34.42834],[-118.50586,34.4286],[-118.5058,34.42866],[-118.5054,34.42897],[-118.50534,34.42902],[-118.50512,34.42916],[-118.50507,34.4292],[-118.50499,34.42925],[-118.50451,34.42952],[-118.50384,34.42982],[-118.50329,34.43005],[-118.50261,34.43022],[-118.50254,34.43023],[-118.50238,34.43026],[-118.50208,34.43031],[-118.50201,34.43032],[-118.502,34.43033],[-118.50189,34.43034],[-118.50182,34.43035],[-118.50157,34.43038],[-118.50118,34.43041],[-118.50107,34.43041],[-118.50091,34.43041],[-118.49974,34.43039],[-118.49917,34.43038],[-118.49891,34.43038],[-118.49872,34.43038],[-118.49866,34.43038],[-118.49856,34.43039],[-118.49825,34.43042],[-118.4978,34.43052],[-118.49771,34.43055],[-118.49738,34.43066],[-118.4971,34.43079],[-118.49699,34.43083],[-118.49688,34.4309],[-118.49668,34.43101],[-118.49648,34.43114],[-118.49632,34.43125],[-118.49609,34.43144],[-118.49593,34.43159],[-118.49574,34.43182],[-118.49558,34.43202],[-118.49558,34.43203],[-118.49542,34.43229],[-118.49531,34.43248],[-118.4952,34.43274],[-118.49511,34.43302],[-118.49508,34.43326],[-118.49501,34.43428],[-118.495,34.43445],[-118.49493,34.43552],[-118.49493,34.43595],[-118.49493,34.43595],[-118.49474,34.43595],[-118.49468,34.43595],[-118.49466,34.43595],[-118.49462,34.43594],[-118.4946,34.43593],[-118.49457,34.43592],[-118.49454,34.43589],[-118.49453,34.43585],[-118.49452,34.43582],[-118.49452,34.43564],[-118.49451,34.43558],[-118.49451,34.43552],[-118.49449,34.4354],[-118.49444,34.4352],[-118.49434,34.43478],[-118.4943,34.43461],[-118.49425,34.43445],[-118.49425,34.43443],[-118.49422,34.43438],[-118.49418,34.43436],[-118.49413,34.43434],[-118.49404,34.43434],[-118.49404,34.43433],[-118.49398,34.43434],[-118.4938,34.43434],[-118.49352,34.43434],[-118.49328,34.43437],[-118.49315,34.43439],[-118.49313,34.43439],[-118.49303,34.43442],[-118.49294,34.43445],[-118.49285,34.43448],[-118.49267,34.43456],[-118.49255,34.43461],[-118.49243,34.43466],[-118.49216,34.43477],[-118.49185,34.43493],[-118.4917,34.435],[-118.4916,34.43505],[-118.4915,34.43512],[-118.49145,34.43517],[-118.49139,34.43524],[-118.49134,34.43531],[-118.4913,34.43537],[-118.49126,34.43547],[-118.49123,34.43552],[-118.49119,34.43558],[-118.4911,34.43569],[-118.49103,34.43576],[-118.49095,34.43584],[-118.49086,34.43591],[-118.49084,34.43592],[-118.49077,34.43597],[-118.49073,34.436],[-118.49069,34.43602],[-118.49051,34.43608],[-118.49043,34.43611],[-118.49035,34.43613],[-118.49029,34.43614],[-118.49022,34.43615],[-118.49016,34.43615],[-118.49014,34.43615],[-118.49009,34.43614],[-118.49002,34.43614],[-118.48991,34.43612],[-118.48979,34.43609],[-118.48969,34.43607],[-118.4896,34.43605],[-118.48958,34.43604],[-118.48953,34.43602],[-118.48945,34.43599],[-118.48934,34.43598],[-118.48923,34.43596],[-118.48913,34.43595],[-118.48904,34.43595],[-118.48871,34.43595],[-118.48858,34.43595],[-118.4884,34.43595],[-118.48833,34.43595],[-118.48812,34.43593],[-118.48771,34.43593],[-118.48749,34.43593],[-118.48737,34.43593],[-118.48711,34.43593],[-118.48691,34.43594],[-118.48681,34.43596],[-118.48669,34.43597],[-118.48648,34.436],[-118.48628,34.43603],[-118.48555,34.43613],[-118.48491,34.43622],[-118.48478,34.43624],[-118.48467,34.43625],[-118.48459,34.43625],[-118.4845,34.43624],[-118.48442,34.43623],[-118.48432,34.43621],[-118.48421,34.43618],[-118.48409,34.43614],[-118.48392,34.43609],[-118.48351,34.43594],[-118.48194,34.43543],[-118.48183,34.43539],[-118.4807,34.43504],[-118.48056,34.43499],[-118.48055,34.43501],[-118.48053,34.43501],[-118.48021,34.43491],[-118.47995,34.43483],[-118.47977,34.43476],[-118.47977,34.43476],[-118.47918,34.43455],[-118.47894,34.43449],[-118.47892,34.43448],[-118.47859,34.43441],[-118.47827,34.43438],[-118.4781,34.43438],[-118.47791,34.4344],[-118.47766,34.43443],[-118.47758,34.43444],[-118.47753,34.43441],[-118.47744,34.43431],[-118.47726,34.43414],[-118.47718,34.43408],[-118.47717,34.43407],[-118.47712,34.43403],[-118.47712,34.43402],[-118.47708,34.43393],[-118.47708,34.43393],[-118.47707,34.43393],[-118.47707,34.43393],[-118.47706,34.43392],[-118.47706,34.43392],[-118.47706,34.43392],[-118.47706,34.43392],[-118.47705,34.43392],[-118.47705,34.43391],[-118.47705,34.43391],[-118.47704,34.43391],[-118.47704,34.43391],[-118.47704,34.43391],[-118.47704,34.4339],[-118.47703,34.4339],[-118.47703,34.4339],[-118.477,34.43389],[-118.477,34.43388],[-118.477,34.43388],[-118.47699,34.43388],[-118.47699,34.43388],[-118.47699,34.43388],[-118.47698,34.43388],[-118.47698,34.43388],[-118.47697,34.43387],[-118.47697,34.43387],[-118.47697,34.43387],[-118.47697,34.43387],[-118.47696,34.43387],[-118.47696,34.43387],[-118.47696,34.43387],[-118.47696,34.43387],[-118.47696,34.43387],[-118.47695,34.43387],[-118.47695,34.43387],[-118.47695,34.43387],[-118.47694,34.43386],[-118.47694,34.43386],[-118.47694,34.43386],[-118.47693,34.43386],[-118.47693,34.43386],[-118.47693,34.43386],[-118.47692,34.43386],[-118.47692,34.43386],[-118.47691,34.43386],[-118.47687,34.43385],[-118.47663,34.43379],[-118.47662,34.43379],[-118.47644,34.43394],[-118.47644,34.43394],[-118.47644,34.43394],[-118.47635,34.43405],[-118.47633,34.43404],[-118.47629,34.43402],[-118.47619,34.43396],[-118.47601,34.43387],[-118.47583,34.4338],[-118.47536,34.43361],[-118.47505,34.43348],[-118.47442,34.43323],[-118.47423,34.43315],[-118.47408,34.43309],[-118.47194,34.43223],[-118.47177,34.43216],[-118.47069,34.43173],[-118.47048,34.43165],[-118.47008,34.43148],[-118.46964,34.43131],[-118.46942,34.43122],[-118.46933,34.43118],[-118.46912,34.43106],[-118.4689,34.43092],[-118.46881,34.43086],[-118.46872,34.4308],[-118.46863,34.43073],[-118.46854,34.43065],[-118.46845,34.43055],[-118.46835,34.43043],[-118.46826,34.43032],[-118.46812,34.43013],[-118.46806,34.43005],[-118.46801,34.42996],[-118.46796,34.42986],[-118.46786,34.42963],[-118.46781,34.42952],[-118.46777,34.42941],[-118.46774,34.4293],[-118.46774,34.42928],[-118.46772,34.42919],[-118.46771,34.42907],[-118.46771,34.42893],[-118.46771,34.42876],[-118.46772,34.42861],[-118.46775,34.42835],[-118.46777,34.42824],[-118.46781,34.42811],[-118.46786,34.42797],[-118.46796,34.42775],[-118.46775,34.42768],[-118.46763,34.42765],[-118.46762,34.42765],[-118.46755,34.42763],[-118.46751,34.42763],[-118.46741,34.42761],[-118.46736,34.42761],[-118.46729,34.4276],[-118.46718,34.42759],[-118.46708,34.42758],[-118.46698,34.42757],[-118.46662,34.42758],[-118.46635,34.42757],[-118.46599,34.42757],[-118.46299,34.42758],[-118.46299,34.42718],[-118.46299,34.4268],[-118.46299,34.42608],[-118.46299,34.42539],[-118.46305,34.42539],[-118.46335,34.42539],[-118.46372,34.42538],[-118.46403,34.42538],[-118.46414,34.42537],[-118.4642,34.42536],[-118.46425,34.42535],[-118.46432,34.42533],[-118.46438,34.42531],[-118.46453,34.42524],[-118.46463,34.42519],[-118.46474,34.42512],[-118.4649,34.42503],[-118.46482,34.42496],[-118.46477,34.42489],[-118.4645,34.42458],[-118.46447,34.42454],[-118.46446,34.42451],[-118.46442,34.42443],[-118.46441,34.42439],[-118.4644,34.42428],[-118.4644,34.42396],[-118.4644,34.42357],[-118.465,34.42357],[-118.4663,34.42357],[-118.4663,34.42357],[-118.46634,34.42357],[-118.46661,34.42357],[-118.46683,34.42357],[-118.46687,34.42357],[-118.46709,34.42357],[-118.4673,34.42356],[-118.46747,34.42356],[-118.46747,34.42356],[-118.46738,34.42336],[-118.46721,34.42301],[-118.4672,34.42299],[-118.46719,34.42296],[-118.46719,34.42295],[-118.46718,34.42293],[-118.46718,34.42292],[-118.46717,34.4229],[-118.46716,34.42289],[-118.46716,34.42287],[-118.46716,34.42286],[-118.46716,34.42284],[-118.46715,34.42283],[-118.46715,34.42281],[-118.46715,34.4228],[-118.46714,34.42278],[-118.46714,34.42277],[-118.46714,34.42276],[-118.46714,34.42276],[-118.46713,34.42274],[-118.46713,34.42273],[-118.46712,34.42271],[-118.46712,34.4227],[-118.46712,34.4227],[-118.46712,34.42269],[-118.46711,34.42267],[-118.4671,34.42266],[-118.4671,34.42264],[-118.4671,34.42264],[-118.4671,34.42264],[-118.46685,34.4221],[-118.4666,34.42156],[-118.46656,34.42147],[-118.46653,34.42137],[-118.46652,34.42132],[-118.46652,34.42128],[-118.46651,34.42123],[-118.46649,34.42102],[-118.46648,34.42096],[-118.46646,34.42087],[-118.46644,34.42081],[-118.46643,34.42077],[-118.4664,34.42072],[-118.46637,34.42067],[-118.46632,34.42059],[-118.46626,34.42052],[-118.46619,34.42045],[-118.46616,34.42041],[-118.46605,34.4203],[-118.46599,34.42022],[-118.46596,34.42018],[-118.46592,34.42013],[-118.4659,34.42009],[-118.46589,34.42006],[-118.46589,34.42006],[-118.46586,34.42],[-118.46582,34.4199],[-118.46563,34.4195],[-118.4656,34.41951],[-118.46572,34.41975],[-118.46563,34.41976],[-118.46537,34.41977],[-118.46529,34.41978],[-118.46529,34.4197],[-118.4653,34.4195],[-118.46531,34.4195],[-118.46536,34.4195],[-118.46551,34.41946],[-118.46557,34.41944],[-118.46558,34.41944],[-118.46559,34.41943],[-118.4656,34.41944],[-118.46569,34.41939],[-118.46585,34.4193],[-118.46596,34.41927],[-118.46615,34.41922],[-118.46641,34.41922],[-118.46641,34.41918],[-118.46642,34.41918],[-118.46641,34.41872],[-118.46641,34.41844],[-118.46642,34.41767],[-118.46642,34.41723],[-118.46641,34.41692],[-118.46641,34.41664],[-118.46641,34.41649],[-118.46641,34.41575],[-118.46637,34.41463],[-118.46613,34.41464],[-118.46613,34.41464],[-118.46581,34.41463],[-118.46581,34.41463],[-118.46541,34.41463],[-118.46541,34.41463],[-118.4654,34.41447],[-118.4654,34.41432],[-118.4654,34.41428],[-118.4654,34.41358],[-118.4654,34.41351],[-118.46539,34.41294],[-118.46539,34.41294],[-118.46539,34.41293],[-118.46539,34.41293],[-118.46539,34.41292],[-118.46539,34.41271],[-118.46513,34.41271],[-118.46513,34.41271],[-118.46417,34.41271],[-118.46417,34.41271],[-118.46417,34.41271],[-118.46416,34.41271],[-118.46412,34.41271],[-118.4641,34.41272],[-118.46407,34.41272],[-118.46358,34.41272],[-118.46298,34.41273],[-118.46269,34.41273],[-118.46225,34.41274],[-118.46224,34.41274],[-118.46193,34.41274],[-118.46161,34.41274],[-118.46159,34.41274],[-118.46159,34.41274],[-118.4612,34.41275],[-118.46086,34.41275],[-118.45922,34.41277],[-118.45867,34.41278],[-118.45773,34.41279],[-118.45747,34.41279],[-118.45554,34.41281],[-118.4543,34.41282],[-118.45411,34.41282],[-118.45398,34.41283],[-118.45321,34.41283],[-118.45274,34.41284],[-118.45237,34.41284],[-118.4516,34.41285],[-118.45123,34.41285],[-118.45105,34.41285],[-118.45087,34.41286],[-118.45059,34.41286],[-118.44993,34.41286],[-118.44993,34.41291],[-118.44993,34.41296],[-118.44993,34.41298],[-118.44944,34.41302],[-118.44916,34.41304],[-118.44895,34.41306],[-118.44786,34.41332],[-118.44767,34.41336],[-118.44596,34.41352],[-118.44597,34.4135],[-118.44598,34.4135],[-118.4448,34.41363],[-118.44473,34.41375],[-118.44462,34.41393],[-118.4445,34.41411],[-118.44437,34.4143],[-118.44435,34.41432],[-118.4442,34.41452],[-118.44412,34.41462],[-118.44408,34.41467],[-118.44403,34.41473],[-118.44391,34.41486],[-118.44373,34.41504],[-118.44344,34.41534],[-118.44331,34.41546],[-118.44318,34.41558],[-118.4429,34.41582],[-118.44275,34.41595],[-118.44257,34.41608],[-118.44236,34.41622],[-118.44198,34.41648],[-118.44194,34.41651],[-118.44191,34.41652],[-118.4418,34.41659],[-118.4417,34.41664],[-118.44164,34.41668],[-118.44124,34.4169],[-118.441,34.41702],[-118.4403,34.41738],[-118.43958,34.41773],[-118.43882,34.41809],[-118.43727,34.41881],[-118.43712,34.41888],[-118.43713,34.4189],[-118.43711,34.41891],[-118.43673,34.41908],[-118.43597,34.41943],[-118.43437,34.42017],[-118.43322,34.42069],[-118.43218,34.42117],[-118.43152,34.42147],[-118.43007,34.42214],[-118.42877,34.42275],[-118.42808,34.42308],[-118.42773,34.42324],[-118.42624,34.42392],[-118.42574,34.42415],[-118.4256,34.42421],[-118.42472,34.42461],[-118.42446,34.42474],[-118.4241,34.42491],[-118.424,34.42495],[-118.42371,34.42508],[-118.42371,34.42507],[-118.42356,34.42515],[-118.42334,34.42525],[-118.42327,34.42528],[-118.42276,34.42553],[-118.42197,34.42589],[-118.42186,34.42594],[-118.42093,34.42636],[-118.42091,34.42637],[-118.42014,34.42672],[-118.41948,34.42701],[-118.41906,34.4272],[-118.41866,34.42732],[-118.41828,34.42743],[-118.41803,34.42748],[-118.41771,34.42754],[-118.41764,34.42756],[-118.41734,34.42759],[-118.41722,34.42761],[-118.41661,34.42765],[-118.4152,34.42762],[-118.4152,34.42765],[-118.41519,34.42773],[-118.41062,34.42762],[-118.40945,34.42763],[-118.40905,34.42766],[-118.40826,34.42771],[-118.40644,34.42796],[-118.40635,34.42797],[-118.40477,34.42833],[-118.40422,34.42849],[-118.40421,34.42849],[-118.40421,34.42848],[-118.40421,34.42848],[-118.40378,34.42861],[-118.40365,34.42865],[-118.40362,34.42866],[-118.40358,34.42867],[-118.40348,34.4287],[-118.40343,34.42872],[-118.40339,34.42873],[-118.40334,34.42875],[-118.40327,34.42877],[-118.40321,34.42879],[-118.40307,34.42884],[-118.40295,34.42888],[-118.40289,34.4289],[-118.40281,34.42893],[-118.40275,34.42895],[-118.40265,34.42899],[-118.40259,34.42901],[-118.40246,34.42906],[-118.40215,34.42918],[-118.40207,34.42921],[-118.40198,34.42925],[-118.40187,34.42929],[-118.40176,34.42933],[-118.39952,34.43034],[-118.39766,34.43118],[-118.39758,34.43122],[-118.39755,34.43123],[-118.39559,34.43211],[-118.39462,34.43255],[-118.39362,34.433],[-118.3928,34.43337],[-118.39261,34.43345],[-118.39241,34.43352],[-118.39238,34.43353],[-118.39215,34.4336],[-118.39213,34.43361],[-118.39199,34.43365],[-118.39171,34.43373],[-118.39121,34.43383],[-118.39119,34.43384],[-118.39115,34.43385],[-118.39109,34.43385],[-118.39088,34.43389],[-118.39086,34.43389],[-118.39085,34.43389],[-118.39071,34.43391],[-118.3907,34.43391],[-118.39059,34.43392],[-118.39044,34.43394],[-118.39038,34.43394],[-118.39026,34.43395],[-118.39023,34.43395],[-118.39007,34.43396],[-118.39001,34.43396],[-118.38968,34.43396],[-118.38959,34.43396],[-118.38952,34.43396],[-118.38929,34.43395],[-118.38917,34.43394],[-118.38909,34.43393],[-118.38902,34.43392],[-118.38854,34.43387],[-118.3884,34.43385],[-118.38812,34.43382],[-118.38811,34.43382],[-118.38795,34.4338],[-118.38786,34.43379],[-118.38705,34.43369],[-118.38702,34.43369],[-118.38699,34.43359],[-118.38678,34.43356],[-118.38599,34.43357],[-118.38572,34.43358],[-118.38561,34.43358],[-118.38559,34.43359],[-118.38554,34.43359],[-118.38518,34.43361],[-118.38478,34.43366],[-118.38433,34.43375],[-118.38391,34.43387],[-118.38359,34.43396],[-118.38262,34.43425],[-118.38135,34.43462],[-118.38114,34.43468],[-118.38012,34.43498],[-118.37978,34.43508],[-118.37953,34.43516],[-118.37867,34.4354],[-118.37841,34.43548],[-118.37789,34.43564],[-118.37715,34.43584],[-118.37627,34.43609],[-118.37501,34.43646],[-118.37365,34.43684],[-118.37276,34.4371],[-118.3723,34.43727],[-118.37211,34.43735],[-118.37159,34.43759],[-118.37124,34.43776],[-118.37081,34.43802],[-118.37025,34.4384],[-118.36958,34.43886],[-118.36941,34.43898],[-118.36868,34.43944],[-118.36744,34.44029],[-118.36714,34.44049],[-118.36675,34.44074],[-118.36628,34.44108],[-118.36582,34.44145],[-118.36557,34.44169],[-118.36518,34.44215],[-118.36493,34.44247],[-118.36412,34.44371],[-118.36388,34.44406],[-118.36363,34.4444],[-118.36341,34.44464],[-118.36314,34.44491],[-118.36278,34.44522],[-118.36256,34.44541],[-118.3623,34.44556],[-118.36198,34.44576],[-118.36164,34.44594],[-118.36086,34.44637],[-118.3607,34.44646],[-118.36069,34.44646],[-118.36071,34.44669],[-118.36064,34.44673],[-118.36064,34.44673],[-118.36044,34.44684],[-118.36028,34.44693],[-118.36024,34.44695],[-118.35928,34.44746],[-118.35928,34.44746],[-118.35674,34.44878],[-118.35591,34.44925],[-118.35526,34.4496],[-118.35481,34.44981],[-118.35482,34.44981],[-118.35476,34.44984],[-118.35459,34.44993],[-118.35459,34.44993],[-118.35427,34.4501],[-118.35408,34.45021],[-118.35381,34.45038],[-118.35366,34.45049],[-118.35332,34.45074],[-118.35294,34.45104],[-118.35263,34.45131],[-118.35233,34.4516],[-118.35232,34.45126],[-118.35228,34.45042],[-118.35225,34.44984],[-118.35223,34.44953],[-118.35218,34.44848],[-118.352,34.44471],[-118.35184,34.44129],[-118.35164,34.43719],[-118.35163,34.43705],[-118.35162,34.43658],[-118.35153,34.43354],[-118.35153,34.43348],[-118.35153,34.43344],[-118.35152,34.43333],[-118.35151,34.43305],[-118.35147,34.43164],[-118.35147,34.43156],[-118.35147,34.43147],[-118.35144,34.43058],[-118.35144,34.43042],[-118.35144,34.43034],[-118.35143,34.43012],[-118.35142,34.42983],[-118.35292,34.43003],[-118.35308,34.43005],[-118.35314,34.43005],[-118.35319,34.43006],[-118.35334,34.43008],[-118.35361,34.43012],[-118.35368,34.43013],[-118.35539,34.43035],[-118.35597,34.43043],[-118.35601,34.43044],[-118.35624,34.43047],[-118.35634,34.43048],[-118.35639,34.43049],[-118.36061,34.43105],[-118.3649,34.43103],[-118.3664,34.43102],[-118.36918,34.431],[-118.3707,34.43099],[-118.37333,34.43098],[-118.37856,34.43096],[-118.37876,34.43096],[-118.37895,34.43075],[-118.37789,34.42734],[-118.37711,34.4248],[-118.37686,34.42399],[-118.37677,34.42372],[-118.37678,34.42372],[-118.37678,34.42372],[-118.37678,34.42372],[-118.37678,34.42372],[-118.37678,34.42372],[-118.37678,34.42372],[-118.37678,34.42372],[-118.37679,34.42372],[-118.37689,34.42371],[-118.37884,34.4237],[-118.37914,34.4237],[-118.3804,34.42371],[-118.38342,34.42373],[-118.38542,34.42375],[-118.38675,34.42376],[-118.38675,34.42375],[-118.38675,34.42374],[-118.3869,34.41646],[-118.38693,34.41487],[-118.38693,34.41487],[-118.38705,34.40913],[-118.39774,34.40928],[-118.39774,34.40928],[-118.39777,34.40659],[-118.39783,34.40166],[-118.39787,34.39941],[-118.39787,34.39909],[-118.39788,34.39896],[-118.39788,34.39873],[-118.39788,34.3985],[-118.39788,34.39834],[-118.39788,34.39827],[-118.39789,34.39805],[-118.39791,34.39625],[-118.39791,34.39619],[-118.39793,34.39442],[-118.39793,34.39381],[-118.39793,34.39374],[-118.39794,34.39262],[-118.39794,34.39237],[-118.39794,34.39182],[-118.39794,34.39079],[-118.39795,34.38922],[-118.39795,34.38904],[-118.39795,34.38881],[-118.39796,34.38848],[-118.39796,34.38793],[-118.39796,34.38755],[-118.39796,34.38747],[-118.39796,34.38713],[-118.39796,34.38663],[-118.39801,34.3845],[-118.39801,34.3845],[-118.39801,34.3845],[-118.39803,34.38381],[-118.39804,34.38334],[-118.39804,34.38319],[-118.39805,34.38293],[-118.39807,34.38201],[-118.39808,34.38195],[-118.39808,34.38184],[-118.39808,34.38181],[-118.39808,34.38179],[-118.39808,34.38179],[-118.39808,34.38172],[-118.39808,34.3816],[-118.39808,34.3815],[-118.39808,34.38147],[-118.39808,34.38112],[-118.39808,34.38085],[-118.39808,34.38069],[-118.39808,34.38065],[-118.39808,34.38063],[-118.39808,34.3806],[-118.39808,34.38053],[-118.39809,34.38054],[-118.39808,34.3802],[-118.39808,34.38019],[-118.39808,34.38012],[-118.39808,34.38011],[-118.39808,34.3801],[-118.39808,34.38009],[-118.39808,34.38006],[-118.39808,34.37997],[-118.39808,34.37994],[-118.39808,34.37989],[-118.39808,34.37986],[-118.39808,34.3796],[-118.39808,34.37948],[-118.39808,34.37941],[-118.39808,34.3794],[-118.39808,34.37937],[-118.39808,34.37936],[-118.39808,34.37935],[-118.39808,34.37934],[-118.39808,34.37933],[-118.39808,34.37933],[-118.39808,34.37931],[-118.39808,34.37931],[-118.39808,34.37905],[-118.39808,34.37904],[-118.39808,34.37901],[-118.39808,34.379],[-118.39808,34.37882],[-118.39808,34.37879],[-118.39808,34.37871],[-118.39808,34.37867],[-118.39808,34.37866],[-118.39808,34.37859],[-118.39807,34.37859],[-118.39807,34.37855],[-118.39807,34.37854],[-118.39807,34.37853],[-118.39807,34.37841],[-118.39807,34.37839],[-118.39807,34.3783],[-118.39807,34.37816],[-118.39807,34.37779],[-118.39807,34.37763],[-118.39807,34.37684],[-118.39806,34.37469],[-118.39806,34.37469],[-118.39807,34.374],[-118.39807,34.37353],[-118.39809,34.37247],[-118.39809,34.37211],[-118.3981,34.37101],[-118.3981,34.37095],[-118.3981,34.37084],[-118.3981,34.37083],[-118.3981,34.37083],[-118.39811,34.37074],[-118.39812,34.36915],[-118.39814,34.36753],[-118.39815,34.36709],[-118.39815,34.36691],[-118.39815,34.36671],[-118.39818,34.36671],[-118.39834,34.36671],[-118.40572,34.36678],[-118.40576,34.36678],[-118.40949,34.36681],[-118.40958,34.36681],[-118.41326,34.36684],[-118.41366,34.36685],[-118.4155,34.36687],[-118.41885,34.36691],[-118.41886,34.36691],[-118.41996,34.36692],[-118.4222,34.36694],[-118.42225,34.36694],[-118.42666,34.36699],[-118.42686,34.367],[-118.43113,34.36705],[-118.43113,34.36705],[-118.4312,34.36705],[-118.43769,34.36703],[-118.4399,34.36701],[-118.44857,34.36698],[-118.44866,34.36698],[-118.44872,34.36697],[-118.44873,34.36697],[-118.44875,34.36697],[-118.45741,34.36624],[-118.46616,34.36551],[-118.47592,34.36628],[-118.48479,34.36675],[-118.48491,34.36092],[-118.48492,34.36045],[-118.48494,34.35966],[-118.48494,34.3596],[-118.48494,34.35958],[-118.48494,34.35958],[-118.48495,34.35928],[-118.48497,34.3579],[-118.485,34.35621],[-118.48503,34.3538],[-118.48507,34.3516],[-118.48501,34.3485],[-118.48493,34.34449],[-118.48484,34.33955],[-118.4848,34.3377],[-118.4848,34.33767],[-118.48479,34.33739],[-118.48854,34.33754],[-118.48925,34.33757],[-118.48939,34.33758],[-118.48976,34.3376],[-118.49131,34.33766],[-118.49196,34.33769],[-118.49234,34.3377],[-118.49235,34.3377],[-118.4937,34.33776],[-118.49554,34.33784],[-118.49815,34.33794],[-118.49886,34.33797],[-118.50027,34.33803],[-118.50041,34.33804],[-118.50236,34.33812],[-118.50382,34.33731],[-118.50403,34.33715],[-118.50421,34.33702],[-118.50427,34.33697],[-118.5044,34.33687],[-118.50507,34.33637],[-118.5065,34.33529],[-118.50662,34.3352]]]}},{"type":"Feature","properties":{"seat":"santa-clarita-valley-water-division-2","label":"Division 2","county":"SANTA CLARITA VALLEY WATER AGENCY DIV 2","role":"seat"},"geometry":{"type":"Polygon","coordinates":[[[-118.46159,34.41274],[-118.46159,34.41274],[-118.46161,34.41274],[-118.46193,34.41274],[-118.46224,34.41274],[-118.46225,34.41274],[-118.46269,34.41273],[-118.46298,34.41273],[-118.46358,34.41272],[-118.46407,34.41272],[-118.4641,34.41272],[-118.46412,34.41271],[-118.46416,34.41271],[-118.46417,34.41271],[-118.46417,34.41271],[-118.46417,34.41271],[-118.46513,34.41271],[-118.46513,34.41271],[-118.46539,34.41271],[-118.46539,34.41292],[-118.46539,34.41293],[-118.46539,34.41293],[-118.46539,34.41294],[-118.46539,34.41294],[-118.4654,34.41351],[-118.4654,34.41358],[-118.4654,34.41428],[-118.4654,34.41432],[-118.4654,34.41447],[-118.46541,34.41463],[-118.46541,34.41463],[-118.46581,34.41463],[-118.46581,34.41463],[-118.46613,34.41464],[-118.46613,34.41464],[-118.46637,34.41463],[-118.46641,34.41569],[-118.46641,34.41575],[-118.46641,34.41649],[-118.46641,34.41664],[-118.46641,34.41692],[-118.46642,34.41723],[-118.46642,34.41767],[-118.46641,34.41844],[-118.46641,34.41872],[-118.46642,34.41918],[-118.46641,34.41918],[-118.46641,34.41922],[-118.46615,34.41922],[-118.46596,34.41927],[-118.46585,34.4193],[-118.46569,34.41939],[-118.4656,34.41944],[-118.46559,34.41943],[-118.46558,34.41944],[-118.46557,34.41944],[-118.46551,34.41946],[-118.46536,34.4195],[-118.46531,34.4195],[-118.4653,34.4195],[-118.46529,34.4197],[-118.46529,34.41978],[-118.46537,34.41977],[-118.46563,34.41976],[-118.46572,34.41975],[-118.4656,34.41951],[-118.46563,34.4195],[-118.46582,34.4199],[-118.46586,34.42],[-118.46589,34.42006],[-118.46589,34.42006],[-118.4659,34.42009],[-118.46592,34.42013],[-118.46596,34.42018],[-118.46599,34.42022],[-118.46605,34.4203],[-118.46616,34.42041],[-118.46619,34.42045],[-118.46626,34.42052],[-118.46632,34.42059],[-118.46637,34.42067],[-118.4664,34.42072],[-118.46643,34.42077],[-118.46644,34.42081],[-118.46646,34.42087],[-118.46648,34.42096],[-118.46649,34.42102],[-118.46651,34.42123],[-118.46652,34.42128],[-118.46652,34.42132],[-118.46653,34.42137],[-118.46656,34.42147],[-118.4666,34.42156],[-118.46685,34.4221],[-118.4671,34.42264],[-118.4671,34.42264],[-118.4671,34.42264],[-118.4671,34.42266],[-118.46711,34.42267],[-118.46712,34.42269],[-118.46712,34.4227],[-118.46712,34.4227],[-118.46712,34.42271],[-118.46713,34.42273],[-118.46713,34.42274],[-118.46714,34.42276],[-118.46714,34.42276],[-118.46714,34.42277],[-118.46714,34.42278],[-118.46715,34.4228],[-118.46715,34.42281],[-118.46715,34.42283],[-118.46716,34.42284],[-118.46716,34.42286],[-118.46716,34.42287],[-118.46716,34.42289],[-118.46717,34.4229],[-118.46718,34.42292],[-118.46718,34.42293],[-118.46719,34.42295],[-118.46719,34.42296],[-118.4672,34.42299],[-118.46721,34.42301],[-118.46738,34.42336],[-118.46747,34.42356],[-118.46747,34.42356],[-118.4673,34.42356],[-118.46709,34.42357],[-118.46687,34.42357],[-118.46683,34.42357],[-118.46661,34.42357],[-118.46634,34.42357],[-118.4663,34.42357],[-118.4663,34.42357],[-118.465,34.42357],[-118.4644,34.42357],[-118.4644,34.42396],[-118.4644,34.42428],[-118.46441,34.42439],[-118.46442,34.42443],[-118.46446,34.42451],[-118.46447,34.42454],[-118.4645,34.42458],[-118.46477,34.42489],[-118.46482,34.42496],[-118.4649,34.42503],[-118.46474,34.42512],[-118.46463,34.42519],[-118.46453,34.42524],[-118.46438,34.42531],[-118.46432,34.42533],[-118.46425,34.42535],[-118.4642,34.42536],[-118.46414,34.42537],[-118.46403,34.42538],[-118.46372,34.42538],[-118.46335,34.42539],[-118.46305,34.42539],[-118.46299,34.42539],[-118.46299,34.42608],[-118.46299,34.4268],[-118.46299,34.42718],[-118.46299,34.42758],[-118.46599,34.42757],[-118.46635,34.42757],[-118.46662,34.42758],[-118.46698,34.42757],[-118.46708,34.42758],[-118.46718,34.42759],[-118.46729,34.4276],[-118.46736,34.42761],[-118.46741,34.42761],[-118.46751,34.42763],[-118.46755,34.42763],[-118.46762,34.42765],[-118.46763,34.42765],[-118.46775,34.42768],[-118.46796,34.42775],[-118.46786,34.42797],[-118.46781,34.42811],[-118.46777,34.42824],[-118.46775,34.42835],[-118.46772,34.42861],[-118.46771,34.42876],[-118.46771,34.42893],[-118.46771,34.42907],[-118.46772,34.42919],[-118.46774,34.42928],[-118.46774,34.4293],[-118.46777,34.42941],[-118.46781,34.42952],[-118.46786,34.42963],[-118.46796,34.42986],[-118.46801,34.42996],[-118.46806,34.43005],[-118.46812,34.43013],[-118.46826,34.43032],[-118.46835,34.43043],[-118.46845,34.43055],[-118.46854,34.43065],[-118.46863,34.43073],[-118.46872,34.4308],[-118.46881,34.43086],[-118.4689,34.43092],[-118.46912,34.43106],[-118.46933,34.43118],[-118.46942,34.43122],[-118.46964,34.43131],[-118.47008,34.43148],[-118.47048,34.43165],[-118.47069,34.43173],[-118.47177,34.43216],[-118.47194,34.43223],[-118.47408,34.43309],[-118.47423,34.43315],[-118.47442,34.43323],[-118.47505,34.43348],[-118.47536,34.43361],[-118.47583,34.4338],[-118.47601,34.43387],[-118.47619,34.43396],[-118.47629,34.43402],[-118.47633,34.43404],[-118.47635,34.43405],[-118.47644,34.43394],[-118.47644,34.43394],[-118.47644,34.43394],[-118.47662,34.43379],[-118.47663,34.43379],[-118.47687,34.43385],[-118.47691,34.43386],[-118.47692,34.43386],[-118.47692,34.43386],[-118.47693,34.43386],[-118.47693,34.43386],[-118.47693,34.43386],[-118.47694,34.43386],[-118.47694,34.43386],[-118.47694,34.43386],[-118.47695,34.43387],[-118.47695,34.43387],[-118.47695,34.43387],[-118.47696,34.43387],[-118.47696,34.43387],[-118.47696,34.43387],[-118.47696,34.43387],[-118.47696,34.43387],[-118.47697,34.43387],[-118.47697,34.43387],[-118.47697,34.43387],[-118.47697,34.43387],[-118.47698,34.43388],[-118.47698,34.43388],[-118.47699,34.43388],[-118.47699,34.43388],[-118.47699,34.43388],[-118.477,34.43388],[-118.477,34.43388],[-118.477,34.43389],[-118.47703,34.4339],[-118.47703,34.4339],[-118.47704,34.4339],[-118.47704,34.43391],[-118.47704,34.43391],[-118.47704,34.43391],[-118.47705,34.43391],[-118.47705,34.43391],[-118.47705,34.43392],[-118.47706,34.43392],[-118.47706,34.43392],[-118.47706,34.43392],[-118.47706,34.43392],[-118.47707,34.43393],[-118.47707,34.43393],[-118.47708,34.43393],[-118.47708,34.43393],[-118.47708,34.43393],[-118.47712,34.43402],[-118.47712,34.43402],[-118.47712,34.43403],[-118.47717,34.43407],[-118.47718,34.43408],[-118.47726,34.43414],[-118.47744,34.43431],[-118.47753,34.43441],[-118.47758,34.43444],[-118.47766,34.43443],[-118.47791,34.4344],[-118.4781,34.43438],[-118.47827,34.43438],[-118.47859,34.43441],[-118.47892,34.43448],[-118.47894,34.43449],[-118.47918,34.43455],[-118.47977,34.43476],[-118.47995,34.43483],[-118.48021,34.43491],[-118.48053,34.43501],[-118.48055,34.43501],[-118.48056,34.43499],[-118.4807,34.43504],[-118.48183,34.43539],[-118.48194,34.43543],[-118.48351,34.43594],[-118.48392,34.43609],[-118.48409,34.43614],[-118.48421,34.43618],[-118.48432,34.43621],[-118.48442,34.43623],[-118.4845,34.43624],[-118.48459,34.43625],[-118.48467,34.43625],[-118.48478,34.43624],[-118.48491,34.43622],[-118.48555,34.43613],[-118.48628,34.43603],[-118.48648,34.436],[-118.48669,34.43597],[-118.48681,34.43596],[-118.48691,34.43594],[-118.48711,34.43593],[-118.48737,34.43593],[-118.48749,34.43593],[-118.48771,34.43593],[-118.48812,34.43593],[-118.48833,34.43595],[-118.4884,34.43595],[-118.48858,34.43595],[-118.48871,34.43595],[-118.48904,34.43595],[-118.48913,34.43595],[-118.48923,34.43596],[-118.48934,34.43598],[-118.48945,34.43599],[-118.48953,34.43602],[-118.48958,34.43604],[-118.4896,34.43605],[-118.48969,34.43607],[-118.48979,34.43609],[-118.48991,34.43612],[-118.49002,34.43614],[-118.49009,34.43614],[-118.49014,34.43615],[-118.49016,34.43615],[-118.49022,34.43615],[-118.49029,34.43614],[-118.49035,34.43613],[-118.49043,34.43611],[-118.49051,34.43608],[-118.49069,34.43602],[-118.49073,34.436],[-118.49077,34.43597],[-118.49084,34.43592],[-118.49086,34.43591],[-118.49095,34.43584],[-118.49103,34.43576],[-118.4911,34.43569],[-118.49119,34.43558],[-118.49123,34.43552],[-118.49126,34.43547],[-118.4913,34.43537],[-118.49134,34.43531],[-118.49139,34.43524],[-118.49145,34.43517],[-118.4915,34.43512],[-118.4916,34.43505],[-118.4917,34.435],[-118.49185,34.43493],[-118.49216,34.43477],[-118.49243,34.43466],[-118.49255,34.43461],[-118.49267,34.43456],[-118.49285,34.43448],[-118.49294,34.43445],[-118.49303,34.43442],[-118.49313,34.43439],[-118.49315,34.43439],[-118.49328,34.43437],[-118.49352,34.43434],[-118.4938,34.43434],[-118.49398,34.43434],[-118.49404,34.43433],[-118.49404,34.43434],[-118.49413,34.43434],[-118.49418,34.43436],[-118.49422,34.43438],[-118.49425,34.43443],[-118.49425,34.43445],[-118.4943,34.43461],[-118.49434,34.43478],[-118.49444,34.4352],[-118.49449,34.4354],[-118.49451,34.43552],[-118.49451,34.43558],[-118.49452,34.43564],[-118.49452,34.43582],[-118.49453,34.43585],[-118.49454,34.43589],[-118.49457,34.43592],[-118.4946,34.43593],[-118.49462,34.43594],[-118.49466,34.43595],[-118.49468,34.43595],[-118.49474,34.43595],[-118.49493,34.43595],[-118.49493,34.43552],[-118.49508,34.43326],[-118.49511,34.43302],[-118.4952,34.43274],[-118.49531,34.43248],[-118.49542,34.43229],[-118.49558,34.43202],[-118.49574,34.43182],[-118.49593,34.43159],[-118.49609,34.43144],[-118.49632,34.43125],[-118.49668,34.43101],[-118.49688,34.4309],[-118.49699,34.43083],[-118.4971,34.43079],[-118.49738,34.43066],[-118.49771,34.43055],[-118.4978,34.43052],[-118.49825,34.43042],[-118.49856,34.43039],[-118.49866,34.43038],[-118.49872,34.43038],[-118.49891,34.43038],[-118.49917,34.43038],[-118.49942,34.43038],[-118.49974,34.43039],[-118.50091,34.43041],[-118.50107,34.43041],[-118.50118,34.43041],[-118.50157,34.43038],[-118.50182,34.43035],[-118.50189,34.43034],[-118.502,34.43033],[-118.50208,34.43031],[-118.50238,34.43026],[-118.50254,34.43023],[-118.50261,34.43022],[-118.50329,34.43005],[-118.50384,34.42982],[-118.50451,34.42952],[-118.50499,34.42925],[-118.50507,34.4292],[-118.50512,34.42916],[-118.50534,34.42902],[-118.5054,34.42897],[-118.5058,34.42866],[-118.50586,34.4286],[-118.50594,34.42853],[-118.50615,34.42834],[-118.5062,34.42829],[-118.50648,34.42797],[-118.50654,34.42789],[-118.50662,34.42779],[-118.50679,34.42756],[-118.50683,34.4275],[-118.50705,34.42717],[-118.5072,34.42693],[-118.50724,34.42694],[-118.50734,34.42698],[-118.5075,34.42704],[-118.50805,34.42721],[-118.50841,34.42729],[-118.50886,34.42737],[-118.50975,34.42745],[-118.51049,34.42743],[-118.51084,34.4274],[-118.51122,34.42733],[-118.51127,34.42732],[-118.5117,34.42724],[-118.51224,34.4271],[-118.51236,34.42707],[-118.5135,34.42676],[-118.51586,34.4261],[-118.51713,34.42575],[-118.51935,34.42539],[-118.52032,34.42529],[-118.52151,34.42517],[-118.52275,34.42505],[-118.52386,34.42494],[-118.525,34.42484],[-118.52545,34.4248],[-118.52603,34.42477],[-118.52646,34.42475],[-118.52691,34.42477],[-118.52804,34.42489],[-118.52813,34.4249],[-118.52926,34.42501],[-118.53139,34.42521],[-118.53242,34.42532],[-118.53379,34.42562],[-118.5345,34.42587],[-118.53714,34.42722],[-118.53721,34.42726],[-118.53732,34.42734],[-118.53739,34.42738],[-118.53759,34.42749],[-118.53771,34.42754],[-118.53782,34.42759],[-118.53818,34.4277],[-118.53853,34.42783],[-118.53891,34.42798],[-118.53918,34.42807],[-118.5394,34.42815],[-118.53949,34.42817],[-118.53965,34.42821],[-118.53989,34.42826],[-118.54028,34.42834],[-118.54035,34.42835],[-118.54048,34.42836],[-118.54059,34.42838],[-118.541,34.42847],[-118.54111,34.42849],[-118.54122,34.42851],[-118.54134,34.42852],[-118.54135,34.42852],[-118.54141,34.42853],[-118.54148,34.42853],[-118.54169,34.42855],[-118.54178,34.42856],[-118.5419,34.42857],[-118.54212,34.42857],[-118.54218,34.42857],[-118.54271,34.42855],[-118.54289,34.42854],[-118.54306,34.42853],[-118.54368,34.42847],[-118.5444,34.4284],[-118.54502,34.42835],[-118.54527,34.42833],[-118.5454,34.42832],[-118.54553,34.4283],[-118.54582,34.42828],[-118.54586,34.42828],[-118.54596,34.42828],[-118.54602,34.42828],[-118.54627,34.42828],[-118.54645,34.42828],[-118.5465,34.42828],[-118.54665,34.42829],[-118.5467,34.42829],[-118.54683,34.42829],[-118.54714,34.42831],[-118.54713,34.42829],[-118.54718,34.42829],[-118.54748,34.42828],[-118.54791,34.42828],[-118.54834,34.42828],[-118.54849,34.42828],[-118.54888,34.42829],[-118.54919,34.42831],[-118.5495,34.42833],[-118.54964,34.42835],[-118.55003,34.4284],[-118.55036,34.42844],[-118.55053,34.42846],[-118.55087,34.42849],[-118.55101,34.42851],[-118.55116,34.42854],[-118.55143,34.42859],[-118.55169,34.42865],[-118.55265,34.42892],[-118.553,34.42902],[-118.55352,34.4292],[-118.55381,34.42931],[-118.55407,34.42941],[-118.55415,34.42944],[-118.55452,34.4296],[-118.55475,34.42971],[-118.55489,34.42978],[-118.55525,34.42996],[-118.55567,34.43018],[-118.55586,34.43029],[-118.55603,34.43039],[-118.55631,34.43059],[-118.5565,34.43072],[-118.55676,34.43089],[-118.55681,34.43092],[-118.55692,34.431],[-118.55717,34.43119],[-118.55737,34.43134],[-118.55756,34.43149],[-118.55749,34.43156],[-118.55743,34.43163],[-118.55703,34.43205],[-118.55694,34.43215],[-118.55686,34.43227],[-118.55675,34.43246],[-118.55667,34.43258],[-118.5566,34.43272],[-118.55652,34.43286],[-118.55645,34.43301],[-118.55635,34.43324],[-118.55625,34.43344],[-118.55616,34.43362],[-118.55613,34.43374],[-118.55608,34.4339],[-118.55603,34.43407],[-118.55601,34.43417],[-118.556,34.43423],[-118.55598,34.43431],[-118.55596,34.43442],[-118.55595,34.43457],[-118.55594,34.43479],[-118.55592,34.43506],[-118.55587,34.4362],[-118.55582,34.43715],[-118.55581,34.43739],[-118.55579,34.43776],[-118.55579,34.43778],[-118.55577,34.43794],[-118.55576,34.4381],[-118.55573,34.43826],[-118.5557,34.43841],[-118.55567,34.43857],[-118.55562,34.43873],[-118.55557,34.43889],[-118.55551,34.43904],[-118.55545,34.4392],[-118.55538,34.43936],[-118.55514,34.43988],[-118.55509,34.43999],[-118.55462,34.44097],[-118.55423,34.44182],[-118.55384,34.44267],[-118.55376,34.44284],[-118.55371,34.44297],[-118.55366,34.44287],[-118.55363,34.44294],[-118.55351,34.44331],[-118.55349,34.44338],[-118.55348,34.44342],[-118.55339,34.44389],[-118.55339,34.44392],[-118.55335,34.44417],[-118.55338,34.44425],[-118.55342,34.44425],[-118.55342,34.44434],[-118.5534,34.44469],[-118.55338,34.44564],[-118.55337,34.44591],[-118.55336,34.44605],[-118.55334,34.44619],[-118.55332,34.44634],[-118.55329,34.44646],[-118.55325,34.44663],[-118.55321,34.44677],[-118.55317,34.44691],[-118.55307,34.44717],[-118.55301,34.44731],[-118.55289,34.44757],[-118.55282,34.4477],[-118.55275,34.44782],[-118.55264,34.44799],[-118.55259,34.44806],[-118.5525,34.44818],[-118.55241,34.44831],[-118.55197,34.4488],[-118.55132,34.4495],[-118.55119,34.44964],[-118.55111,34.44973],[-118.55073,34.45014],[-118.54989,34.45105],[-118.54966,34.45131],[-118.54955,34.45143],[-118.54945,34.45156],[-118.54937,34.45168],[-118.54935,34.4517],[-118.54927,34.45183],[-118.54918,34.45197],[-118.5491,34.45211],[-118.54903,34.45225],[-118.54895,34.45239],[-118.54889,34.45254],[-118.54883,34.45269],[-118.54877,34.45285],[-118.54872,34.45301],[-118.54868,34.45317],[-118.54864,34.45333],[-118.54861,34.45349],[-118.54859,34.45365],[-118.54858,34.45381],[-118.54857,34.45396],[-118.54856,34.4541],[-118.54856,34.45421],[-118.5486,34.45451],[-118.54861,34.45474],[-118.54863,34.45497],[-118.54864,34.45504],[-118.54869,34.45528],[-118.54874,34.45555],[-118.54884,34.45583],[-118.54893,34.45607],[-118.54899,34.45622],[-118.54921,34.45675],[-118.54943,34.45728],[-118.54949,34.45743],[-118.54956,34.45769],[-118.54965,34.45806],[-118.54968,34.45838],[-118.54971,34.4586],[-118.54973,34.45873],[-118.54973,34.45886],[-118.54975,34.45906],[-118.54974,34.45934],[-118.54979,34.46069],[-118.54982,34.46135],[-118.54984,34.46201],[-118.54985,34.46229],[-118.54979,34.46229],[-118.54954,34.4623],[-118.54873,34.46229],[-118.54812,34.46228],[-118.54797,34.46228],[-118.54794,34.46227],[-118.54735,34.46231],[-118.54706,34.46231],[-118.54681,34.46231],[-118.54649,34.46231],[-118.54615,34.46232],[-118.54571,34.46226],[-118.54541,34.46224],[-118.5451,34.4622],[-118.5449,34.46216],[-118.54481,34.46215],[-118.54456,34.46213],[-118.54441,34.46211],[-118.54427,34.46208],[-118.54397,34.46206],[-118.54387,34.46203],[-118.54372,34.46199],[-118.54345,34.46192],[-118.5432,34.46184],[-118.54294,34.46176],[-118.5427,34.46167],[-118.54269,34.46167],[-118.5426,34.46164],[-118.54223,34.4615],[-118.54209,34.46136],[-118.54203,34.4613],[-118.54131,34.46104],[-118.54113,34.46099],[-118.54109,34.46097],[-118.54105,34.46096],[-118.54012,34.46064],[-118.53968,34.46048],[-118.53959,34.46045],[-118.53939,34.46038],[-118.539,34.46029],[-118.53867,34.46025],[-118.5386,34.46017],[-118.53859,34.46017],[-118.53841,34.46021],[-118.53807,34.46019],[-118.53778,34.46025],[-118.53653,34.46016],[-118.53553,34.46009],[-118.53523,34.46006],[-118.53503,34.46005],[-118.53488,34.46004],[-118.53471,34.46004],[-118.53455,34.46003],[-118.5344,34.46003],[-118.53433,34.46004],[-118.53414,34.46004],[-118.53394,34.46006],[-118.53382,34.46007],[-118.53369,34.46008],[-118.53331,34.46014],[-118.53224,34.46027],[-118.53082,34.46043],[-118.53064,34.46045],[-118.53058,34.46046],[-118.53025,34.4605],[-118.52999,34.46053],[-118.52957,34.46057],[-118.52894,34.46062],[-118.52883,34.46063],[-118.52855,34.46066],[-118.52819,34.4607],[-118.52809,34.46071],[-118.52796,34.46072],[-118.52773,34.46074],[-118.52748,34.46075],[-118.5272,34.46075],[-118.5271,34.46075],[-118.52693,34.46074],[-118.52673,34.46073],[-118.52662,34.46071],[-118.52649,34.46069],[-118.52638,34.46067],[-118.52621,34.46063],[-118.52601,34.46058],[-118.52591,34.46055],[-118.52584,34.46053],[-118.52565,34.46046],[-118.52553,34.46042],[-118.52541,34.46038],[-118.52524,34.4603],[-118.52488,34.46012],[-118.52465,34.46],[-118.52447,34.4599],[-118.52439,34.45986],[-118.52438,34.45985],[-118.52432,34.45997],[-118.52414,34.46056],[-118.52404,34.46091],[-118.52404,34.46091],[-118.52407,34.46111],[-118.52409,34.46131],[-118.52411,34.46143],[-118.52412,34.46151],[-118.52414,34.46167],[-118.52415,34.4617],[-118.52417,34.46191],[-118.52419,34.46201],[-118.5242,34.46208],[-118.52421,34.46219],[-118.52422,34.46226],[-118.52422,34.46226],[-118.52422,34.46227],[-118.52422,34.46227],[-118.52425,34.46248],[-118.52428,34.46273],[-118.52431,34.46294],[-118.52432,34.463],[-118.52433,34.46311],[-118.52435,34.46322],[-118.52436,34.46335],[-118.52441,34.46368],[-118.52442,34.46373],[-118.52443,34.46383],[-118.52444,34.46393],[-118.52445,34.46399],[-118.52449,34.46429],[-118.52452,34.46449],[-118.52454,34.46466],[-118.52454,34.46467],[-118.52458,34.46497],[-118.52462,34.46528],[-118.52463,34.46532],[-118.52464,34.46539],[-118.52464,34.4654],[-118.52464,34.46539],[-118.52465,34.4655],[-118.5247,34.46588],[-118.52472,34.46599],[-118.52474,34.46615],[-118.52475,34.46624],[-118.5248,34.46658],[-118.52482,34.46678],[-118.52482,34.46679],[-118.52487,34.46712],[-118.525,34.46814],[-118.52504,34.46843],[-118.52505,34.46851],[-118.52507,34.46866],[-118.5251,34.46884],[-118.52513,34.46908],[-118.52516,34.46931],[-118.52518,34.46947],[-118.52527,34.47014],[-118.52529,34.47031],[-118.52531,34.47042],[-118.52536,34.47077],[-118.52538,34.47093],[-118.52538,34.47095],[-118.52538,34.47096],[-118.52542,34.47158],[-118.52543,34.47162],[-118.52544,34.47175],[-118.52544,34.4718],[-118.52545,34.47192],[-118.52553,34.47306],[-118.52556,34.47345],[-118.52556,34.47349],[-118.52561,34.47412],[-118.52561,34.47422],[-118.52563,34.4744],[-118.52564,34.47463],[-118.52566,34.4749],[-118.52567,34.47508],[-118.52568,34.47513],[-118.52568,34.47515],[-118.52568,34.47516],[-118.52568,34.47517],[-118.52568,34.47518],[-118.52568,34.4752],[-118.52568,34.47521],[-118.52568,34.47522],[-118.52567,34.47525],[-118.52567,34.47526],[-118.52567,34.47527],[-118.52567,34.47528],[-118.52566,34.47529],[-118.52566,34.4753],[-118.52566,34.47531],[-118.52566,34.47532],[-118.52565,34.47533],[-118.52565,34.47534],[-118.52565,34.47535],[-118.52564,34.47536],[-118.52558,34.47551],[-118.52555,34.47558],[-118.52535,34.47609],[-118.52534,34.47609],[-118.52535,34.4761],[-118.5253,34.4762],[-118.52518,34.4765],[-118.52512,34.47664],[-118.52511,34.47668],[-118.52511,34.47669],[-118.52511,34.47669],[-118.5251,34.47669],[-118.5251,34.4767],[-118.5251,34.4767],[-118.5251,34.4767],[-118.5251,34.47671],[-118.5251,34.47671],[-118.5251,34.47671],[-118.52509,34.47672],[-118.52509,34.47672],[-118.52509,34.47672],[-118.52509,34.47672],[-118.52509,34.47673],[-118.52509,34.47673],[-118.52508,34.47674],[-118.52508,34.47674],[-118.52508,34.47675],[-118.52506,34.47677],[-118.52504,34.47682],[-118.52503,34.47683],[-118.52501,34.47687],[-118.525,34.4769],[-118.52493,34.47703],[-118.52489,34.4771],[-118.52486,34.47715],[-118.5248,34.47726],[-118.52479,34.47728],[-118.5247,34.47745],[-118.52467,34.4775],[-118.52467,34.47751],[-118.52466,34.47751],[-118.52466,34.47751],[-118.52466,34.47751],[-118.52466,34.47751],[-118.52466,34.47752],[-118.52466,34.47752],[-118.52466,34.47752],[-118.52466,34.47752],[-118.52465,34.47753],[-118.52465,34.47753],[-118.52465,34.47754],[-118.52465,34.47754],[-118.52465,34.47754],[-118.52465,34.47755],[-118.52465,34.47755],[-118.52465,34.47755],[-118.52464,34.47756],[-118.52464,34.47756],[-118.52464,34.47756],[-118.52464,34.47757],[-118.52464,34.47757],[-118.52464,34.47758],[-118.52464,34.47758],[-118.52464,34.47758],[-118.52464,34.47758],[-118.52464,34.47759],[-118.52464,34.47759],[-118.52464,34.47759],[-118.52464,34.47759],[-118.52464,34.47759],[-118.52463,34.47759],[-118.52463,34.4776],[-118.52463,34.4776],[-118.52463,34.4776],[-118.52463,34.4776],[-118.52463,34.4776],[-118.52463,34.4776],[-118.52463,34.47761],[-118.52463,34.47761],[-118.52463,34.47762],[-118.52463,34.47769],[-118.52463,34.47772],[-118.52463,34.47782],[-118.52463,34.47792],[-118.52463,34.47795],[-118.52463,34.47796],[-118.52463,34.47803],[-118.52463,34.47816],[-118.52463,34.47833],[-118.52463,34.47835],[-118.52463,34.47842],[-118.52462,34.47944],[-118.52462,34.47946],[-118.52462,34.47948],[-118.52462,34.4803],[-118.52461,34.48162],[-118.52461,34.48168],[-118.52039,34.48166],[-118.52021,34.48166],[-118.51724,34.48166],[-118.5158,34.48165],[-118.51242,34.48165],[-118.51176,34.48164],[-118.51139,34.48164],[-118.51011,34.48164],[-118.50993,34.48164],[-118.50993,34.48164],[-118.50249,34.48162],[-118.49815,34.48154],[-118.49622,34.4815],[-118.49622,34.4815],[-118.49403,34.48145],[-118.49344,34.48144],[-118.48971,34.48136],[-118.48704,34.4813],[-118.48587,34.48128],[-118.48522,34.48127],[-118.48484,34.48126],[-118.48193,34.48123],[-118.47949,34.48121],[-118.4771,34.48118],[-118.47688,34.48118],[-118.47641,34.48117],[-118.4764,34.48117],[-118.4764,34.48126],[-118.4764,34.48128],[-118.47639,34.48243],[-118.47638,34.48483],[-118.47636,34.48659],[-118.47635,34.48849],[-118.47634,34.48849],[-118.47623,34.48848],[-118.47501,34.48847],[-118.4745,34.48846],[-118.47448,34.48846],[-118.47261,34.48843],[-118.47184,34.48842],[-118.4676,34.48837],[-118.46755,34.48837],[-118.46752,34.49068],[-118.46751,34.49104],[-118.46751,34.49139],[-118.46751,34.49172],[-118.46749,34.49281],[-118.46749,34.49333],[-118.46747,34.49472],[-118.46745,34.49572],[-118.46613,34.49573],[-118.46522,34.49573],[-118.46456,34.49573],[-118.46304,34.49573],[-118.46303,34.49573],[-118.46212,34.49574],[-118.46194,34.49574],[-118.4608,34.49574],[-118.45935,34.49574],[-118.4586,34.49574],[-118.45826,34.49574],[-118.45823,34.49574],[-118.45822,34.49574],[-118.45819,34.49574],[-118.45819,34.49574],[-118.4581,34.49574],[-118.45811,34.49573],[-118.45799,34.49573],[-118.45774,34.49573],[-118.45422,34.49565],[-118.44986,34.49555],[-118.44607,34.49548],[-118.44518,34.49546],[-118.44477,34.49545],[-118.4424,34.4954],[-118.44119,34.49538],[-118.44096,34.49537],[-118.44096,34.49537],[-118.44096,34.49536],[-118.44096,34.49483],[-118.44096,34.49455],[-118.44095,34.49411],[-118.44095,34.49356],[-118.44095,34.49329],[-118.44095,34.49321],[-118.44095,34.49316],[-118.44095,34.49302],[-118.44094,34.49206],[-118.44094,34.4907],[-118.44093,34.48842],[-118.4409,34.48246],[-118.4409,34.48157],[-118.44089,34.48111],[-118.44037,34.48114],[-118.43971,34.48117],[-118.43971,34.48116],[-118.4382,34.48123],[-118.43691,34.48129],[-118.43691,34.48129],[-118.43647,34.48131],[-118.4361,34.48132],[-118.4355,34.48135],[-118.43499,34.48137],[-118.43436,34.4814],[-118.43384,34.48142],[-118.43331,34.48145],[-118.43278,34.48147],[-118.43266,34.48147],[-118.43266,34.48147],[-118.43205,34.4815],[-118.43199,34.4815],[-118.43141,34.4815],[-118.43141,34.4815],[-118.43003,34.4815],[-118.42802,34.4815],[-118.42791,34.4815],[-118.42586,34.4815],[-118.42581,34.4815],[-118.42581,34.4815],[-118.42313,34.4815],[-118.42111,34.4815],[-118.42111,34.4815],[-118.41951,34.48149],[-118.41917,34.48148],[-118.41916,34.48148],[-118.41829,34.48148],[-118.41652,34.48147],[-118.41567,34.48146],[-118.4155,34.48146],[-118.4145,34.48145],[-118.41321,34.48146],[-118.41146,34.48148],[-118.41025,34.48148],[-118.41013,34.48148],[-118.4086,34.48149],[-118.40624,34.48151],[-118.40576,34.48151],[-118.40506,34.48152],[-118.40463,34.48152],[-118.40058,34.48155],[-118.39755,34.48157],[-118.39702,34.48157],[-118.3955,34.48157],[-118.3937,34.48156],[-118.39264,34.48155],[-118.3917,34.48155],[-118.391,34.48154],[-118.39056,34.48154],[-118.38841,34.48153],[-118.38825,34.48153],[-118.38807,34.48153],[-118.38772,34.48153],[-118.38724,34.48152],[-118.38716,34.48152],[-118.38663,34.48152],[-118.38605,34.48151],[-118.38446,34.4815],[-118.38428,34.4815],[-118.38371,34.48149],[-118.38382,34.47454],[-118.3839,34.46899],[-118.38391,34.46848],[-118.38392,34.46779],[-118.38392,34.46779],[-118.38392,34.46766],[-118.38171,34.46764],[-118.38066,34.46764],[-118.37968,34.46763],[-118.37951,34.46763],[-118.37951,34.46763],[-118.37897,34.46763],[-118.37897,34.46763],[-118.37895,34.46763],[-118.37895,34.46763],[-118.37831,34.46762],[-118.37712,34.46761],[-118.37592,34.4676],[-118.37473,34.46759],[-118.37353,34.46758],[-118.37234,34.46757],[-118.37116,34.46756],[-118.37114,34.46756],[-118.37102,34.46756],[-118.37095,34.46756],[-118.36995,34.46756],[-118.36995,34.46756],[-118.36994,34.46571],[-118.36992,34.46017],[-118.36989,34.45378],[-118.36989,34.45299],[-118.36989,34.45296],[-118.36989,34.45293],[-118.36989,34.45286],[-118.36774,34.45286],[-118.36666,34.45285],[-118.36666,34.45285],[-118.36666,34.45285],[-118.36666,34.45285],[-118.36559,34.45285],[-118.36486,34.45284],[-118.36451,34.45284],[-118.3643,34.45284],[-118.3643,34.45284],[-118.36396,34.45284],[-118.36381,34.45284],[-118.36381,34.45284],[-118.36344,34.45284],[-118.36336,34.45284],[-118.36266,34.45283],[-118.3624,34.45283],[-118.36236,34.45283],[-118.36212,34.45283],[-118.3616,34.45283],[-118.36128,34.45283],[-118.36109,34.45282],[-118.36101,34.45281],[-118.35748,34.45258],[-118.35335,34.4523],[-118.35314,34.45229],[-118.35264,34.45226],[-118.35266,34.45223],[-118.35236,34.45221],[-118.35233,34.4516],[-118.35263,34.45131],[-118.35294,34.45104],[-118.35332,34.45074],[-118.35366,34.45049],[-118.35381,34.45038],[-118.35408,34.45021],[-118.35427,34.4501],[-118.35459,34.44993],[-118.35459,34.44993],[-118.35476,34.44984],[-118.35482,34.44981],[-118.35481,34.44981],[-118.35526,34.4496],[-118.35591,34.44925],[-118.35674,34.44878],[-118.35928,34.44746],[-118.35928,34.44746],[-118.36024,34.44695],[-118.36028,34.44693],[-118.36044,34.44684],[-118.36064,34.44673],[-118.36064,34.44673],[-118.36071,34.44669],[-118.36069,34.44646],[-118.3607,34.44646],[-118.36086,34.44637],[-118.36164,34.44594],[-118.36198,34.44576],[-118.3623,34.44556],[-118.36256,34.44541],[-118.36278,34.44522],[-118.36314,34.44491],[-118.36341,34.44464],[-118.36363,34.4444],[-118.36388,34.44406],[-118.36412,34.44371],[-118.36493,34.44247],[-118.36518,34.44215],[-118.36557,34.44169],[-118.36582,34.44145],[-118.36628,34.44108],[-118.36675,34.44074],[-118.36714,34.44049],[-118.36744,34.44029],[-118.36868,34.43944],[-118.36941,34.43898],[-118.36958,34.43886],[-118.37025,34.4384],[-118.37081,34.43802],[-118.37124,34.43776],[-118.37159,34.43759],[-118.37211,34.43735],[-118.3723,34.43727],[-118.37276,34.4371],[-118.37365,34.43684],[-118.37501,34.43646],[-118.37627,34.43609],[-118.37715,34.43584],[-118.37789,34.43564],[-118.37841,34.43548],[-118.37867,34.4354],[-118.37953,34.43516],[-118.37978,34.43508],[-118.38012,34.43498],[-118.38114,34.43468],[-118.38135,34.43462],[-118.38262,34.43425],[-118.38359,34.43396],[-118.38391,34.43387],[-118.38433,34.43375],[-118.38478,34.43366],[-118.38518,34.43361],[-118.38554,34.43359],[-118.38559,34.43359],[-118.38561,34.43358],[-118.38572,34.43358],[-118.38599,34.43357],[-118.38678,34.43356],[-118.38699,34.43359],[-118.38702,34.43369],[-118.38705,34.43369],[-118.38786,34.43379],[-118.38795,34.4338],[-118.38811,34.43382],[-118.38812,34.43382],[-118.3884,34.43385],[-118.38854,34.43387],[-118.38902,34.43392],[-118.38909,34.43393],[-118.38917,34.43394],[-118.38929,34.43395],[-118.38952,34.43396],[-118.38959,34.43396],[-118.38968,34.43396],[-118.39001,34.43396],[-118.39007,34.43396],[-118.39023,34.43395],[-118.39026,34.43395],[-118.39038,34.43394],[-118.39044,34.43394],[-118.39059,34.43392],[-118.3907,34.43391],[-118.39071,34.43391],[-118.39085,34.43389],[-118.39086,34.43389],[-118.39088,34.43389],[-118.39109,34.43385],[-118.39115,34.43385],[-118.39119,34.43384],[-118.39121,34.43383],[-118.39157,34.43376],[-118.39171,34.43373],[-118.39199,34.43365],[-118.39213,34.43361],[-118.39215,34.4336],[-118.39238,34.43353],[-118.39241,34.43352],[-118.39261,34.43345],[-118.3928,34.43337],[-118.39362,34.433],[-118.39462,34.43255],[-118.39559,34.43211],[-118.39755,34.43123],[-118.39755,34.43123],[-118.39758,34.43122],[-118.39766,34.43118],[-118.39952,34.43034],[-118.40176,34.42933],[-118.40187,34.42929],[-118.40198,34.42925],[-118.40207,34.42921],[-118.40215,34.42918],[-118.40246,34.42906],[-118.40259,34.42901],[-118.40265,34.42899],[-118.40275,34.42895],[-118.40281,34.42893],[-118.40289,34.4289],[-118.40295,34.42888],[-118.40307,34.42884],[-118.40321,34.42879],[-118.40327,34.42877],[-118.40334,34.42875],[-118.40339,34.42873],[-118.40343,34.42872],[-118.40348,34.4287],[-118.40358,34.42867],[-118.40362,34.42866],[-118.40365,34.42865],[-118.40378,34.42861],[-118.40421,34.42848],[-118.40421,34.42848],[-118.40421,34.42849],[-118.40422,34.42849],[-118.40477,34.42833],[-118.40635,34.42797],[-118.40642,34.42796],[-118.40644,34.42796],[-118.40826,34.42771],[-118.40897,34.42766],[-118.40905,34.42766],[-118.40945,34.42763],[-118.41062,34.42762],[-118.41149,34.42764],[-118.41519,34.42773],[-118.4152,34.42765],[-118.4152,34.42762],[-118.41661,34.42765],[-118.41722,34.42761],[-118.41734,34.42759],[-118.41764,34.42756],[-118.41771,34.42754],[-118.41803,34.42748],[-118.41828,34.42743],[-118.41866,34.42732],[-118.41906,34.4272],[-118.41948,34.42701],[-118.42014,34.42672],[-118.42091,34.42637],[-118.42093,34.42636],[-118.42197,34.42589],[-118.42276,34.42553],[-118.42327,34.42528],[-118.42334,34.42525],[-118.42356,34.42515],[-118.42371,34.42507],[-118.42371,34.42508],[-118.424,34.42495],[-118.4241,34.42491],[-118.42446,34.42474],[-118.42472,34.42461],[-118.4256,34.42421],[-118.42574,34.42415],[-118.42624,34.42392],[-118.42773,34.42324],[-118.42808,34.42308],[-118.42877,34.42275],[-118.43007,34.42214],[-118.43152,34.42147],[-118.43218,34.42117],[-118.43322,34.42069],[-118.43437,34.42017],[-118.43597,34.41943],[-118.43673,34.41908],[-118.43711,34.41891],[-118.43713,34.4189],[-118.43712,34.41888],[-118.43727,34.41881],[-118.43882,34.41809],[-118.43958,34.41773],[-118.4403,34.41738],[-118.441,34.41702],[-118.44124,34.4169],[-118.44164,34.41668],[-118.4417,34.41664],[-118.4418,34.41659],[-118.44191,34.41652],[-118.44194,34.41651],[-118.44198,34.41648],[-118.44209,34.41641],[-118.44226,34.41629],[-118.44236,34.41622],[-118.44257,34.41608],[-118.44275,34.41595],[-118.4429,34.41582],[-118.44318,34.41558],[-118.44331,34.41546],[-118.44344,34.41534],[-118.44373,34.41504],[-118.44391,34.41486],[-118.44403,34.41473],[-118.44408,34.41467],[-118.44412,34.41462],[-118.4442,34.41452],[-118.44427,34.41443],[-118.44435,34.41432],[-118.44436,34.41431],[-118.44437,34.4143],[-118.4445,34.41411],[-118.44462,34.41393],[-118.44473,34.41375],[-118.4448,34.41363],[-118.44598,34.4135],[-118.44596,34.41352],[-118.44767,34.41336],[-118.44786,34.41332],[-118.44895,34.41306],[-118.44916,34.41304],[-118.44944,34.41302],[-118.44993,34.41298],[-118.44993,34.41296],[-118.44993,34.41291],[-118.44993,34.41286],[-118.45059,34.41286],[-118.45087,34.41286],[-118.45105,34.41285],[-118.45123,34.41285],[-118.4516,34.41285],[-118.45237,34.41284],[-118.45274,34.41284],[-118.45321,34.41283],[-118.45398,34.41283],[-118.45411,34.41282],[-118.4543,34.41282],[-118.45554,34.41281],[-118.45747,34.41279],[-118.45773,34.41279],[-118.45867,34.41278],[-118.45922,34.41277],[-118.46086,34.41275],[-118.4612,34.41275],[-118.46159,34.41274]]]}},{"type":"Feature","properties":{"seat":"santa-clarita-valley-water-division-3","label":"Division 3","county":"SANTA CLARITA VLY WATER AGENCY DIV 3","role":"seat"},"geometry":{"type":"Polygon","coordinates":[[[-118.50771,34.33438],[-118.50881,34.33438],[-118.51124,34.3344],[-118.51135,34.3344],[-118.51193,34.3344],[-118.51211,34.33439],[-118.51235,34.3344],[-118.51271,34.3344],[-118.51392,34.3344],[-118.51553,34.3344],[-118.519,34.33441],[-118.51993,34.33442],[-118.51991,34.33511],[-118.5199,34.33535],[-118.51987,34.33634],[-118.51986,34.3366],[-118.51982,34.33815],[-118.52013,34.33815],[-118.52224,34.33817],[-118.52266,34.33817],[-118.52268,34.33817],[-118.52446,34.33819],[-118.52536,34.33819],[-118.52634,34.3382],[-118.5286,34.33822],[-118.5286,34.33832],[-118.52862,34.33832],[-118.52862,34.33847],[-118.52864,34.34104],[-118.52864,34.34108],[-118.52864,34.34148],[-118.52864,34.34159],[-118.52865,34.3416],[-118.5287,34.34163],[-118.52872,34.34165],[-118.52888,34.34165],[-118.52895,34.34165],[-118.52912,34.34165],[-118.52913,34.34166],[-118.52914,34.34167],[-118.52926,34.34167],[-118.52927,34.34167],[-118.53075,34.34165],[-118.53076,34.34165],[-118.53163,34.34164],[-118.53201,34.34163],[-118.53287,34.34162],[-118.53313,34.34162],[-118.53499,34.34159],[-118.53761,34.34156],[-118.53762,34.34174],[-118.53765,34.34221],[-118.5378,34.34483],[-118.5378,34.34497],[-118.5378,34.34531],[-118.53863,34.34532],[-118.54159,34.34533],[-118.54179,34.34534],[-118.54179,34.3453],[-118.54174,34.34359],[-118.54174,34.34359],[-118.54173,34.34322],[-118.54169,34.3422],[-118.54168,34.34178],[-118.54168,34.34163],[-118.54602,34.3417],[-118.54614,34.34171],[-118.54615,34.34171],[-118.54615,34.34103],[-118.54616,34.34056],[-118.54616,34.34018],[-118.54616,34.3396],[-118.54616,34.3395],[-118.54616,34.33893],[-118.54616,34.33878],[-118.54616,34.33836],[-118.54616,34.33835],[-118.54644,34.33836],[-118.54685,34.33836],[-118.54725,34.33836],[-118.54791,34.33837],[-118.54835,34.33837],[-118.54897,34.33838],[-118.54937,34.33838],[-118.54989,34.33839],[-118.55053,34.33839],[-118.55053,34.33852],[-118.55053,34.33861],[-118.55053,34.33906],[-118.55051,34.34219],[-118.55051,34.34248],[-118.55051,34.34295],[-118.55051,34.34361],[-118.5505,34.34401],[-118.5505,34.34472],[-118.5505,34.3452],[-118.5505,34.34538],[-118.5505,34.34564],[-118.55049,34.34648],[-118.55048,34.34793],[-118.55048,34.34821],[-118.55048,34.34849],[-118.55048,34.34896],[-118.55049,34.3502],[-118.5505,34.35043],[-118.5505,34.35254],[-118.55188,34.35255],[-118.552,34.35255],[-118.56853,34.35259],[-118.56853,34.35261],[-118.56944,34.35261],[-118.57028,34.35261],[-118.5727,34.35262],[-118.57267,34.35366],[-118.5726,34.35629],[-118.57257,34.35727],[-118.57256,34.35787],[-118.57255,34.35808],[-118.5725,34.35987],[-118.57247,34.36099],[-118.5724,34.36361],[-118.57236,34.36519],[-118.57233,34.36608],[-118.57231,34.36688],[-118.57231,34.36696],[-118.57229,34.36717],[-118.57229,34.36717],[-118.57261,34.36717],[-118.57845,34.36721],[-118.57846,34.36721],[-118.58096,34.36723],[-118.58097,34.36723],[-118.58525,34.36718],[-118.58963,34.36713],[-118.59393,34.36708],[-118.59393,34.36729],[-118.59393,34.36732],[-118.59396,34.36961],[-118.59397,34.37042],[-118.59397,34.37063],[-118.59397,34.37077],[-118.59398,34.37099],[-118.59398,34.37102],[-118.59398,34.37121],[-118.59398,34.37143],[-118.59399,34.37174],[-118.59399,34.37175],[-118.59399,34.37199],[-118.59399,34.372],[-118.59399,34.37201],[-118.59399,34.37208],[-118.59399,34.37209],[-118.59399,34.3721],[-118.59399,34.37213],[-118.59399,34.37214],[-118.59399,34.37215],[-118.59399,34.37229],[-118.59399,34.3723],[-118.59399,34.37231],[-118.59399,34.37232],[-118.594,34.37251],[-118.594,34.37271],[-118.594,34.37283],[-118.594,34.3729],[-118.594,34.37306],[-118.594,34.3731],[-118.59401,34.37331],[-118.59401,34.37358],[-118.59401,34.37359],[-118.59402,34.37405],[-118.59568,34.37398],[-118.5958,34.37398],[-118.59651,34.37395],[-118.59776,34.3739],[-118.59831,34.37388],[-118.59942,34.37384],[-118.60174,34.37375],[-118.60247,34.37372],[-118.60268,34.37371],[-118.60269,34.37506],[-118.60269,34.37527],[-118.60271,34.37639],[-118.60271,34.3773],[-118.60272,34.37777],[-118.60272,34.37819],[-118.60272,34.37821],[-118.60272,34.37821],[-118.60272,34.37827],[-118.60273,34.3792],[-118.60274,34.38003],[-118.60274,34.3802],[-118.60275,34.38032],[-118.60275,34.38052],[-118.60275,34.38061],[-118.60275,34.38073],[-118.60275,34.38084],[-118.60275,34.38089],[-118.60277,34.38184],[-118.60282,34.38355],[-118.60287,34.38466],[-118.6048,34.38545],[-118.60502,34.38554],[-118.6054,34.38569],[-118.60545,34.3869],[-118.60736,34.38678],[-118.60749,34.38786],[-118.60559,34.38832],[-118.60551,34.38835],[-118.60558,34.39008],[-118.60558,34.39023],[-118.60559,34.39048],[-118.6056,34.39068],[-118.60561,34.39097],[-118.60561,34.39102],[-118.60563,34.39142],[-118.60564,34.39154],[-118.60566,34.39207],[-118.60566,34.39218],[-118.60566,34.39219],[-118.60567,34.39229],[-118.60567,34.39229],[-118.60584,34.39231],[-118.60596,34.39232],[-118.60616,34.39234],[-118.60618,34.39234],[-118.60622,34.39234],[-118.60627,34.39234],[-118.60631,34.39235],[-118.60633,34.39235],[-118.60636,34.39235],[-118.60636,34.39236],[-118.60638,34.39238],[-118.60639,34.3924],[-118.60639,34.39242],[-118.6064,34.39245],[-118.6064,34.39248],[-118.60639,34.3925],[-118.60638,34.39254],[-118.60637,34.39256],[-118.60635,34.39259],[-118.60635,34.39259],[-118.60633,34.3926],[-118.60631,34.39262],[-118.6063,34.39264],[-118.6063,34.39264],[-118.60628,34.39268],[-118.60627,34.39269],[-118.60623,34.39281],[-118.60614,34.39303],[-118.60614,34.39304],[-118.60614,34.3931],[-118.60591,34.39315],[-118.6059,34.39356],[-118.6059,34.39357],[-118.60552,34.39383],[-118.60545,34.39387],[-118.60513,34.39419],[-118.60504,34.39424],[-118.60498,34.39427],[-118.6047,34.3944],[-118.60464,34.39442],[-118.60462,34.39443],[-118.60459,34.39444],[-118.60453,34.39446],[-118.60448,34.39447],[-118.60443,34.39447],[-118.6044,34.39448],[-118.60436,34.39447],[-118.60432,34.39447],[-118.60428,34.39446],[-118.60424,34.39445],[-118.6042,34.39444],[-118.60414,34.39442],[-118.60409,34.39439],[-118.60405,34.39436],[-118.60402,34.39433],[-118.60398,34.39429],[-118.60398,34.39429],[-118.60397,34.39427],[-118.60393,34.39422],[-118.60382,34.39406],[-118.60372,34.39391],[-118.60366,34.39394],[-118.60003,34.39566],[-118.59993,34.3957],[-118.59994,34.39573],[-118.59994,34.39575],[-118.59992,34.39577],[-118.59988,34.39579],[-118.59975,34.39581],[-118.59971,34.39583],[-118.59966,34.39586],[-118.59964,34.39589],[-118.59964,34.39589],[-118.59962,34.39592],[-118.59962,34.39594],[-118.59961,34.39597],[-118.59962,34.39601],[-118.59963,34.39603],[-118.59969,34.3961],[-118.59969,34.39612],[-118.59968,34.39613],[-118.59965,34.39617],[-118.59963,34.39622],[-118.59962,34.39623],[-118.59959,34.39621],[-118.59957,34.39619],[-118.59954,34.39618],[-118.59944,34.3962],[-118.59935,34.39622],[-118.59929,34.39624],[-118.59926,34.39624],[-118.59924,34.39623],[-118.59917,34.39616],[-118.59915,34.39614],[-118.59914,34.39613],[-118.59912,34.39611],[-118.59908,34.3961],[-118.59889,34.3962],[-118.59883,34.39622],[-118.59698,34.3971],[-118.59396,34.39853],[-118.59341,34.39879],[-118.59344,34.3988],[-118.59349,34.39882],[-118.59369,34.39891],[-118.59372,34.39892],[-118.59374,34.39894],[-118.59377,34.39895],[-118.5938,34.39898],[-118.59382,34.399],[-118.59384,34.39902],[-118.59385,34.39905],[-118.59387,34.39907],[-118.59391,34.39917],[-118.59393,34.39922],[-118.594,34.39937],[-118.59406,34.39942],[-118.59413,34.39975],[-118.59424,34.39989],[-118.59448,34.4002],[-118.59464,34.40049],[-118.59486,34.40074],[-118.59504,34.40077],[-118.59564,34.40121],[-118.59575,34.40113],[-118.59577,34.40112],[-118.59582,34.40109],[-118.59589,34.40103],[-118.59594,34.401],[-118.59599,34.40097],[-118.59599,34.40096],[-118.59603,34.40094],[-118.59607,34.40092],[-118.59613,34.40088],[-118.59616,34.40085],[-118.5962,34.40083],[-118.59622,34.40082],[-118.5963,34.40077],[-118.5964,34.40071],[-118.59646,34.40067],[-118.59669,34.40094],[-118.59713,34.40117],[-118.59723,34.40112],[-118.59796,34.40116],[-118.598,34.40115],[-118.59809,34.40113],[-118.59819,34.40114],[-118.5983,34.40119],[-118.59837,34.40124],[-118.59842,34.40131],[-118.59863,34.4018],[-118.59867,34.40189],[-118.59874,34.40195],[-118.59878,34.40195],[-118.59882,34.40194],[-118.59887,34.40194],[-118.59891,34.40195],[-118.59896,34.40196],[-118.599,34.40197],[-118.59905,34.40198],[-118.59916,34.40203],[-118.59928,34.40207],[-118.59933,34.4021],[-118.59938,34.40212],[-118.59942,34.40215],[-118.59946,34.40218],[-118.5995,34.40222],[-118.59954,34.40226],[-118.59957,34.40231],[-118.59959,34.40233],[-118.59962,34.4024],[-118.59974,34.40245],[-118.59993,34.40263],[-118.60004,34.40274],[-118.60009,34.40276],[-118.60013,34.40278],[-118.60017,34.4028],[-118.6002,34.40283],[-118.60023,34.40285],[-118.60026,34.40288],[-118.60032,34.40298],[-118.60035,34.40304],[-118.60035,34.40308],[-118.60035,34.40309],[-118.60035,34.40316],[-118.60034,34.40323],[-118.60025,34.40352],[-118.60023,34.40359],[-118.60022,34.40363],[-118.60034,34.40385],[-118.60055,34.40404],[-118.60059,34.40408],[-118.60048,34.40417],[-118.59769,34.40605],[-118.59697,34.40653],[-118.59834,34.40734],[-118.59837,34.40736],[-118.60107,34.40896],[-118.60259,34.40985],[-118.60757,34.4128],[-118.612,34.41542],[-118.612,34.41542],[-118.61202,34.41543],[-118.61203,34.41544],[-118.61262,34.41481],[-118.61262,34.41481],[-118.61263,34.41481],[-118.61342,34.41396],[-118.61488,34.41314],[-118.61566,34.41269],[-118.61612,34.41244],[-118.61629,34.41233],[-118.61731,34.41176],[-118.61765,34.41157],[-118.61766,34.41156],[-118.61907,34.41076],[-118.62307,34.40847],[-118.62525,34.40723],[-118.62524,34.40723],[-118.62701,34.40623],[-118.62941,34.39982],[-118.62708,34.39921],[-118.62708,34.3992],[-118.62507,34.39867],[-118.61746,34.39332],[-118.61734,34.39324],[-118.61725,34.39318],[-118.61649,34.39264],[-118.61641,34.391],[-118.61633,34.38959],[-118.61633,34.38958],[-118.61618,34.38669],[-118.61618,34.38669],[-118.61611,34.38541],[-118.61581,34.37947],[-118.61571,34.37784],[-118.61633,34.37782],[-118.61744,34.37779],[-118.61825,34.37777],[-118.6198,34.37773],[-118.62264,34.37765],[-118.62398,34.37761],[-118.62481,34.37758],[-118.62653,34.37754],[-118.62866,34.37747],[-118.6315,34.37739],[-118.63314,34.37735],[-118.63668,34.37725],[-118.63668,34.37725],[-118.63764,34.37722],[-118.6373,34.367],[-118.63721,34.36427],[-118.63697,34.35708],[-118.6368,34.35204],[-118.63673,34.34989],[-118.64833,34.34867],[-118.64833,34.34759],[-118.65904,34.34756],[-118.66623,34.35178],[-118.67058,34.36066],[-118.67361,34.36682],[-118.67785,34.37546],[-118.69139,34.4031],[-118.69144,34.4031],[-118.69144,34.4031],[-118.69145,34.40312],[-118.69146,34.40313],[-118.69146,34.40314],[-118.69147,34.40316],[-118.6915,34.40322],[-118.69164,34.40352],[-118.69165,34.40353],[-118.69184,34.40392],[-118.69184,34.40392],[-118.69203,34.40431],[-118.69204,34.40433],[-118.69211,34.40446],[-118.69221,34.40467],[-118.69223,34.40471],[-118.69241,34.40507],[-118.69241,34.40509],[-118.69258,34.40543],[-118.6926,34.40547],[-118.69274,34.40574],[-118.69277,34.40581],[-118.69278,34.40583],[-118.69281,34.40589],[-118.69284,34.40595],[-118.69287,34.40601],[-118.6929,34.40607],[-118.69292,34.4061],[-118.69293,34.40614],[-118.69295,34.40618],[-118.69297,34.40621],[-118.69297,34.40622],[-118.69298,34.40624],[-118.69299,34.40626],[-118.69302,34.40632],[-118.69305,34.40637],[-118.69348,34.40725],[-118.69366,34.40762],[-118.6937,34.4077],[-118.69375,34.4078],[-118.6938,34.40791],[-118.69415,34.40862],[-118.69444,34.4092],[-118.69445,34.40923],[-118.69465,34.40963],[-118.69521,34.41076],[-118.6953,34.41096],[-118.69543,34.41121],[-118.69623,34.41285],[-118.69629,34.41297],[-118.69706,34.41454],[-118.6972,34.41481],[-118.6978,34.41603],[-118.69795,34.41634],[-118.69798,34.4164],[-118.69807,34.41658],[-118.69891,34.4183],[-118.69897,34.41842],[-118.69984,34.42018],[-118.6999,34.42031],[-118.70019,34.42089],[-118.70019,34.42089],[-118.70014,34.42089],[-118.69408,34.42115],[-118.69039,34.4213],[-118.68519,34.42151],[-118.6776,34.42183],[-118.66977,34.42215],[-118.6697,34.42215],[-118.66938,34.42217],[-118.65722,34.42267],[-118.65722,34.42267],[-118.65295,34.42284],[-118.65219,34.42286],[-118.65173,34.42304],[-118.65126,34.42319],[-118.65058,34.42406],[-118.65702,34.42396],[-118.65705,34.42396],[-118.6588,34.42393],[-118.6588,34.42432],[-118.65879,34.4245],[-118.6583,34.42451],[-118.65748,34.42451],[-118.65728,34.42451],[-118.65732,34.42462],[-118.65736,34.42473],[-118.65745,34.4247],[-118.65812,34.42546],[-118.65829,34.42575],[-118.6579,34.42591],[-118.6582,34.42644],[-118.65876,34.42742],[-118.6587,34.42744],[-118.6587,34.42745],[-118.65871,34.42751],[-118.65873,34.42766],[-118.65874,34.42778],[-118.65874,34.42804],[-118.65873,34.42851],[-118.6587,34.42899],[-118.65868,34.42949],[-118.65868,34.4296],[-118.65874,34.4296],[-118.65873,34.43025],[-118.65873,34.43049],[-118.65872,34.43098],[-118.65872,34.4311],[-118.65873,34.4311],[-118.66081,34.43112],[-118.66456,34.43115],[-118.66742,34.43117],[-118.66747,34.43117],[-118.66747,34.43117],[-118.66747,34.43172],[-118.66746,34.4326],[-118.66745,34.43323],[-118.66744,34.43373],[-118.66744,34.43452],[-118.66739,34.43833],[-118.67151,34.43836],[-118.67268,34.43837],[-118.67598,34.4384],[-118.67613,34.43841],[-118.67612,34.44082],[-118.67612,34.44129],[-118.67612,34.44207],[-118.68941,34.44211],[-118.6937,34.44214],[-118.69717,34.44216],[-118.69806,34.44217],[-118.69808,34.44217],[-118.69814,34.4457],[-118.69815,34.44578],[-118.69815,34.4458],[-118.69815,34.4458],[-118.69815,34.4458],[-118.69816,34.44669],[-118.6982,34.44831],[-118.69822,34.44936],[-118.69822,34.4494],[-118.69822,34.44957],[-118.69823,34.45029],[-118.69828,34.45258],[-118.69829,34.45302],[-118.69829,34.45302],[-118.69829,34.45302],[-118.69829,34.45302],[-118.69833,34.45516],[-118.69834,34.456],[-118.69836,34.45656],[-118.69836,34.4566],[-118.69836,34.4566],[-118.69836,34.45661],[-118.69836,34.45663],[-118.69836,34.45663],[-118.69836,34.45671],[-118.69836,34.45686],[-118.69837,34.45718],[-118.6984,34.45864],[-118.6984,34.45909],[-118.69842,34.46004],[-118.69842,34.46009],[-118.69843,34.46017],[-118.69843,34.46017],[-118.69843,34.46019],[-118.69843,34.46025],[-118.69843,34.4603],[-118.69843,34.46036],[-118.69847,34.46238],[-118.69849,34.46323],[-118.6985,34.46378],[-118.69815,34.46377],[-118.69506,34.46372],[-118.69434,34.46371],[-118.69431,34.46371],[-118.69423,34.46371],[-118.69422,34.46371],[-118.69421,34.46371],[-118.69114,34.46369],[-118.69018,34.46368],[-118.69006,34.46368],[-118.69001,34.46368],[-118.69005,34.46443],[-118.6901,34.46521],[-118.69022,34.46726],[-118.69007,34.46726],[-118.68986,34.46726],[-118.68926,34.46725],[-118.68757,34.46724],[-118.6861,34.46723],[-118.6861,34.46727],[-118.68608,34.47085],[-118.68605,34.47446],[-118.68605,34.47447],[-118.68603,34.47809],[-118.68602,34.47886],[-118.68602,34.47886],[-118.68602,34.47886],[-118.686,34.48172],[-118.68601,34.48175],[-118.68601,34.48187],[-118.68601,34.48217],[-118.68602,34.48264],[-118.68605,34.48537],[-118.68605,34.4854],[-118.68606,34.48658],[-118.68606,34.4869],[-118.68609,34.48902],[-118.68613,34.49267],[-118.68613,34.49267],[-118.68295,34.49266],[-118.67963,34.49266],[-118.67947,34.49266],[-118.67917,34.49265],[-118.67864,34.49265],[-118.6779,34.49265],[-118.6779,34.49265],[-118.6778,34.49265],[-118.67782,34.49557],[-118.67782,34.49565],[-118.67782,34.49569],[-118.67782,34.49579],[-118.67782,34.49579],[-118.67782,34.49592],[-118.67782,34.49594],[-118.67782,34.49597],[-118.67782,34.49611],[-118.67782,34.49628],[-118.67782,34.49631],[-118.67782,34.49634],[-118.67778,34.49634],[-118.67767,34.49634],[-118.67734,34.49634],[-118.67731,34.49634],[-118.67698,34.49634],[-118.67359,34.49634],[-118.67359,34.49634],[-118.67316,34.49634],[-118.67174,34.49634],[-118.66921,34.49634],[-118.66921,34.49639],[-118.66922,34.49854],[-118.66925,34.50367],[-118.66925,34.50367],[-118.66922,34.50367],[-118.66489,34.50366],[-118.66489,34.50366],[-118.66489,34.50366],[-118.66489,34.50366],[-118.66489,34.50425],[-118.66489,34.50679],[-118.66489,34.50712],[-118.66489,34.50727],[-118.6649,34.51089],[-118.6649,34.51089],[-118.66632,34.5109],[-118.66642,34.5109],[-118.66922,34.5109],[-118.66928,34.5109],[-118.66928,34.5109],[-118.66929,34.5109],[-118.66929,34.5109],[-118.66929,34.5109],[-118.66935,34.51091],[-118.67054,34.51092],[-118.67063,34.51092],[-118.6717,34.51093],[-118.67339,34.51095],[-118.67351,34.51095],[-118.67353,34.51095],[-118.67363,34.51095],[-118.67363,34.51095],[-118.67363,34.51095],[-118.67363,34.51095],[-118.67363,34.51095],[-118.67363,34.51095],[-118.67363,34.51095],[-118.67353,34.51104],[-118.67143,34.51291],[-118.6714,34.51293],[-118.67007,34.51411],[-118.66959,34.51454],[-118.66945,34.51466],[-118.66928,34.51481],[-118.66816,34.51581],[-118.66633,34.51744],[-118.66559,34.51809],[-118.66528,34.51837],[-118.66493,34.51868],[-118.66416,34.51936],[-118.66377,34.51971],[-118.66337,34.52006],[-118.66214,34.52115],[-118.66213,34.52116],[-118.66213,34.52116],[-118.66213,34.52116],[-118.66264,34.52178],[-118.66265,34.52179],[-118.66464,34.52418],[-118.66491,34.52451],[-118.66495,34.52456],[-118.66497,34.52458],[-118.66528,34.52496],[-118.66544,34.52515],[-118.66566,34.52541],[-118.66582,34.52561],[-118.66872,34.52909],[-118.66923,34.52971],[-118.66938,34.52989],[-118.67017,34.53084],[-118.67067,34.53144],[-118.67177,34.53277],[-118.67178,34.53278],[-118.67178,34.53278],[-118.67178,34.53278],[-118.67179,34.53279],[-118.6718,34.5328],[-118.67356,34.53492],[-118.67401,34.53546],[-118.67485,34.53647],[-118.67634,34.53827],[-118.6767,34.5387],[-118.67713,34.53921],[-118.67747,34.53963],[-118.67775,34.53996],[-118.67792,34.54016],[-118.67787,34.54016],[-118.67787,34.54016],[-118.67404,34.54016],[-118.67359,34.54016],[-118.6692,34.54016],[-118.6692,34.54031],[-118.66925,34.54688],[-118.66928,34.55011],[-118.6693,34.55238],[-118.6693,34.55272],[-118.66932,34.55493],[-118.66933,34.55602],[-118.66933,34.55619],[-118.66933,34.55624],[-118.66933,34.55656],[-118.66935,34.55838],[-118.66936,34.55927],[-118.66936,34.55929],[-118.66935,34.55929],[-118.665,34.55928],[-118.66399,34.55928],[-118.6626,34.55928],[-118.66151,34.55928],[-118.66067,34.55927],[-118.66063,34.55927],[-118.66061,34.55927],[-118.66061,34.56019],[-118.66061,34.56019],[-118.66061,34.56029],[-118.66061,34.56111],[-118.66061,34.56203],[-118.66061,34.56295],[-118.66061,34.56387],[-118.66061,34.5645],[-118.66061,34.56479],[-118.66061,34.56571],[-118.66061,34.56663],[-118.66061,34.56914],[-118.66061,34.56961],[-118.66061,34.56993],[-118.66061,34.57016],[-118.66061,34.57041],[-118.66061,34.57044],[-118.66061,34.57046],[-118.66061,34.57051],[-118.66061,34.57078],[-118.66061,34.57078],[-118.66061,34.57082],[-118.66061,34.57086],[-118.66061,34.57099],[-118.66061,34.57102],[-118.66061,34.57112],[-118.66061,34.57229],[-118.6606,34.57262],[-118.6606,34.57399],[-118.66172,34.57399],[-118.66503,34.574],[-118.66536,34.574],[-118.66588,34.574],[-118.66613,34.574],[-118.66602,34.57391],[-118.66808,34.57392],[-118.66814,34.57395],[-118.66825,34.57401],[-118.66946,34.57401],[-118.66953,34.57401],[-118.67135,34.57402],[-118.67205,34.57402],[-118.67267,34.57402],[-118.67272,34.57394],[-118.6731,34.57395],[-118.67305,34.57402],[-118.67832,34.57403],[-118.67833,34.57982],[-118.67834,34.58023],[-118.67834,34.58088],[-118.67834,34.58094],[-118.67834,34.58139],[-118.67835,34.58139],[-118.67967,34.58143],[-118.68032,34.58145],[-118.68054,34.58145],[-118.68054,34.58093],[-118.68054,34.57962],[-118.68053,34.57778],[-118.68053,34.57595],[-118.68053,34.57547],[-118.68053,34.57411],[-118.68053,34.57411],[-118.68163,34.57415],[-118.68274,34.57419],[-118.68273,34.57394],[-118.68271,34.57268],[-118.68268,34.57047],[-118.68487,34.57054],[-118.68488,34.57054],[-118.68487,34.56995],[-118.68485,34.56867],[-118.68702,34.56871],[-118.68706,34.56871],[-118.6871,34.57052],[-118.6871,34.57056],[-118.6871,34.5706],[-118.6871,34.57062],[-118.68711,34.57065],[-118.68711,34.57071],[-118.68711,34.57072],[-118.68711,34.57111],[-118.68713,34.57211],[-118.68713,34.57257],[-118.68713,34.57267],[-118.68713,34.57267],[-118.68715,34.57343],[-118.68716,34.57435],[-118.68716,34.57436],[-118.68551,34.57429],[-118.68534,34.57429],[-118.68495,34.57427],[-118.68495,34.57792],[-118.68274,34.57785],[-118.68274,34.57825],[-118.68274,34.58093],[-118.68274,34.58151],[-118.68274,34.58333],[-118.68268,34.58332],[-118.68054,34.58328],[-118.68055,34.58694],[-118.67836,34.58692],[-118.67836,34.58704],[-118.67836,34.58875],[-118.67845,34.59614],[-118.67853,34.60272],[-118.67853,34.6033],[-118.67853,34.60345],[-118.67852,34.60596],[-118.6785,34.61076],[-118.67659,34.61074],[-118.67394,34.61071],[-118.67093,34.61068],[-118.66957,34.61067],[-118.66065,34.61057],[-118.66063,34.60843],[-118.66062,34.60633],[-118.66062,34.60522],[-118.66061,34.60423],[-118.66061,34.60324],[-118.66062,34.60247],[-118.66064,34.60092],[-118.66071,34.59597],[-118.66064,34.59597],[-118.66064,34.59594],[-118.65853,34.59593],[-118.65854,34.59433],[-118.65856,34.59232],[-118.65856,34.59232],[-118.6569,34.59231],[-118.65635,34.5923],[-118.65637,34.5909],[-118.65637,34.59054],[-118.65637,34.5905],[-118.65637,34.59049],[-118.65627,34.59049],[-118.65417,34.59047],[-118.65417,34.5898],[-118.65417,34.58956],[-118.65418,34.58944],[-118.65418,34.58939],[-118.65418,34.58936],[-118.65418,34.58916],[-118.65418,34.58914],[-118.65418,34.58875],[-118.65418,34.58865],[-118.65353,34.58865],[-118.65323,34.58865],[-118.65197,34.58864],[-118.64976,34.58862],[-118.64745,34.5886],[-118.64298,34.58853],[-118.64298,34.58843],[-118.64297,34.58718],[-118.64293,34.58114],[-118.6429,34.58114],[-118.63857,34.5811],[-118.6342,34.58105],[-118.63421,34.581],[-118.63421,34.57745],[-118.63247,34.57745],[-118.6322,34.57745],[-118.6299,34.57744],[-118.6299,34.57744],[-118.62989,34.5766],[-118.62986,34.57445],[-118.62985,34.57382],[-118.62549,34.5738],[-118.62109,34.5738],[-118.61687,34.57381],[-118.61656,34.57381],[-118.61255,34.57381],[-118.61231,34.57381],[-118.60952,34.57382],[-118.60825,34.57382],[-118.6081,34.57382],[-118.60726,34.57382],[-118.60727,34.57277],[-118.60729,34.57134],[-118.60735,34.56637],[-118.6074,34.56185],[-118.60742,34.5604],[-118.60742,34.56016],[-118.60743,34.5597],[-118.60743,34.55918],[-118.60743,34.55917],[-118.60548,34.55917],[-118.60473,34.55917],[-118.60399,34.55917],[-118.60336,34.55917],[-118.59863,34.55916],[-118.5965,34.55915],[-118.59391,34.55915],[-118.58918,34.55914],[-118.58918,34.55914],[-118.5892,34.57368],[-118.5892,34.57384],[-118.58902,34.57384],[-118.58491,34.57382],[-118.58056,34.5738],[-118.57293,34.57377],[-118.57169,34.57376],[-118.56908,34.57375],[-118.56576,34.57373],[-118.56506,34.57373],[-118.5601,34.5737],[-118.55904,34.5737],[-118.55744,34.57369],[-118.55727,34.57369],[-118.55709,34.57369],[-118.55411,34.57368],[-118.55407,34.57368],[-118.55404,34.56095],[-118.55404,34.55906],[-118.55406,34.55906],[-118.55463,34.55906],[-118.55739,34.55907],[-118.55764,34.55907],[-118.55764,34.55907],[-118.55787,34.55907],[-118.55911,34.55907],[-118.55983,34.55907],[-118.56116,34.55908],[-118.56138,34.55908],[-118.56157,34.55908],[-118.56351,34.55908],[-118.56351,34.5588],[-118.56352,34.55796],[-118.56355,34.55452],[-118.56355,34.55376],[-118.56358,34.55092],[-118.56361,34.54735],[-118.56367,34.54033],[-118.56368,34.54021],[-118.56368,34.53999],[-118.56368,34.53966],[-118.56368,34.53954],[-118.56368,34.53945],[-118.56368,34.53945],[-118.56373,34.5336],[-118.56373,34.5336],[-118.56374,34.53297],[-118.56759,34.53296],[-118.56759,34.53296],[-118.57198,34.53295],[-118.57199,34.53246],[-118.572,34.52747],[-118.57201,34.52747],[-118.57201,34.52728],[-118.57201,34.52687],[-118.57202,34.52597],[-118.57202,34.52594],[-118.57202,34.52567],[-118.57202,34.52539],[-118.57202,34.52518],[-118.57202,34.52385],[-118.57203,34.522],[-118.57204,34.52046],[-118.57204,34.51845],[-118.57204,34.51832],[-118.57205,34.51832],[-118.57216,34.51832],[-118.57236,34.51832],[-118.57256,34.51832],[-118.57711,34.5183],[-118.58014,34.51829],[-118.58034,34.51829],[-118.58057,34.51829],[-118.58222,34.51828],[-118.58747,34.51826],[-118.58888,34.51826],[-118.58901,34.51826],[-118.59009,34.51825],[-118.59009,34.51826],[-118.59037,34.51834],[-118.59037,34.51825],[-118.59037,34.51821],[-118.59038,34.51805],[-118.5904,34.51772],[-118.59041,34.51748],[-118.59042,34.51726],[-118.59055,34.51496],[-118.59057,34.5146],[-118.59076,34.511],[-118.59076,34.51099],[-118.59096,34.50504],[-118.59097,34.5046],[-118.59098,34.50425],[-118.591,34.50367],[-118.59102,34.50367],[-118.59137,34.50367],[-118.59212,34.50367],[-118.59503,34.50367],[-118.59645,34.50367],[-118.59659,34.50367],[-118.5967,34.50367],[-118.59674,34.50367],[-118.5968,34.50367],[-118.59694,34.50367],[-118.59788,34.50367],[-118.59958,34.50367],[-118.59959,34.50332],[-118.59959,34.50302],[-118.59965,34.5005],[-118.59966,34.5003],[-118.59966,34.50028],[-118.59966,34.50028],[-118.59966,34.50009],[-118.59966,34.50002],[-118.59967,34.49977],[-118.59967,34.49973],[-118.59969,34.49899],[-118.59969,34.49871],[-118.59973,34.49726],[-118.59975,34.49637],[-118.59973,34.49575],[-118.59966,34.49273],[-118.59965,34.4925],[-118.59963,34.49149],[-118.59961,34.49065],[-118.5996,34.49046],[-118.5996,34.49027],[-118.59958,34.4893],[-118.59958,34.4893],[-118.59957,34.48909],[-118.59998,34.48909],[-118.59998,34.48909],[-118.59998,34.48909],[-118.60029,34.48909],[-118.60031,34.48909],[-118.60287,34.48909],[-118.60387,34.48909],[-118.60384,34.48676],[-118.60384,34.48667],[-118.60384,34.48666],[-118.60384,34.48662],[-118.60384,34.48652],[-118.60383,34.48546],[-118.60383,34.48546],[-118.60379,34.48313],[-118.60378,34.48211],[-118.60378,34.48209],[-118.60378,34.48207],[-118.60378,34.48186],[-118.60378,34.48184],[-118.60377,34.48184],[-118.60377,34.48184],[-118.60377,34.48184],[-118.59987,34.48187],[-118.5994,34.48188],[-118.5994,34.48188],[-118.59939,34.48188],[-118.59516,34.48187],[-118.59503,34.48187],[-118.59498,34.48187],[-118.59318,34.48187],[-118.59284,34.48187],[-118.59205,34.48187],[-118.59175,34.48187],[-118.59121,34.48187],[-118.59066,34.48186],[-118.5891,34.48185],[-118.58737,34.48184],[-118.58737,34.48184],[-118.58628,34.48184],[-118.58582,34.48183],[-118.58556,34.48183],[-118.58536,34.48183],[-118.58408,34.48182],[-118.584,34.48182],[-118.58199,34.48182],[-118.5819,34.48182],[-118.58188,34.48182],[-118.58153,34.48181],[-118.58044,34.48181],[-118.58043,34.48181],[-118.58033,34.48181],[-118.57981,34.4818],[-118.57981,34.4818],[-118.57435,34.48177],[-118.57376,34.48176],[-118.57369,34.48176],[-118.57363,34.48176],[-118.57313,34.48176],[-118.57313,34.48176],[-118.57313,34.48197],[-118.57317,34.48281],[-118.57317,34.48288],[-118.57317,34.48299],[-118.57318,34.48311],[-118.57318,34.48315],[-118.5732,34.4837],[-118.57325,34.48496],[-118.57327,34.48532],[-118.57327,34.4854],[-118.57327,34.48541],[-118.57326,34.48541],[-118.57326,34.48541],[-118.57274,34.48541],[-118.57135,34.4854],[-118.57056,34.4854],[-118.57049,34.4854],[-118.57005,34.4854],[-118.56998,34.4854],[-118.56951,34.4854],[-118.56888,34.4854],[-118.56889,34.48552],[-118.56892,34.48629],[-118.56892,34.48636],[-118.56893,34.48643],[-118.56896,34.48723],[-118.56899,34.48797],[-118.569,34.48819],[-118.56903,34.48905],[-118.56713,34.48904],[-118.567,34.48904],[-118.56464,34.48904],[-118.56044,34.48903],[-118.56017,34.48903],[-118.56013,34.48903],[-118.5601,34.48903],[-118.56008,34.48903],[-118.56008,34.48909],[-118.56008,34.48918],[-118.56013,34.49168],[-118.56013,34.49175],[-118.56013,34.49176],[-118.56012,34.49176],[-118.56012,34.49176],[-118.56011,34.49177],[-118.5601,34.49177],[-118.56009,34.49178],[-118.56009,34.49178],[-118.55997,34.49181],[-118.55998,34.4918],[-118.5596,34.49188],[-118.55894,34.49203],[-118.55862,34.49211],[-118.55852,34.49213],[-118.55852,34.49213],[-118.5585,34.49208],[-118.55847,34.49199],[-118.55846,34.49192],[-118.55845,34.49189],[-118.55845,34.49186],[-118.55845,34.49186],[-118.5584,34.49186],[-118.5584,34.49186],[-118.55836,34.49187],[-118.55834,34.49187],[-118.55834,34.49187],[-118.55802,34.49194],[-118.55775,34.49199],[-118.55691,34.49217],[-118.55636,34.49219],[-118.55628,34.49216],[-118.5562,34.49214],[-118.5562,34.49213],[-118.55616,34.49212],[-118.55579,34.49253],[-118.55562,34.49235],[-118.55562,34.49235],[-118.55562,34.49235],[-118.55559,34.49232],[-118.55541,34.49213],[-118.55516,34.49186],[-118.55515,34.49185],[-118.55495,34.49164],[-118.55482,34.4915],[-118.55478,34.49146],[-118.55471,34.49139],[-118.55467,34.49134],[-118.55466,34.49134],[-118.55481,34.49116],[-118.55492,34.49103],[-118.555,34.49093],[-118.55501,34.49093],[-118.5552,34.49069],[-118.5552,34.49069],[-118.55471,34.49044],[-118.5555,34.48949],[-118.55498,34.48903],[-118.55478,34.48816],[-118.5553,34.48761],[-118.55532,34.48759],[-118.55537,34.48754],[-118.55537,34.48709],[-118.55537,34.48693],[-118.55538,34.48657],[-118.55542,34.48651],[-118.55544,34.48648],[-118.55555,34.48537],[-118.55554,34.48537],[-118.55554,34.48536],[-118.55554,34.48517],[-118.55555,34.48362],[-118.55555,34.48354],[-118.55555,34.48346],[-118.55556,34.48201],[-118.55556,34.48173],[-118.55556,34.48171],[-118.55424,34.48171],[-118.55336,34.48171],[-118.55223,34.48171],[-118.55115,34.48171],[-118.54936,34.48171],[-118.54683,34.4817],[-118.54673,34.4817],[-118.54666,34.4817],[-118.54663,34.4817],[-118.54613,34.4817],[-118.54468,34.4817],[-118.5445,34.4817],[-118.54439,34.4817],[-118.54186,34.48169],[-118.54168,34.4817],[-118.54155,34.48169],[-118.54145,34.48169],[-118.53998,34.4817],[-118.53899,34.48171],[-118.53851,34.48171],[-118.53782,34.48171],[-118.53397,34.4817],[-118.53378,34.4817],[-118.53342,34.4817],[-118.53339,34.4817],[-118.53285,34.4817],[-118.53122,34.48169],[-118.52902,34.48169],[-118.5269,34.48168],[-118.5261,34.48168],[-118.52569,34.48168],[-118.52461,34.48168],[-118.52461,34.48162],[-118.52462,34.4803],[-118.52462,34.47948],[-118.52462,34.47946],[-118.52462,34.47944],[-118.52463,34.47842],[-118.52463,34.47835],[-118.52463,34.47833],[-118.52463,34.47816],[-118.52463,34.47815],[-118.52463,34.47803],[-118.52463,34.47796],[-118.52463,34.47795],[-118.52463,34.47792],[-118.52463,34.47782],[-118.52463,34.47772],[-118.52463,34.47769],[-118.52463,34.47762],[-118.52463,34.47761],[-118.52463,34.47761],[-118.52463,34.4776],[-118.52463,34.4776],[-118.52463,34.4776],[-118.52463,34.4776],[-118.52463,34.4776],[-118.52463,34.4776],[-118.52463,34.47759],[-118.52464,34.47759],[-118.52464,34.47759],[-118.52464,34.47759],[-118.52464,34.47759],[-118.52464,34.47759],[-118.52464,34.47758],[-118.52464,34.47758],[-118.52464,34.47758],[-118.52464,34.47758],[-118.52464,34.47757],[-118.52464,34.47757],[-118.52464,34.47756],[-118.52464,34.47756],[-118.52464,34.47756],[-118.52465,34.47755],[-118.52465,34.47755],[-118.52465,34.47755],[-118.52465,34.47754],[-118.52465,34.47754],[-118.52465,34.47754],[-118.52465,34.47753],[-118.52465,34.47753],[-118.52466,34.47752],[-118.52466,34.47752],[-118.52466,34.47752],[-118.52466,34.47752],[-118.52466,34.47751],[-118.52466,34.47751],[-118.52466,34.47751],[-118.52466,34.47751],[-118.52467,34.47751],[-118.52467,34.4775],[-118.5247,34.47745],[-118.52479,34.47728],[-118.5248,34.47726],[-118.52486,34.47715],[-118.52489,34.4771],[-118.52493,34.47703],[-118.525,34.4769],[-118.52501,34.47687],[-118.52503,34.47683],[-118.52504,34.47682],[-118.52506,34.47677],[-118.52508,34.47675],[-118.52508,34.47674],[-118.52508,34.47674],[-118.52509,34.47673],[-118.52509,34.47673],[-118.52509,34.47672],[-118.52509,34.47672],[-118.52509,34.47672],[-118.52509,34.47672],[-118.5251,34.47671],[-118.5251,34.47671],[-118.5251,34.47671],[-118.5251,34.4767],[-118.5251,34.4767],[-118.5251,34.4767],[-118.5251,34.47669],[-118.52511,34.47669],[-118.52511,34.47669],[-118.52511,34.47668],[-118.52512,34.47664],[-118.52518,34.4765],[-118.5253,34.4762],[-118.52535,34.4761],[-118.52534,34.47609],[-118.52535,34.47609],[-118.52555,34.47558],[-118.52558,34.47551],[-118.52564,34.47536],[-118.52565,34.47535],[-118.52565,34.47534],[-118.52565,34.47533],[-118.52566,34.47532],[-118.52566,34.47531],[-118.52566,34.4753],[-118.52566,34.47529],[-118.52567,34.47528],[-118.52567,34.47527],[-118.52567,34.47526],[-118.52567,34.47525],[-118.52568,34.47522],[-118.52568,34.47521],[-118.52568,34.4752],[-118.52568,34.47518],[-118.52568,34.47517],[-118.52568,34.47516],[-118.52568,34.47515],[-118.52568,34.47513],[-118.52567,34.47508],[-118.52566,34.4749],[-118.52564,34.47463],[-118.52563,34.4744],[-118.52561,34.47422],[-118.52561,34.47412],[-118.52556,34.47349],[-118.52556,34.47345],[-118.52553,34.47306],[-118.52545,34.47192],[-118.52544,34.4718],[-118.52544,34.47175],[-118.52543,34.47162],[-118.52542,34.47158],[-118.52538,34.47096],[-118.52538,34.47095],[-118.52538,34.47093],[-118.52536,34.47077],[-118.52531,34.47042],[-118.52529,34.47031],[-118.52527,34.47014],[-118.52518,34.46947],[-118.52516,34.46931],[-118.52513,34.46908],[-118.5251,34.46884],[-118.52507,34.46866],[-118.52505,34.46851],[-118.52504,34.46843],[-118.525,34.46814],[-118.52487,34.46712],[-118.52482,34.46678],[-118.5248,34.46658],[-118.52475,34.46624],[-118.52474,34.46615],[-118.52472,34.46599],[-118.5247,34.46588],[-118.52465,34.4655],[-118.52464,34.46539],[-118.52464,34.4654],[-118.52464,34.46539],[-118.52463,34.46532],[-118.52462,34.46528],[-118.52458,34.46497],[-118.52454,34.46467],[-118.52454,34.46466],[-118.52452,34.46449],[-118.52449,34.46429],[-118.52445,34.46399],[-118.52444,34.46393],[-118.52443,34.46383],[-118.52442,34.46373],[-118.52441,34.46368],[-118.52436,34.46335],[-118.52435,34.46322],[-118.52433,34.46311],[-118.52432,34.463],[-118.52431,34.46294],[-118.52428,34.46273],[-118.52425,34.46248],[-118.52422,34.46227],[-118.52422,34.46227],[-118.52422,34.46226],[-118.52422,34.46226],[-118.52421,34.46219],[-118.5242,34.46208],[-118.52419,34.46201],[-118.52417,34.46191],[-118.52415,34.4617],[-118.52414,34.46167],[-118.52412,34.46151],[-118.52411,34.46143],[-118.52409,34.46131],[-118.52407,34.46111],[-118.52404,34.46091],[-118.52404,34.46091],[-118.52414,34.46056],[-118.52432,34.45997],[-118.52438,34.45985],[-118.52439,34.45986],[-118.52447,34.4599],[-118.52465,34.46],[-118.52488,34.46012],[-118.52524,34.4603],[-118.52541,34.46038],[-118.52553,34.46042],[-118.52565,34.46046],[-118.52584,34.46053],[-118.52591,34.46055],[-118.52601,34.46058],[-118.52621,34.46063],[-118.52638,34.46067],[-118.52649,34.46069],[-118.52662,34.46071],[-118.52673,34.46073],[-118.52693,34.46074],[-118.5271,34.46075],[-118.5272,34.46075],[-118.52748,34.46075],[-118.52773,34.46074],[-118.52796,34.46072],[-118.52809,34.46071],[-118.52819,34.4607],[-118.52855,34.46066],[-118.52883,34.46063],[-118.52894,34.46062],[-118.52957,34.46057],[-118.52999,34.46053],[-118.53025,34.4605],[-118.53058,34.46046],[-118.53064,34.46045],[-118.53082,34.46043],[-118.53224,34.46027],[-118.53331,34.46014],[-118.53369,34.46008],[-118.53382,34.46007],[-118.53394,34.46006],[-118.53414,34.46004],[-118.53433,34.46004],[-118.5344,34.46003],[-118.53455,34.46003],[-118.53471,34.46004],[-118.53488,34.46004],[-118.53503,34.46005],[-118.53523,34.46006],[-118.53553,34.46009],[-118.53653,34.46016],[-118.53778,34.46025],[-118.53807,34.46019],[-118.53841,34.46021],[-118.53859,34.46017],[-118.5386,34.46017],[-118.53867,34.46025],[-118.539,34.46029],[-118.53939,34.46038],[-118.53959,34.46045],[-118.53968,34.46048],[-118.54012,34.46064],[-118.54105,34.46096],[-118.54109,34.46097],[-118.54113,34.46099],[-118.54131,34.46104],[-118.54203,34.4613],[-118.54209,34.46136],[-118.54223,34.4615],[-118.5426,34.46164],[-118.54269,34.46167],[-118.5427,34.46167],[-118.54294,34.46176],[-118.5432,34.46184],[-118.54345,34.46192],[-118.54372,34.46199],[-118.54387,34.46203],[-118.54397,34.46206],[-118.54427,34.46208],[-118.54456,34.46213],[-118.54481,34.46215],[-118.5449,34.46216],[-118.5451,34.4622],[-118.54541,34.46224],[-118.54571,34.46226],[-118.54615,34.46232],[-118.54649,34.46231],[-118.54681,34.46231],[-118.54706,34.46231],[-118.54735,34.46231],[-118.54794,34.46227],[-118.54797,34.46228],[-118.54812,34.46228],[-118.54873,34.46229],[-118.54954,34.4623],[-118.54979,34.46229],[-118.54985,34.46229],[-118.54985,34.46224],[-118.54984,34.46201],[-118.54982,34.46135],[-118.54979,34.46069],[-118.54974,34.45934],[-118.54975,34.45906],[-118.54974,34.459],[-118.54973,34.45886],[-118.54973,34.45873],[-118.54971,34.4586],[-118.54968,34.45838],[-118.54965,34.45806],[-118.54956,34.45769],[-118.54949,34.45743],[-118.54943,34.45728],[-118.54943,34.45728],[-118.54921,34.45675],[-118.54893,34.45607],[-118.54884,34.45583],[-118.54874,34.45555],[-118.54869,34.45528],[-118.54864,34.45504],[-118.54863,34.45497],[-118.54861,34.45474],[-118.5486,34.45451],[-118.54856,34.45421],[-118.54856,34.4541],[-118.54857,34.45396],[-118.54858,34.45381],[-118.54859,34.45365],[-118.54861,34.45349],[-118.54864,34.45333],[-118.54868,34.45317],[-118.54872,34.45301],[-118.54877,34.45285],[-118.54883,34.45269],[-118.54889,34.45254],[-118.54895,34.45239],[-118.54903,34.45225],[-118.5491,34.45211],[-118.54918,34.45197],[-118.54927,34.45183],[-118.54935,34.4517],[-118.54937,34.45168],[-118.54945,34.45156],[-118.54955,34.45143],[-118.54966,34.45131],[-118.54989,34.45105],[-118.55073,34.45014],[-118.55111,34.44973],[-118.55119,34.44964],[-118.55132,34.4495],[-118.55197,34.4488],[-118.55241,34.44831],[-118.5525,34.44818],[-118.55259,34.44806],[-118.55264,34.44799],[-118.55275,34.44782],[-118.55282,34.4477],[-118.55289,34.44757],[-118.55301,34.44731],[-118.55307,34.44717],[-118.55317,34.44691],[-118.55321,34.44677],[-118.55325,34.44663],[-118.55329,34.44646],[-118.55332,34.44634],[-118.55334,34.44619],[-118.55336,34.44605],[-118.55337,34.44591],[-118.55338,34.44564],[-118.5534,34.44469],[-118.55342,34.44434],[-118.55342,34.44426],[-118.55342,34.44425],[-118.55338,34.44425],[-118.55335,34.44417],[-118.55339,34.44392],[-118.55339,34.44389],[-118.55348,34.44342],[-118.55349,34.44338],[-118.55351,34.44331],[-118.55363,34.44294],[-118.55366,34.44287],[-118.55371,34.44297],[-118.55376,34.44284],[-118.55384,34.44267],[-118.55423,34.44182],[-118.55462,34.44097],[-118.55509,34.43999],[-118.55514,34.43988],[-118.55538,34.43936],[-118.55545,34.4392],[-118.55551,34.43904],[-118.55557,34.43889],[-118.55562,34.43873],[-118.55567,34.43857],[-118.5557,34.43841],[-118.55573,34.43826],[-118.55576,34.4381],[-118.55577,34.43794],[-118.55579,34.43778],[-118.55579,34.43776],[-118.55581,34.43739],[-118.55582,34.43715],[-118.55587,34.4362],[-118.55592,34.43506],[-118.55594,34.43479],[-118.55595,34.43457],[-118.55596,34.43442],[-118.55598,34.43431],[-118.556,34.43423],[-118.55601,34.43417],[-118.55603,34.43407],[-118.55608,34.4339],[-118.55613,34.43374],[-118.55616,34.43362],[-118.55625,34.43344],[-118.55635,34.43324],[-118.55645,34.43301],[-118.55652,34.43286],[-118.5566,34.43272],[-118.55667,34.43258],[-118.55675,34.43246],[-118.55686,34.43227],[-118.55694,34.43215],[-118.55703,34.43205],[-118.55743,34.43163],[-118.55749,34.43156],[-118.55756,34.43149],[-118.55768,34.43158],[-118.55774,34.43162],[-118.5578,34.43166],[-118.55787,34.43169],[-118.55796,34.43173],[-118.55803,34.43176],[-118.55894,34.4325],[-118.55938,34.43286],[-118.55951,34.43296],[-118.56087,34.43406],[-118.56106,34.43421],[-118.56132,34.43442],[-118.5617,34.43472],[-118.56191,34.43488],[-118.56215,34.43507],[-118.56225,34.43515],[-118.56243,34.43529],[-118.5627,34.4355],[-118.56283,34.43559],[-118.56323,34.43585],[-118.56388,34.43627],[-118.56425,34.43651],[-118.56431,34.43655],[-118.56439,34.4366],[-118.56458,34.43673],[-118.56497,34.43698],[-118.56499,34.43699],[-118.5657,34.43749],[-118.56627,34.43792],[-118.56845,34.43924],[-118.57116,34.44088],[-118.57177,34.44125],[-118.5723,34.44157],[-118.57257,34.44173],[-118.57257,34.44169],[-118.57262,34.44172],[-118.57271,34.44177],[-118.57294,34.44192],[-118.57349,34.44221],[-118.57394,34.44244],[-118.57438,34.44264],[-118.57469,34.44274],[-118.57483,34.44279],[-118.57491,34.44282],[-118.57514,34.4429],[-118.57527,34.44294],[-118.57548,34.443],[-118.57548,34.443],[-118.57552,34.44299],[-118.57554,34.44295],[-118.57556,34.4429],[-118.57584,34.44296],[-118.57599,34.44299],[-118.57609,34.44301],[-118.57644,34.44307],[-118.57684,34.44312],[-118.57698,34.44313],[-118.57741,34.44316],[-118.57769,34.44316],[-118.57797,34.44316],[-118.57812,34.44315],[-118.57857,34.44311],[-118.57908,34.44302],[-118.57924,34.44299],[-118.57958,34.44293],[-118.57995,34.44287],[-118.58125,34.44254],[-118.58233,34.44229],[-118.58585,34.4415],[-118.58653,34.44144],[-118.58675,34.44142],[-118.58707,34.44139],[-118.58766,34.44134],[-118.58848,34.44134],[-118.5887,34.44134],[-118.58903,34.44134],[-118.58917,34.44134],[-118.58967,34.44139],[-118.58972,34.4414],[-118.59009,34.44144],[-118.59016,34.44145],[-118.59022,34.44146],[-118.59033,34.44148],[-118.59056,34.44151],[-118.591,34.44159],[-118.59144,34.44166],[-118.59166,34.4417],[-118.59188,34.44174],[-118.59232,34.44182],[-118.59277,34.44189],[-118.59299,34.44194],[-118.5932,34.44198],[-118.59384,34.44213],[-118.59404,34.44218],[-118.59443,34.44229],[-118.595,34.44247],[-118.59518,34.44252],[-118.59554,34.44265],[-118.59589,34.44275],[-118.59606,34.44281],[-118.59657,34.44298],[-118.59673,34.44303],[-118.5969,34.44308],[-118.59706,34.44314],[-118.59753,34.44329],[-118.59783,34.44339],[-118.59797,34.44343],[-118.59803,34.44345],[-118.59849,34.4436],[-118.5987,34.44367],[-118.5989,34.44376],[-118.59915,34.4438],[-118.59944,34.4438],[-118.59963,34.44385],[-118.59996,34.44392],[-118.60033,34.44396],[-118.60105,34.44401],[-118.60194,34.444],[-118.60303,34.44386],[-118.60307,34.44385],[-118.60397,34.44364],[-118.60406,34.44361],[-118.60419,34.44357],[-118.60488,34.44335],[-118.60498,34.44331],[-118.60505,34.44328],[-118.60505,34.44328],[-118.60519,34.44322],[-118.60519,34.44322],[-118.60535,34.44316],[-118.60483,34.44289],[-118.60422,34.44257],[-118.60384,34.44237],[-118.60375,34.44233],[-118.60311,34.44199],[-118.60161,34.44121],[-118.60021,34.44048],[-118.59942,34.44008],[-118.59904,34.43988],[-118.59874,34.43971],[-118.59851,34.43958],[-118.59818,34.43939],[-118.59792,34.43923],[-118.59769,34.43907],[-118.59741,34.43889],[-118.59701,34.43861],[-118.59673,34.4384],[-118.59648,34.4382],[-118.59618,34.43796],[-118.59592,34.43773],[-118.59544,34.43733],[-118.59528,34.43719],[-118.59459,34.43661],[-118.59389,34.43601],[-118.59221,34.43458],[-118.59163,34.4341],[-118.59117,34.4337],[-118.59075,34.43335],[-118.59047,34.4331],[-118.59004,34.43274],[-118.58931,34.43212],[-118.58848,34.43141],[-118.58813,34.43112],[-118.58794,34.43095],[-118.58777,34.43079],[-118.58765,34.43068],[-118.58753,34.43056],[-118.5874,34.43041],[-118.58727,34.43027],[-118.58717,34.43015],[-118.58709,34.43006],[-118.58697,34.4299],[-118.58691,34.42983],[-118.58684,34.42973],[-118.58676,34.42963],[-118.58668,34.42951],[-118.58659,34.42938],[-118.58649,34.42923],[-118.5864,34.42908],[-118.58631,34.42892],[-118.58619,34.42871],[-118.58606,34.42845],[-118.58572,34.42781],[-118.58499,34.42641],[-118.58333,34.42324],[-118.58317,34.42294],[-118.58295,34.42252],[-118.58291,34.42245],[-118.58256,34.42178],[-118.58225,34.42118],[-118.58192,34.42056],[-118.58162,34.41998],[-118.58096,34.41872],[-118.5808,34.41843],[-118.58037,34.41761],[-118.58019,34.41727],[-118.57993,34.41677],[-118.57975,34.41641],[-118.57957,34.41602],[-118.57942,34.4157],[-118.57922,34.41526],[-118.57907,34.41489],[-118.57901,34.41473],[-118.57894,34.41457],[-118.57878,34.41415],[-118.57859,34.41365],[-118.57853,34.41349],[-118.57809,34.41234],[-118.57802,34.41219],[-118.578,34.41214],[-118.57764,34.41129],[-118.57739,34.41072],[-118.57669,34.40915],[-118.57661,34.40898],[-118.57632,34.40833],[-118.57632,34.40833],[-118.57631,34.4083],[-118.57608,34.40779],[-118.5757,34.40694],[-118.57551,34.40653],[-118.57525,34.40593],[-118.57472,34.40477],[-118.5744,34.40405],[-118.57422,34.40365],[-118.57395,34.40305],[-118.57385,34.4028],[-118.57355,34.40208],[-118.57332,34.40152],[-118.57319,34.40119],[-118.57298,34.40071],[-118.57268,34.39998],[-118.57262,34.39984],[-118.57241,34.39897],[-118.57237,34.39877],[-118.57237,34.39876],[-118.572,34.39724],[-118.57127,34.39419],[-118.5711,34.39422],[-118.57078,34.39427],[-118.57067,34.39428],[-118.57049,34.39429],[-118.57042,34.3943],[-118.57037,34.39431],[-118.57031,34.39431],[-118.57004,34.39432],[-118.56995,34.39434],[-118.56989,34.39435],[-118.56986,34.39435],[-118.56983,34.39435],[-118.56973,34.39437],[-118.56968,34.39438],[-118.56942,34.39442],[-118.56929,34.39443],[-118.5692,34.39444],[-118.56911,34.39446],[-118.569,34.39448],[-118.56887,34.3945],[-118.5686,34.39455],[-118.56829,34.3946],[-118.56799,34.39463],[-118.56784,34.39466],[-118.5678,34.39466],[-118.56756,34.39469],[-118.56742,34.39471],[-118.56681,34.39477],[-118.56643,34.39477],[-118.5663,34.39478],[-118.56577,34.3948],[-118.56558,34.39481],[-118.56537,34.39481],[-118.56527,34.39481],[-118.56512,34.3948],[-118.56495,34.3948],[-118.56454,34.3948],[-118.56359,34.3948],[-118.56317,34.3948],[-118.56311,34.3948],[-118.56253,34.39479],[-118.56226,34.39479],[-118.56222,34.39479],[-118.56182,34.39479],[-118.56176,34.39479],[-118.56136,34.39479],[-118.56066,34.3948],[-118.56054,34.3948],[-118.56012,34.39481],[-118.55968,34.39481],[-118.55913,34.3948],[-118.55851,34.3948],[-118.5578,34.39479],[-118.55763,34.39479],[-118.55752,34.39479],[-118.55712,34.39479],[-118.55689,34.3948],[-118.55666,34.39482],[-118.55646,34.39485],[-118.55639,34.39486],[-118.55634,34.39487],[-118.55603,34.39492],[-118.55583,34.39496],[-118.55573,34.39499],[-118.55552,34.39506],[-118.55539,34.39511],[-118.55509,34.39522],[-118.55507,34.39523],[-118.55489,34.3953],[-118.5545,34.39546],[-118.55427,34.39556],[-118.55416,34.39562],[-118.55393,34.39574],[-118.55371,34.39587],[-118.55348,34.39601],[-118.55337,34.39609],[-118.55325,34.39618],[-118.55319,34.39622],[-118.55311,34.39629],[-118.55307,34.39622],[-118.5528,34.39594],[-118.55252,34.39565],[-118.55243,34.39555],[-118.55228,34.39536],[-118.55209,34.39511],[-118.55205,34.39506],[-118.55189,34.39484],[-118.55179,34.39471],[-118.55159,34.39446],[-118.55157,34.39444],[-118.55122,34.39401],[-118.55107,34.39382],[-118.55081,34.39347],[-118.55066,34.39328],[-118.55017,34.39261],[-118.55011,34.39253],[-118.54992,34.39227],[-118.54976,34.39207],[-118.5497,34.392],[-118.54932,34.39153],[-118.54925,34.39144],[-118.54904,34.39117],[-118.54897,34.39106],[-118.5489,34.39098],[-118.54889,34.39097],[-118.54884,34.39091],[-118.54873,34.3908],[-118.54861,34.39068],[-118.54831,34.39043],[-118.54817,34.39031],[-118.54762,34.38982],[-118.54728,34.38952],[-118.54717,34.38942],[-118.54705,34.3893],[-118.54685,34.38909],[-118.5468,34.38902],[-118.54672,34.38891],[-118.54669,34.38888],[-118.54645,34.38857],[-118.54637,34.38863],[-118.54628,34.38852],[-118.546,34.38816],[-118.54585,34.38795],[-118.54568,34.38774],[-118.54566,34.38771],[-118.54565,34.38769],[-118.54561,34.38765],[-118.54553,34.38755],[-118.54537,34.38733],[-118.5453,34.38723],[-118.54501,34.38686],[-118.54491,34.38673],[-118.54486,34.38667],[-118.54452,34.38622],[-118.54447,34.38616],[-118.54441,34.38609],[-118.54417,34.38578],[-118.54405,34.38563],[-118.54391,34.38544],[-118.54373,34.38521],[-118.54361,34.38505],[-118.5436,34.38504],[-118.54328,34.3846],[-118.54274,34.38391],[-118.54244,34.38351],[-118.54216,34.38311],[-118.54197,34.38278],[-118.54175,34.38234],[-118.54167,34.38213],[-118.54162,34.38197],[-118.54143,34.38149],[-118.54142,34.38146],[-118.5413,34.38117],[-118.54111,34.38073],[-118.54108,34.38068],[-118.54074,34.37997],[-118.54068,34.37985],[-118.54065,34.37978],[-118.54032,34.3798],[-118.53998,34.37982],[-118.53983,34.37983],[-118.53934,34.37986],[-118.53929,34.37986],[-118.53895,34.37988],[-118.53855,34.3799],[-118.53852,34.3799],[-118.53827,34.37991],[-118.53813,34.37992],[-118.5381,34.37992],[-118.53778,34.37994],[-118.53768,34.37995],[-118.53695,34.37999],[-118.53673,34.38001],[-118.53626,34.38005],[-118.53558,34.38009],[-118.53488,34.38011],[-118.53454,34.38013],[-118.53417,34.38015],[-118.53378,34.38018],[-118.53341,34.38022],[-118.53308,34.38026],[-118.53304,34.38026],[-118.53281,34.38028],[-118.53263,34.38031],[-118.5324,34.38035],[-118.53222,34.38039],[-118.53204,34.38043],[-118.53189,34.38048],[-118.53183,34.3805],[-118.53163,34.38057],[-118.53148,34.38065],[-118.53138,34.3807],[-118.5313,34.38074],[-118.53097,34.38092],[-118.53095,34.38092],[-118.53079,34.38101],[-118.53045,34.38117],[-118.53007,34.38136],[-118.52987,34.38145],[-118.52984,34.38147],[-118.52983,34.38141],[-118.52981,34.38135],[-118.52978,34.38125],[-118.52975,34.3812],[-118.52972,34.38115],[-118.52963,34.38101],[-118.52959,34.38094],[-118.52954,34.38088],[-118.52936,34.38064],[-118.5293,34.38055],[-118.52923,34.38045],[-118.52917,34.38037],[-118.52865,34.3797],[-118.52851,34.37953],[-118.5281,34.37899],[-118.528,34.37886],[-118.5278,34.37862],[-118.5278,34.37862],[-118.52753,34.37828],[-118.52695,34.37753],[-118.5267,34.3772],[-118.52645,34.37688],[-118.52639,34.3768],[-118.52632,34.3767],[-118.52633,34.3767],[-118.52633,34.37669],[-118.52633,34.37669],[-118.52608,34.37643],[-118.52603,34.37638],[-118.52598,34.37634],[-118.52589,34.37627],[-118.52581,34.37622],[-118.52572,34.37617],[-118.52566,34.37614],[-118.52554,34.37609],[-118.52547,34.37606],[-118.5254,34.37603],[-118.52524,34.37597],[-118.52522,34.37596],[-118.5249,34.37583],[-118.52431,34.37556],[-118.52434,34.37561],[-118.52412,34.37552],[-118.52395,34.37545],[-118.52382,34.3754],[-118.5237,34.37534],[-118.52341,34.37522],[-118.5233,34.37518],[-118.52323,34.37509],[-118.52323,34.37508],[-118.5232,34.37507],[-118.52303,34.37499],[-118.52301,34.37498],[-118.52235,34.37471],[-118.52199,34.37456],[-118.52191,34.37453],[-118.52156,34.37438],[-118.52126,34.37425],[-118.52074,34.37403],[-118.52067,34.37399],[-118.52029,34.37383],[-118.51968,34.37357],[-118.51937,34.37345],[-118.51932,34.37343],[-118.51914,34.37336],[-118.51894,34.37326],[-118.51863,34.37311],[-118.51828,34.37292],[-118.51797,34.37274],[-118.51778,34.37262],[-118.51737,34.37237],[-118.5172,34.37227],[-118.51673,34.37198],[-118.51633,34.37173],[-118.51574,34.37136],[-118.51536,34.37112],[-118.51499,34.3709],[-118.51477,34.37077],[-118.51438,34.37053],[-118.51417,34.37041],[-118.51389,34.37024],[-118.51343,34.36998],[-118.51339,34.36995],[-118.51337,34.36995],[-118.51329,34.36989],[-118.51324,34.36987],[-118.5131,34.36978],[-118.51289,34.36965],[-118.51282,34.3696],[-118.51275,34.36956],[-118.51263,34.36948],[-118.51239,34.36932],[-118.51225,34.36923],[-118.51223,34.36922],[-118.51214,34.36916],[-118.51208,34.36912],[-118.51176,34.36891],[-118.51138,34.36868],[-118.51122,34.36859],[-118.51089,34.36839],[-118.51074,34.3683],[-118.51073,34.3683],[-118.51041,34.3681],[-118.51026,34.36801],[-118.50977,34.36769],[-118.50958,34.36756],[-118.50943,34.36747],[-118.50898,34.36717],[-118.50836,34.36677],[-118.50827,34.36671],[-118.50778,34.36644],[-118.5077,34.36639],[-118.50766,34.36637],[-118.50759,34.36634],[-118.50749,34.36628],[-118.50736,34.36622],[-118.50725,34.36617],[-118.50724,34.36616],[-118.50721,34.36615],[-118.50719,34.36614],[-118.50715,34.36612],[-118.50707,34.3661],[-118.50699,34.36608],[-118.50674,34.36601],[-118.50659,34.36596],[-118.50632,34.36587],[-118.50564,34.36566],[-118.50512,34.36552],[-118.50508,34.36551],[-118.50353,34.36512],[-118.50413,34.36405],[-118.50494,34.36258],[-118.50519,34.36214],[-118.50571,34.36126],[-118.50581,34.36108],[-118.50612,34.36039],[-118.50627,34.35986],[-118.50633,34.35967],[-118.50646,34.35893],[-118.5065,34.35842],[-118.50649,34.35827],[-118.50644,34.3574],[-118.50639,34.35682],[-118.50624,34.35618],[-118.50601,34.35548],[-118.50543,34.35379],[-118.50503,34.35262],[-118.50454,34.35122],[-118.50446,34.35095],[-118.5043,34.35051],[-118.50415,34.34998],[-118.50409,34.34977],[-118.50397,34.34911],[-118.50394,34.34874],[-118.50389,34.34785],[-118.50395,34.34724],[-118.50399,34.34689],[-118.50403,34.3467],[-118.50411,34.34636],[-118.50424,34.34581],[-118.50433,34.34556],[-118.50453,34.345],[-118.50458,34.34486],[-118.50469,34.34458],[-118.50468,34.34458],[-118.506,34.34137],[-118.50602,34.34137],[-118.50602,34.34136],[-118.507,34.33899],[-118.50708,34.33878],[-118.50669,34.33567],[-118.50662,34.3352],[-118.50716,34.3348],[-118.5072,34.33477],[-118.50722,34.33475],[-118.50725,34.33472],[-118.50734,34.33465],[-118.50735,34.33465],[-118.50735,34.33465],[-118.50736,34.33464],[-118.50746,34.33456],[-118.50748,34.33455],[-118.50754,34.33451],[-118.50754,34.33451],[-118.50758,34.33447],[-118.50759,34.33447],[-118.50766,34.33442],[-118.50771,34.33438]],[[-118.64769,34.43116],[-118.64769,34.43118],[-118.64768,34.43818],[-118.64768,34.43822],[-118.64984,34.43823],[-118.64989,34.43116],[-118.64769,34.43116]],[[-118.64109,34.43819],[-118.64109,34.43819],[-118.64105,34.43819],[-118.64104,34.44091],[-118.64104,34.44182],[-118.64107,34.44182],[-118.64107,34.44182],[-118.64113,34.44182],[-118.64152,34.44182],[-118.645,34.44185],[-118.64547,34.44185],[-118.64547,34.44183],[-118.64547,34.44183],[-118.64547,34.44167],[-118.64547,34.4409],[-118.64547,34.43821],[-118.64543,34.43821],[-118.64499,34.43821],[-118.64131,34.43819],[-118.64109,34.43819]]]}}]}