{"type":"FeatureCollection","source":"Los Angeles County Registrar-Recorder/County Clerk, \"School Districts Trustee Areas\" and \"Division_Boundaries\" (ArcGIS Online), downloaded 4 October 2026. LA County GIS Terms of Use. For election purposes, not legal boundaries.","note":"","features":[{"type":"Feature","properties":{"seat":"","label":"District boundary","county":"","role":"outline"},"geometry":{"type":"Polygon","coordinates":[[[-118.50133,34.39409],[-118.50225,34.3941],[-118.50301,34.3941],[-118.51006,34.39415],[-118.51203,34.39416],[-118.51183,34.39995],[-118.51155,34.40786],[-118.51154,34.40819],[-118.51154,34.40827],[-118.51152,34.40884],[-118.51151,34.4089],[-118.51151,34.40902],[-118.51193,34.40902],[-118.51195,34.40902],[-118.51202,34.40903],[-118.51226,34.40903],[-118.51386,34.40904],[-118.51392,34.40904],[-118.51493,34.40904],[-118.52552,34.40911],[-118.53582,34.40918],[-118.53633,34.40919],[-118.53718,34.4092],[-118.53719,34.40919],[-118.53717,34.40909],[-118.53845,34.40892],[-118.53846,34.40897],[-118.53866,34.40897],[-118.53867,34.40901],[-118.53868,34.40903],[-118.53869,34.40913],[-118.53903,34.40909],[-118.53901,34.40897],[-118.53917,34.40895],[-118.53934,34.40893],[-118.5395,34.40891],[-118.53966,34.40889],[-118.53968,34.40896],[-118.53988,34.40897],[-118.54001,34.40896],[-118.54001,34.40896],[-118.5401,34.40894],[-118.54013,34.40894],[-118.54031,34.40891],[-118.54032,34.40891],[-118.54042,34.4089],[-118.54059,34.40888],[-118.54061,34.40897],[-118.54063,34.40902],[-118.54063,34.40903],[-118.54063,34.40903],[-118.54064,34.40906],[-118.541,34.41022],[-118.54134,34.4113],[-118.54135,34.41132],[-118.54135,34.41133],[-118.54118,34.41135],[-118.54205,34.41242],[-118.54225,34.41266],[-118.54336,34.41401],[-118.54344,34.41412],[-118.54352,34.41424],[-118.54405,34.4144],[-118.54486,34.41463],[-118.54491,34.41464],[-118.54503,34.41468],[-118.54537,34.41477],[-118.54564,34.41485],[-118.54596,34.41494],[-118.54678,34.41518],[-118.54708,34.41527],[-118.54793,34.41551],[-118.54807,34.41555],[-118.54853,34.41569],[-118.54889,34.4158],[-118.54893,34.41581],[-118.54932,34.41592],[-118.54973,34.41602],[-118.5498,34.41586],[-118.54998,34.41543],[-118.55003,34.41532],[-118.55006,34.41524],[-118.55011,34.41515],[-118.55017,34.41505],[-118.55023,34.41495],[-118.5503,34.41486],[-118.55037,34.41475],[-118.55046,34.41465],[-118.55054,34.41456],[-118.55073,34.41437],[-118.55105,34.41406],[-118.55111,34.41402],[-118.55118,34.41397],[-118.55126,34.41392],[-118.55153,34.41375],[-118.55171,34.41364],[-118.5518,34.41359],[-118.55189,34.41354],[-118.552,34.4135],[-118.55211,34.41345],[-118.55222,34.41341],[-118.5524,34.41334],[-118.55246,34.41332],[-118.55266,34.41327],[-118.55298,34.41319],[-118.55314,34.41315],[-118.55329,34.41312],[-118.55345,34.4131],[-118.55363,34.41308],[-118.55382,34.41308],[-118.55447,34.41306],[-118.55454,34.41306],[-118.55472,34.41306],[-118.55503,34.41306],[-118.55593,34.41309],[-118.55628,34.41309],[-118.55705,34.41309],[-118.55735,34.4131],[-118.55747,34.4131],[-118.55789,34.41311],[-118.55813,34.41312],[-118.55881,34.41314],[-118.55992,34.4132],[-118.56006,34.4132],[-118.56056,34.41322],[-118.56101,34.4132],[-118.56129,34.41318],[-118.56157,34.41314],[-118.56165,34.41313],[-118.56189,34.41309],[-118.56203,34.41306],[-118.56216,34.41303],[-118.56228,34.413],[-118.56241,34.41296],[-118.56253,34.41291],[-118.56267,34.41285],[-118.5628,34.41278],[-118.56305,34.41266],[-118.56323,34.41256],[-118.56327,34.41254],[-118.56334,34.4125],[-118.56358,34.41235],[-118.56369,34.41228],[-118.5638,34.4122],[-118.56389,34.41211],[-118.56399,34.41202],[-118.56417,34.41182],[-118.56432,34.41164],[-118.56454,34.41136],[-118.56475,34.41106],[-118.56481,34.41096],[-118.56483,34.41093],[-118.56499,34.41068],[-118.56502,34.41063],[-118.5651,34.41051],[-118.56518,34.4104],[-118.56528,34.41028],[-118.56531,34.41024],[-118.56537,34.41016],[-118.56557,34.40993],[-118.56565,34.40984],[-118.56579,34.40971],[-118.56601,34.4095],[-118.56607,34.40945],[-118.56614,34.40939],[-118.56616,34.40938],[-118.56621,34.40934],[-118.56629,34.40928],[-118.56638,34.40923],[-118.56651,34.40915],[-118.56665,34.40908],[-118.56679,34.40902],[-118.56692,34.40897],[-118.56705,34.40893],[-118.56725,34.40886],[-118.56736,34.40883],[-118.56765,34.40876],[-118.56774,34.40874],[-118.56792,34.4087],[-118.568,34.40869],[-118.56815,34.40867],[-118.5684,34.40865],[-118.56852,34.40865],[-118.56872,34.40866],[-118.56915,34.40868],[-118.56924,34.40868],[-118.56934,34.40869],[-118.56945,34.40871],[-118.56968,34.40876],[-118.56979,34.40879],[-118.5701,34.40888],[-118.57013,34.40889],[-118.57025,34.40892],[-118.57064,34.409],[-118.57069,34.40902],[-118.57081,34.40906],[-118.57083,34.40907],[-118.57095,34.40911],[-118.57109,34.40914],[-118.57114,34.40915],[-118.57127,34.40918],[-118.57153,34.40928],[-118.57185,34.40934],[-118.57194,34.40934],[-118.57214,34.40934],[-118.57227,34.40934],[-118.57252,34.40933],[-118.57262,34.40932],[-118.57268,34.40932],[-118.57275,34.40931],[-118.57288,34.4093],[-118.57304,34.40928],[-118.57306,34.40927],[-118.57314,34.40926],[-118.57326,34.40924],[-118.57342,34.40919],[-118.57357,34.40915],[-118.5742,34.40897],[-118.57458,34.40888],[-118.57471,34.40884],[-118.57506,34.40874],[-118.57507,34.40872],[-118.5754,34.40863],[-118.57554,34.40858],[-118.57593,34.40845],[-118.57604,34.40842],[-118.57609,34.4084],[-118.57617,34.40837],[-118.5762,34.40836],[-118.5762,34.40836],[-118.57632,34.40833],[-118.57632,34.40833],[-118.57632,34.40833],[-118.57661,34.40898],[-118.57678,34.40899],[-118.57787,34.40897],[-118.57962,34.40897],[-118.57942,34.40983],[-118.57941,34.40983],[-118.57929,34.41036],[-118.57912,34.41111],[-118.57906,34.41136],[-118.579,34.4116],[-118.57895,34.41184],[-118.57893,34.412],[-118.57891,34.41216],[-118.57891,34.41232],[-118.57891,34.41248],[-118.57892,34.41264],[-118.57892,34.41272],[-118.57893,34.4128],[-118.57896,34.41296],[-118.57899,34.41312],[-118.57903,34.41328],[-118.57908,34.41344],[-118.57913,34.4136],[-118.5792,34.41376],[-118.57953,34.41456],[-118.57973,34.41504],[-118.58,34.41569],[-118.5802,34.41595],[-118.58057,34.41648],[-118.58156,34.41791],[-118.58159,34.41789],[-118.5856,34.41513],[-118.58971,34.41231],[-118.59458,34.40897],[-118.59844,34.40895],[-118.59965,34.40894],[-118.59967,34.40896],[-118.60107,34.40896],[-118.60178,34.40896],[-118.60178,34.40896],[-118.60179,34.40896],[-118.60184,34.40895],[-118.60198,34.40895],[-118.60245,34.40895],[-118.60246,34.40895],[-118.60258,34.40895],[-118.60268,34.40895],[-118.60268,34.40895],[-118.60317,34.40895],[-118.60345,34.40895],[-118.60394,34.40895],[-118.60634,34.40894],[-118.60757,34.40894],[-118.60757,34.40894],[-118.60759,34.40894],[-118.60759,34.40937],[-118.60759,34.40987],[-118.60758,34.41024],[-118.60758,34.41034],[-118.60758,34.4104],[-118.60758,34.41051],[-118.60757,34.41176],[-118.60757,34.412],[-118.60757,34.41236],[-118.60757,34.4128],[-118.60757,34.41489],[-118.60765,34.41488],[-118.60766,34.41534],[-118.60757,34.41557],[-118.60744,34.41589],[-118.60757,34.41593],[-118.60757,34.41626],[-118.60757,34.41687],[-118.60757,34.41705],[-118.60757,34.41754],[-118.60734,34.4175],[-118.60734,34.4175],[-118.60734,34.4175],[-118.60733,34.41754],[-118.60733,34.41755],[-118.60732,34.41756],[-118.60726,34.41776],[-118.60726,34.41776],[-118.60718,34.41794],[-118.60712,34.41805],[-118.60711,34.41809],[-118.60712,34.41812],[-118.60715,34.41814],[-118.60713,34.41821],[-118.60713,34.41821],[-118.60713,34.41822],[-118.60713,34.41822],[-118.60757,34.41828],[-118.60757,34.42011],[-118.60758,34.42191],[-118.60758,34.42191],[-118.60763,34.42196],[-118.60765,34.42198],[-118.60765,34.42199],[-118.60763,34.422],[-118.60761,34.42202],[-118.60769,34.4221],[-118.6077,34.42211],[-118.60773,34.4221],[-118.60774,34.42209],[-118.60776,34.42209],[-118.60777,34.4221],[-118.60776,34.42211],[-118.60758,34.42224],[-118.60758,34.42224],[-118.60754,34.42226],[-118.60736,34.42239],[-118.60718,34.42251],[-118.607,34.42263],[-118.60696,34.42266],[-118.60696,34.42266],[-118.60696,34.42266],[-118.60758,34.42327],[-118.60758,34.42344],[-118.60761,34.42347],[-118.60761,34.42347],[-118.60762,34.42348],[-118.60762,34.42349],[-118.60762,34.42349],[-118.60763,34.4235],[-118.60763,34.4235],[-118.60763,34.42351],[-118.60763,34.42351],[-118.60763,34.42351],[-118.60763,34.42352],[-118.60762,34.42353],[-118.60762,34.42353],[-118.60762,34.42354],[-118.60762,34.42355],[-118.60761,34.42355],[-118.60761,34.42356],[-118.6076,34.42356],[-118.6076,34.42356],[-118.60759,34.42357],[-118.60758,34.42358],[-118.60759,34.42689],[-118.60759,34.4293],[-118.60759,34.4293],[-118.60753,34.42926],[-118.60711,34.42951],[-118.607,34.42969],[-118.60696,34.42989],[-118.60686,34.43],[-118.60686,34.43],[-118.60686,34.43001],[-118.60686,34.43017],[-118.60691,34.43028],[-118.60692,34.4303],[-118.60693,34.43034],[-118.60694,34.43037],[-118.60694,34.4304],[-118.60694,34.43044],[-118.60692,34.43049],[-118.6069,34.43052],[-118.60688,34.43056],[-118.60685,34.43059],[-118.6068,34.43062],[-118.60673,34.43065],[-118.60664,34.43065],[-118.60654,34.43066],[-118.6064,34.4308],[-118.60642,34.43106],[-118.60672,34.4316],[-118.60689,34.43188],[-118.60705,34.432],[-118.60759,34.43201],[-118.60759,34.43339],[-118.60759,34.43435],[-118.60759,34.43613],[-118.60379,34.43479],[-118.6037,34.43476],[-118.60362,34.43473],[-118.60362,34.43473],[-118.59952,34.43327],[-118.59947,34.43325],[-118.59399,34.43213],[-118.59395,34.43207],[-118.5931,34.43091],[-118.59208,34.42952],[-118.59114,34.42824],[-118.59108,34.42815],[-118.59107,34.42815],[-118.58781,34.42739],[-118.58691,34.42717],[-118.58653,34.42701],[-118.58518,34.42645],[-118.58499,34.42641],[-118.58446,34.42639],[-118.58305,34.42587],[-118.58137,34.42588],[-118.58025,34.42588],[-118.57929,34.42589],[-118.57917,34.42592],[-118.57917,34.42592],[-118.57882,34.42603],[-118.57882,34.42603],[-118.57862,34.4261],[-118.57766,34.42641],[-118.57706,34.4266],[-118.57687,34.42659],[-118.57625,34.42653],[-118.5758,34.42649],[-118.57577,34.42649],[-118.57563,34.42648],[-118.57531,34.42645],[-118.5748,34.42641],[-118.5748,34.42641],[-118.57413,34.42636],[-118.57412,34.42635],[-118.57369,34.42631],[-118.57282,34.42624],[-118.57258,34.42622],[-118.57257,34.42622],[-118.57257,34.42622],[-118.57257,34.4265],[-118.57257,34.42861],[-118.57257,34.42886],[-118.57257,34.42886],[-118.57257,34.42909],[-118.57257,34.42914],[-118.57257,34.42919],[-118.5726,34.42919],[-118.57266,34.42918],[-118.57268,34.42918],[-118.57275,34.42917],[-118.5728,34.42916],[-118.57287,34.42915],[-118.57292,34.42913],[-118.57296,34.42912],[-118.57296,34.42919],[-118.57296,34.42934],[-118.57282,34.42945],[-118.57257,34.42964],[-118.57257,34.42984],[-118.57257,34.43083],[-118.57257,34.43084],[-118.57257,34.4313],[-118.57257,34.4313],[-118.57257,34.43157],[-118.57257,34.43161],[-118.57257,34.43161],[-118.57253,34.43164],[-118.57244,34.4317],[-118.57251,34.43177],[-118.57257,34.43182],[-118.57257,34.43186],[-118.57257,34.43187],[-118.57257,34.43229],[-118.57257,34.43236],[-118.57257,34.43237],[-118.57257,34.43328],[-118.57257,34.43328],[-118.57257,34.43328],[-118.57261,34.43332],[-118.57264,34.43335],[-118.57259,34.43338],[-118.57258,34.43339],[-118.57257,34.43339],[-118.57257,34.43344],[-118.57257,34.43345],[-118.57257,34.43386],[-118.57257,34.43426],[-118.57257,34.43439],[-118.57257,34.43481],[-118.57257,34.43482],[-118.57257,34.43482],[-118.57257,34.43482],[-118.57257,34.43483],[-118.57257,34.43483],[-118.57257,34.43484],[-118.57257,34.43484],[-118.57257,34.43485],[-118.57257,34.43485],[-118.57257,34.43485],[-118.57257,34.43486],[-118.57257,34.43519],[-118.57257,34.43523],[-118.57257,34.4368],[-118.57257,34.4369],[-118.57257,34.4369],[-118.57257,34.43698],[-118.57259,34.437],[-118.57266,34.43705],[-118.57257,34.43713],[-118.57257,34.43713],[-118.57257,34.43713],[-118.57257,34.43718],[-118.57257,34.43718],[-118.57257,34.43821],[-118.57257,34.44038],[-118.57257,34.44038],[-118.57257,34.44071],[-118.57257,34.44125],[-118.57257,34.44125],[-118.57257,34.44125],[-118.57257,34.44173],[-118.57257,34.44198],[-118.57257,34.44198],[-118.57257,34.44226],[-118.57257,34.44232],[-118.57257,34.44241],[-118.57257,34.44262],[-118.57257,34.44305],[-118.57257,34.44322],[-118.57257,34.44323],[-118.57258,34.44347],[-118.57258,34.44359],[-118.57258,34.44359],[-118.57258,34.44402],[-118.57258,34.44412],[-118.57258,34.44444],[-118.57258,34.4448],[-118.57258,34.44543],[-118.57258,34.44609],[-118.57258,34.44609],[-118.57239,34.44616],[-118.57202,34.44634],[-118.57174,34.44641],[-118.5716,34.44645],[-118.57137,34.4465],[-118.57121,34.44653],[-118.57124,34.44666],[-118.5713,34.44689],[-118.57136,34.44708],[-118.57146,34.44732],[-118.57155,34.44753],[-118.57161,34.44765],[-118.57168,34.44774],[-118.57176,34.44786],[-118.57186,34.44798],[-118.5722,34.44833],[-118.57237,34.44843],[-118.57274,34.44865],[-118.57196,34.4495],[-118.57196,34.4495],[-118.57197,34.4495],[-118.57197,34.4495],[-118.5721,34.44959],[-118.57211,34.4496],[-118.57231,34.44963],[-118.5725,34.44966],[-118.57258,34.44967],[-118.57258,34.44967],[-118.57259,34.45039],[-118.5726,34.45043],[-118.57264,34.45047],[-118.57266,34.45052],[-118.57266,34.45052],[-118.57267,34.45057],[-118.57267,34.45057],[-118.57266,34.45062],[-118.57263,34.45066],[-118.57263,34.45066],[-118.5726,34.45067],[-118.57258,34.45068],[-118.57258,34.45069],[-118.57258,34.45069],[-118.57258,34.45136],[-118.57259,34.45136],[-118.57266,34.45135],[-118.57279,34.45133],[-118.57284,34.45133],[-118.57295,34.45131],[-118.57298,34.4513],[-118.573,34.4513],[-118.57303,34.4513],[-118.57304,34.45129],[-118.57309,34.45129],[-118.5731,34.45129],[-118.5734,34.45124],[-118.57397,34.45116],[-118.57396,34.45124],[-118.57385,34.45209],[-118.57384,34.45218],[-118.57367,34.45246],[-118.57365,34.45249],[-118.57357,34.45263],[-118.57319,34.45326],[-118.57321,34.4533],[-118.5733,34.4535],[-118.57371,34.45437],[-118.57371,34.45437],[-118.57369,34.45439],[-118.57324,34.45479],[-118.57321,34.45477],[-118.57317,34.45474],[-118.57312,34.4547],[-118.57308,34.45468],[-118.57306,34.45466],[-118.57298,34.45462],[-118.57293,34.45459],[-118.57292,34.45458],[-118.57287,34.45456],[-118.57267,34.45446],[-118.57261,34.45453],[-118.57258,34.45461],[-118.57258,34.45462],[-118.57258,34.45485],[-118.57258,34.45495],[-118.57258,34.45506],[-118.57258,34.4551],[-118.57258,34.45524],[-118.57258,34.45527],[-118.57258,34.45539],[-118.57258,34.45553],[-118.57258,34.45556],[-118.57258,34.45556],[-118.57258,34.45567],[-118.57258,34.45593],[-118.57258,34.45597],[-118.5726,34.45597],[-118.57276,34.45597],[-118.57275,34.45602],[-118.57273,34.45609],[-118.5727,34.45617],[-118.57268,34.45624],[-118.57265,34.45629],[-118.57257,34.45643],[-118.57265,34.45715],[-118.57266,34.45724],[-118.57263,34.45735],[-118.57256,34.45752],[-118.57258,34.45765],[-118.57258,34.45771],[-118.57258,34.45771],[-118.57258,34.45783],[-118.57258,34.45797],[-118.57258,34.45807],[-118.57258,34.45807],[-118.5725,34.45814],[-118.5724,34.4582],[-118.57234,34.45825],[-118.57241,34.45829],[-118.57241,34.45829],[-118.57244,34.4583],[-118.57246,34.45832],[-118.57247,34.45833],[-118.57251,34.45835],[-118.57254,34.45837],[-118.57258,34.45841],[-118.57258,34.45841],[-118.57258,34.45843],[-118.57258,34.45855],[-118.57259,34.45854],[-118.57266,34.45848],[-118.57267,34.45848],[-118.57267,34.45848],[-118.57267,34.45848],[-118.57267,34.45848],[-118.57267,34.45848],[-118.57268,34.45849],[-118.57268,34.45849],[-118.57268,34.45849],[-118.57268,34.45849],[-118.5727,34.45851],[-118.5727,34.45851],[-118.5727,34.45851],[-118.57274,34.45854],[-118.57274,34.45854],[-118.57274,34.45855],[-118.57278,34.45859],[-118.57278,34.45859],[-118.57269,34.45864],[-118.57258,34.45871],[-118.57258,34.45871],[-118.57258,34.45872],[-118.57258,34.4589],[-118.57258,34.4589],[-118.57258,34.4589],[-118.57259,34.45891],[-118.57266,34.45904],[-118.5727,34.45919],[-118.5727,34.45919],[-118.57272,34.45933],[-118.57272,34.45934],[-118.57272,34.45934],[-118.57271,34.45937],[-118.57271,34.45949],[-118.57269,34.45955],[-118.57266,34.45964],[-118.57264,34.4597],[-118.57263,34.45971],[-118.5726,34.45978],[-118.57259,34.4598],[-118.57256,34.45983],[-118.57256,34.45984],[-118.57251,34.45992],[-118.57242,34.46006],[-118.57243,34.46006],[-118.57259,34.46013],[-118.57274,34.4602],[-118.57274,34.4602],[-118.5727,34.46026],[-118.57265,34.46034],[-118.57259,34.46043],[-118.57256,34.46048],[-118.57246,34.46062],[-118.57244,34.46065],[-118.57244,34.46065],[-118.57243,34.46066],[-118.57241,34.4607],[-118.57235,34.46077],[-118.57234,34.46078],[-118.57224,34.46088],[-118.57226,34.46089],[-118.57241,34.46099],[-118.57259,34.46112],[-118.57259,34.46113],[-118.57274,34.46123],[-118.57274,34.46124],[-118.57259,34.46132],[-118.5725,34.46137],[-118.5725,34.46137],[-118.57232,34.46148],[-118.5725,34.46166],[-118.57272,34.46181],[-118.57285,34.4619],[-118.57277,34.46197],[-118.57253,34.46221],[-118.57253,34.46221],[-118.57243,34.46211],[-118.57242,34.46211],[-118.57242,34.4621],[-118.57241,34.4621],[-118.57241,34.46211],[-118.57228,34.46227],[-118.57224,34.46231],[-118.57224,34.46231],[-118.57223,34.46232],[-118.57212,34.46246],[-118.57211,34.46246],[-118.5721,34.46246],[-118.57176,34.46244],[-118.57176,34.46244],[-118.57181,34.46287],[-118.57186,34.46325],[-118.57188,34.46325],[-118.57209,34.46328],[-118.57259,34.46337],[-118.57259,34.46337],[-118.57259,34.46559],[-118.57259,34.46621],[-118.57259,34.46627],[-118.57259,34.46636],[-118.57259,34.46639],[-118.57259,34.46656],[-118.57259,34.46716],[-118.57259,34.46716],[-118.57259,34.46957],[-118.57259,34.46989],[-118.57259,34.4699],[-118.57259,34.46999],[-118.57258,34.47],[-118.57234,34.47022],[-118.57086,34.47067],[-118.57084,34.47067],[-118.57081,34.47067],[-118.57079,34.47066],[-118.57077,34.47066],[-118.57072,34.47066],[-118.5703,34.4706],[-118.57002,34.47056],[-118.56996,34.47055],[-118.56996,34.47054],[-118.56996,34.47054],[-118.56971,34.47051],[-118.5697,34.47053],[-118.56968,34.4706],[-118.56964,34.47078],[-118.56974,34.4709],[-118.56984,34.47102],[-118.56985,34.47107],[-118.56986,34.47115],[-118.56994,34.47124],[-118.5711,34.4711],[-118.57143,34.47111],[-118.57189,34.47113],[-118.57226,34.47116],[-118.57253,34.47121],[-118.57275,34.47128],[-118.57298,34.47137],[-118.57319,34.47144],[-118.57347,34.47156],[-118.57364,34.47168],[-118.57382,34.4718],[-118.57393,34.47189],[-118.57411,34.47206],[-118.57454,34.47247],[-118.57402,34.47284],[-118.574,34.47285],[-118.57398,34.47286],[-118.57397,34.47286],[-118.57395,34.47287],[-118.57393,34.47288],[-118.5739,34.47288],[-118.57389,34.47288],[-118.57387,34.47289],[-118.57386,34.47289],[-118.57385,34.4729],[-118.57382,34.47292],[-118.57363,34.47306],[-118.57353,34.47314],[-118.57351,34.47321],[-118.57342,34.47329],[-118.57334,34.4733],[-118.57327,34.47338],[-118.57324,34.47343],[-118.57301,34.47377],[-118.57291,34.47391],[-118.57286,34.47397],[-118.57282,34.47402],[-118.57277,34.47406],[-118.57302,34.47432],[-118.57306,34.47436],[-118.57309,34.47439],[-118.57312,34.47442],[-118.57321,34.47452],[-118.57322,34.47453],[-118.57306,34.47462],[-118.57303,34.47464],[-118.57294,34.4747],[-118.57303,34.47482],[-118.57304,34.47484],[-118.57306,34.47489],[-118.5731,34.47496],[-118.57311,34.47499],[-118.57315,34.47515],[-118.57316,34.47531],[-118.57313,34.47546],[-118.57313,34.47548],[-118.57309,34.47565],[-118.57307,34.47572],[-118.57305,34.47579],[-118.57305,34.47581],[-118.57304,34.47583],[-118.573,34.47599],[-118.57293,34.47616],[-118.57286,34.47632],[-118.57305,34.47638],[-118.57307,34.47639],[-118.57317,34.47642],[-118.57312,34.47659],[-118.57308,34.4766],[-118.57308,34.47662],[-118.57305,34.47669],[-118.57306,34.4773],[-118.57308,34.47731],[-118.57317,34.47733],[-118.57311,34.47747],[-118.57309,34.47786],[-118.57307,34.47812],[-118.57307,34.47833],[-118.57308,34.47879],[-118.57309,34.47938],[-118.57309,34.47951],[-118.57309,34.47962],[-118.57309,34.47973],[-118.57309,34.47997],[-118.57309,34.47999],[-118.5731,34.48017],[-118.5731,34.48025],[-118.57311,34.48092],[-118.57311,34.48094],[-118.5731,34.48094],[-118.57311,34.48095],[-118.57311,34.48118],[-118.57311,34.48123],[-118.57311,34.48139],[-118.57312,34.48168],[-118.57312,34.48175],[-118.57312,34.48175],[-118.57313,34.48176],[-118.57313,34.48176],[-118.57313,34.48197],[-118.57317,34.48281],[-118.57317,34.48288],[-118.57317,34.48299],[-118.57318,34.48311],[-118.57318,34.48315],[-118.5732,34.4837],[-118.57325,34.48496],[-118.57327,34.48532],[-118.57327,34.4854],[-118.57327,34.48541],[-118.57329,34.48609],[-118.57337,34.48905],[-118.57344,34.49136],[-118.57346,34.49213],[-118.57347,34.49238],[-118.57347,34.4924],[-118.57353,34.49445],[-118.57358,34.49634],[-118.57358,34.49634],[-118.57265,34.49636],[-118.57178,34.49637],[-118.57062,34.49639],[-118.57044,34.49639],[-118.56916,34.49641],[-118.56743,34.49644],[-118.56743,34.49644],[-118.56577,34.49646],[-118.56577,34.49646],[-118.56555,34.49647],[-118.56555,34.49647],[-118.56555,34.49647],[-118.56494,34.49648],[-118.56494,34.49648],[-118.56287,34.49644],[-118.5626,34.49644],[-118.56257,34.49644],[-118.56184,34.49643],[-118.56024,34.4964],[-118.56021,34.49639],[-118.56021,34.4964],[-118.56021,34.4964],[-118.5602,34.4964],[-118.5602,34.4964],[-118.55792,34.49636],[-118.55559,34.49632],[-118.55552,34.49632],[-118.55547,34.49632],[-118.55547,34.49645],[-118.55547,34.49646],[-118.55546,34.49659],[-118.55547,34.49659],[-118.55546,34.49723],[-118.55545,34.49879],[-118.55545,34.49901],[-118.55545,34.49904],[-118.55544,34.49908],[-118.55544,34.49917],[-118.55544,34.49999],[-118.55544,34.5],[-118.55542,34.50177],[-118.55541,34.50245],[-118.55541,34.5029],[-118.5554,34.50367],[-118.55325,34.50366],[-118.55312,34.50366],[-118.55295,34.50365],[-118.55183,34.50365],[-118.54679,34.50361],[-118.5468,34.50394],[-118.54682,34.50504],[-118.54685,34.50653],[-118.54686,34.50702],[-118.54687,34.50727],[-118.54687,34.50728],[-118.54677,34.51095],[-118.54675,34.51337],[-118.54675,34.51339],[-118.5467,34.51698],[-118.54669,34.5181],[-118.54575,34.5181],[-118.54546,34.5181],[-118.54356,34.5181],[-118.54219,34.5181],[-118.53768,34.51809],[-118.53768,34.51812],[-118.53768,34.51895],[-118.53766,34.52179],[-118.53764,34.52549],[-118.53758,34.53055],[-118.53756,34.53295],[-118.5375,34.53844],[-118.53749,34.53944],[-118.53748,34.53955],[-118.5374,34.53958],[-118.53731,34.53961],[-118.53724,34.53967],[-118.53724,34.53975],[-118.53731,34.53981],[-118.53739,34.53987],[-118.53742,34.53993],[-118.53743,34.53994],[-118.53743,34.54003],[-118.53737,34.54009],[-118.53727,34.54013],[-118.53718,34.54016],[-118.53674,34.54016],[-118.52852,34.54014],[-118.52848,34.54219],[-118.52845,34.5437],[-118.52842,34.54528],[-118.52838,34.54726],[-118.52833,34.54968],[-118.52831,34.55045],[-118.52831,34.55083],[-118.52828,34.55199],[-118.52827,34.55274],[-118.52825,34.55374],[-118.52823,34.55436],[-118.52823,34.55445],[-118.52822,34.55498],[-118.52821,34.55551],[-118.52819,34.55637],[-118.52819,34.55657],[-118.52819,34.55659],[-118.52818,34.55693],[-118.52815,34.55877],[-118.52814,34.55899],[-118.52658,34.55899],[-118.52369,34.55898],[-118.51924,34.55897],[-118.51911,34.55897],[-118.51889,34.55897],[-118.51891,34.56606],[-118.51893,34.5735],[-118.51893,34.57351],[-118.51893,34.57366],[-118.51895,34.58128],[-118.51897,34.58764],[-118.51897,34.58801],[-118.51897,34.58846],[-118.51897,34.58846],[-118.5189,34.59842],[-118.51887,34.60223],[-118.51887,34.60224],[-118.51887,34.60248],[-118.50047,34.60232],[-118.49938,34.60231],[-118.48941,34.60223],[-118.489,34.60222],[-118.48835,34.60222],[-118.48342,34.60218],[-118.48326,34.60217],[-118.48182,34.60216],[-118.48143,34.60216],[-118.47969,34.60214],[-118.46522,34.60202],[-118.46522,34.60201],[-118.4479,34.60201],[-118.44783,34.60201],[-118.44749,34.60201],[-118.4473,34.60201],[-118.44721,34.60201],[-118.44675,34.60201],[-118.44668,34.60201],[-118.44662,34.60201],[-118.4463,34.60201],[-118.44613,34.60201],[-118.44521,34.60201],[-118.44191,34.60201],[-118.43785,34.60201],[-118.4364,34.60201],[-118.43391,34.60201],[-118.43283,34.60201],[-118.43012,34.60201],[-118.43012,34.60201],[-118.42873,34.60203],[-118.42842,34.60203],[-118.42474,34.60209],[-118.42363,34.60211],[-118.41982,34.60216],[-118.41558,34.60223],[-118.41467,34.60224],[-118.41452,34.60224],[-118.41119,34.6023],[-118.41114,34.60229],[-118.40793,34.60222],[-118.40654,34.60219],[-118.40634,34.60219],[-118.40354,34.60213],[-118.40215,34.6021],[-118.39911,34.60203],[-118.39461,34.60193],[-118.39338,34.60193],[-118.39338,34.60184],[-118.39338,34.60177],[-118.39338,34.60098],[-118.39334,34.59473],[-118.39334,34.59434],[-118.39333,34.5924],[-118.39331,34.58965],[-118.3933,34.58831],[-118.3933,34.58803],[-118.3933,34.58797],[-118.3933,34.58786],[-118.3933,34.58754],[-118.3933,34.58747],[-118.39329,34.5873],[-118.39329,34.58721],[-118.39329,34.58718],[-118.39329,34.58713],[-118.39327,34.58398],[-118.39327,34.58246],[-118.39326,34.58216],[-118.39326,34.58183],[-118.39326,34.58151],[-118.39326,34.58141],[-118.39326,34.58129],[-118.39326,34.58098],[-118.39326,34.58089],[-118.39326,34.58087],[-118.39325,34.58035],[-118.39325,34.58035],[-118.39222,34.58035],[-118.39222,34.58036],[-118.38659,34.58036],[-118.38446,34.58037],[-118.38442,34.57839],[-118.38442,34.57599],[-118.38443,34.57599],[-118.38443,34.57599],[-118.38443,34.57596],[-118.38443,34.57591],[-118.38442,34.57319],[-118.38442,34.57319],[-118.38376,34.57319],[-118.37708,34.57321],[-118.37563,34.57321],[-118.37565,34.56883],[-118.37569,34.56251],[-118.3757,34.5612],[-118.3757,34.5612],[-118.37571,34.55971],[-118.37571,34.55877],[-118.37571,34.55867],[-118.37726,34.55868],[-118.37726,34.55857],[-118.37732,34.55737],[-118.37739,34.55593],[-118.37815,34.53993],[-118.38658,34.53991],[-118.39079,34.5399],[-118.39501,34.53989],[-118.39653,34.53989],[-118.39793,34.53989],[-118.39988,34.53989],[-118.41269,34.53989],[-118.42659,34.53995],[-118.43053,34.53997],[-118.43053,34.53964],[-118.43073,34.53269],[-118.43073,34.53252],[-118.43073,34.53252],[-118.43073,34.53252],[-118.43073,34.53252],[-118.43073,34.53239],[-118.43074,34.53237],[-118.43074,34.53228],[-118.43074,34.53217],[-118.43074,34.53206],[-118.43078,34.53085],[-118.43085,34.52825],[-118.43091,34.52586],[-118.43093,34.52542],[-118.43093,34.52542],[-118.43093,34.52528],[-118.43113,34.51807],[-118.43133,34.51073],[-118.43136,34.5098],[-118.43137,34.50933],[-118.43138,34.50903],[-118.4314,34.50838],[-118.43141,34.50792],[-118.43141,34.50791],[-118.43142,34.50741],[-118.43145,34.50657],[-118.43147,34.50577],[-118.43149,34.50499],[-118.4315,34.50462],[-118.4315,34.50451],[-118.4315,34.5045],[-118.43152,34.50399],[-118.43154,34.50317],[-118.43155,34.50291],[-118.43156,34.50245],[-118.43159,34.50128],[-118.43162,34.50025],[-118.43163,34.4998],[-118.43166,34.49895],[-118.43166,34.49862],[-118.43168,34.49787],[-118.4317,34.4974],[-118.43175,34.49561],[-118.43175,34.49554],[-118.43175,34.49518],[-118.43176,34.49467],[-118.43179,34.49312],[-118.4318,34.49232],[-118.43183,34.49071],[-118.43184,34.49028],[-118.43185,34.48979],[-118.43187,34.48856],[-118.43187,34.48843],[-118.43188,34.48771],[-118.43189,34.48716],[-118.43191,34.48617],[-118.43192,34.48522],[-118.43193,34.48467],[-118.43196,34.48325],[-118.43197,34.48262],[-118.43197,34.48247],[-118.43198,34.48214],[-118.43199,34.4815],[-118.43199,34.4815],[-118.43199,34.4815],[-118.432,34.48134],[-118.43199,34.48134],[-118.432,34.48129],[-118.432,34.48128],[-118.43203,34.48038],[-118.43203,34.48038],[-118.43207,34.4794],[-118.43213,34.47787],[-118.43226,34.47461],[-118.43227,34.47424],[-118.43227,34.47423],[-118.43228,34.47413],[-118.43232,34.47315],[-118.43239,34.47127],[-118.43245,34.47095],[-118.43245,34.47095],[-118.43242,34.47095],[-118.43244,34.47058],[-118.43248,34.46947],[-118.43248,34.46944],[-118.4325,34.46898],[-118.43251,34.46882],[-118.43252,34.46852],[-118.43253,34.46818],[-118.43258,34.467],[-118.43258,34.46698],[-118.43276,34.46698],[-118.43391,34.46694],[-118.43391,34.46694],[-118.43391,34.46694],[-118.43393,34.46694],[-118.43393,34.46694],[-118.43393,34.46694],[-118.43399,34.46688],[-118.43432,34.46659],[-118.43433,34.46658],[-118.43433,34.46658],[-118.43459,34.46635],[-118.4346,34.46636],[-118.43475,34.46663],[-118.43491,34.4669],[-118.43492,34.46692],[-118.43492,34.46692],[-118.43492,34.46692],[-118.43492,34.46692],[-118.435,34.46692],[-118.43502,34.46692],[-118.4353,34.46691],[-118.43567,34.4669],[-118.43609,34.46689],[-118.43684,34.46688],[-118.43711,34.46687],[-118.43724,34.46687],[-118.43729,34.46684],[-118.43731,34.46683],[-118.43734,34.46682],[-118.43735,34.46685],[-118.43736,34.46686],[-118.43737,34.46686],[-118.43771,34.46686],[-118.43806,34.46685],[-118.43806,34.46685],[-118.43807,34.46685],[-118.43809,34.46685],[-118.43811,34.46685],[-118.43811,34.46685],[-118.43812,34.46685],[-118.43816,34.46685],[-118.43839,34.46684],[-118.43839,34.46684],[-118.43839,34.46684],[-118.43839,34.46684],[-118.4384,34.46684],[-118.4384,34.46684],[-118.4384,34.46684],[-118.4384,34.46684],[-118.43841,34.46686],[-118.43848,34.46693],[-118.4387,34.46717],[-118.43884,34.46732],[-118.43906,34.46756],[-118.43911,34.46761],[-118.43911,34.46762],[-118.43911,34.46762],[-118.43917,34.46756],[-118.4393,34.46746],[-118.43933,34.46743],[-118.43933,34.46743],[-118.43933,34.46743],[-118.43949,34.4673],[-118.43949,34.46729],[-118.43953,34.46726],[-118.43953,34.46726],[-118.43954,34.46726],[-118.43954,34.46725],[-118.43954,34.46725],[-118.43954,34.46725],[-118.43955,34.46724],[-118.43956,34.46724],[-118.43956,34.46724],[-118.43957,34.46722],[-118.43961,34.46719],[-118.43963,34.46717],[-118.43976,34.46707],[-118.43985,34.46699],[-118.43999,34.46687],[-118.44006,34.46681],[-118.44007,34.4668],[-118.44008,34.4668],[-118.44093,34.46679],[-118.44134,34.46678],[-118.44274,34.46675],[-118.44351,34.46674],[-118.44353,34.46674],[-118.45006,34.46659],[-118.45007,34.46659],[-118.45007,34.46659],[-118.45008,34.46659],[-118.45008,34.46634],[-118.45007,34.46597],[-118.45007,34.46529],[-118.45006,34.46461],[-118.45005,34.4636],[-118.45005,34.46314],[-118.45005,34.46293],[-118.45004,34.46239],[-118.45002,34.45962],[-118.45002,34.45952],[-118.45002,34.4594],[-118.45003,34.45831],[-118.45003,34.45772],[-118.45004,34.45742],[-118.45005,34.45604],[-118.45005,34.45596],[-118.45005,34.45593],[-118.45007,34.45405],[-118.45007,34.45404],[-118.45009,34.45241],[-118.45009,34.45241],[-118.45009,34.44948],[-118.45009,34.44928],[-118.45009,34.44926],[-118.45009,34.4488],[-118.45009,34.447],[-118.45009,34.44522],[-118.45014,34.44124],[-118.45012,34.4403],[-118.45012,34.44021],[-118.45012,34.44021],[-118.45012,34.44021],[-118.45003,34.44019],[-118.45012,34.44003],[-118.45019,34.43991],[-118.45018,34.4399],[-118.45016,34.4399],[-118.45014,34.43989],[-118.45012,34.43989],[-118.45012,34.43988],[-118.45012,34.43988],[-118.45012,34.4398],[-118.45012,34.43968],[-118.45011,34.43968],[-118.4501,34.43967],[-118.45008,34.43966],[-118.45006,34.43965],[-118.45004,34.43965],[-118.45003,34.43965],[-118.45001,34.43965],[-118.44999,34.43965],[-118.44997,34.43966],[-118.44995,34.43966],[-118.44995,34.43966],[-118.44996,34.43966],[-118.44993,34.43964],[-118.44998,34.43957],[-118.45009,34.43944],[-118.45011,34.43943],[-118.45011,34.43943],[-118.45011,34.4394],[-118.4501,34.43821],[-118.4501,34.43802],[-118.4501,34.43801],[-118.4501,34.43801],[-118.45013,34.43799],[-118.4504,34.43799],[-118.45044,34.43799],[-118.45075,34.43799],[-118.45075,34.43799],[-118.4508,34.43801],[-118.4508,34.43799],[-118.45099,34.43799],[-118.45118,34.43799],[-118.45138,34.43799],[-118.45157,34.43799],[-118.45159,34.43799],[-118.45179,34.43799],[-118.45198,34.43799],[-118.45218,34.43799],[-118.45238,34.43799],[-118.45239,34.43797],[-118.45244,34.43799],[-118.45248,34.43799],[-118.45258,34.43799],[-118.45277,34.43799],[-118.45291,34.43799],[-118.45314,34.43799],[-118.45332,34.43799],[-118.45358,34.43799],[-118.45375,34.43799],[-118.45411,34.43799],[-118.45447,34.43799],[-118.45527,34.43799],[-118.45536,34.43799],[-118.45569,34.43799],[-118.45609,34.43799],[-118.45884,34.43798],[-118.45926,34.43798],[-118.46287,34.43797],[-118.46311,34.43797],[-118.46319,34.43797],[-118.46319,34.43797],[-118.46319,34.43796],[-118.46319,34.43791],[-118.46423,34.4379],[-118.46432,34.43796],[-118.46443,34.43803],[-118.46494,34.43803],[-118.46498,34.43799],[-118.4651,34.43799],[-118.46519,34.43799],[-118.46534,34.43798],[-118.46543,34.43798],[-118.46544,34.43797],[-118.46544,34.43797],[-118.46544,34.43797],[-118.46562,34.43791],[-118.46567,34.4379],[-118.46568,34.43789],[-118.4658,34.43787],[-118.46592,34.43785],[-118.46592,34.43784],[-118.46602,34.43784],[-118.46619,34.43785],[-118.4662,34.43784],[-118.46625,34.43784],[-118.46654,34.43785],[-118.46673,34.43797],[-118.46688,34.43798],[-118.46758,34.43797],[-118.46759,34.43798],[-118.46759,34.43796],[-118.46758,34.43598],[-118.46756,34.43442],[-118.46756,34.43437],[-118.46755,34.43228],[-118.46754,34.4319],[-118.46754,34.43102],[-118.46754,34.43095],[-118.46754,34.43086],[-118.46753,34.42995],[-118.46766,34.42995],[-118.46779,34.42993],[-118.46779,34.42993],[-118.46771,34.42975],[-118.46764,34.42957],[-118.46759,34.4294],[-118.46758,34.42936],[-118.46757,34.42931],[-118.46755,34.42922],[-118.46754,34.42917],[-118.46753,34.42911],[-118.46752,34.42905],[-118.46752,34.42903],[-118.46752,34.42902],[-118.46751,34.42887],[-118.46751,34.42868],[-118.46752,34.42861],[-118.46753,34.42851],[-118.46754,34.42844],[-118.46755,34.42839],[-118.46756,34.42834],[-118.46757,34.42828],[-118.46758,34.42823],[-118.46759,34.42818],[-118.46768,34.42792],[-118.46751,34.42796],[-118.46751,34.42796],[-118.46751,34.42786],[-118.46751,34.42786],[-118.46773,34.4278],[-118.46796,34.42775],[-118.46775,34.42768],[-118.46763,34.42765],[-118.46762,34.42765],[-118.46755,34.42763],[-118.46751,34.42763],[-118.46741,34.42761],[-118.46743,34.42753],[-118.4675,34.42725],[-118.4675,34.42725],[-118.4675,34.42723],[-118.4675,34.42717],[-118.46751,34.42717],[-118.46778,34.42717],[-118.46782,34.42717],[-118.46795,34.42717],[-118.46805,34.42717],[-118.46814,34.42717],[-118.46831,34.42717],[-118.46832,34.42716],[-118.46833,34.42715],[-118.46835,34.42713],[-118.46843,34.42705],[-118.46858,34.42693],[-118.4687,34.42683],[-118.46875,34.42679],[-118.46891,34.42669],[-118.46916,34.42655],[-118.46951,34.42637],[-118.46975,34.42624],[-118.47012,34.42604],[-118.47021,34.42598],[-118.47026,34.42595],[-118.47041,34.42585],[-118.47051,34.42579],[-118.4706,34.42572],[-118.47068,34.42566],[-118.47074,34.4256],[-118.47076,34.42559],[-118.47084,34.42552],[-118.47092,34.42544],[-118.47103,34.42532],[-118.47114,34.4252],[-118.47132,34.42499],[-118.47141,34.42488],[-118.47145,34.42484],[-118.47151,34.42475],[-118.47171,34.42446],[-118.47181,34.42427],[-118.47186,34.42418],[-118.47195,34.42398],[-118.47199,34.42384],[-118.47203,34.42373],[-118.47207,34.42358],[-118.4721,34.42349],[-118.47213,34.4234],[-118.47216,34.42329],[-118.47218,34.42313],[-118.47219,34.42295],[-118.47219,34.42294],[-118.4722,34.42273],[-118.4722,34.42236],[-118.47219,34.42176],[-118.47219,34.42087],[-118.47218,34.41841],[-118.47218,34.4184],[-118.47217,34.41664],[-118.47217,34.41649],[-118.47217,34.4157],[-118.47217,34.41563],[-118.47217,34.41548],[-118.47219,34.41533],[-118.4722,34.41522],[-118.47224,34.41501],[-118.47228,34.4148],[-118.47237,34.41455],[-118.47241,34.41442],[-118.47243,34.41437],[-118.47245,34.41431],[-118.47257,34.41395],[-118.47258,34.41391],[-118.47262,34.4138],[-118.47264,34.41372],[-118.4727,34.41374],[-118.47279,34.41378],[-118.47288,34.41382],[-118.47394,34.41426],[-118.47409,34.41432],[-118.47421,34.41438],[-118.47423,34.41435],[-118.47423,34.41435],[-118.47458,34.41452],[-118.47474,34.4146],[-118.47505,34.41478],[-118.47515,34.41484],[-118.47526,34.41491],[-118.47537,34.415],[-118.47626,34.41483],[-118.47677,34.41473],[-118.47752,34.41458],[-118.47766,34.41457],[-118.47782,34.41456],[-118.47797,34.41457],[-118.47804,34.41457],[-118.4781,34.41459],[-118.47816,34.4146],[-118.47823,34.41462],[-118.4783,34.41465],[-118.47838,34.41468],[-118.47851,34.41475],[-118.47856,34.41478],[-118.47876,34.41493],[-118.47892,34.41506],[-118.47911,34.41521],[-118.47939,34.41544],[-118.47963,34.41566],[-118.47976,34.41577],[-118.48029,34.4162],[-118.48036,34.41626],[-118.48043,34.41632],[-118.48087,34.41632],[-118.4809,34.41632],[-118.4809,34.41632],[-118.481,34.41641],[-118.48112,34.41651],[-118.48127,34.41666],[-118.4819,34.41632],[-118.482,34.41626],[-118.4823,34.41614],[-118.48264,34.41603],[-118.48268,34.41619],[-118.48271,34.4163],[-118.4832,34.41621],[-118.4832,34.4162],[-118.48319,34.41618],[-118.48318,34.41613],[-118.48318,34.4161],[-118.48317,34.41606],[-118.48316,34.41605],[-118.48314,34.41599],[-118.48313,34.41593],[-118.48312,34.41592],[-118.4831,34.41587],[-118.48309,34.41583],[-118.48307,34.41579],[-118.48306,34.41576],[-118.48305,34.41573],[-118.48303,34.41569],[-118.48302,34.41568],[-118.48301,34.41565],[-118.48299,34.41561],[-118.48296,34.41555],[-118.48294,34.41553],[-118.48291,34.41549],[-118.48287,34.41542],[-118.48286,34.4154],[-118.48282,34.41534],[-118.4828,34.41532],[-118.48278,34.41529],[-118.48273,34.41524],[-118.4827,34.41519],[-118.48267,34.41516],[-118.48265,34.41513],[-118.48262,34.41511],[-118.48259,34.41508],[-118.48254,34.41503],[-118.4825,34.41499],[-118.48247,34.41496],[-118.48243,34.41493],[-118.4824,34.4149],[-118.48237,34.41488],[-118.48234,34.41485],[-118.48229,34.41482],[-118.48225,34.41479],[-118.48225,34.41478],[-118.48219,34.41474],[-118.48217,34.41472],[-118.48212,34.4147],[-118.48209,34.41467],[-118.48206,34.41466],[-118.48203,34.41464],[-118.482,34.41462],[-118.48197,34.4146],[-118.48194,34.41459],[-118.48192,34.41457],[-118.48188,34.41456],[-118.48182,34.41452],[-118.48177,34.4145],[-118.48172,34.41448],[-118.48165,34.41445],[-118.48161,34.41443],[-118.48155,34.41441],[-118.48155,34.41441],[-118.48148,34.41438],[-118.48141,34.41436],[-118.48138,34.41435],[-118.48132,34.41433],[-118.48131,34.41433],[-118.48126,34.41432],[-118.48119,34.4143],[-118.48114,34.41428],[-118.48107,34.41427],[-118.48099,34.41425],[-118.4809,34.41424],[-118.4809,34.41424],[-118.48085,34.41423],[-118.48074,34.41422],[-118.48071,34.41422],[-118.4807,34.41421],[-118.48068,34.41421],[-118.48067,34.41421],[-118.48066,34.41421],[-118.48066,34.41421],[-118.48057,34.4142],[-118.4805,34.4142],[-118.48049,34.4142],[-118.48046,34.4142],[-118.48036,34.41419],[-118.48026,34.41419],[-118.48016,34.41419],[-118.48006,34.41419],[-118.47978,34.41419],[-118.47968,34.41419],[-118.47963,34.41419],[-118.47961,34.41419],[-118.47961,34.41419],[-118.47959,34.41419],[-118.47949,34.41418],[-118.47939,34.41418],[-118.4793,34.41418],[-118.47919,34.41417],[-118.47893,34.41413],[-118.47884,34.41411],[-118.47878,34.4141],[-118.47877,34.41409],[-118.47869,34.41401],[-118.47859,34.41391],[-118.47842,34.41374],[-118.47842,34.41374],[-118.47842,34.41374],[-118.47845,34.41373],[-118.47848,34.4137],[-118.47837,34.4136],[-118.47837,34.41313],[-118.47837,34.41281],[-118.47837,34.4127],[-118.47825,34.4127],[-118.47717,34.4127],[-118.47639,34.41199],[-118.47618,34.41162],[-118.47617,34.41089],[-118.47641,34.41089],[-118.47651,34.41089],[-118.47651,34.41088],[-118.47651,34.41061],[-118.47617,34.41061],[-118.47616,34.40995],[-118.47616,34.40982],[-118.47617,34.40981],[-118.47616,34.40981],[-118.47616,34.40965],[-118.47616,34.40933],[-118.47616,34.40908],[-118.47615,34.40543],[-118.47615,34.40543],[-118.47662,34.4046],[-118.47684,34.40459],[-118.47705,34.40457],[-118.47784,34.4045],[-118.47784,34.40433],[-118.47782,34.40364],[-118.47781,34.40358],[-118.47759,34.40315],[-118.47757,34.4031],[-118.47783,34.40315],[-118.47813,34.4032],[-118.47825,34.40322],[-118.47834,34.40323],[-118.47936,34.40423],[-118.47949,34.40435],[-118.47988,34.40397],[-118.48008,34.40378],[-118.48019,34.40426],[-118.48057,34.40459],[-118.48102,34.40474],[-118.48107,34.40476],[-118.48173,34.40445],[-118.48183,34.40446],[-118.48266,34.40452],[-118.48274,34.40452],[-118.48287,34.40477],[-118.4832,34.40536],[-118.48444,34.40488],[-118.48455,34.40483],[-118.4847,34.4051],[-118.48489,34.40546],[-118.4854,34.40546],[-118.48541,34.40546],[-118.48553,34.40546],[-118.48646,34.40545],[-118.48819,34.40543],[-118.48819,34.40508],[-118.48818,34.40435],[-118.48779,34.40399],[-118.48807,34.40351],[-118.48812,34.4035],[-118.48875,34.40332],[-118.48874,34.40302],[-118.48874,34.40299],[-118.48874,34.40298],[-118.48877,34.40297],[-118.48878,34.40297],[-118.48879,34.40296],[-118.4888,34.40295],[-118.48881,34.40294],[-118.48883,34.40293],[-118.48883,34.40292],[-118.48884,34.40291],[-118.48884,34.40289],[-118.48885,34.40288],[-118.48885,34.40287],[-118.48885,34.40286],[-118.48885,34.40284],[-118.48884,34.40283],[-118.48884,34.40282],[-118.48884,34.40281],[-118.48883,34.40281],[-118.48883,34.4028],[-118.48882,34.40279],[-118.48881,34.40278],[-118.48881,34.40278],[-118.4888,34.40277],[-118.48879,34.40276],[-118.48878,34.40276],[-118.48877,34.40275],[-118.48875,34.40275],[-118.48874,34.40274],[-118.48888,34.40272],[-118.48894,34.40226],[-118.48882,34.40224],[-118.48868,34.40223],[-118.48847,34.4023],[-118.48752,34.40264],[-118.4875,34.40179],[-118.48604,34.40182],[-118.48599,34.40182],[-118.48598,34.40095],[-118.48598,34.40077],[-118.48515,34.4007],[-118.4849,34.40068],[-118.4849,34.40031],[-118.48489,34.39785],[-118.48489,34.39577],[-118.48488,34.39559],[-118.48509,34.39543],[-118.48519,34.39534],[-118.48535,34.3952],[-118.4855,34.39507],[-118.48564,34.39493],[-118.48591,34.39467],[-118.48592,34.39467],[-118.48602,34.39456],[-118.48628,34.39455],[-118.48661,34.39454],[-118.48665,34.39454],[-118.48681,34.39454],[-118.48683,34.39454],[-118.48709,34.39453],[-118.48722,34.39453],[-118.48751,34.39452],[-118.48764,34.39452],[-118.48793,34.39451],[-118.48805,34.39451],[-118.48834,34.39451],[-118.48847,34.3945],[-118.48868,34.3945],[-118.48878,34.39449],[-118.48889,34.39449],[-118.4891,34.39449],[-118.48931,34.39448],[-118.48973,34.39447],[-118.48995,34.39447],[-118.49015,34.39446],[-118.49016,34.39446],[-118.49057,34.39445],[-118.49099,34.39444],[-118.4912,34.39444],[-118.49162,34.39443],[-118.49204,34.39442],[-118.49246,34.39441],[-118.49289,34.3944],[-118.49331,34.39439],[-118.49644,34.39422],[-118.49646,34.39422],[-118.49742,34.39416],[-118.49742,34.39416],[-118.49838,34.39414],[-118.49887,34.39414],[-118.49912,34.39413],[-118.49917,34.39413],[-118.49928,34.39413],[-118.49951,34.39412],[-118.50014,34.39411],[-118.50088,34.3941],[-118.50133,34.39409]]]}},{"type":"Feature","properties":{"seat":"saugus-union-school-district-trustee-area-1","label":"Trustee Area 1","county":"TA1","role":"seat"},"geometry":{"type":"Polygon","coordinates":[[[-118.57632,34.40833],[-118.57632,34.40833],[-118.57661,34.40898],[-118.57678,34.40899],[-118.57787,34.40897],[-118.57962,34.40897],[-118.57942,34.40983],[-118.57941,34.40983],[-118.57929,34.41036],[-118.57912,34.41111],[-118.57906,34.41136],[-118.579,34.4116],[-118.57895,34.41184],[-118.57893,34.412],[-118.57891,34.41216],[-118.57891,34.41232],[-118.57891,34.41248],[-118.57892,34.41264],[-118.57892,34.41272],[-118.57893,34.4128],[-118.57896,34.41296],[-118.57899,34.41312],[-118.57903,34.41328],[-118.57908,34.41344],[-118.57913,34.4136],[-118.5792,34.41376],[-118.57953,34.41456],[-118.57973,34.41504],[-118.58,34.41569],[-118.5802,34.41595],[-118.58057,34.41648],[-118.58156,34.41791],[-118.58159,34.41789],[-118.5856,34.41513],[-118.58971,34.41231],[-118.59458,34.40897],[-118.59844,34.40895],[-118.59965,34.40894],[-118.59967,34.40896],[-118.60107,34.40896],[-118.60178,34.40896],[-118.60178,34.40896],[-118.60179,34.40896],[-118.60184,34.40895],[-118.60198,34.40895],[-118.60245,34.40895],[-118.60246,34.40895],[-118.60258,34.40895],[-118.60268,34.40895],[-118.60268,34.40895],[-118.60317,34.40895],[-118.60345,34.40895],[-118.60394,34.40895],[-118.60634,34.40894],[-118.60757,34.40894],[-118.60757,34.40894],[-118.60759,34.40894],[-118.60759,34.40937],[-118.60759,34.40987],[-118.60758,34.41024],[-118.60758,34.41034],[-118.60758,34.4104],[-118.60758,34.41051],[-118.60757,34.41176],[-118.60757,34.412],[-118.60757,34.41236],[-118.60757,34.4128],[-118.60757,34.41489],[-118.60765,34.41488],[-118.60766,34.41534],[-118.60757,34.41557],[-118.60744,34.41589],[-118.60757,34.41593],[-118.60757,34.41626],[-118.60757,34.41687],[-118.60757,34.41705],[-118.60757,34.41754],[-118.60734,34.4175],[-118.60734,34.4175],[-118.60734,34.4175],[-118.60733,34.41754],[-118.60733,34.41755],[-118.60732,34.41756],[-118.60726,34.41776],[-118.60726,34.41776],[-118.60718,34.41794],[-118.60712,34.41805],[-118.60711,34.41809],[-118.60712,34.41812],[-118.60715,34.41814],[-118.60713,34.41821],[-118.60713,34.41821],[-118.60713,34.41822],[-118.60713,34.41822],[-118.60757,34.41828],[-118.60757,34.42011],[-118.60758,34.42191],[-118.60758,34.42191],[-118.60763,34.42196],[-118.60765,34.42198],[-118.60765,34.42199],[-118.60763,34.422],[-118.60761,34.42202],[-118.60769,34.4221],[-118.6077,34.42211],[-118.60773,34.4221],[-118.60774,34.42209],[-118.60776,34.42209],[-118.60777,34.4221],[-118.60776,34.42211],[-118.60758,34.42224],[-118.60758,34.42224],[-118.60754,34.42226],[-118.60736,34.42239],[-118.60718,34.42251],[-118.607,34.42263],[-118.60696,34.42266],[-118.60696,34.42266],[-118.60696,34.42266],[-118.60758,34.42327],[-118.60758,34.42344],[-118.60761,34.42347],[-118.60761,34.42347],[-118.60762,34.42348],[-118.60762,34.42349],[-118.60762,34.42349],[-118.60763,34.4235],[-118.60763,34.4235],[-118.60763,34.42351],[-118.60763,34.42351],[-118.60763,34.42351],[-118.60763,34.42352],[-118.60762,34.42353],[-118.60762,34.42353],[-118.60762,34.42354],[-118.60762,34.42355],[-118.60761,34.42355],[-118.60761,34.42356],[-118.6076,34.42356],[-118.6076,34.42356],[-118.60759,34.42357],[-118.60758,34.42358],[-118.60759,34.42689],[-118.60759,34.4293],[-118.60759,34.4293],[-118.60753,34.42926],[-118.60711,34.42951],[-118.607,34.42969],[-118.60696,34.42989],[-118.60686,34.43],[-118.60686,34.43],[-118.60686,34.43001],[-118.60686,34.43017],[-118.60691,34.43028],[-118.60692,34.4303],[-118.60693,34.43034],[-118.60694,34.43037],[-118.60694,34.4304],[-118.60694,34.43044],[-118.60692,34.43049],[-118.6069,34.43052],[-118.60688,34.43056],[-118.60685,34.43059],[-118.6068,34.43062],[-118.60673,34.43065],[-118.60664,34.43065],[-118.60654,34.43066],[-118.6064,34.4308],[-118.60642,34.43106],[-118.60672,34.4316],[-118.60689,34.43188],[-118.60705,34.432],[-118.60759,34.43201],[-118.60759,34.43339],[-118.60759,34.43435],[-118.60759,34.43613],[-118.60379,34.43479],[-118.6037,34.43476],[-118.60362,34.43473],[-118.60362,34.43473],[-118.59952,34.43327],[-118.59947,34.43325],[-118.59399,34.43213],[-118.59395,34.43207],[-118.5931,34.43091],[-118.59208,34.42952],[-118.59114,34.42824],[-118.59108,34.42815],[-118.59107,34.42815],[-118.58781,34.42739],[-118.58691,34.42717],[-118.58653,34.42701],[-118.58518,34.42645],[-118.58499,34.42641],[-118.58446,34.42639],[-118.58305,34.42587],[-118.58137,34.42588],[-118.58025,34.42588],[-118.57929,34.42589],[-118.57917,34.42592],[-118.57917,34.42592],[-118.57882,34.42603],[-118.57882,34.42603],[-118.57862,34.4261],[-118.57766,34.42641],[-118.57706,34.4266],[-118.57687,34.42659],[-118.57625,34.42653],[-118.5758,34.42649],[-118.57577,34.42649],[-118.57563,34.42648],[-118.57531,34.42645],[-118.5748,34.42641],[-118.5748,34.42641],[-118.57413,34.42636],[-118.57412,34.42635],[-118.57369,34.42631],[-118.57282,34.42624],[-118.57258,34.42622],[-118.57257,34.42622],[-118.57257,34.42622],[-118.57257,34.4265],[-118.57257,34.42861],[-118.57257,34.42886],[-118.57257,34.42886],[-118.57257,34.42909],[-118.57257,34.42914],[-118.57257,34.42919],[-118.5726,34.42919],[-118.57266,34.42918],[-118.57268,34.42918],[-118.57275,34.42917],[-118.5728,34.42916],[-118.57287,34.42915],[-118.57292,34.42913],[-118.57296,34.42912],[-118.57296,34.42919],[-118.57296,34.42934],[-118.57282,34.42945],[-118.57257,34.42964],[-118.57257,34.42984],[-118.57257,34.43083],[-118.57257,34.43084],[-118.57257,34.4313],[-118.57257,34.4313],[-118.57257,34.43157],[-118.57257,34.43161],[-118.57257,34.43161],[-118.57253,34.43164],[-118.57244,34.4317],[-118.57251,34.43177],[-118.57257,34.43182],[-118.57257,34.43186],[-118.57257,34.43187],[-118.57257,34.43229],[-118.57257,34.43236],[-118.57257,34.43237],[-118.57257,34.43328],[-118.57257,34.43328],[-118.57257,34.43328],[-118.57261,34.43332],[-118.57264,34.43335],[-118.57259,34.43338],[-118.57258,34.43339],[-118.57257,34.43339],[-118.57257,34.43344],[-118.57257,34.43345],[-118.57257,34.43386],[-118.57257,34.43426],[-118.57257,34.43439],[-118.57257,34.43481],[-118.57257,34.43482],[-118.57257,34.43482],[-118.57257,34.43482],[-118.57257,34.43483],[-118.57257,34.43483],[-118.57257,34.43484],[-118.57257,34.43484],[-118.57257,34.43485],[-118.57257,34.43485],[-118.57257,34.43485],[-118.57257,34.43486],[-118.57257,34.43519],[-118.57257,34.43523],[-118.57257,34.4368],[-118.57257,34.4369],[-118.57257,34.4369],[-118.57257,34.43698],[-118.57259,34.437],[-118.57266,34.43705],[-118.57257,34.43713],[-118.57257,34.43713],[-118.57257,34.43713],[-118.57257,34.43718],[-118.57257,34.43718],[-118.57257,34.43821],[-118.57257,34.44038],[-118.57257,34.44038],[-118.57257,34.44071],[-118.57257,34.44125],[-118.57257,34.44125],[-118.57257,34.44125],[-118.57257,34.44173],[-118.57257,34.44198],[-118.57257,34.44198],[-118.57257,34.44226],[-118.57257,34.44232],[-118.57257,34.44241],[-118.57257,34.44262],[-118.57257,34.44305],[-118.57257,34.44322],[-118.57257,34.44323],[-118.57258,34.44347],[-118.57258,34.44359],[-118.57258,34.44359],[-118.57258,34.44402],[-118.57258,34.44412],[-118.57258,34.44444],[-118.57258,34.4448],[-118.57258,34.44543],[-118.57258,34.44609],[-118.57258,34.44609],[-118.57239,34.44616],[-118.57202,34.44634],[-118.57174,34.44641],[-118.5716,34.44645],[-118.57137,34.4465],[-118.57121,34.44653],[-118.57124,34.44666],[-118.5713,34.44689],[-118.57136,34.44708],[-118.57146,34.44732],[-118.57155,34.44753],[-118.57161,34.44765],[-118.57168,34.44774],[-118.57176,34.44786],[-118.57186,34.44798],[-118.5722,34.44833],[-118.57237,34.44843],[-118.57274,34.44865],[-118.57196,34.4495],[-118.57196,34.4495],[-118.57197,34.4495],[-118.57197,34.4495],[-118.5721,34.44959],[-118.57211,34.4496],[-118.57231,34.44963],[-118.5725,34.44966],[-118.57258,34.44967],[-118.57258,34.44967],[-118.57259,34.45039],[-118.5726,34.45043],[-118.57264,34.45047],[-118.57266,34.45052],[-118.57266,34.45052],[-118.57267,34.45057],[-118.57267,34.45057],[-118.57266,34.45062],[-118.57263,34.45066],[-118.57263,34.45066],[-118.5726,34.45067],[-118.57258,34.45068],[-118.57258,34.45069],[-118.57258,34.45069],[-118.57258,34.45136],[-118.57259,34.45136],[-118.57266,34.45135],[-118.57279,34.45133],[-118.57284,34.45133],[-118.57295,34.45131],[-118.57298,34.4513],[-118.573,34.4513],[-118.57303,34.4513],[-118.57304,34.45129],[-118.57309,34.45129],[-118.5731,34.45129],[-118.5734,34.45124],[-118.57397,34.45116],[-118.57396,34.45124],[-118.57385,34.45209],[-118.57384,34.45218],[-118.57367,34.45246],[-118.57365,34.45249],[-118.57357,34.45263],[-118.57319,34.45326],[-118.57321,34.4533],[-118.5733,34.4535],[-118.57371,34.45437],[-118.57371,34.45437],[-118.57369,34.45439],[-118.57324,34.45479],[-118.57321,34.45477],[-118.57317,34.45474],[-118.57312,34.4547],[-118.57308,34.45468],[-118.57306,34.45466],[-118.57298,34.45462],[-118.57293,34.45459],[-118.57292,34.45458],[-118.57287,34.45456],[-118.57267,34.45446],[-118.57261,34.45453],[-118.57258,34.45461],[-118.57258,34.45462],[-118.57258,34.45485],[-118.57258,34.45495],[-118.57258,34.45506],[-118.57258,34.4551],[-118.57258,34.45524],[-118.57258,34.45527],[-118.57258,34.45539],[-118.57258,34.45553],[-118.57258,34.45556],[-118.57258,34.45556],[-118.57258,34.45567],[-118.57258,34.45593],[-118.57258,34.45597],[-118.5726,34.45597],[-118.57276,34.45597],[-118.57275,34.45602],[-118.57273,34.45609],[-118.5727,34.45617],[-118.57268,34.45624],[-118.57265,34.45629],[-118.57257,34.45643],[-118.57265,34.45715],[-118.57266,34.45724],[-118.57263,34.45735],[-118.57256,34.45752],[-118.57258,34.45765],[-118.57258,34.45771],[-118.57258,34.45771],[-118.57258,34.45783],[-118.57258,34.45797],[-118.57258,34.45807],[-118.57258,34.45807],[-118.5725,34.45814],[-118.5724,34.4582],[-118.57234,34.45825],[-118.57241,34.45829],[-118.57241,34.45829],[-118.57244,34.4583],[-118.57246,34.45832],[-118.57247,34.45833],[-118.57251,34.45835],[-118.57254,34.45837],[-118.57258,34.45841],[-118.57258,34.45841],[-118.57258,34.45843],[-118.57258,34.45855],[-118.57259,34.45854],[-118.57266,34.45848],[-118.57267,34.45848],[-118.57267,34.45848],[-118.57267,34.45848],[-118.57267,34.45848],[-118.57267,34.45848],[-118.57268,34.45849],[-118.57268,34.45849],[-118.57268,34.45849],[-118.57268,34.45849],[-118.5727,34.45851],[-118.5727,34.45851],[-118.5727,34.45851],[-118.57274,34.45854],[-118.57274,34.45854],[-118.57274,34.45855],[-118.57278,34.45859],[-118.57278,34.45859],[-118.57269,34.45864],[-118.57258,34.45871],[-118.57258,34.45871],[-118.57258,34.45872],[-118.57258,34.4589],[-118.57258,34.4589],[-118.57258,34.4589],[-118.57259,34.45891],[-118.57266,34.45904],[-118.5727,34.45919],[-118.5727,34.45919],[-118.57272,34.45933],[-118.57272,34.45934],[-118.57272,34.45934],[-118.57271,34.45937],[-118.57271,34.45949],[-118.57269,34.45955],[-118.57266,34.45964],[-118.57264,34.4597],[-118.57263,34.45971],[-118.5726,34.45978],[-118.57259,34.4598],[-118.57256,34.45983],[-118.57256,34.45984],[-118.57251,34.45992],[-118.57242,34.46006],[-118.57243,34.46006],[-118.57259,34.46013],[-118.57274,34.4602],[-118.57274,34.4602],[-118.5727,34.46026],[-118.57265,34.46034],[-118.57259,34.46043],[-118.57256,34.46048],[-118.57246,34.46062],[-118.57244,34.46065],[-118.57244,34.46065],[-118.57243,34.46066],[-118.57241,34.4607],[-118.57235,34.46077],[-118.57234,34.46078],[-118.57224,34.46088],[-118.57226,34.46089],[-118.57241,34.46099],[-118.57259,34.46112],[-118.57259,34.46113],[-118.57274,34.46123],[-118.57274,34.46124],[-118.57259,34.46132],[-118.5725,34.46137],[-118.5725,34.46137],[-118.57232,34.46148],[-118.5725,34.46166],[-118.57272,34.46181],[-118.57285,34.4619],[-118.57277,34.46197],[-118.57253,34.46221],[-118.57253,34.46221],[-118.57243,34.46211],[-118.57242,34.46211],[-118.57242,34.4621],[-118.57241,34.4621],[-118.57241,34.46211],[-118.57228,34.46227],[-118.57224,34.46231],[-118.57224,34.46231],[-118.57223,34.46232],[-118.57212,34.46246],[-118.57211,34.46246],[-118.5721,34.46246],[-118.57176,34.46244],[-118.57176,34.46244],[-118.57181,34.46287],[-118.57186,34.46325],[-118.57188,34.46325],[-118.57209,34.46328],[-118.57259,34.46337],[-118.57259,34.46337],[-118.57259,34.46559],[-118.57259,34.46621],[-118.57259,34.46627],[-118.57259,34.46636],[-118.57259,34.46639],[-118.57259,34.46656],[-118.57259,34.46716],[-118.57259,34.46716],[-118.57259,34.46957],[-118.57259,34.46989],[-118.57259,34.4699],[-118.57259,34.46999],[-118.57258,34.47],[-118.57234,34.47022],[-118.57086,34.47067],[-118.57084,34.47067],[-118.57081,34.47067],[-118.57079,34.47066],[-118.57077,34.47066],[-118.57072,34.47066],[-118.5703,34.4706],[-118.57002,34.47056],[-118.56996,34.47055],[-118.56996,34.47054],[-118.56996,34.47054],[-118.56971,34.47051],[-118.5697,34.47053],[-118.56968,34.4706],[-118.56964,34.47078],[-118.56974,34.4709],[-118.56984,34.47102],[-118.56985,34.47107],[-118.56986,34.47115],[-118.57,34.47131],[-118.57,34.47133],[-118.57004,34.47215],[-118.57005,34.47254],[-118.56991,34.47273],[-118.56963,34.47308],[-118.56928,34.47352],[-118.56931,34.47355],[-118.56894,34.47402],[-118.5689,34.47407],[-118.56788,34.47535],[-118.56785,34.47533],[-118.56693,34.4765],[-118.56559,34.47821],[-118.56482,34.47765],[-118.5648,34.47764],[-118.56479,34.47765],[-118.56419,34.47816],[-118.56376,34.47852],[-118.56344,34.47879],[-118.56324,34.47896],[-118.56244,34.47964],[-118.56241,34.47966],[-118.56224,34.47981],[-118.56213,34.4799],[-118.56213,34.4799],[-118.56183,34.47998],[-118.56177,34.47988],[-118.56176,34.47987],[-118.56175,34.4799],[-118.56175,34.47994],[-118.56173,34.47998],[-118.56171,34.48002],[-118.56169,34.48005],[-118.56162,34.48012],[-118.56157,34.48016],[-118.56124,34.47988],[-118.56087,34.4794],[-118.56028,34.47862],[-118.55964,34.47891],[-118.55956,34.47895],[-118.55929,34.47868],[-118.55918,34.47857],[-118.55936,34.47812],[-118.55936,34.47811],[-118.55944,34.4779],[-118.55939,34.47783],[-118.55939,34.47783],[-118.55923,34.47763],[-118.55904,34.47746],[-118.55903,34.47745],[-118.5589,34.47754],[-118.5587,34.47768],[-118.5587,34.47768],[-118.55839,34.47741],[-118.55839,34.4774],[-118.55839,34.47739],[-118.5584,34.47735],[-118.5584,34.47732],[-118.55841,34.47711],[-118.55843,34.47696],[-118.55843,34.47693],[-118.55843,34.47692],[-118.55824,34.47676],[-118.55793,34.47649],[-118.55793,34.47649],[-118.55792,34.47648],[-118.55785,34.47642],[-118.55783,34.4764],[-118.55769,34.47628],[-118.55769,34.47629],[-118.5575,34.47623],[-118.55764,34.47604],[-118.55778,34.47564],[-118.55778,34.47564],[-118.55785,34.47542],[-118.55787,34.47525],[-118.55787,34.47525],[-118.55786,34.47523],[-118.55786,34.47519],[-118.55784,34.47474],[-118.55773,34.47427],[-118.5576,34.47405],[-118.5576,34.47403],[-118.55759,34.47403],[-118.55755,34.4739],[-118.55728,34.47355],[-118.5571,34.47334],[-118.55691,34.47317],[-118.55546,34.47217],[-118.55525,34.47202],[-118.55508,34.47191],[-118.55495,34.47203],[-118.55473,34.47226],[-118.55459,34.47239],[-118.55428,34.47272],[-118.55393,34.47306],[-118.55378,34.47323],[-118.55363,34.4734],[-118.55349,34.47356],[-118.55347,34.47359],[-118.55336,34.47373],[-118.55332,34.47377],[-118.55296,34.47406],[-118.55276,34.47418],[-118.55252,34.47426],[-118.55239,34.47424],[-118.55227,34.47421],[-118.55218,34.47413],[-118.55213,34.47406],[-118.55214,34.47406],[-118.55212,34.47404],[-118.55208,34.47395],[-118.55207,34.47392],[-118.55203,34.47384],[-118.55198,34.47375],[-118.55193,34.47366],[-118.55189,34.4736],[-118.55186,34.47357],[-118.55185,34.47355],[-118.55185,34.47355],[-118.55179,34.47343],[-118.55175,34.47329],[-118.55173,34.47321],[-118.55167,34.47304],[-118.55163,34.47295],[-118.55159,34.47288],[-118.55156,34.47281],[-118.55155,34.47274],[-118.55156,34.47265],[-118.5516,34.47256],[-118.5516,34.47257],[-118.55161,34.47256],[-118.55163,34.47252],[-118.55165,34.4725],[-118.55168,34.47247],[-118.55168,34.47247],[-118.55171,34.47245],[-118.55174,34.47242],[-118.55178,34.4724],[-118.55203,34.47219],[-118.55204,34.47218],[-118.5521,34.47212],[-118.55212,34.4721],[-118.55223,34.47198],[-118.55226,34.47195],[-118.55226,34.47195],[-118.55233,34.47185],[-118.55236,34.47175],[-118.55236,34.47175],[-118.55237,34.47165],[-118.55237,34.47164],[-118.55237,34.47163],[-118.55236,34.47118],[-118.55236,34.47115],[-118.55237,34.47107],[-118.55237,34.47099],[-118.55237,34.47099],[-118.55243,34.47061],[-118.55258,34.46993],[-118.5526,34.46989],[-118.55268,34.46974],[-118.55272,34.46969],[-118.55276,34.46965],[-118.5529,34.46965],[-118.55291,34.46966],[-118.55289,34.46947],[-118.5532,34.46947],[-118.5532,34.46947],[-118.55323,34.46915],[-118.55325,34.46897],[-118.55331,34.46878],[-118.55337,34.46857],[-118.55342,34.46836],[-118.55347,34.46826],[-118.55288,34.46817],[-118.55127,34.46795],[-118.55127,34.46795],[-118.55127,34.46793],[-118.55127,34.46789],[-118.55126,34.46786],[-118.55124,34.46783],[-118.55124,34.46783],[-118.55122,34.4678],[-118.55114,34.46776],[-118.55114,34.46776],[-118.55109,34.46775],[-118.55109,34.46775],[-118.55104,34.46775],[-118.55094,34.46778],[-118.55088,34.46781],[-118.55088,34.46781],[-118.55071,34.46786],[-118.55069,34.46787],[-118.54842,34.46755],[-118.54842,34.46755],[-118.54796,34.46749],[-118.54796,34.46749],[-118.54822,34.46708],[-118.54877,34.46621],[-118.54875,34.4662],[-118.54863,34.46619],[-118.54852,34.46623],[-118.54838,34.46628],[-118.54807,34.4664],[-118.54806,34.4664],[-118.54808,34.46611],[-118.54852,34.46572],[-118.54892,34.46506],[-118.54898,34.46487],[-118.54909,34.46449],[-118.54925,34.46392],[-118.54924,34.46365],[-118.54921,34.46301],[-118.54968,34.46267],[-118.54968,34.46253],[-118.54967,34.46246],[-118.54967,34.46245],[-118.54979,34.46244],[-118.54979,34.46229],[-118.54985,34.46229],[-118.54985,34.46224],[-118.54992,34.46224],[-118.55004,34.46224],[-118.55011,34.46224],[-118.55016,34.46224],[-118.55086,34.46225],[-118.55091,34.46226],[-118.55095,34.4622],[-118.55103,34.46206],[-118.55104,34.46205],[-118.55105,34.46203],[-118.55106,34.462],[-118.55109,34.46196],[-118.55122,34.46181],[-118.55184,34.46106],[-118.55201,34.4609],[-118.55211,34.4608],[-118.55223,34.46069],[-118.55236,34.46057],[-118.55248,34.46045],[-118.55275,34.4602],[-118.55284,34.46009],[-118.55285,34.46008],[-118.55286,34.46006],[-118.55294,34.45996],[-118.5531,34.45977],[-118.55313,34.45971],[-118.55367,34.45869],[-118.55396,34.45814],[-118.554,34.45806],[-118.55402,34.45803],[-118.55403,34.45801],[-118.55403,34.458],[-118.55467,34.45693],[-118.55497,34.45642],[-118.5562,34.4536],[-118.55626,34.45345],[-118.55627,34.45344],[-118.55647,34.45299],[-118.5566,34.4525],[-118.55667,34.45225],[-118.55672,34.45206],[-118.55683,34.45167],[-118.55688,34.45124],[-118.5569,34.45104],[-118.55691,34.45099],[-118.55699,34.45031],[-118.55699,34.45001],[-118.557,34.44988],[-118.557,34.44986],[-118.55701,34.4494],[-118.55701,34.4493],[-118.55703,34.4491],[-118.55712,34.44815],[-118.55718,34.44756],[-118.55722,34.44715],[-118.55722,34.44714],[-118.55723,34.44702],[-118.55729,34.44672],[-118.55736,34.44633],[-118.55747,34.44572],[-118.5575,34.44561],[-118.55747,34.44561],[-118.55728,34.44558],[-118.55748,34.44454],[-118.55748,34.44453],[-118.55751,34.44436],[-118.55751,34.44436],[-118.55697,34.44435],[-118.55643,34.44433],[-118.5543,34.44428],[-118.5543,34.44428],[-118.55428,34.44428],[-118.55422,34.44428],[-118.5539,34.44427],[-118.55347,34.44426],[-118.55342,34.44426],[-118.55342,34.44425],[-118.55338,34.44425],[-118.55335,34.44417],[-118.55339,34.44392],[-118.55339,34.44389],[-118.55348,34.44342],[-118.55349,34.44338],[-118.55351,34.44331],[-118.55363,34.44294],[-118.55366,34.44287],[-118.55371,34.44297],[-118.55376,34.44284],[-118.55384,34.44267],[-118.55423,34.44182],[-118.55462,34.44097],[-118.55509,34.43999],[-118.55514,34.43988],[-118.55538,34.43936],[-118.55545,34.4392],[-118.55551,34.43904],[-118.55557,34.43889],[-118.55562,34.43873],[-118.55567,34.43857],[-118.5557,34.43841],[-118.55573,34.43826],[-118.55576,34.4381],[-118.55577,34.43794],[-118.55579,34.43778],[-118.55579,34.43776],[-118.55581,34.43739],[-118.55582,34.43715],[-118.55587,34.4362],[-118.55592,34.43506],[-118.55594,34.43479],[-118.55595,34.43457],[-118.55596,34.43442],[-118.55598,34.43431],[-118.556,34.43423],[-118.55601,34.43417],[-118.55603,34.43407],[-118.55608,34.4339],[-118.55613,34.43374],[-118.55616,34.43362],[-118.55625,34.43344],[-118.55635,34.43324],[-118.55645,34.43301],[-118.55652,34.43286],[-118.5566,34.43272],[-118.55667,34.43258],[-118.55675,34.43246],[-118.55686,34.43227],[-118.55694,34.43215],[-118.55703,34.43205],[-118.55743,34.43163],[-118.55749,34.43156],[-118.55756,34.43149],[-118.55737,34.43134],[-118.55717,34.43119],[-118.55692,34.431],[-118.55681,34.43092],[-118.55676,34.43089],[-118.5565,34.43072],[-118.55631,34.43059],[-118.55603,34.43039],[-118.55586,34.43029],[-118.55567,34.43018],[-118.55525,34.42996],[-118.55489,34.42978],[-118.55475,34.42971],[-118.55452,34.4296],[-118.55415,34.42944],[-118.55407,34.42941],[-118.55381,34.42931],[-118.55352,34.4292],[-118.553,34.42902],[-118.55265,34.42892],[-118.55169,34.42865],[-118.55143,34.42859],[-118.55116,34.42854],[-118.55101,34.42851],[-118.55087,34.42849],[-118.55053,34.42846],[-118.55036,34.42844],[-118.55003,34.4284],[-118.54964,34.42835],[-118.5495,34.42833],[-118.54919,34.42831],[-118.54888,34.42829],[-118.54849,34.42828],[-118.54834,34.42828],[-118.54791,34.42828],[-118.54748,34.42828],[-118.54718,34.42829],[-118.54713,34.42829],[-118.54714,34.42831],[-118.54683,34.42829],[-118.5467,34.42829],[-118.54665,34.42829],[-118.5465,34.42828],[-118.54645,34.42828],[-118.54627,34.42828],[-118.54602,34.42828],[-118.54596,34.42828],[-118.54586,34.42828],[-118.54582,34.42828],[-118.54553,34.4283],[-118.5454,34.42832],[-118.54527,34.42833],[-118.54502,34.42835],[-118.5444,34.4284],[-118.54368,34.42847],[-118.54306,34.42853],[-118.54289,34.42854],[-118.54271,34.42855],[-118.54218,34.42857],[-118.54212,34.42857],[-118.5419,34.42857],[-118.54178,34.42856],[-118.54169,34.42855],[-118.54148,34.42853],[-118.54141,34.42853],[-118.54135,34.42852],[-118.54122,34.42851],[-118.54111,34.42849],[-118.541,34.42847],[-118.54059,34.42838],[-118.54048,34.42836],[-118.54035,34.42835],[-118.54028,34.42834],[-118.53989,34.42826],[-118.53965,34.42821],[-118.53949,34.42817],[-118.5394,34.42815],[-118.53918,34.42807],[-118.53891,34.42798],[-118.53853,34.42783],[-118.53818,34.4277],[-118.53782,34.42759],[-118.53771,34.42754],[-118.53759,34.42749],[-118.53739,34.42738],[-118.53732,34.42734],[-118.53721,34.42726],[-118.53714,34.42722],[-118.53723,34.42711],[-118.53767,34.42657],[-118.53783,34.42637],[-118.53833,34.42574],[-118.53866,34.42535],[-118.53898,34.42499],[-118.53917,34.42476],[-118.53929,34.42464],[-118.5396,34.42429],[-118.53992,34.42393],[-118.54015,34.42368],[-118.54033,34.42348],[-118.54035,34.42346],[-118.54043,34.42338],[-118.54051,34.42331],[-118.54065,34.42316],[-118.54071,34.42308],[-118.54078,34.423],[-118.54097,34.42273],[-118.54102,34.42266],[-118.54115,34.42248],[-118.54123,34.42237],[-118.54131,34.42225],[-118.54139,34.42212],[-118.54144,34.42202],[-118.54153,34.42183],[-118.54169,34.42146],[-118.54182,34.42116],[-118.54188,34.42099],[-118.54199,34.42057],[-118.54204,34.42035],[-118.54206,34.42024],[-118.54207,34.42017],[-118.54207,34.42013],[-118.54209,34.41984],[-118.5421,34.41969],[-118.5421,34.41965],[-118.5421,34.41955],[-118.54209,34.4194],[-118.54209,34.41936],[-118.54209,34.41932],[-118.54208,34.4192],[-118.54206,34.41908],[-118.54206,34.41907],[-118.54202,34.41883],[-118.542,34.41872],[-118.54191,34.41827],[-118.54172,34.41734],[-118.54169,34.41723],[-118.54168,34.41718],[-118.54164,34.41695],[-118.54161,34.41683],[-118.54159,34.41664],[-118.54154,34.41639],[-118.54151,34.41619],[-118.54147,34.41594],[-118.54145,34.41582],[-118.54141,34.41564],[-118.54134,34.41534],[-118.54133,34.4153],[-118.54133,34.41529],[-118.54125,34.41489],[-118.54117,34.41451],[-118.54114,34.41433],[-118.54104,34.41385],[-118.54099,34.41358],[-118.5406,34.41143],[-118.54059,34.41136],[-118.54018,34.40917],[-118.54015,34.40917],[-118.5401,34.40894],[-118.54013,34.40894],[-118.54031,34.40891],[-118.54032,34.40891],[-118.54042,34.4089],[-118.54059,34.40888],[-118.54061,34.40897],[-118.54063,34.40902],[-118.54063,34.40903],[-118.54063,34.40903],[-118.54064,34.40906],[-118.541,34.41022],[-118.54134,34.4113],[-118.54135,34.41132],[-118.54135,34.41133],[-118.54118,34.41135],[-118.54205,34.41242],[-118.54225,34.41266],[-118.54336,34.41401],[-118.54344,34.41412],[-118.54352,34.41424],[-118.54405,34.4144],[-118.54486,34.41463],[-118.54491,34.41464],[-118.54503,34.41468],[-118.54537,34.41477],[-118.54564,34.41485],[-118.54596,34.41494],[-118.54678,34.41518],[-118.54708,34.41527],[-118.54793,34.41551],[-118.54807,34.41555],[-118.54853,34.41569],[-118.54889,34.4158],[-118.54893,34.41581],[-118.54932,34.41592],[-118.54973,34.41602],[-118.5498,34.41586],[-118.54998,34.41543],[-118.55003,34.41532],[-118.55006,34.41524],[-118.55011,34.41515],[-118.55017,34.41505],[-118.55023,34.41495],[-118.5503,34.41486],[-118.55037,34.41475],[-118.55046,34.41465],[-118.55054,34.41456],[-118.55073,34.41437],[-118.55105,34.41406],[-118.55111,34.41402],[-118.55118,34.41397],[-118.55126,34.41392],[-118.55153,34.41375],[-118.55171,34.41364],[-118.5518,34.41359],[-118.55189,34.41354],[-118.552,34.4135],[-118.55211,34.41345],[-118.55222,34.41341],[-118.5524,34.41334],[-118.55246,34.41332],[-118.55266,34.41327],[-118.55298,34.41319],[-118.55314,34.41315],[-118.55329,34.41312],[-118.55345,34.4131],[-118.55363,34.41308],[-118.55382,34.41308],[-118.55447,34.41306],[-118.55454,34.41306],[-118.55472,34.41306],[-118.55503,34.41306],[-118.55593,34.41309],[-118.55628,34.41309],[-118.55705,34.41309],[-118.55735,34.4131],[-118.55747,34.4131],[-118.55789,34.41311],[-118.55813,34.41312],[-118.55881,34.41314],[-118.55992,34.4132],[-118.56006,34.4132],[-118.56056,34.41322],[-118.56101,34.4132],[-118.56129,34.41318],[-118.56157,34.41314],[-118.56165,34.41313],[-118.56189,34.41309],[-118.56203,34.41306],[-118.56216,34.41303],[-118.56228,34.413],[-118.56241,34.41296],[-118.56253,34.41291],[-118.56267,34.41285],[-118.5628,34.41278],[-118.56305,34.41266],[-118.56323,34.41256],[-118.56327,34.41254],[-118.56334,34.4125],[-118.56358,34.41235],[-118.56369,34.41228],[-118.5638,34.4122],[-118.56389,34.41211],[-118.56399,34.41202],[-118.56417,34.41182],[-118.56432,34.41164],[-118.56454,34.41136],[-118.56475,34.41106],[-118.56481,34.41096],[-118.56483,34.41093],[-118.56499,34.41068],[-118.56502,34.41063],[-118.5651,34.41051],[-118.56518,34.4104],[-118.56528,34.41028],[-118.56531,34.41024],[-118.56537,34.41016],[-118.56557,34.40993],[-118.56565,34.40984],[-118.56579,34.40971],[-118.56601,34.4095],[-118.56607,34.40945],[-118.56614,34.40939],[-118.56616,34.40938],[-118.56621,34.40934],[-118.56629,34.40928],[-118.56638,34.40923],[-118.56651,34.40915],[-118.56665,34.40908],[-118.56679,34.40902],[-118.56692,34.40897],[-118.56705,34.40893],[-118.56725,34.40886],[-118.56736,34.40883],[-118.56765,34.40876],[-118.56774,34.40874],[-118.56792,34.4087],[-118.568,34.40869],[-118.56815,34.40867],[-118.5684,34.40865],[-118.56852,34.40865],[-118.56872,34.40866],[-118.56915,34.40868],[-118.56924,34.40868],[-118.56934,34.40869],[-118.56945,34.40871],[-118.56968,34.40876],[-118.56979,34.40879],[-118.5701,34.40888],[-118.57013,34.40889],[-118.57025,34.40892],[-118.57064,34.409],[-118.57069,34.40902],[-118.57081,34.40906],[-118.57083,34.40907],[-118.57095,34.40911],[-118.57109,34.40914],[-118.57114,34.40915],[-118.57127,34.40918],[-118.57153,34.40928],[-118.57185,34.40934],[-118.57194,34.40934],[-118.57214,34.40934],[-118.57227,34.40934],[-118.57252,34.40933],[-118.57262,34.40932],[-118.57268,34.40932],[-118.57275,34.40931],[-118.57288,34.4093],[-118.57304,34.40928],[-118.57306,34.40927],[-118.57314,34.40926],[-118.57326,34.40924],[-118.57342,34.40919],[-118.57357,34.40915],[-118.5742,34.40897],[-118.57458,34.40888],[-118.57471,34.40884],[-118.57506,34.40874],[-118.57507,34.40872],[-118.5754,34.40863],[-118.57554,34.40858],[-118.57593,34.40845],[-118.57604,34.40842],[-118.57609,34.4084],[-118.57617,34.40837],[-118.5762,34.40836],[-118.5762,34.40836],[-118.57632,34.40833],[-118.57632,34.40833]]]}},{"type":"Feature","properties":{"seat":"saugus-union-school-district-trustee-area-2","label":"Trustee Area 2","county":"TA2","role":"seat"},"geometry":{"type":"Polygon","coordinates":[[[-118.52744,34.44196],[-118.52784,34.44185],[-118.52865,34.4416],[-118.52919,34.44144],[-118.52941,34.44162],[-118.52934,34.44182],[-118.52914,34.44253],[-118.5303,34.44282],[-118.53033,34.44283],[-118.53073,34.44293],[-118.53105,34.44301],[-118.53118,34.44304],[-118.53137,34.44309],[-118.53168,34.44317],[-118.532,34.44325],[-118.53233,34.44333],[-118.53235,34.44333],[-118.5327,34.44328],[-118.5331,34.44323],[-118.53363,34.4433],[-118.5338,34.44333],[-118.53378,34.44326],[-118.53376,34.44316],[-118.53374,34.44306],[-118.53386,34.44304],[-118.53413,34.44301],[-118.53439,34.44298],[-118.5344,34.44302],[-118.53444,34.44319],[-118.53446,34.44333],[-118.53451,34.44363],[-118.53459,34.44419],[-118.53461,34.44441],[-118.53466,34.4451],[-118.5347,34.44554],[-118.53473,34.44581],[-118.53476,34.44618],[-118.53482,34.44689],[-118.53484,34.44722],[-118.5349,34.44805],[-118.53491,34.44816],[-118.53496,34.44887],[-118.535,34.44934],[-118.53509,34.45025],[-118.53516,34.45082],[-118.53517,34.4509],[-118.53542,34.45089],[-118.53578,34.45087],[-118.53623,34.45084],[-118.53644,34.45083],[-118.53691,34.4508],[-118.53689,34.45048],[-118.53685,34.44981],[-118.5368,34.44895],[-118.53677,34.44856],[-118.53677,34.44847],[-118.53677,34.44842],[-118.53677,34.44828],[-118.53677,34.44821],[-118.53678,34.44811],[-118.5368,34.448],[-118.53682,34.44795],[-118.53685,34.44785],[-118.53689,34.44777],[-118.53692,34.44773],[-118.53694,34.44771],[-118.53698,34.44765],[-118.53713,34.44752],[-118.53739,34.44725],[-118.5378,34.44686],[-118.53853,34.44616],[-118.53863,34.44607],[-118.5388,34.44588],[-118.53892,34.44577],[-118.539,34.4457],[-118.53905,34.44566],[-118.53912,34.44562],[-118.53928,34.44552],[-118.5396,34.44533],[-118.5397,34.44541],[-118.53974,34.44546],[-118.53978,34.4455],[-118.53993,34.44568],[-118.54005,34.44581],[-118.54018,34.44594],[-118.54015,34.44596],[-118.54027,34.44607],[-118.54044,34.44618],[-118.5406,34.44625],[-118.54087,34.44629],[-118.54098,34.44628],[-118.54108,34.44626],[-118.5417,34.44612],[-118.54204,34.44611],[-118.54204,34.44671],[-118.54204,34.447],[-118.54255,34.44701],[-118.54255,34.44709],[-118.54255,34.4472],[-118.54255,34.44729],[-118.54255,34.44742],[-118.54254,34.44746],[-118.54251,34.44752],[-118.54246,34.44762],[-118.54239,34.44778],[-118.54232,34.44793],[-118.54231,34.44796],[-118.54227,34.44805],[-118.54225,34.44808],[-118.54219,34.44823],[-118.54212,34.44838],[-118.54212,34.44839],[-118.54205,34.44854],[-118.54197,34.44872],[-118.54193,34.44881],[-118.54213,34.44886],[-118.54258,34.44896],[-118.54301,34.44906],[-118.54322,34.4491],[-118.543,34.44952],[-118.5427,34.44937],[-118.54267,34.44938],[-118.54253,34.44941],[-118.54252,34.44942],[-118.54204,34.44969],[-118.54218,34.44985],[-118.54219,34.44987],[-118.5422,34.44988],[-118.54222,34.4499],[-118.54223,34.44991],[-118.54225,34.44993],[-118.54227,34.44994],[-118.54228,34.44995],[-118.5423,34.44997],[-118.54232,34.44998],[-118.54234,34.44999],[-118.54236,34.45],[-118.54238,34.45001],[-118.5424,34.45002],[-118.54242,34.45003],[-118.54244,34.45004],[-118.54246,34.45005],[-118.54248,34.45006],[-118.5425,34.45006],[-118.54252,34.45007],[-118.54254,34.45008],[-118.54257,34.45008],[-118.54259,34.45009],[-118.54261,34.45009],[-118.54264,34.4501],[-118.54266,34.45011],[-118.54268,34.45011],[-118.5427,34.45012],[-118.54272,34.45013],[-118.54274,34.45014],[-118.54276,34.45014],[-118.54278,34.45015],[-118.5428,34.45016],[-118.54282,34.45017],[-118.54284,34.45018],[-118.54286,34.45019],[-118.54288,34.45021],[-118.5429,34.45022],[-118.54292,34.45023],[-118.54294,34.45024],[-118.54296,34.45025],[-118.54297,34.45027],[-118.54299,34.45028],[-118.54301,34.45029],[-118.54302,34.45031],[-118.54304,34.45032],[-118.54305,34.45033],[-118.54307,34.45035],[-118.54308,34.45036],[-118.5431,34.45038],[-118.54311,34.45039],[-118.54313,34.45041],[-118.54313,34.45041],[-118.54349,34.45023],[-118.54368,34.45019],[-118.54393,34.45016],[-118.54445,34.45008],[-118.54467,34.45005],[-118.54476,34.45004],[-118.54485,34.45004],[-118.54492,34.45008],[-118.54511,34.45039],[-118.54533,34.45079],[-118.54539,34.45103],[-118.54533,34.4515],[-118.54533,34.4515],[-118.54583,34.45154],[-118.54591,34.45155],[-118.54594,34.45155],[-118.54596,34.45155],[-118.54598,34.45155],[-118.546,34.45155],[-118.54602,34.45155],[-118.54605,34.45155],[-118.54607,34.45155],[-118.54609,34.45155],[-118.54611,34.45155],[-118.54613,34.45155],[-118.54616,34.45155],[-118.54618,34.45155],[-118.5462,34.45155],[-118.54622,34.45155],[-118.54624,34.45155],[-118.54627,34.45155],[-118.54629,34.45154],[-118.54631,34.45154],[-118.54633,34.45154],[-118.54635,34.45154],[-118.54638,34.45154],[-118.5464,34.45153],[-118.54642,34.45153],[-118.54644,34.45153],[-118.54646,34.45152],[-118.54648,34.45152],[-118.54651,34.45152],[-118.54653,34.45151],[-118.54655,34.45151],[-118.54657,34.4515],[-118.54659,34.4515],[-118.54661,34.45149],[-118.54663,34.45149],[-118.54665,34.45148],[-118.54668,34.45148],[-118.5467,34.45147],[-118.54672,34.45147],[-118.54674,34.45146],[-118.54676,34.45146],[-118.54678,34.45145],[-118.5468,34.45144],[-118.54682,34.45144],[-118.54684,34.45143],[-118.54686,34.45142],[-118.54688,34.45141],[-118.5469,34.45141],[-118.54692,34.4514],[-118.54694,34.45139],[-118.54696,34.45138],[-118.54698,34.45138],[-118.547,34.45137],[-118.54702,34.45136],[-118.54704,34.45135],[-118.54706,34.45135],[-118.54708,34.45134],[-118.5471,34.45133],[-118.54712,34.45133],[-118.54714,34.45132],[-118.54716,34.45131],[-118.54718,34.45131],[-118.5472,34.4513],[-118.54722,34.45129],[-118.54724,34.45129],[-118.54726,34.45128],[-118.54728,34.45128],[-118.5473,34.45127],[-118.54733,34.45127],[-118.54735,34.45126],[-118.54737,34.45126],[-118.54739,34.45125],[-118.54741,34.45125],[-118.54743,34.45125],[-118.54745,34.45124],[-118.54748,34.45124],[-118.5475,34.45124],[-118.54752,34.45123],[-118.54754,34.45123],[-118.54756,34.45123],[-118.54758,34.45122],[-118.54761,34.45122],[-118.54763,34.45122],[-118.54765,34.45122],[-118.54767,34.45122],[-118.54769,34.45121],[-118.54772,34.45121],[-118.54774,34.45121],[-118.54776,34.45121],[-118.54778,34.45121],[-118.5478,34.45121],[-118.54783,34.45121],[-118.54786,34.45121],[-118.54789,34.45121],[-118.54791,34.45121],[-118.54793,34.45121],[-118.54795,34.45121],[-118.54797,34.45121],[-118.548,34.45121],[-118.54802,34.45121],[-118.54804,34.45122],[-118.54806,34.45122],[-118.54808,34.45122],[-118.54811,34.45122],[-118.54813,34.45122],[-118.54815,34.45123],[-118.54817,34.45123],[-118.54819,34.45123],[-118.54821,34.45124],[-118.54824,34.45124],[-118.54826,34.45124],[-118.54828,34.45125],[-118.5483,34.45125],[-118.54832,34.45125],[-118.54834,34.45126],[-118.54836,34.45126],[-118.54839,34.45127],[-118.54841,34.45127],[-118.54843,34.45128],[-118.54845,34.45128],[-118.54847,34.45129],[-118.54849,34.45129],[-118.54851,34.4513],[-118.54853,34.45131],[-118.54855,34.45131],[-118.54857,34.45132],[-118.54859,34.45133],[-118.54861,34.45133],[-118.54863,34.45134],[-118.54865,34.45135],[-118.54868,34.45136],[-118.5487,34.45136],[-118.54872,34.45137],[-118.54874,34.45138],[-118.54876,34.45139],[-118.54877,34.45139],[-118.54879,34.4514],[-118.54881,34.45141],[-118.54883,34.45142],[-118.54885,34.45143],[-118.54935,34.4517],[-118.54937,34.45168],[-118.54945,34.45156],[-118.54955,34.45143],[-118.54966,34.45131],[-118.54989,34.45105],[-118.55073,34.45014],[-118.55111,34.44973],[-118.55119,34.44964],[-118.55132,34.4495],[-118.55197,34.4488],[-118.55241,34.44831],[-118.5525,34.44818],[-118.55259,34.44806],[-118.55264,34.44799],[-118.55275,34.44782],[-118.55282,34.4477],[-118.55289,34.44757],[-118.55301,34.44731],[-118.55307,34.44717],[-118.55317,34.44691],[-118.55321,34.44677],[-118.55325,34.44663],[-118.55329,34.44646],[-118.55332,34.44634],[-118.55334,34.44619],[-118.55336,34.44605],[-118.55337,34.44591],[-118.55338,34.44564],[-118.5534,34.44469],[-118.55342,34.44434],[-118.55342,34.44426],[-118.55347,34.44426],[-118.5539,34.44427],[-118.55422,34.44428],[-118.55428,34.44428],[-118.5543,34.44428],[-118.5543,34.44428],[-118.55643,34.44433],[-118.55697,34.44435],[-118.55751,34.44436],[-118.55751,34.44436],[-118.55748,34.44453],[-118.55748,34.44454],[-118.55728,34.44558],[-118.55747,34.44561],[-118.5575,34.44561],[-118.55747,34.44572],[-118.55736,34.44633],[-118.55729,34.44672],[-118.55723,34.44702],[-118.55722,34.44714],[-118.55722,34.44715],[-118.55718,34.44756],[-118.55712,34.44815],[-118.55703,34.4491],[-118.55701,34.4493],[-118.55701,34.4494],[-118.557,34.44986],[-118.557,34.44988],[-118.55699,34.45001],[-118.55699,34.45031],[-118.55691,34.45099],[-118.5569,34.45104],[-118.55688,34.45124],[-118.55683,34.45167],[-118.55672,34.45206],[-118.55667,34.45225],[-118.5566,34.4525],[-118.55647,34.45299],[-118.55627,34.45344],[-118.55626,34.45345],[-118.5562,34.4536],[-118.55497,34.45642],[-118.55467,34.45693],[-118.55403,34.458],[-118.55403,34.45801],[-118.55402,34.45803],[-118.554,34.45806],[-118.55396,34.45814],[-118.55367,34.45869],[-118.55313,34.45971],[-118.5531,34.45977],[-118.55294,34.45996],[-118.55286,34.46006],[-118.55285,34.46008],[-118.55284,34.46009],[-118.55275,34.4602],[-118.55248,34.46045],[-118.55236,34.46057],[-118.55223,34.46069],[-118.55211,34.4608],[-118.55201,34.4609],[-118.55184,34.46106],[-118.55122,34.46181],[-118.55109,34.46196],[-118.55106,34.462],[-118.55105,34.46203],[-118.55104,34.46205],[-118.55103,34.46206],[-118.55095,34.4622],[-118.55091,34.46226],[-118.55086,34.46225],[-118.55016,34.46224],[-118.55011,34.46224],[-118.55004,34.46224],[-118.54992,34.46224],[-118.54985,34.46224],[-118.54985,34.46229],[-118.54979,34.46229],[-118.54979,34.46244],[-118.54967,34.46245],[-118.54967,34.46246],[-118.54968,34.46253],[-118.54968,34.46267],[-118.54921,34.46301],[-118.54924,34.46365],[-118.54925,34.46392],[-118.54909,34.46449],[-118.54898,34.46487],[-118.54892,34.46506],[-118.54852,34.46572],[-118.54808,34.46611],[-118.54806,34.4664],[-118.54807,34.4664],[-118.54838,34.46628],[-118.54852,34.46623],[-118.54863,34.46619],[-118.54875,34.4662],[-118.54877,34.46621],[-118.54822,34.46708],[-118.54796,34.46749],[-118.54796,34.46749],[-118.54842,34.46755],[-118.54842,34.46755],[-118.55069,34.46787],[-118.55071,34.46786],[-118.55088,34.46781],[-118.55088,34.46781],[-118.55094,34.46778],[-118.55104,34.46775],[-118.55109,34.46775],[-118.55109,34.46775],[-118.55114,34.46776],[-118.55114,34.46776],[-118.55122,34.4678],[-118.55124,34.46783],[-118.55124,34.46783],[-118.55126,34.46786],[-118.55127,34.46789],[-118.55127,34.46793],[-118.55127,34.46795],[-118.55127,34.46795],[-118.55288,34.46817],[-118.55347,34.46826],[-118.55342,34.46836],[-118.55337,34.46857],[-118.55331,34.46878],[-118.55325,34.46897],[-118.55323,34.46915],[-118.5532,34.46947],[-118.55289,34.46947],[-118.55291,34.46966],[-118.5529,34.46965],[-118.55276,34.46965],[-118.55272,34.46969],[-118.55268,34.46974],[-118.5526,34.46989],[-118.55258,34.46993],[-118.55243,34.47061],[-118.55237,34.47099],[-118.55237,34.47099],[-118.55237,34.47107],[-118.55236,34.47115],[-118.55236,34.47118],[-118.55237,34.47163],[-118.55237,34.47164],[-118.55237,34.47165],[-118.55236,34.47175],[-118.55236,34.47175],[-118.55233,34.47185],[-118.55226,34.47195],[-118.55226,34.47195],[-118.55223,34.47198],[-118.55212,34.4721],[-118.5521,34.47212],[-118.55204,34.47218],[-118.55203,34.47219],[-118.55178,34.4724],[-118.55174,34.47242],[-118.55171,34.47245],[-118.55168,34.47247],[-118.55168,34.47247],[-118.55165,34.4725],[-118.55163,34.47252],[-118.55161,34.47256],[-118.5516,34.47257],[-118.5516,34.47256],[-118.55156,34.47265],[-118.55155,34.47274],[-118.55156,34.47281],[-118.55159,34.47288],[-118.55163,34.47295],[-118.55167,34.47304],[-118.55173,34.47321],[-118.55175,34.47329],[-118.55179,34.47343],[-118.55185,34.47355],[-118.55185,34.47355],[-118.55186,34.47357],[-118.55189,34.4736],[-118.55193,34.47366],[-118.55198,34.47375],[-118.55203,34.47384],[-118.55207,34.47392],[-118.55208,34.47395],[-118.55212,34.47404],[-118.55214,34.47406],[-118.55213,34.47406],[-118.55218,34.47413],[-118.55227,34.47421],[-118.55239,34.47424],[-118.55252,34.47426],[-118.55276,34.47418],[-118.55296,34.47406],[-118.55332,34.47377],[-118.55336,34.47373],[-118.55347,34.47359],[-118.55349,34.47356],[-118.55363,34.4734],[-118.55378,34.47323],[-118.55393,34.47306],[-118.55428,34.47272],[-118.55459,34.47239],[-118.55473,34.47226],[-118.55495,34.47203],[-118.55508,34.47191],[-118.55525,34.47202],[-118.55546,34.47217],[-118.55691,34.47317],[-118.5571,34.47334],[-118.55728,34.47355],[-118.55755,34.4739],[-118.55759,34.47403],[-118.5576,34.47405],[-118.55773,34.47427],[-118.55784,34.47474],[-118.55786,34.47519],[-118.55786,34.47523],[-118.55787,34.47525],[-118.55787,34.47525],[-118.55785,34.47542],[-118.55778,34.47564],[-118.55778,34.47564],[-118.55764,34.47604],[-118.5575,34.47623],[-118.55769,34.47629],[-118.55769,34.47628],[-118.55783,34.4764],[-118.55785,34.47642],[-118.55792,34.47648],[-118.55793,34.47649],[-118.55793,34.47649],[-118.55824,34.47676],[-118.55843,34.47692],[-118.55843,34.47693],[-118.55843,34.47696],[-118.55841,34.47711],[-118.5584,34.47732],[-118.5584,34.47735],[-118.55839,34.47739],[-118.55839,34.4774],[-118.55839,34.47741],[-118.5587,34.47768],[-118.5587,34.47768],[-118.5589,34.47754],[-118.55903,34.47745],[-118.55904,34.47746],[-118.55923,34.47763],[-118.55939,34.47783],[-118.55939,34.47783],[-118.55944,34.4779],[-118.55936,34.47811],[-118.55936,34.47812],[-118.55918,34.47857],[-118.55929,34.47868],[-118.55956,34.47895],[-118.55964,34.47891],[-118.56028,34.47862],[-118.56087,34.4794],[-118.56124,34.47988],[-118.56157,34.48016],[-118.56162,34.48012],[-118.56169,34.48005],[-118.56171,34.48002],[-118.56173,34.47998],[-118.56175,34.47994],[-118.56175,34.4799],[-118.56176,34.47987],[-118.56177,34.47988],[-118.56183,34.47998],[-118.56213,34.4799],[-118.56213,34.4799],[-118.56224,34.47981],[-118.56241,34.47966],[-118.56244,34.47964],[-118.56324,34.47896],[-118.56344,34.47879],[-118.56376,34.47852],[-118.56419,34.47816],[-118.56479,34.47765],[-118.5648,34.47764],[-118.56482,34.47765],[-118.56559,34.47821],[-118.56693,34.4765],[-118.56785,34.47533],[-118.56788,34.47535],[-118.5689,34.47407],[-118.56894,34.47402],[-118.56931,34.47355],[-118.56928,34.47352],[-118.56963,34.47308],[-118.56991,34.47273],[-118.57005,34.47254],[-118.57004,34.47215],[-118.57,34.47133],[-118.57,34.47131],[-118.56994,34.47124],[-118.5711,34.4711],[-118.57143,34.47111],[-118.57189,34.47113],[-118.57226,34.47116],[-118.57253,34.47121],[-118.57275,34.47128],[-118.57298,34.47137],[-118.57319,34.47144],[-118.57347,34.47156],[-118.57364,34.47168],[-118.57382,34.4718],[-118.57393,34.47189],[-118.57411,34.47206],[-118.57454,34.47247],[-118.57402,34.47284],[-118.574,34.47285],[-118.57398,34.47286],[-118.57397,34.47286],[-118.57395,34.47287],[-118.57393,34.47288],[-118.5739,34.47288],[-118.57389,34.47288],[-118.57387,34.47289],[-118.57386,34.47289],[-118.57385,34.4729],[-118.57382,34.47292],[-118.57363,34.47306],[-118.57353,34.47314],[-118.57351,34.47321],[-118.57342,34.47329],[-118.57334,34.4733],[-118.57327,34.47338],[-118.57324,34.47343],[-118.57301,34.47377],[-118.57291,34.47391],[-118.57286,34.47397],[-118.57282,34.47402],[-118.57277,34.47406],[-118.57302,34.47432],[-118.57306,34.47436],[-118.57309,34.47439],[-118.57312,34.47442],[-118.57321,34.47452],[-118.57322,34.47453],[-118.57306,34.47462],[-118.57303,34.47464],[-118.57294,34.4747],[-118.57303,34.47482],[-118.57304,34.47484],[-118.57306,34.47489],[-118.5731,34.47496],[-118.57311,34.47499],[-118.57315,34.47515],[-118.57316,34.47531],[-118.57313,34.47546],[-118.57313,34.47548],[-118.57309,34.47565],[-118.57307,34.47572],[-118.57305,34.47579],[-118.57305,34.47581],[-118.57304,34.47583],[-118.573,34.47599],[-118.57293,34.47616],[-118.57286,34.47632],[-118.57305,34.47638],[-118.57307,34.47639],[-118.57317,34.47642],[-118.57312,34.47659],[-118.57308,34.4766],[-118.57308,34.47662],[-118.57305,34.47669],[-118.57306,34.4773],[-118.57308,34.47731],[-118.57317,34.47733],[-118.57311,34.47747],[-118.57309,34.47786],[-118.57307,34.47812],[-118.57307,34.47833],[-118.57308,34.47879],[-118.57309,34.47938],[-118.57309,34.47951],[-118.57309,34.47962],[-118.57309,34.47973],[-118.57309,34.47997],[-118.57309,34.47999],[-118.5731,34.48017],[-118.5731,34.48025],[-118.57311,34.48092],[-118.57311,34.48094],[-118.5731,34.48094],[-118.57311,34.48095],[-118.57311,34.48118],[-118.57311,34.48123],[-118.57311,34.48139],[-118.57312,34.48168],[-118.57312,34.48175],[-118.57312,34.48175],[-118.57313,34.48176],[-118.57313,34.48176],[-118.57313,34.48197],[-118.57317,34.48281],[-118.57317,34.48288],[-118.57317,34.48299],[-118.57318,34.48311],[-118.57318,34.48315],[-118.5732,34.4837],[-118.57325,34.48496],[-118.57327,34.48532],[-118.57327,34.4854],[-118.57327,34.48541],[-118.57329,34.48609],[-118.57337,34.48905],[-118.57344,34.49136],[-118.57346,34.49213],[-118.57347,34.49238],[-118.57347,34.4924],[-118.57353,34.49445],[-118.57358,34.49634],[-118.57358,34.49634],[-118.57265,34.49636],[-118.57178,34.49637],[-118.57062,34.49639],[-118.57044,34.49639],[-118.56916,34.49641],[-118.56743,34.49644],[-118.56743,34.49644],[-118.56577,34.49646],[-118.56577,34.49646],[-118.56555,34.49647],[-118.56555,34.49647],[-118.56555,34.49647],[-118.56494,34.49648],[-118.56494,34.49648],[-118.56287,34.49644],[-118.5626,34.49644],[-118.56257,34.49644],[-118.56184,34.49643],[-118.56024,34.4964],[-118.56021,34.49639],[-118.56021,34.4964],[-118.56021,34.4964],[-118.5602,34.4964],[-118.5602,34.4964],[-118.55792,34.49636],[-118.55559,34.49632],[-118.55552,34.49632],[-118.55547,34.49632],[-118.55547,34.49645],[-118.55547,34.49646],[-118.55546,34.49659],[-118.55547,34.49659],[-118.55546,34.49723],[-118.55545,34.49879],[-118.55545,34.49901],[-118.55545,34.49904],[-118.55544,34.49908],[-118.55544,34.49917],[-118.55544,34.49999],[-118.55544,34.5],[-118.55542,34.50177],[-118.55541,34.50245],[-118.55541,34.5029],[-118.5554,34.50367],[-118.55325,34.50366],[-118.55312,34.50366],[-118.55295,34.50365],[-118.55183,34.50365],[-118.54679,34.50361],[-118.5468,34.50394],[-118.54682,34.50504],[-118.54685,34.50653],[-118.54686,34.50702],[-118.54687,34.50727],[-118.54687,34.50728],[-118.54677,34.51095],[-118.54675,34.51337],[-118.54675,34.51339],[-118.5467,34.51698],[-118.54669,34.5181],[-118.54575,34.5181],[-118.54546,34.5181],[-118.54356,34.5181],[-118.54219,34.5181],[-118.53768,34.51809],[-118.53768,34.51812],[-118.53768,34.51895],[-118.53766,34.52179],[-118.53764,34.52549],[-118.53758,34.53055],[-118.53756,34.53295],[-118.5375,34.53844],[-118.53749,34.53944],[-118.53748,34.53955],[-118.5374,34.53958],[-118.53731,34.53961],[-118.53724,34.53967],[-118.53724,34.53975],[-118.53731,34.53981],[-118.53739,34.53987],[-118.53742,34.53993],[-118.53743,34.53994],[-118.53743,34.54003],[-118.53737,34.54009],[-118.53727,34.54013],[-118.53718,34.54016],[-118.53674,34.54016],[-118.52852,34.54014],[-118.52848,34.54219],[-118.52845,34.5437],[-118.52842,34.54528],[-118.52838,34.54726],[-118.52833,34.54968],[-118.52831,34.55045],[-118.52831,34.55083],[-118.52828,34.55199],[-118.52827,34.55274],[-118.52825,34.55374],[-118.52823,34.55436],[-118.52823,34.55445],[-118.52822,34.55498],[-118.52821,34.55551],[-118.52819,34.55637],[-118.52819,34.55657],[-118.52819,34.55659],[-118.52818,34.55693],[-118.52815,34.55877],[-118.52814,34.55899],[-118.52658,34.55899],[-118.52369,34.55898],[-118.51924,34.55897],[-118.51911,34.55897],[-118.51889,34.55897],[-118.51891,34.56606],[-118.51893,34.5735],[-118.51893,34.57351],[-118.51893,34.57366],[-118.51895,34.58128],[-118.51897,34.58764],[-118.51897,34.58801],[-118.51897,34.58846],[-118.51897,34.58846],[-118.5189,34.59842],[-118.51887,34.60223],[-118.51887,34.60224],[-118.51887,34.60248],[-118.50047,34.60232],[-118.49938,34.60231],[-118.48941,34.60223],[-118.489,34.60222],[-118.48835,34.60222],[-118.48342,34.60218],[-118.48326,34.60217],[-118.48182,34.60216],[-118.48143,34.60216],[-118.47969,34.60214],[-118.46522,34.60202],[-118.46522,34.60201],[-118.4479,34.60201],[-118.44793,34.60192],[-118.448,34.60174],[-118.44811,34.60138],[-118.44825,34.60079],[-118.44829,34.60063],[-118.4483,34.60058],[-118.44836,34.60029],[-118.4484,34.60006],[-118.44843,34.59987],[-118.44845,34.59972],[-118.44847,34.59951],[-118.44848,34.59932],[-118.44849,34.59911],[-118.4485,34.59891],[-118.4485,34.59866],[-118.4485,34.59851],[-118.44849,34.59833],[-118.44846,34.59784],[-118.44844,34.59766],[-118.44844,34.59759],[-118.44844,34.59753],[-118.44845,34.59747],[-118.44847,34.59734],[-118.44849,34.59725],[-118.44852,34.59715],[-118.44855,34.59706],[-118.44859,34.59697],[-118.44865,34.59684],[-118.44881,34.59656],[-118.44887,34.59643],[-118.44895,34.59626],[-118.44912,34.59586],[-118.44927,34.59555],[-118.44937,34.59533],[-118.44959,34.59488],[-118.44975,34.59457],[-118.44982,34.59446],[-118.44987,34.59437],[-118.44992,34.5943],[-118.44997,34.59423],[-118.45002,34.59416],[-118.4501,34.59408],[-118.45017,34.59401],[-118.45025,34.59395],[-118.45032,34.5939],[-118.45039,34.59386],[-118.45048,34.59382],[-118.45057,34.59379],[-118.45068,34.59376],[-118.45084,34.59372],[-118.45092,34.5937],[-118.45102,34.59368],[-118.45117,34.59366],[-118.45151,34.59362],[-118.45193,34.59358],[-118.45209,34.59356],[-118.45225,34.59354],[-118.45232,34.59352],[-118.45238,34.5935],[-118.45244,34.59348],[-118.4525,34.59346],[-118.45262,34.59341],[-118.45272,34.59336],[-118.45283,34.59329],[-118.45293,34.59322],[-118.45299,34.59319],[-118.45303,34.59317],[-118.45344,34.59296],[-118.45356,34.5929],[-118.45367,34.59285],[-118.45384,34.59278],[-118.45396,34.59274],[-118.454,34.59273],[-118.45408,34.5927],[-118.45416,34.59269],[-118.45425,34.59267],[-118.45431,34.59266],[-118.45435,34.59266],[-118.45432,34.59262],[-118.45419,34.59254],[-118.45329,34.59275],[-118.453,34.59265],[-118.45288,34.59261],[-118.45231,34.59231],[-118.45201,34.59215],[-118.4518,34.59213],[-118.45166,34.59222],[-118.45163,34.59233],[-118.45158,34.59243],[-118.45145,34.59248],[-118.45137,34.59247],[-118.45124,34.59228],[-118.45112,34.59211],[-118.45109,34.59198],[-118.45092,34.59186],[-118.45079,34.59173],[-118.45076,34.5917],[-118.4508,34.59158],[-118.45092,34.59125],[-118.45094,34.59108],[-118.45103,34.59087],[-118.45114,34.59074],[-118.45141,34.59059],[-118.45172,34.59041],[-118.452,34.59027],[-118.4521,34.59019],[-118.45215,34.59006],[-118.45209,34.58992],[-118.45193,34.58975],[-118.45175,34.5896],[-118.45161,34.58952],[-118.45144,34.5895],[-118.45123,34.58954],[-118.45108,34.58964],[-118.45102,34.5897],[-118.45083,34.58989],[-118.45058,34.5901],[-118.4505,34.59015],[-118.45044,34.59018],[-118.45035,34.5902],[-118.45015,34.59024],[-118.45012,34.59025],[-118.44978,34.59043],[-118.44976,34.59044],[-118.44966,34.59048],[-118.44938,34.59051],[-118.44915,34.59055],[-118.449,34.59063],[-118.44894,34.59071],[-118.44893,34.59075],[-118.44893,34.59078],[-118.449,34.59086],[-118.44905,34.59091],[-118.44912,34.59096],[-118.44925,34.59105],[-118.44924,34.59112],[-118.4492,34.5912],[-118.44906,34.59129],[-118.44886,34.59138],[-118.44875,34.59137],[-118.44871,34.59137],[-118.44862,34.5913],[-118.44859,34.59132],[-118.4486,34.5913],[-118.44857,34.59123],[-118.4486,34.59106],[-118.4487,34.5908],[-118.44877,34.59062],[-118.44888,34.59045],[-118.44907,34.59034],[-118.44923,34.59022],[-118.44936,34.59006],[-118.4496,34.58992],[-118.44991,34.58968],[-118.45015,34.58946],[-118.4504,34.58921],[-118.4506,34.58898],[-118.45071,34.58884],[-118.45078,34.58869],[-118.45082,34.58854],[-118.45083,34.58824],[-118.45069,34.58818],[-118.45058,34.58808],[-118.45054,34.58797],[-118.45044,34.58775],[-118.45032,34.58753],[-118.45028,34.58739],[-118.45041,34.58717],[-118.4506,34.58688],[-118.45069,34.58678],[-118.45092,34.58668],[-118.4512,34.58662],[-118.4515,34.58655],[-118.45175,34.5865],[-118.45195,34.58646],[-118.45212,34.58637],[-118.4523,34.58623],[-118.45238,34.58617],[-118.45239,34.58606],[-118.4523,34.58597],[-118.45213,34.58591],[-118.45208,34.58585],[-118.45207,34.58569],[-118.45209,34.58546],[-118.45206,34.58536],[-118.45199,34.58528],[-118.45187,34.58523],[-118.45174,34.58522],[-118.45165,34.58522],[-118.45164,34.58522],[-118.45151,34.58526],[-118.45127,34.58537],[-118.45098,34.58553],[-118.45077,34.58567],[-118.45067,34.58583],[-118.45056,34.58603],[-118.45043,34.58608],[-118.45033,34.58607],[-118.45025,34.58601],[-118.45006,34.58565],[-118.45004,34.58551],[-118.45007,34.58536],[-118.45007,34.58529],[-118.45002,34.58519],[-118.44995,34.58506],[-118.44995,34.58501],[-118.44998,34.58498],[-118.45002,34.58496],[-118.45018,34.58501],[-118.45029,34.58505],[-118.45049,34.58503],[-118.45063,34.58492],[-118.45074,34.58477],[-118.45089,34.58468],[-118.4511,34.58463],[-118.45128,34.58457],[-118.45137,34.58454],[-118.4516,34.58444],[-118.45176,34.58432],[-118.4518,34.58426],[-118.45192,34.58412],[-118.45206,34.58391],[-118.45205,34.58376],[-118.45199,34.58364],[-118.45184,34.58355],[-118.45177,34.58348],[-118.45175,34.58346],[-118.45173,34.58324],[-118.45169,34.58309],[-118.4516,34.58299],[-118.45144,34.58292],[-118.4513,34.58281],[-118.4511,34.58271],[-118.45096,34.5827],[-118.45069,34.5827],[-118.45062,34.5827],[-118.45053,34.58268],[-118.45046,34.58261],[-118.45051,34.5824],[-118.45047,34.58224],[-118.45045,34.58209],[-118.45047,34.58201],[-118.45055,34.582],[-118.45071,34.58209],[-118.45077,34.58214],[-118.45088,34.58221],[-118.45098,34.5822],[-118.45104,34.58211],[-118.45103,34.58182],[-118.45101,34.58171],[-118.45094,34.58157],[-118.45089,34.58138],[-118.45097,34.58134],[-118.4511,34.58132],[-118.45128,34.58126],[-118.45135,34.58126],[-118.4514,34.58128],[-118.4515,34.58138],[-118.45161,34.58147],[-118.45167,34.58153],[-118.45168,34.5816],[-118.45173,34.58168],[-118.45185,34.58174],[-118.45198,34.58181],[-118.45213,34.58183],[-118.45224,34.58177],[-118.45227,34.58167],[-118.45231,34.58142],[-118.45236,34.58122],[-118.45227,34.58114],[-118.45214,34.58099],[-118.45203,34.58063],[-118.4521,34.58046],[-118.45223,34.58032],[-118.45234,34.58014],[-118.4523,34.58],[-118.45234,34.5799],[-118.45241,34.57984],[-118.45257,34.57982],[-118.4527,34.57979],[-118.45279,34.57961],[-118.45284,34.57942],[-118.45289,34.57923],[-118.45302,34.57906],[-118.45328,34.57892],[-118.45345,34.57874],[-118.45344,34.5786],[-118.45333,34.57851],[-118.45312,34.57844],[-118.45288,34.57841],[-118.45268,34.57836],[-118.45246,34.57837],[-118.45237,34.57836],[-118.45229,34.57832],[-118.45227,34.57831],[-118.45194,34.57816],[-118.45183,34.57805],[-118.45171,34.57786],[-118.45171,34.57779],[-118.45183,34.5777],[-118.452,34.57757],[-118.45209,34.57747],[-118.45217,34.57728],[-118.45221,34.57714],[-118.45227,34.577],[-118.45241,34.57688],[-118.4526,34.57679],[-118.45271,34.5767],[-118.45278,34.57651],[-118.45279,34.57629],[-118.4528,34.57615],[-118.45291,34.57604],[-118.45308,34.5759],[-118.45331,34.57583],[-118.45359,34.57575],[-118.45368,34.57571],[-118.45371,34.57567],[-118.45371,34.57559],[-118.45365,34.57551],[-118.45354,34.57542],[-118.45349,34.57532],[-118.45345,34.57518],[-118.45334,34.57503],[-118.45318,34.57492],[-118.45306,34.5748],[-118.45301,34.5747],[-118.45301,34.57443],[-118.45303,34.57424],[-118.45307,34.57414],[-118.45319,34.57408],[-118.45331,34.57397],[-118.45348,34.57381],[-118.45372,34.57366],[-118.45416,34.5735],[-118.45442,34.57337],[-118.45468,34.57323],[-118.45469,34.57322],[-118.45511,34.57306],[-118.45541,34.57298],[-118.45565,34.57282],[-118.45592,34.57268],[-118.456,34.57267],[-118.45629,34.57268],[-118.45662,34.57272],[-118.45666,34.57271],[-118.45671,34.5727],[-118.4568,34.57267],[-118.45691,34.57262],[-118.45701,34.57255],[-118.45708,34.57246],[-118.45706,34.57239],[-118.45699,34.57237],[-118.45689,34.57238],[-118.45684,34.57243],[-118.45677,34.57246],[-118.45668,34.57251],[-118.45648,34.57248],[-118.45629,34.57243],[-118.45619,34.57236],[-118.45615,34.5723],[-118.45608,34.57198],[-118.456,34.57185],[-118.45596,34.57171],[-118.45592,34.57166],[-118.45589,34.57165],[-118.45583,34.57166],[-118.45579,34.5717],[-118.45574,34.57174],[-118.45568,34.57179],[-118.45564,34.5718],[-118.45554,34.57177],[-118.45544,34.57171],[-118.45537,34.57169],[-118.4553,34.57173],[-118.45523,34.57181],[-118.45508,34.57194],[-118.45499,34.57195],[-118.45488,34.57191],[-118.45472,34.57176],[-118.45451,34.57151],[-118.45435,34.57139],[-118.45422,34.5713],[-118.45409,34.57116],[-118.45395,34.57113],[-118.45384,34.57116],[-118.45354,34.57123],[-118.45334,34.57121],[-118.45307,34.57109],[-118.45276,34.57095],[-118.45257,34.57091],[-118.45247,34.57089],[-118.45246,34.57085],[-118.45248,34.5708],[-118.45251,34.5708],[-118.45261,34.5708],[-118.45276,34.57084],[-118.45291,34.57089],[-118.45304,34.5709],[-118.45322,34.57087],[-118.4534,34.57086],[-118.45357,34.57075],[-118.45379,34.57066],[-118.45395,34.57061],[-118.45413,34.57058],[-118.45423,34.57052],[-118.45431,34.57045],[-118.45436,34.57044],[-118.45446,34.57047],[-118.45453,34.57051],[-118.45469,34.57063],[-118.45479,34.57067],[-118.45484,34.57062],[-118.45483,34.57053],[-118.45458,34.57022],[-118.45442,34.57003],[-118.45424,34.56992],[-118.45422,34.56986],[-118.45422,34.5698],[-118.45425,34.56969],[-118.45433,34.56964],[-118.45435,34.56963],[-118.45452,34.56959],[-118.45494,34.56958],[-118.45535,34.56956],[-118.45535,34.5695],[-118.45538,34.56938],[-118.45552,34.56929],[-118.45564,34.56924],[-118.45605,34.56922],[-118.45629,34.56913],[-118.45652,34.56896],[-118.45674,34.56887],[-118.45695,34.56878],[-118.45702,34.56868],[-118.45722,34.56827],[-118.45735,34.56799],[-118.45744,34.56782],[-118.4575,34.56763],[-118.45745,34.56759],[-118.45736,34.56759],[-118.45727,34.5677],[-118.45719,34.56772],[-118.45708,34.56776],[-118.45706,34.56783],[-118.45697,34.56807],[-118.45685,34.56818],[-118.45658,34.56828],[-118.45607,34.56831],[-118.45583,34.56838],[-118.45565,34.56845],[-118.4555,34.5684],[-118.45512,34.56827],[-118.45498,34.56818],[-118.45481,34.56813],[-118.45458,34.56809],[-118.45432,34.56811],[-118.45426,34.5681],[-118.45418,34.56805],[-118.4543,34.56801],[-118.45451,34.56795],[-118.45478,34.56792],[-118.45498,34.56793],[-118.45518,34.56799],[-118.45535,34.56799],[-118.45546,34.56794],[-118.45564,34.5678],[-118.45591,34.56768],[-118.45607,34.56762],[-118.45612,34.56755],[-118.45617,34.56729],[-118.45616,34.56708],[-118.45611,34.56694],[-118.45618,34.56681],[-118.45631,34.56678],[-118.45659,34.56675],[-118.45671,34.56672],[-118.45693,34.56651],[-118.45698,34.56631],[-118.45711,34.56604],[-118.45715,34.56591],[-118.45712,34.56586],[-118.45706,34.56576],[-118.45707,34.56564],[-118.45715,34.56544],[-118.45724,34.56525],[-118.45732,34.56521],[-118.45739,34.56517],[-118.45751,34.56526],[-118.45774,34.56539],[-118.45799,34.56548],[-118.45811,34.56553],[-118.45819,34.56564],[-118.45834,34.56583],[-118.45847,34.5659],[-118.45864,34.5659],[-118.45892,34.56583],[-118.45917,34.5658],[-118.45931,34.56575],[-118.45942,34.56558],[-118.4595,34.56547],[-118.45972,34.56535],[-118.45995,34.56525],[-118.46004,34.56514],[-118.46003,34.56502],[-118.45997,34.56497],[-118.45987,34.56494],[-118.45977,34.56499],[-118.45967,34.565],[-118.45961,34.56499],[-118.45958,34.56492],[-118.45971,34.56474],[-118.45997,34.56452],[-118.46015,34.56431],[-118.46025,34.56419],[-118.4604,34.56413],[-118.46056,34.56408],[-118.46089,34.56385],[-118.46097,34.56371],[-118.46101,34.56354],[-118.46097,34.56345],[-118.46081,34.56326],[-118.46065,34.56317],[-118.46056,34.56318],[-118.4604,34.56322],[-118.46024,34.56323],[-118.46013,34.56317],[-118.46004,34.56308],[-118.46009,34.56299],[-118.46015,34.56289],[-118.46015,34.56283],[-118.46013,34.56278],[-118.46009,34.56274],[-118.46001,34.56274],[-118.45987,34.56281],[-118.45975,34.56282],[-118.45967,34.56279],[-118.45969,34.56267],[-118.45971,34.56253],[-118.45969,34.56241],[-118.4596,34.56226],[-118.45945,34.56193],[-118.45939,34.56181],[-118.45925,34.56167],[-118.45914,34.56158],[-118.45907,34.56137],[-118.45908,34.56126],[-118.4591,34.56116],[-118.45907,34.56106],[-118.45898,34.56097],[-118.45892,34.56087],[-118.45891,34.56061],[-118.45887,34.56047],[-118.45879,34.56026],[-118.45865,34.56004],[-118.45853,34.55996],[-118.45834,34.55989],[-118.45817,34.55965],[-118.45802,34.55947],[-118.45804,34.55937],[-118.45818,34.55932],[-118.4584,34.55929],[-118.45855,34.55922],[-118.45864,34.55908],[-118.45872,34.55896],[-118.45887,34.55886],[-118.45889,34.55884],[-118.45894,34.55881],[-118.45908,34.5587],[-118.45921,34.55853],[-118.45925,34.55832],[-118.45932,34.55826],[-118.4595,34.5582],[-118.45959,34.55814],[-118.45962,34.55804],[-118.45955,34.55786],[-118.45944,34.55759],[-118.45931,34.55747],[-118.45905,34.5573],[-118.45891,34.55717],[-118.45893,34.55708],[-118.45898,34.55703],[-118.45909,34.55699],[-118.45929,34.55699],[-118.4596,34.55697],[-118.45995,34.55693],[-118.46028,34.55691],[-118.46041,34.5569],[-118.46057,34.55688],[-118.46073,34.55684],[-118.46091,34.55682],[-118.46111,34.5568],[-118.46132,34.5568],[-118.46145,34.5568],[-118.4616,34.55683],[-118.46175,34.55686],[-118.46196,34.55686],[-118.46215,34.55688],[-118.46238,34.55688],[-118.46254,34.55694],[-118.46275,34.55702],[-118.4628,34.55708],[-118.46283,34.5572],[-118.46295,34.55738],[-118.46309,34.5575],[-118.46336,34.55769],[-118.46352,34.55772],[-118.46362,34.55771],[-118.4638,34.55766],[-118.4639,34.55765],[-118.464,34.5577],[-118.46404,34.55781],[-118.46413,34.55816],[-118.46425,34.55833],[-118.46455,34.55843],[-118.4649,34.55862],[-118.46511,34.55872],[-118.4652,34.55873],[-118.46537,34.55874],[-118.46564,34.55869],[-118.46582,34.55857],[-118.46587,34.55838],[-118.46584,34.55826],[-118.46577,34.55816],[-118.46568,34.55808],[-118.46571,34.55797],[-118.46576,34.55768],[-118.46581,34.55752],[-118.46596,34.5573],[-118.46603,34.55723],[-118.46613,34.55715],[-118.46625,34.55702],[-118.46628,34.55682],[-118.4664,34.55679],[-118.46649,34.55681],[-118.46656,34.55689],[-118.46664,34.55701],[-118.46679,34.55712],[-118.46697,34.55721],[-118.46719,34.55746],[-118.46738,34.55766],[-118.46752,34.55772],[-118.46765,34.55767],[-118.46783,34.55752],[-118.46804,34.55742],[-118.46819,34.55739],[-118.4683,34.55742],[-118.4684,34.5575],[-118.46851,34.55749],[-118.46862,34.55736],[-118.46867,34.55708],[-118.46873,34.55687],[-118.46886,34.55675],[-118.46897,34.55679],[-118.4691,34.55682],[-118.46918,34.55681],[-118.4693,34.55673],[-118.46944,34.55669],[-118.4696,34.5567],[-118.46986,34.55677],[-118.47003,34.55674],[-118.47039,34.55667],[-118.47068,34.55658],[-118.47069,34.55649],[-118.47074,34.55642],[-118.47079,34.55637],[-118.47087,34.55633],[-118.47094,34.55632],[-118.47099,34.55634],[-118.47104,34.55637],[-118.47108,34.55639],[-118.47191,34.55596],[-118.47232,34.55577],[-118.47268,34.55565],[-118.47288,34.55565],[-118.47296,34.55565],[-118.47307,34.55562],[-118.47342,34.55541],[-118.47368,34.55529],[-118.47391,34.55524],[-118.47424,34.55528],[-118.47443,34.55527],[-118.47478,34.55508],[-118.47551,34.55467],[-118.4757,34.55454],[-118.4758,34.5545],[-118.47591,34.55438],[-118.47591,34.55431],[-118.47585,34.55418],[-118.47586,34.55398],[-118.47582,34.55389],[-118.47561,34.55378],[-118.47532,34.55364],[-118.47522,34.55371],[-118.47512,34.55388],[-118.47498,34.55394],[-118.47485,34.55393],[-118.47445,34.55376],[-118.47428,34.55372],[-118.47414,34.55377],[-118.47394,34.55385],[-118.47385,34.55386],[-118.47381,34.55382],[-118.47381,34.55373],[-118.47382,34.55362],[-118.47379,34.55357],[-118.47373,34.55353],[-118.47364,34.55354],[-118.47357,34.5536],[-118.47344,34.55368],[-118.47336,34.55366],[-118.47332,34.55358],[-118.47324,34.55333],[-118.47328,34.5532],[-118.47332,34.5531],[-118.47353,34.55304],[-118.47391,34.55297],[-118.47402,34.55288],[-118.47401,34.55277],[-118.474,34.5526],[-118.47406,34.55255],[-118.4742,34.55257],[-118.47432,34.55264],[-118.47442,34.55256],[-118.47448,34.55242],[-118.47457,34.55228],[-118.47467,34.55218],[-118.47481,34.55215],[-118.47515,34.55213],[-118.47529,34.5521],[-118.47537,34.55203],[-118.47537,34.55197],[-118.47533,34.55185],[-118.4753,34.5517],[-118.47533,34.55166],[-118.4754,34.55165],[-118.47549,34.55167],[-118.4756,34.55175],[-118.47571,34.55181],[-118.47585,34.55177],[-118.47593,34.55167],[-118.47597,34.55159],[-118.47602,34.55158],[-118.47609,34.55162],[-118.47628,34.55176],[-118.4764,34.55177],[-118.47655,34.55169],[-118.47676,34.55166],[-118.4769,34.55162],[-118.47696,34.55153],[-118.47697,34.55119],[-118.477,34.55093],[-118.47706,34.55086],[-118.47714,34.55084],[-118.47725,34.55091],[-118.47744,34.55105],[-118.47764,34.55115],[-118.47784,34.5512],[-118.47802,34.5512],[-118.47821,34.55116],[-118.47844,34.55113],[-118.47863,34.55116],[-118.47883,34.55119],[-118.47896,34.55121],[-118.47908,34.55114],[-118.4791,34.55105],[-118.47907,34.55086],[-118.47907,34.55077],[-118.47909,34.55074],[-118.4792,34.55075],[-118.47944,34.55074],[-118.47961,34.55072],[-118.47971,34.55072],[-118.4799,34.55075],[-118.48014,34.55083],[-118.48021,34.55082],[-118.48026,34.55066],[-118.48029,34.55055],[-118.48035,34.55037],[-118.48029,34.55019],[-118.48028,34.55007],[-118.48028,34.54978],[-118.48016,34.54964],[-118.48002,34.5495],[-118.47993,34.54938],[-118.47998,34.54932],[-118.48006,34.54931],[-118.48009,34.54931],[-118.48024,34.54934],[-118.48041,34.54943],[-118.48059,34.54954],[-118.48074,34.54969],[-118.48082,34.54981],[-118.48096,34.54986],[-118.48108,34.54985],[-118.48121,34.54986],[-118.4815,34.55],[-118.48188,34.5502],[-118.48207,34.5503],[-118.48218,34.55029],[-118.48223,34.5502],[-118.48222,34.55005],[-118.48228,34.54959],[-118.48236,34.54929],[-118.48239,34.54901],[-118.48248,34.54889],[-118.4825,34.54889],[-118.48261,34.54888],[-118.48268,34.54891],[-118.48285,34.54907],[-118.48288,34.5493],[-118.48294,34.54962],[-118.48298,34.54986],[-118.48294,34.55005],[-118.48299,34.55017],[-118.48313,34.55027],[-118.48324,34.55028],[-118.4833,34.55017],[-118.48332,34.55005],[-118.48336,34.54996],[-118.48343,34.54995],[-118.48357,34.54999],[-118.48377,34.55016],[-118.48388,34.55019],[-118.48407,34.55025],[-118.48408,34.55026],[-118.48422,34.55047],[-118.48436,34.5506],[-118.48446,34.55068],[-118.48459,34.55068],[-118.48466,34.55066],[-118.48481,34.5505],[-118.48492,34.55047],[-118.48512,34.55052],[-118.48519,34.55052],[-118.48526,34.55047],[-118.48534,34.55031],[-118.48546,34.55025],[-118.48554,34.55023],[-118.48565,34.55025],[-118.48594,34.55036],[-118.48606,34.55039],[-118.48613,34.55038],[-118.48618,34.55032],[-118.48618,34.55025],[-118.48612,34.55021],[-118.48602,34.55017],[-118.48578,34.55005],[-118.48556,34.54992],[-118.48538,34.54985],[-118.4852,34.54976],[-118.48517,34.54966],[-118.48522,34.5496],[-118.48525,34.54959],[-118.48538,34.5496],[-118.48558,34.5496],[-118.48573,34.54959],[-118.48584,34.54957],[-118.48589,34.54947],[-118.4859,34.5493],[-118.48591,34.54923],[-118.48592,34.54919],[-118.48598,34.54918],[-118.48609,34.54918],[-118.48616,34.54919],[-118.48633,34.54919],[-118.48648,34.54911],[-118.4867,34.54894],[-118.4869,34.54879],[-118.48719,34.5486],[-118.48777,34.54829],[-118.48832,34.54802],[-118.48874,34.54784],[-118.48917,34.54762],[-118.48945,34.54752],[-118.48957,34.54742],[-118.48971,34.54726],[-118.48978,34.54706],[-118.48988,34.54682],[-118.48995,34.54668],[-118.4901,34.54652],[-118.49049,34.54632],[-118.49063,34.54622],[-118.49092,34.54599],[-118.49128,34.54584],[-118.49157,34.54574],[-118.49178,34.54566],[-118.49211,34.54549],[-118.493,34.54511],[-118.49314,34.54504],[-118.49343,34.54494],[-118.49377,34.54487],[-118.49401,34.54478],[-118.49426,34.54472],[-118.49427,34.54472],[-118.49436,34.54468],[-118.49446,34.54459],[-118.49456,34.5444],[-118.49471,34.54392],[-118.49483,34.54376],[-118.49485,34.54373],[-118.49498,34.54361],[-118.49521,34.54347],[-118.49523,34.54335],[-118.49513,34.54327],[-118.49492,34.54324],[-118.49475,34.54318],[-118.49472,34.54306],[-118.49471,34.54288],[-118.49466,34.54272],[-118.49464,34.54262],[-118.4947,34.54251],[-118.49482,34.54247],[-118.49498,34.54243],[-118.49519,34.54231],[-118.49549,34.54207],[-118.49581,34.54182],[-118.49608,34.54163],[-118.49632,34.54146],[-118.49663,34.54125],[-118.49691,34.5411],[-118.4971,34.54098],[-118.49724,34.54083],[-118.49783,34.54039],[-118.49835,34.54],[-118.49842,34.53995],[-118.49896,34.53949],[-118.49933,34.53926],[-118.50037,34.53844],[-118.50084,34.53811],[-118.50127,34.53786],[-118.50146,34.5377],[-118.50179,34.53764],[-118.50187,34.53762],[-118.50196,34.5373],[-118.50201,34.53715],[-118.50217,34.5369],[-118.50232,34.53675],[-118.50242,34.5366],[-118.50249,34.53604],[-118.50242,34.53577],[-118.50236,34.53566],[-118.50223,34.53549],[-118.50212,34.53533],[-118.50209,34.53517],[-118.50212,34.53503],[-118.5022,34.53492],[-118.50243,34.53476],[-118.50256,34.53466],[-118.5027,34.53449],[-118.50297,34.5341],[-118.50303,34.53402],[-118.50313,34.53389],[-118.50329,34.53377],[-118.50394,34.53341],[-118.50417,34.53328],[-118.50436,34.53305],[-118.50443,34.53298],[-118.50499,34.5325],[-118.50549,34.53214],[-118.50579,34.53194],[-118.50601,34.53171],[-118.50626,34.53146],[-118.50672,34.53104],[-118.50689,34.53085],[-118.50721,34.53056],[-118.5074,34.53024],[-118.50759,34.53001],[-118.50773,34.52985],[-118.50779,34.52971],[-118.50798,34.52947],[-118.50816,34.52932],[-118.5085,34.52906],[-118.5089,34.5287],[-118.50987,34.52797],[-118.51002,34.52778],[-118.51011,34.52765],[-118.51055,34.52728],[-118.51095,34.52712],[-118.511,34.52713],[-118.51123,34.52703],[-118.5115,34.52667],[-118.51162,34.5263],[-118.51163,34.52621],[-118.5117,34.52615],[-118.51169,34.52614],[-118.51168,34.5261],[-118.51167,34.52606],[-118.5117,34.52597],[-118.51182,34.5258],[-118.51187,34.52569],[-118.51186,34.52552],[-118.51186,34.52551],[-118.51186,34.52545],[-118.5119,34.5254],[-118.512,34.52532],[-118.51246,34.52517],[-118.51257,34.52511],[-118.51266,34.52501],[-118.51271,34.5249],[-118.5127,34.52478],[-118.51269,34.5247],[-118.51265,34.52457],[-118.51252,34.52439],[-118.51249,34.52434],[-118.51249,34.52417],[-118.51249,34.52411],[-118.51244,34.52399],[-118.51216,34.52361],[-118.51209,34.52348],[-118.51208,34.52341],[-118.51209,34.52337],[-118.51211,34.52335],[-118.51212,34.52334],[-118.51222,34.52334],[-118.51243,34.52336],[-118.51268,34.52342],[-118.51282,34.52341],[-118.51295,34.52335],[-118.51332,34.52315],[-118.51352,34.52303],[-118.5136,34.52298],[-118.51374,34.5228],[-118.51389,34.52263],[-118.5141,34.52251],[-118.51441,34.5224],[-118.51467,34.5223],[-118.51487,34.52217],[-118.51606,34.52129],[-118.51665,34.52085],[-118.51694,34.52065],[-118.51699,34.52057],[-118.51702,34.52042],[-118.51701,34.52027],[-118.51699,34.52024],[-118.51686,34.52014],[-118.51673,34.52008],[-118.51661,34.52004],[-118.51619,34.51996],[-118.51607,34.51994],[-118.51598,34.51991],[-118.51594,34.51987],[-118.51596,34.5198],[-118.51599,34.51975],[-118.51612,34.51971],[-118.51634,34.5197],[-118.51648,34.51971],[-118.51661,34.51968],[-118.51669,34.51964],[-118.51684,34.51951],[-118.51711,34.51926],[-118.51726,34.51911],[-118.51734,34.51891],[-118.51736,34.51883],[-118.51727,34.51867],[-118.51719,34.5186],[-118.51709,34.51848],[-118.51707,34.51841],[-118.51706,34.5183],[-118.51709,34.51817],[-118.5173,34.51797],[-118.51763,34.51776],[-118.51783,34.5176],[-118.51788,34.51754],[-118.51789,34.51741],[-118.51783,34.51729],[-118.51769,34.51715],[-118.51764,34.51708],[-118.51763,34.51689],[-118.51766,34.51677],[-118.51772,34.51666],[-118.51784,34.51654],[-118.51797,34.51632],[-118.51817,34.51596],[-118.51821,34.5158],[-118.51822,34.51566],[-118.51824,34.51557],[-118.51833,34.51543],[-118.51845,34.51532],[-118.51862,34.51521],[-118.51883,34.5151],[-118.5189,34.51502],[-118.51891,34.5149],[-118.51906,34.51441],[-118.51919,34.51396],[-118.51926,34.51366],[-118.51877,34.5136],[-118.51864,34.51356],[-118.51858,34.51347],[-118.5184,34.51326],[-118.51798,34.51308],[-118.51784,34.51297],[-118.51775,34.51291],[-118.51765,34.51289],[-118.51749,34.51282],[-118.51738,34.51277],[-118.51728,34.51266],[-118.51723,34.51245],[-118.51723,34.51235],[-118.5173,34.51227],[-118.51746,34.51224],[-118.5178,34.51226],[-118.51787,34.51222],[-118.51785,34.51216],[-118.51775,34.51208],[-118.51741,34.512],[-118.51712,34.51194],[-118.51703,34.51191],[-118.51694,34.51181],[-118.51684,34.5115],[-118.51676,34.51119],[-118.51673,34.51101],[-118.51652,34.51073],[-118.5165,34.51069],[-118.51646,34.51061],[-118.51641,34.51039],[-118.51635,34.5102],[-118.51618,34.5101],[-118.51591,34.50997],[-118.51574,34.50976],[-118.51562,34.50957],[-118.51553,34.50921],[-118.5153,34.50894],[-118.51478,34.50825],[-118.51451,34.50793],[-118.5144,34.5078],[-118.51394,34.50723],[-118.51359,34.50672],[-118.51346,34.50648],[-118.51328,34.50604],[-118.5132,34.50579],[-118.5132,34.50528],[-118.51317,34.50514],[-118.51305,34.50501],[-118.51301,34.50494],[-118.51298,34.50483],[-118.51303,34.50466],[-118.51304,34.50464],[-118.5131,34.5045],[-118.51321,34.50429],[-118.5132,34.50416],[-118.5132,34.50407],[-118.51308,34.50359],[-118.51285,34.50301],[-118.51236,34.50232],[-118.51215,34.50202],[-118.51194,34.50172],[-118.51149,34.50107],[-118.51117,34.5007],[-118.51075,34.50032],[-118.51062,34.5002],[-118.51046,34.50001],[-118.51016,34.49964],[-118.51002,34.49938],[-118.50977,34.499],[-118.50947,34.49864],[-118.50945,34.49859],[-118.50932,34.49835],[-118.50927,34.49813],[-118.50925,34.49797],[-118.50922,34.49764],[-118.50924,34.49632],[-118.50924,34.49629],[-118.50929,34.49629],[-118.50929,34.49571],[-118.50929,34.49564],[-118.50929,34.49562],[-118.5093,34.49327],[-118.5093,34.49262],[-118.5093,34.49262],[-118.50931,34.49201],[-118.50931,34.49165],[-118.50931,34.49131],[-118.50931,34.49063],[-118.50932,34.49021],[-118.50932,34.49011],[-118.50936,34.48972],[-118.50944,34.48933],[-118.50951,34.48896],[-118.50964,34.48829],[-118.5098,34.48744],[-118.50986,34.48712],[-118.50991,34.48679],[-118.50993,34.48659],[-118.50994,34.48635],[-118.50994,34.48606],[-118.50993,34.48589],[-118.50991,34.48569],[-118.50988,34.4853],[-118.50986,34.48496],[-118.50985,34.48494],[-118.50985,34.48488],[-118.50982,34.48456],[-118.50981,34.48441],[-118.5098,34.48397],[-118.50982,34.48364],[-118.50987,34.48323],[-118.50994,34.4829],[-118.50998,34.48268],[-118.51002,34.48238],[-118.51002,34.48236],[-118.50989,34.4822],[-118.50942,34.48164],[-118.50943,34.48164],[-118.5099,34.48164],[-118.50992,34.48164],[-118.50993,34.48164],[-118.51011,34.48164],[-118.51139,34.48164],[-118.51139,34.48123],[-118.51139,34.48123],[-118.51139,34.48123],[-118.51134,34.48117],[-118.51027,34.47787],[-118.50927,34.47475],[-118.50909,34.47421],[-118.50908,34.47419],[-118.50907,34.47414],[-118.50902,34.474],[-118.50893,34.47372],[-118.50877,34.47249],[-118.50862,34.47138],[-118.50792,34.4692],[-118.50766,34.46843],[-118.50762,34.46828],[-118.50762,34.46826],[-118.50772,34.46778],[-118.50787,34.4671],[-118.50787,34.46707],[-118.5079,34.46695],[-118.50792,34.46685],[-118.50853,34.464],[-118.50861,34.46361],[-118.50939,34.45998],[-118.50941,34.45986],[-118.50944,34.45974],[-118.51139,34.45977],[-118.51172,34.45978],[-118.51175,34.45978],[-118.51293,34.45975],[-118.51319,34.45974],[-118.51351,34.45974],[-118.51384,34.45975],[-118.51407,34.45976],[-118.51477,34.45979],[-118.51498,34.4598],[-118.51536,34.45981],[-118.51543,34.45981],[-118.51589,34.45982],[-118.51631,34.45982],[-118.51659,34.45983],[-118.51678,34.45983],[-118.51691,34.45983],[-118.51727,34.45983],[-118.51737,34.45983],[-118.51752,34.45983],[-118.5177,34.45981],[-118.5179,34.45978],[-118.5181,34.45975],[-118.51821,34.45972],[-118.51832,34.45969],[-118.5185,34.45964],[-118.51864,34.45959],[-118.51875,34.45955],[-118.5189,34.45948],[-118.51908,34.45941],[-118.51938,34.45933],[-118.51968,34.45925],[-118.51989,34.4592],[-118.52015,34.45916],[-118.52021,34.45915],[-118.52023,34.45914],[-118.52028,34.45913],[-118.52038,34.45911],[-118.52051,34.45909],[-118.52066,34.45907],[-118.52093,34.45905],[-118.52122,34.45904],[-118.52143,34.45903],[-118.52154,34.45903],[-118.52165,34.45903],[-118.52187,34.45904],[-118.52198,34.45905],[-118.5222,34.45907],[-118.52232,34.45908],[-118.52243,34.4591],[-118.52256,34.45912],[-118.52267,34.45914],[-118.5228,34.45917],[-118.52292,34.4592],[-118.52316,34.45927],[-118.52328,34.45932],[-118.5234,34.45936],[-118.52351,34.45941],[-118.52362,34.45946],[-118.52364,34.45947],[-118.52365,34.45947],[-118.52373,34.45951],[-118.52384,34.45957],[-118.52395,34.45962],[-118.52405,34.45968],[-118.52412,34.45972],[-118.52424,34.45978],[-118.52438,34.45985],[-118.52439,34.45986],[-118.52438,34.45974],[-118.52439,34.45966],[-118.52438,34.45965],[-118.52438,34.45957],[-118.52433,34.45803],[-118.52432,34.45763],[-118.52427,34.45606],[-118.52427,34.45606],[-118.52424,34.45522],[-118.52415,34.45246],[-118.52415,34.45242],[-118.52415,34.45234],[-118.52414,34.45219],[-118.52414,34.4521],[-118.52414,34.45207],[-118.52415,34.45203],[-118.52418,34.45184],[-118.5242,34.45176],[-118.52421,34.4517],[-118.52429,34.45132],[-118.52431,34.45123],[-118.52417,34.45122],[-118.52409,34.45123],[-118.52399,34.45124],[-118.52388,34.45126],[-118.52364,34.45129],[-118.52348,34.45135],[-118.52323,34.45149],[-118.52299,34.45165],[-118.52275,34.45179],[-118.52257,34.45186],[-118.52225,34.45191],[-118.52202,34.45189],[-118.52187,34.45188],[-118.52176,34.45185],[-118.52185,34.45177],[-118.52195,34.45167],[-118.52206,34.45157],[-118.52217,34.45146],[-118.52228,34.45136],[-118.52238,34.45125],[-118.52249,34.45115],[-118.5226,34.45104],[-118.52271,34.45094],[-118.52281,34.45083],[-118.52313,34.45106],[-118.52339,34.45075],[-118.5235,34.45061],[-118.52308,34.45037],[-118.52317,34.45026],[-118.52327,34.45015],[-118.52336,34.45003],[-118.52345,34.44992],[-118.52375,34.45024],[-118.52409,34.44984],[-118.52424,34.44991],[-118.52425,34.44985],[-118.52429,34.44964],[-118.52433,34.44944],[-118.52434,34.44939],[-118.52444,34.44891],[-118.52476,34.44901],[-118.52478,34.4489],[-118.52488,34.44843],[-118.52491,34.44824],[-118.52495,34.44807],[-118.52497,34.44795],[-118.52498,34.44793],[-118.525,34.44782],[-118.52503,34.44768],[-118.52506,34.44753],[-118.52507,34.44749],[-118.52507,34.44744],[-118.52508,34.44739],[-118.52507,34.44734],[-118.52507,34.44733],[-118.52507,34.44733],[-118.52507,34.44733],[-118.52505,34.44713],[-118.52504,34.44699],[-118.52503,34.44692],[-118.52501,34.44672],[-118.52498,34.44647],[-118.52497,34.44639],[-118.52503,34.44638],[-118.52526,34.44634],[-118.52547,34.44631],[-118.52548,34.44631],[-118.52549,34.44631],[-118.5255,34.44638],[-118.52555,34.44651],[-118.52558,34.4466],[-118.52568,34.44684],[-118.5257,34.44689],[-118.52571,34.4469],[-118.52587,34.44687],[-118.52597,34.44683],[-118.5261,34.44678],[-118.52619,34.44671],[-118.5263,34.44663],[-118.52632,34.44661],[-118.52637,34.44655],[-118.52647,34.44638],[-118.52652,34.4462],[-118.52651,34.44596],[-118.52659,34.44571],[-118.52671,34.44553],[-118.52688,34.44536],[-118.52739,34.44504],[-118.52772,34.44481],[-118.52795,34.44461],[-118.52812,34.44438],[-118.5283,34.44407],[-118.52831,34.44403],[-118.52831,34.444],[-118.52833,34.44401],[-118.52836,34.44394],[-118.52838,34.44388],[-118.52838,34.44387],[-118.52838,34.44382],[-118.52839,34.44377],[-118.5284,34.44368],[-118.5284,34.44365],[-118.52839,34.44359],[-118.52839,34.44349],[-118.52837,34.44337],[-118.52835,34.44329],[-118.52834,34.44325],[-118.52831,34.44316],[-118.52828,34.4431],[-118.52823,34.44302],[-118.52817,34.44292],[-118.52812,34.44286],[-118.52804,34.44278],[-118.52791,34.44266],[-118.52789,34.44263],[-118.52779,34.44253],[-118.52771,34.44243],[-118.52767,34.44239],[-118.52762,34.44232],[-118.52758,34.44224],[-118.52749,34.44208],[-118.52747,34.44203],[-118.52744,34.44197],[-118.52744,34.44196]]]}},{"type":"Feature","properties":{"seat":"saugus-union-school-district-trustee-area-3","label":"Trustee Area 3","county":"TA3","role":"seat"},"geometry":{"type":"Polygon","coordinates":[[[-118.53351,34.43187],[-118.53355,34.43183],[-118.53362,34.43177],[-118.53368,34.43171],[-118.5337,34.43169],[-118.53372,34.43166],[-118.53382,34.43155],[-118.534,34.43132],[-118.53412,34.43117],[-118.53434,34.43087],[-118.5345,34.43065],[-118.53452,34.43063],[-118.53469,34.43044],[-118.53496,34.43013],[-118.53504,34.43001],[-118.53515,34.42986],[-118.5352,34.4298],[-118.53522,34.42977],[-118.53529,34.42966],[-118.53542,34.42947],[-118.53577,34.42899],[-118.53602,34.42866],[-118.53606,34.42861],[-118.53616,34.42849],[-118.53618,34.42846],[-118.53652,34.42803],[-118.53683,34.42762],[-118.53697,34.42744],[-118.53713,34.42723],[-118.53714,34.42722],[-118.53721,34.42726],[-118.53732,34.42734],[-118.53739,34.42738],[-118.53759,34.42749],[-118.53771,34.42754],[-118.53782,34.42759],[-118.53818,34.4277],[-118.53853,34.42783],[-118.53891,34.42798],[-118.53918,34.42807],[-118.5394,34.42815],[-118.53949,34.42817],[-118.53965,34.42821],[-118.53989,34.42826],[-118.54028,34.42834],[-118.54035,34.42835],[-118.54048,34.42836],[-118.54059,34.42838],[-118.541,34.42847],[-118.54111,34.42849],[-118.54122,34.42851],[-118.54134,34.42852],[-118.54135,34.42852],[-118.54141,34.42853],[-118.54148,34.42853],[-118.54169,34.42855],[-118.54178,34.42856],[-118.5419,34.42857],[-118.54212,34.42857],[-118.54218,34.42857],[-118.54271,34.42855],[-118.54289,34.42854],[-118.54306,34.42853],[-118.54368,34.42847],[-118.5444,34.4284],[-118.54502,34.42835],[-118.54527,34.42833],[-118.5454,34.42832],[-118.54553,34.4283],[-118.54582,34.42828],[-118.54586,34.42828],[-118.54596,34.42828],[-118.54602,34.42828],[-118.54627,34.42828],[-118.54645,34.42828],[-118.5465,34.42828],[-118.54665,34.42829],[-118.5467,34.42829],[-118.54683,34.42829],[-118.54714,34.42831],[-118.54713,34.42829],[-118.54718,34.42829],[-118.54748,34.42828],[-118.54791,34.42828],[-118.54834,34.42828],[-118.54849,34.42828],[-118.54888,34.42829],[-118.54919,34.42831],[-118.5495,34.42833],[-118.54964,34.42835],[-118.55003,34.4284],[-118.55036,34.42844],[-118.55053,34.42846],[-118.55087,34.42849],[-118.55101,34.42851],[-118.55116,34.42854],[-118.55143,34.42859],[-118.55169,34.42865],[-118.55265,34.42892],[-118.553,34.42902],[-118.55352,34.4292],[-118.55381,34.42931],[-118.55407,34.42941],[-118.55415,34.42944],[-118.55452,34.4296],[-118.55475,34.42971],[-118.55489,34.42978],[-118.55525,34.42996],[-118.55567,34.43018],[-118.55586,34.43029],[-118.55603,34.43039],[-118.55631,34.43059],[-118.5565,34.43072],[-118.55676,34.43089],[-118.55681,34.43092],[-118.55692,34.431],[-118.55717,34.43119],[-118.55737,34.43134],[-118.55756,34.43149],[-118.55749,34.43156],[-118.55743,34.43163],[-118.55703,34.43205],[-118.55694,34.43215],[-118.55686,34.43227],[-118.55675,34.43246],[-118.55667,34.43258],[-118.5566,34.43272],[-118.55652,34.43286],[-118.55645,34.43301],[-118.55635,34.43324],[-118.55625,34.43344],[-118.55616,34.43362],[-118.55613,34.43374],[-118.55608,34.4339],[-118.55603,34.43407],[-118.55601,34.43417],[-118.556,34.43423],[-118.55598,34.43431],[-118.55596,34.43442],[-118.55595,34.43457],[-118.55594,34.43479],[-118.55592,34.43506],[-118.55587,34.4362],[-118.55582,34.43715],[-118.55581,34.43739],[-118.55579,34.43776],[-118.55579,34.43778],[-118.55577,34.43794],[-118.55576,34.4381],[-118.55573,34.43826],[-118.5557,34.43841],[-118.55567,34.43857],[-118.55562,34.43873],[-118.55557,34.43889],[-118.55551,34.43904],[-118.55545,34.4392],[-118.55538,34.43936],[-118.55514,34.43988],[-118.55509,34.43999],[-118.55462,34.44097],[-118.55423,34.44182],[-118.55384,34.44267],[-118.55376,34.44284],[-118.55371,34.44297],[-118.55366,34.44287],[-118.55363,34.44294],[-118.55351,34.44331],[-118.55349,34.44338],[-118.55348,34.44342],[-118.55339,34.44389],[-118.55339,34.44392],[-118.55335,34.44417],[-118.55338,34.44425],[-118.55342,34.44425],[-118.55342,34.44434],[-118.5534,34.44469],[-118.55338,34.44564],[-118.55337,34.44591],[-118.55336,34.44605],[-118.55334,34.44619],[-118.55332,34.44634],[-118.55329,34.44646],[-118.55325,34.44663],[-118.55321,34.44677],[-118.55317,34.44691],[-118.55307,34.44717],[-118.55301,34.44731],[-118.55289,34.44757],[-118.55282,34.4477],[-118.55275,34.44782],[-118.55264,34.44799],[-118.55259,34.44806],[-118.5525,34.44818],[-118.55241,34.44831],[-118.55197,34.4488],[-118.55132,34.4495],[-118.55119,34.44964],[-118.55111,34.44973],[-118.55073,34.45014],[-118.54989,34.45105],[-118.54966,34.45131],[-118.54955,34.45143],[-118.54945,34.45156],[-118.54937,34.45168],[-118.54935,34.4517],[-118.54885,34.45143],[-118.54883,34.45142],[-118.54881,34.45141],[-118.54879,34.4514],[-118.54877,34.45139],[-118.54876,34.45139],[-118.54874,34.45138],[-118.54872,34.45137],[-118.5487,34.45136],[-118.54868,34.45136],[-118.54865,34.45135],[-118.54863,34.45134],[-118.54861,34.45133],[-118.54859,34.45133],[-118.54857,34.45132],[-118.54855,34.45131],[-118.54853,34.45131],[-118.54851,34.4513],[-118.54849,34.45129],[-118.54847,34.45129],[-118.54845,34.45128],[-118.54843,34.45128],[-118.54841,34.45127],[-118.54839,34.45127],[-118.54836,34.45126],[-118.54834,34.45126],[-118.54832,34.45125],[-118.5483,34.45125],[-118.54828,34.45125],[-118.54826,34.45124],[-118.54824,34.45124],[-118.54821,34.45124],[-118.54819,34.45123],[-118.54817,34.45123],[-118.54815,34.45123],[-118.54813,34.45122],[-118.54811,34.45122],[-118.54808,34.45122],[-118.54806,34.45122],[-118.54804,34.45122],[-118.54802,34.45121],[-118.548,34.45121],[-118.54797,34.45121],[-118.54795,34.45121],[-118.54793,34.45121],[-118.54791,34.45121],[-118.54789,34.45121],[-118.54786,34.45121],[-118.54783,34.45121],[-118.5478,34.45121],[-118.54778,34.45121],[-118.54776,34.45121],[-118.54774,34.45121],[-118.54772,34.45121],[-118.54769,34.45121],[-118.54767,34.45122],[-118.54765,34.45122],[-118.54763,34.45122],[-118.54761,34.45122],[-118.54758,34.45122],[-118.54756,34.45123],[-118.54754,34.45123],[-118.54752,34.45123],[-118.5475,34.45124],[-118.54748,34.45124],[-118.54745,34.45124],[-118.54743,34.45125],[-118.54741,34.45125],[-118.54739,34.45125],[-118.54737,34.45126],[-118.54735,34.45126],[-118.54733,34.45127],[-118.5473,34.45127],[-118.54728,34.45128],[-118.54726,34.45128],[-118.54724,34.45129],[-118.54722,34.45129],[-118.5472,34.4513],[-118.54718,34.45131],[-118.54716,34.45131],[-118.54714,34.45132],[-118.54712,34.45133],[-118.5471,34.45133],[-118.54708,34.45134],[-118.54706,34.45135],[-118.54704,34.45135],[-118.54702,34.45136],[-118.547,34.45137],[-118.54698,34.45138],[-118.54696,34.45138],[-118.54694,34.45139],[-118.54692,34.4514],[-118.5469,34.45141],[-118.54688,34.45141],[-118.54686,34.45142],[-118.54684,34.45143],[-118.54682,34.45144],[-118.5468,34.45144],[-118.54678,34.45145],[-118.54676,34.45146],[-118.54675,34.45146],[-118.54674,34.45146],[-118.54672,34.45147],[-118.5467,34.45147],[-118.54668,34.45148],[-118.54665,34.45148],[-118.54663,34.45149],[-118.54661,34.45149],[-118.54659,34.4515],[-118.54657,34.4515],[-118.54655,34.45151],[-118.54653,34.45151],[-118.54651,34.45152],[-118.54648,34.45152],[-118.54646,34.45152],[-118.54644,34.45153],[-118.54642,34.45153],[-118.5464,34.45153],[-118.54638,34.45154],[-118.54635,34.45154],[-118.54633,34.45154],[-118.54631,34.45154],[-118.54629,34.45154],[-118.54627,34.45155],[-118.54624,34.45155],[-118.54622,34.45155],[-118.5462,34.45155],[-118.54618,34.45155],[-118.54616,34.45155],[-118.54613,34.45155],[-118.54611,34.45155],[-118.54609,34.45155],[-118.54607,34.45155],[-118.54605,34.45155],[-118.54602,34.45155],[-118.546,34.45155],[-118.54598,34.45155],[-118.54596,34.45155],[-118.54594,34.45155],[-118.54591,34.45155],[-118.54583,34.45154],[-118.54533,34.4515],[-118.54533,34.4515],[-118.54539,34.45103],[-118.54533,34.45079],[-118.54511,34.45039],[-118.54492,34.45008],[-118.54485,34.45004],[-118.54476,34.45004],[-118.54467,34.45005],[-118.54445,34.45008],[-118.54393,34.45016],[-118.54368,34.45019],[-118.54349,34.45023],[-118.54313,34.45041],[-118.54313,34.45041],[-118.54311,34.45039],[-118.5431,34.45038],[-118.54308,34.45036],[-118.54307,34.45035],[-118.54305,34.45033],[-118.54304,34.45032],[-118.54302,34.45031],[-118.54301,34.45029],[-118.54299,34.45028],[-118.54297,34.45027],[-118.54296,34.45025],[-118.54294,34.45024],[-118.54292,34.45023],[-118.5429,34.45022],[-118.54288,34.45021],[-118.54286,34.45019],[-118.54284,34.45018],[-118.54282,34.45017],[-118.5428,34.45016],[-118.54278,34.45015],[-118.54276,34.45014],[-118.54274,34.45014],[-118.54272,34.45013],[-118.5427,34.45012],[-118.54268,34.45011],[-118.54266,34.45011],[-118.54264,34.4501],[-118.54261,34.45009],[-118.54259,34.45009],[-118.54257,34.45008],[-118.54254,34.45008],[-118.54252,34.45007],[-118.5425,34.45006],[-118.54248,34.45006],[-118.54246,34.45005],[-118.54244,34.45004],[-118.54242,34.45003],[-118.5424,34.45002],[-118.54238,34.45001],[-118.54236,34.45],[-118.54234,34.44999],[-118.54232,34.44998],[-118.5423,34.44997],[-118.54228,34.44995],[-118.54227,34.44994],[-118.54225,34.44993],[-118.54223,34.44991],[-118.54222,34.4499],[-118.5422,34.44988],[-118.54219,34.44987],[-118.54218,34.44985],[-118.54204,34.44969],[-118.54252,34.44942],[-118.54253,34.44941],[-118.54267,34.44938],[-118.5427,34.44937],[-118.543,34.44952],[-118.54322,34.4491],[-118.54301,34.44906],[-118.54258,34.44896],[-118.54213,34.44886],[-118.54193,34.44881],[-118.54197,34.44872],[-118.54205,34.44854],[-118.54212,34.44839],[-118.54212,34.44838],[-118.54219,34.44823],[-118.54225,34.44808],[-118.54227,34.44805],[-118.54231,34.44796],[-118.54232,34.44793],[-118.54239,34.44778],[-118.54246,34.44762],[-118.54251,34.44752],[-118.54254,34.44746],[-118.54255,34.44742],[-118.54255,34.44729],[-118.54255,34.4472],[-118.54255,34.44709],[-118.54255,34.44701],[-118.54204,34.447],[-118.54204,34.44671],[-118.54204,34.44611],[-118.5417,34.44612],[-118.54108,34.44626],[-118.54098,34.44628],[-118.54087,34.44629],[-118.5406,34.44625],[-118.54044,34.44618],[-118.54027,34.44607],[-118.54015,34.44596],[-118.54018,34.44594],[-118.54005,34.44581],[-118.53993,34.44568],[-118.53978,34.4455],[-118.53974,34.44546],[-118.5397,34.44541],[-118.5396,34.44533],[-118.53928,34.44552],[-118.53912,34.44562],[-118.53905,34.44566],[-118.539,34.4457],[-118.53892,34.44577],[-118.5388,34.44588],[-118.53863,34.44607],[-118.53853,34.44616],[-118.5378,34.44686],[-118.53739,34.44725],[-118.53713,34.44752],[-118.53698,34.44765],[-118.53694,34.44771],[-118.53692,34.44773],[-118.53689,34.44777],[-118.53685,34.44785],[-118.53682,34.44795],[-118.5368,34.448],[-118.53678,34.44811],[-118.53677,34.44821],[-118.53677,34.44828],[-118.53677,34.44842],[-118.53677,34.44847],[-118.53677,34.44856],[-118.5368,34.44895],[-118.53685,34.44981],[-118.53689,34.45048],[-118.53691,34.4508],[-118.53644,34.45083],[-118.53623,34.45084],[-118.53578,34.45087],[-118.53542,34.45089],[-118.53517,34.4509],[-118.53516,34.45082],[-118.53509,34.45025],[-118.535,34.44934],[-118.53496,34.44887],[-118.53491,34.44816],[-118.5349,34.44805],[-118.53488,34.4478],[-118.53484,34.44722],[-118.53482,34.44689],[-118.53476,34.44618],[-118.53473,34.44581],[-118.5347,34.44554],[-118.53466,34.4451],[-118.53461,34.44441],[-118.53459,34.44419],[-118.53451,34.44363],[-118.53446,34.44333],[-118.53444,34.44319],[-118.5344,34.44302],[-118.53439,34.44298],[-118.53413,34.44301],[-118.53386,34.44304],[-118.53374,34.44306],[-118.53376,34.44316],[-118.53378,34.44326],[-118.5338,34.44333],[-118.53363,34.4433],[-118.5331,34.44323],[-118.5327,34.44328],[-118.53235,34.44333],[-118.53233,34.44333],[-118.532,34.44325],[-118.53168,34.44317],[-118.53137,34.44309],[-118.53118,34.44304],[-118.53105,34.44301],[-118.53073,34.44293],[-118.53033,34.44283],[-118.5303,34.44282],[-118.52914,34.44253],[-118.52934,34.44182],[-118.52941,34.44162],[-118.52919,34.44144],[-118.52865,34.4416],[-118.52784,34.44185],[-118.52744,34.44196],[-118.52744,34.44197],[-118.52747,34.44203],[-118.52749,34.44208],[-118.52758,34.44224],[-118.52762,34.44232],[-118.52767,34.44239],[-118.52771,34.44243],[-118.52779,34.44253],[-118.52789,34.44263],[-118.52791,34.44266],[-118.52804,34.44278],[-118.52812,34.44286],[-118.52817,34.44292],[-118.52823,34.44302],[-118.52828,34.4431],[-118.52831,34.44316],[-118.52834,34.44325],[-118.52835,34.44329],[-118.52837,34.44337],[-118.52839,34.44349],[-118.52839,34.44359],[-118.5284,34.44365],[-118.5284,34.44368],[-118.52839,34.44377],[-118.52838,34.44382],[-118.52838,34.44387],[-118.52838,34.44388],[-118.52836,34.44394],[-118.52833,34.44401],[-118.52831,34.444],[-118.52831,34.44403],[-118.5283,34.44407],[-118.52812,34.44438],[-118.52795,34.44461],[-118.52772,34.44481],[-118.52739,34.44504],[-118.52688,34.44536],[-118.52671,34.44553],[-118.52659,34.44571],[-118.52651,34.44596],[-118.52652,34.4462],[-118.52647,34.44638],[-118.52637,34.44655],[-118.52632,34.44661],[-118.5263,34.44663],[-118.52619,34.44671],[-118.5261,34.44678],[-118.52597,34.44683],[-118.52587,34.44687],[-118.52571,34.4469],[-118.5257,34.44689],[-118.52568,34.44684],[-118.52558,34.4466],[-118.52555,34.44651],[-118.5255,34.44638],[-118.52549,34.44631],[-118.52548,34.44631],[-118.52547,34.44631],[-118.52526,34.44634],[-118.52503,34.44638],[-118.52497,34.44639],[-118.52498,34.44647],[-118.52501,34.44672],[-118.52503,34.44692],[-118.52504,34.44699],[-118.52505,34.44713],[-118.52507,34.44733],[-118.52507,34.44733],[-118.52507,34.44733],[-118.52507,34.44734],[-118.52508,34.44739],[-118.52507,34.44744],[-118.52507,34.44749],[-118.52506,34.44753],[-118.52503,34.44768],[-118.525,34.44782],[-118.52498,34.44793],[-118.52497,34.44795],[-118.52495,34.44807],[-118.52491,34.44824],[-118.52488,34.44843],[-118.52478,34.4489],[-118.52476,34.44901],[-118.52444,34.44891],[-118.52434,34.44939],[-118.52433,34.44944],[-118.52429,34.44964],[-118.52425,34.44985],[-118.52424,34.44991],[-118.52409,34.44984],[-118.52375,34.45024],[-118.52345,34.44992],[-118.52336,34.45003],[-118.52327,34.45015],[-118.52317,34.45026],[-118.52308,34.45037],[-118.5235,34.45061],[-118.52339,34.45075],[-118.52313,34.45106],[-118.52281,34.45083],[-118.52271,34.45094],[-118.5226,34.45104],[-118.52249,34.45115],[-118.52238,34.45125],[-118.52228,34.45136],[-118.52217,34.45146],[-118.52206,34.45157],[-118.52195,34.45167],[-118.52185,34.45177],[-118.52176,34.45185],[-118.52187,34.45188],[-118.52202,34.45189],[-118.52225,34.45191],[-118.52257,34.45186],[-118.52275,34.45179],[-118.52299,34.45165],[-118.52323,34.45149],[-118.52348,34.45135],[-118.52364,34.45129],[-118.52388,34.45126],[-118.52399,34.45124],[-118.52409,34.45123],[-118.52417,34.45122],[-118.52431,34.45123],[-118.52429,34.45132],[-118.52421,34.4517],[-118.5242,34.45176],[-118.52418,34.45184],[-118.52415,34.45203],[-118.52414,34.45207],[-118.52414,34.4521],[-118.52414,34.45219],[-118.52415,34.45234],[-118.52415,34.45242],[-118.52415,34.45246],[-118.52424,34.45522],[-118.52427,34.45606],[-118.52427,34.45606],[-118.52432,34.45763],[-118.52433,34.45803],[-118.52438,34.45957],[-118.52438,34.45965],[-118.52439,34.45966],[-118.52438,34.45974],[-118.52439,34.45986],[-118.52424,34.45978],[-118.52412,34.45972],[-118.52405,34.45968],[-118.52405,34.45968],[-118.52395,34.45962],[-118.52384,34.45957],[-118.52373,34.45951],[-118.52365,34.45947],[-118.52364,34.45947],[-118.52362,34.45946],[-118.52351,34.45941],[-118.5234,34.45936],[-118.52328,34.45932],[-118.52316,34.45927],[-118.52292,34.4592],[-118.5228,34.45917],[-118.52267,34.45914],[-118.52256,34.45912],[-118.52243,34.4591],[-118.52232,34.45908],[-118.5222,34.45907],[-118.52198,34.45905],[-118.52187,34.45904],[-118.52165,34.45903],[-118.52154,34.45903],[-118.52143,34.45903],[-118.52122,34.45904],[-118.52093,34.45905],[-118.52066,34.45907],[-118.52051,34.45909],[-118.52038,34.45911],[-118.52028,34.45913],[-118.52023,34.45914],[-118.52021,34.45915],[-118.52015,34.45916],[-118.51989,34.4592],[-118.51968,34.45925],[-118.51938,34.45933],[-118.51908,34.45941],[-118.5189,34.45948],[-118.51875,34.45955],[-118.51864,34.45959],[-118.5185,34.45964],[-118.51832,34.45969],[-118.51821,34.45972],[-118.5181,34.45975],[-118.5179,34.45978],[-118.5177,34.45981],[-118.51752,34.45983],[-118.51737,34.45983],[-118.51727,34.45983],[-118.51691,34.45983],[-118.51678,34.45983],[-118.51659,34.45983],[-118.51631,34.45982],[-118.51589,34.45982],[-118.51543,34.45981],[-118.51536,34.45981],[-118.51498,34.4598],[-118.51477,34.45979],[-118.51407,34.45976],[-118.51384,34.45975],[-118.51351,34.45974],[-118.51319,34.45974],[-118.51293,34.45975],[-118.51175,34.45978],[-118.51139,34.45977],[-118.50944,34.45974],[-118.50941,34.45986],[-118.50924,34.4599],[-118.50884,34.46006],[-118.50865,34.46015],[-118.5085,34.46025],[-118.50827,34.46041],[-118.50826,34.46042],[-118.50803,34.46057],[-118.50703,34.46126],[-118.50692,34.46133],[-118.5069,34.46134],[-118.50689,34.46135],[-118.50687,34.46136],[-118.50686,34.46137],[-118.50685,34.46137],[-118.50683,34.46138],[-118.50682,34.46139],[-118.5068,34.4614],[-118.50679,34.4614],[-118.50678,34.46141],[-118.50676,34.46142],[-118.50675,34.46143],[-118.50673,34.46143],[-118.50672,34.46144],[-118.50671,34.46145],[-118.50669,34.46146],[-118.50668,34.46146],[-118.50666,34.46147],[-118.50665,34.46148],[-118.50663,34.46148],[-118.50662,34.46149],[-118.5066,34.4615],[-118.50659,34.4615],[-118.50658,34.46151],[-118.50656,34.46152],[-118.50655,34.46152],[-118.50653,34.46153],[-118.50652,34.46153],[-118.5065,34.46154],[-118.50649,34.46155],[-118.50647,34.46155],[-118.50646,34.46156],[-118.50644,34.46156],[-118.50643,34.46157],[-118.50641,34.46158],[-118.5064,34.46158],[-118.50638,34.46159],[-118.50637,34.46159],[-118.50635,34.4616],[-118.50634,34.4616],[-118.50632,34.46161],[-118.50631,34.46161],[-118.50629,34.46162],[-118.50627,34.46162],[-118.50626,34.46163],[-118.50624,34.46163],[-118.50623,34.46164],[-118.50621,34.46164],[-118.5062,34.46165],[-118.50618,34.46165],[-118.50617,34.46166],[-118.50615,34.46166],[-118.50614,34.46167],[-118.50612,34.46167],[-118.5061,34.46168],[-118.50609,34.46168],[-118.50607,34.46169],[-118.50606,34.46169],[-118.50604,34.46169],[-118.50603,34.4617],[-118.50601,34.4617],[-118.50599,34.46171],[-118.50598,34.46171],[-118.50596,34.46171],[-118.50595,34.46172],[-118.50593,34.46172],[-118.50591,34.46172],[-118.5059,34.46173],[-118.50588,34.46173],[-118.50587,34.46174],[-118.50585,34.46174],[-118.50583,34.46174],[-118.50582,34.46175],[-118.5058,34.46175],[-118.50578,34.46175],[-118.50577,34.46175],[-118.50575,34.46176],[-118.50574,34.46176],[-118.50572,34.46176],[-118.5057,34.46177],[-118.50569,34.46177],[-118.50567,34.46177],[-118.50565,34.46177],[-118.50564,34.46178],[-118.50562,34.46178],[-118.50561,34.46178],[-118.50559,34.46178],[-118.50557,34.46178],[-118.50556,34.46179],[-118.50554,34.46179],[-118.50552,34.46179],[-118.50551,34.46179],[-118.50549,34.46179],[-118.50547,34.4618],[-118.50546,34.4618],[-118.50544,34.4618],[-118.50542,34.4618],[-118.50541,34.4618],[-118.50539,34.4618],[-118.50538,34.4618],[-118.50536,34.46181],[-118.50534,34.46181],[-118.50533,34.46181],[-118.50531,34.46181],[-118.50529,34.46181],[-118.50528,34.46181],[-118.50526,34.46181],[-118.50524,34.46181],[-118.50523,34.46181],[-118.50521,34.46181],[-118.50519,34.46181],[-118.50518,34.46181],[-118.50516,34.46181],[-118.50514,34.46181],[-118.50513,34.46181],[-118.50511,34.46181],[-118.50509,34.46181],[-118.50508,34.46181],[-118.50506,34.46181],[-118.50504,34.46181],[-118.50503,34.46181],[-118.50501,34.46181],[-118.50499,34.46181],[-118.50498,34.46181],[-118.50496,34.46181],[-118.50494,34.46181],[-118.50493,34.46181],[-118.50491,34.46181],[-118.50489,34.46181],[-118.50488,34.46181],[-118.50486,34.46181],[-118.50485,34.46181],[-118.50483,34.46181],[-118.50481,34.4618],[-118.5048,34.4618],[-118.50478,34.4618],[-118.50476,34.4618],[-118.50475,34.4618],[-118.50473,34.4618],[-118.50471,34.4618],[-118.5047,34.46179],[-118.50468,34.46179],[-118.50466,34.46179],[-118.50465,34.46179],[-118.50463,34.46179],[-118.50461,34.46178],[-118.5046,34.46178],[-118.50458,34.46178],[-118.50457,34.46178],[-118.50455,34.46178],[-118.50453,34.46177],[-118.50452,34.46177],[-118.5045,34.46177],[-118.50448,34.46177],[-118.50447,34.46176],[-118.50445,34.46176],[-118.50444,34.46176],[-118.50442,34.46175],[-118.5044,34.46175],[-118.50439,34.46175],[-118.50437,34.46175],[-118.50435,34.46174],[-118.50434,34.46174],[-118.50432,34.46174],[-118.50431,34.46173],[-118.50429,34.46173],[-118.50427,34.46173],[-118.50426,34.46172],[-118.50424,34.46172],[-118.50423,34.46171],[-118.50421,34.46171],[-118.50419,34.46171],[-118.50418,34.4617],[-118.50416,34.4617],[-118.50415,34.46169],[-118.50413,34.46169],[-118.50411,34.46169],[-118.5041,34.46168],[-118.50408,34.46168],[-118.50407,34.46167],[-118.50405,34.46167],[-118.50404,34.46166],[-118.50402,34.46166],[-118.50401,34.46165],[-118.50399,34.46165],[-118.50397,34.46165],[-118.50396,34.46164],[-118.50394,34.46164],[-118.50393,34.46163],[-118.50391,34.46163],[-118.5039,34.46162],[-118.50388,34.46161],[-118.50387,34.46161],[-118.50385,34.4616],[-118.50384,34.4616],[-118.50382,34.46159],[-118.5038,34.46159],[-118.50379,34.46158],[-118.50378,34.46158],[-118.50376,34.46157],[-118.50375,34.46156],[-118.50373,34.46156],[-118.50372,34.46155],[-118.5037,34.46155],[-118.50369,34.46154],[-118.50367,34.46153],[-118.50366,34.46153],[-118.50364,34.46152],[-118.50363,34.46152],[-118.50331,34.46138],[-118.50287,34.46119],[-118.50259,34.46106],[-118.50221,34.46091],[-118.50203,34.46084],[-118.50187,34.46077],[-118.50167,34.46071],[-118.50146,34.46064],[-118.50135,34.46061],[-118.50124,34.46059],[-118.50103,34.46055],[-118.50089,34.46052],[-118.50081,34.46051],[-118.50075,34.46051],[-118.50061,34.46049],[-118.50049,34.46048],[-118.50031,34.46047],[-118.50018,34.46047],[-118.50014,34.46047],[-118.50002,34.46047],[-118.49999,34.46047],[-118.49986,34.46047],[-118.49973,34.46048],[-118.49961,34.46048],[-118.49951,34.46049],[-118.49938,34.46051],[-118.49927,34.46053],[-118.49914,34.46055],[-118.49899,34.46058],[-118.4989,34.4606],[-118.49874,34.46065],[-118.4984,34.46075],[-118.49786,34.46091],[-118.49775,34.46095],[-118.49773,34.46095],[-118.49758,34.461],[-118.49743,34.46105],[-118.49712,34.46118],[-118.49704,34.46121],[-118.49695,34.46124],[-118.49679,34.46128],[-118.49663,34.46131],[-118.49637,34.46136],[-118.49614,34.4614],[-118.49593,34.46144],[-118.49573,34.46146],[-118.49552,34.46148],[-118.4954,34.46148],[-118.49522,34.46149],[-118.49505,34.46149],[-118.49481,34.46147],[-118.49476,34.46147],[-118.49456,34.46145],[-118.49435,34.46142],[-118.49412,34.46139],[-118.49399,34.46136],[-118.49387,34.46134],[-118.49378,34.46132],[-118.49363,34.46128],[-118.49353,34.46125],[-118.4934,34.46121],[-118.4932,34.46114],[-118.49298,34.46105],[-118.49266,34.4609],[-118.49243,34.46079],[-118.49224,34.46069],[-118.49221,34.46067],[-118.49221,34.46071],[-118.49221,34.46071],[-118.4921,34.46064],[-118.49201,34.46059],[-118.492,34.46058],[-118.49189,34.46051],[-118.4918,34.46044],[-118.49175,34.46041],[-118.49171,34.46037],[-118.49161,34.46029],[-118.49157,34.46025],[-118.49151,34.46019],[-118.49148,34.46015],[-118.49149,34.46013],[-118.49157,34.46007],[-118.4917,34.45996],[-118.49175,34.4599],[-118.49179,34.45985],[-118.49183,34.45977],[-118.49185,34.45964],[-118.49202,34.45964],[-118.49221,34.45964],[-118.49221,34.45962],[-118.49265,34.4596],[-118.49268,34.4596],[-118.49282,34.45959],[-118.49299,34.45957],[-118.49328,34.45954],[-118.49351,34.45951],[-118.49362,34.45949],[-118.49381,34.45945],[-118.49388,34.45943],[-118.49401,34.4594],[-118.4941,34.45936],[-118.49431,34.45928],[-118.49449,34.4592],[-118.49463,34.45913],[-118.49467,34.45911],[-118.49475,34.45906],[-118.49483,34.45901],[-118.49494,34.45893],[-118.49506,34.45884],[-118.49514,34.4589],[-118.49528,34.45903],[-118.49533,34.45902],[-118.49539,34.459],[-118.49543,34.45899],[-118.49547,34.45899],[-118.49551,34.45897],[-118.49556,34.45895],[-118.49576,34.45888],[-118.49586,34.45884],[-118.49599,34.45878],[-118.49612,34.4587],[-118.49623,34.45863],[-118.49637,34.45854],[-118.49645,34.45847],[-118.49645,34.45847],[-118.49652,34.45841],[-118.49655,34.45839],[-118.49663,34.45831],[-118.49666,34.45828],[-118.49669,34.45825],[-118.49672,34.45821],[-118.49679,34.45813],[-118.49685,34.45806],[-118.49689,34.458],[-118.49694,34.45792],[-118.49695,34.4578],[-118.49703,34.45764],[-118.49714,34.45747],[-118.49715,34.45741],[-118.49715,34.45741],[-118.49717,34.45735],[-118.49718,34.45729],[-118.4972,34.45718],[-118.4972,34.45708],[-118.4972,34.45691],[-118.4972,34.45688],[-118.4972,34.45685],[-118.49719,34.45676],[-118.49718,34.4566],[-118.49716,34.45638],[-118.49714,34.45608],[-118.49713,34.456],[-118.49713,34.45596],[-118.49712,34.45588],[-118.49712,34.45581],[-118.49712,34.45578],[-118.49712,34.45564],[-118.49712,34.45555],[-118.49713,34.45546],[-118.49714,34.45538],[-118.49714,34.45537],[-118.49714,34.45529],[-118.49715,34.45521],[-118.49715,34.45521],[-118.49716,34.45513],[-118.49717,34.45505],[-118.49719,34.45497],[-118.4972,34.45488],[-118.49722,34.4548],[-118.49723,34.45473],[-118.49724,34.45472],[-118.49724,34.4547],[-118.49725,34.45464],[-118.49727,34.45456],[-118.4973,34.45448],[-118.49732,34.4544],[-118.49735,34.45432],[-118.49737,34.45424],[-118.4974,34.45416],[-118.49743,34.45407],[-118.49747,34.45399],[-118.4975,34.45391],[-118.49757,34.45374],[-118.49762,34.45365],[-118.49766,34.45357],[-118.49771,34.45348],[-118.49777,34.45336],[-118.49782,34.45328],[-118.49787,34.45321],[-118.49788,34.45319],[-118.49793,34.45312],[-118.49793,34.45311],[-118.49802,34.45298],[-118.49808,34.4529],[-118.49814,34.45282],[-118.49835,34.45259],[-118.49855,34.45236],[-118.49856,34.45235],[-118.49858,34.45234],[-118.49864,34.45227],[-118.49867,34.45224],[-118.49869,34.45223],[-118.4987,34.45222],[-118.4987,34.45221],[-118.49872,34.45219],[-118.49886,34.45207],[-118.49899,34.45195],[-118.4991,34.45186],[-118.49937,34.45165],[-118.49952,34.45155],[-118.49952,34.45155],[-118.49961,34.45149],[-118.49969,34.45143],[-118.49978,34.45138],[-118.49985,34.45134],[-118.49985,34.45133],[-118.49992,34.45129],[-118.49992,34.45129],[-118.50001,34.45124],[-118.50007,34.45121],[-118.50009,34.45119],[-118.50012,34.45118],[-118.50013,34.45117],[-118.50016,34.45116],[-118.50021,34.45113],[-118.50054,34.45097],[-118.50054,34.45097],[-118.50104,34.45076],[-118.50105,34.45076],[-118.5011,34.45074],[-118.50115,34.45072],[-118.50123,34.45069],[-118.50134,34.45066],[-118.50144,34.45063],[-118.50153,34.4506],[-118.50154,34.4506],[-118.50154,34.4506],[-118.50172,34.45054],[-118.50191,34.45049],[-118.5021,34.45044],[-118.50229,34.45038],[-118.50248,34.45033],[-118.50266,34.45027],[-118.50285,34.45022],[-118.50304,34.45016],[-118.50309,34.45015],[-118.50323,34.45011],[-118.50327,34.4501],[-118.50342,34.45005],[-118.50361,34.45],[-118.50371,34.44997],[-118.50379,34.44995],[-118.50398,34.44989],[-118.50418,34.44982],[-118.50436,34.44975],[-118.50455,34.44968],[-118.50473,34.4496],[-118.50491,34.44952],[-118.505,34.44948],[-118.50509,34.44944],[-118.50512,34.44943],[-118.50514,34.44942],[-118.50527,34.44935],[-118.50544,34.44927],[-118.5056,34.44917],[-118.50578,34.44907],[-118.50579,34.44906],[-118.5059,34.449],[-118.50594,34.44897],[-118.5061,34.44887],[-118.50626,34.44877],[-118.50633,34.44872],[-118.50644,34.44866],[-118.50662,34.44854],[-118.50669,34.4485],[-118.50677,34.44844],[-118.50709,34.44824],[-118.50856,34.44731],[-118.50864,34.44762],[-118.50868,34.44779],[-118.50879,34.44822],[-118.50881,34.4483],[-118.50893,34.44829],[-118.50903,34.44828],[-118.50911,34.44826],[-118.50919,34.44824],[-118.50925,34.44821],[-118.50929,34.44819],[-118.50934,34.44816],[-118.50938,34.44813],[-118.50947,34.44805],[-118.50951,34.44801],[-118.50957,34.44795],[-118.50971,34.44779],[-118.50968,34.44766],[-118.50957,34.44723],[-118.50953,34.44707],[-118.50945,34.44675],[-118.50982,34.44652],[-118.51023,34.44626],[-118.51023,34.44626],[-118.51059,34.44604],[-118.51061,34.44602],[-118.51067,34.44598],[-118.51069,34.44597],[-118.51073,34.44595],[-118.51104,34.44575],[-118.51123,34.44563],[-118.51129,34.44559],[-118.5113,34.44587],[-118.512,34.44542],[-118.512,34.44542],[-118.51234,34.44521],[-118.51256,34.44508],[-118.51275,34.44497],[-118.51296,34.44485],[-118.51303,34.44481],[-118.51303,34.44479],[-118.51302,34.44476],[-118.513,34.44454],[-118.51299,34.44448],[-118.51316,34.44436],[-118.5132,34.44434],[-118.5132,34.44434],[-118.51337,34.44425],[-118.51338,34.44425],[-118.51354,34.44412],[-118.51361,34.44406],[-118.51367,34.444],[-118.51374,34.44394],[-118.51381,34.44388],[-118.51387,34.44382],[-118.51393,34.44377],[-118.51399,34.44372],[-118.51404,34.44366],[-118.51409,34.44361],[-118.51415,34.44355],[-118.51425,34.44344],[-118.51435,34.44333],[-118.51445,34.44321],[-118.51455,34.4431],[-118.51464,34.44298],[-118.51473,34.44286],[-118.51482,34.44274],[-118.5149,34.44262],[-118.51497,34.44251],[-118.5151,34.4423],[-118.51523,34.44206],[-118.51528,34.44198],[-118.51528,34.44197],[-118.51544,34.44167],[-118.51557,34.4414],[-118.51569,34.44116],[-118.51577,34.44101],[-118.51581,34.44093],[-118.51587,34.44082],[-118.51593,34.44071],[-118.51622,34.44014],[-118.51615,34.44007],[-118.51617,34.43997],[-118.51621,34.43985],[-118.51634,34.43968],[-118.51665,34.43909],[-118.51674,34.43898],[-118.51731,34.43849],[-118.5175,34.43817],[-118.51739,34.43806],[-118.51734,34.43801],[-118.51728,34.43795],[-118.51729,34.43794],[-118.51742,34.43784],[-118.51745,34.43782],[-118.51751,34.43776],[-118.51754,34.43774],[-118.51763,34.43766],[-118.51789,34.43741],[-118.51808,34.43722],[-118.51822,34.43712],[-118.51848,34.43693],[-118.51863,34.43681],[-118.51872,34.43673],[-118.51883,34.43665],[-118.51895,34.43657],[-118.51907,34.43649],[-118.51923,34.43641],[-118.51938,34.43634],[-118.51953,34.43627],[-118.51981,34.43617],[-118.52012,34.43605],[-118.52029,34.43597],[-118.52045,34.4359],[-118.52085,34.43572],[-118.52098,34.43566],[-118.52116,34.43558],[-118.52132,34.43552],[-118.52151,34.43545],[-118.52187,34.43532],[-118.52204,34.43526],[-118.52218,34.43519],[-118.52243,34.43507],[-118.52272,34.43494],[-118.52285,34.43489],[-118.52312,34.4348],[-118.52322,34.43476],[-118.52331,34.43473],[-118.52342,34.43467],[-118.52359,34.43463],[-118.5236,34.43463],[-118.52368,34.43461],[-118.52374,34.4346],[-118.52421,34.43449],[-118.52436,34.43448],[-118.52441,34.43449],[-118.52458,34.43446],[-118.52479,34.43441],[-118.52515,34.43434],[-118.52545,34.43428],[-118.52572,34.43424],[-118.52662,34.43411],[-118.52702,34.43405],[-118.52713,34.43403],[-118.52813,34.43387],[-118.52822,34.43386],[-118.52876,34.43378],[-118.52938,34.43369],[-118.52975,34.43363],[-118.52994,34.43359],[-118.53015,34.43354],[-118.53046,34.43347],[-118.5307,34.43342],[-118.53081,34.43339],[-118.53095,34.43335],[-118.53109,34.43331],[-118.53122,34.43326],[-118.53132,34.43323],[-118.53142,34.43319],[-118.53147,34.43317],[-118.53152,34.43314],[-118.53173,34.43305],[-118.53193,34.43295],[-118.5322,34.43282],[-118.53227,34.43278],[-118.53235,34.43274],[-118.53251,34.43263],[-118.53259,34.43257],[-118.53267,34.43252],[-118.53297,34.43227],[-118.53317,34.43212],[-118.5332,34.4321],[-118.53331,34.43202],[-118.53341,34.43195],[-118.53349,34.43188],[-118.53351,34.43187]]]}},{"type":"Feature","properties":{"seat":"saugus-union-school-district-trustee-area-4","label":"Trustee Area 4","county":"TA4","role":"seat"},"geometry":{"type":"Polygon","coordinates":[[[-118.50133,34.39409],[-118.50225,34.3941],[-118.50301,34.3941],[-118.51006,34.39415],[-118.51203,34.39416],[-118.51183,34.39995],[-118.51155,34.40786],[-118.51154,34.40819],[-118.51154,34.40827],[-118.51152,34.40884],[-118.51151,34.4089],[-118.51151,34.40902],[-118.51193,34.40902],[-118.51195,34.40902],[-118.51202,34.40903],[-118.51226,34.40903],[-118.51386,34.40904],[-118.51392,34.40904],[-118.51493,34.40904],[-118.52552,34.40911],[-118.53582,34.40918],[-118.53633,34.40919],[-118.53718,34.4092],[-118.53719,34.40919],[-118.53717,34.40909],[-118.53845,34.40892],[-118.53846,34.40897],[-118.53866,34.40897],[-118.53867,34.40901],[-118.53868,34.40903],[-118.53869,34.40913],[-118.53903,34.40909],[-118.53901,34.40897],[-118.53917,34.40895],[-118.53934,34.40893],[-118.5395,34.40891],[-118.53966,34.40889],[-118.53968,34.40896],[-118.53988,34.40897],[-118.54001,34.40896],[-118.54001,34.40896],[-118.5401,34.40894],[-118.54015,34.40916],[-118.54015,34.40917],[-118.54018,34.40917],[-118.54059,34.41136],[-118.5406,34.41143],[-118.54099,34.41358],[-118.54104,34.41385],[-118.54114,34.41433],[-118.54117,34.41451],[-118.54125,34.41489],[-118.54133,34.41529],[-118.54133,34.4153],[-118.54134,34.41534],[-118.54141,34.41564],[-118.54145,34.41582],[-118.54147,34.41594],[-118.54147,34.41595],[-118.54151,34.41619],[-118.54154,34.41639],[-118.54159,34.41664],[-118.54161,34.41683],[-118.54164,34.41695],[-118.54168,34.41718],[-118.54169,34.41723],[-118.54172,34.41734],[-118.54191,34.41827],[-118.542,34.41872],[-118.54202,34.41883],[-118.54206,34.41907],[-118.54206,34.41908],[-118.54208,34.4192],[-118.54209,34.41932],[-118.54209,34.41936],[-118.54209,34.4194],[-118.5421,34.41955],[-118.5421,34.41965],[-118.5421,34.41969],[-118.54209,34.41984],[-118.54207,34.42013],[-118.54207,34.42017],[-118.54206,34.42024],[-118.54204,34.42035],[-118.54199,34.42057],[-118.54188,34.42099],[-118.54182,34.42116],[-118.54169,34.42146],[-118.54153,34.42183],[-118.54144,34.42202],[-118.54139,34.42212],[-118.54131,34.42225],[-118.54123,34.42237],[-118.54115,34.42248],[-118.54102,34.42266],[-118.54097,34.42273],[-118.54078,34.423],[-118.54071,34.42308],[-118.54065,34.42316],[-118.54051,34.42331],[-118.54043,34.42338],[-118.54035,34.42346],[-118.54033,34.42348],[-118.54033,34.42348],[-118.54032,34.42349],[-118.54015,34.42368],[-118.53992,34.42393],[-118.5396,34.42429],[-118.53929,34.42464],[-118.53917,34.42476],[-118.53898,34.42499],[-118.53866,34.42535],[-118.53833,34.42574],[-118.53783,34.42637],[-118.53767,34.42657],[-118.53723,34.42711],[-118.53714,34.42722],[-118.53713,34.42723],[-118.53697,34.42744],[-118.53683,34.42762],[-118.53652,34.42803],[-118.53618,34.42846],[-118.53616,34.42849],[-118.53606,34.42861],[-118.53602,34.42866],[-118.53577,34.42899],[-118.53542,34.42947],[-118.53529,34.42966],[-118.53522,34.42977],[-118.5352,34.4298],[-118.53515,34.42986],[-118.53504,34.43001],[-118.53496,34.43013],[-118.53469,34.43044],[-118.53452,34.43063],[-118.5345,34.43065],[-118.53434,34.43087],[-118.53412,34.43117],[-118.534,34.43132],[-118.53382,34.43155],[-118.53372,34.43166],[-118.5337,34.43169],[-118.53368,34.43171],[-118.53362,34.43177],[-118.53355,34.43183],[-118.53351,34.43187],[-118.53349,34.43188],[-118.53341,34.43195],[-118.53331,34.43202],[-118.5332,34.4321],[-118.53297,34.43227],[-118.53267,34.43252],[-118.53259,34.43257],[-118.53251,34.43263],[-118.53235,34.43274],[-118.53227,34.43278],[-118.5322,34.43282],[-118.53193,34.43295],[-118.53173,34.43305],[-118.53152,34.43314],[-118.53147,34.43317],[-118.53142,34.43319],[-118.53132,34.43323],[-118.53122,34.43326],[-118.53109,34.43331],[-118.53095,34.43335],[-118.53081,34.43339],[-118.5307,34.43342],[-118.53046,34.43347],[-118.53015,34.43354],[-118.52994,34.43359],[-118.52975,34.43363],[-118.52938,34.43369],[-118.52876,34.43378],[-118.52822,34.43386],[-118.52813,34.43387],[-118.52713,34.43403],[-118.52702,34.43405],[-118.52662,34.43411],[-118.52572,34.43424],[-118.52545,34.43428],[-118.52515,34.43434],[-118.52479,34.43441],[-118.52458,34.43446],[-118.52441,34.43449],[-118.52436,34.43448],[-118.52421,34.43449],[-118.52374,34.4346],[-118.52368,34.43461],[-118.5236,34.43463],[-118.52359,34.43463],[-118.52342,34.43467],[-118.52331,34.43473],[-118.52322,34.43476],[-118.52312,34.4348],[-118.52285,34.43489],[-118.52272,34.43494],[-118.52243,34.43507],[-118.52218,34.43519],[-118.52204,34.43526],[-118.52187,34.43532],[-118.52151,34.43545],[-118.52132,34.43552],[-118.52116,34.43558],[-118.52098,34.43566],[-118.52085,34.43572],[-118.52045,34.4359],[-118.52029,34.43597],[-118.52012,34.43605],[-118.51981,34.43617],[-118.51953,34.43627],[-118.51938,34.43634],[-118.51923,34.43641],[-118.51907,34.43649],[-118.51895,34.43657],[-118.51883,34.43665],[-118.51872,34.43673],[-118.51863,34.43681],[-118.51848,34.43693],[-118.51822,34.43712],[-118.51808,34.43722],[-118.51789,34.43741],[-118.51763,34.43766],[-118.51754,34.43774],[-118.51745,34.43782],[-118.51742,34.43784],[-118.51729,34.43794],[-118.51728,34.43795],[-118.51734,34.43801],[-118.51739,34.43806],[-118.5175,34.43817],[-118.51731,34.43849],[-118.51674,34.43898],[-118.51665,34.43909],[-118.51634,34.43968],[-118.51621,34.43985],[-118.51617,34.43997],[-118.51615,34.44007],[-118.51622,34.44014],[-118.51593,34.44071],[-118.51587,34.44082],[-118.51581,34.44093],[-118.51577,34.44101],[-118.51569,34.44116],[-118.51557,34.4414],[-118.51544,34.44167],[-118.51528,34.44197],[-118.51528,34.44198],[-118.51523,34.44206],[-118.5151,34.4423],[-118.51497,34.44251],[-118.5149,34.44262],[-118.51482,34.44274],[-118.51473,34.44286],[-118.51464,34.44298],[-118.51455,34.4431],[-118.51445,34.44321],[-118.51435,34.44333],[-118.51425,34.44344],[-118.51415,34.44355],[-118.51409,34.44361],[-118.51404,34.44366],[-118.51399,34.44372],[-118.51393,34.44377],[-118.51387,34.44382],[-118.51381,34.44388],[-118.51374,34.44394],[-118.51367,34.444],[-118.51361,34.44406],[-118.51354,34.44412],[-118.51338,34.44425],[-118.51337,34.44425],[-118.5132,34.44434],[-118.5132,34.44434],[-118.51316,34.44436],[-118.51299,34.44448],[-118.513,34.44454],[-118.51302,34.44476],[-118.51303,34.44479],[-118.51303,34.44481],[-118.51296,34.44485],[-118.51275,34.44497],[-118.51256,34.44508],[-118.51234,34.44521],[-118.512,34.44542],[-118.512,34.44542],[-118.5113,34.44587],[-118.51129,34.44559],[-118.51123,34.44563],[-118.51104,34.44575],[-118.51073,34.44595],[-118.51069,34.44597],[-118.51067,34.44598],[-118.51061,34.44602],[-118.51059,34.44604],[-118.51023,34.44626],[-118.51023,34.44626],[-118.50982,34.44652],[-118.50945,34.44675],[-118.50953,34.44707],[-118.50957,34.44723],[-118.50968,34.44766],[-118.50971,34.44779],[-118.50957,34.44795],[-118.50951,34.44801],[-118.50947,34.44805],[-118.50938,34.44813],[-118.50934,34.44816],[-118.50929,34.44819],[-118.50925,34.44821],[-118.50919,34.44824],[-118.50911,34.44826],[-118.50903,34.44828],[-118.50893,34.44829],[-118.50881,34.4483],[-118.50879,34.44822],[-118.50868,34.44779],[-118.50864,34.44762],[-118.50856,34.44731],[-118.50709,34.44824],[-118.50677,34.44844],[-118.50669,34.4485],[-118.50662,34.44854],[-118.50644,34.44866],[-118.50633,34.44872],[-118.50626,34.44877],[-118.5061,34.44887],[-118.50594,34.44897],[-118.5059,34.449],[-118.50579,34.44906],[-118.50578,34.44907],[-118.5056,34.44917],[-118.50544,34.44927],[-118.50527,34.44935],[-118.50514,34.44942],[-118.50512,34.44943],[-118.50509,34.44944],[-118.505,34.44948],[-118.50491,34.44952],[-118.50473,34.4496],[-118.50455,34.44968],[-118.50436,34.44975],[-118.50418,34.44982],[-118.50398,34.44989],[-118.50379,34.44995],[-118.50371,34.44997],[-118.50361,34.45],[-118.50342,34.45005],[-118.50327,34.4501],[-118.50323,34.45011],[-118.50309,34.45015],[-118.50304,34.45016],[-118.50285,34.45022],[-118.50266,34.45027],[-118.50248,34.45033],[-118.50229,34.45038],[-118.5021,34.45044],[-118.50191,34.45049],[-118.50172,34.45054],[-118.50154,34.4506],[-118.50154,34.4506],[-118.50153,34.4506],[-118.50144,34.45063],[-118.50134,34.45066],[-118.50123,34.45069],[-118.50115,34.45072],[-118.5011,34.45074],[-118.50105,34.45076],[-118.50104,34.45076],[-118.50054,34.45097],[-118.50054,34.45097],[-118.50021,34.45113],[-118.50016,34.45116],[-118.50013,34.45117],[-118.50012,34.45118],[-118.50009,34.45119],[-118.50007,34.45121],[-118.50001,34.45124],[-118.49992,34.45129],[-118.49992,34.45129],[-118.49985,34.45133],[-118.49985,34.45134],[-118.49978,34.45138],[-118.49969,34.45143],[-118.49961,34.45149],[-118.49952,34.45155],[-118.49952,34.45155],[-118.49937,34.45165],[-118.4991,34.45186],[-118.49899,34.45195],[-118.49886,34.45207],[-118.49872,34.45219],[-118.4987,34.45221],[-118.4987,34.45222],[-118.49869,34.45223],[-118.49867,34.45224],[-118.49864,34.45227],[-118.49858,34.45234],[-118.49856,34.45235],[-118.49855,34.45236],[-118.49835,34.45259],[-118.49814,34.45282],[-118.49808,34.4529],[-118.49802,34.45298],[-118.49793,34.45311],[-118.49793,34.45312],[-118.49788,34.45319],[-118.49787,34.45321],[-118.49782,34.45328],[-118.49777,34.45336],[-118.49771,34.45348],[-118.49766,34.45357],[-118.49762,34.45365],[-118.49757,34.45374],[-118.4975,34.45391],[-118.49747,34.45399],[-118.49743,34.45407],[-118.4974,34.45416],[-118.49737,34.45424],[-118.49735,34.45432],[-118.49732,34.4544],[-118.4973,34.45448],[-118.49727,34.45456],[-118.49725,34.45464],[-118.49724,34.4547],[-118.49724,34.45472],[-118.49723,34.45473],[-118.49722,34.4548],[-118.4972,34.45488],[-118.49719,34.45497],[-118.49717,34.45505],[-118.49716,34.45513],[-118.49715,34.45521],[-118.49715,34.45521],[-118.49714,34.45529],[-118.49714,34.45537],[-118.49714,34.45538],[-118.49713,34.45546],[-118.49712,34.45555],[-118.49712,34.45564],[-118.49712,34.45578],[-118.49712,34.45581],[-118.49712,34.45588],[-118.49713,34.45596],[-118.49713,34.456],[-118.49714,34.45608],[-118.49716,34.45638],[-118.49718,34.4566],[-118.49719,34.45676],[-118.4972,34.45685],[-118.4972,34.45688],[-118.4972,34.45691],[-118.4972,34.45708],[-118.4972,34.45718],[-118.49718,34.45729],[-118.49717,34.45735],[-118.49715,34.45741],[-118.49715,34.45741],[-118.49714,34.45747],[-118.49703,34.45764],[-118.49695,34.4578],[-118.49694,34.45792],[-118.49689,34.458],[-118.49685,34.45806],[-118.49679,34.45813],[-118.49672,34.45821],[-118.49669,34.45825],[-118.49666,34.45828],[-118.49663,34.45831],[-118.49655,34.45839],[-118.49652,34.45841],[-118.49645,34.45847],[-118.49645,34.45847],[-118.49637,34.45854],[-118.49623,34.45863],[-118.49612,34.4587],[-118.49599,34.45878],[-118.49586,34.45884],[-118.49576,34.45888],[-118.49556,34.45895],[-118.49551,34.45897],[-118.49547,34.45899],[-118.49543,34.45899],[-118.49539,34.459],[-118.49533,34.45902],[-118.49528,34.45903],[-118.49514,34.4589],[-118.49506,34.45884],[-118.49494,34.45893],[-118.49483,34.45901],[-118.49475,34.45906],[-118.49467,34.45911],[-118.49463,34.45913],[-118.49449,34.4592],[-118.49431,34.45928],[-118.4941,34.45936],[-118.49401,34.4594],[-118.49388,34.45943],[-118.49381,34.45945],[-118.49362,34.45949],[-118.49351,34.45951],[-118.49328,34.45954],[-118.49299,34.45957],[-118.49282,34.45959],[-118.49268,34.4596],[-118.49265,34.4596],[-118.49221,34.45962],[-118.49212,34.45962],[-118.4921,34.45962],[-118.49204,34.45962],[-118.49194,34.45963],[-118.49179,34.45962],[-118.49161,34.45962],[-118.49145,34.45959],[-118.49127,34.45956],[-118.49112,34.45953],[-118.49101,34.4595],[-118.49091,34.45946],[-118.49052,34.4593],[-118.49001,34.45905],[-118.48997,34.45904],[-118.48995,34.45903],[-118.48983,34.45897],[-118.48967,34.4589],[-118.4897,34.45798],[-118.4897,34.45769],[-118.48972,34.45731],[-118.48974,34.45698],[-118.48979,34.45604],[-118.48979,34.45604],[-118.49079,34.45431],[-118.49098,34.45399],[-118.49114,34.45371],[-118.49129,34.45346],[-118.49142,34.45325],[-118.49144,34.4532],[-118.49144,34.45298],[-118.49144,34.45281],[-118.49144,34.45274],[-118.49144,34.45264],[-118.49144,34.45251],[-118.49144,34.45247],[-118.49142,34.45237],[-118.49141,34.45229],[-118.49138,34.45213],[-118.49136,34.45202],[-118.49135,34.45191],[-118.49133,34.45181],[-118.49131,34.45171],[-118.49129,34.45157],[-118.49126,34.4515],[-118.49122,34.45143],[-118.49114,34.45126],[-118.49078,34.45095],[-118.49072,34.4509],[-118.49063,34.45098],[-118.49048,34.45114],[-118.49039,34.45124],[-118.48969,34.45094],[-118.48991,34.45059],[-118.49,34.45045],[-118.48981,34.45035],[-118.4895,34.45018],[-118.48938,34.45011],[-118.48927,34.45004],[-118.48916,34.44997],[-118.48896,34.44983],[-118.48874,34.44964],[-118.48865,34.44957],[-118.48865,34.44957],[-118.48865,34.44957],[-118.48866,34.44956],[-118.48875,34.44949],[-118.489,34.4493],[-118.48919,34.44912],[-118.48932,34.44898],[-118.48937,34.44893],[-118.48947,34.44876],[-118.48954,34.44858],[-118.48959,34.44846],[-118.48964,34.44834],[-118.48967,34.44827],[-118.48971,34.4482],[-118.48981,34.44797],[-118.48996,34.44774],[-118.49004,34.44764],[-118.49007,34.4476],[-118.49008,34.4476],[-118.49012,34.44754],[-118.49014,34.44752],[-118.49011,34.4475],[-118.49001,34.44743],[-118.4899,34.44736],[-118.48978,34.44727],[-118.48974,34.44724],[-118.48948,34.44707],[-118.48946,34.44705],[-118.48944,34.44704],[-118.48943,34.44704],[-118.48942,34.44703],[-118.4894,34.44703],[-118.48939,34.44701],[-118.48937,34.44701],[-118.48936,34.447],[-118.48935,34.44699],[-118.48933,34.44699],[-118.48932,34.44698],[-118.4893,34.44697],[-118.48929,34.44696],[-118.48927,34.44696],[-118.48926,34.44695],[-118.48925,34.44694],[-118.48923,34.44694],[-118.48922,34.44693],[-118.4892,34.44692],[-118.48919,34.44692],[-118.48918,34.44691],[-118.48916,34.4469],[-118.48915,34.44689],[-118.48913,34.44689],[-118.48912,34.44688],[-118.4891,34.44687],[-118.48909,34.44687],[-118.48907,34.44686],[-118.48906,34.44686],[-118.48904,34.44685],[-118.48903,34.44684],[-118.48901,34.44684],[-118.489,34.44683],[-118.48898,34.44683],[-118.48897,34.44682],[-118.48895,34.44682],[-118.48894,34.44681],[-118.48892,34.44681],[-118.4889,34.4468],[-118.48889,34.4468],[-118.48887,34.44679],[-118.48886,34.44679],[-118.48884,34.44678],[-118.48883,34.44678],[-118.48882,34.44677],[-118.4888,34.44676],[-118.48879,34.44675],[-118.48877,34.44675],[-118.48876,34.44674],[-118.48874,34.44673],[-118.48873,34.44673],[-118.48872,34.44672],[-118.4887,34.44671],[-118.48869,34.44671],[-118.48867,34.4467],[-118.48866,34.44669],[-118.48864,34.44669],[-118.48863,34.44668],[-118.48861,34.44667],[-118.4886,34.44667],[-118.48859,34.44667],[-118.48858,34.44666],[-118.48857,34.44666],[-118.48855,34.44665],[-118.48854,34.44665],[-118.48852,34.44664],[-118.48851,34.44664],[-118.48849,34.44663],[-118.48848,34.44663],[-118.48846,34.44662],[-118.48844,34.44662],[-118.48843,34.44661],[-118.48841,34.44661],[-118.4884,34.4466],[-118.48838,34.4466],[-118.48837,34.44659],[-118.48835,34.44659],[-118.48834,34.44658],[-118.48832,34.44658],[-118.4883,34.44657],[-118.48829,34.44657],[-118.48827,34.44656],[-118.48826,34.44656],[-118.48824,34.44655],[-118.48823,34.44655],[-118.48821,34.44654],[-118.4882,34.44653],[-118.48818,34.44653],[-118.48817,34.44652],[-118.48816,34.44651],[-118.48814,34.44651],[-118.48813,34.4465],[-118.48811,34.44649],[-118.4881,34.44649],[-118.48808,34.44648],[-118.48807,34.44648],[-118.48805,34.44647],[-118.48803,34.44647],[-118.48802,34.44646],[-118.488,34.44646],[-118.48799,34.44645],[-118.48797,34.44645],[-118.48796,34.44644],[-118.48794,34.44644],[-118.48793,34.44643],[-118.48791,34.44643],[-118.4879,34.44642],[-118.48788,34.44642],[-118.48787,34.44641],[-118.48785,34.44641],[-118.48783,34.4464],[-118.48782,34.4464],[-118.4878,34.44639],[-118.48779,34.44639],[-118.48777,34.44638],[-118.48776,34.44638],[-118.48774,34.44637],[-118.48773,34.44637],[-118.48771,34.44637],[-118.48769,34.44636],[-118.48768,34.44636],[-118.48766,34.44635],[-118.48765,34.44635],[-118.48763,34.44634],[-118.48762,34.44634],[-118.4876,34.44633],[-118.48758,34.44633],[-118.48757,34.44632],[-118.48757,34.44632],[-118.48755,34.44632],[-118.48754,34.44631],[-118.48752,34.44631],[-118.48751,34.4463],[-118.48749,34.4463],[-118.48748,34.44629],[-118.48746,34.44629],[-118.48745,34.44628],[-118.48743,34.44628],[-118.48741,34.44628],[-118.4874,34.44627],[-118.48738,34.44627],[-118.48737,34.44627],[-118.48735,34.44627],[-118.48724,34.44625],[-118.48693,34.44622],[-118.48644,34.44619],[-118.48604,34.44618],[-118.48603,34.44618],[-118.48587,34.44618],[-118.4853,34.44614],[-118.48458,34.44613],[-118.48393,34.44616],[-118.48361,34.44617],[-118.4836,34.44618],[-118.48358,34.44618],[-118.48357,34.44618],[-118.48359,34.4459],[-118.48361,34.44564],[-118.48361,34.44558],[-118.48367,34.44521],[-118.48367,34.44521],[-118.48373,34.44503],[-118.48379,34.44492],[-118.48388,34.44476],[-118.48402,34.44454],[-118.48412,34.4444],[-118.48425,34.44424],[-118.4845,34.444],[-118.48466,34.44386],[-118.48481,34.44373],[-118.485,34.4436],[-118.48525,34.44346],[-118.48551,34.44332],[-118.48565,34.44326],[-118.48593,34.44314],[-118.48624,34.44304],[-118.48641,34.44299],[-118.48691,34.44288],[-118.48692,34.44288],[-118.48693,34.44288],[-118.48742,34.44283],[-118.48798,34.44281],[-118.48856,34.44282],[-118.48915,34.44283],[-118.48935,34.44284],[-118.48955,34.44286],[-118.48974,34.44287],[-118.48993,34.44288],[-118.49032,34.4429],[-118.49051,34.4429],[-118.49088,34.44289],[-118.49142,34.44282],[-118.49159,34.44279],[-118.49193,34.4427],[-118.49243,34.44254],[-118.49291,34.44234],[-118.4933,34.44212],[-118.49336,34.44208],[-118.49339,34.44206],[-118.49342,34.44204],[-118.4937,34.44182],[-118.49389,34.44168],[-118.49391,34.44166],[-118.49475,34.44065],[-118.49487,34.44041],[-118.49492,34.4403],[-118.49504,34.43995],[-118.49512,34.4396],[-118.49513,34.43949],[-118.49516,34.43926],[-118.49517,34.43914],[-118.49519,34.43891],[-118.49518,34.4386],[-118.49513,34.43819],[-118.49509,34.43793],[-118.49506,34.43772],[-118.49497,34.43735],[-118.49492,34.43655],[-118.49493,34.43552],[-118.49508,34.43326],[-118.49511,34.43302],[-118.4952,34.43274],[-118.49531,34.43248],[-118.49542,34.43229],[-118.49558,34.43203],[-118.49551,34.43199],[-118.49531,34.43189],[-118.49531,34.43189],[-118.49519,34.432],[-118.49515,34.43204],[-118.49502,34.43216],[-118.49502,34.43217],[-118.49469,34.43204],[-118.4944,34.43194],[-118.4944,34.43193],[-118.49405,34.4318],[-118.49405,34.43163],[-118.49405,34.43113],[-118.49405,34.43086],[-118.49405,34.43071],[-118.49406,34.43041],[-118.49406,34.42992],[-118.49406,34.42955],[-118.49406,34.42927],[-118.49406,34.42926],[-118.49406,34.42909],[-118.49406,34.42899],[-118.49406,34.42893],[-118.49406,34.42889],[-118.49406,34.42882],[-118.49406,34.42874],[-118.49406,34.4286],[-118.49407,34.42844],[-118.49407,34.42829],[-118.49407,34.4282],[-118.49407,34.42777],[-118.49407,34.4277],[-118.49408,34.427],[-118.49408,34.42674],[-118.49408,34.42653],[-118.49405,34.42653],[-118.49387,34.42656],[-118.49239,34.42676],[-118.49146,34.42689],[-118.49137,34.4269],[-118.49137,34.4269],[-118.49138,34.42691],[-118.49134,34.42692],[-118.49089,34.42697],[-118.49054,34.427],[-118.4902,34.42701],[-118.48975,34.427],[-118.48922,34.42695],[-118.48899,34.42692],[-118.48822,34.42676],[-118.48766,34.42658],[-118.48711,34.42635],[-118.48707,34.42634],[-118.4866,34.42611],[-118.48617,34.42583],[-118.48562,34.42542],[-118.48534,34.42517],[-118.48516,34.42499],[-118.48472,34.42446],[-118.48461,34.4243],[-118.48431,34.42387],[-118.48411,34.4236],[-118.48412,34.42352],[-118.48386,34.42352],[-118.48395,34.42365],[-118.48434,34.42418],[-118.4845,34.42441],[-118.48457,34.4245],[-118.48461,34.42455],[-118.48465,34.42461],[-118.48469,34.42466],[-118.48471,34.42469],[-118.48473,34.42472],[-118.48489,34.4249],[-118.48505,34.42509],[-118.48504,34.42585],[-118.48503,34.42603],[-118.48443,34.42603],[-118.48394,34.42566],[-118.48345,34.42533],[-118.48283,34.42482],[-118.48251,34.42432],[-118.48227,34.42381],[-118.48216,34.42352],[-118.48197,34.42352],[-118.4814,34.42353],[-118.4814,34.42349],[-118.4814,34.42346],[-118.4814,34.42341],[-118.4814,34.42336],[-118.4814,34.42333],[-118.48141,34.4233],[-118.48141,34.42327],[-118.4814,34.42324],[-118.4814,34.42322],[-118.4814,34.42319],[-118.48139,34.42315],[-118.48138,34.42311],[-118.48138,34.42311],[-118.48137,34.42308],[-118.48138,34.42308],[-118.48137,34.42305],[-118.48137,34.42305],[-118.48135,34.42302],[-118.48134,34.42299],[-118.48132,34.42294],[-118.4813,34.42291],[-118.4813,34.42291],[-118.48127,34.42287],[-118.48127,34.42287],[-118.48126,34.42285],[-118.48124,34.42283],[-118.48123,34.4228],[-118.48117,34.42273],[-118.48112,34.42265],[-118.48109,34.42261],[-118.48104,34.42254],[-118.48094,34.4224],[-118.48088,34.42232],[-118.4808,34.42221],[-118.48075,34.42213],[-118.48072,34.42209],[-118.48067,34.42202],[-118.4806,34.42192],[-118.48054,34.42184],[-118.48047,34.42175],[-118.48041,34.42165],[-118.48036,34.42159],[-118.48031,34.42151],[-118.48028,34.42147],[-118.48022,34.42138],[-118.48019,34.42134],[-118.48018,34.42133],[-118.48012,34.42125],[-118.48005,34.42115],[-118.47989,34.42093],[-118.47977,34.42075],[-118.47966,34.4206],[-118.47953,34.42042],[-118.47947,34.42034],[-118.47938,34.42021],[-118.47921,34.41997],[-118.47918,34.41993],[-118.47918,34.41993],[-118.48057,34.41993],[-118.48057,34.41909],[-118.48057,34.41902],[-118.48057,34.41811],[-118.48057,34.41759],[-118.47928,34.4176],[-118.47863,34.4176],[-118.47849,34.4176],[-118.47849,34.41775],[-118.47849,34.41722],[-118.47837,34.41722],[-118.47749,34.41722],[-118.47729,34.41695],[-118.4773,34.41632],[-118.4773,34.41623],[-118.4773,34.4159],[-118.4773,34.41572],[-118.4773,34.4156],[-118.4773,34.41555],[-118.47729,34.41538],[-118.47716,34.41538],[-118.4763,34.41539],[-118.47627,34.41539],[-118.47627,34.41537],[-118.47626,34.41499],[-118.47626,34.41483],[-118.47677,34.41473],[-118.47752,34.41458],[-118.47766,34.41457],[-118.47782,34.41456],[-118.47797,34.41457],[-118.47804,34.41457],[-118.4781,34.41459],[-118.47816,34.4146],[-118.47823,34.41462],[-118.4783,34.41465],[-118.47838,34.41468],[-118.47851,34.41475],[-118.47856,34.41478],[-118.47876,34.41493],[-118.47892,34.41506],[-118.47911,34.41521],[-118.47939,34.41544],[-118.47963,34.41566],[-118.47976,34.41577],[-118.48029,34.4162],[-118.48036,34.41626],[-118.48043,34.41632],[-118.48087,34.41632],[-118.4809,34.41632],[-118.4809,34.41632],[-118.481,34.41641],[-118.48112,34.41651],[-118.48127,34.41666],[-118.4819,34.41632],[-118.482,34.41626],[-118.4823,34.41614],[-118.48264,34.41603],[-118.48268,34.41619],[-118.48271,34.4163],[-118.4832,34.41621],[-118.4832,34.4162],[-118.48319,34.41618],[-118.48318,34.41613],[-118.48318,34.4161],[-118.48317,34.41606],[-118.48316,34.41605],[-118.48314,34.41599],[-118.48313,34.41593],[-118.48312,34.41592],[-118.4831,34.41587],[-118.48309,34.41583],[-118.48307,34.41579],[-118.48306,34.41576],[-118.48305,34.41573],[-118.48303,34.41569],[-118.48302,34.41568],[-118.48301,34.41565],[-118.48299,34.41561],[-118.48296,34.41555],[-118.48294,34.41553],[-118.48291,34.41549],[-118.48287,34.41542],[-118.48286,34.4154],[-118.48282,34.41534],[-118.4828,34.41532],[-118.48278,34.41529],[-118.48273,34.41524],[-118.4827,34.41519],[-118.48267,34.41516],[-118.48265,34.41513],[-118.48262,34.41511],[-118.48259,34.41508],[-118.48254,34.41503],[-118.4825,34.41499],[-118.48247,34.41496],[-118.48243,34.41493],[-118.4824,34.4149],[-118.48237,34.41488],[-118.48234,34.41485],[-118.48229,34.41482],[-118.48225,34.41479],[-118.48225,34.41478],[-118.48219,34.41474],[-118.48217,34.41472],[-118.48212,34.4147],[-118.48209,34.41467],[-118.48206,34.41466],[-118.48203,34.41464],[-118.482,34.41462],[-118.48197,34.4146],[-118.48194,34.41459],[-118.48192,34.41457],[-118.48188,34.41456],[-118.48182,34.41452],[-118.48177,34.4145],[-118.48172,34.41448],[-118.48165,34.41445],[-118.48161,34.41443],[-118.48155,34.41441],[-118.48155,34.41441],[-118.48148,34.41438],[-118.48141,34.41436],[-118.48138,34.41435],[-118.48132,34.41433],[-118.48131,34.41433],[-118.48126,34.41432],[-118.48119,34.4143],[-118.48114,34.41428],[-118.48107,34.41427],[-118.48099,34.41425],[-118.4809,34.41424],[-118.4809,34.41424],[-118.48085,34.41423],[-118.48074,34.41422],[-118.48071,34.41422],[-118.4807,34.41421],[-118.48068,34.41421],[-118.48067,34.41421],[-118.48066,34.41421],[-118.48066,34.41421],[-118.48057,34.4142],[-118.4805,34.4142],[-118.48049,34.4142],[-118.48046,34.4142],[-118.48036,34.41419],[-118.48026,34.41419],[-118.48016,34.41419],[-118.48006,34.41419],[-118.47978,34.41419],[-118.47968,34.41419],[-118.47963,34.41419],[-118.47961,34.41419],[-118.47961,34.41419],[-118.47959,34.41419],[-118.47949,34.41418],[-118.47939,34.41418],[-118.4793,34.41418],[-118.47919,34.41417],[-118.47893,34.41413],[-118.47884,34.41411],[-118.47878,34.4141],[-118.47877,34.41409],[-118.47869,34.41401],[-118.47859,34.41391],[-118.47842,34.41374],[-118.47842,34.41374],[-118.47842,34.41374],[-118.47845,34.41373],[-118.47848,34.4137],[-118.47837,34.4136],[-118.47837,34.41313],[-118.47837,34.41281],[-118.47837,34.4127],[-118.47825,34.4127],[-118.47717,34.4127],[-118.47639,34.41199],[-118.47618,34.41162],[-118.47617,34.41089],[-118.47641,34.41089],[-118.47651,34.41089],[-118.47651,34.41088],[-118.47651,34.41061],[-118.47617,34.41061],[-118.47616,34.40995],[-118.47616,34.40982],[-118.47617,34.40981],[-118.47616,34.40981],[-118.47616,34.40965],[-118.47616,34.40933],[-118.47616,34.40908],[-118.47615,34.40543],[-118.47615,34.40543],[-118.47662,34.4046],[-118.47684,34.40459],[-118.47705,34.40457],[-118.47784,34.4045],[-118.47784,34.40433],[-118.47782,34.40364],[-118.47781,34.40358],[-118.47759,34.40315],[-118.47757,34.4031],[-118.47783,34.40315],[-118.47813,34.4032],[-118.47825,34.40322],[-118.47834,34.40323],[-118.47936,34.40423],[-118.47949,34.40435],[-118.47988,34.40397],[-118.48008,34.40378],[-118.48019,34.40426],[-118.48057,34.40459],[-118.48102,34.40474],[-118.48107,34.40476],[-118.48173,34.40445],[-118.48183,34.40446],[-118.48266,34.40452],[-118.48274,34.40452],[-118.48287,34.40477],[-118.4832,34.40536],[-118.48444,34.40488],[-118.48455,34.40483],[-118.4847,34.4051],[-118.48489,34.40546],[-118.4854,34.40546],[-118.48541,34.40546],[-118.48553,34.40546],[-118.48646,34.40545],[-118.48819,34.40543],[-118.48819,34.40508],[-118.48818,34.40435],[-118.48779,34.40399],[-118.48807,34.40351],[-118.48812,34.4035],[-118.48875,34.40332],[-118.48874,34.40302],[-118.48874,34.40299],[-118.48874,34.40298],[-118.48877,34.40297],[-118.48878,34.40297],[-118.48879,34.40296],[-118.4888,34.40295],[-118.48881,34.40294],[-118.48883,34.40293],[-118.48883,34.40292],[-118.48884,34.40291],[-118.48884,34.40289],[-118.48885,34.40288],[-118.48885,34.40287],[-118.48885,34.40286],[-118.48885,34.40284],[-118.48884,34.40283],[-118.48884,34.40282],[-118.48884,34.40281],[-118.48883,34.40281],[-118.48883,34.4028],[-118.48882,34.40279],[-118.48881,34.40278],[-118.48881,34.40278],[-118.4888,34.40277],[-118.48879,34.40276],[-118.48878,34.40276],[-118.48877,34.40275],[-118.48875,34.40275],[-118.48874,34.40274],[-118.48888,34.40272],[-118.48894,34.40226],[-118.48882,34.40224],[-118.48868,34.40223],[-118.48847,34.4023],[-118.48752,34.40264],[-118.4875,34.40179],[-118.48604,34.40182],[-118.48599,34.40182],[-118.48598,34.40095],[-118.48598,34.40077],[-118.48515,34.4007],[-118.4849,34.40068],[-118.4849,34.40031],[-118.48489,34.39785],[-118.48489,34.39577],[-118.48488,34.39559],[-118.48509,34.39543],[-118.48519,34.39534],[-118.48535,34.3952],[-118.4855,34.39507],[-118.48564,34.39493],[-118.48591,34.39467],[-118.48592,34.39467],[-118.48602,34.39456],[-118.48628,34.39455],[-118.48661,34.39454],[-118.48665,34.39454],[-118.48681,34.39454],[-118.48683,34.39454],[-118.48709,34.39453],[-118.48722,34.39453],[-118.48751,34.39452],[-118.48764,34.39452],[-118.48793,34.39451],[-118.48805,34.39451],[-118.48834,34.39451],[-118.48847,34.3945],[-118.48868,34.3945],[-118.48878,34.39449],[-118.48889,34.39449],[-118.4891,34.39449],[-118.48931,34.39448],[-118.48973,34.39447],[-118.48995,34.39447],[-118.49015,34.39446],[-118.49016,34.39446],[-118.49057,34.39445],[-118.49099,34.39444],[-118.4912,34.39444],[-118.49162,34.39443],[-118.49204,34.39442],[-118.49246,34.39441],[-118.49289,34.3944],[-118.49331,34.39439],[-118.49644,34.39422],[-118.49646,34.39422],[-118.49742,34.39416],[-118.49742,34.39416],[-118.49838,34.39414],[-118.49887,34.39414],[-118.49912,34.39413],[-118.49917,34.39413],[-118.49928,34.39413],[-118.49951,34.39412],[-118.50014,34.39411],[-118.50088,34.3941],[-118.50133,34.39409]]]}},{"type":"Feature","properties":{"seat":"saugus-union-school-district-trustee-area-5","label":"Trustee Area 5","county":"TA5","role":"seat"},"geometry":{"type":"Polygon","coordinates":[[[-118.47264,34.41372],[-118.4727,34.41374],[-118.47279,34.41378],[-118.47288,34.41382],[-118.47394,34.41426],[-118.47409,34.41432],[-118.47421,34.41438],[-118.47423,34.41435],[-118.47423,34.41435],[-118.47458,34.41452],[-118.47474,34.4146],[-118.47505,34.41478],[-118.47515,34.41484],[-118.47526,34.41491],[-118.47537,34.415],[-118.47626,34.41483],[-118.47626,34.41499],[-118.47627,34.41537],[-118.47627,34.41539],[-118.4763,34.41539],[-118.47716,34.41538],[-118.47729,34.41538],[-118.4773,34.41555],[-118.4773,34.4156],[-118.4773,34.41572],[-118.4773,34.4159],[-118.4773,34.41623],[-118.4773,34.41632],[-118.47729,34.41695],[-118.47749,34.41722],[-118.47837,34.41722],[-118.47849,34.41722],[-118.47849,34.41775],[-118.47849,34.4176],[-118.47863,34.4176],[-118.47928,34.4176],[-118.48057,34.41759],[-118.48057,34.41811],[-118.48057,34.41902],[-118.48057,34.41909],[-118.48057,34.41993],[-118.47918,34.41993],[-118.47918,34.41993],[-118.47921,34.41997],[-118.47938,34.42021],[-118.47947,34.42034],[-118.47953,34.42042],[-118.47966,34.4206],[-118.47977,34.42075],[-118.47989,34.42093],[-118.48005,34.42115],[-118.48012,34.42125],[-118.48018,34.42133],[-118.48019,34.42134],[-118.48022,34.42138],[-118.48028,34.42147],[-118.48031,34.42151],[-118.48036,34.42159],[-118.48041,34.42165],[-118.48047,34.42175],[-118.48054,34.42184],[-118.4806,34.42192],[-118.48067,34.42202],[-118.48072,34.42209],[-118.48075,34.42213],[-118.4808,34.42221],[-118.48088,34.42232],[-118.48094,34.4224],[-118.48104,34.42254],[-118.48109,34.42261],[-118.48112,34.42265],[-118.48117,34.42273],[-118.48123,34.4228],[-118.48124,34.42283],[-118.48126,34.42285],[-118.48127,34.42287],[-118.48127,34.42287],[-118.4813,34.42291],[-118.4813,34.42291],[-118.48132,34.42294],[-118.48134,34.42299],[-118.48135,34.42302],[-118.48137,34.42305],[-118.48137,34.42305],[-118.48138,34.42308],[-118.48137,34.42308],[-118.48138,34.42311],[-118.48138,34.42311],[-118.48139,34.42315],[-118.4814,34.42319],[-118.4814,34.42322],[-118.4814,34.42324],[-118.48141,34.42327],[-118.48141,34.4233],[-118.4814,34.42333],[-118.4814,34.42336],[-118.4814,34.42341],[-118.4814,34.42346],[-118.4814,34.42349],[-118.4814,34.42353],[-118.48197,34.42352],[-118.48216,34.42352],[-118.48227,34.42381],[-118.48251,34.42432],[-118.48283,34.42482],[-118.48345,34.42533],[-118.48394,34.42566],[-118.48443,34.42603],[-118.48503,34.42603],[-118.48504,34.42585],[-118.48505,34.42509],[-118.48489,34.4249],[-118.48473,34.42472],[-118.48471,34.42469],[-118.48469,34.42466],[-118.48465,34.42461],[-118.48461,34.42455],[-118.48457,34.4245],[-118.4845,34.42441],[-118.48434,34.42418],[-118.48395,34.42365],[-118.48386,34.42352],[-118.48412,34.42352],[-118.48411,34.4236],[-118.48461,34.4243],[-118.48472,34.42446],[-118.48516,34.42499],[-118.48534,34.42517],[-118.48562,34.42542],[-118.48617,34.42583],[-118.4866,34.42611],[-118.48707,34.42634],[-118.48711,34.42635],[-118.48766,34.42658],[-118.48822,34.42676],[-118.48899,34.42692],[-118.48922,34.42695],[-118.48975,34.427],[-118.4902,34.42701],[-118.49054,34.427],[-118.49089,34.42697],[-118.49134,34.42692],[-118.49138,34.42691],[-118.49137,34.4269],[-118.49137,34.4269],[-118.49146,34.42689],[-118.49239,34.42676],[-118.49387,34.42656],[-118.49405,34.42653],[-118.49408,34.42653],[-118.49408,34.42674],[-118.49408,34.427],[-118.49407,34.42765],[-118.49407,34.4277],[-118.49407,34.42777],[-118.49407,34.4282],[-118.49407,34.42829],[-118.49407,34.42844],[-118.49406,34.4286],[-118.49406,34.42874],[-118.49406,34.42882],[-118.49406,34.42889],[-118.49406,34.42893],[-118.49406,34.42899],[-118.49406,34.42909],[-118.49406,34.42926],[-118.49406,34.42927],[-118.49406,34.42955],[-118.49406,34.42992],[-118.49406,34.43041],[-118.49405,34.43071],[-118.49405,34.43086],[-118.49405,34.43113],[-118.49405,34.43163],[-118.49405,34.4318],[-118.4944,34.43193],[-118.4944,34.43194],[-118.49469,34.43204],[-118.49502,34.43217],[-118.49502,34.43216],[-118.49515,34.43204],[-118.49519,34.432],[-118.49531,34.43189],[-118.49531,34.43189],[-118.49551,34.43199],[-118.49558,34.43203],[-118.49542,34.43229],[-118.49531,34.43248],[-118.4952,34.43274],[-118.49511,34.43302],[-118.49508,34.43326],[-118.49501,34.43428],[-118.495,34.43445],[-118.49493,34.43552],[-118.49493,34.43595],[-118.49493,34.43595],[-118.49492,34.43655],[-118.49497,34.43735],[-118.49506,34.43772],[-118.49509,34.43793],[-118.49513,34.43819],[-118.49518,34.4386],[-118.49519,34.43891],[-118.49517,34.43914],[-118.49516,34.43926],[-118.49513,34.43949],[-118.49512,34.4396],[-118.49504,34.43995],[-118.49492,34.4403],[-118.49487,34.44041],[-118.49475,34.44065],[-118.49391,34.44166],[-118.49389,34.44168],[-118.4937,34.44182],[-118.49342,34.44204],[-118.49339,34.44206],[-118.49336,34.44208],[-118.4933,34.44212],[-118.49291,34.44234],[-118.49243,34.44254],[-118.49193,34.4427],[-118.49159,34.44279],[-118.49142,34.44282],[-118.49088,34.44289],[-118.49051,34.4429],[-118.49032,34.4429],[-118.48993,34.44288],[-118.48974,34.44287],[-118.48955,34.44286],[-118.48935,34.44284],[-118.48915,34.44283],[-118.48856,34.44282],[-118.48798,34.44281],[-118.48742,34.44283],[-118.48693,34.44288],[-118.48692,34.44288],[-118.48691,34.44288],[-118.48641,34.44299],[-118.48624,34.44304],[-118.48593,34.44314],[-118.48565,34.44326],[-118.48551,34.44332],[-118.48525,34.44346],[-118.485,34.4436],[-118.48481,34.44373],[-118.48466,34.44386],[-118.4845,34.444],[-118.48425,34.44424],[-118.48412,34.4444],[-118.48402,34.44454],[-118.48388,34.44476],[-118.48379,34.44492],[-118.48373,34.44503],[-118.48367,34.44521],[-118.48367,34.44521],[-118.48361,34.44558],[-118.48361,34.44564],[-118.48359,34.4459],[-118.48357,34.44618],[-118.48358,34.44618],[-118.4836,34.44618],[-118.48361,34.44617],[-118.48393,34.44616],[-118.48458,34.44613],[-118.4853,34.44614],[-118.48587,34.44618],[-118.48603,34.44618],[-118.48604,34.44618],[-118.48644,34.44619],[-118.48693,34.44622],[-118.48724,34.44625],[-118.48735,34.44627],[-118.48737,34.44627],[-118.48738,34.44627],[-118.4874,34.44627],[-118.48741,34.44628],[-118.48743,34.44628],[-118.48745,34.44628],[-118.48746,34.44629],[-118.48748,34.44629],[-118.48749,34.4463],[-118.48751,34.4463],[-118.48752,34.44631],[-118.48754,34.44631],[-118.48755,34.44632],[-118.48757,34.44632],[-118.48758,34.44633],[-118.4876,34.44633],[-118.48762,34.44634],[-118.48763,34.44634],[-118.48765,34.44635],[-118.48766,34.44635],[-118.48768,34.44636],[-118.48769,34.44636],[-118.48771,34.44637],[-118.48773,34.44637],[-118.48774,34.44637],[-118.48776,34.44638],[-118.48777,34.44638],[-118.48779,34.44639],[-118.4878,34.44639],[-118.48782,34.4464],[-118.48783,34.4464],[-118.48785,34.44641],[-118.48787,34.44641],[-118.48788,34.44642],[-118.4879,34.44642],[-118.48791,34.44643],[-118.48793,34.44643],[-118.48794,34.44644],[-118.48796,34.44644],[-118.48797,34.44645],[-118.48799,34.44645],[-118.488,34.44646],[-118.48802,34.44646],[-118.48803,34.44647],[-118.48805,34.44647],[-118.48807,34.44648],[-118.48808,34.44648],[-118.4881,34.44649],[-118.48811,34.44649],[-118.48813,34.4465],[-118.48814,34.44651],[-118.48816,34.44651],[-118.48817,34.44652],[-118.48818,34.44653],[-118.4882,34.44653],[-118.48821,34.44654],[-118.48823,34.44655],[-118.48824,34.44655],[-118.48826,34.44656],[-118.48827,34.44656],[-118.48829,34.44657],[-118.4883,34.44657],[-118.48832,34.44658],[-118.48834,34.44658],[-118.48835,34.44659],[-118.48837,34.44659],[-118.48838,34.4466],[-118.4884,34.4466],[-118.48841,34.44661],[-118.48843,34.44661],[-118.48844,34.44662],[-118.48846,34.44662],[-118.48848,34.44663],[-118.48849,34.44663],[-118.48851,34.44664],[-118.48852,34.44664],[-118.48854,34.44665],[-118.48855,34.44665],[-118.48857,34.44666],[-118.48858,34.44666],[-118.4886,34.44667],[-118.48861,34.44667],[-118.48863,34.44668],[-118.48864,34.44669],[-118.48866,34.44669],[-118.48867,34.4467],[-118.48869,34.44671],[-118.4887,34.44671],[-118.48872,34.44672],[-118.48873,34.44673],[-118.48874,34.44673],[-118.48876,34.44674],[-118.48877,34.44675],[-118.48879,34.44675],[-118.4888,34.44676],[-118.48882,34.44677],[-118.48883,34.44678],[-118.48884,34.44678],[-118.48886,34.44679],[-118.48887,34.44679],[-118.48889,34.4468],[-118.4889,34.4468],[-118.48892,34.44681],[-118.48894,34.44681],[-118.48895,34.44682],[-118.48897,34.44682],[-118.48898,34.44683],[-118.489,34.44683],[-118.48901,34.44684],[-118.48903,34.44684],[-118.48904,34.44685],[-118.48906,34.44686],[-118.48907,34.44686],[-118.48909,34.44687],[-118.4891,34.44687],[-118.48912,34.44688],[-118.48913,34.44689],[-118.48915,34.44689],[-118.48916,34.4469],[-118.48918,34.44691],[-118.48919,34.44692],[-118.4892,34.44692],[-118.48922,34.44693],[-118.48923,34.44694],[-118.48925,34.44694],[-118.48926,34.44695],[-118.48927,34.44696],[-118.48929,34.44696],[-118.4893,34.44697],[-118.48932,34.44698],[-118.48933,34.44699],[-118.48935,34.44699],[-118.48936,34.447],[-118.48937,34.44701],[-118.48939,34.44701],[-118.4894,34.44703],[-118.48942,34.44703],[-118.48943,34.44704],[-118.48944,34.44704],[-118.48946,34.44705],[-118.48948,34.44707],[-118.48974,34.44724],[-118.48978,34.44727],[-118.4899,34.44736],[-118.49001,34.44743],[-118.49011,34.4475],[-118.49014,34.44752],[-118.49012,34.44754],[-118.49008,34.4476],[-118.49007,34.4476],[-118.49004,34.44764],[-118.48996,34.44774],[-118.48981,34.44797],[-118.48971,34.4482],[-118.48967,34.44827],[-118.48964,34.44834],[-118.48959,34.44846],[-118.48954,34.44858],[-118.48947,34.44876],[-118.48937,34.44893],[-118.48932,34.44898],[-118.48919,34.44912],[-118.489,34.4493],[-118.48875,34.44949],[-118.48866,34.44956],[-118.48865,34.44957],[-118.48865,34.44957],[-118.48865,34.44957],[-118.48874,34.44964],[-118.48896,34.44983],[-118.48916,34.44997],[-118.48927,34.45004],[-118.48938,34.45011],[-118.4895,34.45018],[-118.48981,34.45035],[-118.49,34.45045],[-118.48991,34.45059],[-118.48969,34.45094],[-118.49039,34.45124],[-118.49048,34.45114],[-118.49063,34.45098],[-118.49072,34.4509],[-118.49078,34.45095],[-118.49114,34.45126],[-118.49122,34.45143],[-118.49126,34.4515],[-118.49129,34.45157],[-118.49131,34.45171],[-118.49133,34.45181],[-118.49135,34.45191],[-118.49136,34.45202],[-118.49138,34.45213],[-118.49141,34.45229],[-118.49142,34.45237],[-118.49144,34.45247],[-118.49144,34.45251],[-118.49144,34.45264],[-118.49144,34.45274],[-118.49144,34.45281],[-118.49144,34.45298],[-118.49144,34.4532],[-118.49142,34.45325],[-118.49129,34.45346],[-118.49114,34.45371],[-118.49098,34.45399],[-118.49079,34.45431],[-118.48979,34.45604],[-118.48974,34.45698],[-118.48972,34.45731],[-118.4897,34.45769],[-118.4897,34.45798],[-118.48967,34.4589],[-118.48983,34.45897],[-118.48995,34.45903],[-118.48997,34.45904],[-118.49001,34.45905],[-118.49052,34.4593],[-118.49091,34.45946],[-118.49101,34.4595],[-118.49112,34.45953],[-118.49127,34.45956],[-118.49145,34.45959],[-118.49161,34.45962],[-118.49179,34.45962],[-118.49194,34.45963],[-118.49204,34.45962],[-118.4921,34.45962],[-118.49212,34.45962],[-118.49221,34.45962],[-118.49221,34.45964],[-118.49202,34.45964],[-118.49185,34.45964],[-118.49183,34.45977],[-118.49179,34.45985],[-118.49175,34.4599],[-118.4917,34.45996],[-118.49157,34.46007],[-118.49149,34.46013],[-118.49148,34.46015],[-118.49151,34.46019],[-118.49157,34.46025],[-118.49161,34.46029],[-118.49171,34.46037],[-118.49175,34.46041],[-118.4918,34.46044],[-118.49189,34.46051],[-118.492,34.46058],[-118.49201,34.46059],[-118.4921,34.46064],[-118.49221,34.46071],[-118.49221,34.46071],[-118.49221,34.46067],[-118.49224,34.46069],[-118.49243,34.46079],[-118.49266,34.4609],[-118.49298,34.46105],[-118.4932,34.46114],[-118.4934,34.46121],[-118.49353,34.46125],[-118.49363,34.46128],[-118.49378,34.46132],[-118.49387,34.46134],[-118.49399,34.46136],[-118.49412,34.46139],[-118.49435,34.46142],[-118.49456,34.46145],[-118.49476,34.46147],[-118.49481,34.46147],[-118.49505,34.46149],[-118.49522,34.46149],[-118.4954,34.46148],[-118.49552,34.46148],[-118.49573,34.46146],[-118.49593,34.46144],[-118.49614,34.4614],[-118.49637,34.46136],[-118.49663,34.46131],[-118.49679,34.46128],[-118.49695,34.46124],[-118.49704,34.46121],[-118.49712,34.46118],[-118.49743,34.46105],[-118.49758,34.461],[-118.49773,34.46095],[-118.49775,34.46095],[-118.49786,34.46091],[-118.4984,34.46075],[-118.49874,34.46065],[-118.4989,34.4606],[-118.49899,34.46058],[-118.49914,34.46055],[-118.49927,34.46053],[-118.49938,34.46051],[-118.49951,34.46049],[-118.49961,34.46048],[-118.49973,34.46048],[-118.49986,34.46047],[-118.49999,34.46047],[-118.50002,34.46047],[-118.50014,34.46047],[-118.50018,34.46047],[-118.50031,34.46047],[-118.50049,34.46048],[-118.50061,34.46049],[-118.50075,34.46051],[-118.50081,34.46051],[-118.50089,34.46052],[-118.50103,34.46055],[-118.50124,34.46059],[-118.50135,34.46061],[-118.50146,34.46064],[-118.50167,34.46071],[-118.50187,34.46077],[-118.50203,34.46084],[-118.50221,34.46091],[-118.50259,34.46106],[-118.50287,34.46119],[-118.50331,34.46138],[-118.50363,34.46152],[-118.50364,34.46152],[-118.50366,34.46153],[-118.50367,34.46153],[-118.50369,34.46154],[-118.5037,34.46155],[-118.50372,34.46155],[-118.50373,34.46156],[-118.50375,34.46156],[-118.50376,34.46157],[-118.50378,34.46158],[-118.50379,34.46158],[-118.5038,34.46159],[-118.50382,34.46159],[-118.50384,34.4616],[-118.50385,34.4616],[-118.50387,34.46161],[-118.50388,34.46161],[-118.5039,34.46162],[-118.50391,34.46163],[-118.50393,34.46163],[-118.50394,34.46164],[-118.50396,34.46164],[-118.50397,34.46165],[-118.50399,34.46165],[-118.50401,34.46165],[-118.50402,34.46166],[-118.50404,34.46166],[-118.50405,34.46167],[-118.50407,34.46167],[-118.50408,34.46168],[-118.5041,34.46168],[-118.50411,34.46169],[-118.50413,34.46169],[-118.50415,34.46169],[-118.50416,34.4617],[-118.50418,34.4617],[-118.50419,34.46171],[-118.50421,34.46171],[-118.50423,34.46171],[-118.50424,34.46172],[-118.50426,34.46172],[-118.50427,34.46173],[-118.50429,34.46173],[-118.50431,34.46173],[-118.50432,34.46174],[-118.50434,34.46174],[-118.50435,34.46174],[-118.50437,34.46175],[-118.50439,34.46175],[-118.5044,34.46175],[-118.50442,34.46175],[-118.50444,34.46176],[-118.50445,34.46176],[-118.50447,34.46176],[-118.50448,34.46177],[-118.5045,34.46177],[-118.50452,34.46177],[-118.50453,34.46177],[-118.50455,34.46178],[-118.50457,34.46178],[-118.50458,34.46178],[-118.5046,34.46178],[-118.50461,34.46178],[-118.50463,34.46179],[-118.50465,34.46179],[-118.50466,34.46179],[-118.50468,34.46179],[-118.5047,34.46179],[-118.50471,34.4618],[-118.50473,34.4618],[-118.50475,34.4618],[-118.50476,34.4618],[-118.50478,34.4618],[-118.5048,34.4618],[-118.50481,34.4618],[-118.50483,34.46181],[-118.50485,34.46181],[-118.50486,34.46181],[-118.50488,34.46181],[-118.50489,34.46181],[-118.50491,34.46181],[-118.50493,34.46181],[-118.50494,34.46181],[-118.50496,34.46181],[-118.50498,34.46181],[-118.50499,34.46181],[-118.50501,34.46181],[-118.50503,34.46181],[-118.50504,34.46181],[-118.50506,34.46181],[-118.50508,34.46181],[-118.50509,34.46181],[-118.50511,34.46181],[-118.50513,34.46181],[-118.50514,34.46181],[-118.50516,34.46181],[-118.50518,34.46181],[-118.50519,34.46181],[-118.50521,34.46181],[-118.50523,34.46181],[-118.50524,34.46181],[-118.50526,34.46181],[-118.50528,34.46181],[-118.50529,34.46181],[-118.50531,34.46181],[-118.50533,34.46181],[-118.50534,34.46181],[-118.50536,34.46181],[-118.50538,34.4618],[-118.50539,34.4618],[-118.50541,34.4618],[-118.50542,34.4618],[-118.50544,34.4618],[-118.50546,34.4618],[-118.50547,34.4618],[-118.50549,34.46179],[-118.50551,34.46179],[-118.50552,34.46179],[-118.50554,34.46179],[-118.50556,34.46179],[-118.50557,34.46178],[-118.50559,34.46178],[-118.50561,34.46178],[-118.50562,34.46178],[-118.50564,34.46178],[-118.50565,34.46177],[-118.50567,34.46177],[-118.50569,34.46177],[-118.5057,34.46177],[-118.50572,34.46176],[-118.50574,34.46176],[-118.50575,34.46176],[-118.50577,34.46175],[-118.50578,34.46175],[-118.5058,34.46175],[-118.50582,34.46175],[-118.50583,34.46174],[-118.50585,34.46174],[-118.50587,34.46174],[-118.50588,34.46173],[-118.5059,34.46173],[-118.50591,34.46172],[-118.50593,34.46172],[-118.50595,34.46172],[-118.50596,34.46171],[-118.50598,34.46171],[-118.50599,34.46171],[-118.50601,34.4617],[-118.50603,34.4617],[-118.50604,34.46169],[-118.50606,34.46169],[-118.50607,34.46169],[-118.50609,34.46168],[-118.5061,34.46168],[-118.50612,34.46167],[-118.50614,34.46167],[-118.50615,34.46166],[-118.50617,34.46166],[-118.50618,34.46165],[-118.5062,34.46165],[-118.50621,34.46164],[-118.50623,34.46164],[-118.50624,34.46163],[-118.50626,34.46163],[-118.50627,34.46162],[-118.50629,34.46162],[-118.50631,34.46161],[-118.50632,34.46161],[-118.50634,34.4616],[-118.50635,34.4616],[-118.50637,34.46159],[-118.50638,34.46159],[-118.5064,34.46158],[-118.50641,34.46158],[-118.50643,34.46157],[-118.50644,34.46156],[-118.50646,34.46156],[-118.50647,34.46155],[-118.50649,34.46155],[-118.5065,34.46154],[-118.50652,34.46153],[-118.50653,34.46153],[-118.50655,34.46152],[-118.50656,34.46152],[-118.50658,34.46151],[-118.50659,34.4615],[-118.5066,34.4615],[-118.50662,34.46149],[-118.50663,34.46148],[-118.50665,34.46148],[-118.50666,34.46147],[-118.50668,34.46146],[-118.50669,34.46146],[-118.50671,34.46145],[-118.50672,34.46144],[-118.50673,34.46143],[-118.50675,34.46143],[-118.50676,34.46142],[-118.50678,34.46141],[-118.50679,34.4614],[-118.5068,34.4614],[-118.50682,34.46139],[-118.50683,34.46138],[-118.50685,34.46137],[-118.50686,34.46137],[-118.50687,34.46136],[-118.50689,34.46135],[-118.5069,34.46134],[-118.50692,34.46133],[-118.50703,34.46126],[-118.50803,34.46057],[-118.50826,34.46042],[-118.50827,34.46041],[-118.5085,34.46025],[-118.50865,34.46015],[-118.50884,34.46006],[-118.50924,34.4599],[-118.50941,34.45986],[-118.50939,34.45998],[-118.50861,34.46361],[-118.50853,34.464],[-118.50792,34.46685],[-118.5079,34.46695],[-118.50787,34.46707],[-118.50787,34.4671],[-118.50772,34.46778],[-118.50762,34.46826],[-118.50762,34.46828],[-118.50766,34.46843],[-118.50792,34.4692],[-118.50862,34.47138],[-118.50877,34.47249],[-118.50893,34.47372],[-118.50902,34.474],[-118.50907,34.47414],[-118.50908,34.47419],[-118.50909,34.47421],[-118.50927,34.47475],[-118.51027,34.47787],[-118.51134,34.48117],[-118.51139,34.48123],[-118.51139,34.48123],[-118.51139,34.48123],[-118.51139,34.48164],[-118.51011,34.48164],[-118.50993,34.48164],[-118.50992,34.48164],[-118.5099,34.48164],[-118.50943,34.48164],[-118.50942,34.48164],[-118.50989,34.4822],[-118.51002,34.48236],[-118.51002,34.48238],[-118.50998,34.48268],[-118.50994,34.4829],[-118.50987,34.48323],[-118.50982,34.48364],[-118.5098,34.48397],[-118.50981,34.48441],[-118.50982,34.48456],[-118.50985,34.48488],[-118.50985,34.48494],[-118.50986,34.48496],[-118.50988,34.4853],[-118.50991,34.48569],[-118.50993,34.48589],[-118.50994,34.48606],[-118.50994,34.48635],[-118.50993,34.48659],[-118.50991,34.48679],[-118.50986,34.48712],[-118.5098,34.48744],[-118.50964,34.48829],[-118.50951,34.48896],[-118.50944,34.48933],[-118.50936,34.48972],[-118.50932,34.49011],[-118.50932,34.49021],[-118.50931,34.49063],[-118.50931,34.49131],[-118.50931,34.49165],[-118.50931,34.49201],[-118.5093,34.49262],[-118.5093,34.49262],[-118.5093,34.49327],[-118.50929,34.49562],[-118.50929,34.49564],[-118.50929,34.49571],[-118.50929,34.49629],[-118.50924,34.49629],[-118.50924,34.49632],[-118.50922,34.49764],[-118.50925,34.49797],[-118.50927,34.49813],[-118.50932,34.49835],[-118.50945,34.49859],[-118.50947,34.49864],[-118.50977,34.499],[-118.51002,34.49938],[-118.51016,34.49964],[-118.51046,34.50001],[-118.51062,34.5002],[-118.51075,34.50032],[-118.51117,34.5007],[-118.51149,34.50107],[-118.51194,34.50172],[-118.51215,34.50202],[-118.51236,34.50232],[-118.51285,34.50301],[-118.51308,34.50359],[-118.5132,34.50407],[-118.5132,34.50416],[-118.51321,34.50429],[-118.5131,34.5045],[-118.51304,34.50464],[-118.51303,34.50466],[-118.51298,34.50483],[-118.51301,34.50494],[-118.51305,34.50501],[-118.51317,34.50514],[-118.5132,34.50528],[-118.5132,34.50579],[-118.51328,34.50604],[-118.51346,34.50648],[-118.51359,34.50672],[-118.51394,34.50723],[-118.5144,34.5078],[-118.51451,34.50793],[-118.51478,34.50825],[-118.5153,34.50894],[-118.51553,34.50921],[-118.51562,34.50957],[-118.51574,34.50976],[-118.51591,34.50997],[-118.51618,34.5101],[-118.51635,34.5102],[-118.51641,34.51039],[-118.51646,34.51061],[-118.5165,34.51069],[-118.51652,34.51073],[-118.51673,34.51101],[-118.51676,34.51119],[-118.51684,34.5115],[-118.51694,34.51181],[-118.51703,34.51191],[-118.51712,34.51194],[-118.51741,34.512],[-118.51775,34.51208],[-118.51785,34.51216],[-118.51787,34.51222],[-118.5178,34.51226],[-118.51746,34.51224],[-118.5173,34.51227],[-118.51723,34.51235],[-118.51723,34.51245],[-118.51728,34.51266],[-118.51738,34.51277],[-118.51749,34.51282],[-118.51765,34.51289],[-118.51775,34.51291],[-118.51784,34.51297],[-118.51798,34.51308],[-118.5184,34.51326],[-118.51858,34.51347],[-118.51864,34.51356],[-118.51877,34.5136],[-118.51926,34.51366],[-118.51919,34.51396],[-118.51906,34.51441],[-118.51891,34.5149],[-118.5189,34.51502],[-118.51883,34.5151],[-118.51862,34.51521],[-118.51845,34.51532],[-118.51833,34.51543],[-118.51824,34.51557],[-118.51822,34.51566],[-118.51821,34.5158],[-118.51817,34.51596],[-118.51797,34.51632],[-118.51784,34.51654],[-118.51772,34.51666],[-118.51766,34.51677],[-118.51763,34.51689],[-118.51764,34.51708],[-118.51769,34.51715],[-118.51783,34.51729],[-118.51789,34.51741],[-118.51788,34.51754],[-118.51783,34.5176],[-118.51763,34.51776],[-118.5173,34.51797],[-118.51709,34.51817],[-118.51706,34.5183],[-118.51707,34.51841],[-118.51709,34.51848],[-118.51719,34.5186],[-118.51727,34.51867],[-118.51736,34.51883],[-118.51734,34.51891],[-118.51726,34.51911],[-118.51711,34.51926],[-118.51684,34.51951],[-118.51669,34.51964],[-118.51661,34.51968],[-118.51648,34.51971],[-118.51634,34.5197],[-118.51612,34.51971],[-118.51599,34.51975],[-118.51596,34.5198],[-118.51594,34.51987],[-118.51598,34.51991],[-118.51607,34.51994],[-118.51619,34.51996],[-118.51661,34.52004],[-118.51673,34.52008],[-118.51686,34.52014],[-118.51699,34.52024],[-118.51701,34.52027],[-118.51702,34.52042],[-118.51699,34.52057],[-118.51694,34.52065],[-118.51665,34.52085],[-118.51606,34.52129],[-118.51487,34.52217],[-118.51467,34.5223],[-118.51441,34.5224],[-118.5141,34.52251],[-118.51389,34.52263],[-118.51374,34.5228],[-118.5136,34.52298],[-118.51352,34.52303],[-118.51332,34.52315],[-118.51295,34.52335],[-118.51282,34.52341],[-118.51268,34.52342],[-118.51243,34.52336],[-118.51222,34.52334],[-118.51212,34.52334],[-118.51211,34.52335],[-118.51209,34.52337],[-118.51208,34.52341],[-118.51209,34.52348],[-118.51216,34.52361],[-118.51244,34.52399],[-118.51249,34.52411],[-118.51249,34.52417],[-118.51249,34.52434],[-118.51252,34.52439],[-118.51265,34.52457],[-118.51269,34.5247],[-118.5127,34.52478],[-118.51271,34.5249],[-118.51266,34.52501],[-118.51257,34.52511],[-118.51246,34.52517],[-118.512,34.52532],[-118.5119,34.5254],[-118.51186,34.52545],[-118.51186,34.52551],[-118.51186,34.52552],[-118.51187,34.52569],[-118.51182,34.5258],[-118.5117,34.52597],[-118.51167,34.52606],[-118.51168,34.5261],[-118.51169,34.52614],[-118.5117,34.52615],[-118.51163,34.52621],[-118.51162,34.5263],[-118.5115,34.52667],[-118.51123,34.52703],[-118.511,34.52713],[-118.51095,34.52712],[-118.51055,34.52728],[-118.51011,34.52765],[-118.51002,34.52778],[-118.50987,34.52797],[-118.5089,34.5287],[-118.5085,34.52906],[-118.50816,34.52932],[-118.50798,34.52947],[-118.50779,34.52971],[-118.50773,34.52985],[-118.50759,34.53001],[-118.5074,34.53024],[-118.50721,34.53056],[-118.50689,34.53085],[-118.50672,34.53104],[-118.50626,34.53146],[-118.50601,34.53171],[-118.50579,34.53194],[-118.50549,34.53214],[-118.50499,34.5325],[-118.50443,34.53298],[-118.50436,34.53305],[-118.50417,34.53328],[-118.50394,34.53341],[-118.50329,34.53377],[-118.50313,34.53389],[-118.50303,34.53402],[-118.50297,34.5341],[-118.5027,34.53449],[-118.50256,34.53466],[-118.50243,34.53476],[-118.5022,34.53492],[-118.50212,34.53503],[-118.50209,34.53517],[-118.50212,34.53533],[-118.50223,34.53549],[-118.50236,34.53566],[-118.50242,34.53577],[-118.50249,34.53604],[-118.50242,34.5366],[-118.50232,34.53675],[-118.50217,34.5369],[-118.50201,34.53715],[-118.50196,34.5373],[-118.50187,34.53762],[-118.50179,34.53764],[-118.50171,34.53765],[-118.50146,34.5377],[-118.50127,34.53786],[-118.50084,34.53811],[-118.50037,34.53844],[-118.49933,34.53926],[-118.49896,34.53949],[-118.49842,34.53995],[-118.49835,34.54],[-118.49783,34.54039],[-118.49724,34.54083],[-118.4971,34.54098],[-118.49691,34.5411],[-118.49663,34.54125],[-118.49632,34.54146],[-118.49608,34.54163],[-118.49581,34.54182],[-118.49549,34.54207],[-118.49519,34.54231],[-118.49498,34.54243],[-118.49482,34.54247],[-118.4947,34.54251],[-118.49464,34.54262],[-118.49466,34.54272],[-118.49471,34.54288],[-118.49472,34.54306],[-118.49475,34.54318],[-118.49492,34.54324],[-118.49513,34.54327],[-118.49523,34.54335],[-118.49521,34.54347],[-118.49498,34.54361],[-118.49485,34.54373],[-118.49483,34.54376],[-118.49471,34.54392],[-118.49456,34.5444],[-118.49446,34.54459],[-118.49436,34.54468],[-118.49427,34.54472],[-118.49426,34.54472],[-118.49401,34.54478],[-118.49377,34.54487],[-118.49343,34.54494],[-118.49314,34.54504],[-118.493,34.54511],[-118.49211,34.54549],[-118.49178,34.54566],[-118.49157,34.54574],[-118.49128,34.54584],[-118.49092,34.54599],[-118.49063,34.54622],[-118.49049,34.54632],[-118.4901,34.54652],[-118.48995,34.54668],[-118.48988,34.54682],[-118.48978,34.54706],[-118.48971,34.54726],[-118.48957,34.54742],[-118.48945,34.54752],[-118.48917,34.54762],[-118.48874,34.54784],[-118.48832,34.54802],[-118.48777,34.54829],[-118.48719,34.5486],[-118.4869,34.54879],[-118.4867,34.54894],[-118.48648,34.54911],[-118.48633,34.54919],[-118.48616,34.54919],[-118.48609,34.54918],[-118.48598,34.54918],[-118.48592,34.54919],[-118.48591,34.54923],[-118.4859,34.5493],[-118.48589,34.54947],[-118.48584,34.54957],[-118.48573,34.54959],[-118.48558,34.5496],[-118.48538,34.5496],[-118.48525,34.54959],[-118.48522,34.5496],[-118.48517,34.54966],[-118.4852,34.54976],[-118.48538,34.54985],[-118.48556,34.54992],[-118.48578,34.55005],[-118.48602,34.55017],[-118.48612,34.55021],[-118.48618,34.55025],[-118.48618,34.55032],[-118.48613,34.55038],[-118.48606,34.55039],[-118.48594,34.55036],[-118.48565,34.55025],[-118.48554,34.55023],[-118.48546,34.55025],[-118.48534,34.55031],[-118.48526,34.55047],[-118.48519,34.55052],[-118.48512,34.55052],[-118.48492,34.55047],[-118.48481,34.5505],[-118.48466,34.55066],[-118.48459,34.55068],[-118.48446,34.55068],[-118.48436,34.5506],[-118.48422,34.55047],[-118.48408,34.55026],[-118.48407,34.55025],[-118.48388,34.55019],[-118.48377,34.55016],[-118.48357,34.54999],[-118.48343,34.54995],[-118.48336,34.54996],[-118.48332,34.55005],[-118.4833,34.55017],[-118.48324,34.55028],[-118.48313,34.55027],[-118.48299,34.55017],[-118.48294,34.55005],[-118.48298,34.54986],[-118.48294,34.54962],[-118.48288,34.5493],[-118.48285,34.54907],[-118.48268,34.54891],[-118.48261,34.54888],[-118.4825,34.54889],[-118.48248,34.54889],[-118.48239,34.54901],[-118.48236,34.54929],[-118.48228,34.54959],[-118.48222,34.55005],[-118.48223,34.5502],[-118.48218,34.55029],[-118.48207,34.5503],[-118.48188,34.5502],[-118.4815,34.55],[-118.48121,34.54986],[-118.48108,34.54985],[-118.48096,34.54986],[-118.48082,34.54981],[-118.48074,34.54969],[-118.48059,34.54954],[-118.48041,34.54943],[-118.48024,34.54934],[-118.48009,34.54931],[-118.48006,34.54931],[-118.47998,34.54932],[-118.47993,34.54938],[-118.48002,34.5495],[-118.48016,34.54964],[-118.48028,34.54978],[-118.48028,34.55007],[-118.48029,34.55019],[-118.48035,34.55037],[-118.48029,34.55055],[-118.48026,34.55066],[-118.48021,34.55082],[-118.48014,34.55083],[-118.4799,34.55075],[-118.47971,34.55072],[-118.47961,34.55072],[-118.47944,34.55074],[-118.4792,34.55075],[-118.47909,34.55074],[-118.47907,34.55077],[-118.47907,34.55086],[-118.4791,34.55105],[-118.47908,34.55114],[-118.47896,34.55121],[-118.47883,34.55119],[-118.47863,34.55116],[-118.47844,34.55113],[-118.47821,34.55116],[-118.47802,34.5512],[-118.47784,34.5512],[-118.47764,34.55115],[-118.47744,34.55105],[-118.47725,34.55091],[-118.47714,34.55084],[-118.47706,34.55086],[-118.477,34.55093],[-118.47697,34.55119],[-118.47696,34.55153],[-118.4769,34.55162],[-118.47676,34.55166],[-118.47655,34.55169],[-118.4764,34.55177],[-118.47628,34.55176],[-118.47609,34.55162],[-118.47602,34.55158],[-118.47597,34.55159],[-118.47593,34.55167],[-118.47585,34.55177],[-118.47571,34.55181],[-118.4756,34.55175],[-118.47549,34.55167],[-118.4754,34.55165],[-118.47533,34.55166],[-118.4753,34.5517],[-118.47533,34.55185],[-118.47537,34.55197],[-118.47537,34.55203],[-118.47529,34.5521],[-118.47515,34.55213],[-118.47481,34.55215],[-118.47467,34.55218],[-118.47457,34.55228],[-118.47448,34.55242],[-118.47442,34.55256],[-118.47432,34.55264],[-118.4742,34.55257],[-118.47406,34.55255],[-118.474,34.5526],[-118.47401,34.55277],[-118.47402,34.55288],[-118.47391,34.55297],[-118.47353,34.55304],[-118.47332,34.5531],[-118.47328,34.5532],[-118.47324,34.55333],[-118.47332,34.55358],[-118.47336,34.55366],[-118.47344,34.55368],[-118.47357,34.5536],[-118.47364,34.55354],[-118.47373,34.55353],[-118.47379,34.55357],[-118.47382,34.55362],[-118.47381,34.55373],[-118.47381,34.55382],[-118.47385,34.55386],[-118.47394,34.55385],[-118.47414,34.55377],[-118.47428,34.55372],[-118.47445,34.55376],[-118.47485,34.55393],[-118.47498,34.55394],[-118.47512,34.55388],[-118.47522,34.55371],[-118.47532,34.55364],[-118.47561,34.55378],[-118.47582,34.55389],[-118.47586,34.55398],[-118.47585,34.55418],[-118.47591,34.55431],[-118.47591,34.55438],[-118.4758,34.5545],[-118.4757,34.55454],[-118.47551,34.55467],[-118.47478,34.55508],[-118.47443,34.55527],[-118.47424,34.55528],[-118.47391,34.55524],[-118.47368,34.55529],[-118.47342,34.55541],[-118.47307,34.55562],[-118.47296,34.55565],[-118.47288,34.55565],[-118.47268,34.55565],[-118.47232,34.55577],[-118.47191,34.55596],[-118.47108,34.55639],[-118.47104,34.55637],[-118.47099,34.55634],[-118.47094,34.55632],[-118.47087,34.55633],[-118.47079,34.55637],[-118.47074,34.55642],[-118.47069,34.55649],[-118.47068,34.55658],[-118.47039,34.55667],[-118.47003,34.55674],[-118.46986,34.55677],[-118.4696,34.5567],[-118.46944,34.55669],[-118.4693,34.55673],[-118.46918,34.55681],[-118.4691,34.55682],[-118.46897,34.55679],[-118.46886,34.55675],[-118.46873,34.55687],[-118.46867,34.55708],[-118.46862,34.55736],[-118.46851,34.55749],[-118.4684,34.5575],[-118.4683,34.55742],[-118.46819,34.55739],[-118.46804,34.55742],[-118.46783,34.55752],[-118.46765,34.55767],[-118.46752,34.55772],[-118.46738,34.55766],[-118.46719,34.55746],[-118.46697,34.55721],[-118.46679,34.55712],[-118.46664,34.55701],[-118.46656,34.55689],[-118.46649,34.55681],[-118.4664,34.55679],[-118.46628,34.55682],[-118.46625,34.55702],[-118.46613,34.55715],[-118.46603,34.55723],[-118.46596,34.5573],[-118.46581,34.55752],[-118.46576,34.55768],[-118.46571,34.55797],[-118.46568,34.55808],[-118.46577,34.55816],[-118.46584,34.55826],[-118.46587,34.55838],[-118.46582,34.55857],[-118.46564,34.55869],[-118.46537,34.55874],[-118.4652,34.55873],[-118.46511,34.55872],[-118.4649,34.55862],[-118.46455,34.55843],[-118.46425,34.55833],[-118.46413,34.55816],[-118.46404,34.55781],[-118.464,34.5577],[-118.4639,34.55765],[-118.4638,34.55766],[-118.46362,34.55771],[-118.46352,34.55772],[-118.46336,34.55769],[-118.46309,34.5575],[-118.46295,34.55738],[-118.46283,34.5572],[-118.4628,34.55708],[-118.46275,34.55702],[-118.46254,34.55694],[-118.46238,34.55688],[-118.46215,34.55688],[-118.46196,34.55686],[-118.46175,34.55686],[-118.4616,34.55683],[-118.46145,34.5568],[-118.46132,34.5568],[-118.46111,34.5568],[-118.46091,34.55682],[-118.46073,34.55684],[-118.46057,34.55688],[-118.46041,34.5569],[-118.46028,34.55691],[-118.45995,34.55693],[-118.4596,34.55697],[-118.45929,34.55699],[-118.45909,34.55699],[-118.45898,34.55703],[-118.45893,34.55708],[-118.45891,34.55717],[-118.45905,34.5573],[-118.45931,34.55747],[-118.45944,34.55759],[-118.45955,34.55786],[-118.45962,34.55804],[-118.45959,34.55814],[-118.4595,34.5582],[-118.45932,34.55826],[-118.45925,34.55832],[-118.45921,34.55853],[-118.45908,34.5587],[-118.45894,34.55881],[-118.45889,34.55884],[-118.45887,34.55886],[-118.45872,34.55896],[-118.45864,34.55908],[-118.45855,34.55922],[-118.4584,34.55929],[-118.45818,34.55932],[-118.45804,34.55937],[-118.45802,34.55947],[-118.45817,34.55965],[-118.45834,34.55989],[-118.45853,34.55996],[-118.45865,34.56004],[-118.45879,34.56026],[-118.45887,34.56047],[-118.45891,34.56061],[-118.45892,34.56087],[-118.45898,34.56097],[-118.45907,34.56106],[-118.4591,34.56116],[-118.45908,34.56126],[-118.45907,34.56137],[-118.45914,34.56158],[-118.45925,34.56167],[-118.45939,34.56181],[-118.45945,34.56193],[-118.4596,34.56226],[-118.45969,34.56241],[-118.45971,34.56253],[-118.45969,34.56267],[-118.45967,34.56279],[-118.45975,34.56282],[-118.45987,34.56281],[-118.46001,34.56274],[-118.46009,34.56274],[-118.46013,34.56278],[-118.46015,34.56283],[-118.46015,34.56289],[-118.46009,34.56299],[-118.46004,34.56308],[-118.46013,34.56317],[-118.46024,34.56323],[-118.4604,34.56322],[-118.46056,34.56318],[-118.46065,34.56317],[-118.46081,34.56326],[-118.46097,34.56345],[-118.46101,34.56354],[-118.46097,34.56371],[-118.46089,34.56385],[-118.46056,34.56408],[-118.4604,34.56413],[-118.46025,34.56419],[-118.46015,34.56431],[-118.45997,34.56452],[-118.45971,34.56474],[-118.45958,34.56492],[-118.45961,34.56499],[-118.45967,34.565],[-118.45977,34.56499],[-118.45987,34.56494],[-118.45997,34.56497],[-118.46003,34.56502],[-118.46004,34.56514],[-118.45995,34.56525],[-118.45972,34.56535],[-118.4595,34.56547],[-118.45942,34.56558],[-118.45931,34.56575],[-118.45917,34.5658],[-118.45892,34.56583],[-118.45864,34.5659],[-118.45847,34.5659],[-118.45834,34.56583],[-118.45819,34.56564],[-118.45811,34.56553],[-118.45799,34.56548],[-118.45774,34.56539],[-118.45751,34.56526],[-118.45739,34.56517],[-118.45732,34.56521],[-118.45724,34.56525],[-118.45715,34.56544],[-118.45707,34.56564],[-118.45706,34.56576],[-118.45712,34.56586],[-118.45715,34.56591],[-118.45711,34.56604],[-118.45698,34.56631],[-118.45693,34.56651],[-118.45671,34.56672],[-118.45659,34.56675],[-118.45631,34.56678],[-118.45618,34.56681],[-118.45611,34.56694],[-118.45616,34.56708],[-118.45617,34.56729],[-118.45612,34.56755],[-118.45607,34.56762],[-118.45591,34.56768],[-118.45564,34.5678],[-118.45546,34.56794],[-118.45535,34.56799],[-118.45518,34.56799],[-118.45498,34.56793],[-118.45478,34.56792],[-118.45451,34.56795],[-118.4543,34.56801],[-118.45418,34.56805],[-118.45426,34.5681],[-118.45432,34.56811],[-118.45458,34.56809],[-118.45481,34.56813],[-118.45498,34.56818],[-118.45512,34.56827],[-118.4555,34.5684],[-118.45565,34.56845],[-118.45583,34.56838],[-118.45607,34.56831],[-118.45658,34.56828],[-118.45685,34.56818],[-118.45697,34.56807],[-118.45706,34.56783],[-118.45708,34.56776],[-118.45719,34.56772],[-118.45727,34.5677],[-118.45736,34.56759],[-118.45745,34.56759],[-118.4575,34.56763],[-118.45744,34.56782],[-118.45735,34.56799],[-118.45722,34.56827],[-118.45702,34.56868],[-118.45695,34.56878],[-118.45674,34.56887],[-118.45652,34.56896],[-118.45629,34.56913],[-118.45605,34.56922],[-118.45564,34.56924],[-118.45552,34.56929],[-118.45538,34.56938],[-118.45535,34.5695],[-118.45535,34.56956],[-118.45494,34.56958],[-118.45452,34.56959],[-118.45435,34.56963],[-118.45433,34.56964],[-118.45425,34.56969],[-118.45422,34.5698],[-118.45422,34.56986],[-118.45424,34.56992],[-118.45442,34.57003],[-118.45458,34.57022],[-118.45483,34.57053],[-118.45484,34.57062],[-118.45479,34.57067],[-118.45469,34.57063],[-118.45453,34.57051],[-118.45446,34.57047],[-118.45436,34.57044],[-118.45431,34.57045],[-118.45423,34.57052],[-118.45413,34.57058],[-118.45395,34.57061],[-118.45379,34.57066],[-118.45357,34.57075],[-118.4534,34.57086],[-118.45322,34.57087],[-118.45304,34.5709],[-118.45291,34.57089],[-118.45276,34.57084],[-118.45261,34.5708],[-118.45251,34.5708],[-118.45248,34.5708],[-118.45246,34.57085],[-118.45247,34.57089],[-118.45257,34.57091],[-118.45276,34.57095],[-118.45307,34.57109],[-118.45334,34.57121],[-118.45354,34.57123],[-118.45384,34.57116],[-118.45395,34.57113],[-118.45409,34.57116],[-118.45422,34.5713],[-118.45435,34.57139],[-118.45451,34.57151],[-118.45472,34.57176],[-118.45488,34.57191],[-118.45499,34.57195],[-118.45508,34.57194],[-118.45523,34.57181],[-118.4553,34.57173],[-118.45537,34.57169],[-118.45544,34.57171],[-118.45554,34.57177],[-118.45564,34.5718],[-118.45568,34.57179],[-118.45574,34.57174],[-118.45579,34.5717],[-118.45583,34.57166],[-118.45589,34.57165],[-118.45592,34.57166],[-118.45596,34.57171],[-118.456,34.57185],[-118.45608,34.57198],[-118.45615,34.5723],[-118.45619,34.57236],[-118.45629,34.57243],[-118.45648,34.57248],[-118.45668,34.57251],[-118.45677,34.57246],[-118.45684,34.57243],[-118.45689,34.57238],[-118.45699,34.57237],[-118.45706,34.57239],[-118.45708,34.57246],[-118.45701,34.57255],[-118.45691,34.57262],[-118.4568,34.57267],[-118.45671,34.5727],[-118.45666,34.57271],[-118.45662,34.57272],[-118.45629,34.57268],[-118.456,34.57267],[-118.45592,34.57268],[-118.45565,34.57282],[-118.45541,34.57298],[-118.45511,34.57306],[-118.45469,34.57322],[-118.45468,34.57323],[-118.45442,34.57337],[-118.45416,34.5735],[-118.45372,34.57366],[-118.45348,34.57381],[-118.45331,34.57397],[-118.45319,34.57408],[-118.45307,34.57414],[-118.45303,34.57424],[-118.45301,34.57443],[-118.45301,34.5747],[-118.45306,34.5748],[-118.45318,34.57492],[-118.45334,34.57503],[-118.45345,34.57518],[-118.45349,34.57532],[-118.45354,34.57542],[-118.45365,34.57551],[-118.45371,34.57559],[-118.45371,34.57567],[-118.45368,34.57571],[-118.45359,34.57575],[-118.45331,34.57583],[-118.45308,34.5759],[-118.45291,34.57604],[-118.4528,34.57615],[-118.45279,34.57629],[-118.45278,34.57651],[-118.45271,34.5767],[-118.4526,34.57679],[-118.45241,34.57688],[-118.45227,34.577],[-118.45221,34.57714],[-118.45217,34.57728],[-118.45209,34.57747],[-118.452,34.57757],[-118.45183,34.5777],[-118.45171,34.57779],[-118.45171,34.57786],[-118.45183,34.57805],[-118.45194,34.57816],[-118.45227,34.57831],[-118.45229,34.57832],[-118.45237,34.57836],[-118.45246,34.57837],[-118.45268,34.57836],[-118.45288,34.57841],[-118.45312,34.57844],[-118.45333,34.57851],[-118.45344,34.5786],[-118.45345,34.57874],[-118.45328,34.57892],[-118.45302,34.57906],[-118.45289,34.57923],[-118.45284,34.57942],[-118.45279,34.57961],[-118.4527,34.57979],[-118.45257,34.57982],[-118.45241,34.57984],[-118.45234,34.5799],[-118.4523,34.58],[-118.45234,34.58014],[-118.45223,34.58032],[-118.4521,34.58046],[-118.45203,34.58063],[-118.45214,34.58099],[-118.45227,34.58114],[-118.45236,34.58122],[-118.45231,34.58142],[-118.45227,34.58167],[-118.45224,34.58177],[-118.45213,34.58183],[-118.45198,34.58181],[-118.45185,34.58174],[-118.45173,34.58168],[-118.45168,34.5816],[-118.45167,34.58153],[-118.45161,34.58147],[-118.4515,34.58138],[-118.4514,34.58128],[-118.45135,34.58126],[-118.45128,34.58126],[-118.4511,34.58132],[-118.45097,34.58134],[-118.45089,34.58138],[-118.45094,34.58157],[-118.45101,34.58171],[-118.45103,34.58182],[-118.45104,34.58211],[-118.45098,34.5822],[-118.45088,34.58221],[-118.45077,34.58214],[-118.45071,34.58209],[-118.45055,34.582],[-118.45047,34.58201],[-118.45045,34.58209],[-118.45047,34.58224],[-118.45051,34.5824],[-118.45046,34.58261],[-118.45053,34.58268],[-118.45062,34.5827],[-118.45069,34.5827],[-118.45096,34.5827],[-118.4511,34.58271],[-118.4513,34.58281],[-118.45144,34.58292],[-118.4516,34.58299],[-118.45169,34.58309],[-118.45173,34.58324],[-118.45175,34.58346],[-118.45177,34.58348],[-118.45184,34.58355],[-118.45199,34.58364],[-118.45205,34.58376],[-118.45206,34.58391],[-118.45192,34.58412],[-118.4518,34.58426],[-118.45176,34.58432],[-118.4516,34.58444],[-118.45137,34.58454],[-118.45128,34.58457],[-118.4511,34.58463],[-118.45089,34.58468],[-118.45074,34.58477],[-118.45063,34.58492],[-118.45049,34.58503],[-118.45029,34.58505],[-118.45018,34.58501],[-118.45002,34.58496],[-118.44998,34.58498],[-118.44995,34.58501],[-118.44995,34.58506],[-118.45002,34.58519],[-118.45007,34.58529],[-118.45007,34.58536],[-118.45004,34.58551],[-118.45006,34.58565],[-118.45025,34.58601],[-118.45033,34.58607],[-118.45043,34.58608],[-118.45056,34.58603],[-118.45067,34.58583],[-118.45077,34.58567],[-118.45098,34.58553],[-118.45127,34.58537],[-118.45151,34.58526],[-118.45164,34.58522],[-118.45165,34.58522],[-118.45174,34.58522],[-118.45187,34.58523],[-118.45199,34.58528],[-118.45206,34.58536],[-118.45209,34.58546],[-118.45207,34.58569],[-118.45208,34.58585],[-118.45213,34.58591],[-118.4523,34.58597],[-118.45239,34.58606],[-118.45238,34.58617],[-118.4523,34.58623],[-118.45212,34.58637],[-118.45195,34.58646],[-118.45175,34.5865],[-118.4515,34.58655],[-118.4512,34.58662],[-118.45092,34.58668],[-118.45069,34.58678],[-118.4506,34.58688],[-118.45041,34.58717],[-118.45028,34.58739],[-118.45032,34.58753],[-118.45044,34.58775],[-118.45054,34.58797],[-118.45058,34.58808],[-118.45069,34.58818],[-118.45083,34.58824],[-118.45082,34.58854],[-118.45078,34.58869],[-118.45071,34.58884],[-118.4506,34.58898],[-118.4504,34.58921],[-118.45015,34.58946],[-118.44991,34.58968],[-118.4496,34.58992],[-118.44936,34.59006],[-118.44923,34.59022],[-118.44907,34.59034],[-118.44888,34.59045],[-118.44877,34.59062],[-118.4487,34.5908],[-118.4486,34.59106],[-118.44857,34.59123],[-118.4486,34.5913],[-118.44859,34.59132],[-118.44862,34.5913],[-118.44871,34.59137],[-118.44875,34.59137],[-118.44886,34.59138],[-118.44906,34.59129],[-118.4492,34.5912],[-118.44924,34.59112],[-118.44925,34.59105],[-118.44912,34.59096],[-118.44905,34.59091],[-118.449,34.59086],[-118.44893,34.59078],[-118.44893,34.59075],[-118.44894,34.59071],[-118.449,34.59063],[-118.44915,34.59055],[-118.44938,34.59051],[-118.44966,34.59048],[-118.44976,34.59044],[-118.44978,34.59043],[-118.45012,34.59025],[-118.45015,34.59024],[-118.45035,34.5902],[-118.45044,34.59018],[-118.4505,34.59015],[-118.45058,34.5901],[-118.45083,34.58989],[-118.45102,34.5897],[-118.45108,34.58964],[-118.45123,34.58954],[-118.45144,34.5895],[-118.45161,34.58952],[-118.45175,34.5896],[-118.45193,34.58975],[-118.45209,34.58992],[-118.45215,34.59006],[-118.4521,34.59019],[-118.452,34.59027],[-118.45172,34.59041],[-118.45141,34.59059],[-118.45114,34.59074],[-118.45103,34.59087],[-118.45094,34.59108],[-118.45092,34.59125],[-118.4508,34.59158],[-118.45076,34.5917],[-118.45079,34.59173],[-118.45092,34.59186],[-118.45109,34.59198],[-118.45112,34.59211],[-118.45124,34.59228],[-118.45137,34.59247],[-118.45145,34.59248],[-118.45158,34.59243],[-118.45163,34.59233],[-118.45166,34.59222],[-118.4518,34.59213],[-118.45201,34.59215],[-118.45231,34.59231],[-118.45288,34.59261],[-118.453,34.59265],[-118.45329,34.59275],[-118.45419,34.59254],[-118.45432,34.59262],[-118.45435,34.59266],[-118.45431,34.59266],[-118.45425,34.59267],[-118.45416,34.59269],[-118.45408,34.5927],[-118.454,34.59273],[-118.45396,34.59274],[-118.45384,34.59278],[-118.45367,34.59285],[-118.45356,34.5929],[-118.45344,34.59296],[-118.45303,34.59317],[-118.45299,34.59319],[-118.45293,34.59322],[-118.45283,34.59329],[-118.45272,34.59336],[-118.45262,34.59341],[-118.4525,34.59346],[-118.45244,34.59348],[-118.45238,34.5935],[-118.45232,34.59352],[-118.45225,34.59354],[-118.45209,34.59356],[-118.45193,34.59358],[-118.45151,34.59362],[-118.45117,34.59366],[-118.45102,34.59368],[-118.45092,34.5937],[-118.45084,34.59372],[-118.45068,34.59376],[-118.45057,34.59379],[-118.45048,34.59382],[-118.45039,34.59386],[-118.45032,34.5939],[-118.45025,34.59395],[-118.45017,34.59401],[-118.4501,34.59408],[-118.45002,34.59416],[-118.44997,34.59423],[-118.44992,34.5943],[-118.44987,34.59437],[-118.44982,34.59446],[-118.44975,34.59457],[-118.44959,34.59488],[-118.44937,34.59533],[-118.44927,34.59555],[-118.44912,34.59586],[-118.44895,34.59626],[-118.44887,34.59643],[-118.44881,34.59656],[-118.44865,34.59684],[-118.44859,34.59697],[-118.44855,34.59706],[-118.44852,34.59715],[-118.44849,34.59725],[-118.44847,34.59734],[-118.44845,34.59747],[-118.44844,34.59753],[-118.44844,34.59759],[-118.44844,34.59766],[-118.44846,34.59784],[-118.44849,34.59833],[-118.4485,34.59851],[-118.4485,34.59866],[-118.4485,34.59891],[-118.44849,34.59911],[-118.44848,34.59932],[-118.44847,34.59951],[-118.44845,34.59972],[-118.44843,34.59987],[-118.4484,34.60006],[-118.44836,34.60029],[-118.4483,34.60058],[-118.44829,34.60063],[-118.44825,34.60079],[-118.44811,34.60138],[-118.448,34.60174],[-118.44793,34.60192],[-118.4479,34.60201],[-118.44783,34.60201],[-118.44749,34.60201],[-118.4473,34.60201],[-118.44721,34.60201],[-118.44675,34.60201],[-118.44668,34.60201],[-118.44662,34.60201],[-118.4463,34.60201],[-118.44613,34.60201],[-118.44521,34.60201],[-118.44191,34.60201],[-118.43785,34.60201],[-118.4364,34.60201],[-118.43391,34.60201],[-118.43283,34.60201],[-118.43012,34.60201],[-118.43012,34.60201],[-118.42873,34.60203],[-118.42842,34.60203],[-118.42474,34.60209],[-118.42363,34.60211],[-118.41982,34.60216],[-118.41558,34.60223],[-118.41467,34.60224],[-118.41452,34.60224],[-118.41119,34.6023],[-118.41114,34.60229],[-118.40793,34.60222],[-118.40654,34.60219],[-118.40634,34.60219],[-118.40354,34.60213],[-118.40215,34.6021],[-118.39911,34.60203],[-118.39461,34.60193],[-118.39338,34.60193],[-118.39338,34.60184],[-118.39338,34.60177],[-118.39338,34.60098],[-118.39334,34.59473],[-118.39334,34.59434],[-118.39333,34.5924],[-118.39331,34.58965],[-118.3933,34.58831],[-118.3933,34.58803],[-118.3933,34.58797],[-118.3933,34.58786],[-118.3933,34.58754],[-118.3933,34.58747],[-118.39329,34.5873],[-118.39329,34.58721],[-118.39329,34.58718],[-118.39329,34.58713],[-118.39327,34.58398],[-118.39327,34.58246],[-118.39326,34.58216],[-118.39326,34.58183],[-118.39326,34.58151],[-118.39326,34.58141],[-118.39326,34.58129],[-118.39326,34.58098],[-118.39326,34.58089],[-118.39326,34.58087],[-118.39325,34.58035],[-118.39325,34.58035],[-118.39222,34.58035],[-118.39222,34.58036],[-118.38659,34.58036],[-118.38446,34.58037],[-118.38442,34.57839],[-118.38442,34.57599],[-118.38443,34.57599],[-118.38443,34.57599],[-118.38443,34.57596],[-118.38443,34.57591],[-118.38442,34.57319],[-118.38442,34.57319],[-118.38376,34.57319],[-118.37708,34.57321],[-118.37563,34.57321],[-118.37565,34.56883],[-118.37569,34.56251],[-118.3757,34.5612],[-118.3757,34.5612],[-118.37571,34.55971],[-118.37571,34.55877],[-118.37571,34.55867],[-118.37726,34.55868],[-118.37726,34.55857],[-118.37732,34.55737],[-118.37739,34.55593],[-118.37815,34.53993],[-118.38658,34.53991],[-118.39079,34.5399],[-118.39501,34.53989],[-118.39653,34.53989],[-118.39793,34.53989],[-118.39988,34.53989],[-118.41269,34.53989],[-118.42659,34.53995],[-118.43053,34.53997],[-118.43053,34.53964],[-118.43073,34.53269],[-118.43073,34.53252],[-118.43073,34.53252],[-118.43073,34.53252],[-118.43073,34.53252],[-118.43073,34.53239],[-118.43074,34.53237],[-118.43074,34.53228],[-118.43074,34.53217],[-118.43074,34.53206],[-118.43078,34.53085],[-118.43085,34.52825],[-118.43091,34.52586],[-118.43093,34.52542],[-118.43093,34.52542],[-118.43093,34.52528],[-118.43113,34.51807],[-118.43133,34.51073],[-118.43136,34.5098],[-118.43137,34.50933],[-118.43138,34.50903],[-118.4314,34.50838],[-118.43141,34.50792],[-118.43141,34.50791],[-118.43142,34.50741],[-118.43145,34.50657],[-118.43147,34.50577],[-118.43149,34.50499],[-118.4315,34.50462],[-118.4315,34.50451],[-118.4315,34.5045],[-118.43152,34.50399],[-118.43154,34.50317],[-118.43155,34.50291],[-118.43156,34.50245],[-118.43159,34.50128],[-118.43162,34.50025],[-118.43163,34.4998],[-118.43166,34.49895],[-118.43166,34.49862],[-118.43168,34.49787],[-118.4317,34.4974],[-118.43175,34.49561],[-118.43175,34.49554],[-118.43175,34.49518],[-118.43176,34.49467],[-118.43179,34.49312],[-118.4318,34.49232],[-118.43183,34.49071],[-118.43184,34.49028],[-118.43185,34.48979],[-118.43187,34.48856],[-118.43187,34.48843],[-118.43188,34.48771],[-118.43189,34.48716],[-118.43191,34.48617],[-118.43192,34.48522],[-118.43193,34.48467],[-118.43196,34.48325],[-118.43197,34.48262],[-118.43197,34.48247],[-118.43198,34.48214],[-118.43199,34.4815],[-118.43199,34.4815],[-118.43199,34.4815],[-118.432,34.48134],[-118.43199,34.48134],[-118.432,34.48129],[-118.432,34.48128],[-118.43203,34.48038],[-118.43203,34.48038],[-118.43207,34.4794],[-118.43213,34.47787],[-118.43226,34.47461],[-118.43227,34.47424],[-118.43227,34.47423],[-118.43228,34.47413],[-118.43232,34.47315],[-118.43239,34.47127],[-118.43245,34.47095],[-118.43245,34.47095],[-118.43242,34.47095],[-118.43244,34.47058],[-118.43248,34.46947],[-118.43248,34.46944],[-118.4325,34.46898],[-118.43251,34.46882],[-118.43252,34.46852],[-118.43253,34.46818],[-118.43258,34.467],[-118.43258,34.46698],[-118.43276,34.46698],[-118.43391,34.46694],[-118.43391,34.46694],[-118.43391,34.46694],[-118.43393,34.46694],[-118.43393,34.46694],[-118.43393,34.46694],[-118.43399,34.46688],[-118.43432,34.46659],[-118.43433,34.46658],[-118.43433,34.46658],[-118.43459,34.46635],[-118.4346,34.46636],[-118.43475,34.46663],[-118.43491,34.4669],[-118.43492,34.46692],[-118.43492,34.46692],[-118.43492,34.46692],[-118.43492,34.46692],[-118.435,34.46692],[-118.43502,34.46692],[-118.4353,34.46691],[-118.43567,34.4669],[-118.43609,34.46689],[-118.43684,34.46688],[-118.43711,34.46687],[-118.43724,34.46687],[-118.43729,34.46684],[-118.43731,34.46683],[-118.43734,34.46682],[-118.43735,34.46685],[-118.43736,34.46686],[-118.43737,34.46686],[-118.43771,34.46686],[-118.43806,34.46685],[-118.43806,34.46685],[-118.43807,34.46685],[-118.43809,34.46685],[-118.43811,34.46685],[-118.43811,34.46685],[-118.43812,34.46685],[-118.43816,34.46685],[-118.43839,34.46684],[-118.43839,34.46684],[-118.43839,34.46684],[-118.43839,34.46684],[-118.4384,34.46684],[-118.4384,34.46684],[-118.4384,34.46684],[-118.4384,34.46684],[-118.43841,34.46686],[-118.43848,34.46693],[-118.4387,34.46717],[-118.43884,34.46732],[-118.43906,34.46756],[-118.43911,34.46761],[-118.43911,34.46762],[-118.43911,34.46762],[-118.43917,34.46756],[-118.4393,34.46746],[-118.43933,34.46743],[-118.43933,34.46743],[-118.43933,34.46743],[-118.43949,34.4673],[-118.43949,34.46729],[-118.43953,34.46726],[-118.43953,34.46726],[-118.43954,34.46726],[-118.43954,34.46725],[-118.43954,34.46725],[-118.43954,34.46725],[-118.43955,34.46724],[-118.43956,34.46724],[-118.43956,34.46724],[-118.43957,34.46722],[-118.43961,34.46719],[-118.43963,34.46717],[-118.43976,34.46707],[-118.43985,34.46699],[-118.43999,34.46687],[-118.44006,34.46681],[-118.44007,34.4668],[-118.44008,34.4668],[-118.44093,34.46679],[-118.44134,34.46678],[-118.44274,34.46675],[-118.44351,34.46674],[-118.44353,34.46674],[-118.45006,34.46659],[-118.45007,34.46659],[-118.45007,34.46659],[-118.45008,34.46659],[-118.45008,34.46634],[-118.45007,34.46597],[-118.45007,34.46529],[-118.45006,34.46461],[-118.45005,34.4636],[-118.45005,34.46314],[-118.45005,34.46293],[-118.45004,34.46239],[-118.45002,34.45962],[-118.45002,34.45952],[-118.45002,34.4594],[-118.45003,34.45831],[-118.45003,34.45772],[-118.45004,34.45742],[-118.45005,34.45604],[-118.45005,34.45596],[-118.45005,34.45593],[-118.45007,34.45405],[-118.45007,34.45404],[-118.45009,34.45241],[-118.45009,34.45241],[-118.45009,34.44948],[-118.45009,34.44928],[-118.45009,34.44926],[-118.45009,34.4488],[-118.45009,34.447],[-118.45009,34.44522],[-118.45014,34.44124],[-118.45012,34.4403],[-118.45012,34.44021],[-118.45012,34.44021],[-118.45012,34.44021],[-118.45003,34.44019],[-118.45012,34.44003],[-118.45019,34.43991],[-118.45018,34.4399],[-118.45016,34.4399],[-118.45014,34.43989],[-118.45012,34.43989],[-118.45012,34.43988],[-118.45012,34.43988],[-118.45012,34.4398],[-118.45012,34.43968],[-118.45011,34.43968],[-118.4501,34.43967],[-118.45008,34.43966],[-118.45006,34.43965],[-118.45004,34.43965],[-118.45003,34.43965],[-118.45001,34.43965],[-118.44999,34.43965],[-118.44997,34.43966],[-118.44995,34.43966],[-118.44995,34.43966],[-118.44996,34.43966],[-118.44993,34.43964],[-118.44998,34.43957],[-118.45009,34.43944],[-118.45011,34.43943],[-118.45011,34.43943],[-118.45011,34.4394],[-118.4501,34.43821],[-118.4501,34.43802],[-118.4501,34.43801],[-118.4501,34.43801],[-118.45013,34.43799],[-118.4504,34.43799],[-118.45044,34.43799],[-118.45075,34.43799],[-118.45075,34.43799],[-118.4508,34.43801],[-118.4508,34.43799],[-118.45099,34.43799],[-118.45118,34.43799],[-118.45138,34.43799],[-118.45157,34.43799],[-118.45159,34.43799],[-118.45179,34.43799],[-118.45198,34.43799],[-118.45218,34.43799],[-118.45238,34.43799],[-118.45239,34.43797],[-118.45244,34.43799],[-118.45248,34.43799],[-118.45258,34.43799],[-118.45277,34.43799],[-118.45291,34.43799],[-118.45314,34.43799],[-118.45332,34.43799],[-118.45358,34.43799],[-118.45375,34.43799],[-118.45411,34.43799],[-118.45447,34.43799],[-118.45527,34.43799],[-118.45536,34.43799],[-118.45569,34.43799],[-118.45609,34.43799],[-118.45884,34.43798],[-118.45926,34.43798],[-118.46287,34.43797],[-118.46311,34.43797],[-118.46319,34.43797],[-118.46319,34.43797],[-118.46319,34.43796],[-118.46319,34.43791],[-118.46423,34.4379],[-118.46432,34.43796],[-118.46443,34.43803],[-118.46494,34.43803],[-118.46498,34.43799],[-118.4651,34.43799],[-118.46519,34.43799],[-118.46534,34.43798],[-118.46543,34.43798],[-118.46544,34.43797],[-118.46544,34.43797],[-118.46544,34.43797],[-118.46562,34.43791],[-118.46567,34.4379],[-118.46568,34.43789],[-118.4658,34.43787],[-118.46592,34.43785],[-118.46592,34.43784],[-118.46602,34.43784],[-118.46619,34.43785],[-118.4662,34.43784],[-118.46625,34.43784],[-118.46654,34.43785],[-118.46673,34.43797],[-118.46688,34.43798],[-118.46758,34.43797],[-118.46759,34.43798],[-118.46759,34.43796],[-118.46758,34.43598],[-118.46756,34.43442],[-118.46756,34.43437],[-118.46755,34.43228],[-118.46754,34.4319],[-118.46754,34.43102],[-118.46754,34.43095],[-118.46754,34.43086],[-118.46753,34.42995],[-118.46766,34.42995],[-118.46779,34.42993],[-118.46779,34.42993],[-118.46771,34.42975],[-118.46764,34.42957],[-118.46759,34.4294],[-118.46758,34.42936],[-118.46757,34.42931],[-118.46755,34.42922],[-118.46754,34.42917],[-118.46753,34.42911],[-118.46752,34.42905],[-118.46752,34.42903],[-118.46752,34.42902],[-118.46751,34.42887],[-118.46751,34.42868],[-118.46752,34.42861],[-118.46753,34.42851],[-118.46754,34.42844],[-118.46755,34.42839],[-118.46756,34.42834],[-118.46757,34.42828],[-118.46758,34.42823],[-118.46759,34.42818],[-118.46768,34.42792],[-118.46751,34.42796],[-118.46751,34.42796],[-118.46751,34.42786],[-118.46751,34.42786],[-118.46773,34.4278],[-118.46796,34.42775],[-118.46775,34.42768],[-118.46763,34.42765],[-118.46762,34.42765],[-118.46755,34.42763],[-118.46751,34.42763],[-118.46741,34.42761],[-118.46743,34.42753],[-118.4675,34.42725],[-118.4675,34.42725],[-118.4675,34.42723],[-118.4675,34.42717],[-118.46751,34.42717],[-118.46778,34.42717],[-118.46782,34.42717],[-118.46795,34.42717],[-118.46805,34.42717],[-118.46814,34.42717],[-118.46831,34.42717],[-118.46832,34.42716],[-118.46833,34.42715],[-118.46835,34.42713],[-118.46843,34.42705],[-118.46858,34.42693],[-118.4687,34.42683],[-118.46875,34.42679],[-118.46891,34.42669],[-118.46916,34.42655],[-118.46951,34.42637],[-118.46975,34.42624],[-118.47012,34.42604],[-118.47021,34.42598],[-118.47026,34.42595],[-118.47041,34.42585],[-118.47051,34.42579],[-118.4706,34.42572],[-118.47068,34.42566],[-118.47074,34.4256],[-118.47076,34.42559],[-118.47084,34.42552],[-118.47092,34.42544],[-118.47103,34.42532],[-118.47114,34.4252],[-118.47132,34.42499],[-118.47141,34.42488],[-118.47145,34.42484],[-118.47151,34.42475],[-118.47171,34.42446],[-118.47181,34.42427],[-118.47186,34.42418],[-118.47195,34.42398],[-118.47199,34.42384],[-118.47203,34.42373],[-118.47207,34.42358],[-118.4721,34.42349],[-118.47213,34.4234],[-118.47216,34.42329],[-118.47218,34.42313],[-118.47219,34.42295],[-118.47219,34.42294],[-118.4722,34.42273],[-118.4722,34.42236],[-118.47219,34.42176],[-118.47219,34.42087],[-118.47218,34.41841],[-118.47218,34.4184],[-118.47217,34.41664],[-118.47217,34.41649],[-118.47217,34.4157],[-118.47217,34.41563],[-118.47217,34.41548],[-118.47219,34.41533],[-118.4722,34.41522],[-118.47224,34.41501],[-118.47228,34.4148],[-118.47237,34.41455],[-118.47241,34.41442],[-118.47243,34.41437],[-118.47245,34.41431],[-118.47257,34.41395],[-118.47258,34.41391],[-118.47262,34.4138],[-118.47264,34.41372]]]}}]}