{"type":"FeatureCollection","source":"Los Angeles County Registrar-Recorder/County Clerk, \"School Districts Trustee Areas\" and \"Division_Boundaries\" (ArcGIS Online), downloaded 4 October 2026. LA County GIS Terms of Use. For election purposes, not legal boundaries.","note":"","features":[{"type":"Feature","properties":{"seat":"","label":"District boundary","county":"","role":"outline"},"geometry":{"type":"Polygon","coordinates":[[[-118.36079,34.33714],[-118.37365,34.33713],[-118.37786,34.33713],[-118.38769,34.33711],[-118.3947,34.3371],[-118.39709,34.33709],[-118.39709,34.33717],[-118.39712,34.33781],[-118.39713,34.33813],[-118.39715,34.33869],[-118.39716,34.33907],[-118.39716,34.33914],[-118.39717,34.33931],[-118.39717,34.33938],[-118.39717,34.3394],[-118.39717,34.33954],[-118.39717,34.33955],[-118.39718,34.33957],[-118.39718,34.33969],[-118.39718,34.3397],[-118.39718,34.33971],[-118.39719,34.33997],[-118.39719,34.34],[-118.39759,34.35177],[-118.39759,34.35194],[-118.39761,34.35237],[-118.39782,34.35237],[-118.40393,34.35225],[-118.4055,34.35222],[-118.41339,34.35206],[-118.42233,34.35213],[-118.43126,34.3522],[-118.43263,34.35217],[-118.44017,34.35199],[-118.44026,34.35199],[-118.44901,34.35178],[-118.44908,34.35178],[-118.44899,34.35576],[-118.44898,34.35615],[-118.4489,34.35938],[-118.44889,34.35957],[-118.44882,34.36186],[-118.44867,34.36687],[-118.44866,34.36698],[-118.44866,34.36698],[-118.44856,34.37077],[-118.44846,34.37457],[-118.44846,34.37503],[-118.44847,34.3753],[-118.44847,34.37706],[-118.44847,34.37815],[-118.44847,34.3782],[-118.44848,34.37839],[-118.44848,34.37847],[-118.44848,34.37848],[-118.44914,34.37851],[-118.45085,34.37859],[-118.45099,34.3786],[-118.45113,34.37859],[-118.45123,34.37859],[-118.45135,34.37858],[-118.45306,34.37845],[-118.45326,34.37846],[-118.45336,34.37846],[-118.45346,34.37846],[-118.45359,34.37845],[-118.45382,34.37846],[-118.45402,34.37847],[-118.45422,34.37848],[-118.4545,34.3785],[-118.45473,34.37852],[-118.45485,34.37853],[-118.4549,34.37854],[-118.4566,34.3787],[-118.45782,34.37881],[-118.45787,34.37881],[-118.4581,34.37884],[-118.45823,34.37885],[-118.45836,34.37888],[-118.45846,34.3789],[-118.45876,34.37895],[-118.45904,34.379],[-118.45915,34.37902],[-118.45931,34.37906],[-118.45972,34.37916],[-118.46003,34.37924],[-118.46007,34.37926],[-118.46382,34.38042],[-118.46395,34.38046],[-118.46403,34.38048],[-118.4641,34.3805],[-118.4642,34.38051],[-118.46439,34.38053],[-118.46444,34.38054],[-118.46451,34.38055],[-118.46459,34.38055],[-118.46463,34.38055],[-118.46482,34.38054],[-118.46493,34.38052],[-118.46516,34.38048],[-118.46524,34.38046],[-118.46531,34.38044],[-118.46538,34.38042],[-118.46546,34.38039],[-118.46552,34.38036],[-118.46563,34.38031],[-118.46568,34.38028],[-118.46582,34.38019],[-118.46586,34.38016],[-118.46593,34.38011],[-118.46602,34.38004],[-118.4661,34.37998],[-118.46625,34.37983],[-118.46639,34.37971],[-118.46657,34.37953],[-118.46668,34.37942],[-118.46675,34.37937],[-118.46695,34.3792],[-118.46706,34.37912],[-118.4671,34.37908],[-118.46719,34.37902],[-118.46727,34.37898],[-118.46741,34.3789],[-118.46745,34.37887],[-118.46752,34.37883],[-118.46777,34.37873],[-118.46789,34.37869],[-118.46873,34.3784],[-118.46902,34.37829],[-118.46944,34.37814],[-118.46962,34.37807],[-118.4697,34.37804],[-118.46981,34.378],[-118.46985,34.37798],[-118.46992,34.37794],[-118.47,34.3779],[-118.47024,34.37775],[-118.47034,34.37767],[-118.47041,34.37761],[-118.47128,34.37679],[-118.47148,34.37662],[-118.47167,34.37647],[-118.47178,34.3764],[-118.47185,34.37635],[-118.47204,34.37625],[-118.4722,34.37617],[-118.47568,34.37498],[-118.47589,34.37491],[-118.47604,34.37485],[-118.47624,34.37476],[-118.47646,34.37465],[-118.47674,34.37448],[-118.47697,34.37433],[-118.47716,34.37421],[-118.47728,34.37412],[-118.4773,34.37411],[-118.47734,34.37408],[-118.47745,34.374],[-118.47759,34.37391],[-118.4777,34.37384],[-118.47786,34.37375],[-118.47799,34.37368],[-118.47803,34.37366],[-118.47812,34.37363],[-118.47833,34.37356],[-118.47846,34.37352],[-118.47858,34.37349],[-118.47863,34.37347],[-118.47869,34.37347],[-118.4788,34.37345],[-118.47891,34.37344],[-118.47906,34.37343],[-118.47916,34.37343],[-118.47933,34.37343],[-118.47946,34.37344],[-118.47957,34.37346],[-118.47977,34.37349],[-118.4799,34.37352],[-118.48004,34.37356],[-118.48015,34.3736],[-118.48028,34.37363],[-118.48038,34.37368],[-118.48048,34.37372],[-118.48054,34.37376],[-118.48084,34.37395],[-118.48093,34.37401],[-118.48097,34.37405],[-118.48101,34.37409],[-118.4811,34.37419],[-118.48152,34.37461],[-118.48188,34.37498],[-118.48207,34.37516],[-118.48213,34.37522],[-118.48225,34.37532],[-118.48235,34.3754],[-118.48243,34.37545],[-118.48251,34.37549],[-118.48276,34.37561],[-118.48283,34.37565],[-118.48288,34.37566],[-118.48292,34.37567],[-118.48295,34.37568],[-118.48322,34.37573],[-118.4833,34.37574],[-118.48354,34.37575],[-118.48382,34.37575],[-118.48391,34.37574],[-118.48419,34.3757],[-118.48479,34.37559],[-118.48826,34.375],[-118.48842,34.37499],[-118.4886,34.37498],[-118.48876,34.37497],[-118.48887,34.37497],[-118.489,34.37498],[-118.48902,34.37498],[-118.48906,34.37498],[-118.48921,34.37501],[-118.4893,34.37502],[-118.4895,34.37504],[-118.48961,34.37506],[-118.48972,34.37509],[-118.4899,34.37513],[-118.48992,34.37514],[-118.49002,34.37517],[-118.49041,34.37532],[-118.49056,34.37539],[-118.49067,34.37544],[-118.49075,34.37549],[-118.49086,34.37557],[-118.49091,34.37559],[-118.49094,34.37561],[-118.49098,34.37564],[-118.49104,34.37568],[-118.49131,34.37588],[-118.49135,34.37592],[-118.49143,34.37598],[-118.49253,34.37684],[-118.49272,34.37698],[-118.49328,34.37742],[-118.49348,34.37758],[-118.49359,34.37766],[-118.49371,34.37775],[-118.49399,34.37797],[-118.49422,34.37815],[-118.49411,34.37826],[-118.49402,34.37836],[-118.49389,34.37851],[-118.49382,34.3786],[-118.49374,34.37872],[-118.49363,34.37886],[-118.49357,34.37895],[-118.49347,34.37909],[-118.49329,34.37941],[-118.49324,34.3795],[-118.49315,34.3797],[-118.49304,34.37985],[-118.49248,34.38103],[-118.49097,34.38417],[-118.49089,34.38433],[-118.49084,34.38443],[-118.49083,34.38446],[-118.49069,34.38477],[-118.49064,34.38489],[-118.49056,34.38509],[-118.49054,34.38513],[-118.49051,34.38524],[-118.49042,34.38552],[-118.4904,34.38556],[-118.49019,34.3863],[-118.49003,34.38684],[-118.48984,34.38743],[-118.48982,34.38749],[-118.48976,34.38768],[-118.48964,34.3881],[-118.48957,34.38832],[-118.48949,34.38853],[-118.48941,34.38873],[-118.4894,34.38876],[-118.48934,34.38891],[-118.48925,34.38909],[-118.48902,34.38955],[-118.48867,34.39026],[-118.48814,34.39137],[-118.4879,34.39185],[-118.48764,34.39234],[-118.48754,34.39253],[-118.4875,34.39259],[-118.4873,34.39291],[-118.48705,34.3933],[-118.48695,34.39346],[-118.48685,34.3936],[-118.48674,34.39374],[-118.48662,34.39389],[-118.48647,34.39407],[-118.48617,34.3944],[-118.48602,34.39456],[-118.48592,34.39467],[-118.48591,34.39467],[-118.48564,34.39493],[-118.4855,34.39507],[-118.48535,34.3952],[-118.48519,34.39534],[-118.48509,34.39543],[-118.48488,34.39559],[-118.48489,34.39577],[-118.48489,34.39785],[-118.4849,34.40031],[-118.4849,34.40068],[-118.48515,34.4007],[-118.48598,34.40077],[-118.48598,34.40095],[-118.48599,34.40182],[-118.48604,34.40182],[-118.4875,34.40179],[-118.48752,34.40264],[-118.48847,34.4023],[-118.48868,34.40223],[-118.48882,34.40224],[-118.48894,34.40226],[-118.48888,34.40272],[-118.48874,34.40274],[-118.48875,34.40275],[-118.48877,34.40275],[-118.48878,34.40276],[-118.48879,34.40276],[-118.4888,34.40277],[-118.48881,34.40278],[-118.48881,34.40278],[-118.48882,34.40279],[-118.48883,34.4028],[-118.48883,34.40281],[-118.48884,34.40281],[-118.48884,34.40282],[-118.48884,34.40283],[-118.48885,34.40284],[-118.48885,34.40286],[-118.48885,34.40287],[-118.48885,34.40288],[-118.48884,34.40289],[-118.48884,34.40291],[-118.48883,34.40292],[-118.48883,34.40293],[-118.48881,34.40294],[-118.4888,34.40295],[-118.48879,34.40296],[-118.48878,34.40297],[-118.48877,34.40297],[-118.48874,34.40298],[-118.48874,34.40299],[-118.48874,34.40302],[-118.48875,34.40332],[-118.48812,34.4035],[-118.48807,34.40351],[-118.48779,34.40399],[-118.48818,34.40435],[-118.48819,34.40508],[-118.48819,34.40543],[-118.48646,34.40545],[-118.48553,34.40546],[-118.48553,34.40546],[-118.48541,34.40546],[-118.48489,34.40546],[-118.4847,34.4051],[-118.48455,34.40483],[-118.48444,34.40488],[-118.4832,34.40536],[-118.48287,34.40477],[-118.48274,34.40452],[-118.48266,34.40452],[-118.48183,34.40446],[-118.48173,34.40445],[-118.48107,34.40476],[-118.48102,34.40474],[-118.48057,34.40459],[-118.48019,34.40426],[-118.48008,34.40378],[-118.47988,34.40397],[-118.47949,34.40435],[-118.47936,34.40423],[-118.47834,34.40323],[-118.47825,34.40322],[-118.47813,34.4032],[-118.47783,34.40315],[-118.47757,34.4031],[-118.47757,34.4031],[-118.47759,34.40314],[-118.47759,34.40315],[-118.47781,34.40358],[-118.47782,34.40364],[-118.47784,34.40433],[-118.47784,34.4045],[-118.47705,34.40457],[-118.47684,34.40459],[-118.47662,34.4046],[-118.47615,34.40543],[-118.47615,34.40543],[-118.47616,34.40908],[-118.47616,34.40933],[-118.47616,34.40965],[-118.47616,34.40981],[-118.47617,34.40981],[-118.47616,34.40982],[-118.47616,34.40995],[-118.47617,34.41061],[-118.47651,34.41061],[-118.47651,34.41088],[-118.47651,34.41089],[-118.47641,34.41089],[-118.47617,34.41089],[-118.47618,34.41162],[-118.47639,34.41199],[-118.47717,34.4127],[-118.47825,34.4127],[-118.47837,34.4127],[-118.47837,34.41281],[-118.47837,34.4136],[-118.47848,34.4137],[-118.47845,34.41373],[-118.47842,34.41374],[-118.47842,34.41374],[-118.47842,34.41374],[-118.47859,34.41391],[-118.47869,34.41401],[-118.47877,34.41409],[-118.47878,34.4141],[-118.47884,34.41411],[-118.47893,34.41413],[-118.47919,34.41417],[-118.4793,34.41418],[-118.47939,34.41418],[-118.47949,34.41418],[-118.47959,34.41419],[-118.47961,34.41419],[-118.47961,34.41419],[-118.47963,34.41419],[-118.47968,34.41419],[-118.47978,34.41419],[-118.48006,34.41419],[-118.48016,34.41419],[-118.48026,34.41419],[-118.48036,34.41419],[-118.48046,34.4142],[-118.48049,34.4142],[-118.4805,34.4142],[-118.48057,34.4142],[-118.48066,34.41421],[-118.48066,34.41421],[-118.48067,34.41421],[-118.48068,34.41421],[-118.4807,34.41421],[-118.48071,34.41422],[-118.48074,34.41422],[-118.48085,34.41423],[-118.4809,34.41424],[-118.4809,34.41424],[-118.48099,34.41425],[-118.48107,34.41427],[-118.48114,34.41428],[-118.48119,34.4143],[-118.48126,34.41432],[-118.48131,34.41433],[-118.48132,34.41433],[-118.48138,34.41435],[-118.48141,34.41436],[-118.48148,34.41438],[-118.48155,34.41441],[-118.48155,34.41441],[-118.48161,34.41443],[-118.48165,34.41445],[-118.48172,34.41448],[-118.48177,34.4145],[-118.48182,34.41452],[-118.48188,34.41456],[-118.48192,34.41457],[-118.48194,34.41459],[-118.48197,34.4146],[-118.482,34.41462],[-118.48203,34.41464],[-118.48206,34.41466],[-118.48209,34.41467],[-118.48212,34.4147],[-118.48217,34.41472],[-118.48219,34.41474],[-118.48225,34.41478],[-118.48225,34.41479],[-118.48229,34.41482],[-118.48234,34.41485],[-118.48237,34.41488],[-118.4824,34.4149],[-118.48243,34.41493],[-118.48247,34.41496],[-118.4825,34.41499],[-118.48254,34.41503],[-118.48259,34.41508],[-118.48262,34.41511],[-118.48265,34.41513],[-118.48267,34.41516],[-118.4827,34.41519],[-118.48273,34.41524],[-118.48278,34.41529],[-118.4828,34.41532],[-118.48282,34.41534],[-118.48286,34.4154],[-118.48287,34.41542],[-118.48291,34.41549],[-118.48294,34.41553],[-118.48296,34.41555],[-118.48299,34.41561],[-118.48301,34.41565],[-118.48302,34.41568],[-118.48303,34.41569],[-118.48305,34.41573],[-118.48306,34.41576],[-118.48307,34.41579],[-118.48309,34.41583],[-118.4831,34.41587],[-118.48312,34.41592],[-118.48313,34.41593],[-118.48314,34.41599],[-118.48316,34.41605],[-118.48317,34.41606],[-118.48318,34.4161],[-118.48318,34.41613],[-118.48319,34.41618],[-118.4832,34.4162],[-118.4832,34.41621],[-118.48271,34.4163],[-118.48268,34.41619],[-118.48264,34.41603],[-118.4823,34.41614],[-118.482,34.41626],[-118.4819,34.41632],[-118.48127,34.41666],[-118.48112,34.41651],[-118.481,34.41641],[-118.4809,34.41632],[-118.4809,34.41632],[-118.48087,34.41632],[-118.48043,34.41632],[-118.48036,34.41626],[-118.48029,34.4162],[-118.47976,34.41577],[-118.47963,34.41566],[-118.47939,34.41544],[-118.47911,34.41521],[-118.47892,34.41506],[-118.47876,34.41493],[-118.47856,34.41478],[-118.47851,34.41475],[-118.47838,34.41468],[-118.4783,34.41465],[-118.47823,34.41462],[-118.47816,34.4146],[-118.4781,34.41459],[-118.47804,34.41457],[-118.47797,34.41457],[-118.47782,34.41456],[-118.47766,34.41457],[-118.47752,34.41458],[-118.47677,34.41473],[-118.47537,34.415],[-118.47526,34.41491],[-118.47515,34.41484],[-118.47505,34.41478],[-118.47474,34.4146],[-118.47458,34.41452],[-118.47423,34.41435],[-118.47423,34.41435],[-118.47421,34.41438],[-118.47409,34.41432],[-118.47394,34.41426],[-118.47288,34.41382],[-118.47279,34.41378],[-118.4727,34.41374],[-118.47264,34.41372],[-118.47262,34.4138],[-118.47258,34.41391],[-118.47257,34.41395],[-118.47245,34.41431],[-118.47243,34.41437],[-118.47241,34.41442],[-118.47237,34.41455],[-118.47228,34.4148],[-118.47224,34.41501],[-118.4722,34.41522],[-118.47219,34.41533],[-118.47217,34.41548],[-118.47217,34.41563],[-118.47217,34.4157],[-118.47217,34.41649],[-118.47217,34.41664],[-118.47218,34.4184],[-118.47219,34.42087],[-118.47219,34.42176],[-118.4722,34.42236],[-118.4722,34.42273],[-118.47219,34.42294],[-118.47219,34.42295],[-118.47218,34.42313],[-118.47216,34.42329],[-118.47213,34.4234],[-118.4721,34.42349],[-118.47208,34.42355],[-118.47207,34.42358],[-118.47203,34.42373],[-118.47199,34.42384],[-118.47195,34.42398],[-118.47186,34.42418],[-118.47181,34.42427],[-118.47171,34.42446],[-118.47151,34.42475],[-118.47145,34.42484],[-118.47141,34.42488],[-118.47132,34.42499],[-118.47114,34.4252],[-118.47103,34.42532],[-118.47092,34.42544],[-118.47084,34.42552],[-118.47076,34.42559],[-118.47074,34.4256],[-118.47068,34.42566],[-118.4706,34.42572],[-118.47051,34.42579],[-118.47041,34.42585],[-118.47026,34.42595],[-118.47021,34.42598],[-118.47012,34.42604],[-118.46975,34.42624],[-118.46951,34.42637],[-118.46916,34.42655],[-118.46891,34.42669],[-118.46875,34.42679],[-118.4687,34.42683],[-118.46858,34.42693],[-118.46843,34.42705],[-118.46835,34.42713],[-118.46832,34.42716],[-118.46831,34.42717],[-118.46814,34.42717],[-118.46805,34.42717],[-118.46795,34.42717],[-118.46782,34.42717],[-118.46778,34.42717],[-118.46751,34.42717],[-118.4675,34.42717],[-118.4675,34.42723],[-118.4675,34.42725],[-118.4675,34.42725],[-118.46743,34.42753],[-118.46741,34.42761],[-118.46751,34.42763],[-118.46755,34.42763],[-118.46762,34.42765],[-118.46763,34.42765],[-118.46775,34.42768],[-118.46796,34.42775],[-118.46773,34.4278],[-118.46751,34.42786],[-118.46751,34.42786],[-118.46751,34.42796],[-118.46751,34.42796],[-118.46768,34.42792],[-118.46759,34.42818],[-118.46758,34.42823],[-118.46757,34.42828],[-118.46756,34.42834],[-118.46755,34.42839],[-118.46754,34.42844],[-118.46753,34.42851],[-118.46752,34.42861],[-118.46751,34.42868],[-118.46751,34.42887],[-118.46752,34.42902],[-118.46752,34.42903],[-118.46752,34.42905],[-118.46753,34.42911],[-118.46754,34.42917],[-118.46755,34.42922],[-118.46757,34.42931],[-118.46758,34.42936],[-118.46759,34.4294],[-118.46764,34.42957],[-118.46771,34.42975],[-118.46779,34.42993],[-118.46779,34.42993],[-118.46766,34.42995],[-118.46753,34.42995],[-118.46754,34.43086],[-118.46754,34.43095],[-118.46754,34.43102],[-118.46754,34.4319],[-118.46755,34.43228],[-118.46756,34.43437],[-118.46756,34.43442],[-118.46759,34.43796],[-118.46759,34.43798],[-118.46758,34.43797],[-118.46688,34.43798],[-118.46673,34.43797],[-118.46654,34.43785],[-118.46625,34.43784],[-118.4662,34.43784],[-118.46619,34.43785],[-118.46602,34.43784],[-118.46592,34.43784],[-118.46592,34.43785],[-118.4658,34.43787],[-118.46568,34.43789],[-118.46567,34.4379],[-118.46562,34.43791],[-118.46544,34.43797],[-118.46544,34.43797],[-118.46544,34.43797],[-118.46543,34.43798],[-118.46534,34.43798],[-118.46519,34.43799],[-118.4651,34.43799],[-118.46498,34.43799],[-118.46494,34.43803],[-118.46443,34.43803],[-118.46432,34.43796],[-118.46423,34.4379],[-118.4632,34.43791],[-118.46319,34.43791],[-118.46319,34.43796],[-118.46319,34.43797],[-118.46319,34.43797],[-118.46311,34.43797],[-118.46287,34.43797],[-118.45926,34.43798],[-118.45884,34.43798],[-118.45609,34.43799],[-118.45569,34.43799],[-118.45536,34.43799],[-118.45447,34.43799],[-118.45411,34.43799],[-118.45375,34.43799],[-118.45358,34.43799],[-118.45332,34.43799],[-118.45314,34.43799],[-118.45291,34.43799],[-118.45277,34.43799],[-118.45258,34.43799],[-118.45244,34.43799],[-118.45239,34.43797],[-118.45238,34.43799],[-118.45218,34.43799],[-118.45198,34.43799],[-118.45179,34.43799],[-118.45159,34.43799],[-118.45157,34.43799],[-118.45138,34.43799],[-118.45118,34.43799],[-118.45099,34.43799],[-118.4508,34.43799],[-118.4508,34.43801],[-118.45075,34.43799],[-118.45075,34.43799],[-118.4504,34.43799],[-118.45013,34.43799],[-118.4501,34.43801],[-118.4501,34.43802],[-118.4501,34.43821],[-118.4501,34.43854],[-118.45011,34.43943],[-118.45011,34.43943],[-118.45009,34.43944],[-118.44998,34.43957],[-118.44993,34.43964],[-118.44996,34.43966],[-118.44995,34.43966],[-118.44995,34.43966],[-118.44997,34.43966],[-118.44999,34.43965],[-118.45001,34.43965],[-118.45003,34.43965],[-118.45004,34.43965],[-118.45006,34.43965],[-118.45008,34.43966],[-118.4501,34.43967],[-118.45011,34.43968],[-118.45012,34.43968],[-118.45012,34.4398],[-118.45012,34.43988],[-118.45012,34.43988],[-118.45012,34.43989],[-118.45014,34.43989],[-118.45016,34.4399],[-118.45018,34.4399],[-118.45019,34.43991],[-118.45012,34.44003],[-118.45003,34.44019],[-118.45012,34.44021],[-118.45012,34.44021],[-118.45012,34.44021],[-118.45012,34.4403],[-118.45014,34.44124],[-118.45009,34.44522],[-118.45009,34.447],[-118.45009,34.4488],[-118.45009,34.44926],[-118.45009,34.44948],[-118.45009,34.4524],[-118.45009,34.4524],[-118.45009,34.45241],[-118.45009,34.45241],[-118.45007,34.45404],[-118.45007,34.45405],[-118.45005,34.45593],[-118.45005,34.45596],[-118.45005,34.45604],[-118.45004,34.45742],[-118.45003,34.45772],[-118.45003,34.45831],[-118.45002,34.4594],[-118.45002,34.45952],[-118.45002,34.45962],[-118.45004,34.46239],[-118.45005,34.46293],[-118.45005,34.46314],[-118.45005,34.4636],[-118.45006,34.46461],[-118.45007,34.46529],[-118.45007,34.46597],[-118.45008,34.46634],[-118.45008,34.46659],[-118.45007,34.46659],[-118.45007,34.46659],[-118.45006,34.46659],[-118.44353,34.46674],[-118.44351,34.46674],[-118.44274,34.46675],[-118.44134,34.46678],[-118.44093,34.46679],[-118.44008,34.4668],[-118.44007,34.4668],[-118.44006,34.46681],[-118.43999,34.46687],[-118.43985,34.46699],[-118.43976,34.46707],[-118.43963,34.46717],[-118.43961,34.46719],[-118.43957,34.46722],[-118.43956,34.46724],[-118.43956,34.46724],[-118.43955,34.46724],[-118.43954,34.46725],[-118.43954,34.46725],[-118.43954,34.46725],[-118.43954,34.46726],[-118.43953,34.46726],[-118.43953,34.46726],[-118.43949,34.46729],[-118.43949,34.4673],[-118.43933,34.46743],[-118.43933,34.46743],[-118.43933,34.46743],[-118.4393,34.46746],[-118.43917,34.46756],[-118.43911,34.46762],[-118.43911,34.46762],[-118.43911,34.46761],[-118.43906,34.46756],[-118.43884,34.46732],[-118.4387,34.46717],[-118.43848,34.46693],[-118.43841,34.46686],[-118.4384,34.46684],[-118.4384,34.46684],[-118.4384,34.46684],[-118.4384,34.46684],[-118.43839,34.46684],[-118.43839,34.46684],[-118.43839,34.46684],[-118.43839,34.46684],[-118.43816,34.46685],[-118.43812,34.46685],[-118.43811,34.46685],[-118.43811,34.46685],[-118.43809,34.46685],[-118.43807,34.46685],[-118.43806,34.46685],[-118.43806,34.46685],[-118.43771,34.46686],[-118.43737,34.46686],[-118.43736,34.46686],[-118.43735,34.46685],[-118.43734,34.46682],[-118.43731,34.46683],[-118.43729,34.46684],[-118.43724,34.46687],[-118.43711,34.46687],[-118.43684,34.46688],[-118.43609,34.46689],[-118.43567,34.4669],[-118.4353,34.46691],[-118.43502,34.46692],[-118.435,34.46692],[-118.43492,34.46692],[-118.43492,34.46692],[-118.43492,34.46692],[-118.43492,34.46692],[-118.43491,34.4669],[-118.43475,34.46663],[-118.4346,34.46636],[-118.43459,34.46635],[-118.43433,34.46658],[-118.43433,34.46658],[-118.43432,34.46659],[-118.43399,34.46688],[-118.43393,34.46694],[-118.43393,34.46694],[-118.43393,34.46694],[-118.43391,34.46694],[-118.43391,34.46694],[-118.43276,34.46698],[-118.43258,34.46698],[-118.43258,34.467],[-118.43253,34.46818],[-118.43252,34.46852],[-118.43251,34.46882],[-118.4325,34.46898],[-118.43248,34.46944],[-118.43248,34.46947],[-118.43244,34.47058],[-118.43242,34.47095],[-118.43245,34.47095],[-118.43245,34.47095],[-118.43239,34.47127],[-118.43232,34.47315],[-118.43228,34.47413],[-118.43227,34.47423],[-118.43227,34.47424],[-118.43226,34.47461],[-118.43213,34.47787],[-118.43207,34.4794],[-118.43203,34.48038],[-118.43203,34.48038],[-118.432,34.48128],[-118.432,34.48129],[-118.43199,34.48134],[-118.432,34.48134],[-118.43199,34.4815],[-118.43199,34.4815],[-118.43199,34.4815],[-118.43198,34.48214],[-118.43197,34.48247],[-118.43197,34.48262],[-118.43196,34.48325],[-118.43193,34.48467],[-118.43192,34.48522],[-118.43191,34.48617],[-118.43189,34.48716],[-118.43188,34.48771],[-118.43187,34.48843],[-118.43187,34.48856],[-118.43185,34.48979],[-118.43184,34.49028],[-118.43183,34.49071],[-118.4318,34.49232],[-118.43179,34.49312],[-118.43176,34.49467],[-118.43175,34.49518],[-118.43175,34.49554],[-118.43175,34.49561],[-118.4317,34.4974],[-118.43168,34.49787],[-118.43166,34.49862],[-118.43166,34.49895],[-118.43163,34.4998],[-118.43162,34.50025],[-118.43159,34.50128],[-118.43156,34.50245],[-118.43155,34.50291],[-118.43154,34.50317],[-118.43152,34.50399],[-118.4315,34.5045],[-118.4315,34.50451],[-118.4315,34.50462],[-118.43149,34.50499],[-118.43147,34.50577],[-118.43145,34.50657],[-118.43142,34.50741],[-118.43141,34.50791],[-118.43141,34.50792],[-118.4314,34.50838],[-118.43138,34.50903],[-118.43137,34.50933],[-118.43136,34.5098],[-118.43133,34.51073],[-118.43113,34.51807],[-118.43093,34.52528],[-118.43093,34.52542],[-118.43093,34.52542],[-118.43091,34.52586],[-118.43085,34.52825],[-118.43078,34.53085],[-118.43074,34.53206],[-118.43074,34.53217],[-118.43074,34.53228],[-118.43074,34.53237],[-118.43073,34.53239],[-118.43073,34.53252],[-118.43073,34.53252],[-118.43073,34.53252],[-118.43073,34.53252],[-118.43073,34.53269],[-118.43053,34.53964],[-118.43053,34.53997],[-118.42659,34.53995],[-118.41269,34.53989],[-118.39988,34.53989],[-118.39793,34.53989],[-118.39501,34.53989],[-118.39079,34.5399],[-118.38658,34.53991],[-118.37815,34.53993],[-118.3783,34.53664],[-118.3786,34.52981],[-118.37868,34.52792],[-118.37878,34.5256],[-118.37881,34.52503],[-118.37941,34.51129],[-118.37941,34.51124],[-118.37941,34.51123],[-118.37944,34.50751],[-118.37947,34.50437],[-118.37947,34.50378],[-118.37948,34.503],[-118.37948,34.503],[-118.37948,34.50282],[-118.37948,34.50282],[-118.37948,34.50269],[-118.37947,34.50245],[-118.37927,34.50244],[-118.37928,34.50212],[-118.37944,34.50208],[-118.37943,34.50204],[-118.37943,34.50194],[-118.37931,34.50042],[-118.37928,34.50005],[-118.37919,34.49898],[-118.37899,34.49637],[-118.37899,34.49634],[-118.37899,34.49634],[-118.37899,34.49621],[-118.37903,34.49262],[-118.37909,34.4876],[-118.37911,34.4876],[-118.3793,34.48751],[-118.37954,34.48741],[-118.37948,34.48729],[-118.37911,34.48652],[-118.37911,34.48652],[-118.37912,34.48518],[-118.37919,34.48081],[-118.37919,34.48074],[-118.37929,34.47639],[-118.3795,34.46783],[-118.3795,34.46782],[-118.37951,34.46763],[-118.37951,34.46763],[-118.37897,34.46763],[-118.37897,34.46763],[-118.37895,34.46763],[-118.37895,34.46763],[-118.37831,34.46762],[-118.37712,34.46761],[-118.37592,34.4676],[-118.37473,34.46759],[-118.37353,34.46758],[-118.37234,34.46757],[-118.37116,34.46756],[-118.37114,34.46756],[-118.37102,34.46756],[-118.37095,34.46756],[-118.36995,34.46756],[-118.36995,34.46756],[-118.36884,34.46755],[-118.36773,34.46754],[-118.36662,34.46754],[-118.36641,34.46753],[-118.36574,34.46753],[-118.36551,34.46753],[-118.36452,34.46752],[-118.36442,34.46752],[-118.36442,34.46752],[-118.36441,34.46752],[-118.36441,34.46752],[-118.3633,34.46751],[-118.36219,34.46751],[-118.36195,34.46751],[-118.36131,34.4675],[-118.3611,34.4675],[-118.3611,34.46746],[-118.36111,34.46721],[-118.36111,34.46691],[-118.36111,34.46668],[-118.36111,34.46659],[-118.36112,34.46565],[-118.36115,34.4638],[-118.36117,34.46193],[-118.36119,34.46007],[-118.36121,34.45826],[-118.36124,34.45645],[-118.36124,34.45633],[-118.36125,34.45531],[-118.36125,34.45526],[-118.36125,34.45506],[-118.36125,34.455],[-118.36125,34.45499],[-118.36125,34.45499],[-118.36126,34.45482],[-118.36126,34.45479],[-118.36126,34.45465],[-118.36126,34.45464],[-118.36126,34.45464],[-118.36126,34.45453],[-118.36126,34.45451],[-118.36126,34.45442],[-118.36126,34.4542],[-118.36127,34.45395],[-118.36128,34.45283],[-118.36127,34.45272],[-118.36127,34.45272],[-118.36076,34.44721],[-118.36069,34.44646],[-118.36063,34.44578],[-118.36063,34.44578],[-118.36061,34.44559],[-118.3606,34.44531],[-118.36057,34.44235],[-118.36052,34.43809],[-118.36052,34.43809],[-118.36052,34.43809],[-118.36046,34.43809],[-118.36046,34.43809],[-118.35314,34.43723],[-118.35163,34.43705],[-118.35163,34.43705],[-118.35153,34.43704],[-118.35122,34.437],[-118.34967,34.43682],[-118.34719,34.43653],[-118.34643,34.43644],[-118.34631,34.43643],[-118.34536,34.43632],[-118.34407,34.43617],[-118.34274,34.43601],[-118.34193,34.43601],[-118.34192,34.43601],[-118.34131,34.436],[-118.3409,34.436],[-118.34058,34.436],[-118.34011,34.43599],[-118.34006,34.43599],[-118.34006,34.43599],[-118.34006,34.43599],[-118.33977,34.43599],[-118.33939,34.43599],[-118.33939,34.43599],[-118.33925,34.43599],[-118.33875,34.43598],[-118.33435,34.43595],[-118.33188,34.43645],[-118.33105,34.43661],[-118.32988,34.43685],[-118.32985,34.43685],[-118.32725,34.43738],[-118.32661,34.4375],[-118.32498,34.43783],[-118.3249,34.43785],[-118.32491,34.43769],[-118.32498,34.43429],[-118.32506,34.43074],[-118.32507,34.43067],[-118.32523,34.42364],[-118.3253,34.41656],[-118.32531,34.41573],[-118.32538,34.40845],[-118.32542,34.40293],[-118.32543,34.401],[-118.32549,34.39781],[-118.32556,34.39366],[-118.32569,34.38607],[-118.3257,34.38521],[-118.3258,34.37929],[-118.32581,34.37882],[-118.32602,34.36611],[-118.32603,34.36159],[-118.32603,34.35886],[-118.32603,34.35166],[-118.32603,34.3516],[-118.32663,34.3516],[-118.32754,34.3516],[-118.33373,34.35161],[-118.33419,34.35161],[-118.33445,34.35161],[-118.33478,34.35161],[-118.34248,34.35163],[-118.34353,34.35163],[-118.34353,34.35163],[-118.34832,34.35163],[-118.34876,34.35163],[-118.35,34.35163],[-118.35208,34.35164],[-118.35231,34.35164],[-118.35254,34.35164],[-118.35588,34.35164],[-118.35617,34.35164],[-118.35879,34.35165],[-118.36009,34.35165],[-118.36022,34.35165],[-118.36048,34.35165],[-118.36049,34.35165],[-118.36055,34.35165],[-118.36062,34.35165],[-118.3608,34.35165],[-118.3608,34.35164],[-118.36079,34.3444],[-118.36079,34.34329],[-118.36079,34.3431],[-118.36079,34.34078],[-118.36078,34.33739],[-118.36079,34.33737],[-118.36079,34.33714]]]}},{"type":"Feature","properties":{"seat":"sulphur-springs-union-school-district-trustee-area-1","label":"Trustee Area 1","county":"TA1","role":"seat"},"geometry":{"type":"Polygon","coordinates":[[[-118.42371,34.42507],[-118.42371,34.4253],[-118.42371,34.42541],[-118.42371,34.4255],[-118.42372,34.42563],[-118.42374,34.42578],[-118.42375,34.42589],[-118.42376,34.42612],[-118.42375,34.42631],[-118.42375,34.42656],[-118.42375,34.42669],[-118.42375,34.42697],[-118.42383,34.42696],[-118.4244,34.42696],[-118.42451,34.42695],[-118.42464,34.42694],[-118.42496,34.4269],[-118.42535,34.42685],[-118.42552,34.42682],[-118.42553,34.42687],[-118.42554,34.42699],[-118.42558,34.42728],[-118.42559,34.4274],[-118.4256,34.42755],[-118.42561,34.42772],[-118.42563,34.42816],[-118.42563,34.42816],[-118.42563,34.42816],[-118.42538,34.42816],[-118.42425,34.42817],[-118.42427,34.42863],[-118.42429,34.42896],[-118.4243,34.42928],[-118.42435,34.42966],[-118.4244,34.4298],[-118.42445,34.42993],[-118.42457,34.4301],[-118.42464,34.43018],[-118.42484,34.43029],[-118.42502,34.43035],[-118.42517,34.43038],[-118.42532,34.43038],[-118.42551,34.43036],[-118.42565,34.43033],[-118.42584,34.43027],[-118.42585,34.43027],[-118.42585,34.43027],[-118.42585,34.43029],[-118.42589,34.43027],[-118.42597,34.43025],[-118.42609,34.4302],[-118.42616,34.43018],[-118.42623,34.43017],[-118.42631,34.43016],[-118.4264,34.43016],[-118.42648,34.43016],[-118.4266,34.43018],[-118.42671,34.4302],[-118.427,34.43028],[-118.42728,34.43036],[-118.42742,34.43039],[-118.4275,34.43039],[-118.42766,34.4304],[-118.42773,34.43041],[-118.42786,34.4304],[-118.42799,34.43039],[-118.42813,34.43038],[-118.42827,34.43036],[-118.4284,34.43034],[-118.42857,34.4303],[-118.42866,34.43029],[-118.42877,34.43027],[-118.42882,34.43027],[-118.42888,34.43026],[-118.42901,34.43025],[-118.42921,34.43025],[-118.4293,34.43025],[-118.42939,34.43025],[-118.42949,34.43025],[-118.42959,34.43026],[-118.42992,34.4303],[-118.43008,34.43032],[-118.43023,34.43035],[-118.43027,34.43035],[-118.43027,34.43034],[-118.43033,34.43035],[-118.43065,34.4304],[-118.43089,34.43039],[-118.43108,34.43035],[-118.4313,34.43028],[-118.4315,34.43018],[-118.43177,34.42997],[-118.43194,34.42973],[-118.43201,34.42949],[-118.43205,34.42935],[-118.43207,34.42927],[-118.43221,34.42872],[-118.43232,34.42835],[-118.43237,34.42816],[-118.4325,34.42787],[-118.43261,34.42759],[-118.43264,34.42741],[-118.43261,34.42726],[-118.43258,34.42708],[-118.43259,34.42708],[-118.43264,34.42707],[-118.43272,34.42705],[-118.4328,34.42702],[-118.43288,34.42699],[-118.43292,34.42697],[-118.43303,34.42691],[-118.43323,34.4268],[-118.43326,34.42678],[-118.43332,34.42671],[-118.43339,34.42664],[-118.43342,34.42659],[-118.43348,34.42651],[-118.43366,34.4262],[-118.43378,34.42597],[-118.43384,34.42588],[-118.43387,34.42584],[-118.43395,34.42574],[-118.43406,34.42565],[-118.43412,34.4256],[-118.43419,34.42556],[-118.43426,34.42553],[-118.43434,34.4255],[-118.43442,34.42548],[-118.43452,34.42546],[-118.43463,34.42545],[-118.43473,34.42545],[-118.43482,34.42545],[-118.43491,34.42546],[-118.43497,34.42547],[-118.43504,34.42549],[-118.43505,34.42549],[-118.43511,34.42551],[-118.43517,34.42554],[-118.43523,34.42556],[-118.43529,34.42559],[-118.43534,34.42562],[-118.43545,34.4257],[-118.43561,34.42582],[-118.43589,34.42603],[-118.43596,34.42608],[-118.43603,34.42612],[-118.43618,34.42622],[-118.43631,34.4263],[-118.4364,34.42636],[-118.4365,34.42641],[-118.43655,34.42643],[-118.43661,34.42645],[-118.43669,34.42647],[-118.43677,34.42649],[-118.43683,34.4265],[-118.43697,34.42652],[-118.43764,34.42652],[-118.43855,34.42651],[-118.43887,34.42652],[-118.43898,34.42652],[-118.4391,34.42651],[-118.4392,34.42651],[-118.43945,34.42647],[-118.43949,34.42664],[-118.43954,34.42691],[-118.43955,34.42729],[-118.43955,34.42731],[-118.43955,34.42734],[-118.43952,34.42744],[-118.43949,34.42754],[-118.43938,34.42774],[-118.43923,34.42801],[-118.43916,34.42814],[-118.43911,34.42824],[-118.43902,34.42845],[-118.439,34.42852],[-118.43899,34.42855],[-118.43899,34.42863],[-118.43899,34.42885],[-118.43899,34.42905],[-118.439,34.42908],[-118.43903,34.42939],[-118.43894,34.4294],[-118.43865,34.42942],[-118.43872,34.42969],[-118.43876,34.42993],[-118.43878,34.43007],[-118.43879,34.43016],[-118.4386,34.4302],[-118.43848,34.43023],[-118.43836,34.43028],[-118.43822,34.43034],[-118.4381,34.43039],[-118.43817,34.43053],[-118.4382,34.4306],[-118.43823,34.43069],[-118.43824,34.43078],[-118.43826,34.43087],[-118.43829,34.43126],[-118.43831,34.43145],[-118.43832,34.4316],[-118.43823,34.43167],[-118.4382,34.43173],[-118.4378,34.43181],[-118.43759,34.43166],[-118.43757,34.43167],[-118.43753,34.43168],[-118.43747,34.43169],[-118.43719,34.4317],[-118.43691,34.43268],[-118.43692,34.43372],[-118.43692,34.43389],[-118.4369,34.4339],[-118.43682,34.43393],[-118.43661,34.43401],[-118.43637,34.43411],[-118.43608,34.43424],[-118.43596,34.4343],[-118.43583,34.43436],[-118.43553,34.43452],[-118.4352,34.4347],[-118.4349,34.43487],[-118.43474,34.43497],[-118.43458,34.43507],[-118.43442,34.43518],[-118.43425,34.43531],[-118.43414,34.43541],[-118.43406,34.43547],[-118.43397,34.43554],[-118.43369,34.43579],[-118.43354,34.43593],[-118.43339,34.43607],[-118.43324,34.43622],[-118.43308,34.4364],[-118.43301,34.43648],[-118.43293,34.43658],[-118.43273,34.43684],[-118.43265,34.43694],[-118.43257,34.43705],[-118.43252,34.43711],[-118.43243,34.43724],[-118.43241,34.43727],[-118.43238,34.43731],[-118.43224,34.4375],[-118.4321,34.43772],[-118.43195,34.43796],[-118.43195,34.43796],[-118.4319,34.43804],[-118.43187,34.4381],[-118.43186,34.43811],[-118.43188,34.43811],[-118.43188,34.43811],[-118.43188,34.43811],[-118.43205,34.43811],[-118.43206,34.43811],[-118.43207,34.43811],[-118.43224,34.43811],[-118.43227,34.43811],[-118.4325,34.43811],[-118.43257,34.43811],[-118.43258,34.43811],[-118.43258,34.43811],[-118.43258,34.43811],[-118.43258,34.4382],[-118.43258,34.43822],[-118.43258,34.43827],[-118.43258,34.43833],[-118.43258,34.43835],[-118.43258,34.43843],[-118.43257,34.43845],[-118.43257,34.43851],[-118.43257,34.43852],[-118.43257,34.43854],[-118.43257,34.43854],[-118.43257,34.43857],[-118.43257,34.43865],[-118.43257,34.43891],[-118.43257,34.43903],[-118.43257,34.43906],[-118.43257,34.43907],[-118.43257,34.4391],[-118.43257,34.43937],[-118.43256,34.43949],[-118.43256,34.43961],[-118.43256,34.43961],[-118.43256,34.43965],[-118.43256,34.43995],[-118.43256,34.44006],[-118.43256,34.44016],[-118.43256,34.44017],[-118.43256,34.44019],[-118.43255,34.44041],[-118.43255,34.44059],[-118.43255,34.44059],[-118.43255,34.44071],[-118.43255,34.44074],[-118.43255,34.44085],[-118.43255,34.44088],[-118.43255,34.44088],[-118.43255,34.44092],[-118.43255,34.44101],[-118.43255,34.44102],[-118.43255,34.44111],[-118.43255,34.44115],[-118.43255,34.44126],[-118.43255,34.44126],[-118.43255,34.44134],[-118.43254,34.4415],[-118.43254,34.44151],[-118.43254,34.44167],[-118.43254,34.44176],[-118.43254,34.44176],[-118.43254,34.4418],[-118.43254,34.44185],[-118.43254,34.44197],[-118.43254,34.44212],[-118.43254,34.44212],[-118.43254,34.44231],[-118.43253,34.44265],[-118.43253,34.44303],[-118.43253,34.44322],[-118.43252,34.44341],[-118.43252,34.44341],[-118.43252,34.4436],[-118.43252,34.44379],[-118.43252,34.44417],[-118.43251,34.44455],[-118.43251,34.44458],[-118.43251,34.44476],[-118.43251,34.44508],[-118.43251,34.44509],[-118.4325,34.44542],[-118.4325,34.44594],[-118.4325,34.44644],[-118.43253,34.44645],[-118.43262,34.44649],[-118.43263,34.44649],[-118.43263,34.44649],[-118.43348,34.44684],[-118.43347,34.44785],[-118.43346,34.44818],[-118.43346,34.44886],[-118.43356,34.4489],[-118.43399,34.44908],[-118.43412,34.44913],[-118.43411,34.44934],[-118.43414,34.44934],[-118.43414,34.44977],[-118.43424,34.44977],[-118.43515,34.44977],[-118.43515,34.4497],[-118.43515,34.44949],[-118.43516,34.44888],[-118.43665,34.44888],[-118.43665,34.44929],[-118.43665,34.44949],[-118.43664,34.44978],[-118.43629,34.44978],[-118.43628,34.45075],[-118.43628,34.45075],[-118.43686,34.45075],[-118.43686,34.45075],[-118.43686,34.45075],[-118.43686,34.45075],[-118.43686,34.45081],[-118.43685,34.45119],[-118.43685,34.45121],[-118.43685,34.45145],[-118.43685,34.45146],[-118.43685,34.45147],[-118.43686,34.4523],[-118.43686,34.45254],[-118.43686,34.45255],[-118.43686,34.45255],[-118.43686,34.45255],[-118.43689,34.45255],[-118.4369,34.45255],[-118.43696,34.45255],[-118.43696,34.45255],[-118.43696,34.45255],[-118.43697,34.45255],[-118.43749,34.45254],[-118.43902,34.45253],[-118.43917,34.45252],[-118.43917,34.45252],[-118.43923,34.45252],[-118.44127,34.4525],[-118.44127,34.45253],[-118.44127,34.45448],[-118.44127,34.45469],[-118.44128,34.45608],[-118.44213,34.45606],[-118.44235,34.45606],[-118.44272,34.45606],[-118.44308,34.45605],[-118.44314,34.45605],[-118.44348,34.45605],[-118.44348,34.45674],[-118.44348,34.45728],[-118.44349,34.45763],[-118.44349,34.45796],[-118.44349,34.45823],[-118.44349,34.45857],[-118.44349,34.45908],[-118.44349,34.45954],[-118.44349,34.45964],[-118.44377,34.45963],[-118.44521,34.45961],[-118.4453,34.4596],[-118.44543,34.4596],[-118.44715,34.45957],[-118.44715,34.45957],[-118.44715,34.45957],[-118.44716,34.45957],[-118.4473,34.45957],[-118.44812,34.45955],[-118.4495,34.45953],[-118.45002,34.45952],[-118.45002,34.45962],[-118.45004,34.46239],[-118.45005,34.46293],[-118.45005,34.46314],[-118.45005,34.4636],[-118.45006,34.46461],[-118.45007,34.46529],[-118.45007,34.46597],[-118.45008,34.46634],[-118.45008,34.46659],[-118.45007,34.46659],[-118.45007,34.46659],[-118.45006,34.46659],[-118.44353,34.46674],[-118.44351,34.46674],[-118.44274,34.46675],[-118.44134,34.46678],[-118.44093,34.46679],[-118.44008,34.4668],[-118.44007,34.4668],[-118.44006,34.46681],[-118.43999,34.46687],[-118.43985,34.46699],[-118.43976,34.46707],[-118.43963,34.46717],[-118.43961,34.46719],[-118.43957,34.46722],[-118.43956,34.46724],[-118.43956,34.46724],[-118.43955,34.46724],[-118.43954,34.46725],[-118.43954,34.46725],[-118.43954,34.46725],[-118.43954,34.46726],[-118.43953,34.46726],[-118.43953,34.46726],[-118.43949,34.46729],[-118.43949,34.4673],[-118.43933,34.46743],[-118.43933,34.46743],[-118.43933,34.46743],[-118.4393,34.46746],[-118.43917,34.46756],[-118.43911,34.46762],[-118.43911,34.46762],[-118.43911,34.46761],[-118.43906,34.46756],[-118.43884,34.46732],[-118.4387,34.46717],[-118.43848,34.46693],[-118.43841,34.46686],[-118.4384,34.46684],[-118.4384,34.46684],[-118.4384,34.46684],[-118.4384,34.46684],[-118.43839,34.46684],[-118.43839,34.46684],[-118.43839,34.46684],[-118.43839,34.46684],[-118.43816,34.46685],[-118.43812,34.46685],[-118.43811,34.46685],[-118.43811,34.46685],[-118.43809,34.46685],[-118.43807,34.46685],[-118.43806,34.46685],[-118.43806,34.46685],[-118.43771,34.46686],[-118.43737,34.46686],[-118.43736,34.46686],[-118.43735,34.46685],[-118.43734,34.46682],[-118.43731,34.46683],[-118.43729,34.46684],[-118.43724,34.46687],[-118.43711,34.46687],[-118.43684,34.46688],[-118.43609,34.46689],[-118.43567,34.4669],[-118.4353,34.46691],[-118.43502,34.46692],[-118.435,34.46692],[-118.43492,34.46692],[-118.43492,34.46692],[-118.43492,34.46692],[-118.43492,34.46692],[-118.43491,34.4669],[-118.43475,34.46663],[-118.4346,34.46636],[-118.43459,34.46635],[-118.43433,34.46658],[-118.43433,34.46658],[-118.43432,34.46659],[-118.43399,34.46688],[-118.43393,34.46694],[-118.43393,34.46694],[-118.43393,34.46694],[-118.43391,34.46694],[-118.43391,34.46694],[-118.43276,34.46698],[-118.43258,34.46698],[-118.43258,34.467],[-118.43253,34.46818],[-118.43252,34.46852],[-118.43251,34.46882],[-118.4325,34.46898],[-118.43248,34.46944],[-118.43248,34.46947],[-118.43244,34.47058],[-118.43242,34.47095],[-118.43245,34.47095],[-118.43245,34.47095],[-118.43239,34.47127],[-118.43232,34.47315],[-118.43228,34.47413],[-118.43227,34.47423],[-118.43227,34.47424],[-118.43226,34.47461],[-118.43213,34.47787],[-118.43207,34.4794],[-118.43203,34.48038],[-118.43203,34.48038],[-118.432,34.48128],[-118.432,34.48129],[-118.43199,34.48134],[-118.432,34.48134],[-118.43199,34.4815],[-118.43199,34.4815],[-118.43199,34.4815],[-118.43198,34.48214],[-118.43197,34.48247],[-118.43197,34.48262],[-118.43196,34.48325],[-118.43193,34.48467],[-118.43192,34.48522],[-118.43191,34.48617],[-118.43189,34.48716],[-118.43188,34.48771],[-118.43187,34.48843],[-118.43187,34.48856],[-118.43185,34.48979],[-118.43184,34.49028],[-118.43183,34.49071],[-118.4318,34.49232],[-118.43179,34.49312],[-118.43176,34.49467],[-118.43175,34.49518],[-118.43175,34.49554],[-118.43175,34.49561],[-118.4317,34.4974],[-118.43168,34.49787],[-118.43166,34.49862],[-118.43166,34.49895],[-118.43163,34.4998],[-118.43162,34.50025],[-118.43159,34.50128],[-118.43156,34.50245],[-118.43155,34.50291],[-118.43154,34.50317],[-118.43152,34.50399],[-118.4315,34.5045],[-118.4315,34.50451],[-118.4315,34.50462],[-118.43149,34.50499],[-118.43147,34.50577],[-118.43145,34.50657],[-118.43142,34.50741],[-118.43141,34.50791],[-118.43141,34.50792],[-118.4314,34.50838],[-118.43138,34.50903],[-118.43137,34.50933],[-118.43136,34.5098],[-118.43133,34.51073],[-118.43113,34.51807],[-118.43093,34.52528],[-118.43093,34.52542],[-118.43093,34.52542],[-118.43091,34.52586],[-118.43085,34.52825],[-118.43078,34.53085],[-118.43074,34.53206],[-118.43074,34.53217],[-118.43074,34.53228],[-118.43074,34.53237],[-118.43073,34.53239],[-118.43073,34.53252],[-118.43073,34.53252],[-118.43073,34.53252],[-118.43073,34.53252],[-118.43073,34.53269],[-118.43053,34.53964],[-118.43053,34.53997],[-118.42659,34.53995],[-118.41269,34.53989],[-118.39988,34.53989],[-118.39793,34.53989],[-118.39501,34.53989],[-118.39079,34.5399],[-118.38658,34.53991],[-118.37815,34.53993],[-118.3783,34.53664],[-118.3786,34.52981],[-118.37868,34.52792],[-118.37878,34.5256],[-118.37881,34.52503],[-118.37941,34.51129],[-118.37941,34.51124],[-118.37941,34.51123],[-118.37944,34.50751],[-118.37947,34.50437],[-118.37947,34.50378],[-118.37948,34.503],[-118.37948,34.503],[-118.37948,34.50282],[-118.37948,34.50282],[-118.37948,34.50269],[-118.37947,34.50245],[-118.37927,34.50244],[-118.37928,34.50212],[-118.37944,34.50208],[-118.37943,34.50204],[-118.37943,34.50194],[-118.37931,34.50042],[-118.37928,34.50005],[-118.37919,34.49898],[-118.37899,34.49637],[-118.37899,34.49634],[-118.37899,34.49634],[-118.37899,34.49621],[-118.37903,34.49262],[-118.37909,34.4876],[-118.37911,34.4876],[-118.3793,34.48751],[-118.37954,34.48741],[-118.37948,34.48729],[-118.37911,34.48652],[-118.37911,34.48652],[-118.37912,34.48518],[-118.37919,34.48081],[-118.37919,34.48074],[-118.37929,34.47639],[-118.3795,34.46783],[-118.3795,34.46782],[-118.37951,34.46763],[-118.37951,34.46763],[-118.37897,34.46763],[-118.37897,34.46763],[-118.37895,34.46763],[-118.379,34.46726],[-118.38154,34.46584],[-118.38505,34.46388],[-118.38528,34.46375],[-118.38583,34.46344],[-118.38657,34.46302],[-118.38722,34.46266],[-118.38734,34.4626],[-118.38811,34.46216],[-118.38834,34.46203],[-118.3889,34.46172],[-118.38906,34.46163],[-118.38959,34.46133],[-118.38995,34.46113],[-118.39071,34.46071],[-118.39073,34.4607],[-118.39075,34.46069],[-118.39078,34.46067],[-118.3908,34.46066],[-118.39081,34.46065],[-118.39082,34.46065],[-118.39084,34.46064],[-118.39084,34.46063],[-118.39085,34.46063],[-118.39088,34.46058],[-118.3909,34.46056],[-118.39092,34.46054],[-118.39094,34.46051],[-118.39095,34.46049],[-118.39097,34.46046],[-118.39099,34.46044],[-118.39101,34.46042],[-118.39102,34.46041],[-118.39103,34.46039],[-118.39103,34.46039],[-118.39104,34.46038],[-118.39104,34.46037],[-118.39104,34.46037],[-118.39247,34.46038],[-118.39244,34.4595],[-118.39242,34.45888],[-118.39239,34.4579],[-118.39238,34.45771],[-118.39238,34.45753],[-118.39237,34.45734],[-118.39237,34.45717],[-118.39236,34.45699],[-118.39236,34.45696],[-118.39235,34.45681],[-118.3924,34.45681],[-118.39267,34.45682],[-118.39518,34.45686],[-118.39739,34.4569],[-118.39735,34.45478],[-118.39735,34.45455],[-118.39733,34.45337],[-118.39886,34.45333],[-118.4002,34.45329],[-118.40172,34.45325],[-118.40177,34.44956],[-118.40147,34.44957],[-118.40114,34.44958],[-118.40095,34.44958],[-118.40075,34.44959],[-118.40066,34.44959],[-118.40054,34.44959],[-118.40046,34.4496],[-118.40046,34.44958],[-118.40044,34.44946],[-118.40045,34.44915],[-118.40044,34.44896],[-118.40042,34.44883],[-118.4004,34.44875],[-118.40036,34.44859],[-118.40031,34.44848],[-118.40027,34.44838],[-118.40022,34.44829],[-118.40016,34.44823],[-118.40006,34.44814],[-118.39987,34.44793],[-118.3998,34.44787],[-118.39979,34.44786],[-118.3997,34.44779],[-118.3996,34.44773],[-118.39958,34.44772],[-118.39948,34.44768],[-118.39941,34.44765],[-118.39934,34.44762],[-118.39904,34.44748],[-118.3988,34.44738],[-118.39878,34.44736],[-118.39876,34.44736],[-118.39877,34.44735],[-118.39876,34.44734],[-118.39851,34.44719],[-118.39844,34.44712],[-118.39825,34.44692],[-118.39799,34.44653],[-118.39773,34.4463],[-118.39682,34.44586],[-118.39674,34.44581],[-118.39608,34.44548],[-118.39607,34.44547],[-118.39608,34.44546],[-118.39589,34.44538],[-118.39575,34.44531],[-118.39556,34.4452],[-118.3954,34.44511],[-118.39529,34.44504],[-118.39518,34.44495],[-118.39507,34.44485],[-118.39498,34.44476],[-118.39494,34.44471],[-118.39494,34.4447],[-118.3949,34.44467],[-118.39484,34.44458],[-118.39479,34.4445],[-118.39472,34.44439],[-118.39461,34.44426],[-118.39438,34.44398],[-118.39428,34.44385],[-118.39416,34.44368],[-118.3941,34.4436],[-118.39403,34.44351],[-118.39393,34.4434],[-118.39386,34.44334],[-118.39381,34.44329],[-118.39375,34.44325],[-118.39371,34.44323],[-118.3936,34.44318],[-118.39353,34.44315],[-118.39352,34.44317],[-118.39311,34.44296],[-118.39301,34.44309],[-118.39288,34.44325],[-118.39257,34.44362],[-118.39231,34.4439],[-118.39225,34.44396],[-118.39225,34.44396],[-118.39214,34.44392],[-118.39202,34.44385],[-118.39187,34.44377],[-118.3918,34.44372],[-118.39175,34.4437],[-118.39164,34.44363],[-118.39162,34.44362],[-118.39156,34.44357],[-118.39153,34.44355],[-118.39149,34.44351],[-118.39147,34.4435],[-118.39144,34.44348],[-118.3912,34.44334],[-118.39112,34.44329],[-118.39083,34.4431],[-118.39072,34.44304],[-118.39062,34.44296],[-118.39054,34.44288],[-118.39045,34.4428],[-118.39015,34.44251],[-118.39005,34.44242],[-118.38994,34.44234],[-118.38972,34.44219],[-118.3889,34.44167],[-118.3885,34.44141],[-118.38784,34.44096],[-118.38737,34.44064],[-118.38727,34.44057],[-118.38685,34.44027],[-118.38675,34.4402],[-118.38664,34.44013],[-118.38653,34.44007],[-118.38642,34.44002],[-118.38631,34.43997],[-118.38621,34.43993],[-118.38589,34.43981],[-118.38592,34.43975],[-118.38598,34.43963],[-118.38609,34.43939],[-118.38614,34.43929],[-118.38619,34.43921],[-118.38624,34.43913],[-118.3863,34.43906],[-118.38636,34.439],[-118.38643,34.43893],[-118.38659,34.43879],[-118.38681,34.43861],[-118.38693,34.43851],[-118.38719,34.4383],[-118.38744,34.43809],[-118.38748,34.43806],[-118.38794,34.43768],[-118.38818,34.43747],[-118.38887,34.43687],[-118.38904,34.43671],[-118.38951,34.43629],[-118.38956,34.43625],[-118.3896,34.4362],[-118.38964,34.43615],[-118.38971,34.43606],[-118.38975,34.43598],[-118.38978,34.43591],[-118.38982,34.43577],[-118.38984,34.43563],[-118.38984,34.43561],[-118.38983,34.43555],[-118.38991,34.43555],[-118.38999,34.43555],[-118.39028,34.43555],[-118.39058,34.43553],[-118.39067,34.43552],[-118.39096,34.43547],[-118.39118,34.43544],[-118.39146,34.43537],[-118.39155,34.43534],[-118.39186,34.43524],[-118.3921,34.43514],[-118.39225,34.43508],[-118.39234,34.43504],[-118.39248,34.43497],[-118.39239,34.43476],[-118.39237,34.43462],[-118.39237,34.43448],[-118.39237,34.43437],[-118.3922,34.43437],[-118.3919,34.43436],[-118.3919,34.43436],[-118.39187,34.43436],[-118.39169,34.43436],[-118.39162,34.43435],[-118.3912,34.43434],[-118.39119,34.43434],[-118.3916,34.43419],[-118.39157,34.43376],[-118.39171,34.43373],[-118.39199,34.43365],[-118.39213,34.43361],[-118.39215,34.4336],[-118.39238,34.43353],[-118.39241,34.43352],[-118.39261,34.43345],[-118.3928,34.43337],[-118.39362,34.433],[-118.39462,34.43255],[-118.39559,34.43211],[-118.39755,34.43123],[-118.39755,34.43123],[-118.39758,34.43122],[-118.39766,34.43118],[-118.39952,34.43034],[-118.40176,34.42933],[-118.40187,34.42929],[-118.40198,34.42925],[-118.40207,34.42921],[-118.40215,34.42918],[-118.40246,34.42906],[-118.40259,34.42901],[-118.40265,34.42899],[-118.40275,34.42895],[-118.40281,34.42893],[-118.40289,34.4289],[-118.40295,34.42888],[-118.40307,34.42884],[-118.40321,34.42879],[-118.40327,34.42877],[-118.40334,34.42875],[-118.40339,34.42873],[-118.40343,34.42872],[-118.40348,34.4287],[-118.40358,34.42867],[-118.40362,34.42866],[-118.40365,34.42865],[-118.40378,34.42861],[-118.40421,34.42848],[-118.40421,34.42848],[-118.40421,34.42849],[-118.40422,34.42849],[-118.40477,34.42833],[-118.40635,34.42797],[-118.40642,34.42796],[-118.40644,34.42796],[-118.40826,34.42771],[-118.40897,34.42766],[-118.40905,34.42766],[-118.40945,34.42763],[-118.41062,34.42762],[-118.41149,34.42764],[-118.41519,34.42773],[-118.4152,34.42765],[-118.4152,34.42762],[-118.41661,34.42765],[-118.41722,34.42761],[-118.41734,34.42759],[-118.41764,34.42756],[-118.41771,34.42754],[-118.41803,34.42748],[-118.41828,34.42743],[-118.41866,34.42732],[-118.41906,34.4272],[-118.41948,34.42701],[-118.42014,34.42672],[-118.42091,34.42637],[-118.42093,34.42636],[-118.42197,34.42589],[-118.42276,34.42553],[-118.42327,34.42528],[-118.42334,34.42525],[-118.42356,34.42515],[-118.42371,34.42507]]]}},{"type":"Feature","properties":{"seat":"sulphur-springs-union-school-district-trustee-area-2","label":"Trustee Area 2","county":"TA2","role":"seat"},"geometry":{"type":"Polygon","coordinates":[[[-118.46526,34.41579],[-118.46536,34.41579],[-118.46545,34.41571],[-118.46578,34.4157],[-118.46584,34.4157],[-118.46601,34.4157],[-118.46636,34.41569],[-118.46641,34.41569],[-118.46641,34.41575],[-118.46641,34.41649],[-118.46641,34.41664],[-118.46641,34.41692],[-118.46642,34.41723],[-118.46642,34.41767],[-118.46641,34.41844],[-118.46641,34.41872],[-118.46642,34.41918],[-118.46641,34.41918],[-118.46641,34.41922],[-118.46641,34.41939],[-118.46642,34.41956],[-118.46647,34.41981],[-118.46653,34.41994],[-118.46668,34.42016],[-118.46691,34.42048],[-118.46703,34.42074],[-118.4671,34.421],[-118.46716,34.4214],[-118.46731,34.42175],[-118.46732,34.42177],[-118.46744,34.42202],[-118.46754,34.42224],[-118.4676,34.42236],[-118.46763,34.42244],[-118.46773,34.4227],[-118.46774,34.42272],[-118.46779,34.42285],[-118.46782,34.42296],[-118.4679,34.42306],[-118.46804,34.42309],[-118.46824,34.42309],[-118.46836,34.42309],[-118.46931,34.42309],[-118.47007,34.42308],[-118.47096,34.42308],[-118.47098,34.42262],[-118.47094,34.42237],[-118.47092,34.42221],[-118.47088,34.42211],[-118.47077,34.42187],[-118.47074,34.4218],[-118.47061,34.4216],[-118.47053,34.42148],[-118.47049,34.42142],[-118.47038,34.42119],[-118.47032,34.42094],[-118.47032,34.42087],[-118.47034,34.42087],[-118.47122,34.42086],[-118.47159,34.42086],[-118.47187,34.42087],[-118.47203,34.42087],[-118.47219,34.42087],[-118.47219,34.42176],[-118.4722,34.42236],[-118.4722,34.42273],[-118.47219,34.42294],[-118.47219,34.42295],[-118.47218,34.42313],[-118.47216,34.42329],[-118.47213,34.4234],[-118.4721,34.42349],[-118.47208,34.42355],[-118.47207,34.42358],[-118.47203,34.42373],[-118.47199,34.42384],[-118.47195,34.42398],[-118.47186,34.42418],[-118.47181,34.42427],[-118.47171,34.42446],[-118.47151,34.42475],[-118.47145,34.42484],[-118.47141,34.42488],[-118.47132,34.42499],[-118.47114,34.4252],[-118.47103,34.42532],[-118.47092,34.42544],[-118.47084,34.42552],[-118.47076,34.42559],[-118.47074,34.4256],[-118.47068,34.42566],[-118.4706,34.42572],[-118.47051,34.42579],[-118.47041,34.42585],[-118.47026,34.42595],[-118.47021,34.42598],[-118.47012,34.42604],[-118.46975,34.42624],[-118.46951,34.42637],[-118.46916,34.42655],[-118.46891,34.42669],[-118.46875,34.42679],[-118.4687,34.42683],[-118.46858,34.42693],[-118.46843,34.42705],[-118.46835,34.42713],[-118.46832,34.42716],[-118.46831,34.42717],[-118.46814,34.42717],[-118.46805,34.42717],[-118.46795,34.42717],[-118.46782,34.42717],[-118.46778,34.42717],[-118.46751,34.42717],[-118.4675,34.42717],[-118.4675,34.42723],[-118.4675,34.42725],[-118.4675,34.42725],[-118.46743,34.42753],[-118.46741,34.42761],[-118.46751,34.42763],[-118.46755,34.42763],[-118.46762,34.42765],[-118.46763,34.42765],[-118.46775,34.42768],[-118.46796,34.42775],[-118.46773,34.4278],[-118.46751,34.42786],[-118.46751,34.42786],[-118.46751,34.42796],[-118.46751,34.42796],[-118.46768,34.42792],[-118.46759,34.42818],[-118.46758,34.42823],[-118.46757,34.42828],[-118.46756,34.42834],[-118.46755,34.42839],[-118.46754,34.42844],[-118.46753,34.42851],[-118.46752,34.42861],[-118.46751,34.42868],[-118.46751,34.42887],[-118.46752,34.42902],[-118.46752,34.42903],[-118.46752,34.42905],[-118.46753,34.42911],[-118.46754,34.42917],[-118.46755,34.42922],[-118.46757,34.42931],[-118.46758,34.42936],[-118.46759,34.4294],[-118.46764,34.42957],[-118.46771,34.42975],[-118.46779,34.42993],[-118.46779,34.42993],[-118.46766,34.42995],[-118.46753,34.42995],[-118.46754,34.43086],[-118.46754,34.43095],[-118.46754,34.43102],[-118.46754,34.4319],[-118.46755,34.43228],[-118.46756,34.43437],[-118.46756,34.43442],[-118.46759,34.43796],[-118.46759,34.43798],[-118.46758,34.43797],[-118.46688,34.43798],[-118.46673,34.43797],[-118.46654,34.43785],[-118.46625,34.43784],[-118.4662,34.43784],[-118.46619,34.43785],[-118.46602,34.43784],[-118.46592,34.43784],[-118.46592,34.43785],[-118.4658,34.43787],[-118.46568,34.43789],[-118.46567,34.4379],[-118.46562,34.43791],[-118.46544,34.43797],[-118.46544,34.43797],[-118.46544,34.43797],[-118.46543,34.43798],[-118.46534,34.43798],[-118.46519,34.43799],[-118.4651,34.43799],[-118.46498,34.43799],[-118.46494,34.43803],[-118.46443,34.43803],[-118.46432,34.43796],[-118.46423,34.4379],[-118.4632,34.43791],[-118.46319,34.43791],[-118.46319,34.43796],[-118.46319,34.43797],[-118.46319,34.43797],[-118.46311,34.43797],[-118.46287,34.43797],[-118.45926,34.43798],[-118.45884,34.43798],[-118.45609,34.43799],[-118.45569,34.43799],[-118.45536,34.43799],[-118.45447,34.43799],[-118.45411,34.43799],[-118.45375,34.43799],[-118.45358,34.43799],[-118.45332,34.43799],[-118.45314,34.43799],[-118.45291,34.43799],[-118.45277,34.43799],[-118.45258,34.43799],[-118.45244,34.43799],[-118.45239,34.43797],[-118.45238,34.43799],[-118.45218,34.43799],[-118.45198,34.43799],[-118.45179,34.43799],[-118.45159,34.43799],[-118.45157,34.43799],[-118.45138,34.43799],[-118.45118,34.43799],[-118.45099,34.43799],[-118.4508,34.43799],[-118.4508,34.43801],[-118.45075,34.43799],[-118.45075,34.43799],[-118.4504,34.43799],[-118.45013,34.43799],[-118.4501,34.43801],[-118.4501,34.43802],[-118.4501,34.43821],[-118.4501,34.43854],[-118.45011,34.43943],[-118.45011,34.43943],[-118.45009,34.43944],[-118.44998,34.43957],[-118.44993,34.43964],[-118.44996,34.43966],[-118.44995,34.43966],[-118.44995,34.43966],[-118.44997,34.43966],[-118.44999,34.43965],[-118.45001,34.43965],[-118.45003,34.43965],[-118.45004,34.43965],[-118.45006,34.43965],[-118.45008,34.43966],[-118.4501,34.43967],[-118.45011,34.43968],[-118.45012,34.43968],[-118.45012,34.4398],[-118.45012,34.43988],[-118.45012,34.43988],[-118.45012,34.43989],[-118.45014,34.43989],[-118.45016,34.4399],[-118.45018,34.4399],[-118.45019,34.43991],[-118.45012,34.44003],[-118.45003,34.44019],[-118.45012,34.44021],[-118.45012,34.44021],[-118.45012,34.44021],[-118.45012,34.4403],[-118.45014,34.44124],[-118.45009,34.44522],[-118.45009,34.447],[-118.45009,34.4488],[-118.45009,34.44926],[-118.45009,34.44948],[-118.45009,34.4524],[-118.45009,34.4524],[-118.45009,34.45241],[-118.45009,34.45241],[-118.45007,34.45404],[-118.45007,34.45405],[-118.45005,34.45593],[-118.45005,34.45596],[-118.45005,34.45604],[-118.45004,34.45742],[-118.45003,34.45772],[-118.45003,34.45831],[-118.45002,34.4594],[-118.45002,34.45952],[-118.4495,34.45953],[-118.44812,34.45955],[-118.4473,34.45957],[-118.44716,34.45957],[-118.44715,34.45957],[-118.44715,34.45957],[-118.44715,34.45957],[-118.44543,34.4596],[-118.4453,34.4596],[-118.44521,34.45961],[-118.44377,34.45963],[-118.44349,34.45964],[-118.44349,34.45908],[-118.44349,34.45857],[-118.44349,34.45823],[-118.44349,34.45796],[-118.44349,34.45763],[-118.44348,34.45728],[-118.44348,34.45674],[-118.44348,34.45605],[-118.44314,34.45605],[-118.44308,34.45605],[-118.44272,34.45606],[-118.44235,34.45606],[-118.44213,34.45606],[-118.44128,34.45608],[-118.44127,34.45469],[-118.44127,34.45448],[-118.44127,34.45253],[-118.44127,34.4525],[-118.43923,34.45252],[-118.43917,34.45252],[-118.43917,34.45252],[-118.43902,34.45253],[-118.43749,34.45254],[-118.43697,34.45255],[-118.43696,34.45255],[-118.43696,34.45255],[-118.43696,34.45255],[-118.4369,34.45255],[-118.43689,34.45255],[-118.43686,34.45255],[-118.43686,34.45255],[-118.43686,34.45255],[-118.43686,34.45254],[-118.43686,34.4523],[-118.43685,34.45147],[-118.43685,34.45146],[-118.43685,34.45145],[-118.43685,34.45121],[-118.43685,34.45119],[-118.43686,34.45081],[-118.43686,34.45075],[-118.43686,34.45075],[-118.43686,34.45075],[-118.43686,34.45075],[-118.43628,34.45075],[-118.43629,34.44978],[-118.43664,34.44978],[-118.43665,34.44949],[-118.43665,34.44929],[-118.43665,34.44888],[-118.43516,34.44888],[-118.43515,34.44949],[-118.43515,34.4497],[-118.43515,34.44977],[-118.43424,34.44977],[-118.43414,34.44977],[-118.43414,34.44934],[-118.43411,34.44934],[-118.43412,34.44913],[-118.43399,34.44908],[-118.43356,34.4489],[-118.43346,34.44886],[-118.43346,34.44818],[-118.43347,34.44785],[-118.43348,34.44684],[-118.43348,34.44684],[-118.43263,34.44649],[-118.43263,34.44649],[-118.43262,34.44649],[-118.43253,34.44645],[-118.4325,34.44644],[-118.4325,34.44594],[-118.4325,34.44542],[-118.43251,34.44509],[-118.43251,34.44508],[-118.43251,34.44476],[-118.43251,34.44458],[-118.43251,34.44455],[-118.43252,34.44417],[-118.43252,34.44379],[-118.43252,34.4436],[-118.43252,34.44341],[-118.43252,34.44341],[-118.43253,34.44322],[-118.43253,34.44303],[-118.43253,34.44265],[-118.43254,34.44231],[-118.43254,34.44212],[-118.43254,34.44212],[-118.43254,34.44197],[-118.43254,34.44185],[-118.43254,34.4418],[-118.43254,34.44176],[-118.43254,34.44176],[-118.43254,34.44167],[-118.43254,34.44151],[-118.43254,34.4415],[-118.43255,34.44134],[-118.43255,34.44126],[-118.43255,34.44126],[-118.43255,34.44115],[-118.43255,34.44111],[-118.43255,34.44102],[-118.43255,34.44101],[-118.43255,34.44092],[-118.43255,34.44088],[-118.43255,34.44088],[-118.43255,34.44085],[-118.43255,34.44074],[-118.43255,34.44071],[-118.43255,34.44059],[-118.43255,34.44059],[-118.43255,34.44041],[-118.43256,34.44019],[-118.43256,34.44017],[-118.43256,34.44016],[-118.43256,34.44006],[-118.43256,34.43995],[-118.43256,34.43965],[-118.43256,34.43961],[-118.43256,34.43961],[-118.43256,34.43949],[-118.43257,34.43937],[-118.43257,34.4391],[-118.43257,34.43907],[-118.43257,34.43906],[-118.43257,34.43903],[-118.43257,34.43891],[-118.43257,34.43865],[-118.43257,34.43857],[-118.43257,34.43854],[-118.43257,34.43854],[-118.43257,34.43852],[-118.43257,34.43851],[-118.43257,34.43845],[-118.43258,34.43843],[-118.43258,34.43835],[-118.43258,34.43833],[-118.43258,34.43827],[-118.43258,34.43822],[-118.43258,34.4382],[-118.43258,34.43811],[-118.43258,34.43811],[-118.43258,34.43811],[-118.43257,34.43811],[-118.43227,34.43811],[-118.43224,34.43811],[-118.43207,34.43811],[-118.43206,34.43811],[-118.43205,34.43811],[-118.43188,34.43811],[-118.43188,34.43811],[-118.43186,34.43811],[-118.43187,34.4381],[-118.4319,34.43804],[-118.43195,34.43796],[-118.4321,34.43772],[-118.43224,34.4375],[-118.43238,34.43731],[-118.43241,34.43727],[-118.43252,34.43711],[-118.43257,34.43705],[-118.43265,34.43694],[-118.43273,34.43684],[-118.43293,34.43658],[-118.43301,34.43648],[-118.43308,34.4364],[-118.43324,34.43622],[-118.43339,34.43607],[-118.43354,34.43593],[-118.43369,34.43579],[-118.43397,34.43554],[-118.43406,34.43547],[-118.43414,34.43541],[-118.43417,34.43537],[-118.43425,34.43531],[-118.43442,34.43518],[-118.43458,34.43507],[-118.43474,34.43497],[-118.4349,34.43487],[-118.4352,34.4347],[-118.43553,34.43452],[-118.43583,34.43436],[-118.43596,34.4343],[-118.43608,34.43424],[-118.43637,34.43411],[-118.43661,34.43401],[-118.43682,34.43393],[-118.4369,34.4339],[-118.43692,34.43389],[-118.43692,34.43372],[-118.43691,34.43268],[-118.43719,34.4317],[-118.43747,34.43169],[-118.43753,34.43168],[-118.43757,34.43167],[-118.43759,34.43166],[-118.4378,34.43181],[-118.4382,34.43173],[-118.43823,34.43167],[-118.43832,34.4316],[-118.43831,34.43145],[-118.43829,34.43126],[-118.43826,34.43087],[-118.43824,34.43078],[-118.43823,34.43069],[-118.4382,34.4306],[-118.43817,34.43053],[-118.4381,34.43039],[-118.43822,34.43034],[-118.43836,34.43028],[-118.43848,34.43023],[-118.4386,34.4302],[-118.43879,34.43016],[-118.43878,34.43007],[-118.43876,34.42993],[-118.43872,34.42969],[-118.43865,34.42942],[-118.43894,34.4294],[-118.43903,34.42939],[-118.439,34.42908],[-118.43899,34.42905],[-118.43899,34.42885],[-118.43899,34.42863],[-118.439,34.42852],[-118.43902,34.42845],[-118.43911,34.42824],[-118.43916,34.42814],[-118.43923,34.42801],[-118.43925,34.42798],[-118.43938,34.42774],[-118.43949,34.42754],[-118.43952,34.42744],[-118.43955,34.42734],[-118.43955,34.42731],[-118.43955,34.42729],[-118.43954,34.42724],[-118.43954,34.42697],[-118.43954,34.42691],[-118.43949,34.42664],[-118.43945,34.42647],[-118.4392,34.42651],[-118.4391,34.42651],[-118.43898,34.42652],[-118.43887,34.42652],[-118.43855,34.42651],[-118.43764,34.42652],[-118.43697,34.42652],[-118.43683,34.4265],[-118.43677,34.42649],[-118.43669,34.42647],[-118.43661,34.42645],[-118.43655,34.42643],[-118.4365,34.42641],[-118.4364,34.42636],[-118.43631,34.4263],[-118.43618,34.42622],[-118.43603,34.42612],[-118.43596,34.42608],[-118.43589,34.42603],[-118.43561,34.42582],[-118.43545,34.4257],[-118.43534,34.42562],[-118.43529,34.42559],[-118.43523,34.42556],[-118.43517,34.42554],[-118.43511,34.42551],[-118.43505,34.42549],[-118.43504,34.42549],[-118.43497,34.42547],[-118.43491,34.42546],[-118.43482,34.42545],[-118.43473,34.42545],[-118.43463,34.42545],[-118.43452,34.42546],[-118.43442,34.42548],[-118.43434,34.4255],[-118.43426,34.42553],[-118.43419,34.42556],[-118.43412,34.4256],[-118.43406,34.42565],[-118.43395,34.42574],[-118.43387,34.42584],[-118.43384,34.42588],[-118.43378,34.42597],[-118.43366,34.4262],[-118.43348,34.42651],[-118.43342,34.42659],[-118.43339,34.42664],[-118.43332,34.42671],[-118.43326,34.42678],[-118.43323,34.4268],[-118.43303,34.42691],[-118.43292,34.42697],[-118.43288,34.42699],[-118.4328,34.42702],[-118.43272,34.42705],[-118.43264,34.42707],[-118.43259,34.42708],[-118.43258,34.42708],[-118.43261,34.42726],[-118.43264,34.42741],[-118.43261,34.42759],[-118.4325,34.42787],[-118.43237,34.42816],[-118.43232,34.42835],[-118.43221,34.42872],[-118.43207,34.42927],[-118.43205,34.42935],[-118.43201,34.42949],[-118.43194,34.42973],[-118.43177,34.42997],[-118.4315,34.43018],[-118.4313,34.43028],[-118.43108,34.43035],[-118.43089,34.43039],[-118.43065,34.4304],[-118.43033,34.43035],[-118.43027,34.43034],[-118.43027,34.43035],[-118.43023,34.43035],[-118.43008,34.43032],[-118.42992,34.4303],[-118.42959,34.43026],[-118.42949,34.43025],[-118.42939,34.43025],[-118.4293,34.43025],[-118.42921,34.43025],[-118.42901,34.43025],[-118.42888,34.43026],[-118.42882,34.43027],[-118.42877,34.43027],[-118.42866,34.43029],[-118.42857,34.4303],[-118.4284,34.43034],[-118.42827,34.43036],[-118.42813,34.43038],[-118.42799,34.43039],[-118.42786,34.4304],[-118.42773,34.43041],[-118.42766,34.4304],[-118.4275,34.43039],[-118.42742,34.43039],[-118.42728,34.43036],[-118.427,34.43028],[-118.42671,34.4302],[-118.4266,34.43018],[-118.42648,34.43016],[-118.4264,34.43016],[-118.42631,34.43016],[-118.42623,34.43017],[-118.42616,34.43018],[-118.42609,34.4302],[-118.42597,34.43025],[-118.42589,34.43027],[-118.42585,34.43029],[-118.42585,34.43027],[-118.42585,34.43027],[-118.42584,34.43027],[-118.42565,34.43033],[-118.42551,34.43036],[-118.42532,34.43038],[-118.42517,34.43038],[-118.42502,34.43035],[-118.42484,34.43029],[-118.42464,34.43018],[-118.42457,34.4301],[-118.42445,34.42993],[-118.4244,34.4298],[-118.42435,34.42966],[-118.4243,34.42928],[-118.42429,34.42896],[-118.42427,34.42863],[-118.42425,34.42817],[-118.42538,34.42816],[-118.42563,34.42816],[-118.42563,34.42816],[-118.42563,34.42816],[-118.42561,34.42772],[-118.4256,34.42755],[-118.42559,34.4274],[-118.42558,34.42728],[-118.42554,34.42699],[-118.42553,34.42687],[-118.42552,34.42682],[-118.42535,34.42685],[-118.42496,34.4269],[-118.42464,34.42694],[-118.42451,34.42695],[-118.4244,34.42696],[-118.42383,34.42696],[-118.42375,34.42697],[-118.42375,34.42669],[-118.42375,34.42656],[-118.42375,34.42631],[-118.42376,34.42612],[-118.42375,34.42589],[-118.42374,34.42578],[-118.42372,34.42563],[-118.42371,34.4255],[-118.42371,34.42541],[-118.42371,34.4253],[-118.42371,34.42508],[-118.424,34.42495],[-118.4241,34.42491],[-118.42446,34.42474],[-118.42472,34.42461],[-118.4256,34.42421],[-118.42574,34.42415],[-118.42624,34.42392],[-118.42773,34.42324],[-118.42808,34.42308],[-118.42877,34.42275],[-118.43007,34.42214],[-118.43152,34.42147],[-118.43218,34.42117],[-118.43322,34.42069],[-118.43437,34.42017],[-118.43597,34.41943],[-118.43673,34.41908],[-118.43711,34.41891],[-118.43713,34.4189],[-118.43723,34.41905],[-118.43738,34.41927],[-118.43739,34.41928],[-118.43773,34.41979],[-118.4379,34.41974],[-118.43803,34.4197],[-118.43815,34.41965],[-118.43828,34.41959],[-118.43842,34.41953],[-118.43867,34.4194],[-118.43878,34.41933],[-118.4389,34.41926],[-118.43914,34.41908],[-118.43926,34.41899],[-118.43985,34.41851],[-118.43998,34.41841],[-118.44023,34.41823],[-118.44036,34.41814],[-118.44059,34.41798],[-118.44066,34.41793],[-118.44071,34.4179],[-118.44086,34.41782],[-118.44096,34.41776],[-118.44103,34.41773],[-118.44121,34.41764],[-118.44148,34.4175],[-118.44155,34.41747],[-118.44186,34.41733],[-118.44191,34.4173],[-118.44201,34.41726],[-118.44215,34.41721],[-118.44233,34.41715],[-118.44253,34.41709],[-118.44291,34.41698],[-118.44323,34.41689],[-118.44344,34.41684],[-118.44367,34.41678],[-118.44393,34.41672],[-118.44412,34.41668],[-118.44419,34.41666],[-118.44429,34.41664],[-118.44467,34.41657],[-118.44492,34.41653],[-118.44504,34.41651],[-118.44504,34.41648],[-118.44546,34.41648],[-118.44551,34.41647],[-118.44568,34.41646],[-118.4459,34.41645],[-118.44611,34.41645],[-118.44746,34.41645],[-118.44765,34.41645],[-118.44774,34.41645],[-118.4481,34.41645],[-118.44894,34.41645],[-118.4491,34.41645],[-118.44987,34.41647],[-118.44994,34.41647],[-118.45012,34.41648],[-118.4503,34.41648],[-118.45043,34.41648],[-118.45083,34.41648],[-118.45101,34.41648],[-118.45179,34.41647],[-118.45216,34.41647],[-118.4522,34.41647],[-118.45244,34.41647],[-118.45274,34.41646],[-118.4532,34.41646],[-118.45375,34.41646],[-118.45385,34.41646],[-118.45397,34.41645],[-118.45398,34.41645],[-118.45428,34.41646],[-118.45516,34.41649],[-118.45557,34.41649],[-118.4559,34.41649],[-118.45595,34.41649],[-118.45628,34.41647],[-118.4564,34.41646],[-118.45667,34.41642],[-118.4568,34.4164],[-118.45694,34.41637],[-118.45709,34.41633],[-118.45737,34.41625],[-118.45752,34.41621],[-118.45764,34.41618],[-118.45768,34.41617],[-118.45795,34.41612],[-118.45825,34.41607],[-118.45833,34.41606],[-118.45836,34.41605],[-118.45845,34.41605],[-118.45847,34.41605],[-118.45859,34.41604],[-118.45867,34.41604],[-118.45893,34.41603],[-118.4602,34.41598],[-118.46116,34.41595],[-118.4616,34.41593],[-118.46163,34.41593],[-118.46371,34.41585],[-118.4642,34.41583],[-118.46453,34.41582],[-118.46526,34.41579],[-118.46526,34.41579]]]}},{"type":"Feature","properties":{"seat":"sulphur-springs-union-school-district-trustee-area-3","label":"Trustee Area 3","county":"TA3","role":"seat"},"geometry":{"type":"Polygon","coordinates":[[[-118.46741,34.40889],[-118.46744,34.40889],[-118.46768,34.40888],[-118.46793,34.40886],[-118.4681,34.40886],[-118.4682,34.40886],[-118.46836,34.40885],[-118.46853,34.40886],[-118.46869,34.40886],[-118.46885,34.40887],[-118.4691,34.40888],[-118.46931,34.40889],[-118.46935,34.4089],[-118.46939,34.4089],[-118.46952,34.40891],[-118.46959,34.40892],[-118.46968,34.40893],[-118.46975,34.40894],[-118.46989,34.40896],[-118.46996,34.40897],[-118.47002,34.40898],[-118.47019,34.409],[-118.47023,34.40901],[-118.47026,34.40902],[-118.4705,34.40906],[-118.47062,34.40908],[-118.47078,34.40912],[-118.47094,34.40915],[-118.47109,34.40919],[-118.47107,34.40926],[-118.47111,34.40927],[-118.47128,34.40931],[-118.47143,34.40936],[-118.4715,34.40938],[-118.47158,34.4094],[-118.47203,34.40955],[-118.47218,34.4096],[-118.47232,34.40966],[-118.47248,34.40972],[-118.4727,34.40982],[-118.47292,34.40991],[-118.473,34.40995],[-118.47313,34.41002],[-118.47334,34.41013],[-118.47345,34.41018],[-118.47369,34.41032],[-118.47392,34.41046],[-118.47415,34.41061],[-118.47429,34.4107],[-118.4743,34.41071],[-118.47443,34.4108],[-118.47444,34.41081],[-118.47455,34.41089],[-118.47492,34.41089],[-118.47516,34.41089],[-118.47504,34.41079],[-118.47491,34.41069],[-118.47479,34.4106],[-118.47475,34.41057],[-118.47466,34.41051],[-118.47461,34.41048],[-118.47461,34.41047],[-118.47469,34.41042],[-118.47476,34.41038],[-118.47488,34.4103],[-118.47503,34.41022],[-118.47518,34.41016],[-118.47542,34.41006],[-118.47566,34.40997],[-118.47578,34.40992],[-118.47591,34.40988],[-118.47604,34.40984],[-118.47616,34.40981],[-118.47617,34.40981],[-118.47616,34.40982],[-118.47616,34.40995],[-118.47617,34.41061],[-118.47651,34.41061],[-118.47651,34.41088],[-118.47651,34.41089],[-118.47641,34.41089],[-118.47617,34.41089],[-118.47618,34.41162],[-118.47639,34.41199],[-118.47717,34.4127],[-118.47825,34.4127],[-118.47837,34.4127],[-118.47837,34.41281],[-118.47837,34.4136],[-118.47848,34.4137],[-118.47845,34.41373],[-118.47842,34.41374],[-118.47842,34.41374],[-118.47842,34.41374],[-118.47859,34.41391],[-118.47869,34.41401],[-118.47877,34.41409],[-118.47878,34.4141],[-118.47884,34.41411],[-118.47893,34.41413],[-118.47919,34.41417],[-118.4793,34.41418],[-118.47939,34.41418],[-118.47949,34.41418],[-118.47959,34.41419],[-118.47961,34.41419],[-118.47961,34.41419],[-118.47963,34.41419],[-118.47968,34.41419],[-118.47978,34.41419],[-118.48006,34.41419],[-118.48016,34.41419],[-118.48026,34.41419],[-118.48036,34.41419],[-118.48046,34.4142],[-118.48049,34.4142],[-118.4805,34.4142],[-118.48057,34.4142],[-118.48066,34.41421],[-118.48066,34.41421],[-118.48067,34.41421],[-118.48068,34.41421],[-118.4807,34.41421],[-118.48071,34.41422],[-118.48074,34.41422],[-118.48085,34.41423],[-118.4809,34.41424],[-118.4809,34.41424],[-118.48099,34.41425],[-118.48107,34.41427],[-118.48114,34.41428],[-118.48119,34.4143],[-118.48126,34.41432],[-118.48131,34.41433],[-118.48132,34.41433],[-118.48138,34.41435],[-118.48141,34.41436],[-118.48148,34.41438],[-118.48155,34.41441],[-118.48155,34.41441],[-118.48161,34.41443],[-118.48165,34.41445],[-118.48172,34.41448],[-118.48177,34.4145],[-118.48182,34.41452],[-118.48188,34.41456],[-118.48192,34.41457],[-118.48194,34.41459],[-118.48197,34.4146],[-118.482,34.41462],[-118.48203,34.41464],[-118.48206,34.41466],[-118.48209,34.41467],[-118.48212,34.4147],[-118.48217,34.41472],[-118.48219,34.41474],[-118.48225,34.41478],[-118.48225,34.41479],[-118.48229,34.41482],[-118.48234,34.41485],[-118.48237,34.41488],[-118.4824,34.4149],[-118.48243,34.41493],[-118.48247,34.41496],[-118.4825,34.41499],[-118.48254,34.41503],[-118.48259,34.41508],[-118.48262,34.41511],[-118.48265,34.41513],[-118.48267,34.41516],[-118.4827,34.41519],[-118.48273,34.41524],[-118.48278,34.41529],[-118.4828,34.41532],[-118.48282,34.41534],[-118.48286,34.4154],[-118.48287,34.41542],[-118.48291,34.41549],[-118.48294,34.41553],[-118.48296,34.41555],[-118.48299,34.41561],[-118.48301,34.41565],[-118.48302,34.41568],[-118.48303,34.41569],[-118.48305,34.41573],[-118.48306,34.41576],[-118.48307,34.41579],[-118.48309,34.41583],[-118.4831,34.41587],[-118.48312,34.41592],[-118.48313,34.41593],[-118.48314,34.41599],[-118.48316,34.41605],[-118.48317,34.41606],[-118.48318,34.4161],[-118.48318,34.41613],[-118.48319,34.41618],[-118.4832,34.4162],[-118.4832,34.41621],[-118.48271,34.4163],[-118.48268,34.41619],[-118.48264,34.41603],[-118.4823,34.41614],[-118.482,34.41626],[-118.4819,34.41632],[-118.48127,34.41666],[-118.48112,34.41651],[-118.481,34.41641],[-118.4809,34.41632],[-118.4809,34.41632],[-118.48087,34.41632],[-118.48043,34.41632],[-118.48036,34.41626],[-118.48029,34.4162],[-118.47976,34.41577],[-118.47963,34.41566],[-118.47939,34.41544],[-118.47911,34.41521],[-118.47892,34.41506],[-118.47876,34.41493],[-118.47856,34.41478],[-118.47851,34.41475],[-118.47838,34.41468],[-118.4783,34.41465],[-118.47823,34.41462],[-118.47816,34.4146],[-118.4781,34.41459],[-118.47804,34.41457],[-118.47797,34.41457],[-118.47782,34.41456],[-118.47766,34.41457],[-118.47752,34.41458],[-118.47677,34.41473],[-118.47537,34.415],[-118.47526,34.41491],[-118.47515,34.41484],[-118.47505,34.41478],[-118.47474,34.4146],[-118.47458,34.41452],[-118.47423,34.41435],[-118.47423,34.41435],[-118.47421,34.41438],[-118.47409,34.41432],[-118.47394,34.41426],[-118.47288,34.41382],[-118.47279,34.41378],[-118.4727,34.41374],[-118.47264,34.41372],[-118.47262,34.4138],[-118.47258,34.41391],[-118.47257,34.41395],[-118.47245,34.41431],[-118.47243,34.41437],[-118.47241,34.41442],[-118.47237,34.41455],[-118.47228,34.4148],[-118.47224,34.41501],[-118.4722,34.41522],[-118.47219,34.41533],[-118.47217,34.41548],[-118.47217,34.41563],[-118.47217,34.4157],[-118.47217,34.41649],[-118.47217,34.41664],[-118.47218,34.4184],[-118.47219,34.42087],[-118.47203,34.42087],[-118.47187,34.42087],[-118.47159,34.42086],[-118.47122,34.42086],[-118.47034,34.42087],[-118.47032,34.42087],[-118.47032,34.42094],[-118.47038,34.42119],[-118.47049,34.42142],[-118.47053,34.42148],[-118.47061,34.4216],[-118.47074,34.4218],[-118.47077,34.42187],[-118.47088,34.42211],[-118.47092,34.42221],[-118.47094,34.42237],[-118.47098,34.42262],[-118.47096,34.42308],[-118.47007,34.42308],[-118.46931,34.42309],[-118.46836,34.42309],[-118.46824,34.42309],[-118.46804,34.42309],[-118.4679,34.42306],[-118.46782,34.42296],[-118.46779,34.42285],[-118.46773,34.4227],[-118.46763,34.42244],[-118.4676,34.42236],[-118.46754,34.42224],[-118.46744,34.42202],[-118.46732,34.42177],[-118.46731,34.42175],[-118.46716,34.4214],[-118.46715,34.42138],[-118.4671,34.421],[-118.46703,34.42074],[-118.46691,34.42048],[-118.46668,34.42016],[-118.46653,34.41994],[-118.46647,34.41981],[-118.46642,34.41956],[-118.46641,34.41939],[-118.46641,34.41922],[-118.46641,34.41918],[-118.46642,34.41918],[-118.46641,34.41872],[-118.46641,34.41844],[-118.46642,34.41767],[-118.46642,34.41723],[-118.46641,34.41692],[-118.46641,34.41664],[-118.46641,34.41649],[-118.46641,34.41575],[-118.46641,34.41569],[-118.46636,34.41569],[-118.46601,34.4157],[-118.46584,34.4157],[-118.46578,34.4157],[-118.46545,34.41571],[-118.46536,34.41579],[-118.46526,34.41579],[-118.46526,34.41579],[-118.46453,34.41582],[-118.4642,34.41583],[-118.46371,34.41585],[-118.46163,34.41593],[-118.4616,34.41593],[-118.46116,34.41595],[-118.4602,34.41598],[-118.45893,34.41603],[-118.45867,34.41604],[-118.45859,34.41604],[-118.45847,34.41605],[-118.45845,34.41605],[-118.45836,34.41605],[-118.45833,34.41606],[-118.45825,34.41607],[-118.45795,34.41612],[-118.45768,34.41617],[-118.45764,34.41618],[-118.45752,34.41621],[-118.45737,34.41625],[-118.45709,34.41633],[-118.45694,34.41637],[-118.4568,34.4164],[-118.45667,34.41642],[-118.4564,34.41646],[-118.45628,34.41647],[-118.45595,34.41649],[-118.4559,34.41649],[-118.45557,34.41649],[-118.45516,34.41649],[-118.45428,34.41646],[-118.45398,34.41645],[-118.45397,34.41645],[-118.45385,34.41646],[-118.45375,34.41646],[-118.4532,34.41646],[-118.45274,34.41646],[-118.45244,34.41647],[-118.4522,34.41647],[-118.45216,34.41647],[-118.45179,34.41647],[-118.45101,34.41648],[-118.45083,34.41648],[-118.45043,34.41648],[-118.4503,34.41648],[-118.45012,34.41648],[-118.44994,34.41647],[-118.44987,34.41647],[-118.4491,34.41645],[-118.44894,34.41645],[-118.4481,34.41645],[-118.44774,34.41645],[-118.44765,34.41645],[-118.44746,34.41645],[-118.44611,34.41645],[-118.4459,34.41645],[-118.44568,34.41646],[-118.44551,34.41647],[-118.44546,34.41648],[-118.44504,34.41648],[-118.44504,34.41651],[-118.44492,34.41653],[-118.44467,34.41657],[-118.44429,34.41664],[-118.44419,34.41666],[-118.44393,34.41672],[-118.44367,34.41678],[-118.44363,34.41679],[-118.44344,34.41684],[-118.44323,34.41689],[-118.44291,34.41698],[-118.44272,34.41703],[-118.44253,34.41709],[-118.44233,34.41715],[-118.44215,34.41721],[-118.44201,34.41726],[-118.44191,34.4173],[-118.44186,34.41733],[-118.44155,34.41747],[-118.44148,34.4175],[-118.44121,34.41764],[-118.44103,34.41773],[-118.44096,34.41776],[-118.44086,34.41782],[-118.44071,34.4179],[-118.44066,34.41793],[-118.44059,34.41798],[-118.44036,34.41814],[-118.44023,34.41823],[-118.43998,34.41841],[-118.43985,34.41851],[-118.43983,34.41853],[-118.43926,34.41899],[-118.43914,34.41908],[-118.4389,34.41926],[-118.43878,34.41933],[-118.43867,34.4194],[-118.43842,34.41953],[-118.43828,34.41959],[-118.43815,34.41965],[-118.43803,34.4197],[-118.4379,34.41974],[-118.43773,34.41979],[-118.43739,34.41928],[-118.43738,34.41927],[-118.43723,34.41905],[-118.43712,34.41888],[-118.43727,34.41881],[-118.43882,34.41809],[-118.43958,34.41773],[-118.4403,34.41738],[-118.441,34.41702],[-118.44124,34.4169],[-118.44164,34.41668],[-118.4417,34.41664],[-118.4418,34.41659],[-118.44191,34.41652],[-118.44194,34.41651],[-118.44198,34.41648],[-118.44209,34.41641],[-118.44226,34.41629],[-118.44236,34.41622],[-118.44257,34.41608],[-118.44275,34.41595],[-118.4429,34.41582],[-118.44318,34.41558],[-118.44331,34.41546],[-118.44344,34.41534],[-118.44373,34.41504],[-118.44391,34.41486],[-118.44403,34.41473],[-118.44408,34.41467],[-118.44412,34.41462],[-118.4442,34.41452],[-118.44427,34.41443],[-118.44435,34.41432],[-118.44436,34.41431],[-118.44437,34.4143],[-118.4445,34.41411],[-118.44462,34.41393],[-118.44473,34.41375],[-118.4448,34.41363],[-118.44485,34.41354],[-118.44493,34.4134],[-118.44504,34.4132],[-118.4451,34.41308],[-118.44517,34.41295],[-118.44531,34.41265],[-118.44539,34.41244],[-118.44557,34.41188],[-118.4457,34.41151],[-118.44582,34.41115],[-118.44597,34.41074],[-118.44611,34.41035],[-118.44613,34.41028],[-118.44613,34.41028],[-118.44623,34.41027],[-118.44624,34.41027],[-118.4465,34.41025],[-118.44683,34.41023],[-118.44684,34.41026],[-118.44686,34.41025],[-118.44686,34.41025],[-118.4469,34.41024],[-118.44694,34.41022],[-118.44695,34.41022],[-118.44717,34.41021],[-118.44721,34.41021],[-118.44845,34.41013],[-118.44992,34.41004],[-118.45205,34.40992],[-118.45206,34.40992],[-118.45221,34.40991],[-118.45318,34.40986],[-118.4532,34.40985],[-118.45484,34.40976],[-118.45484,34.40968],[-118.45484,34.40962],[-118.45483,34.40948],[-118.45483,34.40928],[-118.45483,34.40919],[-118.45531,34.40919],[-118.45536,34.40921],[-118.45536,34.40921],[-118.45538,34.40921],[-118.45547,34.40924],[-118.45588,34.40922],[-118.45593,34.40921],[-118.45603,34.40921],[-118.45646,34.40918],[-118.45646,34.40918],[-118.4565,34.40918],[-118.45657,34.40919],[-118.45663,34.4092],[-118.45669,34.4092],[-118.4568,34.40921],[-118.45685,34.40921],[-118.4569,34.40921],[-118.45692,34.40921],[-118.45696,34.40921],[-118.45697,34.40921],[-118.45699,34.40921],[-118.45704,34.40921],[-118.45709,34.40921],[-118.45714,34.40921],[-118.45718,34.40921],[-118.45723,34.40921],[-118.45728,34.4092],[-118.45742,34.4092],[-118.45767,34.40918],[-118.45802,34.40916],[-118.45803,34.40916],[-118.45813,34.40916],[-118.45867,34.40912],[-118.45868,34.40912],[-118.45887,34.40911],[-118.45969,34.40906],[-118.46018,34.40903],[-118.46008,34.40913],[-118.46008,34.40914],[-118.46028,34.40913],[-118.46106,34.40913],[-118.46143,34.40912],[-118.46305,34.40911],[-118.46384,34.4091],[-118.4673,34.4089],[-118.46733,34.40889],[-118.46741,34.40889]]]}},{"type":"Feature","properties":{"seat":"sulphur-springs-union-school-district-trustee-area-4","label":"Trustee Area 4","county":"TA4","role":"seat"},"geometry":{"type":"Polygon","coordinates":[[[-118.49359,34.37766],[-118.49371,34.37775],[-118.49399,34.37797],[-118.49422,34.37815],[-118.49411,34.37826],[-118.49402,34.37836],[-118.49389,34.37851],[-118.49382,34.3786],[-118.49374,34.37872],[-118.49363,34.37886],[-118.49357,34.37895],[-118.49347,34.37909],[-118.49329,34.37941],[-118.49324,34.3795],[-118.49315,34.3797],[-118.49304,34.37985],[-118.49248,34.38103],[-118.49097,34.38417],[-118.49089,34.38433],[-118.49084,34.38443],[-118.49083,34.38446],[-118.49069,34.38477],[-118.49064,34.38489],[-118.49056,34.38509],[-118.49054,34.38513],[-118.49051,34.38524],[-118.49042,34.38552],[-118.4904,34.38556],[-118.49019,34.3863],[-118.49003,34.38684],[-118.48984,34.38743],[-118.48982,34.38749],[-118.48976,34.38768],[-118.48964,34.3881],[-118.48957,34.38832],[-118.48949,34.38853],[-118.48941,34.38873],[-118.4894,34.38876],[-118.48934,34.38891],[-118.48925,34.38909],[-118.48902,34.38955],[-118.48867,34.39026],[-118.48814,34.39137],[-118.4879,34.39185],[-118.48764,34.39234],[-118.48754,34.39253],[-118.4875,34.39259],[-118.4873,34.39291],[-118.48705,34.3933],[-118.48695,34.39346],[-118.48685,34.3936],[-118.48674,34.39374],[-118.48662,34.39389],[-118.48647,34.39407],[-118.48617,34.3944],[-118.48602,34.39456],[-118.48592,34.39467],[-118.48591,34.39467],[-118.48564,34.39493],[-118.4855,34.39507],[-118.48535,34.3952],[-118.48519,34.39534],[-118.48509,34.39543],[-118.48488,34.39559],[-118.48489,34.39577],[-118.48489,34.39785],[-118.4849,34.40031],[-118.4849,34.40068],[-118.48515,34.4007],[-118.48598,34.40077],[-118.48598,34.40095],[-118.48599,34.40182],[-118.48604,34.40182],[-118.4875,34.40179],[-118.48752,34.40264],[-118.48847,34.4023],[-118.48868,34.40223],[-118.48882,34.40224],[-118.48894,34.40226],[-118.48888,34.40272],[-118.48874,34.40274],[-118.48875,34.40275],[-118.48877,34.40275],[-118.48878,34.40276],[-118.48879,34.40276],[-118.4888,34.40277],[-118.48881,34.40278],[-118.48881,34.40278],[-118.48882,34.40279],[-118.48883,34.4028],[-118.48883,34.40281],[-118.48884,34.40281],[-118.48884,34.40282],[-118.48884,34.40283],[-118.48885,34.40284],[-118.48885,34.40286],[-118.48885,34.40287],[-118.48885,34.40288],[-118.48884,34.40289],[-118.48884,34.40291],[-118.48883,34.40292],[-118.48883,34.40293],[-118.48881,34.40294],[-118.4888,34.40295],[-118.48879,34.40296],[-118.48878,34.40297],[-118.48877,34.40297],[-118.48874,34.40298],[-118.48874,34.40299],[-118.48874,34.40302],[-118.48875,34.40332],[-118.48812,34.4035],[-118.48807,34.40351],[-118.48779,34.40399],[-118.48818,34.40435],[-118.48819,34.40508],[-118.48819,34.40543],[-118.48646,34.40545],[-118.48553,34.40546],[-118.48553,34.40546],[-118.48541,34.40546],[-118.48489,34.40546],[-118.4847,34.4051],[-118.48455,34.40483],[-118.48444,34.40488],[-118.4832,34.40536],[-118.48287,34.40477],[-118.48274,34.40452],[-118.48266,34.40452],[-118.48183,34.40446],[-118.48173,34.40445],[-118.48107,34.40476],[-118.48102,34.40474],[-118.48057,34.40459],[-118.48019,34.40426],[-118.48008,34.40378],[-118.47988,34.40397],[-118.47949,34.40435],[-118.47936,34.40423],[-118.47834,34.40323],[-118.47825,34.40322],[-118.47813,34.4032],[-118.47783,34.40315],[-118.47757,34.4031],[-118.47757,34.4031],[-118.47759,34.40314],[-118.47759,34.40315],[-118.47781,34.40358],[-118.47782,34.40364],[-118.47784,34.40433],[-118.47784,34.4045],[-118.47705,34.40457],[-118.47684,34.40459],[-118.47662,34.4046],[-118.47615,34.40543],[-118.47615,34.40543],[-118.47616,34.40908],[-118.47616,34.40933],[-118.47616,34.40965],[-118.47616,34.40981],[-118.47604,34.40984],[-118.47591,34.40988],[-118.47578,34.40992],[-118.47566,34.40997],[-118.47542,34.41006],[-118.47518,34.41016],[-118.47503,34.41022],[-118.47488,34.4103],[-118.47476,34.41038],[-118.47469,34.41042],[-118.47461,34.41047],[-118.47461,34.41048],[-118.47466,34.41051],[-118.47475,34.41057],[-118.47479,34.4106],[-118.47491,34.41069],[-118.47504,34.41079],[-118.47516,34.41089],[-118.47492,34.41089],[-118.47455,34.41089],[-118.47444,34.41081],[-118.47443,34.4108],[-118.4743,34.41071],[-118.47429,34.4107],[-118.47415,34.41061],[-118.47392,34.41046],[-118.47369,34.41032],[-118.47345,34.41018],[-118.47334,34.41013],[-118.47313,34.41002],[-118.473,34.40995],[-118.47292,34.40991],[-118.4727,34.40982],[-118.47248,34.40972],[-118.47232,34.40966],[-118.47218,34.4096],[-118.47203,34.40955],[-118.47158,34.4094],[-118.4715,34.40938],[-118.47143,34.40936],[-118.47128,34.40931],[-118.47111,34.40927],[-118.47107,34.40926],[-118.47109,34.40919],[-118.47094,34.40915],[-118.47078,34.40912],[-118.47062,34.40908],[-118.4705,34.40906],[-118.47026,34.40902],[-118.47023,34.40901],[-118.47019,34.409],[-118.47002,34.40898],[-118.46996,34.40897],[-118.46989,34.40896],[-118.46975,34.40894],[-118.46968,34.40893],[-118.46959,34.40892],[-118.46952,34.40891],[-118.46939,34.4089],[-118.46935,34.4089],[-118.46931,34.40889],[-118.4691,34.40888],[-118.46885,34.40887],[-118.46869,34.40886],[-118.46853,34.40886],[-118.46836,34.40885],[-118.4682,34.40886],[-118.4681,34.40886],[-118.46793,34.40886],[-118.46768,34.40888],[-118.46744,34.40889],[-118.46741,34.40889],[-118.46733,34.40889],[-118.4673,34.4089],[-118.46384,34.4091],[-118.46305,34.40911],[-118.46143,34.40912],[-118.46106,34.40913],[-118.46028,34.40913],[-118.46008,34.40914],[-118.46008,34.40913],[-118.46018,34.40903],[-118.45969,34.40906],[-118.45887,34.40911],[-118.45868,34.40912],[-118.45867,34.40912],[-118.45813,34.40916],[-118.45803,34.40916],[-118.45802,34.40916],[-118.45767,34.40918],[-118.45742,34.4092],[-118.45728,34.4092],[-118.45723,34.40921],[-118.45718,34.40921],[-118.45714,34.40921],[-118.45709,34.40921],[-118.45704,34.40921],[-118.45699,34.40921],[-118.45697,34.40921],[-118.45696,34.40921],[-118.45692,34.40921],[-118.4569,34.40921],[-118.45685,34.40921],[-118.4568,34.40921],[-118.45669,34.4092],[-118.45663,34.4092],[-118.45657,34.40919],[-118.4565,34.40918],[-118.45646,34.40918],[-118.45646,34.40918],[-118.45603,34.40921],[-118.45593,34.40921],[-118.45588,34.40922],[-118.45547,34.40924],[-118.45538,34.40921],[-118.45536,34.40921],[-118.45536,34.40921],[-118.45531,34.40919],[-118.45483,34.40919],[-118.45483,34.40928],[-118.45483,34.40948],[-118.45484,34.40962],[-118.45484,34.40968],[-118.45484,34.40976],[-118.4532,34.40985],[-118.45318,34.40986],[-118.45221,34.40991],[-118.45206,34.40992],[-118.45205,34.40992],[-118.44992,34.41004],[-118.44845,34.41013],[-118.44721,34.41021],[-118.44717,34.41021],[-118.44695,34.41022],[-118.44694,34.41022],[-118.4469,34.41024],[-118.44689,34.41024],[-118.44686,34.41025],[-118.44686,34.41025],[-118.44684,34.41026],[-118.44683,34.41023],[-118.44651,34.41025],[-118.4465,34.41025],[-118.44624,34.41027],[-118.44623,34.41027],[-118.44613,34.41028],[-118.44613,34.41028],[-118.4461,34.41029],[-118.44596,34.4103],[-118.44593,34.4103],[-118.44586,34.41031],[-118.44577,34.41032],[-118.4457,34.41033],[-118.44568,34.41033],[-118.44557,34.41034],[-118.44547,34.41035],[-118.44538,34.41035],[-118.44537,34.41035],[-118.44527,34.41036],[-118.44527,34.41036],[-118.44526,34.41036],[-118.44522,34.41036],[-118.44522,34.41036],[-118.44521,34.41036],[-118.4452,34.41036],[-118.44519,34.41036],[-118.44518,34.41036],[-118.44517,34.41036],[-118.44516,34.41036],[-118.44515,34.41036],[-118.44514,34.41036],[-118.44513,34.41036],[-118.44512,34.41037],[-118.44511,34.41037],[-118.4451,34.41037],[-118.44509,34.41037],[-118.44508,34.41037],[-118.44507,34.41037],[-118.44506,34.41037],[-118.44505,34.41037],[-118.44504,34.41037],[-118.44503,34.41037],[-118.44503,34.41037],[-118.44498,34.41037],[-118.44484,34.41038],[-118.44484,34.41038],[-118.4448,34.41038],[-118.4448,34.41048],[-118.4448,34.41048],[-118.44477,34.41048],[-118.4442,34.41052],[-118.44414,34.41052],[-118.44371,34.41054],[-118.44367,34.41055],[-118.44313,34.41058],[-118.44256,34.41061],[-118.442,34.41064],[-118.44122,34.41069],[-118.44115,34.41069],[-118.44095,34.4107],[-118.44089,34.41071],[-118.44074,34.41072],[-118.44074,34.41072],[-118.44074,34.41071],[-118.44073,34.41061],[-118.44073,34.41059],[-118.44073,34.41051],[-118.44073,34.41046],[-118.44072,34.41043],[-118.44072,34.4104],[-118.44033,34.41041],[-118.43957,34.41052],[-118.43868,34.41069],[-118.43779,34.41097],[-118.43748,34.41109],[-118.43693,34.41132],[-118.4364,34.41158],[-118.43561,34.41202],[-118.43475,34.41258],[-118.43443,34.41277],[-118.43412,34.41293],[-118.43387,34.41306],[-118.43384,34.41307],[-118.43385,34.41307],[-118.43385,34.41306],[-118.43397,34.41287],[-118.43387,34.41287],[-118.43379,34.41286],[-118.43378,34.41286],[-118.43331,34.41286],[-118.4327,34.41286],[-118.43249,34.41286],[-118.42903,34.41287],[-118.4285,34.41287],[-118.42815,34.41287],[-118.42815,34.41275],[-118.42815,34.41263],[-118.42815,34.4126],[-118.42817,34.41069],[-118.42817,34.41055],[-118.42817,34.41041],[-118.42818,34.41023],[-118.42819,34.40927],[-118.42819,34.40927],[-118.42819,34.40901],[-118.42819,34.40894],[-118.42882,34.40894],[-118.42888,34.40894],[-118.42882,34.40891],[-118.4288,34.40879],[-118.42878,34.40871],[-118.42864,34.40862],[-118.42854,34.40848],[-118.42853,34.40843],[-118.42853,34.40838],[-118.42856,34.40833],[-118.42872,34.40817],[-118.42855,34.40798],[-118.42843,34.40789],[-118.42835,34.40786],[-118.42844,34.40783],[-118.42865,34.40786],[-118.4286,34.40782],[-118.42847,34.40774],[-118.42835,34.4077],[-118.42843,34.40765],[-118.42836,34.4076],[-118.42826,34.40758],[-118.42828,34.4074],[-118.42832,34.40736],[-118.42856,34.40729],[-118.42864,34.40724],[-118.4288,34.40685],[-118.42896,34.4066],[-118.42903,34.4065],[-118.42907,34.40636],[-118.42914,34.4062],[-118.42922,34.40609],[-118.4293,34.40604],[-118.42933,34.40595],[-118.42941,34.40584],[-118.42951,34.40575],[-118.42956,34.40564],[-118.42958,34.40564],[-118.42971,34.40564],[-118.42975,34.40564],[-118.42991,34.40564],[-118.42991,34.40576],[-118.43017,34.40619],[-118.43025,34.40616],[-118.43021,34.40593],[-118.43035,34.4059],[-118.43067,34.40596],[-118.43107,34.40613],[-118.43107,34.40613],[-118.4312,34.40617],[-118.43125,34.40618],[-118.43125,34.40619],[-118.43126,34.40643],[-118.43165,34.40641],[-118.43167,34.40631],[-118.43187,34.40633],[-118.43213,34.40618],[-118.43241,34.40627],[-118.43242,34.40627],[-118.43246,34.40628],[-118.43251,34.4063],[-118.43269,34.40626],[-118.43283,34.40623],[-118.43284,34.40611],[-118.43269,34.40611],[-118.43257,34.40611],[-118.43254,34.40611],[-118.43254,34.40562],[-118.43254,34.40562],[-118.43254,34.40529],[-118.43254,34.405],[-118.43254,34.40495],[-118.43254,34.40419],[-118.43254,34.40383],[-118.43254,34.40381],[-118.43254,34.40379],[-118.43341,34.40374],[-118.43336,34.40365],[-118.43329,34.40368],[-118.43317,34.40351],[-118.43316,34.40325],[-118.43357,34.40324],[-118.4336,34.40324],[-118.4336,34.40324],[-118.43328,34.4032],[-118.43326,34.40294],[-118.43326,34.40291],[-118.43325,34.40289],[-118.43325,34.40286],[-118.43324,34.40284],[-118.43322,34.40281],[-118.4332,34.40277],[-118.43318,34.40256],[-118.43317,34.40251],[-118.4334,34.40241],[-118.43391,34.40236],[-118.43405,34.40236],[-118.43414,34.40236],[-118.43419,34.40238],[-118.43421,34.40239],[-118.43426,34.40239],[-118.4344,34.40239],[-118.4344,34.40239],[-118.43461,34.4024],[-118.43461,34.40241],[-118.43481,34.40244],[-118.43482,34.40245],[-118.43501,34.40251],[-118.43501,34.40252],[-118.43519,34.40259],[-118.4352,34.4026],[-118.43535,34.40267],[-118.43536,34.4027],[-118.43549,34.40275],[-118.4355,34.40278],[-118.43563,34.40284],[-118.43564,34.40288],[-118.43577,34.40294],[-118.43578,34.40297],[-118.43592,34.40302],[-118.43593,34.40306],[-118.43613,34.40311],[-118.43618,34.40313],[-118.43619,34.40318],[-118.43645,34.40319],[-118.43666,34.4032],[-118.43687,34.40323],[-118.43708,34.40327],[-118.43709,34.40328],[-118.43726,34.40332],[-118.43727,34.40334],[-118.43741,34.40338],[-118.43742,34.4034],[-118.43756,34.40344],[-118.43757,34.40346],[-118.43771,34.40349],[-118.43772,34.40351],[-118.43787,34.40355],[-118.43788,34.40357],[-118.43803,34.40361],[-118.43804,34.40363],[-118.43818,34.40366],[-118.43819,34.40368],[-118.43833,34.40372],[-118.43834,34.40374],[-118.43848,34.40377],[-118.43849,34.40379],[-118.43863,34.40383],[-118.43864,34.40385],[-118.43871,34.40386],[-118.4388,34.40388],[-118.43881,34.40389],[-118.43889,34.40389],[-118.43897,34.40389],[-118.43898,34.4039],[-118.43917,34.40388],[-118.43917,34.40388],[-118.43916,34.4039],[-118.43911,34.40399],[-118.43926,34.40405],[-118.43942,34.4041],[-118.43957,34.40416],[-118.4397,34.4042],[-118.43985,34.40419],[-118.44,34.40417],[-118.44017,34.40409],[-118.44034,34.40434],[-118.44038,34.40432],[-118.44021,34.40406],[-118.44039,34.40398],[-118.44055,34.40392],[-118.44071,34.40385],[-118.44087,34.40378],[-118.44103,34.40372],[-118.4412,34.40366],[-118.44108,34.40356],[-118.44097,34.40347],[-118.44103,34.4024],[-118.44104,34.40228],[-118.44105,34.40207],[-118.44105,34.40201],[-118.44105,34.40199],[-118.44106,34.40189],[-118.44106,34.40189],[-118.44157,34.40169],[-118.44162,34.40167],[-118.44162,34.40167],[-118.44167,34.40173],[-118.44201,34.40211],[-118.44221,34.40254],[-118.44232,34.40276],[-118.44238,34.4029],[-118.44246,34.40308],[-118.44246,34.40309],[-118.44242,34.4032],[-118.4424,34.40327],[-118.4423,34.40356],[-118.44225,34.4037],[-118.44225,34.40372],[-118.44224,34.40372],[-118.4421,34.40371],[-118.44208,34.40371],[-118.44212,34.40378],[-118.44211,34.40389],[-118.44216,34.40393],[-118.44217,34.40394],[-118.44225,34.40403],[-118.44219,34.4041],[-118.44221,34.40421],[-118.44222,34.40426],[-118.4423,34.40432],[-118.44232,34.40433],[-118.4424,34.40435],[-118.4425,34.40449],[-118.44261,34.40444],[-118.44258,34.40438],[-118.44259,34.40432],[-118.44257,34.40419],[-118.44258,34.4041],[-118.44254,34.40393],[-118.44269,34.40381],[-118.44279,34.40375],[-118.44302,34.40377],[-118.44308,34.40387],[-118.44351,34.40455],[-118.44351,34.40455],[-118.44362,34.40472],[-118.44367,34.40479],[-118.44368,34.40482],[-118.44372,34.4047],[-118.4437,34.40467],[-118.44374,34.40455],[-118.44373,34.40453],[-118.44377,34.40439],[-118.44375,34.40437],[-118.44381,34.40422],[-118.4438,34.4042],[-118.44388,34.40406],[-118.44387,34.40403],[-118.44388,34.40402],[-118.44397,34.4039],[-118.44397,34.40387],[-118.44409,34.40375],[-118.44409,34.40372],[-118.44414,34.40367],[-118.44423,34.40358],[-118.4445,34.40382],[-118.44458,34.40389],[-118.44468,34.40381],[-118.4448,34.40374],[-118.44489,34.40369],[-118.44486,34.40363],[-118.44469,34.40331],[-118.44492,34.4033],[-118.44505,34.40322],[-118.44515,34.40312],[-118.44525,34.40303],[-118.44535,34.40294],[-118.44546,34.40285],[-118.44556,34.40277],[-118.44557,34.40276],[-118.44558,34.40274],[-118.44563,34.40262],[-118.44564,34.40261],[-118.4457,34.40248],[-118.44577,34.40234],[-118.44581,34.40236],[-118.44595,34.4024],[-118.44596,34.40241],[-118.44609,34.40245],[-118.44619,34.40248],[-118.44628,34.4023],[-118.44636,34.40217],[-118.44645,34.40206],[-118.44657,34.40196],[-118.44672,34.40187],[-118.44687,34.40179],[-118.4469,34.40178],[-118.44687,34.40171],[-118.44674,34.40143],[-118.44694,34.40138],[-118.44716,34.40135],[-118.44738,34.40134],[-118.4476,34.40136],[-118.44782,34.40139],[-118.44771,34.40168],[-118.44768,34.40177],[-118.44786,34.40183],[-118.44804,34.40191],[-118.44824,34.40202],[-118.44824,34.40202],[-118.44846,34.40212],[-118.44875,34.40217],[-118.44884,34.40218],[-118.44892,34.4022],[-118.44899,34.4022],[-118.44914,34.4022],[-118.4492,34.4022],[-118.4497,34.40218],[-118.44984,34.40218],[-118.44989,34.40218],[-118.44992,34.40218],[-118.44992,34.40217],[-118.45006,34.40216],[-118.45011,34.40217],[-118.45017,34.40217],[-118.45022,34.40218],[-118.45027,34.40219],[-118.45032,34.40219],[-118.45037,34.40221],[-118.45042,34.40222],[-118.45047,34.40223],[-118.4505,34.40224],[-118.45054,34.40214],[-118.45057,34.40207],[-118.45059,34.40202],[-118.45062,34.40196],[-118.45065,34.4019],[-118.45069,34.40185],[-118.45072,34.40179],[-118.45075,34.40174],[-118.45079,34.40168],[-118.45083,34.40163],[-118.45087,34.40158],[-118.45091,34.40153],[-118.45095,34.40147],[-118.45099,34.40142],[-118.45104,34.40137],[-118.45109,34.40132],[-118.45113,34.40127],[-118.45117,34.40124],[-118.45119,34.40121],[-118.45122,34.40118],[-118.45125,34.40114],[-118.45128,34.40111],[-118.4513,34.40107],[-118.45132,34.40103],[-118.45135,34.401],[-118.45137,34.40096],[-118.45138,34.40092],[-118.4514,34.40088],[-118.45142,34.40084],[-118.45143,34.4008],[-118.45144,34.40076],[-118.45145,34.40072],[-118.45146,34.40068],[-118.45147,34.40065],[-118.45147,34.40061],[-118.45148,34.40057],[-118.45148,34.40053],[-118.45148,34.4005],[-118.45148,34.40046],[-118.45148,34.40042],[-118.45148,34.40038],[-118.45147,34.40035],[-118.45147,34.40031],[-118.45146,34.40027],[-118.45145,34.40024],[-118.45144,34.4002],[-118.45143,34.40016],[-118.45142,34.40013],[-118.45141,34.40009],[-118.45138,34.40002],[-118.45136,34.39997],[-118.45135,34.39992],[-118.45133,34.39987],[-118.45132,34.39981],[-118.45131,34.39976],[-118.45129,34.39971],[-118.45128,34.39965],[-118.45128,34.3996],[-118.45127,34.39953],[-118.45126,34.39947],[-118.45126,34.3994],[-118.45126,34.39933],[-118.45126,34.39926],[-118.45126,34.39919],[-118.45127,34.39912],[-118.45127,34.39905],[-118.45128,34.39898],[-118.4513,34.39892],[-118.45131,34.39885],[-118.45133,34.39878],[-118.45135,34.39871],[-118.45137,34.39865],[-118.45139,34.39858],[-118.45142,34.39852],[-118.45164,34.39798],[-118.45165,34.39795],[-118.45166,34.39792],[-118.45167,34.39789],[-118.45168,34.39786],[-118.45168,34.39783],[-118.45169,34.3978],[-118.45169,34.39777],[-118.4517,34.39774],[-118.4517,34.39771],[-118.4517,34.39768],[-118.4517,34.39765],[-118.4517,34.39762],[-118.4517,34.39759],[-118.45169,34.39756],[-118.45169,34.39753],[-118.45168,34.39751],[-118.45168,34.3975],[-118.45179,34.39748],[-118.45182,34.39747],[-118.45186,34.39747],[-118.45189,34.39747],[-118.45192,34.39746],[-118.45195,34.39746],[-118.45198,34.39746],[-118.45201,34.39746],[-118.45205,34.39746],[-118.45208,34.39746],[-118.45211,34.39747],[-118.45215,34.39747],[-118.45217,34.39747],[-118.45221,34.39748],[-118.45224,34.39748],[-118.45227,34.39749],[-118.4523,34.39749],[-118.45251,34.39754],[-118.45244,34.39771],[-118.45242,34.39778],[-118.4524,34.39785],[-118.45238,34.39792],[-118.45236,34.398],[-118.45235,34.39807],[-118.45233,34.39814],[-118.45232,34.39822],[-118.45231,34.39829],[-118.4523,34.39836],[-118.45229,34.39843],[-118.45229,34.3985],[-118.45228,34.39858],[-118.45228,34.39865],[-118.45228,34.39872],[-118.45228,34.3988],[-118.45228,34.39887],[-118.45228,34.39894],[-118.45229,34.39902],[-118.4523,34.39909],[-118.4523,34.39917],[-118.45231,34.39924],[-118.45232,34.39931],[-118.45234,34.39938],[-118.45235,34.39945],[-118.45237,34.39952],[-118.45238,34.3996],[-118.4524,34.39967],[-118.45242,34.39974],[-118.45245,34.39981],[-118.45247,34.39988],[-118.4525,34.39995],[-118.45252,34.40002],[-118.45255,34.40008],[-118.45257,34.40015],[-118.4526,34.40021],[-118.45263,34.40027],[-118.45266,34.40033],[-118.45269,34.40039],[-118.45272,34.40045],[-118.45275,34.40051],[-118.45279,34.40057],[-118.45282,34.40063],[-118.45286,34.40068],[-118.4529,34.40074],[-118.45293,34.40079],[-118.45297,34.40085],[-118.45301,34.40091],[-118.45306,34.40096],[-118.45311,34.40103],[-118.45313,34.40105],[-118.45316,34.40109],[-118.45322,34.40115],[-118.45328,34.40121],[-118.45334,34.40127],[-118.4534,34.40133],[-118.45346,34.40139],[-118.45353,34.40145],[-118.45359,34.40151],[-118.45365,34.40156],[-118.45372,34.40162],[-118.45379,34.40167],[-118.45385,34.40173],[-118.45392,34.40178],[-118.45399,34.40184],[-118.45406,34.40189],[-118.45408,34.4019],[-118.45411,34.40193],[-118.45415,34.40197],[-118.45441,34.40218],[-118.45445,34.40221],[-118.45453,34.40227],[-118.45463,34.40235],[-118.45477,34.40246],[-118.45479,34.40247],[-118.45485,34.40244],[-118.45511,34.40261],[-118.45524,34.40268],[-118.45547,34.40279],[-118.4555,34.4028],[-118.45552,34.40281],[-118.45565,34.40287],[-118.45578,34.40292],[-118.45592,34.40297],[-118.45599,34.40299],[-118.45605,34.40301],[-118.45623,34.40306],[-118.45653,34.40311],[-118.45737,34.40326],[-118.45737,34.40326],[-118.45749,34.40327],[-118.45761,34.40327],[-118.45762,34.40328],[-118.45776,34.40328],[-118.45805,34.40327],[-118.45835,34.40325],[-118.45865,34.40323],[-118.45932,34.40319],[-118.45967,34.40317],[-118.46001,34.40316],[-118.46034,34.40318],[-118.46052,34.4032],[-118.46058,34.4032],[-118.46095,34.40327],[-118.46138,34.40338],[-118.46164,34.40345],[-118.462,34.40358],[-118.46211,34.40363],[-118.46235,34.40374],[-118.46283,34.40398],[-118.46339,34.4044],[-118.46351,34.40448],[-118.46359,34.4044],[-118.46359,34.40439],[-118.46359,34.40439],[-118.46359,34.40439],[-118.46359,34.40439],[-118.46359,34.40439],[-118.46359,34.40439],[-118.46359,34.40439],[-118.46359,34.40438],[-118.46359,34.40438],[-118.46359,34.40438],[-118.46359,34.40438],[-118.46359,34.40438],[-118.46359,34.40438],[-118.46359,34.40438],[-118.46358,34.40437],[-118.46358,34.40437],[-118.46358,34.40437],[-118.46358,34.40437],[-118.46358,34.40437],[-118.46358,34.40437],[-118.46359,34.40436],[-118.46359,34.40436],[-118.46359,34.40436],[-118.46359,34.40436],[-118.46359,34.40436],[-118.46359,34.40436],[-118.46359,34.40435],[-118.46359,34.40435],[-118.46359,34.40435],[-118.46359,34.40435],[-118.46359,34.40435],[-118.46359,34.40435],[-118.46359,34.40435],[-118.46359,34.40434],[-118.46359,34.40434],[-118.4636,34.40434],[-118.4636,34.40434],[-118.4636,34.40434],[-118.4636,34.40434],[-118.46359,34.40433],[-118.46364,34.40428],[-118.46367,34.40426],[-118.46375,34.40418],[-118.46378,34.40415],[-118.4638,34.40413],[-118.4638,34.40412],[-118.46385,34.40406],[-118.46387,34.40403],[-118.4639,34.40399],[-118.46392,34.40396],[-118.46393,34.40394],[-118.46396,34.4039],[-118.46397,34.40388],[-118.46399,34.40383],[-118.46401,34.4038],[-118.46403,34.40378],[-118.46403,34.40378],[-118.46404,34.40376],[-118.46404,34.40375],[-118.46404,34.40375],[-118.46405,34.40374],[-118.4641,34.40367],[-118.46417,34.40358],[-118.4642,34.40355],[-118.46423,34.40352],[-118.46423,34.40353],[-118.4643,34.40347],[-118.46437,34.40343],[-118.46445,34.40338],[-118.46454,34.40334],[-118.46461,34.40332],[-118.46467,34.4033],[-118.46474,34.40328],[-118.46486,34.40327],[-118.46491,34.40326],[-118.46492,34.40326],[-118.46498,34.40326],[-118.46508,34.40325],[-118.46512,34.40325],[-118.46524,34.40325],[-118.46535,34.40325],[-118.46541,34.40325],[-118.4655,34.40326],[-118.46561,34.40328],[-118.46568,34.40329],[-118.46572,34.4033],[-118.46575,34.40331],[-118.46582,34.40333],[-118.46584,34.40334],[-118.46592,34.40337],[-118.46602,34.40342],[-118.46604,34.40343],[-118.46613,34.40349],[-118.4662,34.40354],[-118.46625,34.40358],[-118.46629,34.40362],[-118.4663,34.40363],[-118.46638,34.40371],[-118.46647,34.4038],[-118.46648,34.40382],[-118.46656,34.4039],[-118.46656,34.4039],[-118.46656,34.40391],[-118.46657,34.40391],[-118.46657,34.40391],[-118.46657,34.40391],[-118.46676,34.4041],[-118.46674,34.40411],[-118.46675,34.40413],[-118.46675,34.40413],[-118.46676,34.40414],[-118.46675,34.40415],[-118.46674,34.40417],[-118.46674,34.40417],[-118.46686,34.40428],[-118.46697,34.40421],[-118.46702,34.40418],[-118.46737,34.40394],[-118.46737,34.40394],[-118.4675,34.40385],[-118.46939,34.40257],[-118.46961,34.40243],[-118.47123,34.40134],[-118.47151,34.40115],[-118.4728,34.40028],[-118.47313,34.40007],[-118.47358,34.39979],[-118.47386,34.39963],[-118.47388,34.39962],[-118.4738,34.39953],[-118.47359,34.39927],[-118.47345,34.39907],[-118.47344,34.39905],[-118.47324,34.39878],[-118.47315,34.39866],[-118.47312,34.39863],[-118.473,34.39848],[-118.47287,34.39834],[-118.47285,34.39831],[-118.47278,34.39822],[-118.47272,34.39812],[-118.47267,34.398],[-118.47265,34.39794],[-118.47264,34.39789],[-118.47262,34.39779],[-118.47261,34.39775],[-118.47261,34.3977],[-118.47261,34.39763],[-118.47262,34.39755],[-118.4727,34.39705],[-118.47273,34.39681],[-118.47275,34.39643],[-118.47275,34.39637],[-118.47275,34.3963],[-118.47274,34.39622],[-118.47271,34.39604],[-118.47269,34.39595],[-118.47266,34.39586],[-118.47263,34.39577],[-118.47252,34.3955],[-118.47245,34.39528],[-118.47243,34.39522],[-118.47244,34.39522],[-118.47267,34.39516],[-118.47274,34.39515],[-118.47281,34.39515],[-118.47288,34.39516],[-118.47295,34.39517],[-118.47302,34.39519],[-118.47309,34.39521],[-118.47315,34.39524],[-118.47321,34.39527],[-118.47326,34.39531],[-118.47353,34.39557],[-118.47358,34.39561],[-118.47363,34.39565],[-118.47369,34.39568],[-118.47375,34.39571],[-118.47382,34.39573],[-118.47389,34.39575],[-118.47396,34.39576],[-118.47403,34.39576],[-118.4741,34.39576],[-118.47485,34.39567],[-118.47492,34.39565],[-118.47498,34.39563],[-118.47504,34.3956],[-118.47509,34.39557],[-118.47515,34.39553],[-118.47519,34.3955],[-118.47524,34.39545],[-118.47528,34.3954],[-118.47531,34.39535],[-118.47534,34.39529],[-118.47536,34.39523],[-118.47537,34.39517],[-118.47542,34.39497],[-118.47544,34.39489],[-118.47547,34.39481],[-118.4755,34.39474],[-118.47554,34.39467],[-118.47558,34.3946],[-118.47565,34.39452],[-118.47571,34.39444],[-118.47571,34.39444],[-118.47461,34.3937],[-118.47389,34.39322],[-118.47375,34.39313],[-118.47372,34.39316],[-118.47355,34.39304],[-118.47333,34.39286],[-118.47323,34.3928],[-118.47282,34.39252],[-118.47269,34.39243],[-118.47266,34.39241],[-118.47259,34.39236],[-118.47267,34.39232],[-118.47266,34.39232],[-118.4729,34.39247],[-118.47301,34.39254],[-118.47485,34.39155],[-118.47492,34.39151],[-118.47493,34.3915],[-118.47592,34.39082],[-118.47602,34.39076],[-118.47679,34.39023],[-118.47704,34.39006],[-118.47746,34.38975],[-118.47824,34.38917],[-118.47825,34.38917],[-118.48003,34.38784],[-118.48138,34.38685],[-118.48138,34.38684],[-118.48332,34.38559],[-118.4855,34.38418],[-118.48597,34.38387],[-118.48628,34.38367],[-118.48658,34.38348],[-118.48717,34.3831],[-118.48717,34.3831],[-118.48727,34.38301],[-118.49134,34.37957],[-118.49354,34.3777],[-118.49359,34.37766]]]}},{"type":"Feature","properties":{"seat":"sulphur-springs-union-school-district-trustee-area-5","label":"Trustee Area 5","county":"TA5","role":"seat"},"geometry":{"type":"Polygon","coordinates":[[[-118.36079,34.33714],[-118.37365,34.33713],[-118.37786,34.33713],[-118.38769,34.33711],[-118.3947,34.3371],[-118.39709,34.33709],[-118.39709,34.33717],[-118.39712,34.33781],[-118.39713,34.33813],[-118.39715,34.33869],[-118.39716,34.33907],[-118.39716,34.33914],[-118.39717,34.33931],[-118.39717,34.33938],[-118.39717,34.3394],[-118.39717,34.33954],[-118.39717,34.33955],[-118.39718,34.33957],[-118.39718,34.33969],[-118.39718,34.3397],[-118.39718,34.33971],[-118.39719,34.33997],[-118.39719,34.34],[-118.39759,34.35177],[-118.39759,34.35194],[-118.39761,34.35237],[-118.39782,34.35237],[-118.40393,34.35225],[-118.4055,34.35222],[-118.41339,34.35206],[-118.42233,34.35213],[-118.43126,34.3522],[-118.43263,34.35217],[-118.44017,34.35199],[-118.44026,34.35199],[-118.44901,34.35178],[-118.44908,34.35178],[-118.44899,34.35576],[-118.44898,34.35615],[-118.4489,34.35938],[-118.44889,34.35957],[-118.44882,34.36186],[-118.44867,34.36687],[-118.44866,34.36698],[-118.44866,34.36698],[-118.44856,34.37077],[-118.44846,34.37457],[-118.44846,34.37503],[-118.44847,34.3753],[-118.44847,34.37706],[-118.44847,34.37815],[-118.44847,34.3782],[-118.44848,34.37839],[-118.44848,34.37847],[-118.44848,34.37848],[-118.44914,34.37851],[-118.45085,34.37859],[-118.45099,34.3786],[-118.45113,34.37859],[-118.45123,34.37859],[-118.45135,34.37858],[-118.45306,34.37845],[-118.45326,34.37846],[-118.45336,34.37846],[-118.45346,34.37846],[-118.45359,34.37845],[-118.45382,34.37846],[-118.45402,34.37847],[-118.45422,34.37848],[-118.4545,34.3785],[-118.45473,34.37852],[-118.45485,34.37853],[-118.4549,34.37854],[-118.4566,34.3787],[-118.45782,34.37881],[-118.45787,34.37881],[-118.4581,34.37884],[-118.45823,34.37885],[-118.45836,34.37888],[-118.45846,34.3789],[-118.45876,34.37895],[-118.45904,34.379],[-118.45915,34.37902],[-118.45931,34.37906],[-118.45972,34.37916],[-118.46003,34.37924],[-118.46007,34.37926],[-118.46382,34.38042],[-118.46395,34.38046],[-118.46403,34.38048],[-118.4641,34.3805],[-118.4642,34.38051],[-118.46439,34.38053],[-118.46444,34.38054],[-118.46451,34.38055],[-118.46459,34.38055],[-118.46463,34.38055],[-118.46482,34.38054],[-118.46493,34.38052],[-118.46516,34.38048],[-118.46524,34.38046],[-118.46531,34.38044],[-118.46538,34.38042],[-118.46546,34.38039],[-118.46552,34.38036],[-118.46563,34.38031],[-118.46568,34.38028],[-118.46582,34.38019],[-118.46586,34.38016],[-118.46593,34.38011],[-118.46602,34.38004],[-118.4661,34.37998],[-118.46625,34.37983],[-118.46639,34.37971],[-118.46657,34.37953],[-118.46668,34.37942],[-118.46675,34.37937],[-118.46695,34.3792],[-118.46706,34.37912],[-118.4671,34.37908],[-118.46719,34.37902],[-118.46727,34.37898],[-118.46741,34.3789],[-118.46745,34.37887],[-118.46752,34.37883],[-118.46777,34.37873],[-118.46789,34.37869],[-118.46873,34.3784],[-118.46902,34.37829],[-118.46944,34.37814],[-118.46962,34.37807],[-118.4697,34.37804],[-118.46981,34.378],[-118.46985,34.37798],[-118.46992,34.37794],[-118.47,34.3779],[-118.47024,34.37775],[-118.47034,34.37767],[-118.47041,34.37761],[-118.47128,34.37679],[-118.47148,34.37662],[-118.47167,34.37647],[-118.47178,34.3764],[-118.47185,34.37635],[-118.47204,34.37625],[-118.4722,34.37617],[-118.47568,34.37498],[-118.47589,34.37491],[-118.47604,34.37485],[-118.47624,34.37476],[-118.47646,34.37465],[-118.47674,34.37448],[-118.47697,34.37433],[-118.47716,34.37421],[-118.47728,34.37412],[-118.4773,34.37411],[-118.47734,34.37408],[-118.47745,34.374],[-118.47759,34.37391],[-118.4777,34.37384],[-118.47786,34.37375],[-118.47799,34.37368],[-118.47803,34.37366],[-118.47812,34.37363],[-118.47833,34.37356],[-118.47846,34.37352],[-118.47858,34.37349],[-118.47863,34.37347],[-118.47869,34.37347],[-118.4788,34.37345],[-118.47891,34.37344],[-118.47906,34.37343],[-118.47916,34.37343],[-118.47933,34.37343],[-118.47946,34.37344],[-118.47957,34.37346],[-118.47977,34.37349],[-118.4799,34.37352],[-118.48004,34.37356],[-118.48015,34.3736],[-118.48028,34.37363],[-118.48038,34.37368],[-118.48048,34.37372],[-118.48054,34.37376],[-118.48084,34.37395],[-118.48093,34.37401],[-118.48097,34.37405],[-118.48101,34.37409],[-118.4811,34.37419],[-118.48152,34.37461],[-118.48188,34.37498],[-118.48207,34.37516],[-118.48213,34.37522],[-118.48225,34.37532],[-118.48235,34.3754],[-118.48243,34.37545],[-118.48251,34.37549],[-118.48276,34.37561],[-118.48283,34.37565],[-118.48288,34.37566],[-118.48292,34.37567],[-118.48295,34.37568],[-118.48322,34.37573],[-118.4833,34.37574],[-118.48354,34.37575],[-118.48382,34.37575],[-118.48391,34.37574],[-118.48419,34.3757],[-118.48479,34.37559],[-118.48826,34.375],[-118.48842,34.37499],[-118.4886,34.37498],[-118.48876,34.37497],[-118.48887,34.37497],[-118.489,34.37498],[-118.48902,34.37498],[-118.48906,34.37498],[-118.48921,34.37501],[-118.4893,34.37502],[-118.4895,34.37504],[-118.48961,34.37506],[-118.48972,34.37509],[-118.4899,34.37513],[-118.48992,34.37514],[-118.49002,34.37517],[-118.49041,34.37532],[-118.49056,34.37539],[-118.49067,34.37544],[-118.49075,34.37549],[-118.49086,34.37557],[-118.49091,34.37559],[-118.49094,34.37561],[-118.49098,34.37564],[-118.49104,34.37568],[-118.49131,34.37588],[-118.49135,34.37592],[-118.49143,34.37598],[-118.49253,34.37684],[-118.49272,34.37698],[-118.49328,34.37742],[-118.49348,34.37758],[-118.49359,34.37766],[-118.49354,34.3777],[-118.49134,34.37957],[-118.48727,34.38301],[-118.48717,34.3831],[-118.48717,34.3831],[-118.48658,34.38348],[-118.48628,34.38367],[-118.48597,34.38387],[-118.4855,34.38418],[-118.48332,34.38559],[-118.48138,34.38684],[-118.48138,34.38685],[-118.48003,34.38784],[-118.47825,34.38917],[-118.47824,34.38917],[-118.47746,34.38975],[-118.47704,34.39006],[-118.47679,34.39023],[-118.47602,34.39076],[-118.47592,34.39082],[-118.47493,34.3915],[-118.47492,34.39151],[-118.47485,34.39155],[-118.47301,34.39254],[-118.4729,34.39247],[-118.47266,34.39232],[-118.47267,34.39232],[-118.47259,34.39236],[-118.47266,34.39241],[-118.47269,34.39243],[-118.47282,34.39252],[-118.47323,34.3928],[-118.47333,34.39286],[-118.47355,34.39304],[-118.47372,34.39316],[-118.47375,34.39313],[-118.47389,34.39322],[-118.47461,34.3937],[-118.47571,34.39444],[-118.47571,34.39444],[-118.47565,34.39452],[-118.47558,34.3946],[-118.47554,34.39467],[-118.4755,34.39474],[-118.47547,34.39481],[-118.47544,34.39489],[-118.47542,34.39497],[-118.47537,34.39517],[-118.47536,34.39523],[-118.47534,34.39529],[-118.47531,34.39535],[-118.47528,34.3954],[-118.47524,34.39545],[-118.47519,34.3955],[-118.47515,34.39553],[-118.47509,34.39557],[-118.47504,34.3956],[-118.47498,34.39563],[-118.47492,34.39565],[-118.47485,34.39567],[-118.4741,34.39576],[-118.47403,34.39576],[-118.47396,34.39576],[-118.47389,34.39575],[-118.47382,34.39573],[-118.47375,34.39571],[-118.47369,34.39568],[-118.47363,34.39565],[-118.47358,34.39561],[-118.47353,34.39557],[-118.47326,34.39531],[-118.47321,34.39527],[-118.47315,34.39524],[-118.47309,34.39521],[-118.47302,34.39519],[-118.47295,34.39517],[-118.47288,34.39516],[-118.47281,34.39515],[-118.47274,34.39515],[-118.47267,34.39516],[-118.47244,34.39522],[-118.47243,34.39522],[-118.47245,34.39528],[-118.47252,34.3955],[-118.47263,34.39577],[-118.47266,34.39586],[-118.47269,34.39595],[-118.47271,34.39604],[-118.47274,34.39622],[-118.47275,34.3963],[-118.47275,34.39637],[-118.47275,34.39643],[-118.47273,34.39681],[-118.4727,34.39705],[-118.47262,34.39755],[-118.47261,34.39763],[-118.47261,34.3977],[-118.47261,34.39775],[-118.47262,34.39779],[-118.47264,34.39789],[-118.47265,34.39794],[-118.47267,34.398],[-118.47272,34.39812],[-118.47278,34.39822],[-118.47285,34.39831],[-118.47287,34.39834],[-118.473,34.39848],[-118.47312,34.39863],[-118.47315,34.39866],[-118.47324,34.39878],[-118.47344,34.39905],[-118.47345,34.39907],[-118.47359,34.39927],[-118.4738,34.39953],[-118.47388,34.39962],[-118.47386,34.39963],[-118.47358,34.39979],[-118.47313,34.40007],[-118.4728,34.40028],[-118.47151,34.40115],[-118.47123,34.40134],[-118.46961,34.40243],[-118.46939,34.40257],[-118.4675,34.40385],[-118.46737,34.40394],[-118.46702,34.40418],[-118.46697,34.40421],[-118.46686,34.40428],[-118.46674,34.40417],[-118.46674,34.40417],[-118.46675,34.40415],[-118.46676,34.40414],[-118.46675,34.40413],[-118.46675,34.40413],[-118.46674,34.40411],[-118.46676,34.4041],[-118.46657,34.40391],[-118.46657,34.40391],[-118.46657,34.40391],[-118.46656,34.40391],[-118.46656,34.4039],[-118.46656,34.4039],[-118.46648,34.40382],[-118.46647,34.4038],[-118.46638,34.40371],[-118.4663,34.40363],[-118.46629,34.40362],[-118.46625,34.40358],[-118.4662,34.40354],[-118.46613,34.40349],[-118.46604,34.40343],[-118.46602,34.40342],[-118.46592,34.40337],[-118.46584,34.40334],[-118.46582,34.40333],[-118.46575,34.40331],[-118.46572,34.4033],[-118.46568,34.40329],[-118.46561,34.40328],[-118.4655,34.40326],[-118.46541,34.40325],[-118.46535,34.40325],[-118.46524,34.40325],[-118.46512,34.40325],[-118.46508,34.40325],[-118.46498,34.40326],[-118.46492,34.40326],[-118.46491,34.40326],[-118.46486,34.40327],[-118.46474,34.40328],[-118.46467,34.4033],[-118.46461,34.40332],[-118.46454,34.40334],[-118.46445,34.40338],[-118.46437,34.40343],[-118.4643,34.40347],[-118.46423,34.40353],[-118.46423,34.40352],[-118.4642,34.40355],[-118.46417,34.40358],[-118.4641,34.40367],[-118.46405,34.40374],[-118.46404,34.40375],[-118.46404,34.40375],[-118.46404,34.40376],[-118.46403,34.40378],[-118.46403,34.40378],[-118.46401,34.4038],[-118.46399,34.40383],[-118.46397,34.40388],[-118.46396,34.4039],[-118.46393,34.40394],[-118.46392,34.40396],[-118.4639,34.40399],[-118.46387,34.40403],[-118.46385,34.40406],[-118.4638,34.40412],[-118.4638,34.40413],[-118.46378,34.40415],[-118.46375,34.40418],[-118.46367,34.40426],[-118.46364,34.40428],[-118.46359,34.40433],[-118.4636,34.40434],[-118.4636,34.40434],[-118.4636,34.40434],[-118.4636,34.40434],[-118.46359,34.40434],[-118.46359,34.40434],[-118.46359,34.40435],[-118.46359,34.40435],[-118.46359,34.40435],[-118.46359,34.40435],[-118.46359,34.40435],[-118.46359,34.40435],[-118.46359,34.40435],[-118.46359,34.40436],[-118.46359,34.40436],[-118.46359,34.40436],[-118.46359,34.40436],[-118.46359,34.40436],[-118.46359,34.40436],[-118.46358,34.40437],[-118.46358,34.40437],[-118.46358,34.40437],[-118.46358,34.40437],[-118.46358,34.40437],[-118.46358,34.40437],[-118.46359,34.40438],[-118.46359,34.40438],[-118.46359,34.40438],[-118.46359,34.40438],[-118.46359,34.40438],[-118.46359,34.40438],[-118.46359,34.40438],[-118.46359,34.40439],[-118.46359,34.40439],[-118.46359,34.40439],[-118.46359,34.40439],[-118.46359,34.40439],[-118.46359,34.40439],[-118.46359,34.40439],[-118.46359,34.4044],[-118.46351,34.40448],[-118.46339,34.4044],[-118.46283,34.40398],[-118.46235,34.40374],[-118.46211,34.40363],[-118.462,34.40358],[-118.46164,34.40345],[-118.46138,34.40338],[-118.46095,34.40327],[-118.46058,34.4032],[-118.46052,34.4032],[-118.46034,34.40318],[-118.46001,34.40316],[-118.45967,34.40317],[-118.45932,34.40319],[-118.45865,34.40323],[-118.45835,34.40325],[-118.45805,34.40327],[-118.45776,34.40328],[-118.45762,34.40328],[-118.45761,34.40327],[-118.45749,34.40327],[-118.45737,34.40326],[-118.45737,34.40326],[-118.45623,34.40306],[-118.45605,34.40301],[-118.45599,34.40299],[-118.45592,34.40297],[-118.45578,34.40292],[-118.45565,34.40287],[-118.45552,34.40281],[-118.4555,34.4028],[-118.45547,34.40279],[-118.45524,34.40268],[-118.45511,34.40261],[-118.45485,34.40244],[-118.45479,34.40247],[-118.45477,34.40246],[-118.45463,34.40235],[-118.45453,34.40227],[-118.45445,34.40221],[-118.45441,34.40218],[-118.45415,34.40197],[-118.45411,34.40193],[-118.45408,34.4019],[-118.45406,34.40189],[-118.45399,34.40184],[-118.45392,34.40178],[-118.45385,34.40173],[-118.45379,34.40167],[-118.45372,34.40162],[-118.45365,34.40156],[-118.45359,34.40151],[-118.45353,34.40145],[-118.45346,34.40139],[-118.4534,34.40133],[-118.45334,34.40127],[-118.45328,34.40121],[-118.45322,34.40115],[-118.45316,34.40109],[-118.45313,34.40105],[-118.45311,34.40103],[-118.45306,34.40096],[-118.45301,34.40091],[-118.45297,34.40085],[-118.45293,34.40079],[-118.4529,34.40074],[-118.45286,34.40068],[-118.45282,34.40063],[-118.45279,34.40057],[-118.45275,34.40051],[-118.45272,34.40045],[-118.45269,34.40039],[-118.45266,34.40033],[-118.45263,34.40027],[-118.4526,34.40021],[-118.45257,34.40015],[-118.45255,34.40008],[-118.45252,34.40002],[-118.4525,34.39995],[-118.45247,34.39988],[-118.45245,34.39981],[-118.45242,34.39974],[-118.4524,34.39967],[-118.45238,34.3996],[-118.45237,34.39952],[-118.45235,34.39945],[-118.45234,34.39938],[-118.45232,34.39931],[-118.45231,34.39924],[-118.4523,34.39917],[-118.4523,34.39909],[-118.45229,34.39902],[-118.45228,34.39894],[-118.45228,34.39887],[-118.45228,34.3988],[-118.45228,34.39872],[-118.45228,34.39865],[-118.45228,34.39858],[-118.45229,34.3985],[-118.45229,34.39843],[-118.4523,34.39836],[-118.45231,34.39829],[-118.45232,34.39822],[-118.45233,34.39814],[-118.45235,34.39807],[-118.45236,34.398],[-118.45238,34.39792],[-118.4524,34.39785],[-118.45242,34.39778],[-118.45244,34.39771],[-118.45251,34.39754],[-118.4523,34.39749],[-118.45227,34.39749],[-118.45224,34.39748],[-118.45221,34.39748],[-118.45217,34.39747],[-118.45215,34.39747],[-118.45211,34.39747],[-118.45208,34.39746],[-118.45205,34.39746],[-118.45201,34.39746],[-118.45198,34.39746],[-118.45195,34.39746],[-118.45192,34.39746],[-118.45189,34.39747],[-118.45186,34.39747],[-118.45182,34.39747],[-118.45179,34.39748],[-118.45168,34.3975],[-118.45168,34.39751],[-118.45169,34.39753],[-118.45169,34.39756],[-118.4517,34.39759],[-118.4517,34.39762],[-118.4517,34.39765],[-118.4517,34.39768],[-118.4517,34.39771],[-118.4517,34.39774],[-118.45169,34.39777],[-118.45169,34.3978],[-118.45168,34.39783],[-118.45168,34.39786],[-118.45167,34.39789],[-118.45166,34.39792],[-118.45165,34.39795],[-118.45164,34.39798],[-118.45142,34.39852],[-118.45139,34.39858],[-118.45137,34.39865],[-118.45135,34.39871],[-118.45133,34.39878],[-118.45131,34.39885],[-118.4513,34.39892],[-118.45128,34.39898],[-118.45127,34.39905],[-118.45127,34.39912],[-118.45126,34.39919],[-118.45126,34.39926],[-118.45126,34.39933],[-118.45126,34.3994],[-118.45126,34.39947],[-118.45127,34.39953],[-118.45128,34.3996],[-118.45128,34.39965],[-118.45129,34.39971],[-118.45131,34.39976],[-118.45132,34.39981],[-118.45133,34.39987],[-118.45135,34.39992],[-118.45136,34.39997],[-118.45138,34.40002],[-118.45141,34.40009],[-118.45142,34.40013],[-118.45143,34.40016],[-118.45144,34.4002],[-118.45145,34.40024],[-118.45146,34.40027],[-118.45147,34.40031],[-118.45147,34.40035],[-118.45148,34.40038],[-118.45148,34.40042],[-118.45148,34.40046],[-118.45148,34.4005],[-118.45148,34.40053],[-118.45148,34.40057],[-118.45147,34.40061],[-118.45147,34.40065],[-118.45146,34.40068],[-118.45145,34.40072],[-118.45144,34.40076],[-118.45143,34.4008],[-118.45142,34.40084],[-118.4514,34.40088],[-118.45138,34.40092],[-118.45137,34.40096],[-118.45135,34.401],[-118.45132,34.40103],[-118.4513,34.40107],[-118.45128,34.40111],[-118.45125,34.40114],[-118.45122,34.40118],[-118.45119,34.40121],[-118.45117,34.40124],[-118.45113,34.40127],[-118.45109,34.40132],[-118.45104,34.40137],[-118.45099,34.40142],[-118.45095,34.40147],[-118.45091,34.40153],[-118.45087,34.40158],[-118.45083,34.40163],[-118.45079,34.40168],[-118.45075,34.40174],[-118.45072,34.40179],[-118.45069,34.40185],[-118.45065,34.4019],[-118.45062,34.40196],[-118.45059,34.40202],[-118.45057,34.40207],[-118.45054,34.40214],[-118.4505,34.40224],[-118.45047,34.40223],[-118.45042,34.40222],[-118.45037,34.40221],[-118.45032,34.40219],[-118.45027,34.40219],[-118.45022,34.40218],[-118.45017,34.40217],[-118.45011,34.40217],[-118.45006,34.40216],[-118.44992,34.40217],[-118.44992,34.40218],[-118.44989,34.40218],[-118.44984,34.40218],[-118.4497,34.40218],[-118.4492,34.4022],[-118.44914,34.4022],[-118.44899,34.4022],[-118.44892,34.4022],[-118.44884,34.40218],[-118.44875,34.40217],[-118.44846,34.40212],[-118.44824,34.40202],[-118.44824,34.40202],[-118.44804,34.40191],[-118.44786,34.40183],[-118.44768,34.40177],[-118.44771,34.40168],[-118.44782,34.40139],[-118.4476,34.40136],[-118.44738,34.40134],[-118.44716,34.40135],[-118.44694,34.40138],[-118.44674,34.40143],[-118.44687,34.40171],[-118.4469,34.40178],[-118.44687,34.40179],[-118.44672,34.40187],[-118.44657,34.40196],[-118.44645,34.40206],[-118.44636,34.40217],[-118.44628,34.4023],[-118.44619,34.40248],[-118.44609,34.40245],[-118.44596,34.40241],[-118.44595,34.4024],[-118.44581,34.40236],[-118.44577,34.40234],[-118.4457,34.40248],[-118.44564,34.40261],[-118.44563,34.40262],[-118.44558,34.40274],[-118.44557,34.40276],[-118.44556,34.40277],[-118.44546,34.40285],[-118.44535,34.40294],[-118.44525,34.40303],[-118.44515,34.40312],[-118.44505,34.40322],[-118.44492,34.4033],[-118.44469,34.40331],[-118.44486,34.40363],[-118.44489,34.40369],[-118.4448,34.40374],[-118.44468,34.40381],[-118.44458,34.40389],[-118.4445,34.40382],[-118.44423,34.40358],[-118.44414,34.40367],[-118.44409,34.40372],[-118.44409,34.40375],[-118.44397,34.40387],[-118.44397,34.4039],[-118.44388,34.40402],[-118.44387,34.40403],[-118.44388,34.40406],[-118.4438,34.4042],[-118.44381,34.40422],[-118.44375,34.40437],[-118.44377,34.40439],[-118.44373,34.40453],[-118.44374,34.40455],[-118.4437,34.40467],[-118.44372,34.4047],[-118.44368,34.40482],[-118.44362,34.40472],[-118.44351,34.40455],[-118.44308,34.40387],[-118.44302,34.40377],[-118.44279,34.40375],[-118.44269,34.40381],[-118.44254,34.40393],[-118.44258,34.4041],[-118.44257,34.40419],[-118.44259,34.40432],[-118.44258,34.40438],[-118.44261,34.40444],[-118.4425,34.40449],[-118.4424,34.40435],[-118.44232,34.40433],[-118.4423,34.40432],[-118.44222,34.40426],[-118.44221,34.40421],[-118.44219,34.4041],[-118.44225,34.40403],[-118.44217,34.40394],[-118.44216,34.40393],[-118.44211,34.40389],[-118.44212,34.40378],[-118.44208,34.40371],[-118.44224,34.40372],[-118.44225,34.40372],[-118.44225,34.4037],[-118.4423,34.40356],[-118.4424,34.40327],[-118.44242,34.4032],[-118.44246,34.40309],[-118.44246,34.40308],[-118.44238,34.4029],[-118.44232,34.40276],[-118.44221,34.40254],[-118.44201,34.40211],[-118.44167,34.40173],[-118.44162,34.40167],[-118.44162,34.40167],[-118.44157,34.40169],[-118.44106,34.40189],[-118.44106,34.40189],[-118.44105,34.40199],[-118.44105,34.40201],[-118.44105,34.40207],[-118.44104,34.40228],[-118.44103,34.4024],[-118.44097,34.40347],[-118.44108,34.40356],[-118.4412,34.40366],[-118.44103,34.40372],[-118.44087,34.40378],[-118.44071,34.40385],[-118.44055,34.40392],[-118.44039,34.40398],[-118.44021,34.40406],[-118.44038,34.40432],[-118.44034,34.40434],[-118.44017,34.40409],[-118.44,34.40417],[-118.43985,34.40419],[-118.4397,34.4042],[-118.43957,34.40416],[-118.43942,34.4041],[-118.43926,34.40405],[-118.43911,34.40399],[-118.43916,34.4039],[-118.43917,34.40388],[-118.43917,34.40388],[-118.43898,34.4039],[-118.43897,34.40389],[-118.43889,34.40389],[-118.43881,34.40389],[-118.4388,34.40388],[-118.43871,34.40386],[-118.43864,34.40385],[-118.43863,34.40383],[-118.43849,34.40379],[-118.43848,34.40377],[-118.43834,34.40374],[-118.43833,34.40372],[-118.43819,34.40368],[-118.43818,34.40366],[-118.43804,34.40363],[-118.43803,34.40361],[-118.43788,34.40357],[-118.43787,34.40355],[-118.43772,34.40351],[-118.43771,34.40349],[-118.43757,34.40346],[-118.43756,34.40344],[-118.43742,34.4034],[-118.43741,34.40338],[-118.43727,34.40334],[-118.43726,34.40332],[-118.43709,34.40328],[-118.43708,34.40327],[-118.43687,34.40323],[-118.43666,34.4032],[-118.43645,34.40319],[-118.43619,34.40318],[-118.43618,34.40313],[-118.43613,34.40311],[-118.43593,34.40306],[-118.43592,34.40302],[-118.43578,34.40297],[-118.43577,34.40294],[-118.43564,34.40288],[-118.43563,34.40284],[-118.4355,34.40278],[-118.43549,34.40275],[-118.43536,34.4027],[-118.43535,34.40267],[-118.4352,34.4026],[-118.43519,34.40259],[-118.43501,34.40252],[-118.43501,34.40251],[-118.43482,34.40245],[-118.43481,34.40244],[-118.43461,34.40241],[-118.43461,34.4024],[-118.4344,34.40239],[-118.4344,34.40239],[-118.43426,34.40239],[-118.43421,34.40239],[-118.43419,34.40238],[-118.43414,34.40236],[-118.43405,34.40236],[-118.43391,34.40236],[-118.4334,34.40241],[-118.43317,34.40251],[-118.43318,34.40256],[-118.4332,34.40277],[-118.43322,34.40281],[-118.43324,34.40284],[-118.43325,34.40286],[-118.43325,34.40289],[-118.43326,34.40291],[-118.43326,34.40294],[-118.43328,34.4032],[-118.4336,34.40324],[-118.4336,34.40324],[-118.43357,34.40324],[-118.43316,34.40325],[-118.43317,34.40351],[-118.43329,34.40368],[-118.43336,34.40365],[-118.43341,34.40374],[-118.43254,34.40379],[-118.43254,34.40381],[-118.43254,34.40383],[-118.43254,34.40419],[-118.43254,34.40495],[-118.43254,34.405],[-118.43254,34.40529],[-118.43254,34.40562],[-118.43254,34.40562],[-118.43254,34.40611],[-118.43257,34.40611],[-118.43269,34.40611],[-118.43284,34.40611],[-118.43283,34.40623],[-118.43269,34.40626],[-118.43251,34.4063],[-118.43246,34.40628],[-118.43242,34.40627],[-118.43241,34.40627],[-118.43213,34.40618],[-118.43187,34.40633],[-118.43167,34.40631],[-118.43165,34.40641],[-118.43126,34.40643],[-118.43125,34.40619],[-118.43125,34.40618],[-118.4312,34.40617],[-118.43107,34.40613],[-118.43107,34.40613],[-118.43067,34.40596],[-118.43035,34.4059],[-118.43021,34.40593],[-118.43025,34.40616],[-118.43017,34.40619],[-118.42991,34.40576],[-118.42991,34.40564],[-118.42975,34.40564],[-118.42971,34.40564],[-118.42958,34.40564],[-118.42956,34.40564],[-118.42951,34.40575],[-118.42941,34.40584],[-118.42933,34.40595],[-118.4293,34.40604],[-118.42922,34.40609],[-118.42914,34.4062],[-118.42907,34.40636],[-118.42903,34.4065],[-118.42896,34.4066],[-118.4288,34.40685],[-118.42864,34.40724],[-118.42856,34.40729],[-118.42832,34.40736],[-118.42828,34.4074],[-118.42826,34.40758],[-118.42836,34.4076],[-118.42843,34.40765],[-118.42835,34.4077],[-118.42847,34.40774],[-118.4286,34.40782],[-118.42865,34.40786],[-118.42844,34.40783],[-118.42835,34.40786],[-118.42843,34.40789],[-118.42855,34.40798],[-118.42872,34.40817],[-118.42856,34.40833],[-118.42853,34.40838],[-118.42853,34.40843],[-118.42854,34.40848],[-118.42864,34.40862],[-118.42878,34.40871],[-118.4288,34.40879],[-118.42882,34.40891],[-118.42888,34.40894],[-118.42882,34.40894],[-118.42819,34.40894],[-118.42819,34.40901],[-118.42819,34.40927],[-118.42819,34.40927],[-118.42818,34.41023],[-118.42817,34.41041],[-118.42817,34.41055],[-118.42817,34.41069],[-118.42815,34.4126],[-118.42815,34.41263],[-118.42815,34.41275],[-118.42815,34.41287],[-118.4285,34.41287],[-118.42903,34.41287],[-118.43249,34.41286],[-118.4327,34.41286],[-118.43331,34.41286],[-118.43378,34.41286],[-118.43379,34.41286],[-118.43387,34.41287],[-118.43397,34.41287],[-118.43385,34.41306],[-118.43385,34.41307],[-118.43384,34.41307],[-118.43387,34.41306],[-118.43412,34.41293],[-118.43443,34.41277],[-118.43475,34.41258],[-118.43561,34.41202],[-118.4364,34.41158],[-118.43693,34.41132],[-118.43748,34.41109],[-118.43779,34.41097],[-118.43868,34.41069],[-118.43957,34.41052],[-118.44033,34.41041],[-118.44072,34.4104],[-118.44072,34.4104],[-118.44072,34.41043],[-118.44073,34.41046],[-118.44073,34.41051],[-118.44073,34.41059],[-118.44073,34.41061],[-118.44074,34.41071],[-118.44074,34.41072],[-118.44074,34.41072],[-118.44089,34.41071],[-118.44095,34.4107],[-118.44115,34.41069],[-118.44122,34.41069],[-118.442,34.41064],[-118.44256,34.41061],[-118.44313,34.41058],[-118.44367,34.41055],[-118.44371,34.41054],[-118.44414,34.41052],[-118.4442,34.41052],[-118.44477,34.41048],[-118.4448,34.41048],[-118.4448,34.41048],[-118.4448,34.41038],[-118.44484,34.41038],[-118.44484,34.41038],[-118.44498,34.41037],[-118.44503,34.41037],[-118.44503,34.41037],[-118.44504,34.41037],[-118.44505,34.41037],[-118.44506,34.41037],[-118.44507,34.41037],[-118.44508,34.41037],[-118.44509,34.41037],[-118.4451,34.41037],[-118.44511,34.41037],[-118.44512,34.41037],[-118.44513,34.41036],[-118.44514,34.41036],[-118.44515,34.41036],[-118.44516,34.41036],[-118.44517,34.41036],[-118.44518,34.41036],[-118.44519,34.41036],[-118.4452,34.41036],[-118.44521,34.41036],[-118.44522,34.41036],[-118.44522,34.41036],[-118.44526,34.41036],[-118.44527,34.41036],[-118.44527,34.41036],[-118.44537,34.41035],[-118.44538,34.41035],[-118.44547,34.41035],[-118.44557,34.41034],[-118.44568,34.41033],[-118.4457,34.41033],[-118.44577,34.41032],[-118.44586,34.41031],[-118.44593,34.4103],[-118.44596,34.4103],[-118.4461,34.41029],[-118.44613,34.41028],[-118.44611,34.41035],[-118.44597,34.41074],[-118.44582,34.41115],[-118.4457,34.41151],[-118.44557,34.41188],[-118.44539,34.41244],[-118.44531,34.41265],[-118.44517,34.41295],[-118.4451,34.41308],[-118.44504,34.4132],[-118.44493,34.4134],[-118.44488,34.41349],[-118.44485,34.41354],[-118.44473,34.41375],[-118.44462,34.41393],[-118.4445,34.41411],[-118.44437,34.4143],[-118.44435,34.41432],[-118.4442,34.41452],[-118.44412,34.41462],[-118.44408,34.41467],[-118.44403,34.41473],[-118.44391,34.41486],[-118.44373,34.41504],[-118.44344,34.41534],[-118.44331,34.41546],[-118.44318,34.41558],[-118.4429,34.41582],[-118.44275,34.41595],[-118.44257,34.41608],[-118.44236,34.41622],[-118.44198,34.41648],[-118.44194,34.41651],[-118.44191,34.41652],[-118.4418,34.41659],[-118.4417,34.41664],[-118.44164,34.41668],[-118.44124,34.4169],[-118.441,34.41702],[-118.4403,34.41738],[-118.43958,34.41773],[-118.43882,34.41809],[-118.43727,34.41881],[-118.43712,34.41888],[-118.43713,34.4189],[-118.43711,34.41891],[-118.43673,34.41908],[-118.43597,34.41943],[-118.43437,34.42017],[-118.43322,34.42069],[-118.43218,34.42117],[-118.43152,34.42147],[-118.43007,34.42214],[-118.42877,34.42275],[-118.42808,34.42308],[-118.42773,34.42324],[-118.42624,34.42392],[-118.42574,34.42415],[-118.4256,34.42421],[-118.42472,34.42461],[-118.42446,34.42474],[-118.4241,34.42491],[-118.424,34.42495],[-118.42371,34.42508],[-118.42371,34.42507],[-118.42356,34.42515],[-118.42334,34.42525],[-118.42327,34.42528],[-118.42276,34.42553],[-118.42197,34.42589],[-118.42186,34.42594],[-118.42093,34.42636],[-118.42091,34.42637],[-118.42014,34.42672],[-118.41948,34.42701],[-118.41906,34.4272],[-118.41866,34.42732],[-118.41828,34.42743],[-118.41803,34.42748],[-118.41771,34.42754],[-118.41764,34.42756],[-118.41734,34.42759],[-118.41722,34.42761],[-118.41661,34.42765],[-118.4152,34.42762],[-118.4152,34.42765],[-118.41519,34.42773],[-118.41062,34.42762],[-118.40945,34.42763],[-118.40905,34.42766],[-118.40826,34.42771],[-118.40644,34.42796],[-118.40635,34.42797],[-118.40477,34.42833],[-118.40422,34.42849],[-118.40421,34.42849],[-118.40421,34.42848],[-118.40421,34.42848],[-118.40378,34.42861],[-118.40365,34.42865],[-118.40362,34.42866],[-118.40358,34.42867],[-118.40348,34.4287],[-118.40343,34.42872],[-118.40339,34.42873],[-118.40334,34.42875],[-118.40327,34.42877],[-118.40321,34.42879],[-118.40307,34.42884],[-118.40295,34.42888],[-118.40289,34.4289],[-118.40281,34.42893],[-118.40275,34.42895],[-118.40265,34.42899],[-118.40259,34.42901],[-118.40246,34.42906],[-118.40215,34.42918],[-118.40207,34.42921],[-118.40198,34.42925],[-118.40187,34.42929],[-118.40176,34.42933],[-118.39952,34.43034],[-118.39766,34.43118],[-118.39758,34.43122],[-118.39755,34.43123],[-118.39559,34.43211],[-118.39462,34.43255],[-118.39362,34.433],[-118.3928,34.43337],[-118.39261,34.43345],[-118.39241,34.43352],[-118.39238,34.43353],[-118.39215,34.4336],[-118.39213,34.43361],[-118.39199,34.43365],[-118.39171,34.43373],[-118.39157,34.43376],[-118.3916,34.43419],[-118.39119,34.43434],[-118.3912,34.43434],[-118.39162,34.43435],[-118.39169,34.43436],[-118.39187,34.43436],[-118.3919,34.43436],[-118.3919,34.43436],[-118.3922,34.43437],[-118.39237,34.43437],[-118.39237,34.43448],[-118.39237,34.43462],[-118.39239,34.43476],[-118.39248,34.43497],[-118.39234,34.43504],[-118.39225,34.43508],[-118.3921,34.43514],[-118.39186,34.43524],[-118.39155,34.43534],[-118.39146,34.43537],[-118.39118,34.43544],[-118.39096,34.43547],[-118.39067,34.43552],[-118.39058,34.43553],[-118.39028,34.43555],[-118.38999,34.43555],[-118.38991,34.43555],[-118.38983,34.43555],[-118.38984,34.43561],[-118.38984,34.43563],[-118.38982,34.43577],[-118.38978,34.43591],[-118.38975,34.43598],[-118.38971,34.43606],[-118.38964,34.43615],[-118.3896,34.4362],[-118.38956,34.43625],[-118.38951,34.43629],[-118.38904,34.43671],[-118.38887,34.43687],[-118.38818,34.43747],[-118.38794,34.43768],[-118.38748,34.43806],[-118.38744,34.43809],[-118.38719,34.4383],[-118.38693,34.43851],[-118.38681,34.43861],[-118.38659,34.43879],[-118.38643,34.43893],[-118.38636,34.439],[-118.3863,34.43906],[-118.38624,34.43913],[-118.38619,34.43921],[-118.38614,34.43929],[-118.38609,34.43939],[-118.38598,34.43963],[-118.38592,34.43975],[-118.38589,34.43981],[-118.38621,34.43993],[-118.38631,34.43997],[-118.38642,34.44002],[-118.38653,34.44007],[-118.38664,34.44013],[-118.38675,34.4402],[-118.38685,34.44027],[-118.38727,34.44057],[-118.38737,34.44064],[-118.38784,34.44096],[-118.3885,34.44141],[-118.3889,34.44167],[-118.38972,34.44219],[-118.38994,34.44234],[-118.39005,34.44242],[-118.39015,34.44251],[-118.39045,34.4428],[-118.39054,34.44288],[-118.39062,34.44296],[-118.39072,34.44304],[-118.39083,34.4431],[-118.39112,34.44329],[-118.3912,34.44334],[-118.39144,34.44348],[-118.39147,34.4435],[-118.39149,34.44351],[-118.39153,34.44355],[-118.39156,34.44357],[-118.39162,34.44362],[-118.39163,34.44362],[-118.39164,34.44363],[-118.39175,34.4437],[-118.3918,34.44372],[-118.39186,34.44376],[-118.39187,34.44377],[-118.39202,34.44385],[-118.39214,34.44392],[-118.39225,34.44396],[-118.39225,34.44396],[-118.39231,34.4439],[-118.39257,34.44362],[-118.39288,34.44325],[-118.39301,34.44309],[-118.39311,34.44296],[-118.39352,34.44317],[-118.39353,34.44315],[-118.3936,34.44318],[-118.39371,34.44323],[-118.39375,34.44325],[-118.39381,34.44329],[-118.39386,34.44334],[-118.39393,34.4434],[-118.39403,34.44351],[-118.3941,34.4436],[-118.39416,34.44368],[-118.39428,34.44385],[-118.39438,34.44398],[-118.39461,34.44426],[-118.39472,34.44439],[-118.39479,34.4445],[-118.39484,34.44458],[-118.3949,34.44467],[-118.39494,34.4447],[-118.39494,34.44471],[-118.39498,34.44476],[-118.39507,34.44485],[-118.39518,34.44495],[-118.39529,34.44504],[-118.3954,34.44511],[-118.39556,34.4452],[-118.39575,34.44531],[-118.39589,34.44538],[-118.39608,34.44546],[-118.39607,34.44547],[-118.39608,34.44548],[-118.39674,34.44581],[-118.39682,34.44586],[-118.39773,34.4463],[-118.39799,34.44653],[-118.39825,34.44692],[-118.39844,34.44712],[-118.39851,34.44719],[-118.39876,34.44734],[-118.39877,34.44735],[-118.39876,34.44736],[-118.39878,34.44736],[-118.3988,34.44738],[-118.39904,34.44748],[-118.39934,34.44762],[-118.39941,34.44765],[-118.39948,34.44768],[-118.39958,34.44772],[-118.3996,34.44773],[-118.3997,34.44779],[-118.39979,34.44786],[-118.3998,34.44787],[-118.39987,34.44793],[-118.40006,34.44814],[-118.40016,34.44823],[-118.40022,34.44829],[-118.40027,34.44838],[-118.40031,34.44848],[-118.40036,34.44859],[-118.4004,34.44875],[-118.40042,34.44883],[-118.40044,34.44896],[-118.40045,34.44915],[-118.40044,34.44946],[-118.40046,34.44958],[-118.40046,34.4496],[-118.40054,34.44959],[-118.40066,34.44959],[-118.40075,34.44959],[-118.40095,34.44958],[-118.40114,34.44958],[-118.40147,34.44957],[-118.40177,34.44956],[-118.40172,34.45325],[-118.4002,34.45329],[-118.39886,34.45333],[-118.39733,34.45337],[-118.39735,34.45455],[-118.39735,34.45478],[-118.39739,34.4569],[-118.39518,34.45686],[-118.39267,34.45682],[-118.3924,34.45681],[-118.39235,34.45681],[-118.39236,34.45696],[-118.39236,34.45699],[-118.39237,34.45717],[-118.39237,34.45734],[-118.39238,34.45753],[-118.39238,34.45771],[-118.39239,34.4579],[-118.39242,34.45888],[-118.39247,34.46038],[-118.39104,34.46037],[-118.39104,34.46037],[-118.39104,34.46038],[-118.39103,34.46039],[-118.39103,34.46039],[-118.39102,34.46041],[-118.39101,34.46042],[-118.39099,34.46044],[-118.39097,34.46046],[-118.39095,34.46049],[-118.39094,34.46051],[-118.39092,34.46054],[-118.3909,34.46056],[-118.39088,34.46058],[-118.39085,34.46063],[-118.39084,34.46063],[-118.39084,34.46064],[-118.39082,34.46065],[-118.39081,34.46065],[-118.3908,34.46066],[-118.39078,34.46067],[-118.39075,34.46069],[-118.39073,34.4607],[-118.39071,34.46071],[-118.38995,34.46113],[-118.38959,34.46133],[-118.38906,34.46163],[-118.3889,34.46172],[-118.38834,34.46203],[-118.38811,34.46216],[-118.38734,34.4626],[-118.38722,34.46266],[-118.38657,34.46302],[-118.38583,34.46344],[-118.38528,34.46375],[-118.38505,34.46388],[-118.38154,34.46584],[-118.379,34.46726],[-118.37895,34.46763],[-118.37895,34.46763],[-118.37831,34.46762],[-118.37712,34.46761],[-118.37592,34.4676],[-118.37473,34.46759],[-118.37353,34.46758],[-118.37234,34.46757],[-118.37116,34.46756],[-118.37114,34.46756],[-118.37102,34.46756],[-118.37095,34.46756],[-118.36995,34.46756],[-118.36995,34.46756],[-118.36884,34.46755],[-118.36773,34.46754],[-118.36662,34.46754],[-118.36641,34.46753],[-118.36574,34.46753],[-118.36551,34.46753],[-118.36452,34.46752],[-118.36442,34.46752],[-118.36442,34.46752],[-118.36441,34.46752],[-118.36441,34.46752],[-118.3633,34.46751],[-118.36219,34.46751],[-118.36195,34.46751],[-118.36131,34.4675],[-118.3611,34.4675],[-118.3611,34.46746],[-118.36111,34.46721],[-118.36111,34.46691],[-118.36111,34.46668],[-118.36111,34.46659],[-118.36112,34.46565],[-118.36115,34.4638],[-118.36117,34.46193],[-118.36119,34.46007],[-118.36121,34.45826],[-118.36124,34.45645],[-118.36124,34.45633],[-118.36125,34.45531],[-118.36125,34.45526],[-118.36125,34.45506],[-118.36125,34.455],[-118.36125,34.45499],[-118.36125,34.45499],[-118.36126,34.45482],[-118.36126,34.45479],[-118.36126,34.45465],[-118.36126,34.45464],[-118.36126,34.45464],[-118.36126,34.45453],[-118.36126,34.45451],[-118.36126,34.45442],[-118.36126,34.4542],[-118.36127,34.45395],[-118.36128,34.45283],[-118.36127,34.45272],[-118.36127,34.45272],[-118.36076,34.44721],[-118.36069,34.44646],[-118.36063,34.44578],[-118.36063,34.44578],[-118.36061,34.44559],[-118.3606,34.44531],[-118.36057,34.44235],[-118.36052,34.43809],[-118.36052,34.43809],[-118.36052,34.43809],[-118.36046,34.43809],[-118.36046,34.43809],[-118.35314,34.43723],[-118.35163,34.43705],[-118.35163,34.43705],[-118.35153,34.43704],[-118.35122,34.437],[-118.34967,34.43682],[-118.34719,34.43653],[-118.34643,34.43644],[-118.34631,34.43643],[-118.34536,34.43632],[-118.34407,34.43617],[-118.34274,34.43601],[-118.34193,34.43601],[-118.34192,34.43601],[-118.34131,34.436],[-118.3409,34.436],[-118.34058,34.436],[-118.34011,34.43599],[-118.34006,34.43599],[-118.34006,34.43599],[-118.34006,34.43599],[-118.33977,34.43599],[-118.33939,34.43599],[-118.33939,34.43599],[-118.33925,34.43599],[-118.33875,34.43598],[-118.33435,34.43595],[-118.33188,34.43645],[-118.33105,34.43661],[-118.32988,34.43685],[-118.32985,34.43685],[-118.32725,34.43738],[-118.32661,34.4375],[-118.32498,34.43783],[-118.3249,34.43785],[-118.32491,34.43769],[-118.32498,34.43429],[-118.32506,34.43074],[-118.32507,34.43067],[-118.32523,34.42364],[-118.3253,34.41656],[-118.32531,34.41573],[-118.32538,34.40845],[-118.32542,34.40293],[-118.32543,34.401],[-118.32549,34.39781],[-118.32556,34.39366],[-118.32569,34.38607],[-118.3257,34.38521],[-118.3258,34.37929],[-118.32581,34.37882],[-118.32602,34.36611],[-118.32603,34.36159],[-118.32603,34.35886],[-118.32603,34.35166],[-118.32603,34.3516],[-118.32663,34.3516],[-118.32754,34.3516],[-118.33373,34.35161],[-118.33419,34.35161],[-118.33445,34.35161],[-118.33478,34.35161],[-118.34248,34.35163],[-118.34353,34.35163],[-118.34353,34.35163],[-118.34832,34.35163],[-118.34876,34.35163],[-118.35,34.35163],[-118.35208,34.35164],[-118.35231,34.35164],[-118.35254,34.35164],[-118.35588,34.35164],[-118.35617,34.35164],[-118.35879,34.35165],[-118.36009,34.35165],[-118.36022,34.35165],[-118.36048,34.35165],[-118.36049,34.35165],[-118.36055,34.35165],[-118.36062,34.35165],[-118.3608,34.35165],[-118.3608,34.35164],[-118.36079,34.3444],[-118.36079,34.34329],[-118.36079,34.3431],[-118.36079,34.34078],[-118.36078,34.33739],[-118.36079,34.33737],[-118.36079,34.33714]]]}}]}