{"type":"FeatureCollection","source":"Los Angeles County Registrar-Recorder/County Clerk, \"School Districts Trustee Areas\" and \"Division_Boundaries\" (ArcGIS Online), downloaded 4 October 2026. LA County GIS Terms of Use. For election purposes, not legal boundaries.","note":"","features":[{"type":"Feature","properties":{"seat":"william-s-hart-union-high-school-district-trustee-area-1","label":"Trustee Area 1","county":"TA1","role":"seat"},"geometry":{"type":"Polygon","coordinates":[[[-118.62314,34.39304],[-118.62324,34.3931],[-118.62349,34.39317],[-118.62389,34.39382],[-118.62418,34.39391],[-118.62467,34.39406],[-118.62498,34.39429],[-118.62523,34.39444],[-118.6254,34.39451],[-118.62565,34.3946],[-118.62591,34.39455],[-118.62606,34.3946],[-118.62618,34.39474],[-118.62632,34.39478],[-118.62655,34.39478],[-118.62661,34.39483],[-118.62665,34.39495],[-118.62672,34.39496],[-118.62681,34.39486],[-118.62687,34.39481],[-118.62704,34.39489],[-118.6271,34.39489],[-118.62731,34.39482],[-118.62746,34.39479],[-118.62766,34.39487],[-118.62777,34.39479],[-118.62787,34.39464],[-118.62804,34.39452],[-118.62832,34.39444],[-118.62859,34.39435],[-118.62902,34.39436],[-118.62925,34.39432],[-118.62943,34.39432],[-118.6296,34.39436],[-118.62979,34.39435],[-118.62993,34.3944],[-118.63004,34.39446],[-118.63028,34.39479],[-118.63061,34.39489],[-118.63082,34.39502],[-118.63108,34.39516],[-118.63133,34.39525],[-118.63156,34.39526],[-118.63175,34.39522],[-118.632,34.39532],[-118.63242,34.39528],[-118.63271,34.39528],[-118.63301,34.39533],[-118.63376,34.39575],[-118.63402,34.39589],[-118.63424,34.39595],[-118.63447,34.39594],[-118.63465,34.39597],[-118.63492,34.3961],[-118.63507,34.39625],[-118.63529,34.39642],[-118.63546,34.39648],[-118.63555,34.3966],[-118.63549,34.39672],[-118.63549,34.39682],[-118.63557,34.39697],[-118.63569,34.39712],[-118.63581,34.39718],[-118.63597,34.39721],[-118.63638,34.39717],[-118.6366,34.39727],[-118.63677,34.39735],[-118.63708,34.39738],[-118.63725,34.39747],[-118.6374,34.39752],[-118.6377,34.39751],[-118.638,34.3974],[-118.63814,34.39741],[-118.63843,34.3975],[-118.63868,34.39757],[-118.63922,34.39759],[-118.63953,34.39763],[-118.63995,34.3978],[-118.64005,34.39781],[-118.64023,34.39777],[-118.64037,34.39779],[-118.64075,34.39778],[-118.64087,34.39775],[-118.64102,34.39774],[-118.64173,34.39793],[-118.64192,34.39796],[-118.64212,34.39801],[-118.64234,34.39812],[-118.64254,34.39818],[-118.64274,34.39819],[-118.64287,34.39817],[-118.64313,34.3981],[-118.6433,34.398],[-118.64369,34.39783],[-118.64383,34.39781],[-118.64395,34.39782],[-118.6441,34.39783],[-118.64418,34.3978],[-118.64425,34.39773],[-118.64435,34.39766],[-118.64448,34.39762],[-118.64461,34.39762],[-118.64468,34.39757],[-118.64484,34.39747],[-118.64508,34.3973],[-118.64514,34.39725],[-118.64522,34.39714],[-118.64535,34.39702],[-118.64544,34.39695],[-118.64552,34.3969],[-118.64557,34.39683],[-118.64559,34.39675],[-118.64564,34.39664],[-118.64571,34.3966],[-118.64579,34.39657],[-118.64588,34.39656],[-118.64596,34.39656],[-118.64614,34.39659],[-118.64637,34.39656],[-118.64652,34.39652],[-118.6467,34.39645],[-118.64679,34.39638],[-118.64682,34.39633],[-118.64692,34.39634],[-118.64704,34.39638],[-118.64715,34.3964],[-118.64727,34.39638],[-118.64755,34.39624],[-118.64784,34.3962],[-118.64818,34.39618],[-118.64841,34.39615],[-118.64846,34.39614],[-118.64883,34.3961],[-118.64933,34.39605],[-118.64946,34.39601],[-118.64955,34.39598],[-118.64946,34.39594],[-118.64934,34.39585],[-118.64921,34.39573],[-118.64909,34.39562],[-118.64926,34.3956],[-118.64971,34.39552],[-118.65039,34.39541],[-118.65053,34.39539],[-118.65093,34.39533],[-118.65108,34.39532],[-118.65137,34.39528],[-118.65151,34.39527],[-118.65164,34.39525],[-118.65195,34.39521],[-118.65208,34.3952],[-118.65222,34.3952],[-118.65237,34.39519],[-118.65264,34.39517],[-118.65278,34.39517],[-118.65336,34.39519],[-118.65382,34.39521],[-118.65394,34.39522],[-118.654,34.39522],[-118.65408,34.39522],[-118.65413,34.39522],[-118.65416,34.39522],[-118.65424,34.39522],[-118.65431,34.39522],[-118.65447,34.39521],[-118.65455,34.3952],[-118.65463,34.39519],[-118.65471,34.39518],[-118.65481,34.39517],[-118.65493,34.39516],[-118.65503,34.39514],[-118.65524,34.39509],[-118.65578,34.395],[-118.65588,34.39498],[-118.6562,34.39494],[-118.65633,34.39492],[-118.65645,34.39491],[-118.65656,34.39491],[-118.65668,34.39491],[-118.65679,34.39491],[-118.65692,34.39492],[-118.65706,34.39494],[-118.65712,34.39495],[-118.65718,34.39496],[-118.65724,34.39497],[-118.65732,34.39498],[-118.65739,34.39499],[-118.65752,34.39501],[-118.65766,34.39504],[-118.65819,34.39513],[-118.65878,34.39523],[-118.65899,34.39527],[-118.65974,34.39541],[-118.65988,34.39543],[-118.66016,34.39545],[-118.66059,34.39547],[-118.66133,34.39548],[-118.66157,34.39549],[-118.66173,34.39549],[-118.66212,34.3955],[-118.66256,34.3955],[-118.66277,34.39549],[-118.66317,34.39549],[-118.66329,34.3955],[-118.66338,34.39549],[-118.6636,34.3955],[-118.66383,34.39551],[-118.66404,34.39553],[-118.66425,34.39555],[-118.66441,34.39557],[-118.66478,34.39564],[-118.66506,34.39569],[-118.66517,34.39571],[-118.66527,34.39572],[-118.66557,34.39578],[-118.66579,34.39583],[-118.66625,34.39595],[-118.66659,34.39605],[-118.66669,34.39609],[-118.66718,34.39627],[-118.66748,34.39638],[-118.66759,34.39642],[-118.6677,34.39646],[-118.66781,34.3965],[-118.66814,34.39665],[-118.66824,34.3967],[-118.66834,34.39674],[-118.6685,34.3968],[-118.66862,34.39687],[-118.66877,34.39696],[-118.66892,34.39707],[-118.66907,34.39719],[-118.66921,34.3973],[-118.66942,34.3975],[-118.66951,34.39759],[-118.66969,34.39776],[-118.66978,34.39783],[-118.66996,34.39798],[-118.67005,34.39806],[-118.67019,34.39818],[-118.67035,34.39828],[-118.67043,34.3984],[-118.67053,34.39848],[-118.67061,34.39854],[-118.67076,34.39868],[-118.67097,34.39889],[-118.67108,34.39901],[-118.67134,34.3993],[-118.67147,34.39947],[-118.67155,34.3996],[-118.6718,34.40001],[-118.67187,34.4001],[-118.672,34.40027],[-118.67208,34.40038],[-118.67217,34.4005],[-118.67242,34.4009],[-118.67253,34.40111],[-118.67262,34.40132],[-118.67265,34.40141],[-118.67269,34.4015],[-118.6728,34.4018],[-118.67296,34.40227],[-118.673,34.40237],[-118.67305,34.40254],[-118.67309,34.40262],[-118.67464,34.40572],[-118.67464,34.40573],[-118.67465,34.40574],[-118.67485,34.40566],[-118.67667,34.40496],[-118.67668,34.40495],[-118.67672,34.40494],[-118.67757,34.40461],[-118.67924,34.40443],[-118.68412,34.40391],[-118.68541,34.40377],[-118.68703,34.4036],[-118.69145,34.40312],[-118.69145,34.40312],[-118.69146,34.40313],[-118.69146,34.40314],[-118.69147,34.40316],[-118.6915,34.40322],[-118.69164,34.40352],[-118.69165,34.40353],[-118.69184,34.40392],[-118.69184,34.40392],[-118.69203,34.40431],[-118.69204,34.40433],[-118.69211,34.40446],[-118.69221,34.40467],[-118.69223,34.40471],[-118.69241,34.40507],[-118.69241,34.40509],[-118.69258,34.40543],[-118.6926,34.40547],[-118.69274,34.40574],[-118.69277,34.40581],[-118.69278,34.40583],[-118.69281,34.40589],[-118.69284,34.40595],[-118.69287,34.40601],[-118.6929,34.40607],[-118.69292,34.4061],[-118.69293,34.40614],[-118.69295,34.40618],[-118.69297,34.40621],[-118.69297,34.40622],[-118.69298,34.40624],[-118.69299,34.40626],[-118.69302,34.40632],[-118.69305,34.40637],[-118.69348,34.40725],[-118.69366,34.40762],[-118.6937,34.4077],[-118.69375,34.4078],[-118.6938,34.40791],[-118.69415,34.40862],[-118.69444,34.4092],[-118.69445,34.40923],[-118.69465,34.40963],[-118.69521,34.41076],[-118.6953,34.41096],[-118.69543,34.41121],[-118.69623,34.41285],[-118.69629,34.41297],[-118.69706,34.41454],[-118.6972,34.41481],[-118.6978,34.41603],[-118.69795,34.41634],[-118.69798,34.4164],[-118.69807,34.41658],[-118.69891,34.4183],[-118.69897,34.41842],[-118.69984,34.42018],[-118.6999,34.42031],[-118.70019,34.42089],[-118.70019,34.42089],[-118.70057,34.42166],[-118.70133,34.42322],[-118.70136,34.42328],[-118.70187,34.42431],[-118.70216,34.42491],[-118.70221,34.425],[-118.70271,34.42602],[-118.70301,34.42663],[-118.70304,34.4267],[-118.70343,34.42749],[-118.70364,34.4279],[-118.70386,34.42837],[-118.70389,34.42842],[-118.70426,34.42916],[-118.7047,34.43007],[-118.70474,34.43015],[-118.70539,34.43148],[-118.70557,34.43183],[-118.70559,34.43187],[-118.70641,34.43354],[-118.70644,34.4336],[-118.70653,34.43378],[-118.70709,34.43492],[-118.70713,34.43501],[-118.70714,34.43503],[-118.70749,34.43573],[-118.70759,34.43593],[-118.70842,34.43762],[-118.70853,34.43785],[-118.70888,34.43857],[-118.70904,34.43889],[-118.70939,34.43959],[-118.70944,34.4397],[-118.71039,34.44162],[-118.71042,34.44169],[-118.71069,34.44224],[-118.71122,34.44332],[-118.71136,34.44359],[-118.71143,34.44374],[-118.71234,34.44558],[-118.71239,34.4457],[-118.71251,34.44593],[-118.71251,34.44593],[-118.71309,34.44711],[-118.71329,34.44752],[-118.71337,34.44768],[-118.71388,34.44871],[-118.71399,34.44895],[-118.71431,34.44959],[-118.71463,34.45024],[-118.71463,34.45024],[-118.71463,34.45024],[-118.71476,34.4505],[-118.71481,34.45061],[-118.71482,34.45062],[-118.7149,34.4508],[-118.71491,34.45081],[-118.715,34.451],[-118.71501,34.45101],[-118.71509,34.45118],[-118.71509,34.45119],[-118.7151,34.45121],[-118.71515,34.4513],[-118.71542,34.45186],[-118.71544,34.4519],[-118.71579,34.45259],[-118.71583,34.45269],[-118.71612,34.45327],[-118.71616,34.45335],[-118.71619,34.45342],[-118.71654,34.45412],[-118.71657,34.45418],[-118.71692,34.4549],[-118.71694,34.45494],[-118.71708,34.45522],[-118.7173,34.45568],[-118.71732,34.45571],[-118.7177,34.45647],[-118.71771,34.45651],[-118.71788,34.45684],[-118.71804,34.45718],[-118.71809,34.45726],[-118.7181,34.4573],[-118.71848,34.45807],[-118.7185,34.4581],[-118.71886,34.45884],[-118.71889,34.4589],[-118.71922,34.45956],[-118.71927,34.45967],[-118.7196,34.46033],[-118.71963,34.4604],[-118.71964,34.46042],[-118.72014,34.46143],[-118.72061,34.46238],[-118.72069,34.46255],[-118.72146,34.46412],[-118.72187,34.46495],[-118.72189,34.46499],[-118.72291,34.46706],[-118.72291,34.46706],[-118.7231,34.46745],[-118.72313,34.46751],[-118.72316,34.46757],[-118.72332,34.46789],[-118.72354,34.46835],[-118.72357,34.46841],[-118.72385,34.46897],[-118.7239,34.46908],[-118.72392,34.46911],[-118.72395,34.46917],[-118.72431,34.4699],[-118.72437,34.47002],[-118.7244,34.47009],[-118.72449,34.47028],[-118.7245,34.4703],[-118.72508,34.47148],[-118.72509,34.4715],[-118.72564,34.4726],[-118.7257,34.47273],[-118.72622,34.47378],[-118.72643,34.47421],[-118.72649,34.47433],[-118.72652,34.47439],[-118.72658,34.47451],[-118.72863,34.47867],[-118.72878,34.47898],[-118.72881,34.47904],[-118.73128,34.48406],[-118.73147,34.48444],[-118.73421,34.49],[-118.73436,34.4903],[-118.73542,34.49246],[-118.73704,34.49575],[-118.73729,34.49624],[-118.73831,34.49833],[-118.73876,34.49923],[-118.73877,34.49925],[-118.73934,34.50042],[-118.73983,34.5014],[-118.74007,34.50189],[-118.74115,34.50408],[-118.74291,34.50766],[-118.74299,34.50781],[-118.74471,34.51131],[-118.74583,34.51357],[-118.74601,34.51394],[-118.74605,34.51403],[-118.74827,34.51853],[-118.74879,34.51958],[-118.74887,34.51974],[-118.75183,34.52574],[-118.75189,34.52587],[-118.75456,34.53128],[-118.75475,34.53166],[-118.75479,34.53175],[-118.75543,34.53303],[-118.75738,34.537],[-118.75752,34.53728],[-118.7586,34.53948],[-118.75891,34.5401],[-118.76012,34.54254],[-118.7604,34.54312],[-118.76245,34.54727],[-118.7628,34.54799],[-118.76317,34.54873],[-118.76338,34.54916],[-118.76425,34.55092],[-118.76495,34.55234],[-118.76542,34.55328],[-118.76576,34.55397],[-118.76581,34.55409],[-118.76605,34.55456],[-118.76785,34.5582],[-118.76833,34.55918],[-118.76833,34.55918],[-118.77036,34.56329],[-118.77056,34.56371],[-118.77301,34.56866],[-118.77327,34.56918],[-118.7756,34.57391],[-118.77587,34.57446],[-118.77605,34.57481],[-118.77891,34.58062],[-118.77894,34.58068],[-118.78135,34.58555],[-118.78173,34.58632],[-118.78282,34.58853],[-118.78406,34.59104],[-118.78409,34.5911],[-118.7843,34.59153],[-118.78487,34.59267],[-118.78489,34.59271],[-118.78558,34.59412],[-118.78559,34.59413],[-118.78564,34.59424],[-118.7864,34.59576],[-118.78652,34.59602],[-118.78652,34.59602],[-118.7866,34.59617],[-118.78707,34.59714],[-118.78752,34.59805],[-118.78753,34.59806],[-118.78778,34.59857],[-118.78853,34.60009],[-118.78873,34.60049],[-118.78953,34.60211],[-118.78958,34.60221],[-118.78972,34.60249],[-118.78975,34.60254],[-118.79041,34.60389],[-118.79076,34.6046],[-118.7908,34.60467],[-118.79099,34.60507],[-118.79198,34.60708],[-118.79203,34.60716],[-118.79322,34.60956],[-118.79328,34.60969],[-118.79448,34.61212],[-118.7945,34.61217],[-118.79572,34.61464],[-118.79576,34.61471],[-118.7968,34.61682],[-118.7968,34.61682],[-118.7968,34.61682],[-118.79322,34.6169],[-118.78465,34.61708],[-118.77546,34.61728],[-118.76627,34.61747],[-118.75673,34.6176],[-118.7472,34.61772],[-118.74457,34.61775],[-118.74411,34.61776],[-118.7441,34.61776],[-118.74156,34.61779],[-118.73827,34.61783],[-118.72935,34.61795],[-118.72934,34.61795],[-118.72933,34.61795],[-118.72495,34.61799],[-118.72053,34.61804],[-118.71714,34.61808],[-118.71558,34.61809],[-118.71411,34.61811],[-118.71168,34.61813],[-118.70736,34.61811],[-118.707,34.61811],[-118.70536,34.6181],[-118.7042,34.6181],[-118.70343,34.6181],[-118.70267,34.61809],[-118.70256,34.61809],[-118.70185,34.61809],[-118.70135,34.61809],[-118.69969,34.61808],[-118.69921,34.61808],[-118.69592,34.61806],[-118.69519,34.61806],[-118.69411,34.61805],[-118.68889,34.61806],[-118.68791,34.61807],[-118.68719,34.61807],[-118.68434,34.61805],[-118.6818,34.61804],[-118.67846,34.61802],[-118.67839,34.61802],[-118.66959,34.61796],[-118.66646,34.61791],[-118.66071,34.6178],[-118.6607,34.6178],[-118.65658,34.61775],[-118.65194,34.61769],[-118.64642,34.61762],[-118.64324,34.61757],[-118.64317,34.61757],[-118.64308,34.61757],[-118.63424,34.61762],[-118.63235,34.61762],[-118.6273,34.61765],[-118.62536,34.61766],[-118.62531,34.61766],[-118.6253,34.61766],[-118.6253,34.61766],[-118.62527,34.61766],[-118.62102,34.61763],[-118.61735,34.6176],[-118.61108,34.61756],[-118.60674,34.61753],[-118.59648,34.61746],[-118.59212,34.61743],[-118.59207,34.61743],[-118.59164,34.61742],[-118.58925,34.61741],[-118.57184,34.61728],[-118.56096,34.6172],[-118.56096,34.6172],[-118.5605,34.6172],[-118.55416,34.61715],[-118.53687,34.61702],[-118.51896,34.61689],[-118.51896,34.61689],[-118.51896,34.61663],[-118.51887,34.60316],[-118.51887,34.60248],[-118.51887,34.60248],[-118.51887,34.60248],[-118.51887,34.60224],[-118.51887,34.60223],[-118.5189,34.59842],[-118.51897,34.58846],[-118.51897,34.58846],[-118.51897,34.58801],[-118.51897,34.58764],[-118.51895,34.58128],[-118.51893,34.57366],[-118.51893,34.57351],[-118.51893,34.5735],[-118.51891,34.56606],[-118.51889,34.55897],[-118.51911,34.55897],[-118.51924,34.55897],[-118.52369,34.55898],[-118.52814,34.55899],[-118.52815,34.55877],[-118.52818,34.55693],[-118.52819,34.55659],[-118.52819,34.55657],[-118.52819,34.55637],[-118.52821,34.55551],[-118.52822,34.55498],[-118.52823,34.55445],[-118.52823,34.55436],[-118.52825,34.55374],[-118.52827,34.55274],[-118.52828,34.55199],[-118.52831,34.55083],[-118.52831,34.55045],[-118.52833,34.54968],[-118.52838,34.54726],[-118.52842,34.54528],[-118.52845,34.5437],[-118.52848,34.54219],[-118.52852,34.54014],[-118.53718,34.54016],[-118.53727,34.54013],[-118.53737,34.54009],[-118.53743,34.54003],[-118.53743,34.53994],[-118.53742,34.53993],[-118.53739,34.53987],[-118.53731,34.53981],[-118.53724,34.53975],[-118.53724,34.53967],[-118.53731,34.53961],[-118.5374,34.53958],[-118.53748,34.53955],[-118.53749,34.53944],[-118.5375,34.53844],[-118.53756,34.53295],[-118.53758,34.53055],[-118.53764,34.52549],[-118.53766,34.52179],[-118.53768,34.51812],[-118.53768,34.51809],[-118.54219,34.5181],[-118.54356,34.5181],[-118.54546,34.5181],[-118.54669,34.5181],[-118.5467,34.51698],[-118.54685,34.51685],[-118.5469,34.51673],[-118.54695,34.5167],[-118.54719,34.51663],[-118.54739,34.51654],[-118.54764,34.51652],[-118.54781,34.5165],[-118.54819,34.51653],[-118.54847,34.51664],[-118.54907,34.51679],[-118.54972,34.51674],[-118.55022,34.51681],[-118.55033,34.51686],[-118.55076,34.51686],[-118.55102,34.51684],[-118.5513,34.51682],[-118.55156,34.51677],[-118.55177,34.51678],[-118.55189,34.51683],[-118.55276,34.51675],[-118.55298,34.51673],[-118.55318,34.51667],[-118.55337,34.51657],[-118.55339,34.51655],[-118.5534,34.5164],[-118.55346,34.51622],[-118.55353,34.5161],[-118.55362,34.516],[-118.55374,34.51589],[-118.55392,34.51579],[-118.55417,34.51568],[-118.5545,34.51561],[-118.55457,34.51555],[-118.55466,34.51538],[-118.55467,34.5152],[-118.55464,34.51489],[-118.5548,34.51473],[-118.55487,34.51471],[-118.55514,34.51472],[-118.5552,34.51472],[-118.55527,34.51472],[-118.55532,34.51473],[-118.5554,34.51477],[-118.55552,34.51477],[-118.55564,34.51476],[-118.55569,34.51474],[-118.55574,34.51463],[-118.55581,34.51447],[-118.5558,34.51432],[-118.55576,34.5142],[-118.5557,34.51409],[-118.55562,34.51397],[-118.55538,34.51383],[-118.55537,34.51317],[-118.55576,34.51289],[-118.55623,34.51267],[-118.55658,34.5125],[-118.55674,34.5124],[-118.55682,34.51236],[-118.55688,34.51232],[-118.55695,34.5123],[-118.55719,34.51214],[-118.55739,34.51205],[-118.55753,34.51198],[-118.55768,34.51195],[-118.55786,34.51188],[-118.55798,34.51181],[-118.5583,34.51156],[-118.55841,34.51145],[-118.55852,34.5113],[-118.55863,34.51122],[-118.55871,34.51118],[-118.55883,34.51111],[-118.55896,34.51108],[-118.5591,34.51107],[-118.55939,34.5111],[-118.5596,34.51106],[-118.55978,34.51102],[-118.55996,34.51092],[-118.56007,34.51085],[-118.5601,34.51072],[-118.56009,34.51055],[-118.56016,34.51022],[-118.56016,34.50992],[-118.5602,34.50964],[-118.56024,34.50957],[-118.56034,34.50949],[-118.5605,34.50942],[-118.56073,34.50935],[-118.56092,34.50931],[-118.56114,34.50928],[-118.56142,34.50928],[-118.56161,34.50935],[-118.56153,34.50939],[-118.56139,34.50941],[-118.56132,34.50948],[-118.56131,34.50963],[-118.56139,34.50977],[-118.5614,34.50994],[-118.56138,34.51],[-118.56138,34.51011],[-118.56143,34.51024],[-118.56152,34.51029],[-118.56167,34.51029],[-118.56182,34.51027],[-118.56208,34.51029],[-118.56223,34.51035],[-118.56231,34.51044],[-118.56236,34.51057],[-118.56235,34.51079],[-118.56235,34.51084],[-118.56243,34.51101],[-118.56248,34.51112],[-118.56265,34.5114],[-118.56284,34.51178],[-118.56282,34.51189],[-118.56274,34.51199],[-118.56272,34.51206],[-118.56273,34.51212],[-118.56296,34.51252],[-118.563,34.51254],[-118.56316,34.51271],[-118.56317,34.51278],[-118.56324,34.51289],[-118.56332,34.51306],[-118.56349,34.51328],[-118.56355,34.51338],[-118.56375,34.51366],[-118.56378,34.51373],[-118.56379,34.51388],[-118.56387,34.51396],[-118.56396,34.51399],[-118.56408,34.51405],[-118.5642,34.51421],[-118.56421,34.51434],[-118.5642,34.51441],[-118.56428,34.51457],[-118.56467,34.51448],[-118.56504,34.51438],[-118.56562,34.51408],[-118.56618,34.51352],[-118.5665,34.51326],[-118.56701,34.51291],[-118.56761,34.5123],[-118.56811,34.51164],[-118.5685,34.51109],[-118.56856,34.51099],[-118.56872,34.51071],[-118.56883,34.51046],[-118.56879,34.51014],[-118.56874,34.50991],[-118.56907,34.50932],[-118.56924,34.50928],[-118.56936,34.50897],[-118.56939,34.50853],[-118.56953,34.50813],[-118.56978,34.50779],[-118.57028,34.50741],[-118.5707,34.5071],[-118.57091,34.50682],[-118.57106,34.50649],[-118.57119,34.506],[-118.57139,34.50538],[-118.57153,34.50497],[-118.57166,34.50474],[-118.57161,34.50454],[-118.57168,34.50431],[-118.5719,34.50411],[-118.57209,34.50381],[-118.5721,34.5038],[-118.57213,34.50371],[-118.57139,34.5037],[-118.57094,34.5037],[-118.57058,34.5037],[-118.56925,34.50369],[-118.56861,34.50369],[-118.56836,34.50369],[-118.56824,34.50369],[-118.56749,34.50368],[-118.56433,34.50367],[-118.55941,34.50367],[-118.55915,34.50367],[-118.5554,34.50367],[-118.55325,34.50366],[-118.55312,34.50366],[-118.55295,34.50365],[-118.55183,34.50365],[-118.54679,34.50361],[-118.5468,34.50394],[-118.54682,34.50504],[-118.54685,34.50653],[-118.54686,34.50702],[-118.54687,34.50727],[-118.54687,34.50728],[-118.54592,34.50727],[-118.54188,34.50395],[-118.53903,34.50161],[-118.53897,34.50156],[-118.53889,34.50151],[-118.53891,34.50135],[-118.53901,34.50062],[-118.53904,34.50045],[-118.53905,34.50032],[-118.53907,34.50021],[-118.53907,34.50019],[-118.53909,34.50013],[-118.53914,34.49997],[-118.53928,34.49961],[-118.53955,34.49882],[-118.53958,34.49873],[-118.53961,34.49866],[-118.53971,34.49842],[-118.53975,34.4983],[-118.53981,34.49818],[-118.53984,34.49812],[-118.53989,34.49803],[-118.53994,34.49795],[-118.54001,34.49784],[-118.54007,34.49776],[-118.54018,34.49763],[-118.54049,34.49728],[-118.54064,34.49712],[-118.54078,34.49697],[-118.54106,34.49665],[-118.54115,34.49655],[-118.54133,34.49634],[-118.54135,34.4963],[-118.54144,34.4962],[-118.54152,34.49608],[-118.54159,34.49595],[-118.54163,34.49587],[-118.54169,34.49574],[-118.54186,34.49535],[-118.54193,34.4952],[-118.54193,34.49519],[-118.54205,34.49488],[-118.54209,34.49477],[-118.5421,34.49473],[-118.54211,34.49468],[-118.54213,34.49454],[-118.54215,34.49436],[-118.54215,34.49434],[-118.54217,34.49403],[-118.54218,34.49369],[-118.54219,34.4932],[-118.54219,34.49261],[-118.54218,34.49254],[-118.54218,34.49236],[-118.54219,34.49205],[-118.54221,34.49177],[-118.54221,34.49169],[-118.54222,34.49161],[-118.54222,34.4916],[-118.54223,34.49142],[-118.5423,34.49083],[-118.54232,34.49053],[-118.54236,34.48979],[-118.54237,34.48977],[-118.54242,34.48901],[-118.54246,34.48837],[-118.54246,34.48831],[-118.54248,34.48813],[-118.54252,34.48733],[-118.54254,34.48692],[-118.54255,34.48681],[-118.5426,34.48633],[-118.54261,34.48613],[-118.54262,34.48597],[-118.54262,34.48595],[-118.54262,34.48585],[-118.54259,34.48563],[-118.54259,34.48555],[-118.54258,34.48541],[-118.54258,34.48536],[-118.54258,34.48468],[-118.54257,34.48462],[-118.54257,34.48455],[-118.54256,34.48452],[-118.54255,34.48444],[-118.5425,34.48429],[-118.54247,34.48419],[-118.54244,34.48412],[-118.54236,34.4839],[-118.54234,34.48382],[-118.54224,34.48352],[-118.54221,34.48342],[-118.54211,34.48313],[-118.54196,34.48266],[-118.54185,34.48233],[-118.54184,34.48227],[-118.54179,34.48212],[-118.54175,34.48199],[-118.54174,34.48194],[-118.54169,34.48175],[-118.54168,34.4817],[-118.54167,34.48163],[-118.54165,34.48158],[-118.54163,34.48148],[-118.54162,34.48144],[-118.54161,34.48139],[-118.54161,34.48133],[-118.5416,34.48124],[-118.5416,34.48114],[-118.54161,34.48106],[-118.54164,34.48097],[-118.54166,34.4809],[-118.54169,34.48085],[-118.54175,34.48072],[-118.54191,34.48036],[-118.54201,34.48014],[-118.54219,34.47979],[-118.54223,34.47971],[-118.54233,34.47951],[-118.54236,34.47946],[-118.5429,34.47833],[-118.5431,34.47791],[-118.54329,34.47755],[-118.54338,34.47737],[-118.54348,34.47718],[-118.54361,34.47694],[-118.54364,34.47689],[-118.5437,34.47681],[-118.54382,34.47664],[-118.54386,34.47658],[-118.54389,34.47652],[-118.54391,34.47645],[-118.54392,34.47641],[-118.54393,34.47632],[-118.54394,34.47627],[-118.54406,34.47569],[-118.54422,34.47506],[-118.54436,34.47462],[-118.54446,34.47433],[-118.5447,34.4738],[-118.54489,34.47355],[-118.5451,34.47324],[-118.54519,34.4731],[-118.54536,34.47286],[-118.54555,34.47261],[-118.54562,34.47252],[-118.54585,34.4722],[-118.54592,34.47211],[-118.54596,34.47205],[-118.54609,34.47189],[-118.54617,34.47179],[-118.54622,34.47174],[-118.54623,34.47172],[-118.54634,34.4716],[-118.54641,34.47153],[-118.5465,34.47146],[-118.54657,34.4714],[-118.54664,34.47132],[-118.54665,34.47131],[-118.54673,34.47123],[-118.54679,34.47107],[-118.5468,34.47103],[-118.54679,34.47103],[-118.5469,34.47032],[-118.54692,34.47032],[-118.54692,34.47032],[-118.54695,34.47014],[-118.54694,34.47014],[-118.54696,34.47005],[-118.54697,34.46998],[-118.54698,34.46988],[-118.54698,34.46984],[-118.54699,34.46977],[-118.54699,34.46959],[-118.547,34.46955],[-118.547,34.46952],[-118.547,34.46948],[-118.547,34.4694],[-118.547,34.46937],[-118.547,34.46935],[-118.547,34.46929],[-118.54699,34.46922],[-118.54699,34.46919],[-118.54698,34.46914],[-118.54704,34.46914],[-118.54706,34.46915],[-118.5473,34.46918],[-118.54746,34.46783],[-118.54695,34.46746],[-118.54676,34.46732],[-118.54722,34.46739],[-118.54733,34.4674],[-118.54796,34.46749],[-118.54796,34.46749],[-118.54822,34.46708],[-118.54877,34.46621],[-118.54875,34.4662],[-118.54863,34.46619],[-118.54852,34.46623],[-118.54838,34.46628],[-118.54807,34.4664],[-118.54806,34.4664],[-118.54808,34.46611],[-118.54852,34.46572],[-118.54892,34.46506],[-118.54898,34.46487],[-118.54909,34.46449],[-118.54925,34.46392],[-118.54924,34.46365],[-118.54921,34.46301],[-118.54968,34.46267],[-118.54968,34.46253],[-118.54967,34.46246],[-118.54967,34.46245],[-118.54979,34.46244],[-118.54979,34.46229],[-118.54985,34.46229],[-118.54985,34.46224],[-118.54984,34.46201],[-118.54982,34.46135],[-118.54979,34.46069],[-118.54974,34.45934],[-118.54975,34.45906],[-118.54974,34.459],[-118.54973,34.45886],[-118.54973,34.45873],[-118.54971,34.4586],[-118.54968,34.45838],[-118.54965,34.45806],[-118.54956,34.45769],[-118.54949,34.45743],[-118.54943,34.45728],[-118.54943,34.45728],[-118.54921,34.45675],[-118.54893,34.45607],[-118.54884,34.45583],[-118.54874,34.45555],[-118.54869,34.45528],[-118.54864,34.45504],[-118.54863,34.45497],[-118.54861,34.45474],[-118.5486,34.45451],[-118.54856,34.45421],[-118.54856,34.4541],[-118.54857,34.45396],[-118.54858,34.45381],[-118.54859,34.45365],[-118.54861,34.45349],[-118.54864,34.45333],[-118.54868,34.45317],[-118.54872,34.45301],[-118.54877,34.45285],[-118.54883,34.45269],[-118.54889,34.45254],[-118.54895,34.45239],[-118.54903,34.45225],[-118.5491,34.45211],[-118.54918,34.45197],[-118.54927,34.45183],[-118.54935,34.4517],[-118.54937,34.45168],[-118.54945,34.45156],[-118.54955,34.45143],[-118.54966,34.45131],[-118.54989,34.45105],[-118.55073,34.45014],[-118.55111,34.44973],[-118.55119,34.44964],[-118.55132,34.4495],[-118.55197,34.4488],[-118.55241,34.44831],[-118.5525,34.44818],[-118.55259,34.44806],[-118.55264,34.44799],[-118.55275,34.44782],[-118.55282,34.4477],[-118.55289,34.44757],[-118.55301,34.44731],[-118.55307,34.44717],[-118.55317,34.44691],[-118.55321,34.44677],[-118.55325,34.44663],[-118.55329,34.44646],[-118.55332,34.44634],[-118.55334,34.44619],[-118.55336,34.44605],[-118.55337,34.44591],[-118.55338,34.44564],[-118.5534,34.44469],[-118.55342,34.44434],[-118.55342,34.44426],[-118.55342,34.44425],[-118.55338,34.44425],[-118.55335,34.44417],[-118.55339,34.44392],[-118.55339,34.44389],[-118.55348,34.44342],[-118.55349,34.44338],[-118.55351,34.44331],[-118.55363,34.44294],[-118.55366,34.44287],[-118.55371,34.44297],[-118.55376,34.44284],[-118.55384,34.44267],[-118.55423,34.44182],[-118.55462,34.44097],[-118.55509,34.43999],[-118.55514,34.43988],[-118.55538,34.43936],[-118.55545,34.4392],[-118.55551,34.43904],[-118.55557,34.43889],[-118.55562,34.43873],[-118.55567,34.43857],[-118.5557,34.43841],[-118.55573,34.43826],[-118.55576,34.4381],[-118.55577,34.43794],[-118.55579,34.43778],[-118.55579,34.43776],[-118.55581,34.43739],[-118.55582,34.43715],[-118.55587,34.4362],[-118.55592,34.43506],[-118.55594,34.43479],[-118.55595,34.43457],[-118.55596,34.43442],[-118.55598,34.43431],[-118.556,34.43423],[-118.55601,34.43417],[-118.55603,34.43407],[-118.55608,34.4339],[-118.55613,34.43374],[-118.55616,34.43362],[-118.55625,34.43344],[-118.55635,34.43324],[-118.55645,34.43301],[-118.55652,34.43286],[-118.5566,34.43272],[-118.55667,34.43258],[-118.55675,34.43246],[-118.55686,34.43227],[-118.55694,34.43215],[-118.55703,34.43205],[-118.55743,34.43163],[-118.55749,34.43156],[-118.55756,34.43149],[-118.55787,34.43115],[-118.55798,34.43103],[-118.55823,34.43075],[-118.55845,34.43049],[-118.55865,34.43026],[-118.55878,34.43012],[-118.55891,34.42998],[-118.55924,34.42964],[-118.55938,34.42949],[-118.55984,34.42901],[-118.56012,34.4287],[-118.56058,34.42818],[-118.56076,34.42799],[-118.561,34.42775],[-118.56116,34.42758],[-118.56119,34.42754],[-118.56133,34.42737],[-118.5614,34.42728],[-118.56153,34.42708],[-118.56159,34.42699],[-118.56169,34.42679],[-118.56186,34.42647],[-118.56199,34.42617],[-118.56202,34.42609],[-118.56205,34.42602],[-118.56207,34.42594],[-118.56213,34.42573],[-118.56214,34.42566],[-118.56218,34.42554],[-118.5622,34.42542],[-118.56239,34.42399],[-118.56242,34.42385],[-118.56244,34.42378],[-118.56247,34.42368],[-118.56251,34.4235],[-118.56251,34.42347],[-118.5626,34.42304],[-118.56263,34.42289],[-118.56265,34.42275],[-118.56266,34.42264],[-118.56266,34.42254],[-118.56267,34.42209],[-118.56269,34.42172],[-118.56269,34.42147],[-118.5627,34.42121],[-118.5627,34.42093],[-118.5627,34.4206],[-118.5627,34.41987],[-118.5627,34.41981],[-118.56269,34.41963],[-118.56268,34.41932],[-118.56267,34.41914],[-118.56263,34.41881],[-118.5626,34.41859],[-118.56256,34.41842],[-118.56252,34.41829],[-118.56245,34.418],[-118.56239,34.41781],[-118.56236,34.41773],[-118.56231,34.41762],[-118.5622,34.4174],[-118.56208,34.41718],[-118.56197,34.41702],[-118.56192,34.41696],[-118.5618,34.41679],[-118.56171,34.41664],[-118.56156,34.41641],[-118.56152,34.41635],[-118.56141,34.41619],[-118.56134,34.41609],[-118.56121,34.41591],[-118.56115,34.41584],[-118.56111,34.41578],[-118.56105,34.41568],[-118.56097,34.41555],[-118.56087,34.41539],[-118.56073,34.41512],[-118.56062,34.41489],[-118.56048,34.41458],[-118.56042,34.41444],[-118.56029,34.4141],[-118.56007,34.41358],[-118.55992,34.4132],[-118.55987,34.41306],[-118.55974,34.41277],[-118.55959,34.41247],[-118.55944,34.41215],[-118.55942,34.41209],[-118.5594,34.41206],[-118.55935,34.41196],[-118.55925,34.41179],[-118.55924,34.41177],[-118.55901,34.41139],[-118.55897,34.41133],[-118.55889,34.41124],[-118.55862,34.41093],[-118.55855,34.41085],[-118.55845,34.41076],[-118.55837,34.41067],[-118.55827,34.41059],[-118.55817,34.4105],[-118.55805,34.41038],[-118.55803,34.41036],[-118.55794,34.41027],[-118.55785,34.41017],[-118.55764,34.40992],[-118.55754,34.40982],[-118.55707,34.40932],[-118.5569,34.40913],[-118.55663,34.40879],[-118.55651,34.40864],[-118.55614,34.40814],[-118.55604,34.40802],[-118.55597,34.40795],[-118.55588,34.40785],[-118.55569,34.40762],[-118.55558,34.40748],[-118.55545,34.40731],[-118.5554,34.40725],[-118.55537,34.4072],[-118.55531,34.40712],[-118.5552,34.40699],[-118.55507,34.40682],[-118.55496,34.4067],[-118.55487,34.4066],[-118.55479,34.40651],[-118.55472,34.40643],[-118.55456,34.40626],[-118.55434,34.40599],[-118.55412,34.40573],[-118.55403,34.40562],[-118.55374,34.40531],[-118.55362,34.40517],[-118.55342,34.40493],[-118.55327,34.40475],[-118.55304,34.40446],[-118.55289,34.40427],[-118.55258,34.40388],[-118.55238,34.40363],[-118.55212,34.40331],[-118.55207,34.40325],[-118.55205,34.40323],[-118.55199,34.40313],[-118.55193,34.40304],[-118.55187,34.40295],[-118.55176,34.40277],[-118.55169,34.40265],[-118.55159,34.40249],[-118.55154,34.40239],[-118.55141,34.40217],[-118.55136,34.40207],[-118.55135,34.40205],[-118.55132,34.40199],[-118.55129,34.40191],[-118.55114,34.40146],[-118.55112,34.40136],[-118.55109,34.40126],[-118.55107,34.40115],[-118.55106,34.40105],[-118.55105,34.40102],[-118.55104,34.40093],[-118.55102,34.40052],[-118.55102,34.40041],[-118.55104,34.40008],[-118.55104,34.3998],[-118.55106,34.39967],[-118.55107,34.39954],[-118.55108,34.39947],[-118.55109,34.3994],[-118.55113,34.39921],[-118.55115,34.39914],[-118.55118,34.39903],[-118.55123,34.39886],[-118.55129,34.3987],[-118.55132,34.3986],[-118.55141,34.39841],[-118.5515,34.39821],[-118.55156,34.3981],[-118.55167,34.39791],[-118.55191,34.39755],[-118.55196,34.39748],[-118.55197,34.39747],[-118.55199,34.39744],[-118.55206,34.39735],[-118.55234,34.397],[-118.55249,34.39682],[-118.55257,34.39673],[-118.55266,34.39664],[-118.55276,34.39656],[-118.55311,34.39629],[-118.55319,34.39622],[-118.55325,34.39618],[-118.55337,34.39609],[-118.55348,34.39601],[-118.55371,34.39587],[-118.55393,34.39574],[-118.55416,34.39562],[-118.55427,34.39556],[-118.5545,34.39546],[-118.55489,34.3953],[-118.55507,34.39523],[-118.55509,34.39522],[-118.55539,34.39511],[-118.55552,34.39506],[-118.55573,34.39499],[-118.55583,34.39496],[-118.55603,34.39492],[-118.55634,34.39487],[-118.55639,34.39486],[-118.55646,34.39485],[-118.55666,34.39482],[-118.55689,34.3948],[-118.55712,34.39479],[-118.55752,34.39479],[-118.55763,34.39479],[-118.5578,34.39479],[-118.55851,34.3948],[-118.55913,34.3948],[-118.55968,34.39481],[-118.56012,34.39481],[-118.56054,34.3948],[-118.56066,34.3948],[-118.56136,34.39479],[-118.56176,34.39479],[-118.56182,34.39479],[-118.56222,34.39479],[-118.56253,34.39479],[-118.56311,34.3948],[-118.56317,34.3948],[-118.56359,34.3948],[-118.56454,34.3948],[-118.56495,34.3948],[-118.56512,34.3948],[-118.56527,34.39481],[-118.56537,34.39481],[-118.56558,34.39481],[-118.56577,34.3948],[-118.5663,34.39478],[-118.56643,34.39477],[-118.56681,34.39477],[-118.56742,34.39471],[-118.56756,34.39469],[-118.5678,34.39466],[-118.56784,34.39466],[-118.56799,34.39463],[-118.56829,34.3946],[-118.5686,34.39455],[-118.56887,34.3945],[-118.569,34.39448],[-118.56911,34.39446],[-118.5692,34.39444],[-118.56929,34.39443],[-118.56942,34.39442],[-118.56968,34.39438],[-118.56973,34.39437],[-118.56983,34.39435],[-118.56986,34.39435],[-118.56989,34.39435],[-118.56995,34.39434],[-118.57004,34.39432],[-118.57031,34.39431],[-118.57037,34.39431],[-118.57042,34.3943],[-118.57049,34.39429],[-118.57067,34.39428],[-118.57078,34.39427],[-118.5711,34.39422],[-118.57127,34.39419],[-118.572,34.39724],[-118.57237,34.39876],[-118.57241,34.39897],[-118.57262,34.39984],[-118.57268,34.39998],[-118.57298,34.40071],[-118.57319,34.40119],[-118.57355,34.40208],[-118.57385,34.4028],[-118.57395,34.40305],[-118.57422,34.40365],[-118.5744,34.40405],[-118.57472,34.40477],[-118.57525,34.40593],[-118.57551,34.40653],[-118.5757,34.40694],[-118.57608,34.40779],[-118.57631,34.4083],[-118.57632,34.40833],[-118.57632,34.40833],[-118.57645,34.40829],[-118.57646,34.40829],[-118.57654,34.40826],[-118.57664,34.40823],[-118.5768,34.40818],[-118.57694,34.40813],[-118.57711,34.40807],[-118.57758,34.40792],[-118.57773,34.40788],[-118.57776,34.40787],[-118.57814,34.40776],[-118.57865,34.40766],[-118.57869,34.40765],[-118.57936,34.40755],[-118.57973,34.4075],[-118.5797,34.4077],[-118.57971,34.40783],[-118.57972,34.40807],[-118.57972,34.40816],[-118.57971,34.40832],[-118.57964,34.40891],[-118.57962,34.40897],[-118.57942,34.40983],[-118.57941,34.40983],[-118.57929,34.41036],[-118.57912,34.41111],[-118.57906,34.41136],[-118.579,34.4116],[-118.57895,34.41184],[-118.57893,34.412],[-118.57891,34.41216],[-118.57891,34.41232],[-118.57891,34.41248],[-118.57892,34.41264],[-118.57892,34.41272],[-118.57893,34.4128],[-118.57896,34.41296],[-118.57899,34.41312],[-118.57903,34.41328],[-118.57908,34.41344],[-118.57913,34.4136],[-118.5792,34.41376],[-118.57953,34.41456],[-118.57973,34.41504],[-118.58,34.41569],[-118.5802,34.41595],[-118.58057,34.41648],[-118.58156,34.41791],[-118.58159,34.41789],[-118.5856,34.41513],[-118.58971,34.41231],[-118.59458,34.40897],[-118.59458,34.40897],[-118.59458,34.40897],[-118.59459,34.40896],[-118.59463,34.40893],[-118.59471,34.40887],[-118.59473,34.40887],[-118.59475,34.40885],[-118.59485,34.40878],[-118.59503,34.40866],[-118.59535,34.40843],[-118.59587,34.40807],[-118.59592,34.40804],[-118.59693,34.40735],[-118.59693,34.40735],[-118.59694,34.40734],[-118.59695,34.40733],[-118.59695,34.40733],[-118.59718,34.40718],[-118.59718,34.40718],[-118.59719,34.40717],[-118.59721,34.40716],[-118.59723,34.40714],[-118.59733,34.4072],[-118.5974,34.40725],[-118.59747,34.40731],[-118.59753,34.40735],[-118.59758,34.4074],[-118.59763,34.40744],[-118.59763,34.40744],[-118.59767,34.40747],[-118.5977,34.40749],[-118.59774,34.40753],[-118.59781,34.4076],[-118.59784,34.40764],[-118.59789,34.40769],[-118.5979,34.4077],[-118.59791,34.40769],[-118.59791,34.40769],[-118.59802,34.40761],[-118.59802,34.40761],[-118.59802,34.40761],[-118.59806,34.40758],[-118.59806,34.40758],[-118.59811,34.40755],[-118.59832,34.40739],[-118.59836,34.40737],[-118.59836,34.40736],[-118.59837,34.40736],[-118.59837,34.40736],[-118.59837,34.40736],[-118.59858,34.40748],[-118.60331,34.40743],[-118.60355,34.40743],[-118.60374,34.40714],[-118.60379,34.407],[-118.60386,34.40683],[-118.60387,34.40665],[-118.6039,34.40647],[-118.60395,34.40631],[-118.60397,34.40629],[-118.60398,34.40622],[-118.604,34.40615],[-118.60403,34.40619],[-118.60407,34.40618],[-118.6041,34.40615],[-118.60414,34.40613],[-118.60418,34.40611],[-118.60422,34.40606],[-118.60424,34.40603],[-118.60426,34.40602],[-118.60427,34.40601],[-118.60431,34.40596],[-118.60433,34.40595],[-118.60438,34.40592],[-118.60447,34.40589],[-118.60451,34.40587],[-118.60455,34.40585],[-118.60458,34.40581],[-118.6046,34.40578],[-118.60462,34.40575],[-118.60463,34.40572],[-118.60464,34.40569],[-118.60466,34.40567],[-118.60468,34.40563],[-118.60472,34.4056],[-118.60474,34.40557],[-118.60478,34.40555],[-118.60482,34.40549],[-118.6049,34.40541],[-118.60495,34.40536],[-118.60502,34.40532],[-118.60505,34.40531],[-118.60512,34.4053],[-118.60514,34.40528],[-118.60517,34.40528],[-118.60523,34.40528],[-118.6053,34.40529],[-118.60539,34.40531],[-118.60544,34.40531],[-118.6055,34.40527],[-118.60553,34.40522],[-118.60555,34.40519],[-118.60559,34.40514],[-118.60561,34.40513],[-118.6057,34.40508],[-118.60579,34.40506],[-118.60584,34.40506],[-118.60589,34.40506],[-118.60594,34.40506],[-118.60599,34.40505],[-118.60615,34.40505],[-118.60622,34.40506],[-118.60626,34.40506],[-118.6063,34.40507],[-118.60633,34.40507],[-118.60636,34.40506],[-118.60639,34.40505],[-118.60643,34.40501],[-118.60647,34.40497],[-118.60661,34.40488],[-118.60664,34.40486],[-118.60667,34.40485],[-118.6067,34.40484],[-118.60674,34.40483],[-118.60677,34.40482],[-118.60679,34.40481],[-118.60682,34.40479],[-118.60685,34.40477],[-118.60688,34.40474],[-118.6069,34.40471],[-118.60694,34.40468],[-118.60698,34.40463],[-118.60706,34.40455],[-118.60713,34.40448],[-118.60721,34.40443],[-118.60726,34.4044],[-118.60729,34.40437],[-118.60735,34.40432],[-118.60744,34.40423],[-118.60747,34.4042],[-118.60749,34.40418],[-118.60752,34.40416],[-118.60754,34.40414],[-118.60756,34.40413],[-118.60757,34.40412],[-118.60761,34.4041],[-118.60773,34.40408],[-118.6078,34.40407],[-118.60786,34.40406],[-118.60795,34.40405],[-118.60799,34.40405],[-118.60804,34.40406],[-118.60808,34.40407],[-118.60813,34.40409],[-118.60816,34.40411],[-118.60824,34.40414],[-118.60828,34.40414],[-118.6083,34.40413],[-118.60832,34.40413],[-118.60835,34.40411],[-118.60836,34.4041],[-118.60838,34.40409],[-118.6084,34.40407],[-118.60842,34.40406],[-118.60845,34.40404],[-118.60848,34.40403],[-118.60851,34.40402],[-118.60855,34.40401],[-118.60871,34.40399],[-118.60873,34.40398],[-118.60877,34.40395],[-118.60879,34.40393],[-118.60882,34.4039],[-118.60886,34.40386],[-118.6089,34.40382],[-118.60892,34.4038],[-118.60895,34.40378],[-118.60897,34.40377],[-118.609,34.40375],[-118.60903,34.40375],[-118.60908,34.40372],[-118.6091,34.4037],[-118.60911,34.40367],[-118.60912,34.40364],[-118.60913,34.4036],[-118.60914,34.40358],[-118.60917,34.40353],[-118.60919,34.40351],[-118.60925,34.40342],[-118.60926,34.40339],[-118.60927,34.40337],[-118.60928,34.40335],[-118.60929,34.40332],[-118.60929,34.40329],[-118.6093,34.40323],[-118.6093,34.40319],[-118.60931,34.40317],[-118.60932,34.40315],[-118.60933,34.40313],[-118.60934,34.40311],[-118.60935,34.40309],[-118.60938,34.40306],[-118.6094,34.40302],[-118.60944,34.40293],[-118.60946,34.40289],[-118.60949,34.40279],[-118.6095,34.40276],[-118.60952,34.40274],[-118.60953,34.40269],[-118.60953,34.40266],[-118.60952,34.40263],[-118.60952,34.40251],[-118.60953,34.40247],[-118.60953,34.40243],[-118.60954,34.40238],[-118.60954,34.40226],[-118.60953,34.40216],[-118.60953,34.402],[-118.60952,34.40195],[-118.60952,34.40189],[-118.60951,34.40184],[-118.60951,34.4018],[-118.6095,34.40175],[-118.6095,34.40163],[-118.60949,34.40155],[-118.60946,34.40147],[-118.60943,34.4014],[-118.60942,34.40135],[-118.60942,34.40132],[-118.60942,34.4013],[-118.60947,34.4012],[-118.60948,34.40114],[-118.60948,34.40111],[-118.60949,34.40107],[-118.6095,34.40104],[-118.60951,34.40101],[-118.60952,34.40099],[-118.60952,34.40096],[-118.60953,34.40095],[-118.60952,34.40093],[-118.60952,34.40085],[-118.60953,34.40082],[-118.60955,34.4008],[-118.60957,34.40078],[-118.60959,34.40077],[-118.60961,34.40076],[-118.60967,34.40074],[-118.60969,34.40073],[-118.60974,34.40069],[-118.60975,34.40066],[-118.60975,34.40064],[-118.60974,34.4006],[-118.60974,34.40057],[-118.60973,34.40055],[-118.60973,34.40051],[-118.60974,34.40047],[-118.60978,34.40037],[-118.60981,34.40031],[-118.60995,34.40015],[-118.60999,34.4001],[-118.61002,34.40007],[-118.61004,34.40005],[-118.61007,34.40003],[-118.61011,34.40002],[-118.61018,34.40002],[-118.61025,34.40003],[-118.61029,34.40003],[-118.61033,34.40004],[-118.61042,34.40004],[-118.61054,34.40002],[-118.61064,34.4],[-118.61069,34.39998],[-118.61071,34.39996],[-118.61073,34.39994],[-118.61073,34.39991],[-118.61071,34.39989],[-118.6107,34.39987],[-118.61069,34.39986],[-118.61066,34.39985],[-118.61064,34.39983],[-118.61064,34.3998],[-118.61066,34.39975],[-118.61066,34.39972],[-118.6107,34.39969],[-118.61076,34.39969],[-118.61093,34.39971],[-118.61096,34.39971],[-118.61114,34.39972],[-118.61117,34.39971],[-118.6112,34.3997],[-118.61122,34.39968],[-118.61122,34.39964],[-118.6112,34.39958],[-118.61118,34.39953],[-118.61117,34.39951],[-118.61115,34.39949],[-118.61113,34.39947],[-118.61111,34.39945],[-118.61108,34.39941],[-118.61105,34.39938],[-118.61103,34.39934],[-118.611,34.39929],[-118.61098,34.39922],[-118.611,34.39916],[-118.61103,34.39911],[-118.61105,34.39906],[-118.61106,34.39901],[-118.61108,34.39891],[-118.61111,34.39876],[-118.61112,34.39872],[-118.61112,34.39865],[-118.61111,34.39861],[-118.61107,34.3985],[-118.61104,34.39844],[-118.61103,34.39841],[-118.61102,34.39838],[-118.61102,34.39838],[-118.61431,34.39579],[-118.61512,34.39515],[-118.61541,34.39497],[-118.61544,34.39494],[-118.61546,34.39494],[-118.61559,34.39494],[-118.61566,34.39494],[-118.61571,34.39494],[-118.61576,34.39493],[-118.61588,34.39491],[-118.61604,34.39486],[-118.61626,34.3948],[-118.61634,34.39477],[-118.61641,34.39472],[-118.61645,34.39469],[-118.61648,34.39466],[-118.6165,34.39465],[-118.61653,34.39463],[-118.61657,34.3946],[-118.6166,34.39458],[-118.61663,34.39454],[-118.61666,34.39451],[-118.61671,34.39446],[-118.61674,34.39441],[-118.61689,34.39412],[-118.61691,34.39407],[-118.61696,34.39395],[-118.61697,34.39392],[-118.61697,34.3939],[-118.61697,34.39388],[-118.61703,34.3938],[-118.61705,34.39376],[-118.61717,34.39352],[-118.61721,34.39333],[-118.61725,34.39319],[-118.61725,34.39318],[-118.61725,34.39318],[-118.61734,34.39324],[-118.61746,34.39332],[-118.61762,34.3932],[-118.62314,34.39304]]]}},{"type":"Feature","properties":{"seat":"william-s-hart-union-high-school-district-trustee-area-2","label":"Trustee Area 2","county":"TA2","role":"seat"},"geometry":{"type":"Polygon","coordinates":[[[-118.6234,34.32118],[-118.62778,34.32117],[-118.63131,34.32117],[-118.63215,34.32116],[-118.63575,34.32116],[-118.64312,34.32115],[-118.64317,34.32126],[-118.64381,34.32179],[-118.64397,34.32187],[-118.64417,34.3219],[-118.6451,34.32186],[-118.64592,34.32206],[-118.64657,34.322],[-118.6471,34.32211],[-118.64733,34.3221],[-118.64784,34.32231],[-118.64784,34.32235],[-118.64803,34.32244],[-118.64803,34.32248],[-118.64814,34.32251],[-118.64828,34.32263],[-118.64889,34.32313],[-118.64997,34.32347],[-118.65003,34.32362],[-118.65004,34.32364],[-118.65025,34.32386],[-118.65031,34.32393],[-118.65023,34.32416],[-118.65016,34.3242],[-118.65007,34.32425],[-118.64977,34.32432],[-118.64955,34.32437],[-118.64932,34.32449],[-118.64918,34.32465],[-118.64902,34.32464],[-118.64897,34.32467],[-118.64861,34.32487],[-118.64854,34.3249],[-118.64794,34.32516],[-118.64786,34.32531],[-118.6476,34.32581],[-118.64726,34.32607],[-118.64731,34.32612],[-118.64731,34.32629],[-118.64737,34.32627],[-118.64748,34.32618],[-118.64765,34.32593],[-118.64766,34.32592],[-118.64771,34.32585],[-118.64788,34.32565],[-118.64806,34.32543],[-118.64815,34.32533],[-118.64824,34.32525],[-118.64825,34.32524],[-118.64828,34.3252],[-118.64829,34.32512],[-118.64828,34.32506],[-118.64854,34.32504],[-118.64876,34.32501],[-118.64883,34.32499],[-118.64919,34.3249],[-118.64929,34.32485],[-118.64943,34.32475],[-118.6496,34.32463],[-118.64974,34.32459],[-118.64978,34.32457],[-118.65004,34.32453],[-118.65016,34.32448],[-118.65028,34.3244],[-118.65033,34.32435],[-118.65036,34.32431],[-118.65043,34.32413],[-118.65045,34.32399],[-118.65046,34.32394],[-118.65051,34.32388],[-118.65069,34.32384],[-118.65079,34.32385],[-118.651,34.32386],[-118.65115,34.32383],[-118.65131,34.32377],[-118.65144,34.32367],[-118.65149,34.32354],[-118.65148,34.3234],[-118.65142,34.32322],[-118.65142,34.32315],[-118.65146,34.32311],[-118.65157,34.3231],[-118.65166,34.32314],[-118.65186,34.32335],[-118.65189,34.32338],[-118.652,34.32342],[-118.65204,34.32342],[-118.65209,34.32344],[-118.65215,34.32345],[-118.65219,34.32344],[-118.65228,34.3234],[-118.6523,34.3234],[-118.6523,34.3234],[-118.65231,34.32339],[-118.65736,34.33371],[-118.6634,34.34601],[-118.66402,34.34727],[-118.66623,34.35178],[-118.67058,34.36066],[-118.67361,34.36682],[-118.67785,34.37546],[-118.69139,34.4031],[-118.69144,34.4031],[-118.69144,34.4031],[-118.69145,34.40312],[-118.69145,34.40312],[-118.68703,34.4036],[-118.68541,34.40377],[-118.68412,34.40391],[-118.67924,34.40443],[-118.67757,34.40461],[-118.67672,34.40494],[-118.67668,34.40495],[-118.67667,34.40496],[-118.67485,34.40566],[-118.67465,34.40574],[-118.67464,34.40573],[-118.67464,34.40572],[-118.67309,34.40262],[-118.67305,34.40254],[-118.673,34.40237],[-118.67296,34.40227],[-118.6728,34.4018],[-118.67269,34.4015],[-118.67265,34.40141],[-118.67262,34.40132],[-118.67253,34.40111],[-118.67242,34.4009],[-118.67217,34.4005],[-118.67208,34.40038],[-118.672,34.40027],[-118.67187,34.4001],[-118.6718,34.40001],[-118.67155,34.3996],[-118.67147,34.39947],[-118.67134,34.3993],[-118.67108,34.39901],[-118.67097,34.39889],[-118.67076,34.39868],[-118.67061,34.39854],[-118.67053,34.39848],[-118.67043,34.3984],[-118.67035,34.39828],[-118.67019,34.39818],[-118.67005,34.39806],[-118.66996,34.39798],[-118.66978,34.39783],[-118.66969,34.39776],[-118.66951,34.39759],[-118.66942,34.3975],[-118.66921,34.3973],[-118.66907,34.39719],[-118.66892,34.39707],[-118.66877,34.39696],[-118.66862,34.39687],[-118.6685,34.3968],[-118.66834,34.39674],[-118.66824,34.3967],[-118.66814,34.39665],[-118.66781,34.3965],[-118.6677,34.39646],[-118.66759,34.39642],[-118.66748,34.39638],[-118.66718,34.39627],[-118.66669,34.39609],[-118.66659,34.39605],[-118.66625,34.39595],[-118.66579,34.39583],[-118.66557,34.39578],[-118.66527,34.39572],[-118.66517,34.39571],[-118.66506,34.39569],[-118.66478,34.39564],[-118.66441,34.39557],[-118.66425,34.39555],[-118.66404,34.39553],[-118.66383,34.39551],[-118.6636,34.3955],[-118.66338,34.39549],[-118.66329,34.3955],[-118.66317,34.39549],[-118.66277,34.39549],[-118.66256,34.3955],[-118.66212,34.3955],[-118.66173,34.39549],[-118.66157,34.39549],[-118.66133,34.39548],[-118.66059,34.39547],[-118.66016,34.39545],[-118.65988,34.39543],[-118.65974,34.39541],[-118.65899,34.39527],[-118.65878,34.39523],[-118.65819,34.39513],[-118.65766,34.39504],[-118.65752,34.39501],[-118.65739,34.39499],[-118.65732,34.39498],[-118.65724,34.39497],[-118.65718,34.39496],[-118.65712,34.39495],[-118.65706,34.39494],[-118.65692,34.39492],[-118.65679,34.39491],[-118.65668,34.39491],[-118.65656,34.39491],[-118.65645,34.39491],[-118.65633,34.39492],[-118.6562,34.39494],[-118.65588,34.39498],[-118.65578,34.395],[-118.65524,34.39509],[-118.65503,34.39514],[-118.65493,34.39516],[-118.65481,34.39517],[-118.65471,34.39518],[-118.65463,34.39519],[-118.65455,34.3952],[-118.65447,34.39521],[-118.65431,34.39522],[-118.65424,34.39522],[-118.65416,34.39522],[-118.65413,34.39522],[-118.65408,34.39522],[-118.654,34.39522],[-118.65394,34.39522],[-118.65382,34.39521],[-118.65336,34.39519],[-118.65278,34.39517],[-118.65264,34.39517],[-118.65237,34.39519],[-118.65222,34.3952],[-118.65208,34.3952],[-118.65195,34.39521],[-118.65164,34.39525],[-118.65151,34.39527],[-118.65137,34.39528],[-118.65108,34.39532],[-118.65093,34.39533],[-118.65053,34.39539],[-118.65039,34.39541],[-118.64971,34.39552],[-118.64926,34.3956],[-118.64909,34.39562],[-118.64921,34.39573],[-118.64934,34.39585],[-118.64946,34.39594],[-118.64955,34.39598],[-118.64946,34.39601],[-118.64933,34.39605],[-118.64883,34.3961],[-118.64846,34.39614],[-118.64841,34.39615],[-118.64818,34.39618],[-118.64784,34.3962],[-118.64755,34.39624],[-118.64727,34.39638],[-118.64715,34.3964],[-118.64704,34.39638],[-118.64692,34.39634],[-118.64682,34.39633],[-118.64679,34.39638],[-118.6467,34.39645],[-118.64652,34.39652],[-118.64637,34.39656],[-118.64614,34.39659],[-118.64596,34.39656],[-118.64588,34.39656],[-118.64579,34.39657],[-118.64571,34.3966],[-118.64564,34.39664],[-118.64559,34.39675],[-118.64557,34.39683],[-118.64552,34.3969],[-118.64544,34.39695],[-118.64535,34.39702],[-118.64522,34.39714],[-118.64514,34.39725],[-118.64508,34.3973],[-118.64484,34.39747],[-118.64468,34.39757],[-118.64461,34.39762],[-118.64448,34.39762],[-118.64435,34.39766],[-118.64425,34.39773],[-118.64418,34.3978],[-118.6441,34.39783],[-118.64395,34.39782],[-118.64383,34.39781],[-118.64369,34.39783],[-118.6433,34.398],[-118.64313,34.3981],[-118.64287,34.39817],[-118.64274,34.39819],[-118.64254,34.39818],[-118.64234,34.39812],[-118.64212,34.39801],[-118.64192,34.39796],[-118.64173,34.39793],[-118.64102,34.39774],[-118.64087,34.39775],[-118.64075,34.39778],[-118.64037,34.39779],[-118.64023,34.39777],[-118.64005,34.39781],[-118.63995,34.3978],[-118.63953,34.39763],[-118.63922,34.39759],[-118.63868,34.39757],[-118.63843,34.3975],[-118.63814,34.39741],[-118.638,34.3974],[-118.6377,34.39751],[-118.6374,34.39752],[-118.63725,34.39747],[-118.63708,34.39738],[-118.63677,34.39735],[-118.6366,34.39727],[-118.63638,34.39717],[-118.63597,34.39721],[-118.63581,34.39718],[-118.63569,34.39712],[-118.63557,34.39697],[-118.63549,34.39682],[-118.63549,34.39672],[-118.63555,34.3966],[-118.63546,34.39648],[-118.63529,34.39642],[-118.63507,34.39625],[-118.63492,34.3961],[-118.63465,34.39597],[-118.63447,34.39594],[-118.63424,34.39595],[-118.63402,34.39589],[-118.63376,34.39575],[-118.63301,34.39533],[-118.63271,34.39528],[-118.63242,34.39528],[-118.632,34.39532],[-118.63175,34.39522],[-118.63156,34.39526],[-118.63133,34.39525],[-118.63108,34.39516],[-118.63082,34.39502],[-118.63061,34.39489],[-118.63028,34.39479],[-118.63004,34.39446],[-118.62993,34.3944],[-118.62979,34.39435],[-118.6296,34.39436],[-118.62943,34.39432],[-118.62925,34.39432],[-118.62902,34.39436],[-118.62859,34.39435],[-118.62832,34.39444],[-118.62804,34.39452],[-118.62787,34.39464],[-118.62777,34.39479],[-118.62766,34.39487],[-118.62746,34.39479],[-118.62731,34.39482],[-118.6271,34.39489],[-118.62704,34.39489],[-118.62687,34.39481],[-118.62681,34.39486],[-118.62672,34.39496],[-118.62665,34.39495],[-118.62661,34.39483],[-118.62655,34.39478],[-118.62632,34.39478],[-118.62618,34.39474],[-118.62606,34.3946],[-118.62591,34.39455],[-118.62565,34.3946],[-118.6254,34.39451],[-118.62523,34.39444],[-118.62498,34.39429],[-118.62467,34.39406],[-118.62418,34.39391],[-118.62389,34.39382],[-118.62349,34.39317],[-118.62324,34.3931],[-118.62314,34.39304],[-118.61762,34.3932],[-118.61746,34.39332],[-118.61734,34.39324],[-118.61725,34.39318],[-118.61725,34.39318],[-118.61725,34.39319],[-118.61721,34.39333],[-118.61717,34.39352],[-118.61705,34.39376],[-118.61703,34.3938],[-118.61697,34.39388],[-118.61697,34.3939],[-118.61697,34.39392],[-118.61696,34.39395],[-118.61691,34.39407],[-118.61689,34.39412],[-118.61674,34.39441],[-118.61671,34.39446],[-118.61666,34.39451],[-118.61663,34.39454],[-118.6166,34.39458],[-118.61657,34.3946],[-118.61653,34.39463],[-118.6165,34.39465],[-118.61648,34.39466],[-118.61645,34.39469],[-118.61641,34.39472],[-118.61634,34.39477],[-118.61626,34.3948],[-118.61604,34.39486],[-118.61588,34.39491],[-118.61576,34.39493],[-118.61571,34.39494],[-118.61566,34.39494],[-118.61559,34.39494],[-118.61546,34.39494],[-118.61544,34.39494],[-118.61541,34.39497],[-118.61512,34.39515],[-118.61431,34.39579],[-118.61102,34.39838],[-118.61102,34.39838],[-118.61103,34.39841],[-118.61104,34.39844],[-118.61107,34.3985],[-118.61111,34.39861],[-118.61112,34.39865],[-118.61112,34.39872],[-118.61111,34.39876],[-118.61108,34.39891],[-118.61106,34.39901],[-118.61105,34.39906],[-118.61103,34.39911],[-118.611,34.39916],[-118.61098,34.39922],[-118.611,34.39929],[-118.61103,34.39934],[-118.61105,34.39938],[-118.61108,34.39941],[-118.61111,34.39945],[-118.61113,34.39947],[-118.61115,34.39949],[-118.61117,34.39951],[-118.61118,34.39953],[-118.6112,34.39958],[-118.61122,34.39964],[-118.61122,34.39968],[-118.6112,34.3997],[-118.61117,34.39971],[-118.61114,34.39972],[-118.61096,34.39971],[-118.61093,34.39971],[-118.61076,34.39969],[-118.6107,34.39969],[-118.61066,34.39972],[-118.61066,34.39975],[-118.61064,34.3998],[-118.61064,34.39983],[-118.61066,34.39985],[-118.61069,34.39986],[-118.6107,34.39987],[-118.61071,34.39989],[-118.61073,34.39991],[-118.61073,34.39994],[-118.61071,34.39996],[-118.61069,34.39998],[-118.61064,34.4],[-118.61054,34.40002],[-118.61042,34.40004],[-118.61033,34.40004],[-118.61029,34.40003],[-118.61025,34.40003],[-118.61018,34.40002],[-118.61011,34.40002],[-118.61007,34.40003],[-118.61004,34.40005],[-118.61002,34.40007],[-118.60999,34.4001],[-118.60995,34.40015],[-118.60981,34.40031],[-118.60978,34.40037],[-118.60974,34.40047],[-118.60973,34.40051],[-118.60973,34.40055],[-118.60974,34.40057],[-118.60974,34.4006],[-118.60975,34.40064],[-118.60975,34.40066],[-118.60974,34.40069],[-118.60969,34.40073],[-118.60967,34.40074],[-118.60961,34.40076],[-118.60959,34.40077],[-118.60957,34.40078],[-118.60955,34.4008],[-118.60953,34.40082],[-118.60952,34.40085],[-118.60952,34.40093],[-118.60953,34.40095],[-118.60952,34.40096],[-118.60952,34.40099],[-118.60951,34.40101],[-118.6095,34.40104],[-118.60949,34.40107],[-118.60948,34.40111],[-118.60948,34.40114],[-118.60947,34.4012],[-118.60942,34.4013],[-118.60942,34.40132],[-118.60942,34.40135],[-118.60943,34.4014],[-118.60946,34.40147],[-118.60949,34.40155],[-118.6095,34.40163],[-118.6095,34.40175],[-118.60951,34.4018],[-118.60951,34.40184],[-118.60952,34.40189],[-118.60952,34.40195],[-118.60953,34.402],[-118.60953,34.40216],[-118.60954,34.40226],[-118.60954,34.40238],[-118.60953,34.40243],[-118.60953,34.40247],[-118.60952,34.40251],[-118.60952,34.40263],[-118.60953,34.40266],[-118.60953,34.40269],[-118.60952,34.40274],[-118.6095,34.40276],[-118.60949,34.40279],[-118.60946,34.40289],[-118.60944,34.40293],[-118.6094,34.40302],[-118.60938,34.40306],[-118.60935,34.40309],[-118.60934,34.40311],[-118.60933,34.40313],[-118.60932,34.40315],[-118.60931,34.40317],[-118.6093,34.40319],[-118.6093,34.40323],[-118.60929,34.40329],[-118.60929,34.40332],[-118.60928,34.40335],[-118.60927,34.40337],[-118.60926,34.40339],[-118.60925,34.40342],[-118.60919,34.40351],[-118.60917,34.40353],[-118.60914,34.40358],[-118.60913,34.4036],[-118.60912,34.40364],[-118.60911,34.40367],[-118.6091,34.4037],[-118.60908,34.40372],[-118.60903,34.40375],[-118.609,34.40375],[-118.60897,34.40377],[-118.60895,34.40378],[-118.60892,34.4038],[-118.6089,34.40382],[-118.60886,34.40386],[-118.60882,34.4039],[-118.60879,34.40393],[-118.60877,34.40395],[-118.60873,34.40398],[-118.60871,34.40399],[-118.60855,34.40401],[-118.60851,34.40402],[-118.60848,34.40403],[-118.60845,34.40404],[-118.60842,34.40406],[-118.6084,34.40407],[-118.60838,34.40409],[-118.60836,34.4041],[-118.60835,34.40411],[-118.60832,34.40413],[-118.6083,34.40413],[-118.60828,34.40414],[-118.60824,34.40414],[-118.60816,34.40411],[-118.60813,34.40409],[-118.60808,34.40407],[-118.60804,34.40406],[-118.60799,34.40405],[-118.60795,34.40405],[-118.60786,34.40406],[-118.6078,34.40407],[-118.60773,34.40408],[-118.60761,34.4041],[-118.60757,34.40412],[-118.60756,34.40413],[-118.60754,34.40414],[-118.60752,34.40416],[-118.60749,34.40418],[-118.60747,34.4042],[-118.60744,34.40423],[-118.60735,34.40432],[-118.60729,34.40437],[-118.60726,34.4044],[-118.60721,34.40443],[-118.60713,34.40448],[-118.60706,34.40455],[-118.60698,34.40463],[-118.60694,34.40468],[-118.6069,34.40471],[-118.60688,34.40474],[-118.60685,34.40477],[-118.60682,34.40479],[-118.60679,34.40481],[-118.60677,34.40482],[-118.60674,34.40483],[-118.6067,34.40484],[-118.60667,34.40485],[-118.60664,34.40486],[-118.60661,34.40488],[-118.60647,34.40497],[-118.60643,34.40501],[-118.60639,34.40505],[-118.60636,34.40506],[-118.60633,34.40507],[-118.6063,34.40507],[-118.60626,34.40506],[-118.60622,34.40506],[-118.60615,34.40505],[-118.60599,34.40505],[-118.60594,34.40506],[-118.60589,34.40506],[-118.60584,34.40506],[-118.60579,34.40506],[-118.6057,34.40508],[-118.60561,34.40513],[-118.60559,34.40514],[-118.60555,34.40519],[-118.60553,34.40522],[-118.6055,34.40527],[-118.60544,34.40531],[-118.60539,34.40531],[-118.6053,34.40529],[-118.60523,34.40528],[-118.60517,34.40528],[-118.60514,34.40528],[-118.60512,34.4053],[-118.60505,34.40531],[-118.60502,34.40532],[-118.60495,34.40536],[-118.6049,34.40541],[-118.60482,34.40549],[-118.60478,34.40555],[-118.60474,34.40557],[-118.60472,34.4056],[-118.60468,34.40563],[-118.60466,34.40567],[-118.60464,34.40569],[-118.60463,34.40572],[-118.60462,34.40575],[-118.6046,34.40578],[-118.60458,34.40581],[-118.60455,34.40585],[-118.60451,34.40587],[-118.60447,34.40589],[-118.60438,34.40592],[-118.60433,34.40595],[-118.60431,34.40596],[-118.60427,34.40601],[-118.60426,34.40602],[-118.60424,34.40603],[-118.60422,34.40606],[-118.60418,34.40611],[-118.60414,34.40613],[-118.6041,34.40615],[-118.60407,34.40618],[-118.60403,34.40619],[-118.604,34.40615],[-118.60398,34.40622],[-118.60397,34.40629],[-118.60395,34.40631],[-118.6039,34.40647],[-118.60387,34.40665],[-118.60386,34.40683],[-118.60379,34.407],[-118.60374,34.40714],[-118.60355,34.40743],[-118.60331,34.40743],[-118.59858,34.40748],[-118.59837,34.40736],[-118.59837,34.40736],[-118.59837,34.40736],[-118.59836,34.40736],[-118.59836,34.40737],[-118.59832,34.40739],[-118.59811,34.40755],[-118.59806,34.40758],[-118.59806,34.40758],[-118.59802,34.40761],[-118.59802,34.40761],[-118.59802,34.40761],[-118.59791,34.40769],[-118.59791,34.40769],[-118.5979,34.4077],[-118.59789,34.40769],[-118.59784,34.40764],[-118.59781,34.4076],[-118.59774,34.40753],[-118.5977,34.40749],[-118.59767,34.40747],[-118.59763,34.40744],[-118.59763,34.40744],[-118.59758,34.4074],[-118.59753,34.40735],[-118.59747,34.40731],[-118.5974,34.40725],[-118.59733,34.4072],[-118.59723,34.40714],[-118.59721,34.40716],[-118.59719,34.40717],[-118.59718,34.40718],[-118.59718,34.40718],[-118.59695,34.40733],[-118.59695,34.40733],[-118.59694,34.40734],[-118.59693,34.40735],[-118.59693,34.40735],[-118.59592,34.40804],[-118.59587,34.40807],[-118.59535,34.40843],[-118.59503,34.40866],[-118.59485,34.40878],[-118.59475,34.40885],[-118.59473,34.40887],[-118.59472,34.40887],[-118.59471,34.40887],[-118.59463,34.40893],[-118.59459,34.40896],[-118.59458,34.40897],[-118.59458,34.40897],[-118.59458,34.40897],[-118.59458,34.40897],[-118.58971,34.41231],[-118.5856,34.41513],[-118.58159,34.41789],[-118.58156,34.41791],[-118.58057,34.41648],[-118.5802,34.41595],[-118.58,34.41569],[-118.57973,34.41504],[-118.57972,34.415],[-118.57953,34.41456],[-118.5792,34.41376],[-118.57913,34.4136],[-118.57908,34.41344],[-118.57903,34.41328],[-118.57899,34.41312],[-118.57896,34.41296],[-118.57893,34.4128],[-118.57892,34.41272],[-118.57892,34.41264],[-118.57891,34.41248],[-118.57891,34.41232],[-118.57891,34.41216],[-118.57893,34.412],[-118.57895,34.41184],[-118.579,34.4116],[-118.57906,34.41136],[-118.57912,34.41111],[-118.57929,34.41036],[-118.57941,34.40983],[-118.57942,34.40983],[-118.57962,34.40897],[-118.57964,34.40891],[-118.57971,34.40832],[-118.57972,34.40816],[-118.57972,34.40807],[-118.57971,34.40783],[-118.5797,34.4077],[-118.57973,34.4075],[-118.57936,34.40755],[-118.57869,34.40765],[-118.57865,34.40766],[-118.57814,34.40776],[-118.57776,34.40787],[-118.57773,34.40788],[-118.57758,34.40792],[-118.57711,34.40807],[-118.57694,34.40813],[-118.5768,34.40818],[-118.57664,34.40823],[-118.57654,34.40826],[-118.57646,34.40829],[-118.57645,34.40829],[-118.57632,34.40833],[-118.57631,34.4083],[-118.57608,34.40779],[-118.5757,34.40694],[-118.57551,34.40653],[-118.57525,34.40593],[-118.57472,34.40477],[-118.5744,34.40405],[-118.57422,34.40365],[-118.57395,34.40305],[-118.57385,34.4028],[-118.57355,34.40208],[-118.57332,34.40152],[-118.57319,34.40119],[-118.57298,34.40071],[-118.57268,34.39998],[-118.57262,34.39984],[-118.57241,34.39897],[-118.57237,34.39877],[-118.57237,34.39876],[-118.572,34.39724],[-118.57127,34.39419],[-118.5711,34.39422],[-118.57078,34.39427],[-118.57067,34.39428],[-118.57049,34.39429],[-118.57042,34.3943],[-118.57037,34.39431],[-118.57031,34.39431],[-118.57004,34.39432],[-118.56995,34.39434],[-118.56989,34.39435],[-118.56986,34.39435],[-118.56983,34.39435],[-118.56973,34.39437],[-118.56968,34.39438],[-118.56942,34.39442],[-118.56929,34.39443],[-118.5692,34.39444],[-118.56911,34.39446],[-118.569,34.39448],[-118.56887,34.3945],[-118.5686,34.39455],[-118.56829,34.3946],[-118.56799,34.39463],[-118.56784,34.39466],[-118.5678,34.39466],[-118.56756,34.39469],[-118.56742,34.39471],[-118.56681,34.39477],[-118.56643,34.39477],[-118.5663,34.39478],[-118.56577,34.3948],[-118.56558,34.39481],[-118.56537,34.39481],[-118.56527,34.39481],[-118.56512,34.3948],[-118.56495,34.3948],[-118.56454,34.3948],[-118.56359,34.3948],[-118.56317,34.3948],[-118.56311,34.3948],[-118.56253,34.39479],[-118.56226,34.39479],[-118.56222,34.39479],[-118.56182,34.39479],[-118.56176,34.39479],[-118.56136,34.39479],[-118.56066,34.3948],[-118.56054,34.3948],[-118.56012,34.39481],[-118.55968,34.39481],[-118.55913,34.3948],[-118.55851,34.3948],[-118.5578,34.39479],[-118.55763,34.39479],[-118.55752,34.39479],[-118.55712,34.39479],[-118.55689,34.3948],[-118.55666,34.39482],[-118.55646,34.39485],[-118.55639,34.39486],[-118.55634,34.39487],[-118.55603,34.39492],[-118.55583,34.39496],[-118.55573,34.39499],[-118.55552,34.39506],[-118.55539,34.39511],[-118.55509,34.39522],[-118.55507,34.39523],[-118.55489,34.3953],[-118.5545,34.39546],[-118.55427,34.39556],[-118.55416,34.39562],[-118.55393,34.39574],[-118.55371,34.39587],[-118.55348,34.39601],[-118.55337,34.39609],[-118.55325,34.39618],[-118.55319,34.39622],[-118.55311,34.39629],[-118.55276,34.39656],[-118.55266,34.39664],[-118.55257,34.39673],[-118.55249,34.39682],[-118.55234,34.397],[-118.55206,34.39735],[-118.55199,34.39744],[-118.55197,34.39747],[-118.55196,34.39748],[-118.55191,34.39755],[-118.55167,34.39791],[-118.55156,34.3981],[-118.5515,34.39821],[-118.55141,34.39841],[-118.55132,34.3986],[-118.55129,34.3987],[-118.55123,34.39886],[-118.55118,34.39903],[-118.55115,34.39914],[-118.55113,34.39921],[-118.55109,34.3994],[-118.55108,34.39947],[-118.55107,34.39954],[-118.55106,34.39967],[-118.55104,34.3998],[-118.55104,34.40008],[-118.55102,34.40041],[-118.55102,34.40052],[-118.55104,34.40093],[-118.55105,34.40102],[-118.55106,34.40105],[-118.55107,34.40115],[-118.55109,34.40126],[-118.55112,34.40136],[-118.55114,34.40146],[-118.55129,34.40191],[-118.55132,34.40199],[-118.55135,34.40205],[-118.55136,34.40207],[-118.55141,34.40217],[-118.55142,34.40219],[-118.55154,34.40239],[-118.55159,34.40249],[-118.55169,34.40265],[-118.55176,34.40277],[-118.55187,34.40295],[-118.55193,34.40304],[-118.55199,34.40313],[-118.55205,34.40323],[-118.55207,34.40325],[-118.55212,34.40331],[-118.55238,34.40363],[-118.55258,34.40388],[-118.55289,34.40427],[-118.55304,34.40446],[-118.55327,34.40475],[-118.55342,34.40493],[-118.55362,34.40517],[-118.55374,34.40531],[-118.55403,34.40562],[-118.55412,34.40573],[-118.55434,34.40599],[-118.55456,34.40626],[-118.55472,34.40643],[-118.55479,34.40651],[-118.55487,34.4066],[-118.55496,34.4067],[-118.55507,34.40682],[-118.5552,34.40699],[-118.55531,34.40712],[-118.55537,34.4072],[-118.5554,34.40725],[-118.55545,34.40731],[-118.55558,34.40748],[-118.55569,34.40762],[-118.55588,34.40785],[-118.55597,34.40795],[-118.55604,34.40802],[-118.55614,34.40814],[-118.55651,34.40864],[-118.55663,34.40879],[-118.5569,34.40913],[-118.55707,34.40932],[-118.55754,34.40982],[-118.55764,34.40992],[-118.55785,34.41017],[-118.55794,34.41027],[-118.55803,34.41036],[-118.55805,34.41038],[-118.55817,34.4105],[-118.55827,34.41059],[-118.55837,34.41067],[-118.55845,34.41076],[-118.55855,34.41085],[-118.55862,34.41093],[-118.55889,34.41124],[-118.55897,34.41133],[-118.55901,34.41139],[-118.55924,34.41177],[-118.55925,34.41179],[-118.55935,34.41196],[-118.55944,34.41215],[-118.55959,34.41247],[-118.55974,34.41277],[-118.55987,34.41306],[-118.55992,34.4132],[-118.56007,34.41358],[-118.56029,34.4141],[-118.56042,34.41444],[-118.56048,34.41458],[-118.56062,34.41489],[-118.56073,34.41512],[-118.56087,34.41539],[-118.56097,34.41555],[-118.56105,34.41568],[-118.56111,34.41578],[-118.56115,34.41584],[-118.56121,34.41591],[-118.56134,34.41609],[-118.56141,34.41619],[-118.56152,34.41635],[-118.56156,34.41641],[-118.56171,34.41664],[-118.5618,34.41679],[-118.56192,34.41696],[-118.56197,34.41702],[-118.56208,34.41718],[-118.5622,34.4174],[-118.56231,34.41762],[-118.56236,34.41773],[-118.56239,34.41781],[-118.56245,34.418],[-118.56252,34.41829],[-118.56256,34.41842],[-118.5626,34.41859],[-118.56263,34.41881],[-118.56267,34.41914],[-118.56268,34.41932],[-118.56269,34.41963],[-118.5627,34.41981],[-118.5627,34.41987],[-118.5627,34.4206],[-118.5627,34.42093],[-118.5627,34.42121],[-118.56269,34.42147],[-118.56269,34.42172],[-118.56267,34.42209],[-118.56266,34.42254],[-118.56266,34.42264],[-118.56265,34.42275],[-118.56263,34.42289],[-118.5626,34.42304],[-118.56251,34.4235],[-118.56247,34.42368],[-118.56244,34.42378],[-118.56242,34.42385],[-118.56239,34.42399],[-118.56234,34.42431],[-118.56218,34.42554],[-118.56214,34.42566],[-118.56213,34.42573],[-118.56207,34.42594],[-118.56205,34.42602],[-118.56202,34.42609],[-118.56199,34.42617],[-118.56186,34.42647],[-118.56169,34.42679],[-118.56159,34.42699],[-118.56153,34.42708],[-118.5614,34.42728],[-118.56133,34.42737],[-118.56119,34.42754],[-118.56116,34.42758],[-118.561,34.42775],[-118.56076,34.42799],[-118.56058,34.42818],[-118.56012,34.4287],[-118.55984,34.42901],[-118.55938,34.42949],[-118.55924,34.42964],[-118.55891,34.42998],[-118.55878,34.43012],[-118.55865,34.43026],[-118.55845,34.43049],[-118.55823,34.43075],[-118.55798,34.43103],[-118.55787,34.43115],[-118.55756,34.43149],[-118.55737,34.43134],[-118.55717,34.43119],[-118.55692,34.431],[-118.55681,34.43092],[-118.55676,34.43089],[-118.5565,34.43072],[-118.55631,34.43059],[-118.55603,34.43039],[-118.55586,34.43029],[-118.55567,34.43018],[-118.55525,34.42996],[-118.55489,34.42978],[-118.55475,34.42971],[-118.55452,34.4296],[-118.55415,34.42944],[-118.55407,34.42941],[-118.55381,34.42931],[-118.55352,34.4292],[-118.553,34.42902],[-118.55265,34.42892],[-118.55169,34.42865],[-118.55143,34.42859],[-118.55116,34.42854],[-118.55101,34.42851],[-118.55087,34.42849],[-118.55053,34.42846],[-118.55036,34.42844],[-118.55003,34.4284],[-118.54964,34.42835],[-118.5495,34.42833],[-118.54919,34.42831],[-118.54888,34.42829],[-118.54849,34.42828],[-118.54834,34.42828],[-118.54791,34.42828],[-118.54748,34.42828],[-118.54718,34.42829],[-118.54713,34.42829],[-118.54714,34.42831],[-118.54683,34.42829],[-118.5467,34.42829],[-118.54665,34.42829],[-118.5465,34.42828],[-118.54645,34.42828],[-118.54627,34.42828],[-118.54602,34.42828],[-118.54596,34.42828],[-118.54586,34.42828],[-118.54582,34.42828],[-118.54553,34.4283],[-118.5454,34.42832],[-118.54527,34.42833],[-118.54502,34.42835],[-118.5444,34.4284],[-118.54368,34.42847],[-118.54306,34.42853],[-118.54289,34.42854],[-118.54271,34.42855],[-118.54218,34.42857],[-118.54212,34.42857],[-118.5419,34.42857],[-118.54178,34.42856],[-118.54169,34.42855],[-118.54148,34.42853],[-118.54141,34.42853],[-118.54135,34.42852],[-118.54122,34.42851],[-118.54111,34.42849],[-118.541,34.42847],[-118.54059,34.42838],[-118.54048,34.42836],[-118.54035,34.42835],[-118.54028,34.42834],[-118.53989,34.42826],[-118.53965,34.42821],[-118.53949,34.42817],[-118.5394,34.42815],[-118.53918,34.42807],[-118.53891,34.42798],[-118.53853,34.42783],[-118.53818,34.4277],[-118.53782,34.42759],[-118.53771,34.42754],[-118.53759,34.42749],[-118.53739,34.42738],[-118.53732,34.42734],[-118.53721,34.42726],[-118.53714,34.42722],[-118.53723,34.42711],[-118.53767,34.42657],[-118.53783,34.42637],[-118.53833,34.42574],[-118.53866,34.42535],[-118.53898,34.42499],[-118.53917,34.42476],[-118.53929,34.42464],[-118.5396,34.42429],[-118.53992,34.42393],[-118.54015,34.42368],[-118.54033,34.42348],[-118.54035,34.42346],[-118.54043,34.42338],[-118.54051,34.42331],[-118.54065,34.42316],[-118.54071,34.42308],[-118.54078,34.423],[-118.54097,34.42273],[-118.54102,34.42266],[-118.54115,34.42248],[-118.54123,34.42237],[-118.54131,34.42225],[-118.54139,34.42212],[-118.54144,34.42202],[-118.54153,34.42183],[-118.54169,34.42146],[-118.54182,34.42116],[-118.54188,34.42099],[-118.54199,34.42057],[-118.54204,34.42035],[-118.54206,34.42024],[-118.54207,34.42017],[-118.54207,34.42013],[-118.54209,34.41984],[-118.5421,34.41969],[-118.5421,34.41965],[-118.5421,34.41955],[-118.54209,34.4194],[-118.54209,34.41936],[-118.54209,34.41932],[-118.54208,34.4192],[-118.54206,34.41908],[-118.54206,34.41907],[-118.54202,34.41883],[-118.542,34.41872],[-118.54191,34.41827],[-118.54172,34.41734],[-118.54169,34.41723],[-118.54168,34.41718],[-118.54164,34.41695],[-118.54161,34.41683],[-118.54159,34.41664],[-118.54154,34.41639],[-118.54151,34.41619],[-118.54147,34.41594],[-118.54145,34.41582],[-118.54141,34.41564],[-118.54134,34.41534],[-118.54133,34.4153],[-118.54133,34.41529],[-118.54125,34.41489],[-118.54117,34.41451],[-118.54114,34.41433],[-118.54104,34.41385],[-118.54099,34.41358],[-118.5406,34.41143],[-118.54059,34.41136],[-118.54018,34.40917],[-118.54015,34.40917],[-118.5401,34.40894],[-118.54013,34.40894],[-118.53992,34.4078],[-118.53983,34.4073],[-118.53931,34.40446],[-118.53925,34.40408],[-118.53921,34.40381],[-118.53902,34.40271],[-118.53899,34.40253],[-118.5389,34.40198],[-118.53885,34.40172],[-118.53863,34.40055],[-118.53862,34.40049],[-118.53853,34.40002],[-118.53841,34.39941],[-118.53837,34.39925],[-118.53836,34.3992],[-118.53833,34.39904],[-118.53829,34.3987],[-118.53828,34.3984],[-118.53831,34.39821],[-118.53832,34.39807],[-118.53836,34.39791],[-118.53841,34.39773],[-118.53853,34.39742],[-118.53859,34.39725],[-118.53869,34.39703],[-118.53871,34.39697],[-118.53879,34.3968],[-118.53883,34.39669],[-118.53891,34.39651],[-118.53897,34.39624],[-118.53902,34.39602],[-118.53904,34.3958],[-118.53903,34.39553],[-118.53901,34.39535],[-118.539,34.39531],[-118.539,34.39528],[-118.53899,34.39528],[-118.53897,34.39528],[-118.53896,34.39528],[-118.53895,34.39524],[-118.53894,34.39516],[-118.53893,34.3951],[-118.53891,34.39501],[-118.5389,34.39497],[-118.53884,34.39479],[-118.53882,34.39473],[-118.53877,34.3946],[-118.53871,34.39448],[-118.53862,34.39433],[-118.53853,34.3942],[-118.53845,34.39409],[-118.5383,34.3939],[-118.53824,34.39382],[-118.53818,34.39374],[-118.53801,34.39353],[-118.53767,34.39306],[-118.53762,34.393],[-118.53741,34.39272],[-118.53711,34.39233],[-118.53704,34.39225],[-118.53675,34.39188],[-118.53659,34.39168],[-118.53646,34.39151],[-118.53606,34.39099],[-118.53442,34.38883],[-118.534,34.38829],[-118.53315,34.38719],[-118.53295,34.38694],[-118.53278,34.38672],[-118.53214,34.38588],[-118.53218,34.38585],[-118.53231,34.38578],[-118.53289,34.38547],[-118.53305,34.38538],[-118.53309,34.38536],[-118.53383,34.38498],[-118.53397,34.38491],[-118.534,34.38489],[-118.53464,34.38455],[-118.53493,34.38439],[-118.53561,34.38402],[-118.53588,34.38388],[-118.53589,34.38388],[-118.53577,34.38373],[-118.53566,34.3836],[-118.53548,34.3834],[-118.53548,34.38339],[-118.53541,34.38332],[-118.53516,34.38301],[-118.53486,34.38264],[-118.53474,34.38249],[-118.53466,34.3824],[-118.53459,34.38231],[-118.53439,34.38207],[-118.53391,34.38144],[-118.53366,34.38112],[-118.53345,34.38083],[-118.53337,34.38072],[-118.53304,34.38026],[-118.53288,34.38003],[-118.53257,34.37962],[-118.53249,34.37951],[-118.53233,34.3793],[-118.5322,34.37911],[-118.53217,34.37908],[-118.53214,34.37904],[-118.5321,34.37899],[-118.53202,34.37891],[-118.53197,34.37887],[-118.53191,34.37883],[-118.53181,34.37878],[-118.53171,34.37873],[-118.53154,34.37866],[-118.53147,34.37863],[-118.53134,34.37858],[-118.53102,34.37844],[-118.53098,34.37843],[-118.5306,34.37826],[-118.53053,34.37823],[-118.53036,34.37816],[-118.53006,34.37803],[-118.52991,34.37797],[-118.52967,34.37788],[-118.52942,34.37777],[-118.52904,34.37761],[-118.52898,34.37758],[-118.52858,34.37741],[-118.52822,34.37725],[-118.5281,34.3772],[-118.52788,34.37711],[-118.52782,34.37708],[-118.52733,34.37688],[-118.5272,34.37683],[-118.52708,34.37677],[-118.52695,34.3767],[-118.5269,34.37667],[-118.52679,34.37662],[-118.52673,34.3766],[-118.52665,34.37659],[-118.52658,34.37659],[-118.52649,34.3766],[-118.52646,34.37661],[-118.52643,34.37662],[-118.52633,34.37669],[-118.52608,34.37643],[-118.52603,34.37638],[-118.52598,34.37634],[-118.52589,34.37627],[-118.52581,34.37622],[-118.52572,34.37617],[-118.52566,34.37614],[-118.52554,34.37609],[-118.52547,34.37606],[-118.5254,34.37603],[-118.52524,34.37597],[-118.52522,34.37596],[-118.5249,34.37583],[-118.52431,34.37556],[-118.52434,34.37561],[-118.52412,34.37552],[-118.52395,34.37545],[-118.52382,34.3754],[-118.52369,34.37524],[-118.52359,34.37512],[-118.52337,34.37483],[-118.52326,34.37469],[-118.52303,34.37441],[-118.52284,34.37416],[-118.52281,34.37413],[-118.52275,34.37403],[-118.52266,34.37391],[-118.52259,34.37379],[-118.52255,34.3737],[-118.52251,34.3736],[-118.52248,34.37354],[-118.52248,34.37354],[-118.52246,34.37349],[-118.52246,34.37349],[-118.52246,34.37348],[-118.52245,34.37347],[-118.52244,34.37345],[-118.52243,34.37342],[-118.52243,34.3734],[-118.52242,34.37339],[-118.52242,34.37338],[-118.52242,34.37338],[-118.52242,34.37338],[-118.52242,34.37337],[-118.52242,34.37337],[-118.52239,34.3733],[-118.52237,34.37322],[-118.52234,34.37313],[-118.52233,34.37305],[-118.52229,34.37283],[-118.52227,34.37264],[-118.52226,34.37249],[-118.52227,34.37231],[-118.52229,34.37209],[-118.5223,34.372],[-118.52234,34.37175],[-118.52239,34.37148],[-118.52242,34.37133],[-118.52244,34.37123],[-118.52244,34.3712],[-118.52248,34.37097],[-118.52258,34.37048],[-118.52263,34.37019],[-118.5227,34.36981],[-118.52278,34.36938],[-118.52281,34.36924],[-118.52285,34.369],[-118.52296,34.36843],[-118.523,34.3682],[-118.52304,34.36799],[-118.52314,34.36746],[-118.52317,34.36728],[-118.52319,34.36717],[-118.52327,34.36676],[-118.52327,34.36671],[-118.52332,34.36649],[-118.52332,34.36646],[-118.52335,34.36629],[-118.52339,34.36608],[-118.52346,34.36574],[-118.52346,34.36571],[-118.52352,34.36538],[-118.52356,34.36517],[-118.52361,34.36491],[-118.52362,34.36484],[-118.52366,34.36464],[-118.52369,34.36449],[-118.52372,34.36432],[-118.52374,34.36422],[-118.52374,34.3642],[-118.52374,34.3642],[-118.52374,34.36419],[-118.52375,34.36411],[-118.52376,34.36401],[-118.52376,34.36401],[-118.52376,34.36401],[-118.52377,34.36395],[-118.52377,34.36393],[-118.52377,34.36392],[-118.52378,34.36379],[-118.52378,34.36378],[-118.52378,34.36377],[-118.52378,34.36377],[-118.52378,34.36367],[-118.52378,34.36367],[-118.52378,34.36367],[-118.52378,34.36367],[-118.52378,34.36367],[-118.52378,34.36367],[-118.52378,34.36366],[-118.52378,34.36366],[-118.52378,34.36366],[-118.52378,34.36365],[-118.52378,34.36365],[-118.52378,34.36365],[-118.52378,34.36364],[-118.52378,34.36364],[-118.52378,34.36364],[-118.52378,34.36363],[-118.52378,34.3636],[-118.52377,34.36356],[-118.52377,34.36351],[-118.52377,34.36347],[-118.52376,34.36338],[-118.52375,34.36329],[-118.52373,34.36318],[-118.52373,34.36316],[-118.52372,34.36309],[-118.52371,34.36306],[-118.52369,34.36296],[-118.52364,34.36278],[-118.52364,34.36278],[-118.52362,34.36272],[-118.52357,34.36258],[-118.52351,34.36244],[-118.52335,34.36211],[-118.52322,34.3619],[-118.52304,34.36166],[-118.52282,34.36141],[-118.52275,34.36133],[-118.5225,34.36107],[-118.52234,34.36089],[-118.52211,34.36066],[-118.52189,34.36043],[-118.52186,34.3604],[-118.52184,34.36038],[-118.52027,34.35872],[-118.52002,34.35846],[-118.51891,34.3573],[-118.51873,34.35711],[-118.5186,34.35697],[-118.5185,34.35684],[-118.51832,34.35661],[-118.51825,34.3565],[-118.51813,34.35631],[-118.51808,34.3562],[-118.51797,34.35596],[-118.5179,34.3558],[-118.51785,34.35566],[-118.51782,34.35556],[-118.51779,34.35545],[-118.51767,34.35506],[-118.5176,34.35481],[-118.51756,34.35482],[-118.51755,34.35482],[-118.51754,34.35483],[-118.51735,34.35431],[-118.51721,34.35399],[-118.5171,34.35377],[-118.51681,34.3532],[-118.51657,34.35272],[-118.51654,34.35266],[-118.51636,34.3523],[-118.51635,34.35228],[-118.51622,34.352],[-118.51587,34.35131],[-118.51537,34.35031],[-118.51511,34.34979],[-118.51479,34.34914],[-118.5146,34.34877],[-118.51488,34.34888],[-118.51839,34.35026],[-118.51846,34.35028],[-118.51897,34.35048],[-118.51973,34.35078],[-118.51973,34.35048],[-118.51975,34.34889],[-118.51975,34.34762],[-118.51975,34.34714],[-118.51977,34.34539],[-118.51977,34.34419],[-118.51979,34.34224],[-118.51979,34.34176],[-118.51979,34.34149],[-118.5198,34.34023],[-118.5198,34.33939],[-118.51981,34.33845],[-118.51982,34.33815],[-118.51782,34.33815],[-118.51677,34.33815],[-118.5154,34.33814],[-118.51331,34.33714],[-118.51319,34.33708],[-118.51297,34.33697],[-118.5128,34.33687],[-118.51269,34.33679],[-118.51246,34.33667],[-118.5122,34.33658],[-118.512,34.3365],[-118.51189,34.33648],[-118.51172,34.33644],[-118.51077,34.3361],[-118.51047,34.33601],[-118.51037,34.33599],[-118.5102,34.33596],[-118.51011,34.33595],[-118.51003,34.33594],[-118.50996,34.33594],[-118.50984,34.33596],[-118.50979,34.33594],[-118.50957,34.33584],[-118.50931,34.33577],[-118.5088,34.33559],[-118.5088,34.33558],[-118.50879,34.33558],[-118.50786,34.33562],[-118.50669,34.33567],[-118.50662,34.3352],[-118.50716,34.3348],[-118.5072,34.33477],[-118.50722,34.33475],[-118.50725,34.33472],[-118.50734,34.33465],[-118.50735,34.33465],[-118.50735,34.33465],[-118.50736,34.33464],[-118.50746,34.33456],[-118.50748,34.33455],[-118.50754,34.33451],[-118.50754,34.33451],[-118.50758,34.33447],[-118.50759,34.33447],[-118.50766,34.33442],[-118.50771,34.33438],[-118.50772,34.33437],[-118.50778,34.33433],[-118.50783,34.33429],[-118.50783,34.33429],[-118.50826,34.33396],[-118.50834,34.3339],[-118.50834,34.3339],[-118.50834,34.3339],[-118.50834,34.3339],[-118.50835,34.33389],[-118.51133,34.33165],[-118.5121,34.33107],[-118.51225,34.33096],[-118.51548,34.32852],[-118.51614,34.32802],[-118.51706,34.32732],[-118.51915,34.32575],[-118.51984,34.32523],[-118.51992,34.32517],[-118.52158,34.32392],[-118.52188,34.32369],[-118.52202,34.32369],[-118.52421,34.32369],[-118.52871,34.32368],[-118.53311,34.32367],[-118.53751,34.32366],[-118.54523,34.32374],[-118.54609,34.32375],[-118.5462,34.32375],[-118.54634,34.32375],[-118.54932,34.32378],[-118.54947,34.32378],[-118.54954,34.32378],[-118.55055,34.32379],[-118.55492,34.32383],[-118.55944,34.32387],[-118.56381,34.32391],[-118.56395,34.32391],[-118.56508,34.32392],[-118.56508,34.32392],[-118.56508,34.32392],[-118.56766,34.32395],[-118.57204,34.32399],[-118.5755,34.32398],[-118.57562,34.32398],[-118.57579,34.32398],[-118.57649,34.32398],[-118.57995,34.32397],[-118.58094,34.32396],[-118.58524,34.32397],[-118.58953,34.32397],[-118.59807,34.32394],[-118.60234,34.32393],[-118.60433,34.32392],[-118.60513,34.32392],[-118.60571,34.32392],[-118.60592,34.32392],[-118.60632,34.32392],[-118.60629,34.32147],[-118.60629,34.3214],[-118.61057,34.32135],[-118.61485,34.32129],[-118.62019,34.32122],[-118.6234,34.32118]]]}},{"type":"Feature","properties":{"seat":"william-s-hart-union-high-school-district-trustee-area-3","label":"Trustee Area 3","county":"TA3","role":"seat"},"geometry":{"type":"Polygon","coordinates":[[[-118.50453,34.345],[-118.50458,34.34486],[-118.50562,34.3452],[-118.50594,34.34533],[-118.50608,34.34539],[-118.50613,34.3454],[-118.50619,34.34543],[-118.50621,34.34544],[-118.50623,34.34544],[-118.50964,34.3468],[-118.50964,34.3468],[-118.50981,34.34686],[-118.51022,34.34703],[-118.51022,34.34703],[-118.51173,34.34762],[-118.51212,34.34778],[-118.51213,34.34778],[-118.51265,34.34799],[-118.51285,34.34807],[-118.51419,34.3486],[-118.51421,34.3486],[-118.51427,34.34863],[-118.51441,34.34869],[-118.5146,34.34875],[-118.5146,34.34877],[-118.51479,34.34914],[-118.51511,34.34979],[-118.51537,34.35031],[-118.51587,34.35131],[-118.51622,34.352],[-118.51635,34.35228],[-118.51636,34.3523],[-118.51654,34.35266],[-118.51657,34.35272],[-118.51681,34.3532],[-118.5171,34.35377],[-118.51721,34.35399],[-118.51735,34.35431],[-118.51754,34.35483],[-118.51755,34.35482],[-118.51756,34.35482],[-118.5176,34.35481],[-118.51767,34.35506],[-118.51779,34.35545],[-118.51782,34.35556],[-118.51785,34.35566],[-118.5179,34.3558],[-118.51797,34.35596],[-118.51808,34.3562],[-118.51813,34.35631],[-118.51825,34.3565],[-118.51832,34.35661],[-118.5185,34.35684],[-118.5186,34.35697],[-118.51873,34.35711],[-118.51891,34.3573],[-118.52002,34.35846],[-118.52027,34.35872],[-118.52184,34.36038],[-118.52189,34.36043],[-118.52211,34.36066],[-118.52234,34.36089],[-118.5225,34.36107],[-118.52268,34.36126],[-118.52275,34.36133],[-118.52282,34.36141],[-118.52304,34.36166],[-118.52322,34.3619],[-118.52335,34.36211],[-118.52351,34.36244],[-118.52357,34.36258],[-118.52362,34.36272],[-118.52364,34.36278],[-118.52364,34.36278],[-118.52369,34.36296],[-118.52371,34.36306],[-118.52372,34.36309],[-118.52373,34.36316],[-118.52373,34.36318],[-118.52375,34.36329],[-118.52376,34.36338],[-118.52377,34.36347],[-118.52377,34.36351],[-118.52377,34.36356],[-118.52378,34.3636],[-118.52378,34.36363],[-118.52378,34.36364],[-118.52378,34.36364],[-118.52378,34.36364],[-118.52378,34.36365],[-118.52378,34.36365],[-118.52378,34.36365],[-118.52378,34.36366],[-118.52378,34.36366],[-118.52378,34.36366],[-118.52378,34.36367],[-118.52378,34.36367],[-118.52378,34.36377],[-118.52378,34.36377],[-118.52378,34.36378],[-118.52378,34.36379],[-118.52377,34.36392],[-118.52377,34.36393],[-118.52377,34.36395],[-118.52376,34.36401],[-118.52376,34.36401],[-118.52376,34.36401],[-118.52375,34.36411],[-118.52374,34.36419],[-118.52374,34.3642],[-118.52374,34.3642],[-118.52374,34.36422],[-118.52372,34.36432],[-118.52369,34.36449],[-118.52366,34.36464],[-118.52362,34.36484],[-118.52361,34.36491],[-118.52356,34.36517],[-118.52352,34.36538],[-118.52346,34.36571],[-118.52346,34.36574],[-118.52339,34.36608],[-118.52335,34.36629],[-118.52332,34.36646],[-118.52332,34.36649],[-118.52327,34.36671],[-118.52327,34.36676],[-118.52319,34.36717],[-118.52317,34.36728],[-118.52314,34.36746],[-118.52304,34.36799],[-118.523,34.3682],[-118.52296,34.36843],[-118.52285,34.369],[-118.52281,34.36924],[-118.52278,34.36938],[-118.5227,34.36981],[-118.52263,34.37019],[-118.52258,34.37048],[-118.52248,34.37097],[-118.52244,34.3712],[-118.52244,34.37123],[-118.52242,34.37133],[-118.52239,34.37148],[-118.52234,34.37175],[-118.5223,34.372],[-118.52229,34.37209],[-118.52227,34.37231],[-118.52226,34.37249],[-118.52227,34.37264],[-118.52229,34.37283],[-118.52233,34.37305],[-118.52234,34.37313],[-118.52237,34.37322],[-118.52239,34.3733],[-118.52242,34.37337],[-118.52242,34.37337],[-118.52242,34.37338],[-118.52242,34.37338],[-118.52242,34.37338],[-118.52242,34.37339],[-118.52243,34.3734],[-118.52243,34.37342],[-118.52244,34.37345],[-118.52245,34.37347],[-118.52246,34.37348],[-118.52246,34.37349],[-118.52246,34.37349],[-118.52248,34.37354],[-118.52248,34.37354],[-118.52251,34.3736],[-118.52255,34.3737],[-118.52259,34.37379],[-118.52266,34.37391],[-118.52275,34.37403],[-118.52281,34.37413],[-118.52284,34.37416],[-118.52303,34.37441],[-118.52326,34.37469],[-118.52337,34.37483],[-118.52359,34.37512],[-118.52369,34.37524],[-118.52382,34.3754],[-118.52395,34.37545],[-118.52404,34.37549],[-118.52412,34.37552],[-118.52434,34.37561],[-118.52431,34.37556],[-118.5249,34.37583],[-118.52522,34.37596],[-118.52524,34.37597],[-118.5254,34.37603],[-118.52547,34.37606],[-118.52554,34.37609],[-118.52566,34.37614],[-118.52572,34.37617],[-118.52581,34.37622],[-118.52589,34.37627],[-118.52598,34.37634],[-118.52603,34.37638],[-118.52608,34.37643],[-118.52633,34.37669],[-118.52633,34.37669],[-118.52643,34.37662],[-118.52646,34.37661],[-118.52649,34.3766],[-118.52658,34.37659],[-118.52665,34.37659],[-118.52673,34.3766],[-118.52679,34.37662],[-118.5269,34.37667],[-118.52695,34.3767],[-118.52708,34.37677],[-118.5272,34.37683],[-118.52733,34.37688],[-118.52778,34.37707],[-118.52782,34.37708],[-118.52788,34.37711],[-118.5281,34.3772],[-118.52822,34.37725],[-118.52858,34.37741],[-118.52898,34.37758],[-118.52904,34.37761],[-118.52942,34.37777],[-118.52967,34.37788],[-118.52991,34.37797],[-118.53006,34.37803],[-118.53036,34.37816],[-118.53053,34.37823],[-118.5306,34.37826],[-118.53098,34.37843],[-118.53102,34.37844],[-118.53134,34.37858],[-118.53147,34.37863],[-118.53154,34.37866],[-118.53171,34.37873],[-118.53181,34.37878],[-118.53191,34.37883],[-118.53197,34.37887],[-118.53202,34.37891],[-118.5321,34.37899],[-118.53214,34.37904],[-118.53217,34.37908],[-118.5322,34.37911],[-118.53233,34.3793],[-118.53249,34.37951],[-118.53257,34.37962],[-118.53288,34.38003],[-118.53304,34.38026],[-118.53337,34.38072],[-118.53345,34.38083],[-118.53366,34.38112],[-118.53391,34.38144],[-118.53439,34.38207],[-118.53459,34.38231],[-118.53466,34.3824],[-118.53474,34.38249],[-118.53486,34.38264],[-118.53516,34.38301],[-118.53541,34.38332],[-118.53548,34.38339],[-118.53566,34.3836],[-118.53577,34.38373],[-118.53589,34.38388],[-118.53588,34.38388],[-118.53561,34.38402],[-118.53493,34.38439],[-118.53464,34.38455],[-118.534,34.38489],[-118.53397,34.38491],[-118.53383,34.38498],[-118.53309,34.38536],[-118.53305,34.38538],[-118.53289,34.38547],[-118.53231,34.38578],[-118.53218,34.38585],[-118.53214,34.38588],[-118.53278,34.38672],[-118.53295,34.38694],[-118.53315,34.38719],[-118.534,34.38829],[-118.534,34.3883],[-118.53442,34.38883],[-118.53606,34.39099],[-118.53646,34.39151],[-118.53659,34.39168],[-118.53675,34.39188],[-118.53704,34.39225],[-118.53711,34.39233],[-118.53741,34.39272],[-118.53762,34.393],[-118.53767,34.39306],[-118.53795,34.39344],[-118.53801,34.39353],[-118.53818,34.39374],[-118.53824,34.39382],[-118.5383,34.3939],[-118.53845,34.39409],[-118.53853,34.3942],[-118.53862,34.39433],[-118.53871,34.39448],[-118.53877,34.3946],[-118.53882,34.39473],[-118.53884,34.39479],[-118.5389,34.39497],[-118.53891,34.39501],[-118.53893,34.3951],[-118.53894,34.39516],[-118.53896,34.39528],[-118.53897,34.39528],[-118.53899,34.39528],[-118.539,34.39528],[-118.539,34.39531],[-118.53901,34.39535],[-118.53903,34.39553],[-118.53904,34.3958],[-118.53902,34.39602],[-118.53897,34.39624],[-118.53891,34.39651],[-118.53879,34.3968],[-118.53871,34.39697],[-118.53869,34.39703],[-118.53859,34.39725],[-118.53853,34.39742],[-118.53841,34.39773],[-118.53836,34.39791],[-118.53832,34.39807],[-118.53831,34.39821],[-118.53828,34.3984],[-118.53829,34.3987],[-118.53833,34.39904],[-118.53837,34.39925],[-118.53841,34.39941],[-118.53853,34.40002],[-118.53862,34.40049],[-118.53863,34.40055],[-118.53885,34.40172],[-118.5389,34.40198],[-118.53899,34.40253],[-118.53902,34.40271],[-118.53921,34.40381],[-118.53931,34.40446],[-118.53983,34.4073],[-118.53992,34.4078],[-118.54013,34.40894],[-118.5401,34.40894],[-118.54015,34.40916],[-118.54015,34.40917],[-118.54018,34.40917],[-118.54059,34.41136],[-118.5406,34.41143],[-118.54099,34.41358],[-118.54104,34.41385],[-118.54114,34.41433],[-118.54117,34.41451],[-118.54125,34.41489],[-118.54133,34.41529],[-118.54133,34.4153],[-118.54134,34.41534],[-118.54141,34.41564],[-118.54145,34.41582],[-118.54147,34.41594],[-118.54147,34.41595],[-118.54151,34.41619],[-118.54154,34.41639],[-118.54159,34.41664],[-118.54161,34.41683],[-118.54164,34.41695],[-118.54168,34.41718],[-118.54169,34.41723],[-118.54172,34.41734],[-118.54191,34.41827],[-118.542,34.41872],[-118.54202,34.41883],[-118.54206,34.41907],[-118.54206,34.41908],[-118.54208,34.4192],[-118.54209,34.41932],[-118.54209,34.41936],[-118.54209,34.4194],[-118.5421,34.41955],[-118.5421,34.41965],[-118.5421,34.41969],[-118.54209,34.41984],[-118.54207,34.42013],[-118.54207,34.42017],[-118.54206,34.42024],[-118.54204,34.42035],[-118.54199,34.42057],[-118.54188,34.42099],[-118.54182,34.42116],[-118.54169,34.42146],[-118.54153,34.42183],[-118.54144,34.42202],[-118.54139,34.42212],[-118.54131,34.42225],[-118.54123,34.42237],[-118.54115,34.42248],[-118.54102,34.42266],[-118.54097,34.42273],[-118.54078,34.423],[-118.54071,34.42308],[-118.54065,34.42316],[-118.54051,34.42331],[-118.54043,34.42338],[-118.54035,34.42346],[-118.54033,34.42348],[-118.54033,34.42348],[-118.54032,34.42349],[-118.54015,34.42368],[-118.53992,34.42393],[-118.5396,34.42429],[-118.53929,34.42464],[-118.53917,34.42476],[-118.53898,34.42499],[-118.53866,34.42535],[-118.53833,34.42574],[-118.53783,34.42637],[-118.53767,34.42657],[-118.53723,34.42711],[-118.53714,34.42722],[-118.5345,34.42587],[-118.53379,34.42562],[-118.53242,34.42532],[-118.53139,34.42521],[-118.52926,34.42501],[-118.52813,34.4249],[-118.52691,34.42477],[-118.52646,34.42475],[-118.52603,34.42477],[-118.52545,34.4248],[-118.525,34.42484],[-118.52386,34.42494],[-118.52275,34.42505],[-118.52158,34.42517],[-118.52151,34.42517],[-118.52032,34.42529],[-118.51943,34.42538],[-118.51935,34.42539],[-118.51713,34.42575],[-118.51586,34.4261],[-118.5135,34.42676],[-118.5135,34.42676],[-118.51236,34.42707],[-118.51224,34.4271],[-118.5117,34.42724],[-118.51127,34.42732],[-118.51122,34.42733],[-118.51084,34.4274],[-118.51049,34.42743],[-118.50975,34.42745],[-118.50886,34.42737],[-118.50841,34.42729],[-118.50805,34.42721],[-118.5075,34.42704],[-118.50717,34.42692],[-118.50715,34.4269],[-118.50713,34.4269],[-118.50649,34.42661],[-118.50607,34.42634],[-118.50581,34.42615],[-118.50578,34.42613],[-118.50569,34.42606],[-118.50518,34.42564],[-118.50487,34.42534],[-118.5046,34.42502],[-118.50437,34.42467],[-118.50409,34.42434],[-118.50402,34.42405],[-118.504,34.42389],[-118.50397,34.42364],[-118.50392,34.42347],[-118.50361,34.42347],[-118.50324,34.42347],[-118.50319,34.42347],[-118.50318,34.42347],[-118.50262,34.42347],[-118.50258,34.42347],[-118.50254,34.42347],[-118.50254,34.42332],[-118.50254,34.42094],[-118.50254,34.42068],[-118.50254,34.42067],[-118.50254,34.42038],[-118.50254,34.42023],[-118.50234,34.42026],[-118.50076,34.42046],[-118.50063,34.42047],[-118.50053,34.42049],[-118.50002,34.42055],[-118.49972,34.42059],[-118.49953,34.42061],[-118.49921,34.42065],[-118.49848,34.42074],[-118.49611,34.42104],[-118.49407,34.4213],[-118.49224,34.42153],[-118.49187,34.42157],[-118.49176,34.42158],[-118.49145,34.42162],[-118.49127,34.42163],[-118.49108,34.42165],[-118.49065,34.42168],[-118.49039,34.42168],[-118.49026,34.42169],[-118.49015,34.42169],[-118.48992,34.42169],[-118.48974,34.42168],[-118.48955,34.42167],[-118.48949,34.42167],[-118.48915,34.42166],[-118.48878,34.42164],[-118.48862,34.42163],[-118.48831,34.42161],[-118.48778,34.42154],[-118.48758,34.42151],[-118.48748,34.4215],[-118.48736,34.42148],[-118.48728,34.42146],[-118.48706,34.42139],[-118.48652,34.42126],[-118.48502,34.42074],[-118.48472,34.42064],[-118.48442,34.42054],[-118.4841,34.42041],[-118.48395,34.42034],[-118.4838,34.42027],[-118.48367,34.4202],[-118.48353,34.42013],[-118.4834,34.42005],[-118.48327,34.41996],[-118.48322,34.41992],[-118.48296,34.41973],[-118.4828,34.4196],[-118.48266,34.41949],[-118.48255,34.41938],[-118.48251,34.41933],[-118.48246,34.41929],[-118.48241,34.41921],[-118.48235,34.41912],[-118.48226,34.41901],[-118.48216,34.41886],[-118.48205,34.41872],[-118.48195,34.41859],[-118.48187,34.41847],[-118.4818,34.41837],[-118.48159,34.418],[-118.48138,34.41769],[-118.48128,34.41755],[-118.48119,34.41744],[-118.48111,34.41736],[-118.48103,34.41729],[-118.48093,34.41719],[-118.48081,34.41708],[-118.48056,34.41685],[-118.48043,34.41675],[-118.48031,34.41666],[-118.48029,34.41664],[-118.48018,34.41658],[-118.48004,34.41648],[-118.48002,34.41648],[-118.47988,34.41639],[-118.47971,34.4163],[-118.47955,34.41622],[-118.47941,34.41615],[-118.47928,34.4161],[-118.47919,34.41608],[-118.47907,34.41605],[-118.4789,34.41601],[-118.47876,34.41597],[-118.4787,34.41595],[-118.47825,34.41582],[-118.47809,34.41579],[-118.4779,34.41576],[-118.47773,34.41574],[-118.47755,34.41572],[-118.47737,34.41572],[-118.4773,34.41572],[-118.47728,34.41571],[-118.47705,34.41572],[-118.47689,34.41572],[-118.47678,34.41572],[-118.47652,34.41572],[-118.4765,34.41572],[-118.47634,34.41572],[-118.47561,34.4157],[-118.47544,34.41569],[-118.47217,34.4157],[-118.47217,34.41649],[-118.47217,34.41664],[-118.47218,34.4184],[-118.47219,34.42087],[-118.47219,34.42176],[-118.4722,34.42236],[-118.4722,34.42273],[-118.47219,34.42294],[-118.47219,34.42295],[-118.47218,34.42313],[-118.47216,34.42329],[-118.47213,34.4234],[-118.4721,34.42349],[-118.47208,34.42355],[-118.47207,34.42358],[-118.47203,34.42373],[-118.47199,34.42384],[-118.47195,34.42398],[-118.47186,34.42418],[-118.47181,34.42427],[-118.47171,34.42446],[-118.47151,34.42475],[-118.47145,34.42484],[-118.47141,34.42488],[-118.47132,34.42499],[-118.47114,34.4252],[-118.47103,34.42532],[-118.47092,34.42544],[-118.47084,34.42552],[-118.47076,34.42559],[-118.47074,34.4256],[-118.47068,34.42566],[-118.4706,34.42572],[-118.47051,34.42579],[-118.47041,34.42585],[-118.47026,34.42595],[-118.47021,34.42598],[-118.47012,34.42604],[-118.46975,34.42624],[-118.46951,34.42637],[-118.46916,34.42655],[-118.46891,34.42669],[-118.46875,34.42679],[-118.4687,34.42683],[-118.46858,34.42693],[-118.46843,34.42705],[-118.46835,34.42713],[-118.46832,34.42716],[-118.46831,34.42717],[-118.46829,34.4272],[-118.46827,34.42721],[-118.4682,34.42729],[-118.46815,34.42737],[-118.46811,34.42745],[-118.46806,34.42753],[-118.46799,34.42767],[-118.46798,34.42769],[-118.46796,34.42775],[-118.46775,34.42768],[-118.46763,34.42765],[-118.46762,34.42765],[-118.46755,34.42763],[-118.46751,34.42763],[-118.46741,34.42761],[-118.46736,34.42761],[-118.46729,34.4276],[-118.46718,34.42759],[-118.46708,34.42758],[-118.46698,34.42757],[-118.46662,34.42758],[-118.46635,34.42757],[-118.46599,34.42757],[-118.46299,34.42758],[-118.46299,34.42718],[-118.46299,34.4268],[-118.45879,34.42681],[-118.45873,34.42681],[-118.45873,34.42679],[-118.45865,34.42674],[-118.45837,34.42656],[-118.45812,34.42636],[-118.45782,34.42626],[-118.45767,34.42595],[-118.45743,34.42556],[-118.45712,34.42522],[-118.45697,34.42506],[-118.45685,34.42495],[-118.45675,34.42465],[-118.45671,34.42438],[-118.45685,34.42407],[-118.45697,34.42362],[-118.45698,34.42359],[-118.45732,34.42359],[-118.45798,34.42359],[-118.45798,34.42294],[-118.4582,34.42276],[-118.45824,34.42273],[-118.45824,34.42273],[-118.4577,34.42269],[-118.45742,34.42243],[-118.45709,34.42258],[-118.45709,34.42258],[-118.45711,34.42236],[-118.45713,34.42219],[-118.45712,34.42173],[-118.45743,34.42172],[-118.45746,34.42165],[-118.45758,34.42155],[-118.45761,34.42149],[-118.45771,34.42134],[-118.45793,34.42108],[-118.45809,34.42094],[-118.45811,34.42093],[-118.45825,34.42086],[-118.45825,34.42086],[-118.45826,34.42081],[-118.45834,34.42055],[-118.45836,34.42049],[-118.45843,34.42034],[-118.45846,34.4203],[-118.45847,34.42028],[-118.45849,34.42024],[-118.45851,34.42021],[-118.45854,34.42018],[-118.45858,34.42015],[-118.45861,34.42012],[-118.45866,34.42009],[-118.4587,34.42006],[-118.45875,34.42004],[-118.4588,34.42001],[-118.45894,34.41996],[-118.45906,34.41991],[-118.4592,34.41986],[-118.45923,34.41985],[-118.45947,34.41977],[-118.45952,34.41975],[-118.45969,34.41969],[-118.45971,34.41968],[-118.45981,34.41964],[-118.45993,34.41959],[-118.46014,34.41951],[-118.46018,34.41949],[-118.46024,34.41947],[-118.46028,34.41945],[-118.46033,34.41943],[-118.46042,34.41939],[-118.46046,34.41936],[-118.46049,34.41934],[-118.46052,34.41931],[-118.46056,34.41928],[-118.4606,34.41924],[-118.46073,34.41905],[-118.46076,34.41901],[-118.46077,34.41895],[-118.46078,34.41889],[-118.46078,34.41882],[-118.46077,34.41875],[-118.46076,34.41867],[-118.46073,34.4186],[-118.46071,34.41853],[-118.46069,34.41849],[-118.46067,34.41847],[-118.46064,34.41841],[-118.4606,34.41838],[-118.46059,34.41836],[-118.46056,34.41835],[-118.46046,34.41827],[-118.46039,34.41823],[-118.46033,34.4182],[-118.46025,34.41817],[-118.46016,34.41815],[-118.45994,34.4181],[-118.45982,34.41808],[-118.45971,34.41805],[-118.45962,34.41802],[-118.45952,34.41799],[-118.45944,34.41796],[-118.45937,34.41792],[-118.45923,34.41784],[-118.45911,34.41775],[-118.45901,34.41768],[-118.45896,34.41764],[-118.45891,34.41759],[-118.45887,34.41754],[-118.45882,34.41749],[-118.45879,34.41743],[-118.45875,34.41737],[-118.45873,34.4173],[-118.45868,34.41719],[-118.45867,34.41714],[-118.45866,34.41708],[-118.45866,34.41699],[-118.45868,34.4167],[-118.45868,34.41664],[-118.45868,34.4166],[-118.45868,34.4165],[-118.45867,34.41619],[-118.45867,34.41612],[-118.45867,34.41604],[-118.45859,34.41604],[-118.45847,34.41605],[-118.45845,34.41605],[-118.45836,34.41605],[-118.45833,34.41606],[-118.45825,34.41607],[-118.45795,34.41612],[-118.45768,34.41617],[-118.45764,34.41618],[-118.45752,34.41621],[-118.45737,34.41625],[-118.45709,34.41633],[-118.45694,34.41637],[-118.4568,34.4164],[-118.45667,34.41642],[-118.4564,34.41646],[-118.45628,34.41647],[-118.45595,34.41649],[-118.4559,34.41649],[-118.45557,34.41649],[-118.45516,34.41649],[-118.45428,34.41646],[-118.45398,34.41645],[-118.45397,34.41645],[-118.45385,34.41646],[-118.45375,34.41646],[-118.4532,34.41646],[-118.45274,34.41646],[-118.45244,34.41647],[-118.4522,34.41647],[-118.45216,34.41647],[-118.45179,34.41647],[-118.45101,34.41648],[-118.45083,34.41648],[-118.45043,34.41648],[-118.4503,34.41648],[-118.45012,34.41648],[-118.44994,34.41647],[-118.44987,34.41647],[-118.4491,34.41645],[-118.44894,34.41645],[-118.4481,34.41645],[-118.44774,34.41645],[-118.44765,34.41645],[-118.44746,34.41645],[-118.44611,34.41645],[-118.4459,34.41645],[-118.44568,34.41646],[-118.44551,34.41647],[-118.44546,34.41648],[-118.44504,34.41648],[-118.44504,34.41651],[-118.44492,34.41653],[-118.44467,34.41657],[-118.44429,34.41664],[-118.44419,34.41666],[-118.44393,34.41672],[-118.44367,34.41678],[-118.44363,34.41679],[-118.44344,34.41684],[-118.44323,34.41689],[-118.44291,34.41698],[-118.44272,34.41703],[-118.44253,34.41709],[-118.44233,34.41715],[-118.44215,34.41721],[-118.44201,34.41726],[-118.44191,34.4173],[-118.44186,34.41733],[-118.44155,34.41747],[-118.44148,34.4175],[-118.44121,34.41764],[-118.44103,34.41773],[-118.44096,34.41776],[-118.44086,34.41782],[-118.44071,34.4179],[-118.44066,34.41793],[-118.44059,34.41798],[-118.44036,34.41814],[-118.44023,34.41823],[-118.43998,34.41841],[-118.43985,34.41851],[-118.43983,34.41853],[-118.43926,34.41899],[-118.43914,34.41908],[-118.4389,34.41926],[-118.43878,34.41933],[-118.43867,34.4194],[-118.43842,34.41953],[-118.43828,34.41959],[-118.43815,34.41965],[-118.43803,34.4197],[-118.4379,34.41974],[-118.43773,34.41979],[-118.43739,34.41928],[-118.43738,34.41927],[-118.43723,34.41905],[-118.43712,34.41888],[-118.43727,34.41881],[-118.43882,34.41809],[-118.43958,34.41773],[-118.4403,34.41738],[-118.441,34.41702],[-118.44124,34.4169],[-118.44164,34.41668],[-118.4417,34.41664],[-118.4418,34.41659],[-118.44191,34.41652],[-118.44194,34.41651],[-118.44198,34.41648],[-118.44209,34.41641],[-118.44226,34.41629],[-118.44236,34.41622],[-118.44257,34.41608],[-118.44275,34.41595],[-118.4429,34.41582],[-118.44318,34.41558],[-118.44331,34.41546],[-118.44344,34.41534],[-118.44373,34.41504],[-118.44391,34.41486],[-118.44403,34.41473],[-118.44408,34.41467],[-118.44412,34.41462],[-118.4442,34.41452],[-118.44427,34.41443],[-118.44435,34.41432],[-118.44436,34.41431],[-118.44437,34.4143],[-118.4445,34.41411],[-118.44462,34.41393],[-118.44473,34.41375],[-118.4448,34.41363],[-118.44485,34.41354],[-118.44493,34.4134],[-118.44504,34.4132],[-118.4451,34.41308],[-118.44517,34.41295],[-118.44531,34.41265],[-118.44539,34.41244],[-118.44557,34.41188],[-118.4457,34.41151],[-118.44582,34.41115],[-118.44597,34.41074],[-118.44611,34.41035],[-118.44613,34.41028],[-118.44613,34.41028],[-118.44623,34.41027],[-118.44624,34.41027],[-118.4465,34.41025],[-118.44683,34.41023],[-118.44679,34.41013],[-118.44677,34.41009],[-118.44677,34.41009],[-118.44675,34.41005],[-118.44674,34.41001],[-118.44674,34.41001],[-118.44667,34.40986],[-118.44665,34.40981],[-118.44662,34.40976],[-118.44663,34.40924],[-118.44646,34.40925],[-118.44658,34.40891],[-118.44661,34.40884],[-118.44675,34.40853],[-118.44689,34.40823],[-118.44696,34.4081],[-118.44703,34.40798],[-118.44718,34.40772],[-118.44727,34.40757],[-118.44736,34.40744],[-118.44753,34.40721],[-118.44762,34.4071],[-118.44778,34.4069],[-118.44795,34.4067],[-118.44801,34.40664],[-118.44807,34.40658],[-118.44828,34.40636],[-118.44838,34.40626],[-118.44856,34.4061],[-118.44874,34.40596],[-118.44903,34.40574],[-118.44926,34.40558],[-118.44944,34.40546],[-118.44961,34.40535],[-118.44991,34.40517],[-118.44993,34.40516],[-118.45009,34.40507],[-118.45039,34.40489],[-118.45101,34.40454],[-118.45148,34.40427],[-118.45191,34.40404],[-118.45237,34.40378],[-118.45279,34.40355],[-118.45454,34.40261],[-118.45479,34.40247],[-118.45477,34.40246],[-118.45463,34.40235],[-118.45453,34.40227],[-118.45445,34.40221],[-118.45441,34.40218],[-118.45415,34.40197],[-118.45411,34.40193],[-118.45408,34.4019],[-118.45406,34.40189],[-118.45399,34.40184],[-118.45392,34.40178],[-118.45385,34.40173],[-118.45379,34.40167],[-118.45372,34.40162],[-118.45365,34.40156],[-118.45359,34.40151],[-118.45353,34.40145],[-118.45346,34.40139],[-118.4534,34.40133],[-118.45334,34.40127],[-118.45328,34.40121],[-118.45322,34.40115],[-118.45316,34.40109],[-118.45313,34.40105],[-118.45311,34.40103],[-118.45306,34.40096],[-118.45301,34.40091],[-118.45297,34.40085],[-118.45293,34.40079],[-118.4529,34.40074],[-118.45286,34.40068],[-118.45282,34.40063],[-118.45279,34.40057],[-118.45275,34.40051],[-118.45272,34.40045],[-118.45269,34.40039],[-118.45266,34.40033],[-118.45263,34.40027],[-118.4526,34.40021],[-118.45257,34.40015],[-118.45255,34.40008],[-118.45252,34.40002],[-118.4525,34.39995],[-118.45247,34.39988],[-118.45245,34.39981],[-118.45242,34.39974],[-118.4524,34.39967],[-118.45238,34.3996],[-118.45237,34.39952],[-118.45235,34.39945],[-118.45234,34.39938],[-118.45232,34.39931],[-118.45231,34.39924],[-118.4523,34.39917],[-118.4523,34.39909],[-118.45229,34.39902],[-118.45228,34.39894],[-118.45228,34.39887],[-118.45228,34.3988],[-118.45228,34.39872],[-118.45228,34.39865],[-118.45228,34.39858],[-118.45229,34.3985],[-118.45229,34.39843],[-118.4523,34.39836],[-118.45231,34.39829],[-118.45232,34.39822],[-118.45233,34.39814],[-118.45235,34.39807],[-118.45236,34.398],[-118.45238,34.39792],[-118.4524,34.39785],[-118.45242,34.39778],[-118.45244,34.39771],[-118.45251,34.39754],[-118.45278,34.39664],[-118.4528,34.39657],[-118.45282,34.3965],[-118.45283,34.39646],[-118.45285,34.39646],[-118.45304,34.39601],[-118.45311,34.39586],[-118.45294,34.39568],[-118.45294,34.39564],[-118.45294,34.39556],[-118.45294,34.39549],[-118.45291,34.3947],[-118.45104,34.39472],[-118.45103,34.39471],[-118.45092,34.39461],[-118.45081,34.39447],[-118.45076,34.39443],[-118.45058,34.39435],[-118.45023,34.39428],[-118.45002,34.39423],[-118.44984,34.39423],[-118.44982,34.39424],[-118.44982,34.39424],[-118.44969,34.39425],[-118.44958,34.39426],[-118.44951,34.39429],[-118.44938,34.39433],[-118.44928,34.39432],[-118.44919,34.39427],[-118.44905,34.39414],[-118.44892,34.39413],[-118.4488,34.39415],[-118.44871,34.39413],[-118.44861,34.39408],[-118.4484,34.39393],[-118.44833,34.39391],[-118.44828,34.39388],[-118.44824,34.39386],[-118.44816,34.39383],[-118.4481,34.3938],[-118.44804,34.39374],[-118.44799,34.39368],[-118.44794,34.39359],[-118.4479,34.3935],[-118.44787,34.39347],[-118.44783,34.39344],[-118.44777,34.39342],[-118.4477,34.39341],[-118.44761,34.39338],[-118.4475,34.39335],[-118.44743,34.39332],[-118.44736,34.39327],[-118.44734,34.39323],[-118.44736,34.39319],[-118.44741,34.39315],[-118.44748,34.39312],[-118.44767,34.39309],[-118.44777,34.39307],[-118.44789,34.39306],[-118.44802,34.39303],[-118.44809,34.39302],[-118.44814,34.39305],[-118.44821,34.39311],[-118.44829,34.39319],[-118.44837,34.39323],[-118.44848,34.39323],[-118.44858,34.39321],[-118.44875,34.39315],[-118.4488,34.39316],[-118.44885,34.3932],[-118.44915,34.39339],[-118.44921,34.39339],[-118.44945,34.3934],[-118.44959,34.39341],[-118.44968,34.39341],[-118.44973,34.3934],[-118.44974,34.3934],[-118.44974,34.3934],[-118.44975,34.39338],[-118.44975,34.39333],[-118.44972,34.39313],[-118.44973,34.39308],[-118.44976,34.39304],[-118.44981,34.39303],[-118.44988,34.39303],[-118.44996,34.39303],[-118.45004,34.39305],[-118.45029,34.39313],[-118.45039,34.39314],[-118.45047,34.39314],[-118.45056,34.39313],[-118.45067,34.3931],[-118.45074,34.39309],[-118.45081,34.3931],[-118.45093,34.39313],[-118.45099,34.39312],[-118.45104,34.39311],[-118.45109,34.39307],[-118.4511,34.39304],[-118.4511,34.39299],[-118.45108,34.39297],[-118.45103,34.39294],[-118.4509,34.39289],[-118.4506,34.3928],[-118.45014,34.39273],[-118.45008,34.3927],[-118.44991,34.39263],[-118.4498,34.39257],[-118.44973,34.39256],[-118.44965,34.39255],[-118.44965,34.39255],[-118.4496,34.39255],[-118.44949,34.39253],[-118.44944,34.3925],[-118.44942,34.39243],[-118.44936,34.39236],[-118.44929,34.39231],[-118.44913,34.39224],[-118.449,34.39221],[-118.44884,34.39221],[-118.44868,34.39222],[-118.44856,34.3922],[-118.44849,34.39217],[-118.44841,34.3921],[-118.44822,34.39197],[-118.44814,34.39192],[-118.44799,34.39182],[-118.44782,34.39174],[-118.44753,34.39158],[-118.44741,34.39151],[-118.44737,34.39144],[-118.44737,34.39135],[-118.44734,34.39125],[-118.44732,34.39123],[-118.44731,34.39122],[-118.44723,34.39112],[-118.44713,34.39104],[-118.447,34.39097],[-118.44684,34.3909],[-118.44675,34.39084],[-118.44662,34.39068],[-118.44653,34.39056],[-118.44642,34.39046],[-118.44635,34.39037],[-118.44626,34.39025],[-118.44618,34.39017],[-118.44602,34.39011],[-118.44586,34.3901],[-118.44563,34.39012],[-118.44548,34.39017],[-118.44541,34.39022],[-118.44534,34.39026],[-118.44522,34.39037],[-118.44514,34.39044],[-118.4451,34.39045],[-118.4451,34.39045],[-118.44506,34.39044],[-118.44492,34.39037],[-118.44475,34.3903],[-118.44462,34.39022],[-118.44455,34.39018],[-118.44452,34.3901],[-118.44451,34.38999],[-118.44445,34.38988],[-118.44427,34.38956],[-118.44421,34.38946],[-118.44412,34.38936],[-118.44387,34.38919],[-118.44364,34.38907],[-118.44339,34.38888],[-118.44309,34.38874],[-118.44303,34.38871],[-118.44279,34.38854],[-118.44264,34.38847],[-118.44244,34.38836],[-118.44232,34.38822],[-118.44226,34.38813],[-118.44223,34.38808],[-118.44218,34.38803],[-118.44218,34.38803],[-118.44211,34.38796],[-118.44195,34.3878],[-118.44187,34.38771],[-118.44182,34.38759],[-118.44175,34.38741],[-118.44168,34.38734],[-118.44138,34.38701],[-118.44122,34.38684],[-118.4412,34.38676],[-118.44118,34.38657],[-118.44112,34.38646],[-118.44101,34.38636],[-118.44082,34.38626],[-118.44058,34.38615],[-118.44044,34.38605],[-118.44033,34.38591],[-118.44025,34.38577],[-118.44025,34.38566],[-118.44027,34.38554],[-118.4403,34.3854],[-118.44032,34.38523],[-118.44032,34.38505],[-118.44067,34.38469],[-118.44079,34.3846],[-118.44098,34.3845],[-118.44104,34.38447],[-118.4413,34.38438],[-118.44128,34.38426],[-118.44129,34.38412],[-118.44131,34.38397],[-118.44138,34.38388],[-118.4414,34.38375],[-118.44124,34.38312],[-118.44117,34.38306],[-118.44106,34.38298],[-118.44099,34.38289],[-118.44098,34.38277],[-118.44099,34.38258],[-118.44098,34.38248],[-118.44097,34.38238],[-118.44091,34.38224],[-118.44077,34.38198],[-118.44062,34.38167],[-118.4405,34.3814],[-118.44043,34.38124],[-118.44039,34.38117],[-118.44034,34.38112],[-118.4402,34.38107],[-118.44007,34.38101],[-118.43998,34.38092],[-118.43992,34.38085],[-118.43982,34.38071],[-118.4397,34.38058],[-118.43943,34.38042],[-118.43922,34.38031],[-118.43914,34.38031],[-118.43896,34.38034],[-118.43873,34.38037],[-118.43844,34.38028],[-118.4384,34.38025],[-118.4383,34.38018],[-118.43819,34.38001],[-118.43814,34.37977],[-118.43816,34.37964],[-118.43818,34.37948],[-118.43815,34.3794],[-118.4381,34.37936],[-118.43804,34.37934],[-118.43796,34.37936],[-118.43781,34.37947],[-118.43755,34.37971],[-118.43748,34.37973],[-118.43742,34.37971],[-118.4374,34.37966],[-118.43739,34.37951],[-118.43741,34.37926],[-118.43745,34.37921],[-118.43747,34.37919],[-118.43744,34.37919],[-118.43743,34.37915],[-118.43743,34.37909],[-118.43745,34.37906],[-118.43748,34.37902],[-118.43754,34.37897],[-118.43758,34.37895],[-118.43761,34.37892],[-118.43762,34.37888],[-118.43759,34.37877],[-118.43753,34.37872],[-118.43752,34.37858],[-118.43743,34.37859],[-118.43734,34.37858],[-118.4369,34.37843],[-118.43666,34.37833],[-118.43626,34.37809],[-118.43614,34.37804],[-118.43604,34.37801],[-118.43592,34.37799],[-118.43584,34.37799],[-118.43567,34.37796],[-118.43554,34.37791],[-118.43544,34.37785],[-118.4353,34.37774],[-118.43512,34.37761],[-118.43491,34.37751],[-118.43469,34.37746],[-118.43456,34.37744],[-118.43445,34.37744],[-118.43434,34.37745],[-118.43424,34.37748],[-118.43418,34.37752],[-118.4341,34.37756],[-118.43399,34.37766],[-118.43394,34.37769],[-118.43387,34.37769],[-118.4338,34.37771],[-118.4336,34.37767],[-118.43343,34.37762],[-118.43329,34.37759],[-118.4332,34.37758],[-118.43303,34.37754],[-118.43291,34.37751],[-118.43285,34.37746],[-118.4328,34.3774],[-118.43274,34.37729],[-118.43269,34.37723],[-118.4326,34.37717],[-118.43247,34.37711],[-118.43228,34.37709],[-118.43194,34.37705],[-118.43185,34.37702],[-118.43162,34.37699],[-118.43151,34.37699],[-118.43136,34.37702],[-118.43112,34.37698],[-118.43105,34.37695],[-118.43088,34.37691],[-118.43088,34.3766],[-118.43088,34.37653],[-118.43088,34.37653],[-118.43108,34.37656],[-118.4311,34.37656],[-118.4312,34.37658],[-118.43266,34.37679],[-118.43431,34.37703],[-118.43446,34.37706],[-118.43462,34.37708],[-118.43473,34.3771],[-118.43483,34.37713],[-118.43498,34.37718],[-118.43518,34.37723],[-118.43533,34.37729],[-118.43543,34.37733],[-118.43557,34.37741],[-118.43589,34.37757],[-118.43595,34.37761],[-118.43602,34.37765],[-118.43627,34.37781],[-118.43638,34.37788],[-118.4365,34.37795],[-118.4367,34.37804],[-118.4369,34.37815],[-118.43704,34.37822],[-118.43717,34.37828],[-118.43725,34.37831],[-118.43741,34.37836],[-118.43763,34.37842],[-118.43769,34.37843],[-118.43774,34.37845],[-118.43783,34.37847],[-118.43787,34.37847],[-118.43809,34.3785],[-118.43826,34.37851],[-118.43856,34.37852],[-118.43866,34.37852],[-118.43884,34.37851],[-118.43899,34.3785],[-118.43913,34.37849],[-118.43943,34.37844],[-118.43948,34.37844],[-118.43952,34.37843],[-118.44068,34.37825],[-118.44099,34.37821],[-118.44125,34.37818],[-118.44142,34.37817],[-118.44165,34.37816],[-118.44177,34.37816],[-118.44193,34.37816],[-118.44193,34.37816],[-118.44409,34.37816],[-118.44409,34.37816],[-118.44425,34.37817],[-118.44427,34.37817],[-118.44453,34.37818],[-118.44466,34.3782],[-118.44722,34.37841],[-118.44752,34.37843],[-118.44793,34.37846],[-118.44848,34.37848],[-118.44848,34.37847],[-118.44848,34.37839],[-118.44847,34.3782],[-118.44847,34.37815],[-118.44847,34.37706],[-118.44847,34.3753],[-118.44846,34.37503],[-118.44846,34.37457],[-118.44856,34.37077],[-118.44866,34.36698],[-118.44866,34.36698],[-118.44867,34.36687],[-118.44882,34.36186],[-118.44889,34.35957],[-118.4489,34.35938],[-118.44898,34.35615],[-118.44899,34.35576],[-118.44908,34.35178],[-118.45775,34.35173],[-118.46652,34.35169],[-118.47585,34.35164],[-118.48507,34.3516],[-118.48539,34.3516],[-118.48866,34.35163],[-118.49059,34.35164],[-118.49225,34.35166],[-118.49311,34.35165],[-118.49381,34.35164],[-118.49415,34.35163],[-118.49482,34.35162],[-118.49517,34.35161],[-118.49619,34.3516],[-118.49733,34.35158],[-118.49889,34.35156],[-118.50003,34.35154],[-118.50057,34.35153],[-118.50153,34.35154],[-118.50167,34.35154],[-118.50173,34.35154],[-118.50184,34.35154],[-118.50446,34.35155],[-118.50466,34.35156],[-118.50454,34.35122],[-118.50446,34.35095],[-118.5043,34.35051],[-118.50415,34.34998],[-118.50409,34.34977],[-118.50397,34.34911],[-118.50394,34.34874],[-118.50389,34.34785],[-118.50395,34.34724],[-118.50399,34.34689],[-118.50403,34.3467],[-118.50411,34.34636],[-118.50424,34.34581],[-118.50433,34.34556],[-118.50453,34.345]]]}},{"type":"Feature","properties":{"seat":"william-s-hart-union-high-school-district-trustee-area-4","label":"Trustee Area 4","county":"TA4","role":"seat"},"geometry":{"type":"Polygon","coordinates":[[[-118.36079,34.33714],[-118.37365,34.33713],[-118.37786,34.33713],[-118.38769,34.33711],[-118.3947,34.3371],[-118.39709,34.33709],[-118.39709,34.33717],[-118.39712,34.33781],[-118.39713,34.33813],[-118.39715,34.33869],[-118.39716,34.33907],[-118.39716,34.33914],[-118.39717,34.33931],[-118.39717,34.33938],[-118.39717,34.3394],[-118.39717,34.33954],[-118.39717,34.33955],[-118.39718,34.33957],[-118.39718,34.33969],[-118.39718,34.3397],[-118.39718,34.33971],[-118.39719,34.33997],[-118.39719,34.34],[-118.39759,34.35177],[-118.39759,34.35194],[-118.39761,34.35237],[-118.39782,34.35237],[-118.40393,34.35225],[-118.4055,34.35222],[-118.41339,34.35206],[-118.42233,34.35213],[-118.43126,34.3522],[-118.43263,34.35217],[-118.44017,34.35199],[-118.44026,34.35199],[-118.44901,34.35178],[-118.44908,34.35178],[-118.44899,34.35576],[-118.44898,34.35615],[-118.4489,34.35938],[-118.44889,34.35957],[-118.44882,34.36186],[-118.44867,34.36687],[-118.44866,34.36698],[-118.44866,34.36698],[-118.44856,34.37077],[-118.44846,34.37457],[-118.44846,34.37503],[-118.44847,34.3753],[-118.44847,34.37706],[-118.44847,34.37815],[-118.44847,34.3782],[-118.44848,34.37839],[-118.44848,34.37847],[-118.44848,34.37848],[-118.44793,34.37846],[-118.44752,34.37843],[-118.44722,34.37841],[-118.44466,34.3782],[-118.44453,34.37818],[-118.44427,34.37817],[-118.44425,34.37817],[-118.44409,34.37816],[-118.44409,34.37816],[-118.44193,34.37816],[-118.44193,34.37816],[-118.44177,34.37816],[-118.44165,34.37816],[-118.44142,34.37817],[-118.44125,34.37818],[-118.44099,34.37821],[-118.44068,34.37825],[-118.43952,34.37843],[-118.43948,34.37844],[-118.43943,34.37844],[-118.43913,34.37849],[-118.43899,34.3785],[-118.43884,34.37851],[-118.43866,34.37852],[-118.43856,34.37852],[-118.43826,34.37851],[-118.43809,34.3785],[-118.43787,34.37847],[-118.43783,34.37847],[-118.43774,34.37845],[-118.43769,34.37843],[-118.43763,34.37842],[-118.43741,34.37836],[-118.43725,34.37831],[-118.43717,34.37828],[-118.43704,34.37822],[-118.4369,34.37815],[-118.4367,34.37804],[-118.4365,34.37795],[-118.43638,34.37788],[-118.43627,34.37781],[-118.43602,34.37765],[-118.43595,34.37761],[-118.43589,34.37757],[-118.43557,34.37741],[-118.43543,34.37733],[-118.43533,34.37729],[-118.43518,34.37723],[-118.43498,34.37718],[-118.43483,34.37713],[-118.43473,34.3771],[-118.43462,34.37708],[-118.43446,34.37706],[-118.43431,34.37703],[-118.43266,34.37679],[-118.4312,34.37658],[-118.4311,34.37656],[-118.43108,34.37656],[-118.43088,34.37653],[-118.43088,34.37653],[-118.43088,34.3766],[-118.43088,34.37691],[-118.43105,34.37695],[-118.43112,34.37698],[-118.43136,34.37702],[-118.43151,34.37699],[-118.43162,34.37699],[-118.43185,34.37702],[-118.43194,34.37705],[-118.43228,34.37709],[-118.43247,34.37711],[-118.4326,34.37717],[-118.43269,34.37723],[-118.43274,34.37729],[-118.4328,34.3774],[-118.43285,34.37746],[-118.43291,34.37751],[-118.43303,34.37754],[-118.4332,34.37758],[-118.43329,34.37759],[-118.43343,34.37762],[-118.4336,34.37767],[-118.4338,34.37771],[-118.43387,34.37769],[-118.43394,34.37769],[-118.43399,34.37766],[-118.4341,34.37756],[-118.43418,34.37752],[-118.43424,34.37748],[-118.43434,34.37745],[-118.43445,34.37744],[-118.43456,34.37744],[-118.43469,34.37746],[-118.43491,34.37751],[-118.43512,34.37761],[-118.4353,34.37774],[-118.43544,34.37785],[-118.43554,34.37791],[-118.43567,34.37796],[-118.43584,34.37799],[-118.43592,34.37799],[-118.43604,34.37801],[-118.43614,34.37804],[-118.43626,34.37809],[-118.43666,34.37833],[-118.4369,34.37843],[-118.43734,34.37858],[-118.43743,34.37859],[-118.43752,34.37858],[-118.43753,34.37872],[-118.43759,34.37877],[-118.43762,34.37888],[-118.43761,34.37892],[-118.43758,34.37895],[-118.43754,34.37897],[-118.43748,34.37902],[-118.43745,34.37906],[-118.43743,34.37909],[-118.43743,34.37915],[-118.43744,34.37919],[-118.43747,34.37919],[-118.43745,34.37921],[-118.43741,34.37926],[-118.43739,34.37951],[-118.4374,34.37966],[-118.43742,34.37971],[-118.43748,34.37973],[-118.43755,34.37971],[-118.43781,34.37947],[-118.43796,34.37936],[-118.43804,34.37934],[-118.4381,34.37936],[-118.43815,34.3794],[-118.43818,34.37948],[-118.43816,34.37964],[-118.43814,34.37977],[-118.43819,34.38001],[-118.4383,34.38018],[-118.4384,34.38025],[-118.43844,34.38028],[-118.43873,34.38037],[-118.43896,34.38034],[-118.43914,34.38031],[-118.43922,34.38031],[-118.43943,34.38042],[-118.4397,34.38058],[-118.43982,34.38071],[-118.43992,34.38085],[-118.43998,34.38092],[-118.44007,34.38101],[-118.4402,34.38107],[-118.44034,34.38112],[-118.44039,34.38117],[-118.44043,34.38124],[-118.4405,34.3814],[-118.44062,34.38167],[-118.44077,34.38198],[-118.44091,34.38224],[-118.44097,34.38238],[-118.44098,34.38248],[-118.44099,34.38258],[-118.44098,34.38277],[-118.44099,34.38289],[-118.44106,34.38298],[-118.44117,34.38306],[-118.44124,34.38312],[-118.4414,34.38375],[-118.44138,34.38388],[-118.44131,34.38397],[-118.44129,34.38412],[-118.44128,34.38426],[-118.4413,34.38438],[-118.44104,34.38447],[-118.44098,34.3845],[-118.44079,34.3846],[-118.44067,34.38469],[-118.44032,34.38505],[-118.44032,34.38523],[-118.4403,34.3854],[-118.44027,34.38554],[-118.44025,34.38566],[-118.44025,34.38577],[-118.44033,34.38591],[-118.44044,34.38605],[-118.44058,34.38615],[-118.44082,34.38626],[-118.44101,34.38636],[-118.44112,34.38646],[-118.44118,34.38657],[-118.4412,34.38676],[-118.44122,34.38684],[-118.44138,34.38701],[-118.44168,34.38734],[-118.44175,34.38741],[-118.44182,34.38759],[-118.44187,34.38771],[-118.44195,34.3878],[-118.44211,34.38796],[-118.44218,34.38803],[-118.44218,34.38803],[-118.44223,34.38808],[-118.44226,34.38813],[-118.44232,34.38822],[-118.44244,34.38836],[-118.44264,34.38847],[-118.44279,34.38854],[-118.44303,34.38871],[-118.44309,34.38874],[-118.44339,34.38888],[-118.44364,34.38907],[-118.44387,34.38919],[-118.44412,34.38936],[-118.44421,34.38946],[-118.44427,34.38956],[-118.44445,34.38988],[-118.44451,34.38999],[-118.44452,34.3901],[-118.44455,34.39018],[-118.44462,34.39022],[-118.44475,34.3903],[-118.44492,34.39037],[-118.44506,34.39044],[-118.4451,34.39045],[-118.4451,34.39045],[-118.44514,34.39044],[-118.44522,34.39037],[-118.44534,34.39026],[-118.44541,34.39022],[-118.44548,34.39017],[-118.44563,34.39012],[-118.44586,34.3901],[-118.44602,34.39011],[-118.44618,34.39017],[-118.44626,34.39025],[-118.44635,34.39037],[-118.44642,34.39046],[-118.44653,34.39056],[-118.44662,34.39068],[-118.44675,34.39084],[-118.44684,34.3909],[-118.447,34.39097],[-118.44713,34.39104],[-118.44723,34.39112],[-118.44731,34.39122],[-118.44732,34.39123],[-118.44734,34.39125],[-118.44737,34.39135],[-118.44737,34.39144],[-118.44741,34.39151],[-118.44753,34.39158],[-118.44782,34.39174],[-118.44799,34.39182],[-118.44814,34.39192],[-118.44822,34.39197],[-118.44841,34.3921],[-118.44849,34.39217],[-118.44856,34.3922],[-118.44868,34.39222],[-118.44884,34.39221],[-118.449,34.39221],[-118.44913,34.39224],[-118.44929,34.39231],[-118.44936,34.39236],[-118.44942,34.39243],[-118.44944,34.3925],[-118.44949,34.39253],[-118.4496,34.39255],[-118.44965,34.39255],[-118.44965,34.39255],[-118.44973,34.39256],[-118.4498,34.39257],[-118.44991,34.39263],[-118.45008,34.3927],[-118.45014,34.39273],[-118.4506,34.3928],[-118.4509,34.39289],[-118.45103,34.39294],[-118.45108,34.39297],[-118.4511,34.39299],[-118.4511,34.39304],[-118.45109,34.39307],[-118.45104,34.39311],[-118.45099,34.39312],[-118.45093,34.39313],[-118.45081,34.3931],[-118.45074,34.39309],[-118.45067,34.3931],[-118.45056,34.39313],[-118.45047,34.39314],[-118.45039,34.39314],[-118.45029,34.39313],[-118.45004,34.39305],[-118.44996,34.39303],[-118.44988,34.39303],[-118.44981,34.39303],[-118.44976,34.39304],[-118.44973,34.39308],[-118.44972,34.39313],[-118.44975,34.39333],[-118.44975,34.39338],[-118.44974,34.3934],[-118.44974,34.3934],[-118.44973,34.3934],[-118.44968,34.39341],[-118.44959,34.39341],[-118.44945,34.3934],[-118.44921,34.39339],[-118.44915,34.39339],[-118.44885,34.3932],[-118.4488,34.39316],[-118.44875,34.39315],[-118.44858,34.39321],[-118.44848,34.39323],[-118.44837,34.39323],[-118.44829,34.39319],[-118.44821,34.39311],[-118.44814,34.39305],[-118.44809,34.39302],[-118.44802,34.39303],[-118.44789,34.39306],[-118.44777,34.39307],[-118.44767,34.39309],[-118.44748,34.39312],[-118.44741,34.39315],[-118.44736,34.39319],[-118.44734,34.39323],[-118.44736,34.39327],[-118.44743,34.39332],[-118.4475,34.39335],[-118.44761,34.39338],[-118.4477,34.39341],[-118.44777,34.39342],[-118.44783,34.39344],[-118.44787,34.39347],[-118.4479,34.3935],[-118.44794,34.39359],[-118.44799,34.39368],[-118.44804,34.39374],[-118.4481,34.3938],[-118.44816,34.39383],[-118.44824,34.39386],[-118.44828,34.39388],[-118.44833,34.39391],[-118.4484,34.39393],[-118.44861,34.39408],[-118.44871,34.39413],[-118.4488,34.39415],[-118.44892,34.39413],[-118.44905,34.39414],[-118.44919,34.39427],[-118.44928,34.39432],[-118.44938,34.39433],[-118.44951,34.39429],[-118.44958,34.39426],[-118.44969,34.39425],[-118.44982,34.39424],[-118.44982,34.39424],[-118.44984,34.39423],[-118.45002,34.39423],[-118.45023,34.39428],[-118.45058,34.39435],[-118.45076,34.39443],[-118.45081,34.39447],[-118.45092,34.39461],[-118.45103,34.39471],[-118.45104,34.39472],[-118.45291,34.3947],[-118.45294,34.39549],[-118.45294,34.39556],[-118.45294,34.39564],[-118.45294,34.39568],[-118.45311,34.39586],[-118.45304,34.39601],[-118.45285,34.39646],[-118.45283,34.39646],[-118.45282,34.3965],[-118.4528,34.39657],[-118.45278,34.39664],[-118.45251,34.39754],[-118.45244,34.39771],[-118.45242,34.39778],[-118.4524,34.39785],[-118.45238,34.39792],[-118.45236,34.398],[-118.45235,34.39807],[-118.45233,34.39814],[-118.45232,34.39822],[-118.45231,34.39829],[-118.4523,34.39836],[-118.45229,34.39843],[-118.45229,34.3985],[-118.45228,34.39858],[-118.45228,34.39865],[-118.45228,34.39872],[-118.45228,34.3988],[-118.45228,34.39887],[-118.45228,34.39894],[-118.45229,34.39902],[-118.4523,34.39909],[-118.4523,34.39917],[-118.45231,34.39924],[-118.45232,34.39931],[-118.45234,34.39938],[-118.45235,34.39945],[-118.45237,34.39952],[-118.45238,34.3996],[-118.4524,34.39967],[-118.45242,34.39974],[-118.45245,34.39981],[-118.45247,34.39988],[-118.4525,34.39995],[-118.45252,34.40002],[-118.45255,34.40008],[-118.45257,34.40015],[-118.4526,34.40021],[-118.45263,34.40027],[-118.45266,34.40033],[-118.45269,34.40039],[-118.45272,34.40045],[-118.45275,34.40051],[-118.45279,34.40057],[-118.45282,34.40063],[-118.45286,34.40068],[-118.4529,34.40074],[-118.45293,34.40079],[-118.45297,34.40085],[-118.45301,34.40091],[-118.45306,34.40096],[-118.45311,34.40103],[-118.45313,34.40105],[-118.45316,34.40109],[-118.45322,34.40115],[-118.45328,34.40121],[-118.45334,34.40127],[-118.4534,34.40133],[-118.45346,34.40139],[-118.45353,34.40145],[-118.45359,34.40151],[-118.45365,34.40156],[-118.45372,34.40162],[-118.45379,34.40167],[-118.45385,34.40173],[-118.45392,34.40178],[-118.45399,34.40184],[-118.45406,34.40189],[-118.45408,34.4019],[-118.45411,34.40193],[-118.45415,34.40197],[-118.45441,34.40218],[-118.45445,34.40221],[-118.45453,34.40227],[-118.45463,34.40235],[-118.45477,34.40246],[-118.45479,34.40247],[-118.45454,34.40261],[-118.45279,34.40355],[-118.45237,34.40378],[-118.45191,34.40404],[-118.45148,34.40427],[-118.45101,34.40454],[-118.45039,34.40489],[-118.45009,34.40507],[-118.44993,34.40516],[-118.44991,34.40517],[-118.44961,34.40535],[-118.44944,34.40546],[-118.44926,34.40558],[-118.44903,34.40574],[-118.44874,34.40596],[-118.44856,34.4061],[-118.44838,34.40626],[-118.44828,34.40636],[-118.44807,34.40658],[-118.44801,34.40664],[-118.44795,34.4067],[-118.44778,34.4069],[-118.44778,34.4069],[-118.44762,34.4071],[-118.44753,34.40721],[-118.44736,34.40744],[-118.44727,34.40757],[-118.44718,34.40772],[-118.44703,34.40798],[-118.44696,34.4081],[-118.44689,34.40823],[-118.44675,34.40853],[-118.44661,34.40884],[-118.44658,34.40891],[-118.44646,34.40925],[-118.44663,34.40924],[-118.44662,34.40976],[-118.44665,34.40981],[-118.44667,34.40986],[-118.44674,34.41001],[-118.44674,34.41001],[-118.44675,34.41005],[-118.44677,34.41009],[-118.44677,34.41009],[-118.44679,34.41013],[-118.44683,34.41023],[-118.44651,34.41025],[-118.4465,34.41025],[-118.44624,34.41027],[-118.44623,34.41027],[-118.44613,34.41028],[-118.44613,34.41028],[-118.44611,34.41035],[-118.44597,34.41074],[-118.44582,34.41115],[-118.4457,34.41151],[-118.44557,34.41188],[-118.44539,34.41244],[-118.44531,34.41265],[-118.44517,34.41295],[-118.4451,34.41308],[-118.44504,34.4132],[-118.44493,34.4134],[-118.44488,34.41349],[-118.44485,34.41354],[-118.44473,34.41375],[-118.44462,34.41393],[-118.4445,34.41411],[-118.44437,34.4143],[-118.44435,34.41432],[-118.4442,34.41452],[-118.44412,34.41462],[-118.44408,34.41467],[-118.44403,34.41473],[-118.44391,34.41486],[-118.44373,34.41504],[-118.44344,34.41534],[-118.44331,34.41546],[-118.44318,34.41558],[-118.4429,34.41582],[-118.44275,34.41595],[-118.44257,34.41608],[-118.44236,34.41622],[-118.44198,34.41648],[-118.44194,34.41651],[-118.44191,34.41652],[-118.4418,34.41659],[-118.4417,34.41664],[-118.44164,34.41668],[-118.44124,34.4169],[-118.441,34.41702],[-118.4403,34.41738],[-118.43958,34.41773],[-118.43882,34.41809],[-118.43727,34.41881],[-118.43712,34.41888],[-118.43713,34.4189],[-118.43723,34.41905],[-118.43738,34.41927],[-118.43739,34.41928],[-118.43773,34.41979],[-118.4379,34.41974],[-118.43803,34.4197],[-118.43815,34.41965],[-118.43828,34.41959],[-118.43842,34.41953],[-118.43867,34.4194],[-118.43878,34.41933],[-118.4389,34.41926],[-118.43914,34.41908],[-118.43926,34.41899],[-118.43985,34.41851],[-118.43998,34.41841],[-118.44023,34.41823],[-118.44036,34.41814],[-118.44059,34.41798],[-118.44066,34.41793],[-118.44071,34.4179],[-118.44086,34.41782],[-118.44096,34.41776],[-118.44103,34.41773],[-118.44121,34.41764],[-118.44148,34.4175],[-118.44155,34.41747],[-118.44186,34.41733],[-118.44191,34.4173],[-118.44201,34.41726],[-118.44215,34.41721],[-118.44233,34.41715],[-118.44253,34.41709],[-118.44291,34.41698],[-118.44323,34.41689],[-118.44344,34.41684],[-118.44367,34.41678],[-118.44393,34.41672],[-118.44412,34.41668],[-118.44419,34.41666],[-118.44429,34.41664],[-118.44467,34.41657],[-118.44492,34.41653],[-118.44504,34.41651],[-118.44504,34.41648],[-118.44546,34.41648],[-118.44551,34.41647],[-118.44568,34.41646],[-118.4459,34.41645],[-118.44611,34.41645],[-118.44746,34.41645],[-118.44765,34.41645],[-118.44774,34.41645],[-118.4481,34.41645],[-118.44894,34.41645],[-118.4491,34.41645],[-118.44987,34.41647],[-118.44994,34.41647],[-118.45012,34.41648],[-118.4503,34.41648],[-118.45043,34.41648],[-118.45083,34.41648],[-118.45101,34.41648],[-118.45179,34.41647],[-118.45216,34.41647],[-118.4522,34.41647],[-118.45244,34.41647],[-118.45274,34.41646],[-118.4532,34.41646],[-118.45375,34.41646],[-118.45385,34.41646],[-118.45397,34.41645],[-118.45398,34.41645],[-118.45428,34.41646],[-118.45516,34.41649],[-118.45557,34.41649],[-118.4559,34.41649],[-118.45595,34.41649],[-118.45628,34.41647],[-118.4564,34.41646],[-118.45667,34.41642],[-118.4568,34.4164],[-118.45694,34.41637],[-118.45709,34.41633],[-118.45737,34.41625],[-118.45752,34.41621],[-118.45764,34.41618],[-118.45768,34.41617],[-118.45795,34.41612],[-118.45825,34.41607],[-118.45833,34.41606],[-118.45836,34.41605],[-118.45845,34.41605],[-118.45847,34.41605],[-118.45859,34.41604],[-118.45867,34.41604],[-118.45867,34.41612],[-118.45867,34.41619],[-118.45868,34.4165],[-118.45868,34.4166],[-118.45868,34.41664],[-118.45868,34.4167],[-118.45866,34.41699],[-118.45866,34.41708],[-118.45867,34.41714],[-118.45868,34.41719],[-118.45873,34.4173],[-118.45875,34.41737],[-118.45879,34.41743],[-118.45882,34.41749],[-118.45887,34.41754],[-118.45891,34.41759],[-118.45896,34.41764],[-118.45901,34.41768],[-118.45911,34.41775],[-118.45923,34.41784],[-118.45937,34.41792],[-118.45944,34.41796],[-118.45952,34.41799],[-118.45962,34.41802],[-118.45971,34.41805],[-118.45982,34.41808],[-118.45994,34.4181],[-118.46016,34.41815],[-118.46025,34.41817],[-118.46033,34.4182],[-118.46039,34.41823],[-118.46046,34.41827],[-118.46056,34.41835],[-118.46059,34.41836],[-118.4606,34.41838],[-118.46064,34.41841],[-118.46067,34.41847],[-118.46069,34.41849],[-118.46071,34.41853],[-118.46073,34.4186],[-118.46076,34.41867],[-118.46077,34.41875],[-118.46078,34.41882],[-118.46078,34.41889],[-118.46077,34.41895],[-118.46076,34.41901],[-118.46073,34.41905],[-118.4606,34.41924],[-118.46056,34.41928],[-118.46052,34.41931],[-118.46049,34.41934],[-118.46046,34.41936],[-118.46042,34.41939],[-118.46033,34.41943],[-118.46028,34.41945],[-118.46024,34.41947],[-118.46018,34.41949],[-118.46014,34.41951],[-118.45993,34.41959],[-118.45981,34.41964],[-118.45971,34.41968],[-118.45969,34.41969],[-118.45952,34.41975],[-118.45947,34.41977],[-118.45923,34.41985],[-118.4592,34.41986],[-118.45906,34.41991],[-118.45894,34.41996],[-118.4588,34.42001],[-118.45875,34.42004],[-118.4587,34.42006],[-118.45866,34.42009],[-118.45861,34.42012],[-118.45858,34.42015],[-118.45854,34.42018],[-118.45851,34.42021],[-118.45849,34.42024],[-118.45847,34.42028],[-118.45846,34.4203],[-118.45843,34.42034],[-118.45836,34.42049],[-118.45834,34.42055],[-118.45826,34.42081],[-118.45825,34.42086],[-118.45825,34.42086],[-118.45811,34.42093],[-118.45809,34.42094],[-118.45793,34.42108],[-118.45771,34.42134],[-118.45761,34.42149],[-118.45758,34.42155],[-118.45746,34.42165],[-118.45743,34.42172],[-118.45712,34.42173],[-118.45713,34.42219],[-118.45711,34.42236],[-118.45709,34.42258],[-118.45709,34.42258],[-118.45742,34.42243],[-118.4577,34.42269],[-118.45824,34.42273],[-118.45824,34.42273],[-118.4582,34.42276],[-118.45798,34.42294],[-118.45798,34.42359],[-118.45732,34.42359],[-118.45698,34.42359],[-118.45697,34.42362],[-118.45685,34.42407],[-118.45671,34.42438],[-118.45675,34.42465],[-118.45685,34.42495],[-118.45697,34.42506],[-118.45712,34.42522],[-118.45743,34.42556],[-118.45767,34.42595],[-118.45782,34.42626],[-118.45812,34.42636],[-118.45837,34.42656],[-118.45865,34.42674],[-118.45873,34.42679],[-118.45873,34.42681],[-118.45879,34.42681],[-118.46299,34.4268],[-118.46299,34.42718],[-118.46299,34.42758],[-118.46599,34.42757],[-118.46635,34.42757],[-118.46662,34.42758],[-118.46698,34.42757],[-118.46708,34.42758],[-118.46718,34.42759],[-118.46729,34.4276],[-118.46736,34.42761],[-118.46741,34.42761],[-118.46751,34.42763],[-118.46755,34.42763],[-118.46762,34.42765],[-118.46763,34.42765],[-118.46775,34.42768],[-118.46796,34.42775],[-118.46798,34.42769],[-118.46799,34.42767],[-118.46806,34.42753],[-118.46811,34.42745],[-118.46815,34.42737],[-118.4682,34.42729],[-118.46827,34.42721],[-118.46829,34.4272],[-118.46831,34.42717],[-118.46832,34.42716],[-118.46833,34.42715],[-118.46835,34.42713],[-118.46843,34.42705],[-118.46858,34.42693],[-118.4687,34.42683],[-118.46875,34.42679],[-118.46891,34.42669],[-118.46916,34.42655],[-118.46951,34.42637],[-118.46975,34.42624],[-118.47012,34.42604],[-118.47021,34.42598],[-118.47026,34.42595],[-118.47041,34.42585],[-118.47051,34.42579],[-118.4706,34.42572],[-118.47068,34.42566],[-118.47074,34.4256],[-118.47076,34.42559],[-118.47084,34.42552],[-118.47092,34.42544],[-118.47103,34.42532],[-118.47114,34.4252],[-118.47132,34.42499],[-118.47141,34.42488],[-118.47145,34.42484],[-118.47151,34.42475],[-118.47171,34.42446],[-118.47181,34.42427],[-118.47186,34.42418],[-118.47195,34.42398],[-118.47199,34.42384],[-118.47203,34.42373],[-118.47207,34.42358],[-118.4721,34.42349],[-118.47213,34.4234],[-118.47216,34.42329],[-118.47218,34.42313],[-118.47219,34.42295],[-118.47219,34.42294],[-118.4722,34.42273],[-118.4722,34.42236],[-118.47219,34.42176],[-118.47219,34.42087],[-118.47218,34.41841],[-118.47218,34.4184],[-118.47217,34.41664],[-118.47217,34.41649],[-118.47217,34.4157],[-118.47544,34.41569],[-118.4756,34.4157],[-118.47561,34.4157],[-118.47634,34.41572],[-118.4765,34.41572],[-118.47652,34.41572],[-118.47678,34.41572],[-118.47689,34.41572],[-118.47705,34.41572],[-118.47728,34.41571],[-118.4773,34.41572],[-118.47737,34.41572],[-118.47755,34.41572],[-118.47773,34.41574],[-118.4779,34.41576],[-118.47809,34.41579],[-118.47825,34.41582],[-118.4787,34.41595],[-118.47876,34.41597],[-118.4789,34.41601],[-118.47907,34.41605],[-118.47919,34.41608],[-118.47928,34.4161],[-118.47941,34.41615],[-118.47955,34.41622],[-118.47971,34.4163],[-118.47988,34.41639],[-118.48002,34.41648],[-118.48004,34.41648],[-118.48018,34.41658],[-118.48029,34.41664],[-118.48031,34.41666],[-118.48043,34.41675],[-118.48056,34.41685],[-118.48081,34.41708],[-118.48093,34.41719],[-118.48103,34.41729],[-118.48111,34.41736],[-118.48119,34.41744],[-118.48128,34.41755],[-118.48138,34.41769],[-118.48159,34.418],[-118.4818,34.41837],[-118.48187,34.41847],[-118.48195,34.41859],[-118.48205,34.41872],[-118.48216,34.41886],[-118.48226,34.41901],[-118.48235,34.41912],[-118.48241,34.41921],[-118.48246,34.41929],[-118.48251,34.41933],[-118.48255,34.41938],[-118.48266,34.41949],[-118.4828,34.4196],[-118.48296,34.41973],[-118.48322,34.41992],[-118.48327,34.41996],[-118.4834,34.42005],[-118.48353,34.42013],[-118.48367,34.4202],[-118.4838,34.42027],[-118.48395,34.42034],[-118.4841,34.42041],[-118.48442,34.42054],[-118.48472,34.42064],[-118.48502,34.42074],[-118.48652,34.42126],[-118.48706,34.42139],[-118.48728,34.42146],[-118.48736,34.42148],[-118.48748,34.4215],[-118.48758,34.42151],[-118.48778,34.42154],[-118.48831,34.42161],[-118.48862,34.42163],[-118.48878,34.42164],[-118.48892,34.42165],[-118.48915,34.42166],[-118.48949,34.42167],[-118.48955,34.42167],[-118.48974,34.42168],[-118.48992,34.42169],[-118.49015,34.42169],[-118.49026,34.42169],[-118.49039,34.42168],[-118.49065,34.42168],[-118.49108,34.42165],[-118.49127,34.42163],[-118.49145,34.42162],[-118.49176,34.42158],[-118.49187,34.42157],[-118.49224,34.42153],[-118.49407,34.4213],[-118.49611,34.42104],[-118.49848,34.42074],[-118.49921,34.42065],[-118.49953,34.42061],[-118.49972,34.42059],[-118.50002,34.42055],[-118.50053,34.42049],[-118.50063,34.42047],[-118.50076,34.42046],[-118.50234,34.42026],[-118.50254,34.42023],[-118.50254,34.42023],[-118.50254,34.42038],[-118.50254,34.42067],[-118.50254,34.42068],[-118.50254,34.42094],[-118.50254,34.42332],[-118.50254,34.42347],[-118.50254,34.42413],[-118.50254,34.42424],[-118.50254,34.4244],[-118.50254,34.42469],[-118.50254,34.42509],[-118.50254,34.42513],[-118.50254,34.4252],[-118.50254,34.42521],[-118.50254,34.4253],[-118.50254,34.42582],[-118.50254,34.42612],[-118.50254,34.42649],[-118.50254,34.42678],[-118.50254,34.42688],[-118.50313,34.42745],[-118.50372,34.42802],[-118.50499,34.42925],[-118.50499,34.42925],[-118.50451,34.42952],[-118.50384,34.42982],[-118.50329,34.43005],[-118.50261,34.43022],[-118.50254,34.43023],[-118.50254,34.43061],[-118.50254,34.4309],[-118.50253,34.43127],[-118.50253,34.43131],[-118.50136,34.4327],[-118.50106,34.43307],[-118.50066,34.43354],[-118.50065,34.43402],[-118.50064,34.43427],[-118.50139,34.43427],[-118.49831,34.43792],[-118.49831,34.43793],[-118.49796,34.43834],[-118.49557,34.44119],[-118.49557,34.44119],[-118.49555,34.44121],[-118.49545,34.44132],[-118.49532,34.44148],[-118.49526,34.44155],[-118.49516,34.44167],[-118.49499,34.44188],[-118.49482,34.44208],[-118.49479,34.44212],[-118.49473,34.44219],[-118.49467,34.44226],[-118.49424,34.44278],[-118.4941,34.44294],[-118.49403,34.44302],[-118.49373,34.44337],[-118.48954,34.44501],[-118.48944,34.44517],[-118.48944,34.44518],[-118.48925,34.44552],[-118.48916,34.44567],[-118.48894,34.44605],[-118.48891,34.4461],[-118.48885,34.44622],[-118.48884,34.44624],[-118.48882,34.44626],[-118.48871,34.44647],[-118.48866,34.44654],[-118.48859,34.44667],[-118.48858,34.44666],[-118.48857,34.44666],[-118.48855,34.44665],[-118.48854,34.44665],[-118.48852,34.44664],[-118.48851,34.44664],[-118.48849,34.44663],[-118.48848,34.44663],[-118.48846,34.44662],[-118.48844,34.44662],[-118.48843,34.44661],[-118.48841,34.44661],[-118.4884,34.4466],[-118.48838,34.4466],[-118.48837,34.44659],[-118.48835,34.44659],[-118.48834,34.44658],[-118.48832,34.44658],[-118.4883,34.44657],[-118.48829,34.44657],[-118.48827,34.44656],[-118.48826,34.44656],[-118.48824,34.44655],[-118.48823,34.44655],[-118.48821,34.44654],[-118.4882,34.44653],[-118.48818,34.44653],[-118.48817,34.44652],[-118.48816,34.44651],[-118.48814,34.44651],[-118.48813,34.4465],[-118.48811,34.44649],[-118.4881,34.44649],[-118.48808,34.44648],[-118.48807,34.44648],[-118.48805,34.44647],[-118.48803,34.44647],[-118.48802,34.44646],[-118.488,34.44646],[-118.48799,34.44645],[-118.48797,34.44645],[-118.48796,34.44644],[-118.48794,34.44644],[-118.48793,34.44643],[-118.48791,34.44643],[-118.4879,34.44642],[-118.48788,34.44642],[-118.48787,34.44641],[-118.48785,34.44641],[-118.48783,34.4464],[-118.48782,34.4464],[-118.4878,34.44639],[-118.48779,34.44639],[-118.48777,34.44638],[-118.48776,34.44638],[-118.48774,34.44637],[-118.48773,34.44637],[-118.48771,34.44637],[-118.48769,34.44636],[-118.48768,34.44636],[-118.48766,34.44635],[-118.48765,34.44635],[-118.48763,34.44634],[-118.48762,34.44634],[-118.4876,34.44633],[-118.48758,34.44633],[-118.48757,34.44632],[-118.48757,34.44632],[-118.48755,34.44632],[-118.48754,34.44631],[-118.48752,34.44631],[-118.48751,34.4463],[-118.48749,34.4463],[-118.48748,34.44629],[-118.48746,34.44629],[-118.48745,34.44628],[-118.48743,34.44628],[-118.48741,34.44628],[-118.4874,34.44627],[-118.48738,34.44627],[-118.48737,34.44627],[-118.48735,34.44627],[-118.48724,34.44625],[-118.48693,34.44622],[-118.48644,34.44619],[-118.48604,34.44618],[-118.48603,34.44618],[-118.48587,34.44618],[-118.4853,34.44614],[-118.48458,34.44613],[-118.48393,34.44616],[-118.48361,34.44617],[-118.4836,34.44618],[-118.48358,34.44618],[-118.48357,34.44618],[-118.48355,34.44618],[-118.48353,34.44618],[-118.48351,34.44618],[-118.4835,34.44618],[-118.48348,34.44618],[-118.48346,34.44619],[-118.48345,34.44619],[-118.48343,34.44619],[-118.48341,34.44619],[-118.4834,34.44619],[-118.48338,34.44619],[-118.48336,34.44619],[-118.48335,34.4462],[-118.48333,34.4462],[-118.48331,34.4462],[-118.4833,34.4462],[-118.48328,34.4462],[-118.48326,34.4462],[-118.48325,34.4462],[-118.48323,34.4462],[-118.48322,34.44621],[-118.4832,34.44621],[-118.48318,34.44621],[-118.48317,34.44621],[-118.48315,34.44621],[-118.48313,34.44621],[-118.48312,34.44621],[-118.4831,34.44622],[-118.48308,34.44622],[-118.48307,34.44622],[-118.48305,34.44622],[-118.48303,34.44622],[-118.48302,34.44623],[-118.483,34.44623],[-118.48299,34.44623],[-118.48297,34.44623],[-118.48295,34.44624],[-118.48294,34.44624],[-118.48292,34.44624],[-118.4829,34.44624],[-118.48289,34.44625],[-118.48287,34.44625],[-118.48286,34.44625],[-118.48284,34.44626],[-118.48282,34.44626],[-118.48281,34.44626],[-118.48279,34.44627],[-118.48277,34.44627],[-118.48276,34.44627],[-118.48274,34.44627],[-118.48273,34.44628],[-118.48271,34.44628],[-118.48269,34.44629],[-118.48268,34.44629],[-118.48266,34.44629],[-118.48265,34.4463],[-118.48263,34.4463],[-118.48261,34.4463],[-118.4826,34.4463],[-118.48258,34.44631],[-118.48257,34.44631],[-118.48255,34.44631],[-118.48253,34.44632],[-118.48252,34.44632],[-118.4825,34.44632],[-118.48248,34.44632],[-118.48247,34.44633],[-118.48245,34.44633],[-118.48243,34.44633],[-118.48242,34.44633],[-118.4824,34.44634],[-118.48239,34.44634],[-118.48237,34.44634],[-118.48235,34.44634],[-118.48234,34.44634],[-118.48232,34.44635],[-118.4823,34.44635],[-118.48229,34.44635],[-118.48227,34.44635],[-118.48226,34.44636],[-118.48224,34.44636],[-118.48222,34.44636],[-118.48221,34.44636],[-118.48219,34.44637],[-118.48217,34.44637],[-118.48216,34.44637],[-118.48214,34.44638],[-118.48213,34.44638],[-118.48211,34.44638],[-118.48209,34.44639],[-118.48208,34.44639],[-118.48206,34.4464],[-118.48205,34.4464],[-118.48203,34.44641],[-118.48202,34.44641],[-118.482,34.44642],[-118.48199,34.44642],[-118.48197,34.44643],[-118.48195,34.44643],[-118.48194,34.44644],[-118.48192,34.44644],[-118.48191,34.44645],[-118.48189,34.44645],[-118.48188,34.44646],[-118.48186,34.44646],[-118.48185,34.44647],[-118.48183,34.44647],[-118.48181,34.44647],[-118.4818,34.44648],[-118.48178,34.44648],[-118.48177,34.44649],[-118.48175,34.44649],[-118.48174,34.44649],[-118.48172,34.4465],[-118.4817,34.4465],[-118.48169,34.44651],[-118.48167,34.44651],[-118.48166,34.44651],[-118.48164,34.44652],[-118.48162,34.44652],[-118.48161,34.44652],[-118.48159,34.44653],[-118.48157,34.44653],[-118.48156,34.44654],[-118.48154,34.44654],[-118.48153,34.44654],[-118.48151,34.44655],[-118.4815,34.44655],[-118.48148,34.44655],[-118.48146,34.44656],[-118.48145,34.44656],[-118.48143,34.44656],[-118.48142,34.44657],[-118.4814,34.44657],[-118.48138,34.44658],[-118.48137,34.44658],[-118.48135,34.44658],[-118.48133,34.44659],[-118.48132,34.44659],[-118.4813,34.44659],[-118.48129,34.4466],[-118.48127,34.4466],[-118.48126,34.4466],[-118.48124,34.44661],[-118.48122,34.44661],[-118.48121,34.44661],[-118.48119,34.44661],[-118.48117,34.44662],[-118.48116,34.44662],[-118.48114,34.44662],[-118.48112,34.44662],[-118.48111,34.44663],[-118.48109,34.44663],[-118.48108,34.44663],[-118.48106,34.44663],[-118.48104,34.44664],[-118.48103,34.44664],[-118.48101,34.44664],[-118.48099,34.44664],[-118.48098,34.44665],[-118.48096,34.44665],[-118.48095,34.44665],[-118.48093,34.44666],[-118.48091,34.44666],[-118.4809,34.44667],[-118.48088,34.44667],[-118.48087,34.44667],[-118.48085,34.44668],[-118.48083,34.44668],[-118.48082,34.44669],[-118.4808,34.44669],[-118.48079,34.44669],[-118.48077,34.4467],[-118.48075,34.4467],[-118.48074,34.44671],[-118.48072,34.44671],[-118.48071,34.44671],[-118.48069,34.44672],[-118.48068,34.44672],[-118.48066,34.44673],[-118.48064,34.44673],[-118.48063,34.44673],[-118.48061,34.44674],[-118.4806,34.44674],[-118.48058,34.44675],[-118.48057,34.44675],[-118.48055,34.44676],[-118.48053,34.44676],[-118.48052,34.44677],[-118.4805,34.44677],[-118.48049,34.44678],[-118.48047,34.44678],[-118.48046,34.44679],[-118.48044,34.44679],[-118.48043,34.4468],[-118.48041,34.4468],[-118.48035,34.44682],[-118.48028,34.44684],[-118.48002,34.44689],[-118.47984,34.44692],[-118.47967,34.44694],[-118.47946,34.44696],[-118.47918,34.44699],[-118.47893,34.44701],[-118.47892,34.44701],[-118.47887,34.44701],[-118.47884,34.44701],[-118.47879,34.44701],[-118.47865,34.447],[-118.47864,34.447],[-118.47862,34.447],[-118.47845,34.44699],[-118.47844,34.44699],[-118.47842,34.44699],[-118.47836,34.44698],[-118.47834,34.44698],[-118.47821,34.44697],[-118.47819,34.44697],[-118.47809,34.44696],[-118.47808,34.44696],[-118.47798,34.44695],[-118.47794,34.44694],[-118.47765,34.4469],[-118.47763,34.4469],[-118.47762,34.4469],[-118.47757,34.44689],[-118.47755,34.44688],[-118.47724,34.44683],[-118.4772,34.44682],[-118.47716,34.44681],[-118.47707,34.44679],[-118.47705,34.44679],[-118.47702,34.44678],[-118.477,34.44678],[-118.47699,34.44678],[-118.47692,34.44677],[-118.47684,34.44675],[-118.47681,34.44674],[-118.47676,34.44673],[-118.47674,34.44673],[-118.47665,34.44671],[-118.47662,34.4467],[-118.4766,34.4467],[-118.4765,34.44668],[-118.47649,34.44667],[-118.47647,34.44667],[-118.47636,34.44664],[-118.47634,34.44664],[-118.47627,34.44662],[-118.47625,34.44661],[-118.47623,34.44661],[-118.4762,34.4466],[-118.47605,34.44655],[-118.47599,34.44653],[-118.47595,34.44652],[-118.47591,34.44651],[-118.47589,34.4465],[-118.47588,34.4465],[-118.47586,34.44649],[-118.47579,34.44646],[-118.47577,34.44646],[-118.47574,34.44644],[-118.47571,34.44643],[-118.47568,34.44642],[-118.47562,34.4464],[-118.47561,34.44639],[-118.47558,34.44638],[-118.47556,34.44637],[-118.47553,34.44636],[-118.47543,34.44632],[-118.47541,34.44631],[-118.47537,34.44629],[-118.47535,34.44629],[-118.47532,34.44628],[-118.47531,34.44627],[-118.47526,34.44625],[-118.47522,34.44624],[-118.4752,34.44623],[-118.47519,34.44622],[-118.47517,34.44622],[-118.47514,34.44621],[-118.47513,34.4462],[-118.47505,34.44617],[-118.47503,34.44616],[-118.47501,34.44615],[-118.47498,34.44614],[-118.47495,34.44613],[-118.47494,34.44612],[-118.47492,34.44611],[-118.47488,34.4461],[-118.47485,34.44608],[-118.47481,34.44606],[-118.47479,34.44605],[-118.47475,34.44603],[-118.47473,34.44603],[-118.47468,34.446],[-118.47463,34.44598],[-118.47462,34.44597],[-118.47461,34.44596],[-118.47459,34.44596],[-118.47456,34.44594],[-118.47449,34.44591],[-118.47447,34.44589],[-118.47445,34.44588],[-118.47442,34.44587],[-118.47441,34.44586],[-118.4744,34.44585],[-118.47438,34.44584],[-118.47437,34.44584],[-118.47434,34.44582],[-118.4743,34.4458],[-118.47428,34.44578],[-118.47426,34.44577],[-118.47424,34.44575],[-118.47422,34.44575],[-118.47421,34.44574],[-118.4742,34.44573],[-118.47418,34.44572],[-118.47417,34.44571],[-118.47416,34.4457],[-118.47414,34.44569],[-118.47413,34.44569],[-118.47411,34.44567],[-118.47409,34.44566],[-118.47408,34.44565],[-118.47407,34.44564],[-118.47403,34.44562],[-118.47402,34.44561],[-118.47401,34.4456],[-118.47399,34.44559],[-118.47398,34.44558],[-118.47397,34.44557],[-118.47393,34.44554],[-118.47392,34.44553],[-118.47391,34.44552],[-118.47387,34.4455],[-118.47386,34.44549],[-118.47385,34.44548],[-118.47384,34.44547],[-118.47383,34.44546],[-118.47381,34.44545],[-118.4738,34.44544],[-118.47379,34.44543],[-118.47375,34.44539],[-118.47374,34.44538],[-118.47372,34.44537],[-118.47371,34.44536],[-118.4737,34.44534],[-118.47369,34.44533],[-118.47366,34.4453],[-118.47365,34.44529],[-118.47362,34.44526],[-118.47361,34.44525],[-118.47353,34.44516],[-118.47352,34.44515],[-118.47351,34.44514],[-118.47346,34.44507],[-118.47344,34.44504],[-118.47343,34.44503],[-118.47338,34.44496],[-118.47334,34.4449],[-118.47333,34.44489],[-118.4733,34.44484],[-118.47327,34.44478],[-118.47326,34.44477],[-118.47322,34.4447],[-118.47318,34.44462],[-118.47316,34.44458],[-118.47313,34.44453],[-118.47313,34.44451],[-118.47307,34.44439],[-118.47306,34.44437],[-118.47304,34.44432],[-118.47302,34.44427],[-118.47301,34.44424],[-118.473,34.44422],[-118.47267,34.4443],[-118.47237,34.44438],[-118.47167,34.44451],[-118.47119,34.44456],[-118.47105,34.44456],[-118.47078,34.44456],[-118.47032,34.44455],[-118.46995,34.44451],[-118.46966,34.44449],[-118.46941,34.44446],[-118.46844,34.44436],[-118.46821,34.44434],[-118.46809,34.44433],[-118.46788,34.4443],[-118.46786,34.4443],[-118.46771,34.44429],[-118.4673,34.44417],[-118.46703,34.44408],[-118.46689,34.44403],[-118.46662,34.44392],[-118.46638,34.44425],[-118.46632,34.44433],[-118.46627,34.44443],[-118.46622,34.44454],[-118.46622,34.44455],[-118.46605,34.44459],[-118.46601,34.44461],[-118.46547,34.44477],[-118.46474,34.445],[-118.46396,34.44538],[-118.46398,34.44543],[-118.46404,34.44556],[-118.46427,34.44608],[-118.46428,34.4461],[-118.46411,34.44617],[-118.46392,34.44619],[-118.46374,34.44627],[-118.4635,34.44631],[-118.46339,34.44636],[-118.46295,34.44643],[-118.46255,34.44642],[-118.46225,34.44636],[-118.46214,34.44637],[-118.46196,34.44631],[-118.46186,34.44628],[-118.46174,34.44627],[-118.46161,34.4463],[-118.46152,34.44632],[-118.46136,34.44642],[-118.46107,34.44666],[-118.46077,34.44702],[-118.46051,34.44727],[-118.46031,34.44746],[-118.4601,34.4476],[-118.4599,34.44774],[-118.45975,34.44785],[-118.4597,34.44791],[-118.45965,34.44798],[-118.45959,34.44814],[-118.45948,34.44829],[-118.4594,34.44844],[-118.45927,34.44874],[-118.45926,34.44877],[-118.4592,34.44884],[-118.45909,34.44893],[-118.45898,34.449],[-118.45892,34.44905],[-118.4588,34.44909],[-118.45879,34.44909],[-118.45858,34.44914],[-118.45848,34.44916],[-118.45837,34.44921],[-118.4583,34.44925],[-118.45817,34.44935],[-118.45809,34.4494],[-118.45798,34.44944],[-118.45786,34.44947],[-118.4577,34.44948],[-118.45744,34.44948],[-118.45726,34.44949],[-118.45676,34.44955],[-118.45636,34.4496],[-118.45617,34.44963],[-118.456,34.44965],[-118.45585,34.44965],[-118.4557,34.44964],[-118.45548,34.4496],[-118.4554,34.44959],[-118.45535,34.44958],[-118.45527,34.44956],[-118.45517,34.44953],[-118.45509,34.44948],[-118.45503,34.44942],[-118.45498,34.44934],[-118.45487,34.44915],[-118.45482,34.44911],[-118.45475,34.44909],[-118.45473,34.4491],[-118.4547,34.4491],[-118.45454,34.44916],[-118.45444,34.44919],[-118.45426,34.44918],[-118.45393,34.44918],[-118.45384,34.44917],[-118.45366,34.44912],[-118.45357,34.4491],[-118.45345,34.44907],[-118.45332,34.44906],[-118.45317,34.44907],[-118.45299,34.44909],[-118.45283,34.44914],[-118.45262,34.44923],[-118.45233,34.44935],[-118.45196,34.44942],[-118.45149,34.44952],[-118.45135,34.44955],[-118.45123,34.44955],[-118.45117,34.44954],[-118.45108,34.44953],[-118.45096,34.44949],[-118.45078,34.44941],[-118.45065,34.44937],[-118.45051,34.44934],[-118.45038,34.44931],[-118.45009,34.44928],[-118.45009,34.44948],[-118.45009,34.4524],[-118.45009,34.4524],[-118.45009,34.45241],[-118.45009,34.45241],[-118.45007,34.45404],[-118.45007,34.45405],[-118.45005,34.45593],[-118.45005,34.45596],[-118.45005,34.45604],[-118.45004,34.45742],[-118.45003,34.45772],[-118.45003,34.45831],[-118.45002,34.4594],[-118.45002,34.45952],[-118.45002,34.45962],[-118.45004,34.46239],[-118.45005,34.46293],[-118.45005,34.46314],[-118.45005,34.4636],[-118.45006,34.46461],[-118.45007,34.46529],[-118.45007,34.46597],[-118.45008,34.46634],[-118.45008,34.46659],[-118.45007,34.46659],[-118.45007,34.46659],[-118.45006,34.46659],[-118.44353,34.46674],[-118.44351,34.46674],[-118.44274,34.46675],[-118.44134,34.46678],[-118.44093,34.46679],[-118.44008,34.4668],[-118.44007,34.4668],[-118.44006,34.46681],[-118.43999,34.46687],[-118.43985,34.46699],[-118.43976,34.46707],[-118.43963,34.46717],[-118.43961,34.46719],[-118.43957,34.46722],[-118.43956,34.46724],[-118.43956,34.46724],[-118.43955,34.46724],[-118.43954,34.46725],[-118.43954,34.46725],[-118.43954,34.46725],[-118.43954,34.46726],[-118.43953,34.46726],[-118.43953,34.46726],[-118.43949,34.46729],[-118.43949,34.4673],[-118.43933,34.46743],[-118.43933,34.46743],[-118.43933,34.46743],[-118.4393,34.46746],[-118.43917,34.46756],[-118.43911,34.46762],[-118.43911,34.46762],[-118.43911,34.46761],[-118.43906,34.46756],[-118.43884,34.46732],[-118.4387,34.46717],[-118.43848,34.46693],[-118.43841,34.46686],[-118.4384,34.46684],[-118.4384,34.46684],[-118.4384,34.46684],[-118.4384,34.46684],[-118.43839,34.46684],[-118.43839,34.46684],[-118.43839,34.46684],[-118.43839,34.46684],[-118.43816,34.46685],[-118.43812,34.46685],[-118.43811,34.46685],[-118.43811,34.46685],[-118.43809,34.46685],[-118.43807,34.46685],[-118.43806,34.46685],[-118.43806,34.46685],[-118.43771,34.46686],[-118.43737,34.46686],[-118.43736,34.46686],[-118.43735,34.46685],[-118.43734,34.46682],[-118.43731,34.46683],[-118.43729,34.46684],[-118.43724,34.46687],[-118.43711,34.46687],[-118.43684,34.46688],[-118.43609,34.46689],[-118.43567,34.4669],[-118.4353,34.46691],[-118.43502,34.46692],[-118.435,34.46692],[-118.43492,34.46692],[-118.43492,34.46692],[-118.43492,34.46692],[-118.43492,34.46692],[-118.43491,34.4669],[-118.43475,34.46663],[-118.4346,34.46636],[-118.43459,34.46635],[-118.43433,34.46658],[-118.43433,34.46658],[-118.43432,34.46659],[-118.43399,34.46688],[-118.43393,34.46694],[-118.43393,34.46694],[-118.43393,34.46694],[-118.43391,34.46694],[-118.43391,34.46694],[-118.43276,34.46698],[-118.43258,34.46698],[-118.43258,34.467],[-118.43253,34.46818],[-118.43252,34.46852],[-118.43251,34.46882],[-118.4325,34.46898],[-118.43248,34.46944],[-118.43248,34.46947],[-118.43244,34.47058],[-118.43242,34.47095],[-118.43245,34.47095],[-118.43245,34.47095],[-118.43239,34.47127],[-118.43232,34.47315],[-118.43228,34.47413],[-118.43227,34.47423],[-118.43227,34.47424],[-118.43226,34.47461],[-118.43213,34.47787],[-118.43207,34.4794],[-118.43203,34.48038],[-118.43203,34.48038],[-118.432,34.48128],[-118.432,34.48129],[-118.43199,34.48134],[-118.432,34.48134],[-118.43199,34.4815],[-118.43199,34.4815],[-118.43199,34.4815],[-118.43198,34.48214],[-118.43197,34.48247],[-118.43197,34.48262],[-118.43196,34.48325],[-118.43193,34.48467],[-118.43192,34.48522],[-118.43191,34.48617],[-118.43189,34.48716],[-118.43188,34.48771],[-118.43187,34.48843],[-118.43187,34.48856],[-118.43185,34.48979],[-118.43184,34.49028],[-118.43183,34.49071],[-118.4318,34.49232],[-118.43179,34.49312],[-118.43176,34.49467],[-118.43175,34.49518],[-118.43175,34.49554],[-118.43175,34.49561],[-118.4317,34.4974],[-118.43168,34.49787],[-118.43166,34.49862],[-118.43166,34.49895],[-118.43163,34.4998],[-118.43162,34.50025],[-118.43159,34.50128],[-118.43156,34.50245],[-118.43155,34.50291],[-118.43154,34.50317],[-118.43152,34.50399],[-118.4315,34.5045],[-118.4315,34.50451],[-118.4315,34.50462],[-118.43149,34.50499],[-118.43147,34.50577],[-118.43145,34.50657],[-118.43142,34.50741],[-118.43141,34.50791],[-118.43141,34.50792],[-118.4314,34.50838],[-118.43138,34.50903],[-118.43137,34.50933],[-118.43136,34.5098],[-118.43133,34.51073],[-118.43113,34.51807],[-118.43093,34.52528],[-118.43093,34.52542],[-118.43093,34.52542],[-118.43091,34.52586],[-118.43085,34.52825],[-118.43078,34.53085],[-118.43074,34.53206],[-118.43074,34.53217],[-118.43074,34.53228],[-118.43074,34.53237],[-118.43073,34.53239],[-118.43073,34.53252],[-118.43073,34.53252],[-118.43073,34.53252],[-118.43073,34.53252],[-118.43073,34.53269],[-118.43053,34.53964],[-118.43053,34.53997],[-118.42659,34.53995],[-118.41269,34.53989],[-118.39988,34.53989],[-118.39793,34.53989],[-118.39501,34.53989],[-118.39079,34.5399],[-118.38658,34.53991],[-118.37815,34.53993],[-118.3783,34.53664],[-118.3786,34.52981],[-118.37868,34.52792],[-118.37878,34.5256],[-118.37881,34.52503],[-118.37941,34.51129],[-118.37941,34.51124],[-118.37941,34.51123],[-118.37944,34.50751],[-118.37947,34.50437],[-118.37947,34.50378],[-118.37948,34.503],[-118.37948,34.503],[-118.37948,34.50282],[-118.37948,34.50282],[-118.37948,34.50269],[-118.37947,34.50245],[-118.37927,34.50244],[-118.37928,34.50212],[-118.37944,34.50208],[-118.37943,34.50204],[-118.37943,34.50194],[-118.37931,34.50042],[-118.37928,34.50005],[-118.37919,34.49898],[-118.37899,34.49637],[-118.37899,34.49634],[-118.37899,34.49634],[-118.37899,34.49621],[-118.37903,34.49262],[-118.37909,34.4876],[-118.37911,34.4876],[-118.3793,34.48751],[-118.37954,34.48741],[-118.37948,34.48729],[-118.37911,34.48652],[-118.37911,34.48652],[-118.37912,34.48518],[-118.37919,34.48081],[-118.37919,34.48074],[-118.37929,34.47639],[-118.3795,34.46783],[-118.3795,34.46782],[-118.37951,34.46763],[-118.37951,34.46763],[-118.37897,34.46763],[-118.37897,34.46763],[-118.37895,34.46763],[-118.37895,34.46763],[-118.37831,34.46762],[-118.37712,34.46761],[-118.37592,34.4676],[-118.37473,34.46759],[-118.37353,34.46758],[-118.37234,34.46757],[-118.37116,34.46756],[-118.37114,34.46756],[-118.37102,34.46756],[-118.37095,34.46756],[-118.36995,34.46756],[-118.36995,34.46756],[-118.36884,34.46755],[-118.36773,34.46754],[-118.36662,34.46754],[-118.36641,34.46753],[-118.36574,34.46753],[-118.36551,34.46753],[-118.36452,34.46752],[-118.36442,34.46752],[-118.36442,34.46752],[-118.36441,34.46752],[-118.36441,34.46752],[-118.3633,34.46751],[-118.36219,34.46751],[-118.36195,34.46751],[-118.36131,34.4675],[-118.3611,34.4675],[-118.3611,34.46746],[-118.36111,34.46721],[-118.36111,34.46691],[-118.36111,34.46668],[-118.36111,34.46659],[-118.36112,34.46565],[-118.36115,34.4638],[-118.36117,34.46193],[-118.36119,34.46007],[-118.36121,34.45826],[-118.36124,34.45645],[-118.36124,34.45633],[-118.36125,34.45531],[-118.36125,34.45526],[-118.36125,34.45506],[-118.36125,34.455],[-118.36125,34.45499],[-118.36125,34.45499],[-118.36126,34.45482],[-118.36126,34.45479],[-118.36126,34.45465],[-118.36126,34.45464],[-118.36126,34.45464],[-118.36126,34.45453],[-118.36126,34.45451],[-118.36126,34.45442],[-118.36126,34.4542],[-118.36127,34.45395],[-118.36128,34.45283],[-118.36127,34.45272],[-118.36127,34.45272],[-118.36076,34.44721],[-118.36069,34.44646],[-118.36063,34.44578],[-118.36063,34.44578],[-118.36061,34.44559],[-118.3606,34.44531],[-118.36057,34.44235],[-118.36052,34.43809],[-118.36052,34.43809],[-118.36052,34.43809],[-118.36046,34.43809],[-118.36046,34.43809],[-118.35314,34.43723],[-118.35163,34.43705],[-118.35163,34.43705],[-118.35153,34.43704],[-118.35122,34.437],[-118.34967,34.43682],[-118.34719,34.43653],[-118.34643,34.43644],[-118.34631,34.43643],[-118.34536,34.43632],[-118.34407,34.43617],[-118.34274,34.43601],[-118.34193,34.43601],[-118.34192,34.43601],[-118.34131,34.436],[-118.3409,34.436],[-118.34058,34.436],[-118.34011,34.43599],[-118.34006,34.43599],[-118.34006,34.43599],[-118.34006,34.43599],[-118.33977,34.43599],[-118.33939,34.43599],[-118.33939,34.43599],[-118.33925,34.43599],[-118.33875,34.43598],[-118.33435,34.43595],[-118.33188,34.43645],[-118.33105,34.43661],[-118.32988,34.43685],[-118.32985,34.43685],[-118.32725,34.43738],[-118.32661,34.4375],[-118.32498,34.43783],[-118.3249,34.43785],[-118.32491,34.43769],[-118.32498,34.43429],[-118.32506,34.43074],[-118.32507,34.43067],[-118.32523,34.42364],[-118.3253,34.41656],[-118.32531,34.41573],[-118.32538,34.40845],[-118.32542,34.40293],[-118.32543,34.401],[-118.32549,34.39781],[-118.32556,34.39366],[-118.32569,34.38607],[-118.3257,34.38521],[-118.3258,34.37929],[-118.32581,34.37882],[-118.32602,34.36611],[-118.32603,34.36159],[-118.32603,34.35886],[-118.32603,34.35166],[-118.32603,34.3516],[-118.32663,34.3516],[-118.32754,34.3516],[-118.33373,34.35161],[-118.33419,34.35161],[-118.33445,34.35161],[-118.33478,34.35161],[-118.34248,34.35163],[-118.34353,34.35163],[-118.34353,34.35163],[-118.34832,34.35163],[-118.34876,34.35163],[-118.35,34.35163],[-118.35208,34.35164],[-118.35231,34.35164],[-118.35254,34.35164],[-118.35588,34.35164],[-118.35617,34.35164],[-118.35879,34.35165],[-118.36009,34.35165],[-118.36022,34.35165],[-118.36048,34.35165],[-118.36049,34.35165],[-118.36055,34.35165],[-118.36062,34.35165],[-118.3608,34.35165],[-118.3608,34.35164],[-118.36079,34.3444],[-118.36079,34.34329],[-118.36079,34.3431],[-118.36079,34.34078],[-118.36078,34.33739],[-118.36079,34.33737],[-118.36079,34.33714]]]}},{"type":"Feature","properties":{"seat":"william-s-hart-union-high-school-district-trustee-area-5","label":"Trustee Area 5","county":"TA5","role":"seat"},"geometry":{"type":"Polygon","coordinates":[[[-118.50254,34.42347],[-118.50258,34.42347],[-118.50262,34.42347],[-118.50318,34.42347],[-118.50319,34.42347],[-118.50324,34.42347],[-118.50361,34.42347],[-118.50392,34.42347],[-118.50397,34.42364],[-118.50402,34.42405],[-118.50409,34.42434],[-118.50437,34.42467],[-118.50439,34.4247],[-118.5046,34.42502],[-118.50469,34.42512],[-118.50487,34.42534],[-118.50518,34.42564],[-118.50569,34.42606],[-118.50578,34.42613],[-118.50607,34.42634],[-118.50649,34.42661],[-118.50713,34.4269],[-118.50715,34.4269],[-118.50717,34.42692],[-118.5072,34.42693],[-118.50724,34.42694],[-118.50734,34.42698],[-118.5075,34.42704],[-118.50805,34.42721],[-118.50841,34.42729],[-118.50886,34.42737],[-118.50975,34.42745],[-118.51049,34.42743],[-118.51084,34.4274],[-118.51122,34.42733],[-118.51127,34.42732],[-118.5117,34.42724],[-118.51224,34.4271],[-118.51236,34.42707],[-118.5135,34.42676],[-118.51586,34.4261],[-118.51713,34.42575],[-118.51935,34.42539],[-118.52032,34.42529],[-118.52151,34.42517],[-118.52275,34.42505],[-118.52386,34.42494],[-118.525,34.42484],[-118.52545,34.4248],[-118.52603,34.42477],[-118.52646,34.42475],[-118.52691,34.42477],[-118.52804,34.42489],[-118.52813,34.4249],[-118.52926,34.42501],[-118.53139,34.42521],[-118.53242,34.42532],[-118.53379,34.42562],[-118.5345,34.42587],[-118.53714,34.42722],[-118.53721,34.42726],[-118.53732,34.42734],[-118.53739,34.42738],[-118.53759,34.42749],[-118.53771,34.42754],[-118.53782,34.42759],[-118.53818,34.4277],[-118.53853,34.42783],[-118.53891,34.42798],[-118.53918,34.42807],[-118.5394,34.42815],[-118.53949,34.42817],[-118.53965,34.42821],[-118.53989,34.42826],[-118.54028,34.42834],[-118.54035,34.42835],[-118.54048,34.42836],[-118.54059,34.42838],[-118.541,34.42847],[-118.54111,34.42849],[-118.54122,34.42851],[-118.54134,34.42852],[-118.54135,34.42852],[-118.54141,34.42853],[-118.54148,34.42853],[-118.54169,34.42855],[-118.54178,34.42856],[-118.5419,34.42857],[-118.54212,34.42857],[-118.54218,34.42857],[-118.54271,34.42855],[-118.54289,34.42854],[-118.54306,34.42853],[-118.54368,34.42847],[-118.5444,34.4284],[-118.54502,34.42835],[-118.54527,34.42833],[-118.5454,34.42832],[-118.54553,34.4283],[-118.54582,34.42828],[-118.54586,34.42828],[-118.54596,34.42828],[-118.54602,34.42828],[-118.54627,34.42828],[-118.54645,34.42828],[-118.5465,34.42828],[-118.54665,34.42829],[-118.5467,34.42829],[-118.54683,34.42829],[-118.54714,34.42831],[-118.54713,34.42829],[-118.54718,34.42829],[-118.54748,34.42828],[-118.54791,34.42828],[-118.54834,34.42828],[-118.54849,34.42828],[-118.54888,34.42829],[-118.54919,34.42831],[-118.5495,34.42833],[-118.54964,34.42835],[-118.55003,34.4284],[-118.55036,34.42844],[-118.55053,34.42846],[-118.55087,34.42849],[-118.55101,34.42851],[-118.55116,34.42854],[-118.55143,34.42859],[-118.55169,34.42865],[-118.55265,34.42892],[-118.553,34.42902],[-118.55352,34.4292],[-118.55381,34.42931],[-118.55407,34.42941],[-118.55415,34.42944],[-118.55452,34.4296],[-118.55475,34.42971],[-118.55489,34.42978],[-118.55525,34.42996],[-118.55567,34.43018],[-118.55586,34.43029],[-118.55603,34.43039],[-118.55631,34.43059],[-118.5565,34.43072],[-118.55676,34.43089],[-118.55681,34.43092],[-118.55692,34.431],[-118.55717,34.43119],[-118.55737,34.43134],[-118.55756,34.43149],[-118.55749,34.43156],[-118.55743,34.43163],[-118.55703,34.43205],[-118.55694,34.43215],[-118.55686,34.43227],[-118.55675,34.43246],[-118.55667,34.43258],[-118.5566,34.43272],[-118.55652,34.43286],[-118.55645,34.43301],[-118.55635,34.43324],[-118.55625,34.43344],[-118.55616,34.43362],[-118.55613,34.43374],[-118.55608,34.4339],[-118.55603,34.43407],[-118.55601,34.43417],[-118.556,34.43423],[-118.55598,34.43431],[-118.55596,34.43442],[-118.55595,34.43457],[-118.55594,34.43479],[-118.55592,34.43506],[-118.55587,34.4362],[-118.55582,34.43715],[-118.55581,34.43739],[-118.55579,34.43776],[-118.55579,34.43778],[-118.55577,34.43794],[-118.55576,34.4381],[-118.55573,34.43826],[-118.5557,34.43841],[-118.55567,34.43857],[-118.55562,34.43873],[-118.55557,34.43889],[-118.55551,34.43904],[-118.55545,34.4392],[-118.55538,34.43936],[-118.55514,34.43988],[-118.55509,34.43999],[-118.55462,34.44097],[-118.55423,34.44182],[-118.55384,34.44267],[-118.55376,34.44284],[-118.55371,34.44297],[-118.55366,34.44287],[-118.55363,34.44294],[-118.55351,34.44331],[-118.55349,34.44338],[-118.55348,34.44342],[-118.55339,34.44389],[-118.55339,34.44392],[-118.55335,34.44417],[-118.55338,34.44425],[-118.55342,34.44425],[-118.55342,34.44434],[-118.5534,34.44469],[-118.55338,34.44564],[-118.55337,34.44591],[-118.55336,34.44605],[-118.55334,34.44619],[-118.55332,34.44634],[-118.55329,34.44646],[-118.55325,34.44663],[-118.55321,34.44677],[-118.55317,34.44691],[-118.55307,34.44717],[-118.55301,34.44731],[-118.55289,34.44757],[-118.55282,34.4477],[-118.55275,34.44782],[-118.55264,34.44799],[-118.55259,34.44806],[-118.5525,34.44818],[-118.55241,34.44831],[-118.55197,34.4488],[-118.55132,34.4495],[-118.55119,34.44964],[-118.55111,34.44973],[-118.55073,34.45014],[-118.54989,34.45105],[-118.54966,34.45131],[-118.54955,34.45143],[-118.54945,34.45156],[-118.54937,34.45168],[-118.54935,34.4517],[-118.54927,34.45183],[-118.54918,34.45197],[-118.5491,34.45211],[-118.54903,34.45225],[-118.54895,34.45239],[-118.54889,34.45254],[-118.54883,34.45269],[-118.54877,34.45285],[-118.54872,34.45301],[-118.54868,34.45317],[-118.54864,34.45333],[-118.54861,34.45349],[-118.54859,34.45365],[-118.54858,34.45381],[-118.54857,34.45396],[-118.54856,34.4541],[-118.54856,34.45421],[-118.5486,34.45451],[-118.54861,34.45474],[-118.54863,34.45497],[-118.54864,34.45504],[-118.54869,34.45528],[-118.54874,34.45555],[-118.54884,34.45583],[-118.54893,34.45607],[-118.54899,34.45622],[-118.54921,34.45675],[-118.54943,34.45728],[-118.54949,34.45743],[-118.54956,34.45769],[-118.54965,34.45806],[-118.54968,34.45838],[-118.54971,34.4586],[-118.54973,34.45873],[-118.54973,34.45886],[-118.54975,34.45906],[-118.54974,34.45934],[-118.54979,34.46069],[-118.54982,34.46135],[-118.54984,34.46201],[-118.54985,34.46229],[-118.54979,34.46229],[-118.54979,34.46244],[-118.54967,34.46245],[-118.54967,34.46246],[-118.54968,34.46253],[-118.54968,34.46267],[-118.54921,34.46301],[-118.54924,34.46365],[-118.54925,34.46392],[-118.54909,34.46449],[-118.54898,34.46487],[-118.54892,34.46506],[-118.54852,34.46572],[-118.54808,34.46611],[-118.54806,34.4664],[-118.54807,34.4664],[-118.54838,34.46628],[-118.54852,34.46623],[-118.54863,34.46619],[-118.54875,34.4662],[-118.54877,34.46621],[-118.54822,34.46708],[-118.54796,34.46749],[-118.54796,34.46749],[-118.54733,34.4674],[-118.54722,34.46739],[-118.54676,34.46732],[-118.54676,34.46732],[-118.54695,34.46746],[-118.54746,34.46783],[-118.5473,34.46918],[-118.54706,34.46915],[-118.54704,34.46914],[-118.54698,34.46914],[-118.54699,34.46919],[-118.54699,34.46922],[-118.547,34.46929],[-118.547,34.46935],[-118.547,34.46937],[-118.547,34.4694],[-118.547,34.46948],[-118.547,34.46952],[-118.547,34.46955],[-118.54699,34.46959],[-118.54699,34.46977],[-118.54698,34.46984],[-118.54698,34.46988],[-118.54697,34.46998],[-118.54696,34.47005],[-118.54694,34.47014],[-118.54695,34.47014],[-118.54692,34.47032],[-118.54692,34.47032],[-118.5469,34.47032],[-118.54679,34.47103],[-118.5468,34.47103],[-118.54679,34.47107],[-118.54673,34.47123],[-118.54665,34.47131],[-118.54664,34.47132],[-118.54657,34.4714],[-118.5465,34.47146],[-118.54641,34.47153],[-118.54634,34.4716],[-118.54623,34.47172],[-118.54622,34.47174],[-118.54617,34.47179],[-118.54609,34.47189],[-118.54596,34.47205],[-118.54592,34.47211],[-118.54585,34.4722],[-118.54562,34.47252],[-118.54555,34.47261],[-118.54536,34.47286],[-118.54519,34.4731],[-118.5451,34.47324],[-118.54489,34.47355],[-118.5447,34.4738],[-118.54446,34.47433],[-118.54436,34.47462],[-118.54422,34.47506],[-118.54406,34.47569],[-118.54394,34.47627],[-118.54393,34.47632],[-118.54392,34.47641],[-118.54391,34.47645],[-118.54389,34.47652],[-118.54386,34.47658],[-118.54382,34.47664],[-118.5437,34.47681],[-118.54364,34.47689],[-118.54361,34.47694],[-118.54348,34.47718],[-118.54338,34.47737],[-118.54329,34.47755],[-118.5431,34.47791],[-118.5429,34.47833],[-118.54236,34.47946],[-118.54233,34.47951],[-118.54223,34.47971],[-118.54219,34.47979],[-118.54201,34.48014],[-118.54191,34.48036],[-118.54175,34.48072],[-118.54169,34.48085],[-118.54166,34.4809],[-118.54164,34.48097],[-118.54161,34.48106],[-118.5416,34.48114],[-118.5416,34.48124],[-118.54161,34.48133],[-118.54161,34.48139],[-118.54162,34.48144],[-118.54163,34.48148],[-118.54165,34.48158],[-118.54167,34.48163],[-118.54168,34.4817],[-118.54169,34.48175],[-118.54174,34.48194],[-118.54175,34.48199],[-118.54179,34.48212],[-118.54184,34.48227],[-118.54185,34.48233],[-118.54196,34.48266],[-118.54211,34.48313],[-118.54221,34.48342],[-118.54224,34.48352],[-118.54225,34.48355],[-118.54234,34.48382],[-118.54236,34.4839],[-118.54244,34.48412],[-118.54247,34.48419],[-118.5425,34.48429],[-118.54255,34.48444],[-118.54256,34.48452],[-118.54257,34.48455],[-118.54257,34.48462],[-118.54258,34.48468],[-118.54258,34.48536],[-118.54258,34.48541],[-118.54259,34.48555],[-118.54259,34.48563],[-118.54262,34.48585],[-118.54262,34.48595],[-118.54262,34.48597],[-118.54261,34.48613],[-118.5426,34.48633],[-118.54255,34.48681],[-118.54254,34.48692],[-118.54252,34.48733],[-118.54248,34.48813],[-118.54246,34.48831],[-118.54246,34.48837],[-118.54242,34.48901],[-118.54237,34.48977],[-118.54236,34.48979],[-118.54232,34.49053],[-118.5423,34.49083],[-118.54223,34.49142],[-118.54222,34.4916],[-118.54222,34.49161],[-118.54221,34.49169],[-118.54221,34.49177],[-118.54219,34.49205],[-118.54218,34.49236],[-118.54218,34.49254],[-118.54219,34.49261],[-118.54219,34.4932],[-118.54218,34.49369],[-118.54217,34.49403],[-118.54215,34.49434],[-118.54215,34.49436],[-118.54213,34.49454],[-118.54211,34.49468],[-118.5421,34.49473],[-118.54209,34.49477],[-118.54205,34.49488],[-118.54193,34.49519],[-118.54193,34.4952],[-118.54186,34.49535],[-118.54169,34.49574],[-118.54163,34.49587],[-118.54159,34.49595],[-118.54152,34.49608],[-118.54144,34.4962],[-118.54135,34.4963],[-118.54133,34.49634],[-118.54115,34.49655],[-118.54106,34.49665],[-118.54078,34.49697],[-118.54064,34.49712],[-118.54049,34.49728],[-118.54018,34.49763],[-118.54007,34.49776],[-118.54001,34.49784],[-118.53994,34.49795],[-118.53989,34.49803],[-118.53984,34.49812],[-118.53981,34.49818],[-118.53975,34.4983],[-118.53971,34.49842],[-118.53961,34.49866],[-118.53958,34.49873],[-118.53955,34.49882],[-118.53928,34.49961],[-118.53914,34.49997],[-118.53909,34.50013],[-118.53907,34.50019],[-118.53907,34.50021],[-118.53905,34.50032],[-118.53904,34.50045],[-118.53901,34.50062],[-118.53891,34.50135],[-118.53889,34.50151],[-118.53897,34.50156],[-118.53903,34.50161],[-118.54188,34.50395],[-118.54592,34.50727],[-118.54687,34.50728],[-118.54687,34.50727],[-118.54686,34.50702],[-118.54685,34.50653],[-118.54682,34.50504],[-118.5468,34.50394],[-118.54679,34.50361],[-118.55183,34.50365],[-118.55295,34.50365],[-118.55312,34.50366],[-118.55325,34.50366],[-118.5554,34.50367],[-118.55915,34.50367],[-118.55941,34.50367],[-118.56433,34.50367],[-118.56749,34.50368],[-118.56824,34.50369],[-118.56836,34.50369],[-118.56861,34.50369],[-118.56925,34.50369],[-118.57058,34.5037],[-118.57094,34.5037],[-118.57139,34.5037],[-118.57213,34.50371],[-118.5721,34.5038],[-118.5721,34.50381],[-118.57209,34.50381],[-118.5719,34.50411],[-118.57168,34.50431],[-118.57161,34.50454],[-118.57166,34.50474],[-118.57153,34.50497],[-118.57139,34.50538],[-118.57119,34.506],[-118.57106,34.50649],[-118.57091,34.50682],[-118.5707,34.5071],[-118.57028,34.50741],[-118.56978,34.50779],[-118.56953,34.50813],[-118.56939,34.50853],[-118.56936,34.50897],[-118.56924,34.50928],[-118.56907,34.50932],[-118.56874,34.50991],[-118.56879,34.51014],[-118.56883,34.51046],[-118.56872,34.51071],[-118.56856,34.51099],[-118.5685,34.51109],[-118.56811,34.51164],[-118.56761,34.5123],[-118.56701,34.51291],[-118.5665,34.51326],[-118.56618,34.51352],[-118.56562,34.51408],[-118.56504,34.51438],[-118.56467,34.51448],[-118.56428,34.51457],[-118.5642,34.51441],[-118.56421,34.51434],[-118.5642,34.51421],[-118.56408,34.51405],[-118.56396,34.51399],[-118.56387,34.51396],[-118.56379,34.51388],[-118.56378,34.51373],[-118.56375,34.51366],[-118.56355,34.51338],[-118.56349,34.51328],[-118.56332,34.51306],[-118.56324,34.51289],[-118.56317,34.51278],[-118.56316,34.51271],[-118.563,34.51254],[-118.56296,34.51252],[-118.56273,34.51212],[-118.56272,34.51206],[-118.56274,34.51199],[-118.56282,34.51189],[-118.56284,34.51178],[-118.56265,34.5114],[-118.56248,34.51112],[-118.56243,34.51101],[-118.56235,34.51084],[-118.56235,34.51079],[-118.56236,34.51057],[-118.56231,34.51044],[-118.56223,34.51035],[-118.56208,34.51029],[-118.56182,34.51027],[-118.56167,34.51029],[-118.56152,34.51029],[-118.56143,34.51024],[-118.56138,34.51011],[-118.56138,34.51],[-118.5614,34.50994],[-118.56139,34.50977],[-118.56131,34.50963],[-118.56132,34.50948],[-118.56139,34.50941],[-118.56153,34.50939],[-118.56161,34.50935],[-118.5616,34.50935],[-118.56142,34.50928],[-118.56114,34.50928],[-118.56092,34.50931],[-118.56073,34.50935],[-118.5605,34.50942],[-118.56034,34.50949],[-118.56024,34.50957],[-118.5602,34.50964],[-118.56016,34.50992],[-118.56016,34.51022],[-118.56009,34.51055],[-118.5601,34.51072],[-118.56007,34.51085],[-118.55996,34.51092],[-118.55978,34.51102],[-118.5596,34.51106],[-118.55939,34.5111],[-118.5591,34.51107],[-118.55896,34.51108],[-118.55883,34.51111],[-118.55871,34.51118],[-118.55863,34.51122],[-118.55852,34.5113],[-118.55841,34.51145],[-118.5583,34.51156],[-118.55798,34.51181],[-118.55786,34.51188],[-118.55768,34.51195],[-118.55753,34.51198],[-118.55739,34.51205],[-118.55719,34.51214],[-118.55695,34.5123],[-118.55688,34.51232],[-118.55682,34.51236],[-118.55674,34.5124],[-118.55658,34.5125],[-118.55623,34.51267],[-118.55576,34.51289],[-118.55537,34.51317],[-118.55538,34.51383],[-118.55562,34.51397],[-118.5557,34.51409],[-118.55576,34.5142],[-118.5558,34.51432],[-118.55581,34.51447],[-118.55574,34.51463],[-118.55569,34.51474],[-118.55564,34.51476],[-118.55552,34.51477],[-118.5554,34.51477],[-118.55532,34.51473],[-118.55527,34.51472],[-118.5552,34.51472],[-118.55514,34.51472],[-118.55487,34.51471],[-118.5548,34.51473],[-118.55464,34.51489],[-118.55467,34.5152],[-118.55466,34.51538],[-118.55457,34.51555],[-118.5545,34.51561],[-118.55417,34.51568],[-118.55392,34.51579],[-118.55374,34.51589],[-118.55362,34.516],[-118.55353,34.5161],[-118.55346,34.51622],[-118.5534,34.5164],[-118.55339,34.51655],[-118.55318,34.51667],[-118.55298,34.51673],[-118.55276,34.51675],[-118.55189,34.51683],[-118.55177,34.51678],[-118.55156,34.51677],[-118.5513,34.51682],[-118.55102,34.51684],[-118.55076,34.51686],[-118.55033,34.51686],[-118.55022,34.51681],[-118.54972,34.51674],[-118.54907,34.51679],[-118.54847,34.51664],[-118.54819,34.51653],[-118.54781,34.5165],[-118.54764,34.51652],[-118.54739,34.51654],[-118.54719,34.51663],[-118.54695,34.5167],[-118.5469,34.51673],[-118.54685,34.51685],[-118.5467,34.51698],[-118.54669,34.5181],[-118.54575,34.5181],[-118.54546,34.5181],[-118.54356,34.5181],[-118.54219,34.5181],[-118.53768,34.51809],[-118.53768,34.51812],[-118.53768,34.51895],[-118.53766,34.52179],[-118.53764,34.52549],[-118.53758,34.53055],[-118.53756,34.53295],[-118.5375,34.53844],[-118.53749,34.53944],[-118.53748,34.53955],[-118.5374,34.53958],[-118.53731,34.53961],[-118.53724,34.53967],[-118.53724,34.53975],[-118.53731,34.53981],[-118.53739,34.53987],[-118.53742,34.53993],[-118.53743,34.53994],[-118.53743,34.54003],[-118.53737,34.54009],[-118.53727,34.54013],[-118.53718,34.54016],[-118.53674,34.54016],[-118.52852,34.54014],[-118.52848,34.54219],[-118.52845,34.5437],[-118.52842,34.54528],[-118.52838,34.54726],[-118.52833,34.54968],[-118.52831,34.55045],[-118.52831,34.55083],[-118.52828,34.55199],[-118.52827,34.55274],[-118.52825,34.55374],[-118.52823,34.55436],[-118.52823,34.55445],[-118.52822,34.55498],[-118.52821,34.55551],[-118.52819,34.55637],[-118.52819,34.55657],[-118.52819,34.55659],[-118.52818,34.55693],[-118.52815,34.55877],[-118.52814,34.55899],[-118.52658,34.55899],[-118.52369,34.55898],[-118.51924,34.55897],[-118.51911,34.55897],[-118.51889,34.55897],[-118.51891,34.56606],[-118.51893,34.5735],[-118.51893,34.57351],[-118.51893,34.57366],[-118.51895,34.58128],[-118.51897,34.58764],[-118.51897,34.58801],[-118.51897,34.58846],[-118.51897,34.58846],[-118.5189,34.59842],[-118.51887,34.60223],[-118.51887,34.60224],[-118.51887,34.60248],[-118.50047,34.60232],[-118.49938,34.60231],[-118.48941,34.60223],[-118.489,34.60222],[-118.48835,34.60222],[-118.48342,34.60218],[-118.48326,34.60217],[-118.48182,34.60216],[-118.48143,34.60216],[-118.47969,34.60214],[-118.46522,34.60202],[-118.46522,34.60201],[-118.4479,34.60201],[-118.44783,34.60201],[-118.44749,34.60201],[-118.4473,34.60201],[-118.44721,34.60201],[-118.44675,34.60201],[-118.44668,34.60201],[-118.44662,34.60201],[-118.4463,34.60201],[-118.44613,34.60201],[-118.44521,34.60201],[-118.44191,34.60201],[-118.43785,34.60201],[-118.4364,34.60201],[-118.43391,34.60201],[-118.43283,34.60201],[-118.43012,34.60201],[-118.43012,34.60201],[-118.42873,34.60203],[-118.42842,34.60203],[-118.42474,34.60209],[-118.42363,34.60211],[-118.41982,34.60216],[-118.41558,34.60223],[-118.41467,34.60224],[-118.41452,34.60224],[-118.41119,34.6023],[-118.41114,34.60229],[-118.40793,34.60222],[-118.40654,34.60219],[-118.40634,34.60219],[-118.40354,34.60213],[-118.40215,34.6021],[-118.39911,34.60203],[-118.39461,34.60193],[-118.39338,34.60193],[-118.39338,34.60184],[-118.39338,34.60177],[-118.39338,34.60098],[-118.39334,34.59473],[-118.39334,34.59434],[-118.39333,34.5924],[-118.39331,34.58965],[-118.3933,34.58831],[-118.3933,34.58803],[-118.3933,34.58797],[-118.3933,34.58786],[-118.3933,34.58754],[-118.3933,34.58747],[-118.39329,34.5873],[-118.39329,34.58721],[-118.39329,34.58718],[-118.39329,34.58713],[-118.39327,34.58398],[-118.39327,34.58246],[-118.39326,34.58216],[-118.39326,34.58183],[-118.39326,34.58151],[-118.39326,34.58141],[-118.39326,34.58129],[-118.39326,34.58098],[-118.39326,34.58089],[-118.39326,34.58087],[-118.39325,34.58035],[-118.39325,34.58035],[-118.39222,34.58035],[-118.39222,34.58036],[-118.38659,34.58036],[-118.38446,34.58037],[-118.38442,34.57839],[-118.38442,34.57599],[-118.38443,34.57599],[-118.38443,34.57599],[-118.38443,34.57596],[-118.38443,34.57591],[-118.38442,34.57319],[-118.38442,34.57319],[-118.38376,34.57319],[-118.37708,34.57321],[-118.37563,34.57321],[-118.37565,34.56883],[-118.37569,34.56251],[-118.3757,34.5612],[-118.3757,34.5612],[-118.37571,34.55971],[-118.37571,34.55877],[-118.37571,34.55867],[-118.37726,34.55868],[-118.37726,34.55857],[-118.37732,34.55737],[-118.37739,34.55593],[-118.37815,34.53993],[-118.38658,34.53991],[-118.39079,34.5399],[-118.39501,34.53989],[-118.39653,34.53989],[-118.39793,34.53989],[-118.39988,34.53989],[-118.41269,34.53989],[-118.42659,34.53995],[-118.43053,34.53997],[-118.43053,34.53964],[-118.43073,34.53269],[-118.43073,34.53252],[-118.43073,34.53252],[-118.43073,34.53252],[-118.43073,34.53252],[-118.43073,34.53239],[-118.43074,34.53237],[-118.43074,34.53228],[-118.43074,34.53217],[-118.43074,34.53206],[-118.43078,34.53085],[-118.43085,34.52825],[-118.43091,34.52586],[-118.43093,34.52542],[-118.43093,34.52542],[-118.43093,34.52528],[-118.43113,34.51807],[-118.43133,34.51073],[-118.43136,34.5098],[-118.43137,34.50933],[-118.43138,34.50903],[-118.4314,34.50838],[-118.43141,34.50792],[-118.43141,34.50791],[-118.43142,34.50741],[-118.43145,34.50657],[-118.43147,34.50577],[-118.43149,34.50499],[-118.4315,34.50462],[-118.4315,34.50451],[-118.4315,34.5045],[-118.43152,34.50399],[-118.43154,34.50317],[-118.43155,34.50291],[-118.43156,34.50245],[-118.43159,34.50128],[-118.43162,34.50025],[-118.43163,34.4998],[-118.43166,34.49895],[-118.43166,34.49862],[-118.43168,34.49787],[-118.4317,34.4974],[-118.43175,34.49561],[-118.43175,34.49554],[-118.43175,34.49518],[-118.43176,34.49467],[-118.43179,34.49312],[-118.4318,34.49232],[-118.43183,34.49071],[-118.43184,34.49028],[-118.43185,34.48979],[-118.43187,34.48856],[-118.43187,34.48843],[-118.43188,34.48771],[-118.43189,34.48716],[-118.43191,34.48617],[-118.43192,34.48522],[-118.43193,34.48467],[-118.43196,34.48325],[-118.43197,34.48262],[-118.43197,34.48247],[-118.43198,34.48214],[-118.43199,34.4815],[-118.43199,34.4815],[-118.43199,34.4815],[-118.432,34.48134],[-118.43199,34.48134],[-118.432,34.48129],[-118.432,34.48128],[-118.43203,34.48038],[-118.43203,34.48038],[-118.43207,34.4794],[-118.43213,34.47787],[-118.43226,34.47461],[-118.43227,34.47424],[-118.43227,34.47423],[-118.43228,34.47413],[-118.43232,34.47315],[-118.43239,34.47127],[-118.43245,34.47095],[-118.43245,34.47095],[-118.43242,34.47095],[-118.43244,34.47058],[-118.43248,34.46947],[-118.43248,34.46944],[-118.4325,34.46898],[-118.43251,34.46882],[-118.43252,34.46852],[-118.43253,34.46818],[-118.43258,34.467],[-118.43258,34.46698],[-118.43276,34.46698],[-118.43391,34.46694],[-118.43391,34.46694],[-118.43391,34.46694],[-118.43393,34.46694],[-118.43393,34.46694],[-118.43393,34.46694],[-118.43399,34.46688],[-118.43432,34.46659],[-118.43433,34.46658],[-118.43433,34.46658],[-118.43459,34.46635],[-118.4346,34.46636],[-118.43475,34.46663],[-118.43491,34.4669],[-118.43492,34.46692],[-118.43492,34.46692],[-118.43492,34.46692],[-118.43492,34.46692],[-118.435,34.46692],[-118.43502,34.46692],[-118.4353,34.46691],[-118.43567,34.4669],[-118.43609,34.46689],[-118.43684,34.46688],[-118.43711,34.46687],[-118.43724,34.46687],[-118.43729,34.46684],[-118.43731,34.46683],[-118.43734,34.46682],[-118.43735,34.46685],[-118.43736,34.46686],[-118.43737,34.46686],[-118.43771,34.46686],[-118.43806,34.46685],[-118.43806,34.46685],[-118.43807,34.46685],[-118.43809,34.46685],[-118.43811,34.46685],[-118.43811,34.46685],[-118.43812,34.46685],[-118.43816,34.46685],[-118.43839,34.46684],[-118.43839,34.46684],[-118.43839,34.46684],[-118.43839,34.46684],[-118.4384,34.46684],[-118.4384,34.46684],[-118.4384,34.46684],[-118.4384,34.46684],[-118.43841,34.46686],[-118.43848,34.46693],[-118.4387,34.46717],[-118.43884,34.46732],[-118.43906,34.46756],[-118.43911,34.46761],[-118.43911,34.46762],[-118.43911,34.46762],[-118.43917,34.46756],[-118.4393,34.46746],[-118.43933,34.46743],[-118.43933,34.46743],[-118.43933,34.46743],[-118.43949,34.4673],[-118.43949,34.46729],[-118.43953,34.46726],[-118.43953,34.46726],[-118.43954,34.46726],[-118.43954,34.46725],[-118.43954,34.46725],[-118.43954,34.46725],[-118.43955,34.46724],[-118.43956,34.46724],[-118.43956,34.46724],[-118.43957,34.46722],[-118.43961,34.46719],[-118.43963,34.46717],[-118.43976,34.46707],[-118.43985,34.46699],[-118.43999,34.46687],[-118.44006,34.46681],[-118.44007,34.4668],[-118.44008,34.4668],[-118.44093,34.46679],[-118.44134,34.46678],[-118.44274,34.46675],[-118.44351,34.46674],[-118.44353,34.46674],[-118.45006,34.46659],[-118.45007,34.46659],[-118.45007,34.46659],[-118.45008,34.46659],[-118.45008,34.46634],[-118.45007,34.46597],[-118.45007,34.46529],[-118.45006,34.46461],[-118.45005,34.4636],[-118.45005,34.46314],[-118.45005,34.46293],[-118.45004,34.46239],[-118.45002,34.45962],[-118.45002,34.45952],[-118.45002,34.4594],[-118.45003,34.45831],[-118.45003,34.45772],[-118.45004,34.45742],[-118.45005,34.45604],[-118.45005,34.45596],[-118.45005,34.45593],[-118.45007,34.45405],[-118.45007,34.45404],[-118.45009,34.45241],[-118.45009,34.45241],[-118.45009,34.44948],[-118.45009,34.44928],[-118.45038,34.44931],[-118.45051,34.44934],[-118.45065,34.44937],[-118.45078,34.44941],[-118.45096,34.44949],[-118.45108,34.44953],[-118.45117,34.44954],[-118.45123,34.44955],[-118.45135,34.44955],[-118.45149,34.44952],[-118.45196,34.44942],[-118.45233,34.44935],[-118.45262,34.44923],[-118.45283,34.44914],[-118.45299,34.44909],[-118.45317,34.44907],[-118.45332,34.44906],[-118.45345,34.44907],[-118.45357,34.4491],[-118.45366,34.44912],[-118.45384,34.44917],[-118.45393,34.44918],[-118.45426,34.44918],[-118.45444,34.44919],[-118.45454,34.44916],[-118.4547,34.4491],[-118.45473,34.4491],[-118.45475,34.44909],[-118.45482,34.44911],[-118.45487,34.44915],[-118.45498,34.44934],[-118.45503,34.44942],[-118.45509,34.44948],[-118.45517,34.44953],[-118.45527,34.44956],[-118.45535,34.44958],[-118.4554,34.44959],[-118.45548,34.4496],[-118.4557,34.44964],[-118.45585,34.44965],[-118.456,34.44965],[-118.45617,34.44963],[-118.45636,34.4496],[-118.45676,34.44955],[-118.45726,34.44949],[-118.45744,34.44948],[-118.4577,34.44948],[-118.45786,34.44947],[-118.45798,34.44944],[-118.45809,34.4494],[-118.45817,34.44935],[-118.4583,34.44925],[-118.45837,34.44921],[-118.45848,34.44916],[-118.45858,34.44914],[-118.4588,34.44909],[-118.45892,34.44905],[-118.45898,34.449],[-118.45909,34.44893],[-118.4592,34.44884],[-118.45926,34.44877],[-118.45927,34.44874],[-118.45928,34.44874],[-118.4594,34.44844],[-118.45948,34.44829],[-118.45959,34.44814],[-118.45965,34.44798],[-118.4597,34.44791],[-118.45975,34.44785],[-118.4599,34.44774],[-118.4601,34.4476],[-118.46031,34.44746],[-118.46051,34.44727],[-118.46077,34.44702],[-118.46107,34.44666],[-118.46136,34.44642],[-118.46152,34.44632],[-118.46161,34.4463],[-118.46174,34.44627],[-118.46186,34.44628],[-118.46196,34.44631],[-118.46214,34.44637],[-118.46225,34.44636],[-118.46255,34.44642],[-118.46295,34.44643],[-118.46339,34.44636],[-118.4635,34.44631],[-118.46374,34.44627],[-118.46392,34.44619],[-118.46411,34.44617],[-118.46428,34.4461],[-118.46427,34.44608],[-118.46404,34.44556],[-118.46404,34.44556],[-118.46398,34.44543],[-118.46396,34.44538],[-118.46474,34.445],[-118.46547,34.44477],[-118.46601,34.44461],[-118.46605,34.44459],[-118.46622,34.44455],[-118.46622,34.44454],[-118.46627,34.44443],[-118.46632,34.44433],[-118.46638,34.44425],[-118.46662,34.44392],[-118.46689,34.44403],[-118.46703,34.44408],[-118.4673,34.44417],[-118.46771,34.44429],[-118.46786,34.4443],[-118.46788,34.4443],[-118.46844,34.44436],[-118.46941,34.44446],[-118.46966,34.44449],[-118.46995,34.44451],[-118.47032,34.44455],[-118.47078,34.44456],[-118.47105,34.44456],[-118.47119,34.44456],[-118.47167,34.44451],[-118.47237,34.44438],[-118.47267,34.4443],[-118.473,34.44422],[-118.47301,34.44424],[-118.47302,34.44427],[-118.47304,34.44432],[-118.47306,34.44437],[-118.47307,34.44439],[-118.47313,34.44451],[-118.47313,34.44453],[-118.47316,34.44458],[-118.47318,34.44462],[-118.47322,34.4447],[-118.47326,34.44477],[-118.47327,34.44478],[-118.4733,34.44484],[-118.47333,34.44489],[-118.47334,34.4449],[-118.47338,34.44496],[-118.47343,34.44503],[-118.47344,34.44504],[-118.47346,34.44507],[-118.47351,34.44514],[-118.47352,34.44515],[-118.47353,34.44516],[-118.47361,34.44525],[-118.47362,34.44526],[-118.47365,34.44529],[-118.47366,34.4453],[-118.47369,34.44533],[-118.4737,34.44534],[-118.47371,34.44536],[-118.47372,34.44537],[-118.47374,34.44538],[-118.47375,34.44539],[-118.47379,34.44543],[-118.4738,34.44544],[-118.47381,34.44545],[-118.47383,34.44546],[-118.47384,34.44547],[-118.47385,34.44548],[-118.47386,34.44549],[-118.47387,34.4455],[-118.47391,34.44552],[-118.47392,34.44553],[-118.47393,34.44554],[-118.47397,34.44557],[-118.47398,34.44558],[-118.47399,34.44559],[-118.47401,34.4456],[-118.47402,34.44561],[-118.47403,34.44562],[-118.47407,34.44564],[-118.47408,34.44565],[-118.47409,34.44566],[-118.47411,34.44567],[-118.47413,34.44569],[-118.47414,34.44569],[-118.47416,34.4457],[-118.47417,34.44571],[-118.47418,34.44572],[-118.4742,34.44573],[-118.47421,34.44574],[-118.47422,34.44575],[-118.47424,34.44575],[-118.47426,34.44577],[-118.47428,34.44578],[-118.4743,34.4458],[-118.47434,34.44582],[-118.47437,34.44584],[-118.47438,34.44584],[-118.4744,34.44585],[-118.47441,34.44586],[-118.47442,34.44587],[-118.47445,34.44588],[-118.47447,34.44589],[-118.47449,34.44591],[-118.47456,34.44594],[-118.47459,34.44596],[-118.47461,34.44596],[-118.47462,34.44597],[-118.47463,34.44598],[-118.47468,34.446],[-118.47473,34.44603],[-118.47475,34.44603],[-118.47479,34.44605],[-118.47481,34.44606],[-118.47485,34.44608],[-118.47488,34.4461],[-118.47492,34.44611],[-118.47494,34.44612],[-118.47495,34.44613],[-118.47498,34.44614],[-118.47501,34.44615],[-118.47503,34.44616],[-118.47505,34.44617],[-118.47513,34.4462],[-118.47514,34.44621],[-118.47517,34.44622],[-118.47519,34.44622],[-118.4752,34.44623],[-118.47522,34.44624],[-118.47526,34.44625],[-118.47531,34.44627],[-118.47532,34.44628],[-118.47535,34.44629],[-118.47537,34.44629],[-118.47541,34.44631],[-118.47543,34.44632],[-118.47553,34.44636],[-118.47556,34.44637],[-118.47558,34.44638],[-118.47561,34.44639],[-118.47562,34.4464],[-118.47568,34.44642],[-118.47571,34.44643],[-118.47574,34.44644],[-118.47577,34.44646],[-118.47579,34.44646],[-118.47586,34.44649],[-118.47588,34.4465],[-118.47589,34.4465],[-118.47591,34.44651],[-118.47595,34.44652],[-118.47599,34.44653],[-118.47605,34.44655],[-118.4762,34.4466],[-118.47623,34.44661],[-118.47625,34.44661],[-118.47627,34.44662],[-118.47634,34.44664],[-118.47636,34.44664],[-118.47647,34.44667],[-118.47649,34.44667],[-118.4765,34.44668],[-118.4766,34.4467],[-118.47662,34.4467],[-118.47665,34.44671],[-118.47674,34.44673],[-118.47676,34.44673],[-118.47681,34.44674],[-118.47684,34.44675],[-118.47692,34.44677],[-118.47699,34.44678],[-118.477,34.44678],[-118.47702,34.44678],[-118.47705,34.44679],[-118.47707,34.44679],[-118.47716,34.44681],[-118.4772,34.44682],[-118.47724,34.44683],[-118.47755,34.44688],[-118.47757,34.44689],[-118.47762,34.4469],[-118.47763,34.4469],[-118.47765,34.4469],[-118.47794,34.44694],[-118.47798,34.44695],[-118.47808,34.44696],[-118.47809,34.44696],[-118.47819,34.44697],[-118.47821,34.44697],[-118.47834,34.44698],[-118.47836,34.44698],[-118.47842,34.44699],[-118.47844,34.44699],[-118.47845,34.44699],[-118.47862,34.447],[-118.47864,34.447],[-118.47865,34.447],[-118.47879,34.44701],[-118.47884,34.44701],[-118.47887,34.44701],[-118.47892,34.44701],[-118.47893,34.44701],[-118.47918,34.44699],[-118.47946,34.44696],[-118.47967,34.44694],[-118.47984,34.44692],[-118.48002,34.44689],[-118.48028,34.44684],[-118.48035,34.44682],[-118.48041,34.4468],[-118.48043,34.4468],[-118.48044,34.44679],[-118.48046,34.44679],[-118.48047,34.44678],[-118.48049,34.44678],[-118.4805,34.44677],[-118.48052,34.44677],[-118.48053,34.44676],[-118.48055,34.44676],[-118.48057,34.44675],[-118.48058,34.44675],[-118.4806,34.44674],[-118.48061,34.44674],[-118.48063,34.44673],[-118.48064,34.44673],[-118.48066,34.44673],[-118.48068,34.44672],[-118.48069,34.44672],[-118.48071,34.44671],[-118.48072,34.44671],[-118.48074,34.44671],[-118.48075,34.4467],[-118.48077,34.4467],[-118.48079,34.44669],[-118.4808,34.44669],[-118.48082,34.44669],[-118.48083,34.44668],[-118.48085,34.44668],[-118.48087,34.44667],[-118.48088,34.44667],[-118.4809,34.44667],[-118.48091,34.44666],[-118.48093,34.44666],[-118.48095,34.44665],[-118.48096,34.44665],[-118.48098,34.44665],[-118.48099,34.44664],[-118.48101,34.44664],[-118.48103,34.44664],[-118.48104,34.44664],[-118.48106,34.44663],[-118.48108,34.44663],[-118.48109,34.44663],[-118.48111,34.44663],[-118.48112,34.44662],[-118.48114,34.44662],[-118.48116,34.44662],[-118.48117,34.44662],[-118.48119,34.44661],[-118.48121,34.44661],[-118.48122,34.44661],[-118.48124,34.44661],[-118.48126,34.4466],[-118.48127,34.4466],[-118.48129,34.4466],[-118.4813,34.44659],[-118.48132,34.44659],[-118.48133,34.44659],[-118.48135,34.44658],[-118.48137,34.44658],[-118.48138,34.44658],[-118.4814,34.44657],[-118.48142,34.44657],[-118.48143,34.44656],[-118.48145,34.44656],[-118.48146,34.44656],[-118.48148,34.44655],[-118.4815,34.44655],[-118.48151,34.44655],[-118.48153,34.44654],[-118.48154,34.44654],[-118.48156,34.44654],[-118.48157,34.44653],[-118.48159,34.44653],[-118.48161,34.44652],[-118.48162,34.44652],[-118.48164,34.44652],[-118.48166,34.44651],[-118.48167,34.44651],[-118.48169,34.44651],[-118.4817,34.4465],[-118.48172,34.4465],[-118.48174,34.44649],[-118.48175,34.44649],[-118.48177,34.44649],[-118.48178,34.44648],[-118.4818,34.44648],[-118.48181,34.44647],[-118.48183,34.44647],[-118.48185,34.44647],[-118.48186,34.44646],[-118.48188,34.44646],[-118.48189,34.44645],[-118.48191,34.44645],[-118.48192,34.44644],[-118.48194,34.44644],[-118.48195,34.44643],[-118.48197,34.44643],[-118.48199,34.44642],[-118.482,34.44642],[-118.48202,34.44641],[-118.48203,34.44641],[-118.48205,34.4464],[-118.48206,34.4464],[-118.48208,34.44639],[-118.48209,34.44639],[-118.48211,34.44638],[-118.48213,34.44638],[-118.48214,34.44638],[-118.48216,34.44637],[-118.48217,34.44637],[-118.48219,34.44637],[-118.48221,34.44636],[-118.48222,34.44636],[-118.48224,34.44636],[-118.48226,34.44636],[-118.48227,34.44635],[-118.48229,34.44635],[-118.4823,34.44635],[-118.48232,34.44635],[-118.48234,34.44634],[-118.48235,34.44634],[-118.48237,34.44634],[-118.48239,34.44634],[-118.4824,34.44634],[-118.48242,34.44633],[-118.48243,34.44633],[-118.48245,34.44633],[-118.48247,34.44633],[-118.48248,34.44632],[-118.4825,34.44632],[-118.48252,34.44632],[-118.48253,34.44632],[-118.48255,34.44631],[-118.48257,34.44631],[-118.48258,34.44631],[-118.4826,34.4463],[-118.48261,34.4463],[-118.48263,34.4463],[-118.48265,34.4463],[-118.48266,34.44629],[-118.48268,34.44629],[-118.48269,34.44629],[-118.48271,34.44628],[-118.48273,34.44628],[-118.48274,34.44627],[-118.48276,34.44627],[-118.48277,34.44627],[-118.48279,34.44627],[-118.48281,34.44626],[-118.48282,34.44626],[-118.48284,34.44626],[-118.48286,34.44625],[-118.48287,34.44625],[-118.48289,34.44625],[-118.4829,34.44624],[-118.48292,34.44624],[-118.48294,34.44624],[-118.48295,34.44624],[-118.48297,34.44623],[-118.48299,34.44623],[-118.483,34.44623],[-118.48302,34.44623],[-118.48303,34.44622],[-118.48305,34.44622],[-118.48307,34.44622],[-118.48308,34.44622],[-118.4831,34.44622],[-118.48312,34.44621],[-118.48313,34.44621],[-118.48315,34.44621],[-118.48317,34.44621],[-118.48318,34.44621],[-118.4832,34.44621],[-118.48322,34.44621],[-118.48323,34.4462],[-118.48325,34.4462],[-118.48326,34.4462],[-118.48328,34.4462],[-118.4833,34.4462],[-118.48331,34.4462],[-118.48333,34.4462],[-118.48335,34.4462],[-118.48336,34.44619],[-118.48338,34.44619],[-118.4834,34.44619],[-118.48341,34.44619],[-118.48343,34.44619],[-118.48345,34.44619],[-118.48346,34.44619],[-118.48348,34.44618],[-118.4835,34.44618],[-118.48351,34.44618],[-118.48353,34.44618],[-118.48355,34.44618],[-118.48357,34.44618],[-118.48358,34.44618],[-118.4836,34.44618],[-118.48361,34.44617],[-118.48393,34.44616],[-118.48458,34.44613],[-118.4853,34.44614],[-118.48587,34.44618],[-118.48603,34.44618],[-118.48604,34.44618],[-118.48644,34.44619],[-118.48693,34.44622],[-118.48724,34.44625],[-118.48735,34.44627],[-118.48737,34.44627],[-118.48738,34.44627],[-118.4874,34.44627],[-118.48741,34.44628],[-118.48743,34.44628],[-118.48745,34.44628],[-118.48746,34.44629],[-118.48748,34.44629],[-118.48749,34.4463],[-118.48751,34.4463],[-118.48752,34.44631],[-118.48754,34.44631],[-118.48755,34.44632],[-118.48757,34.44632],[-118.48758,34.44633],[-118.4876,34.44633],[-118.48762,34.44634],[-118.48763,34.44634],[-118.48765,34.44635],[-118.48766,34.44635],[-118.48768,34.44636],[-118.48769,34.44636],[-118.48771,34.44637],[-118.48773,34.44637],[-118.48774,34.44637],[-118.48776,34.44638],[-118.48777,34.44638],[-118.48779,34.44639],[-118.4878,34.44639],[-118.48782,34.4464],[-118.48783,34.4464],[-118.48785,34.44641],[-118.48787,34.44641],[-118.48788,34.44642],[-118.4879,34.44642],[-118.48791,34.44643],[-118.48793,34.44643],[-118.48794,34.44644],[-118.48796,34.44644],[-118.48797,34.44645],[-118.48799,34.44645],[-118.488,34.44646],[-118.48802,34.44646],[-118.48803,34.44647],[-118.48805,34.44647],[-118.48807,34.44648],[-118.48808,34.44648],[-118.4881,34.44649],[-118.48811,34.44649],[-118.48813,34.4465],[-118.48814,34.44651],[-118.48816,34.44651],[-118.48817,34.44652],[-118.48818,34.44653],[-118.4882,34.44653],[-118.48821,34.44654],[-118.48823,34.44655],[-118.48824,34.44655],[-118.48826,34.44656],[-118.48827,34.44656],[-118.48829,34.44657],[-118.4883,34.44657],[-118.48832,34.44658],[-118.48834,34.44658],[-118.48835,34.44659],[-118.48837,34.44659],[-118.48838,34.4466],[-118.4884,34.4466],[-118.48841,34.44661],[-118.48843,34.44661],[-118.48844,34.44662],[-118.48846,34.44662],[-118.48848,34.44663],[-118.48849,34.44663],[-118.48851,34.44664],[-118.48852,34.44664],[-118.48854,34.44665],[-118.48855,34.44665],[-118.48857,34.44666],[-118.48858,34.44666],[-118.48859,34.44667],[-118.48866,34.44654],[-118.48871,34.44647],[-118.48882,34.44626],[-118.48884,34.44624],[-118.48885,34.44622],[-118.48891,34.4461],[-118.48894,34.44605],[-118.48916,34.44567],[-118.48925,34.44552],[-118.48944,34.44518],[-118.48944,34.44517],[-118.48954,34.44501],[-118.49373,34.44337],[-118.49403,34.44302],[-118.4941,34.44294],[-118.49424,34.44278],[-118.49467,34.44226],[-118.49479,34.44212],[-118.49482,34.44208],[-118.49499,34.44188],[-118.49516,34.44167],[-118.49526,34.44155],[-118.49532,34.44148],[-118.49545,34.44132],[-118.49555,34.44121],[-118.49557,34.44119],[-118.49557,34.44119],[-118.49796,34.43834],[-118.49831,34.43793],[-118.49831,34.43792],[-118.50139,34.43427],[-118.50064,34.43427],[-118.50065,34.43402],[-118.50066,34.43354],[-118.50106,34.43307],[-118.50136,34.4327],[-118.50253,34.43131],[-118.50253,34.43127],[-118.50254,34.43061],[-118.50254,34.43023],[-118.50261,34.43022],[-118.50329,34.43005],[-118.50384,34.42982],[-118.50451,34.42952],[-118.50499,34.42925],[-118.50372,34.42802],[-118.50313,34.42745],[-118.50254,34.42688],[-118.50254,34.42678],[-118.50254,34.42649],[-118.50254,34.42647],[-118.50254,34.42612],[-118.50254,34.42582],[-118.50254,34.4253],[-118.50254,34.42521],[-118.50254,34.4252],[-118.50254,34.42513],[-118.50254,34.42509],[-118.50254,34.42469],[-118.50254,34.4244],[-118.50254,34.42424],[-118.50254,34.42413],[-118.50254,34.42347]]]}},{"type":"Feature","properties":{"seat":"","label":"District boundary","county":"","role":"outline"},"geometry":{"type":"Polygon","coordinates":[[[-118.6234,34.32118],[-118.62778,34.32117],[-118.63131,34.32117],[-118.63215,34.32116],[-118.63575,34.32116],[-118.64312,34.32115],[-118.64317,34.32126],[-118.64381,34.32179],[-118.64397,34.32187],[-118.64417,34.3219],[-118.6451,34.32186],[-118.64592,34.32206],[-118.64657,34.322],[-118.6471,34.32211],[-118.64733,34.3221],[-118.64784,34.32231],[-118.64784,34.32235],[-118.64803,34.32244],[-118.64803,34.32248],[-118.64814,34.32251],[-118.64828,34.32263],[-118.64889,34.32313],[-118.64997,34.32347],[-118.65003,34.32362],[-118.65004,34.32364],[-118.65025,34.32386],[-118.65031,34.32393],[-118.65023,34.32416],[-118.65016,34.3242],[-118.65007,34.32425],[-118.64977,34.32432],[-118.64955,34.32437],[-118.64932,34.32449],[-118.64918,34.32465],[-118.64902,34.32464],[-118.64897,34.32467],[-118.64861,34.32487],[-118.64854,34.3249],[-118.64794,34.32516],[-118.64786,34.32531],[-118.6476,34.32581],[-118.64726,34.32607],[-118.64731,34.32612],[-118.64731,34.32629],[-118.64737,34.32627],[-118.64748,34.32618],[-118.64765,34.32593],[-118.64766,34.32592],[-118.64771,34.32585],[-118.64788,34.32565],[-118.64806,34.32543],[-118.64815,34.32533],[-118.64824,34.32525],[-118.64825,34.32524],[-118.64828,34.3252],[-118.64829,34.32512],[-118.64828,34.32506],[-118.64854,34.32504],[-118.64876,34.32501],[-118.64883,34.32499],[-118.64919,34.3249],[-118.64929,34.32485],[-118.64943,34.32475],[-118.6496,34.32463],[-118.64974,34.32459],[-118.64978,34.32457],[-118.65004,34.32453],[-118.65016,34.32448],[-118.65028,34.3244],[-118.65033,34.32435],[-118.65036,34.32431],[-118.65043,34.32413],[-118.65045,34.32399],[-118.65046,34.32394],[-118.65051,34.32388],[-118.65069,34.32384],[-118.65079,34.32385],[-118.651,34.32386],[-118.65115,34.32383],[-118.65131,34.32377],[-118.65144,34.32367],[-118.65149,34.32354],[-118.65148,34.3234],[-118.65142,34.32322],[-118.65142,34.32315],[-118.65146,34.32311],[-118.65157,34.3231],[-118.65166,34.32314],[-118.65186,34.32335],[-118.65189,34.32338],[-118.652,34.32342],[-118.65204,34.32342],[-118.65209,34.32344],[-118.65215,34.32345],[-118.65219,34.32344],[-118.65228,34.3234],[-118.6523,34.3234],[-118.6523,34.3234],[-118.65231,34.32339],[-118.65736,34.33371],[-118.6634,34.34601],[-118.66402,34.34727],[-118.66623,34.35178],[-118.67058,34.36066],[-118.67361,34.36682],[-118.67785,34.37546],[-118.69139,34.4031],[-118.69144,34.4031],[-118.69144,34.4031],[-118.69145,34.40312],[-118.69146,34.40313],[-118.69146,34.40314],[-118.69147,34.40316],[-118.6915,34.40322],[-118.69164,34.40352],[-118.69165,34.40353],[-118.69184,34.40392],[-118.69184,34.40392],[-118.69203,34.40431],[-118.69204,34.40433],[-118.69211,34.40446],[-118.69221,34.40467],[-118.69223,34.40471],[-118.69241,34.40507],[-118.69241,34.40509],[-118.69258,34.40543],[-118.6926,34.40547],[-118.69274,34.40574],[-118.69277,34.40581],[-118.69278,34.40583],[-118.69281,34.40589],[-118.69284,34.40595],[-118.69287,34.40601],[-118.6929,34.40607],[-118.69292,34.4061],[-118.69293,34.40614],[-118.69295,34.40618],[-118.69297,34.40621],[-118.69297,34.40622],[-118.69298,34.40624],[-118.69299,34.40626],[-118.69302,34.40632],[-118.69305,34.40637],[-118.69348,34.40725],[-118.69366,34.40762],[-118.6937,34.4077],[-118.69375,34.4078],[-118.6938,34.40791],[-118.69415,34.40862],[-118.69444,34.4092],[-118.69445,34.40923],[-118.69465,34.40963],[-118.69521,34.41076],[-118.6953,34.41096],[-118.69543,34.41121],[-118.69623,34.41285],[-118.69629,34.41297],[-118.69706,34.41454],[-118.6972,34.41481],[-118.6978,34.41603],[-118.69795,34.41634],[-118.69798,34.4164],[-118.69807,34.41658],[-118.69891,34.4183],[-118.69897,34.41842],[-118.69984,34.42018],[-118.6999,34.42031],[-118.70019,34.42089],[-118.70019,34.42089],[-118.70057,34.42166],[-118.70133,34.42322],[-118.70136,34.42328],[-118.70187,34.42431],[-118.70216,34.42491],[-118.70221,34.425],[-118.70271,34.42602],[-118.70301,34.42663],[-118.70304,34.4267],[-118.70343,34.42749],[-118.70364,34.4279],[-118.70386,34.42837],[-118.70389,34.42842],[-118.70426,34.42916],[-118.7047,34.43007],[-118.70474,34.43015],[-118.70539,34.43148],[-118.70557,34.43183],[-118.70559,34.43187],[-118.70641,34.43354],[-118.70644,34.4336],[-118.70653,34.43378],[-118.70709,34.43492],[-118.70713,34.43501],[-118.70714,34.43503],[-118.70749,34.43573],[-118.70759,34.43593],[-118.70842,34.43762],[-118.70853,34.43785],[-118.70888,34.43857],[-118.70904,34.43889],[-118.70939,34.43959],[-118.70944,34.4397],[-118.71039,34.44162],[-118.71042,34.44169],[-118.71069,34.44224],[-118.71122,34.44332],[-118.71136,34.44359],[-118.71143,34.44374],[-118.71234,34.44558],[-118.71239,34.4457],[-118.71251,34.44593],[-118.71251,34.44593],[-118.71309,34.44711],[-118.71329,34.44752],[-118.71337,34.44768],[-118.71388,34.44871],[-118.71399,34.44895],[-118.71431,34.44959],[-118.71463,34.45024],[-118.71463,34.45024],[-118.71463,34.45024],[-118.71476,34.4505],[-118.71481,34.45061],[-118.71482,34.45062],[-118.7149,34.4508],[-118.71491,34.45081],[-118.715,34.451],[-118.71501,34.45101],[-118.71509,34.45118],[-118.71509,34.45119],[-118.7151,34.45121],[-118.71515,34.4513],[-118.71542,34.45186],[-118.71544,34.4519],[-118.71579,34.45259],[-118.71583,34.45269],[-118.71612,34.45327],[-118.71616,34.45335],[-118.71619,34.45342],[-118.71654,34.45412],[-118.71657,34.45418],[-118.71692,34.4549],[-118.71694,34.45494],[-118.71708,34.45522],[-118.7173,34.45568],[-118.71732,34.45571],[-118.7177,34.45647],[-118.71771,34.45651],[-118.71788,34.45684],[-118.71804,34.45718],[-118.71809,34.45726],[-118.7181,34.4573],[-118.71848,34.45807],[-118.7185,34.4581],[-118.71886,34.45884],[-118.71889,34.4589],[-118.71922,34.45956],[-118.71927,34.45967],[-118.7196,34.46033],[-118.71963,34.4604],[-118.71964,34.46042],[-118.72014,34.46143],[-118.72061,34.46238],[-118.72069,34.46255],[-118.72146,34.46412],[-118.72187,34.46495],[-118.72189,34.46499],[-118.72291,34.46706],[-118.72291,34.46706],[-118.7231,34.46745],[-118.72313,34.46751],[-118.72316,34.46757],[-118.72332,34.46789],[-118.72354,34.46835],[-118.72357,34.46841],[-118.72385,34.46897],[-118.7239,34.46908],[-118.72392,34.46911],[-118.72395,34.46917],[-118.72431,34.4699],[-118.72437,34.47002],[-118.7244,34.47009],[-118.72449,34.47028],[-118.7245,34.4703],[-118.72508,34.47148],[-118.72509,34.4715],[-118.72564,34.4726],[-118.7257,34.47273],[-118.72622,34.47378],[-118.72643,34.47421],[-118.72649,34.47433],[-118.72652,34.47439],[-118.72658,34.47451],[-118.72863,34.47867],[-118.72878,34.47898],[-118.72881,34.47904],[-118.73128,34.48406],[-118.73147,34.48444],[-118.73421,34.49],[-118.73436,34.4903],[-118.73542,34.49246],[-118.73704,34.49575],[-118.73729,34.49624],[-118.73831,34.49833],[-118.73876,34.49923],[-118.73877,34.49925],[-118.73934,34.50042],[-118.73983,34.5014],[-118.74007,34.50189],[-118.74115,34.50408],[-118.74291,34.50766],[-118.74299,34.50781],[-118.74471,34.51131],[-118.74583,34.51357],[-118.74601,34.51394],[-118.74605,34.51403],[-118.74827,34.51853],[-118.74879,34.51958],[-118.74887,34.51974],[-118.75183,34.52574],[-118.75189,34.52587],[-118.75456,34.53128],[-118.75475,34.53166],[-118.75479,34.53175],[-118.75543,34.53303],[-118.75738,34.537],[-118.75752,34.53728],[-118.7586,34.53948],[-118.75891,34.5401],[-118.76012,34.54254],[-118.7604,34.54312],[-118.76245,34.54727],[-118.7628,34.54799],[-118.76317,34.54873],[-118.76338,34.54916],[-118.76425,34.55092],[-118.76495,34.55234],[-118.76542,34.55328],[-118.76576,34.55397],[-118.76581,34.55409],[-118.76605,34.55456],[-118.76785,34.5582],[-118.76833,34.55918],[-118.76833,34.55918],[-118.77036,34.56329],[-118.77056,34.56371],[-118.77301,34.56866],[-118.77327,34.56918],[-118.7756,34.57391],[-118.77587,34.57446],[-118.77605,34.57481],[-118.77891,34.58062],[-118.77894,34.58068],[-118.78135,34.58555],[-118.78173,34.58632],[-118.78282,34.58853],[-118.78406,34.59104],[-118.78409,34.5911],[-118.7843,34.59153],[-118.78487,34.59267],[-118.78489,34.59271],[-118.78558,34.59412],[-118.78559,34.59413],[-118.78564,34.59424],[-118.7864,34.59576],[-118.78652,34.59602],[-118.78652,34.59602],[-118.7866,34.59617],[-118.78707,34.59714],[-118.78752,34.59805],[-118.78753,34.59806],[-118.78778,34.59857],[-118.78853,34.60009],[-118.78873,34.60049],[-118.78953,34.60211],[-118.78958,34.60221],[-118.78972,34.60249],[-118.78975,34.60254],[-118.79041,34.60389],[-118.79076,34.6046],[-118.7908,34.60467],[-118.79099,34.60507],[-118.79198,34.60708],[-118.79203,34.60716],[-118.79322,34.60956],[-118.79328,34.60969],[-118.79448,34.61212],[-118.7945,34.61217],[-118.79572,34.61464],[-118.79576,34.61471],[-118.7968,34.61682],[-118.7968,34.61682],[-118.7968,34.61682],[-118.79322,34.6169],[-118.78465,34.61708],[-118.77546,34.61728],[-118.76627,34.61747],[-118.75673,34.6176],[-118.7472,34.61772],[-118.74457,34.61775],[-118.74411,34.61776],[-118.7441,34.61776],[-118.74156,34.61779],[-118.73827,34.61783],[-118.72935,34.61795],[-118.72934,34.61795],[-118.72933,34.61795],[-118.72495,34.61799],[-118.72053,34.61804],[-118.71714,34.61808],[-118.71558,34.61809],[-118.71411,34.61811],[-118.71168,34.61813],[-118.70736,34.61811],[-118.707,34.61811],[-118.70536,34.6181],[-118.7042,34.6181],[-118.70343,34.6181],[-118.70267,34.61809],[-118.70256,34.61809],[-118.70185,34.61809],[-118.70135,34.61809],[-118.69969,34.61808],[-118.69921,34.61808],[-118.69592,34.61806],[-118.69519,34.61806],[-118.69411,34.61805],[-118.68889,34.61806],[-118.68791,34.61807],[-118.68719,34.61807],[-118.68434,34.61805],[-118.6818,34.61804],[-118.67846,34.61802],[-118.67839,34.61802],[-118.66959,34.61796],[-118.66646,34.61791],[-118.66071,34.6178],[-118.6607,34.6178],[-118.65658,34.61775],[-118.65194,34.61769],[-118.64642,34.61762],[-118.64324,34.61757],[-118.64317,34.61757],[-118.64308,34.61757],[-118.63424,34.61762],[-118.63235,34.61762],[-118.6273,34.61765],[-118.62536,34.61766],[-118.62531,34.61766],[-118.6253,34.61766],[-118.6253,34.61766],[-118.62527,34.61766],[-118.62102,34.61763],[-118.61735,34.6176],[-118.61108,34.61756],[-118.60674,34.61753],[-118.59648,34.61746],[-118.59212,34.61743],[-118.59207,34.61743],[-118.59164,34.61742],[-118.58925,34.61741],[-118.57184,34.61728],[-118.56096,34.6172],[-118.56096,34.6172],[-118.5605,34.6172],[-118.55416,34.61715],[-118.53687,34.61702],[-118.51896,34.61689],[-118.51896,34.61689],[-118.51896,34.61663],[-118.51887,34.60316],[-118.51887,34.60248],[-118.51887,34.60248],[-118.51887,34.60248],[-118.50047,34.60232],[-118.49938,34.60231],[-118.48941,34.60223],[-118.489,34.60222],[-118.48835,34.60222],[-118.48342,34.60218],[-118.48326,34.60217],[-118.48182,34.60216],[-118.48143,34.60216],[-118.47969,34.60214],[-118.46522,34.60202],[-118.46522,34.60201],[-118.4479,34.60201],[-118.44783,34.60201],[-118.44749,34.60201],[-118.4473,34.60201],[-118.44721,34.60201],[-118.44675,34.60201],[-118.44668,34.60201],[-118.44662,34.60201],[-118.4463,34.60201],[-118.44613,34.60201],[-118.44521,34.60201],[-118.44191,34.60201],[-118.43785,34.60201],[-118.4364,34.60201],[-118.43391,34.60201],[-118.43283,34.60201],[-118.43012,34.60201],[-118.43012,34.60201],[-118.42873,34.60203],[-118.42842,34.60203],[-118.42474,34.60209],[-118.42363,34.60211],[-118.41982,34.60216],[-118.41558,34.60223],[-118.41467,34.60224],[-118.41452,34.60224],[-118.41119,34.6023],[-118.41114,34.60229],[-118.40793,34.60222],[-118.40654,34.60219],[-118.40634,34.60219],[-118.40354,34.60213],[-118.40215,34.6021],[-118.39911,34.60203],[-118.39461,34.60193],[-118.39338,34.60193],[-118.39338,34.60184],[-118.39338,34.60177],[-118.39338,34.60098],[-118.39334,34.59473],[-118.39334,34.59434],[-118.39333,34.5924],[-118.39331,34.58965],[-118.3933,34.58831],[-118.3933,34.58803],[-118.3933,34.58797],[-118.3933,34.58786],[-118.3933,34.58754],[-118.3933,34.58747],[-118.39329,34.5873],[-118.39329,34.58721],[-118.39329,34.58718],[-118.39329,34.58713],[-118.39327,34.58398],[-118.39327,34.58246],[-118.39326,34.58216],[-118.39326,34.58183],[-118.39326,34.58151],[-118.39326,34.58141],[-118.39326,34.58129],[-118.39326,34.58098],[-118.39326,34.58089],[-118.39326,34.58087],[-118.39325,34.58035],[-118.39325,34.58035],[-118.39222,34.58035],[-118.39222,34.58036],[-118.38659,34.58036],[-118.38446,34.58037],[-118.38442,34.57839],[-118.38442,34.57599],[-118.38443,34.57599],[-118.38443,34.57599],[-118.38443,34.57596],[-118.38443,34.57591],[-118.38442,34.57319],[-118.38442,34.57319],[-118.38376,34.57319],[-118.37708,34.57321],[-118.37563,34.57321],[-118.37565,34.56883],[-118.37569,34.56251],[-118.3757,34.5612],[-118.3757,34.5612],[-118.37571,34.55971],[-118.37571,34.55877],[-118.37571,34.55867],[-118.37726,34.55868],[-118.37726,34.55857],[-118.37732,34.55737],[-118.37739,34.55593],[-118.37815,34.53993],[-118.3783,34.53664],[-118.3786,34.52981],[-118.37868,34.52792],[-118.37878,34.5256],[-118.37881,34.52503],[-118.37941,34.51129],[-118.37941,34.51124],[-118.37941,34.51123],[-118.37944,34.50751],[-118.37947,34.50437],[-118.37947,34.50378],[-118.37948,34.503],[-118.37948,34.503],[-118.37948,34.50282],[-118.37948,34.50282],[-118.37948,34.50269],[-118.37947,34.50245],[-118.37927,34.50244],[-118.37928,34.50212],[-118.37944,34.50208],[-118.37943,34.50204],[-118.37943,34.50194],[-118.37931,34.50042],[-118.37928,34.50005],[-118.37919,34.49898],[-118.37899,34.49637],[-118.37899,34.49634],[-118.37899,34.49634],[-118.37899,34.49621],[-118.37903,34.49262],[-118.37909,34.4876],[-118.37911,34.4876],[-118.3793,34.48751],[-118.37954,34.48741],[-118.37948,34.48729],[-118.37911,34.48652],[-118.37911,34.48652],[-118.37912,34.48518],[-118.37919,34.48081],[-118.37919,34.48074],[-118.37929,34.47639],[-118.3795,34.46783],[-118.3795,34.46782],[-118.37951,34.46763],[-118.37951,34.46763],[-118.37897,34.46763],[-118.37897,34.46763],[-118.37895,34.46763],[-118.37895,34.46763],[-118.37831,34.46762],[-118.37712,34.46761],[-118.37592,34.4676],[-118.37473,34.46759],[-118.37353,34.46758],[-118.37234,34.46757],[-118.37116,34.46756],[-118.37114,34.46756],[-118.37102,34.46756],[-118.37095,34.46756],[-118.36995,34.46756],[-118.36995,34.46756],[-118.36884,34.46755],[-118.36773,34.46754],[-118.36662,34.46754],[-118.36641,34.46753],[-118.36574,34.46753],[-118.36551,34.46753],[-118.36452,34.46752],[-118.36442,34.46752],[-118.36442,34.46752],[-118.36441,34.46752],[-118.36441,34.46752],[-118.3633,34.46751],[-118.36219,34.46751],[-118.36195,34.46751],[-118.36131,34.4675],[-118.3611,34.4675],[-118.3611,34.46746],[-118.36111,34.46721],[-118.36111,34.46691],[-118.36111,34.46668],[-118.36111,34.46659],[-118.36112,34.46565],[-118.36115,34.4638],[-118.36117,34.46193],[-118.36119,34.46007],[-118.36121,34.45826],[-118.36124,34.45645],[-118.36124,34.45633],[-118.36125,34.45531],[-118.36125,34.45526],[-118.36125,34.45506],[-118.36125,34.455],[-118.36125,34.45499],[-118.36125,34.45499],[-118.36126,34.45482],[-118.36126,34.45479],[-118.36126,34.45465],[-118.36126,34.45464],[-118.36126,34.45464],[-118.36126,34.45453],[-118.36126,34.45451],[-118.36126,34.45442],[-118.36126,34.4542],[-118.36127,34.45395],[-118.36128,34.45283],[-118.36127,34.45272],[-118.36127,34.45272],[-118.36076,34.44721],[-118.36069,34.44646],[-118.36063,34.44578],[-118.36063,34.44578],[-118.36061,34.44559],[-118.3606,34.44531],[-118.36057,34.44235],[-118.36052,34.43809],[-118.36052,34.43809],[-118.36052,34.43809],[-118.36046,34.43809],[-118.36046,34.43809],[-118.35314,34.43723],[-118.35163,34.43705],[-118.35163,34.43705],[-118.35153,34.43704],[-118.35122,34.437],[-118.34967,34.43682],[-118.34719,34.43653],[-118.34643,34.43644],[-118.34631,34.43643],[-118.34536,34.43632],[-118.34407,34.43617],[-118.34274,34.43601],[-118.34193,34.43601],[-118.34192,34.43601],[-118.34131,34.436],[-118.3409,34.436],[-118.34058,34.436],[-118.34011,34.43599],[-118.34006,34.43599],[-118.34006,34.43599],[-118.34006,34.43599],[-118.33977,34.43599],[-118.33939,34.43599],[-118.33939,34.43599],[-118.33925,34.43599],[-118.33875,34.43598],[-118.33435,34.43595],[-118.33188,34.43645],[-118.33105,34.43661],[-118.32988,34.43685],[-118.32985,34.43685],[-118.32725,34.43738],[-118.32661,34.4375],[-118.32498,34.43783],[-118.3249,34.43785],[-118.32491,34.43769],[-118.32498,34.43429],[-118.32506,34.43074],[-118.32507,34.43067],[-118.32523,34.42364],[-118.3253,34.41656],[-118.32531,34.41573],[-118.32538,34.40845],[-118.32542,34.40293],[-118.32543,34.401],[-118.32549,34.39781],[-118.32556,34.39366],[-118.32569,34.38607],[-118.3257,34.38521],[-118.3258,34.37929],[-118.32581,34.37882],[-118.32602,34.36611],[-118.32603,34.36159],[-118.32603,34.35886],[-118.32603,34.35166],[-118.32603,34.3516],[-118.32663,34.3516],[-118.32754,34.3516],[-118.33373,34.35161],[-118.33419,34.35161],[-118.33445,34.35161],[-118.33478,34.35161],[-118.34248,34.35163],[-118.34353,34.35163],[-118.34353,34.35163],[-118.34832,34.35163],[-118.34876,34.35163],[-118.35,34.35163],[-118.35208,34.35164],[-118.35231,34.35164],[-118.35254,34.35164],[-118.35588,34.35164],[-118.35617,34.35164],[-118.35879,34.35165],[-118.36009,34.35165],[-118.36022,34.35165],[-118.36048,34.35165],[-118.36049,34.35165],[-118.36055,34.35165],[-118.36062,34.35165],[-118.3608,34.35165],[-118.3608,34.35164],[-118.36079,34.3444],[-118.36079,34.34329],[-118.36079,34.3431],[-118.36079,34.34078],[-118.36078,34.33739],[-118.36079,34.33737],[-118.36079,34.33714],[-118.37365,34.33713],[-118.37786,34.33713],[-118.38769,34.33711],[-118.3947,34.3371],[-118.39709,34.33709],[-118.39709,34.33717],[-118.39712,34.33781],[-118.39713,34.33813],[-118.39715,34.33869],[-118.39716,34.33907],[-118.39716,34.33914],[-118.39717,34.33931],[-118.39717,34.33938],[-118.39717,34.3394],[-118.39717,34.33954],[-118.39717,34.33955],[-118.39718,34.33957],[-118.39718,34.33969],[-118.39718,34.3397],[-118.39718,34.33971],[-118.39719,34.33997],[-118.39719,34.34],[-118.39759,34.35177],[-118.39759,34.35194],[-118.39761,34.35237],[-118.39782,34.35237],[-118.40393,34.35225],[-118.4055,34.35222],[-118.41339,34.35206],[-118.42233,34.35213],[-118.43126,34.3522],[-118.43263,34.35217],[-118.44017,34.35199],[-118.44026,34.35199],[-118.44901,34.35178],[-118.44908,34.35178],[-118.45775,34.35173],[-118.46652,34.35169],[-118.47585,34.35164],[-118.48507,34.3516],[-118.48539,34.3516],[-118.48866,34.35163],[-118.49059,34.35164],[-118.49225,34.35166],[-118.49311,34.35165],[-118.49381,34.35164],[-118.49415,34.35163],[-118.49482,34.35162],[-118.49517,34.35161],[-118.49619,34.3516],[-118.49733,34.35158],[-118.49889,34.35156],[-118.50003,34.35154],[-118.50057,34.35153],[-118.50153,34.35154],[-118.50167,34.35154],[-118.50173,34.35154],[-118.50184,34.35154],[-118.50446,34.35155],[-118.50466,34.35156],[-118.50454,34.35122],[-118.50446,34.35095],[-118.5043,34.35051],[-118.50415,34.34998],[-118.50409,34.34977],[-118.50397,34.34911],[-118.50394,34.34874],[-118.50389,34.34785],[-118.50395,34.34724],[-118.50399,34.34689],[-118.50403,34.3467],[-118.50411,34.34636],[-118.50424,34.34581],[-118.50433,34.34556],[-118.50453,34.345],[-118.50458,34.34486],[-118.50562,34.3452],[-118.50594,34.34533],[-118.50608,34.34539],[-118.50613,34.3454],[-118.50619,34.34543],[-118.50621,34.34544],[-118.50623,34.34544],[-118.50964,34.3468],[-118.50964,34.3468],[-118.50981,34.34686],[-118.51022,34.34703],[-118.51022,34.34703],[-118.51173,34.34762],[-118.51212,34.34778],[-118.51213,34.34778],[-118.51265,34.34799],[-118.51285,34.34807],[-118.51419,34.3486],[-118.51421,34.3486],[-118.51427,34.34863],[-118.51441,34.34869],[-118.5146,34.34875],[-118.5146,34.34877],[-118.51488,34.34888],[-118.51839,34.35026],[-118.51846,34.35028],[-118.51897,34.35048],[-118.51973,34.35078],[-118.51973,34.35048],[-118.51975,34.34889],[-118.51975,34.34762],[-118.51975,34.34714],[-118.51977,34.34539],[-118.51977,34.34419],[-118.51979,34.34224],[-118.51979,34.34176],[-118.51979,34.34149],[-118.5198,34.34023],[-118.5198,34.33939],[-118.51981,34.33845],[-118.51982,34.33815],[-118.51782,34.33815],[-118.51677,34.33815],[-118.5154,34.33814],[-118.51331,34.33714],[-118.51319,34.33708],[-118.51297,34.33697],[-118.5128,34.33687],[-118.51269,34.33679],[-118.51246,34.33667],[-118.5122,34.33658],[-118.512,34.3365],[-118.51189,34.33648],[-118.51172,34.33644],[-118.51077,34.3361],[-118.51047,34.33601],[-118.51037,34.33599],[-118.5102,34.33596],[-118.51011,34.33595],[-118.51003,34.33594],[-118.50996,34.33594],[-118.50984,34.33596],[-118.50979,34.33594],[-118.50957,34.33584],[-118.50931,34.33577],[-118.5088,34.33559],[-118.5088,34.33558],[-118.50879,34.33558],[-118.50786,34.33562],[-118.50669,34.33567],[-118.50662,34.3352],[-118.50716,34.3348],[-118.5072,34.33477],[-118.50722,34.33475],[-118.50725,34.33472],[-118.50734,34.33465],[-118.50735,34.33465],[-118.50735,34.33465],[-118.50736,34.33464],[-118.50746,34.33456],[-118.50748,34.33455],[-118.50754,34.33451],[-118.50754,34.33451],[-118.50758,34.33447],[-118.50759,34.33447],[-118.50766,34.33442],[-118.50771,34.33438],[-118.50772,34.33437],[-118.50778,34.33433],[-118.50783,34.33429],[-118.50783,34.33429],[-118.50826,34.33396],[-118.50834,34.3339],[-118.50834,34.3339],[-118.50834,34.3339],[-118.50834,34.3339],[-118.50835,34.33389],[-118.51133,34.33165],[-118.5121,34.33107],[-118.51225,34.33096],[-118.51548,34.32852],[-118.51614,34.32802],[-118.51706,34.32732],[-118.51915,34.32575],[-118.51984,34.32523],[-118.51992,34.32517],[-118.52158,34.32392],[-118.52188,34.32369],[-118.52202,34.32369],[-118.52421,34.32369],[-118.52871,34.32368],[-118.53311,34.32367],[-118.53751,34.32366],[-118.54523,34.32374],[-118.54609,34.32375],[-118.5462,34.32375],[-118.54634,34.32375],[-118.54932,34.32378],[-118.54947,34.32378],[-118.54954,34.32378],[-118.55055,34.32379],[-118.55492,34.32383],[-118.55944,34.32387],[-118.56381,34.32391],[-118.56395,34.32391],[-118.56508,34.32392],[-118.56508,34.32392],[-118.56508,34.32392],[-118.56766,34.32395],[-118.57204,34.32399],[-118.5755,34.32398],[-118.57562,34.32398],[-118.57579,34.32398],[-118.57649,34.32398],[-118.57995,34.32397],[-118.58094,34.32396],[-118.58524,34.32397],[-118.58953,34.32397],[-118.59807,34.32394],[-118.60234,34.32393],[-118.60433,34.32392],[-118.60513,34.32392],[-118.60571,34.32392],[-118.60592,34.32392],[-118.60632,34.32392],[-118.60629,34.32147],[-118.60629,34.3214],[-118.61057,34.32135],[-118.61485,34.32129],[-118.62019,34.32122],[-118.6234,34.32118]]]}}]}