{"type":"FeatureCollection","features":[{"type":"Feature","id":1,"geometry":{"type":"Polygon","coordinates":[[[-118.44054541867115,34.430858323971421],[-118.44056571654689,34.432426211348194],[-118.44056950154858,34.432671945499131],[-118.44064143662939,34.432653118972041],[-118.44080850393222,34.432575568916135],[-118.44089782022115,34.432531608355113],[-118.44117396464536,34.432386342967824],[-118.44122685975395,34.432355234333464],[-118.44131113313981,34.432299284292583],[-118.44140031033797,34.432230621867383],[-118.44171057163494,34.431951957518791],[-118.44194646466877,34.431719913819606],[-118.44241994132216,34.431264103941395],[-118.44277359267564,34.430933206040784],[-118.44289018380674,34.430824101550854],[-118.44301393717241,34.430710299949475],[-118.44312614252669,34.430606846727315],[-118.44326973460186,34.43048164823697],[-118.44398096638932,34.429831097525366],[-118.44425079059212,34.429584288689064],[-118.44486042655899,34.429026647114924],[-118.44616395427491,34.427833761729872],[-118.44623239261739,34.427771283469013],[-118.4462389299308,34.42776531471101],[-118.44700901760184,34.427062437940506],[-118.44729937593785,34.426797417608945],[-118.44758512567138,34.426536598493371],[-118.4478762663538,34.426270859857176],[-118.44846222743801,34.425736011342707],[-118.44877258690654,34.425452722339195],[-118.44912866382268,34.425125910324468],[-118.44941483933019,34.424863249729171],[-118.44971350283579,34.424589127834267],[-118.4499325958936,34.424388035187192],[-118.45015287115153,34.424185856811938],[-118.45028228085484,34.42406707636102],[-118.45064683538439,34.423732467944738],[-118.45078705764617,34.423604415973131],[-118.45117973723256,34.423245816172773],[-118.45197001339157,34.422524990042696],[-118.45207889270725,34.422423957807197],[-118.45227357570339,34.42224632319661],[-118.45249293815115,34.42203460477613],[-118.45270565214774,34.42182085076049],[-118.45277158339997,34.421748472954015],[-118.45289017944752,34.421605495005529],[-118.45303178172412,34.421424625192678],[-118.45315683094123,34.421247964108005],[-118.45317003014357,34.421227899842599],[-118.45326949274212,34.421259830164722],[-118.45339311618571,34.421289858916197],[-118.45341704106924,34.421296386744352],[-118.45351766420598,34.42132384091726],[-118.45418743868215,34.421506580233043],[-118.45430686042654,34.421539437475509],[-118.45447104728991,34.421584198424362],[-118.45456502813269,34.421609820359016],[-118.45486523051994,34.421691664942557],[-118.45524555915574,34.421795358776244],[-118.45577298977048,34.421939156156405],[-118.45577320587373,34.422087408993377],[-118.45577322076421,34.422096492793273],[-118.45577336526357,34.422196069376803],[-118.45577362557174,34.422373277511376],[-118.45577413354385,34.422724984712637],[-118.45577869580303,34.423598724275493],[-118.45697901909352,34.423594536357697],[-118.45732207395523,34.423593337230848],[-118.45797669718175,34.423591047737276],[-118.45832522901739,34.423590695976294],[-118.45869992340437,34.423590313700572],[-118.45870326918902,34.423609545192306],[-118.45870361601479,34.423645261754622],[-118.45870718209453,34.424010704887955],[-118.45871092575669,34.424307438736811],[-118.45871468347154,34.42460968270197],[-118.45871240373084,34.424744325493592],[-118.45871241197138,34.424755304342177],[-118.45871528849256,34.425025944754736],[-118.45871735535192,34.425303456109347],[-118.45871925160992,34.425454571255599],[-118.4587213237473,34.425738963088676],[-118.45872423021046,34.426024708569805],[-118.45872644411413,34.426788796968864],[-118.45872649821092,34.426807508999268],[-118.45879305056367,34.42680703552989],[-118.46299295658882,34.426803446333672],[-118.46299343903597,34.427179520275182],[-118.46299395059036,34.427579032174727],[-118.46599192330453,34.427572358735006],[-118.46635488141187,34.427571650875159],[-118.46662020079376,34.427576123626736],[-118.46697833253447,34.427572687295438],[-118.46707619230045,34.427579183832485],[-118.46717903987367,34.427586341739733],[-118.46729350555623,34.427596891453256],[-118.46736213252237,34.427605389981693],[-118.46740906016036,34.427611285512107],[-118.46750961832882,34.427626135735707],[-118.46754905041732,34.427631959127552],[-118.46761710867594,34.427646123141024],[-118.46763401552489,34.427650292472187],[-118.46775492181915,34.427679942967991],[-118.46795757907937,34.427745468287895],[-118.46798019790722,34.427692704392904],[-118.46798995564635,34.427669967923102],[-118.46806240517461,34.427527316327357],[-118.46810545659089,34.427446146462735],[-118.4681492365051,34.427369750098485],[-118.46820379118351,34.427294219975728],[-118.46826757897607,34.427214340345294],[-118.46828591036403,34.427195556436374],[-118.46831150936011,34.427169397865796],[-118.46832113926368,34.427159556504463],[-118.46832783757506,34.427152711439994],[-118.46857258257272,34.427152070116385],[-118.46908665025686,34.427143468758487],[-118.46919349547017,34.427141680703166],[-118.46919404267365,34.427141671374386],[-118.46943145609248,34.427137235973198],[-118.46993577955655,34.427127657202803],[-118.47004571292068,34.427125569745364],[-118.47026953109238,34.427121184481393],[-118.47048923690907,34.427116842701928],[-118.4705422953232,34.427116773933989],[-118.47071352874134,34.427113496053565],[-118.47084652147211,34.427110949661014],[-118.47111679064326,34.427105147423418],[-118.47135301066969,34.427100766987522],[-118.47165144224066,34.427096310103266],[-118.47188102985291,34.42709192647893],[-118.47188526893832,34.427201825050268],[-118.4718853813397,34.427204573391066],[-118.4719351266603,34.427204846863695],[-118.47212329314634,34.427205900602502],[-118.4723363641636,34.427207050007809],[-118.47250963988638,34.427207996146898],[-118.47253782725134,34.427207968387826],[-118.47258087025972,34.427207608682338],[-118.47271934890763,34.427206821198162],[-118.47291914225499,34.427205686347349],[-118.47311014937118,34.427204611579874],[-118.47312059488623,34.427204570840324],[-118.47314035831735,34.427204410815527],[-118.47331707164076,34.427203364426838],[-118.47351766150784,34.427202251626746],[-118.47363831402893,34.427201556116451],[-118.47370916456482,34.427201146934024],[-118.4739014706859,34.427200065847764],[-118.47391807825747,34.427199973920224],[-118.47393459224388,34.42719987874991],[-118.47411289740403,34.42719885473322],[-118.47429026477326,34.427197840431781],[-118.47431017099046,34.427197726537891],[-118.47431208051125,34.427335113814578],[-118.47504087290535,34.427330522047747],[-118.47597913215461,34.427324604727779],[-118.47617727137201,34.427323354704171],[-118.4763015024772,34.427319048981701],[-118.47630334226184,34.427256834977477],[-118.47630208785269,34.427147253878999],[-118.47630001027113,34.426964878904649],[-118.47629898104702,34.426784896090496],[-118.47629311386213,34.42604882970906],[-118.4762872280215,34.425309672904966],[-118.47628134445611,34.424570515154912],[-118.47627377530725,34.423826899588029],[-118.47618701371749,34.423828153471419],[-118.47618621789989,34.423743185149149],[-118.47618324108247,34.42346016542902],[-118.47618319179689,34.423455730973387],[-118.4761831860237,34.423455101724784],[-118.476183776555,34.423396830514442],[-118.47618360524454,34.423387417361575],[-118.47618210847959,34.423304866098498],[-118.47624841185805,34.423305299076119],[-118.47634870357371,34.423305952852097],[-118.47634665000631,34.42302447833692],[-118.47634657084164,34.423013488939418],[-118.47633584392106,34.423013502214808],[-118.47633505277227,34.422907307234759],[-118.47620219517135,34.422906983246115],[-118.47620700570467,34.421718160953354],[-118.47621003954806,34.42079898199956],[-118.47621214501346,34.420007239496044],[-118.47712898978301,34.420006727803838],[-118.47803091118332,34.420006267996051],[-118.47878693568971,34.420006033982197],[-118.47889140370725,34.420009056419914],[-118.47903563083533,34.420006769479315],[-118.47907544149504,34.420010047095353],[-118.47912714277282,34.420024476597838],[-118.47918222282043,34.419929935010302],[-118.47920816554551,34.419966396977095],[-118.47937847079885,34.420205762230104],[-118.47947435567752,34.420340528748838],[-118.47953429635095,34.42042477373694],[-118.47965754408523,34.420597997795518],[-118.47976715386102,34.420752051340052],[-118.4798920016807,34.420927523570768],[-118.48004850446688,34.421147483759135],[-118.48012090586838,34.421249240142117],[-118.48018025778154,34.421332656827957],[-118.48018680345994,34.421341857224391],[-118.48021654198125,34.421383652756042],[-118.48027985024,34.421472629723858],[-118.48030502288309,34.421508009057263],[-118.48036067126748,34.42158622043231],[-118.48040748060778,34.421652007576405],[-118.48047466209876,34.421746427896679],[-118.48053855989619,34.421836232708038],[-118.48059665130788,34.421917875455421],[-118.48067216681385,34.422024007843383],[-118.48071703858353,34.422087072698275],[-118.48074532654674,34.422126828266251],[-118.48080164811218,34.422205985185897],[-118.48088482652885,34.422322885652903],[-118.48093938136331,34.422399556768617],[-118.48103847183656,34.422538820622933],[-118.48108772379402,34.422608039878419],[-118.48111761129418,34.422650043754565],[-118.48117334456205,34.422728371619918],[-118.48122548140825,34.422801643495163],[-118.48124443141526,34.422828276286914],[-118.48125871440054,34.422848349993451],[-118.4812718342863,34.42286670998736],[-118.48127111379839,34.422867038300154],[-118.48130174575354,34.422913206071769],[-118.48130032198048,34.422913827469444],[-118.48131704101809,34.422940140041845],[-118.48134331000189,34.422993577062243],[-118.48135451323613,34.423020262214358],[-118.48136610441844,34.423051199267704],[-118.48136543410226,34.423051361499475],[-118.48137543134555,34.423079829262299],[-118.48137391453969,34.423080166145049],[-118.48138479544185,34.42311376013415],[-118.48138239285056,34.423114249285511],[-118.48139249863145,34.42314831785275],[-118.48139881085123,34.423185784033627],[-118.48140279045977,34.423220411522671],[-118.48140454217008,34.423244906487042],[-118.48140549682334,34.423274929220739],[-118.48140538269433,34.423296030098697],[-118.48140495670722,34.42332980869692],[-118.4814045739205,34.423360144161769],[-118.4814039287135,34.4234113349738],[-118.4814033192922,34.423459682202527],[-118.48140290248196,34.423492790022031],[-118.48140247271017,34.423526855322898],[-118.48197113348871,34.423524807211294],[-118.48215653956292,34.423524198399768],[-118.48298552633885,34.423519325443124],[-118.48385813448868,34.423518859835951],[-118.48394925402502,34.423646072553048],[-118.48433750681396,34.424181158042536],[-118.48450004562136,34.424405164250992],[-118.48456650821885,34.424496761579228],[-118.48460570254875,34.424550773732527],[-118.48464588732649,34.424606156756823],[-118.48468789056163,34.424664045079815],[-118.48471043906262,34.42468659703156],[-118.48473259165361,34.424715334189742],[-118.48489179297854,34.424902598530913],[-118.48505076584627,34.425090302624767],[-118.48503552817199,34.425848695995256],[-118.48503194568559,34.426026967215499],[-118.48502910240997,34.426176363822165],[-118.48502345942957,34.426472929163751],[-118.48501605110194,34.426862249662811],[-118.48501558037064,34.426885667110255],[-118.48501026627044,34.427150912702714],[-118.48500993594124,34.427167426535874],[-118.48532782457363,34.427372812154587],[-118.48577422189834,34.42761180639075],[-118.48622070131756,34.427826588844241],[-118.48638353816136,34.42789776674487],[-118.48677173529833,34.428051813651457],[-118.48732159537762,34.428236183118749],[-118.4876039069831,34.428316414000243],[-118.48790180211478,34.428390992935057],[-118.48830514653845,34.428476073318478],[-118.48852176114777,34.428514438679564],[-118.48878871680367,34.428554843842946],[-118.48899614424793,34.428581080063751],[-118.48927255975765,34.428609125653786],[-118.48933346866109,34.428613796043415],[-118.48939351110791,34.42861821115752],[-118.48939350182995,34.428618298643805],[-118.4894734063831,34.42862410759642],[-118.48947340329396,34.428624137359563],[-118.48950063445528,34.428626087486776],[-118.48951560835596,34.42862714586802],[-118.4895156601215,34.428627252941816],[-118.48951877739111,34.428627461238648],[-118.48954386034021,34.428629142352186],[-118.48986279850364,34.428642909572297],[-118.4902583407827,34.428646466631271],[-118.49072558108172,34.428630370114469],[-118.49112667345113,34.428598900693892],[-118.49145427574604,34.428560331505487],[-118.49279748394335,34.428375500267627],[-118.4940335871888,34.428205394129449],[-118.49403409703649,34.428205322634824],[-118.49405751991216,34.428202092602874],[-118.49405630574633,34.428096633256338],[-118.49405361037554,34.427775579599512],[-118.4940692142583,34.427774641558244],[-118.49553155535415,34.427784174158653],[-118.49553125140422,34.427620434955678],[-118.49553099859098,34.42748449257985],[-118.4968242585916,34.427491403235358],[-118.49682400133328,34.427364918878133],[-118.4974803289827,34.427262481344734],[-118.49797694290059,34.427266110740824],[-118.49846285929861,34.427269659453358],[-118.49848338247952,34.427258649410717],[-118.49848267590187,34.427017697131618],[-118.49848263644844,34.427004196800247],[-118.49848257577831,34.426983879144963],[-118.49861350711748,34.426984989041451],[-118.4990369784955,34.426988591063548],[-118.49903832548883,34.426988602651328],[-118.49931019768761,34.42698828625587],[-118.49989056921794,34.426993117270854],[-118.49989167526742,34.426692848190875],[-118.49989302121075,34.426483853181914],[-118.49989360434672,34.426483849877322],[-118.50004209107617,34.426484326028366],[-118.50050284201659,34.426485804797167],[-118.50067170913806,34.426486345741083],[-118.50071216418878,34.426486477168474],[-118.50129360152701,34.42648836616516],[-118.50158199946414,34.426489295323734],[-118.5016656252041,34.426489564357873],[-118.50191383465896,34.426490363220445],[-118.50203511824695,34.426490218340213],[-118.50204936621255,34.426490187319814],[-118.50205725836705,34.426490181701951],[-118.5022354732121,34.426489965960762],[-118.50228852467028,34.426489883334156],[-118.50254358629779,34.426492317671361],[-118.50254394134909,34.426120555341257],[-118.50254422651577,34.425821421008465],[-118.50254472796303,34.425296487134069],[-118.50254452743911,34.425209696217387],[-118.50254450217211,34.425197934886747],[-118.50254435520998,34.425128316200592],[-118.50254426128602,34.425089667752054],[-118.50254331744753,34.424694486165016],[-118.50254331007544,34.424404388208124],[-118.50254330671945,34.424241181393633],[-118.5025433057381,34.424126333849969],[-118.50254334005234,34.423472583199569],[-118.50258233596145,34.423472559569049],[-118.50261755213093,34.423472495692508],[-118.50317625791835,34.42347259998126],[-118.50319231373115,34.423472603697292],[-118.50323942259411,34.423472612913699],[-118.50361312213467,34.423472682024048],[-118.50391721627771,34.423471277564019],[-118.50306326015989,34.42050988045267],[-118.50301526156662,34.420225881092776],[-118.50300454550531,34.42017574964138],[-118.50298726008674,34.420094880512899],[-118.50296945784338,34.420008768387987],[-118.50294425954883,34.419886881521222],[-118.50291446237563,34.419742217475331],[-118.5029041694908,34.419692243831385],[-118.50288226132157,34.41958588128314],[-118.50270326168767,34.418630880510989],[-118.50268926028332,34.418547880917046],[-118.50268343426441,34.418509047051806],[-118.50268325969097,34.418507880286043],[-118.50263035861525,34.41817849249265],[-118.50263026136732,34.418177880752552],[-118.50259326118301,34.417947880907938],[-118.50252542735755,34.416839589790804],[-118.50219156010911,34.414005430003293],[-118.50219126081652,34.414002879894603],[-118.5021562595455,34.413705881128806],[-118.50213125954596,34.413463880641487],[-118.50213125922893,34.413030879917457],[-118.5021551437884,34.412873647739033],[-118.50215525991203,34.41287288095225],[-118.50218426091801,34.412686880289833],[-118.50280925991449,34.410631879821587],[-118.50292125976796,34.410265879311268],[-118.50303088101553,34.409907121579465],[-118.50303076094536,34.409905971716746],[-118.50303125967072,34.409905879494531],[-118.5031002605371,34.409680879863757],[-118.50315313210341,34.409434138032573],[-118.50315025969681,34.409094879160392],[-118.50315036677537,34.408644876674501],[-118.50292318484634,34.408642718592546],[-118.50254477058452,34.408639120523652],[-118.50255863819112,34.408206352492492],[-118.50255863721766,34.408206191121437],[-118.50255864455434,34.408205964805347],[-118.50256836927235,34.407904355968547],[-118.50261555510653,34.406440873397621],[-118.50295890627093,34.40644350593216],[-118.50318161328556,34.406445207379583],[-118.50318166480034,34.406441670436891],[-118.50321426540319,34.404205164731117],[-118.50321676064729,34.404033922758941],[-118.50321918018136,34.403871397158518],[-118.50321676281079,34.403708874498193],[-118.50320951239308,34.403546448521588],[-118.50319126217961,34.403365446938864],[-118.5031655902367,34.403185063947809],[-118.50313252508235,34.403005511286814],[-118.50309210498435,34.40282699434178],[-118.50304437693212,34.402649722067196],[-118.5029893955053,34.402473899778798],[-118.50292722721852,34.402299728233778],[-118.50285794188005,34.402127413583841],[-118.50278162012316,34.401957153820902],[-118.50276074618114,34.401915038512136],[-118.50269835018682,34.401789146002685],[-118.50186947048799,34.400768653054023],[-118.5015720746313,34.400462619813943],[-118.50118618068481,34.400137497370466],[-118.50095193048621,34.39996744010201],[-118.50094139609537,34.39984865652562],[-118.5009403226297,34.399847937025768],[-118.50091300940987,34.399552581891882],[-118.50091297545946,34.399552362057086],[-118.50090092049395,34.39942196935197],[-118.50065480876808,34.39943864900571],[-118.50064128463272,34.399300980626229],[-118.50062407322922,34.39912362377293],[-118.50055762839139,34.398438041082997],[-118.50050794968411,34.397920963059427],[-118.50050649903245,34.397905608656892],[-118.50050600092216,34.397905610712812],[-118.49948395879248,34.397935379810122],[-118.49930486884719,34.396102202374031],[-118.49929027194091,34.395939862271703],[-118.49925847708688,34.395585095848816],[-118.49926325731298,34.395585878535293],[-118.499172641296,34.394130031831118],[-118.49928057905841,34.394128056631068],[-118.49950598811385,34.394123931440028],[-118.50013856767362,34.3941123518442],[-118.50087943816347,34.394098786357787],[-118.50133457407759,34.39409044053766],[-118.50224823944751,34.394096043668092],[-118.50301033849432,34.394100478298263],[-118.50302374402192,34.393669073068153],[-118.50331864566898,34.393671363523595],[-118.50367812141411,34.393674154962426],[-118.50407516615242,34.393677236325956],[-118.50496170051684,34.393683729636649],[-118.50518062084049,34.39368533125112],[-118.50531733299717,34.393686520501163],[-118.50641701186692,34.393693337223368],[-118.50660702615306,34.393694738740209],[-118.50751086388415,34.393701403468],[-118.50764595243021,34.393702596888389],[-118.50865107893279,34.39370990996872],[-118.50875306409664,34.393710652310546],[-118.50930751463991,34.393714962768485],[-118.50979968155688,34.393718786995372],[-118.50993555564678,34.393718600618946],[-118.51004744037851,34.393719806002515],[-118.51011966616768,34.393585234345316],[-118.51014676005072,34.393534752343534],[-118.51019354335111,34.39344758505699],[-118.51034214284078,34.393172600123386],[-118.51048906193283,34.392898993313018],[-118.51051289359292,34.392801431326255],[-118.510540847147,34.392691474765492],[-118.51056631485066,34.39258565410185],[-118.51135933180318,34.392591389042806],[-118.51137351405573,34.392536583342135],[-118.51152718612073,34.391942252588485],[-118.51158783288557,34.391707684304677],[-118.51158797850724,34.391707135555194],[-118.51175806615753,34.391068603118761],[-118.51222557646287,34.391154478516356],[-118.51282738722389,34.391264873080459],[-118.51295919250147,34.391288057555357],[-118.51402194772552,34.391482971737737],[-118.51434210795675,34.391541204843897],[-118.51447556516827,34.391565479641365],[-118.51459889379868,34.391587902245284],[-118.51462949239242,34.391588264620758],[-118.51470330357715,34.391589136847649],[-118.51505465490159,34.391588610448345],[-118.51522865259528,34.391588359856868],[-118.51525434507317,34.391588321001798],[-118.51531317191672,34.391588238694432],[-118.5154058363333,34.391516661196007],[-118.5155646784893,34.391395532295569],[-118.51588731156077,34.391146385790663],[-118.51614540104927,34.390949398508766],[-118.51626867392611,34.390854418638412],[-118.5164010453842,34.390752714083796],[-118.51664171661979,34.39056810681128],[-118.51673520627939,34.390496691551469],[-118.51702061093863,34.39027638398143],[-118.5172538905728,34.390097499308048],[-118.51734656125957,34.390027290617894],[-118.51737716834647,34.390003888612924],[-118.51788005508435,34.390095539606612],[-118.51791483945631,34.390101932594987],[-118.51802955279368,34.390122437576274],[-118.51805953192445,34.390127847640692],[-118.51811232713027,34.390137494801934],[-118.51823399591204,34.390159695413452],[-118.51891158479154,34.39028332657702],[-118.51905958640563,34.390310340571205],[-118.51908838842354,34.390295059705636],[-118.51918992763666,34.389913320200463],[-118.51923602655624,34.389738756253834],[-118.51929189562428,34.389529858626659],[-118.51938936796026,34.389161732449608],[-118.51939306124089,34.389147800481325],[-118.51947702613991,34.388840560687228],[-118.51954909707722,34.388549440815247],[-118.51955159139646,34.388549905237845],[-118.51955651090537,34.388530676880109],[-118.51958201472549,34.388437221395101],[-118.51981596049758,34.388479442914452],[-118.51994182464246,34.388502456840953],[-118.52022791331575,34.388554764851413],[-118.52033755239127,34.3885748106986],[-118.52066093327504,34.388633684925168],[-118.52073812466716,34.388648410925953],[-118.52079363806445,34.388657900096028],[-118.52117907905789,34.388728760977898],[-118.52118736200477,34.388730257088021],[-118.52133932388723,34.388757708349949],[-118.52146442831493,34.388780308356473],[-118.52163907816589,34.388811857426148],[-118.52238009752675,34.388948123444855],[-118.52257432401935,34.388983321900717],[-118.52281586458371,34.389027094323247],[-118.52292883532085,34.389047567924855],[-118.52296116363873,34.389054407304414],[-118.5230589910597,34.389072094532011],[-118.52316846154399,34.389091569681078],[-118.52328112307937,34.389111612452282],[-118.52375942412461,34.389200172658633],[-118.52403499896759,34.389250506689486],[-118.52451278997802,34.389337773328087],[-118.52506869716962,34.389438568203765],[-118.52518139690743,34.38945900211835],[-118.52525710531719,34.389473362040775],[-118.52531042699057,34.389483476195551],[-118.52530421930595,34.389506896216417],[-118.5252819995894,34.389590739114375],[-118.52527460716058,34.389616849048309],[-118.52515774392008,34.390057954347661],[-118.52515748474917,34.390057899574785],[-118.52512456632768,34.390183058513117],[-118.5251071432059,34.390247913128825],[-118.52509318223954,34.390299927459473],[-118.52505469012181,34.390447173869269],[-118.52504646771561,34.390478624490285],[-118.525037384025,34.390513186443918],[-118.52501669987964,34.390591764863714],[-118.524999315023,34.390657196280799],[-118.52496653177134,34.390780582159891],[-118.52492260460731,34.390945908970188],[-118.5248854325141,34.391084583183925],[-118.5248658083092,34.391157792831237],[-118.52485486721308,34.391198605964235],[-118.52484008393971,34.391253755766172],[-118.52483241453203,34.391282727450438],[-118.52480806362705,34.391374719465944],[-118.52501066579754,34.391410169889852],[-118.52535273131211,34.391470028090872],[-118.52548453164133,34.391493189972508],[-118.52593725973742,34.391573542988844],[-118.52642212022502,34.391660706584126],[-118.52655475630806,34.3916852340151],[-118.5268042803511,34.391730174625998],[-118.52696427412518,34.39175877850812],[-118.52709442118683,34.391781931403784],[-118.52922727861932,34.392165118708206],[-118.52935340869519,34.392187783658052],[-118.53038914931136,34.392373832034444],[-118.5310288107933,34.392488730947541],[-118.53106060611749,34.392606836628893],[-118.53119400979742,34.393102234771241],[-118.53127392109192,34.393398983178564],[-118.53134362851993,34.393657878258374],[-118.5313583491189,34.393712547073427],[-118.53144791180523,34.394045157750796],[-118.53148290280475,34.394175080203595],[-118.53151110117797,34.394279453060975],[-118.53151118707547,34.394279449979848],[-118.53158912950359,34.394279849371436],[-118.53164177884324,34.394280118900163],[-118.53188148674322,34.394281344970565],[-118.53193445149095,34.394281616594924],[-118.53220994994493,34.39428302488372],[-118.53236138115732,34.394283806210126],[-118.53246256439868,34.394284324781253],[-118.5326921936005,34.39428549974614],[-118.53285210143103,34.394286308131782],[-118.53303707851181,34.394287275666727],[-118.53366906646045,34.394290497392433],[-118.53432332946836,34.394293827729221],[-118.53436629165192,34.394294051312208],[-118.53437086705615,34.394294058195008],[-118.5350552981583,34.394297760999862],[-118.53551908094424,34.394300267312637],[-118.53596031026628,34.394302650663768],[-118.53629420278996,34.394304666950298],[-118.53632151313327,34.394304598448713],[-118.53632406465414,34.394304615110975],[-118.5364684990726,34.394228270350482],[-118.53680423449613,34.394050801393035],[-118.53695461300185,34.393971310408809],[-118.53736551946872,34.393754103417116],[-118.53745159176734,34.393708605322544],[-118.53760871063598,34.393625554118636],[-118.53774766623705,34.393551128950548],[-118.53777404816577,34.393536998424942],[-118.53788486983095,34.393476410279597],[-118.53794886038374,34.393442596361076],[-118.53801374248678,34.393531541936014],[-118.53817528027565,34.393737607505166],[-118.53824276422991,34.393823683531309],[-118.53829952366733,34.39389607939443],[-118.53845491573367,34.394090154359624],[-118.53853019634512,34.394198010146241],[-118.53862056030808,34.394331239419508],[-118.53871269725018,34.394482294093748],[-118.53877480719336,34.39460429659357],[-118.53882202508539,34.394728789475543],[-118.53884400097814,34.394794968467714],[-118.53889648468892,34.394966148463226],[-118.53890906520813,34.395009460188227],[-118.53893080112699,34.395101234023748],[-118.53894070955937,34.395158507135527],[-118.53895292198266,34.39524276028267],[-118.53895870827429,34.39528267274541],[-118.53897489285725,34.395279879963688],[-118.53899112090572,34.395277081577291],[-118.53899620398015,34.395276204324034],[-118.53900734677218,34.395274282296938],[-118.53902357373093,34.395271483911067],[-118.53903979959523,34.395268684626366],[-118.53905602772679,34.395265899754015],[-118.53907225576397,34.395263100455288],[-118.53908848163083,34.395260302065523],[-118.53910470857829,34.395257502767322],[-118.53912093453049,34.395254717895931],[-118.53913716365086,34.395251918583661],[-118.5391533906009,34.395249120180452],[-118.539169617544,34.395246320873547],[-118.53918582817874,34.395243522538472],[-118.53920205502632,34.395240708802973],[-118.53921828197201,34.39523791039106],[-118.53923450881743,34.395235096651255],[-118.53925073467335,34.395232298239826],[-118.53926696151655,34.395229484495651],[-118.53928317305726,34.395226659097332],[-118.53929939999165,34.39522385977304],[-118.53931562574988,34.395221046928725],[-118.53933185159451,34.395218247604895],[-118.53934806321256,34.395215434819107],[-118.53936719397353,34.395212133935495],[-118.53933625783294,34.395029971316767],[-118.53933613749574,34.394996090209389],[-118.53933574484181,34.394858642401779],[-118.53933563024245,34.394818758821131],[-118.53933395552683,34.394241288987182],[-118.53933348520684,34.394079239417316],[-118.5392939166868,34.39401959377588],[-118.53929302159656,34.394018244546544],[-118.5392335979201,34.393928559554993],[-118.53892605339523,34.393464396354126],[-118.53925399815118,34.393288284063878],[-118.53938929294131,34.393215998212497],[-118.53951844783211,34.39314699769082],[-118.53967299069534,34.393346080233627],[-118.54030936506422,34.39304949501436],[-118.54012726376297,34.392822351214875],[-118.5401883919051,34.392790094997338],[-118.54019689026661,34.392785616154605],[-118.54033139976183,34.392958929165424],[-118.54050952521615,34.39286390639603],[-118.54067043537044,34.392778065672935],[-118.54086938172802,34.392671933620392],[-118.54073730086351,34.392501763954634],[-118.54124047642846,34.39223570513834],[-118.54144397349984,34.392128618724534],[-118.54144609840989,34.392126758375703],[-118.54144793437175,34.392125786431848],[-118.54151106166218,34.392092389182771],[-118.5415111060973,34.3920923655443],[-118.54154080118577,34.392076646210533],[-118.54154088354274,34.392076600765748],[-118.54238334543662,34.391630668941197],[-118.54225703149675,34.391479741917188],[-118.54232693805052,34.39141834365995],[-118.54259149123794,34.391185932366696],[-118.54269729955178,34.391092978020694],[-118.54313876910348,34.39070513969434],[-118.54356309900326,34.390332352044673],[-118.54369514201623,34.390216347641996],[-118.54395704379309,34.389986256756458],[-118.54408490805967,34.389755244133788],[-118.54437217980001,34.389502027591909],[-118.54450731895156,34.389382907091544],[-118.54482656315255,34.38910150347904],[-118.54504316500534,34.388910574687117],[-118.54523579886039,34.38874077087938],[-118.54570161526912,34.388458307249188],[-118.54595625851179,34.388379678979625],[-118.5460013499968,34.388365755400073],[-118.54611767171983,34.388305729903941],[-118.54600345939998,34.388157748056386],[-118.54584594965425,34.387953665281188],[-118.54568326388406,34.387742875603422],[-118.54564626582632,34.387694876446496],[-118.54561026503343,34.387647875302896],[-118.54553326543876,34.387547875890689],[-118.54536820423775,34.38733080102832],[-118.54529526421337,34.387234875294972],[-118.54500976739592,34.386859650700806],[-118.54491026526567,34.386728875207773],[-118.54486226390166,34.38666687566824],[-118.54451826452369,34.386221874890978],[-118.54446626513453,34.386155874086498],[-118.54441124525488,34.386085269135648],[-118.54417373666269,34.385780476265545],[-118.54405326350583,34.385625874540644],[-118.54391116584766,34.385444110750676],[-118.54372726447704,34.385208875527219],[-118.54361127863822,34.385053603231789],[-118.54360326491941,34.385042875678423],[-118.54327526530496,34.384604874943321],[-118.54273826436732,34.383905874819249],[-118.54244426368088,34.38350887494132],[-118.54215726333655,34.383109874088206],[-118.54196826376082,34.382776874394999],[-118.5417472636683,34.382339875127684],[-118.54167426380607,34.382130875467652],[-118.54161926379604,34.381972873895656],[-118.54143126379853,34.381485874173116],[-118.54142226403911,34.381464875128522],[-118.54130126445975,34.381166875005675],[-118.54110726298111,34.380734874769658],[-118.54107826327862,34.380675874901662],[-118.54074126327228,34.379970875005156],[-118.54068426308397,34.37985487385253],[-118.54064930731393,34.379783964056195],[-118.54031875896739,34.379803103354654],[-118.53997845715284,34.379822806283038],[-118.53982863199771,34.379831084303433],[-118.53971767028757,34.379686870366946],[-118.53953634847987,34.379443018454502],[-118.53933068074099,34.379166422468302],[-118.5391840639071,34.378969240716671],[-118.53911753291089,34.378880010075797],[-118.53904210776409,34.378779055652508],[-118.53891984844768,34.378615414354769],[-118.53885385579474,34.378526616620746],[-118.53879835069797,34.378451931827044],[-118.53871175750854,34.378334225735856],[-118.53858952493276,34.378170650702224],[-118.53847160175823,34.378011246762789],[-118.53846712319464,34.378005221829874],[-118.53842239346642,34.377945037154085],[-118.53828514657478,34.377760367552163],[-118.53828466322278,34.377759942368392],[-118.53821768493364,34.377700826457954],[-118.53797287761004,34.377484745608818],[-118.5378734850605,34.377396981766786],[-118.53776044964158,34.377296539602916],[-118.53754169252937,34.377102151484102],[-118.5372796666045,34.376870404704093],[-118.5370873798871,34.376700372558382],[-118.53673815727306,34.376390456113754],[-118.53619947167627,34.375913248638696],[-118.53609877465892,34.375824105257166],[-118.53585993910329,34.375614292820337],[-118.53564125510094,34.375419580023596],[-118.53537628848207,34.375185072619551],[-118.53535494653484,34.375166077663671],[-118.5352928244717,34.375110761231539],[-118.5346523419382,34.374540560782997],[-118.53445973099093,34.374370512403956],[-118.53383207676129,34.37381099023618],[-118.53372937275604,34.37381666597863],[-118.53352679807,34.374102308142419],[-118.53343871000776,34.374226529494905],[-118.5332602117299,34.374481772614729],[-118.53314177146062,34.374430678597726],[-118.53280331627074,34.374896271153219],[-118.53275584521413,34.374979388981728],[-118.53259095365837,34.375268068903218],[-118.53255880489976,34.37532435262127],[-118.5322730073693,34.375725811177631],[-118.53187556040545,34.376281213601608],[-118.53171422628243,34.376508690086595],[-118.53149946837816,34.376811491618064],[-118.53122356298437,34.377200149274778],[-118.5305275133025,34.37823091446031],[-118.53035801634866,34.378157457570389],[-118.53005728779465,34.378033056714791],[-118.52991107046631,34.377972227154558],[-118.52967183696266,34.377875722432584],[-118.52942260162892,34.37777101453721],[-118.52903869676469,34.377609836350295],[-118.52897730152696,34.377582999469404],[-118.52858182313744,34.377411963323389],[-118.52821789770266,34.377251064164788],[-118.52809660199949,34.377199054487058],[-118.52788059544143,34.377106562395241],[-118.52782410886802,34.377083453962967],[-118.52778337617325,34.377066958229605],[-118.52733067916591,34.376883633906509],[-118.5272027257631,34.376826126762566],[-118.52707639498277,34.376765204610599],[-118.52695336864051,34.376701164865786],[-118.52690180800685,34.376670802445055],[-118.52679045503385,34.37661907641256],[-118.52672738323851,34.376602863111749],[-118.52665441263268,34.37659425128745],[-118.52657653168028,34.3765945895938],[-118.52648709600616,34.376602205672064],[-118.52646228583623,34.376609509503211],[-118.5264308910792,34.376623742304503],[-118.52633041426385,34.376690699553755],[-118.52633023885589,34.376690816613852],[-118.52608003127889,34.376430852001683],[-118.52603168233418,34.376384348539254],[-118.52597504599981,34.376338211878789],[-118.52588848130283,34.376274695324774],[-118.52580694421216,34.376220781737651],[-118.52572378163596,34.376172721627803],[-118.52566061174198,34.376140350811085],[-118.52553599868209,34.37608697631601],[-118.52546955273898,34.376062179009303],[-118.52539646367983,34.376032955950961],[-118.52524285674181,34.375970994331652],[-118.52522035961205,34.375961943880903],[-118.52489969194454,34.375826268091238],[-118.52430637218102,34.375561124383708],[-118.52434390744915,34.375612470589374],[-118.52411926007427,34.375519875769399],[-118.52395026143668,34.375449875124843],[-118.52369526020773,34.375342875188664],[-118.5236234851178,34.375255727800194],[-118.52368163404977,34.375281621264598],[-118.52344847141178,34.374979375668879],[-118.52317876265627,34.37462979245889],[-118.52302342088662,34.374432262046859],[-118.52287136049858,34.374230615280155],[-118.52273090732214,34.374029253646995],[-118.52266566539149,34.373930607239096],[-118.52254845405967,34.373736012212412],[-118.52249981253199,34.373642793548562],[-118.52247378195267,34.373586802947933],[-118.52249047144277,34.37356644998836],[-118.5224906537687,34.373566396011697],[-118.52247969616384,34.373540739451023],[-118.5224802952734,34.373540568281015],[-118.52245969747608,34.373491099437715],[-118.52245959477882,34.373490847449311],[-118.52245606977992,34.373481825610966],[-118.52245136919751,34.373469645337416],[-118.5224429634771,34.373447457717269],[-118.52243260474702,34.37341933286131],[-118.52242591739818,34.373400686293358],[-118.52242167544675,34.373388645583908],[-118.52241875542136,34.373380213448634],[-118.52241862394152,34.373379879544203],[-118.52241829034288,34.373378870356213],[-118.5224161400032,34.373372675229277],[-118.52241624553484,34.373372685592962],[-118.52239324959928,34.37330314708727],[-118.52236779852278,34.373217807058033],[-118.52234354247355,34.373125709344528],[-118.52232669119704,34.373052923149338],[-118.52228725299565,34.372827830843342],[-118.52226892288643,34.372643263737103],[-118.52226311716913,34.372486113475759],[-118.52226723929151,34.372310561494118],[-118.52228786316024,34.372093586607029],[-118.52230131058818,34.372004768510401],[-118.52234448861667,34.371751378818615],[-118.52239077891019,34.371479726734727],[-118.52241801854497,34.371329240686499],[-118.52243654952231,34.371226860441887],[-118.52244158222724,34.37119976822791],[-118.52248406290657,34.370971074643528],[-118.52257589992506,34.370476673925957],[-118.52262830724773,34.370194535697038],[-118.52270050992708,34.369805828550348],[-118.52277872143809,34.3693847644264],[-118.52280585783794,34.369238667409391],[-118.52284967852562,34.369002752866287],[-118.52295574273788,34.368431728082406],[-118.52299829948741,34.368202612026344],[-118.52303735176973,34.367992358659883],[-118.52313537969231,34.367464585460169],[-118.52316926022687,34.367282170464115],[-118.52318965307298,34.367172377695738],[-118.52326562059605,34.366763355718462],[-118.52327485333447,34.366713692414905],[-118.52331623382877,34.366491103938202],[-118.5233213174613,34.366463729277314],[-118.52335299168843,34.366293155549656],[-118.52339290953928,34.366078192267537],[-118.52345559479473,34.365740618618659],[-118.5234617541318,34.365707448715625],[-118.5235227225967,34.365379116909097],[-118.52356204119438,34.365167373741691],[-118.52361048434324,34.364906493288501],[-118.52362192708237,34.364844918277988],[-118.52365959167497,34.364637861207839],[-118.52368561236595,34.364494807858264],[-118.52371829025614,34.364315161088051],[-118.52373522078591,34.364222085091818],[-118.52373920089389,34.364197687554018],[-118.52373884406973,34.364197650329579],[-118.52374054307529,34.364186193433177],[-118.52375213164686,34.364108063703597],[-118.52376304775858,34.364011849285227],[-118.52376322697258,34.364010265406982],[-118.52376352301374,34.364006685014729],[-118.52376912562242,34.363945856453725],[-118.52376987285463,34.363929822044135],[-118.52377074477749,34.363919271162274],[-118.52377680042915,34.363790056143912],[-118.52377686913634,34.36377970977621],[-118.52377724741055,34.363771569040203],[-118.52377692390918,34.363771298173056],[-118.52377758434092,34.363670169598464],[-118.52377757996302,34.363669818918417],[-118.52377746262428,34.363661526160683],[-118.52377739238676,34.363660037120425],[-118.52377743804047,34.363660036021592],[-118.52377726266054,34.363650292035636],[-118.52377723601631,34.363648993031859],[-118.52377723008161,34.363648740626374],[-118.52377706952819,34.363641875192869],[-118.52377708758968,34.363641635305271],[-118.52377696377427,34.363637329184584],[-118.52377684647078,34.363633194328308],[-118.52377593121618,34.363601208044393],[-118.52377429178263,34.363561761041574],[-118.52377140827417,34.363510490310475],[-118.52376840777148,34.363468455458644],[-118.523760432209,34.363380013704663],[-118.52375018399211,34.363294257540183],[-118.5237326138996,34.363179791019761],[-118.52372967100915,34.363164396419698],[-118.52371552884219,34.363090432989878],[-118.5237105502373,34.363064391885544],[-118.52368788944693,34.36296451172899],[-118.52363717632096,34.362784220007192],[-118.52363714852571,34.362784121859498],[-118.52361802952181,34.36272105699593],[-118.52356816555937,34.362580716019373],[-118.52351253627099,34.362443950186787],[-118.52334538869179,34.362109511023895],[-118.52321723046131,34.361901525510397],[-118.52303978650451,34.361656965214287],[-118.52282465973707,34.36140744105176],[-118.52274684977746,34.361325826679561],[-118.52268203069335,34.361257838007667],[-118.52250372075684,34.361070807925302],[-118.52233582183941,34.360894697245492],[-118.5221144458112,34.360662492099458],[-118.52189307101068,34.36043028564518],[-118.52184227022694,34.360376999783625],[-118.52183187844955,34.360384113497567],[-118.52179362116347,34.360409200367378],[-118.52157325872894,34.360174873962265],[-118.52064625863056,34.359225873233491],[-118.52037025931359,34.358929873090375],[-118.52003622764944,34.358584928805776],[-118.51969875331746,34.358236423763096],[-118.51911994837684,34.357626434069779],[-118.5186494516882,34.357130579249613],[-118.51853773506227,34.356993519237299],[-118.51843150308656,34.356853490332135],[-118.51833087193501,34.356710647116422],[-118.51823594907148,34.356565142406403],[-118.51814683327207,34.356417130857736],[-118.51807462127347,34.356289007082481],[-118.51800869356791,34.356158572805356],[-118.51794915581388,34.356026041249933],[-118.5178961071732,34.355891630174511],[-118.5176596218928,34.355169980523684],[-118.51754648883777,34.354824744769061],[-118.51753940279518,34.354826208476062],[-118.51734875861158,34.354310934093192],[-118.51721046715065,34.353994889990069],[-118.51709577055672,34.353765047675395],[-118.51681452105491,34.35320144878829],[-118.51657326532249,34.352717985264576],[-118.51654410935475,34.352659559021689],[-118.51636361738174,34.352297908201223],[-118.51635310926031,34.352276848823159],[-118.51621637545306,34.352002829448409],[-118.51586912637772,34.351306919996503],[-118.51537099747077,34.350308614830972],[-118.515110228143,34.349785994563945],[-118.51478784551105,34.34913988107774],[-118.51460231014042,34.348768029210611],[-118.51459548324351,34.348754345775781],[-118.51448060050211,34.348524233127591],[-118.51417542610535,34.347912954396563],[-118.51415338873024,34.347868811128876],[-118.51364819197141,34.346856856142516],[-118.51352473155305,34.346609550518302],[-118.51351794798768,34.346595962402667],[-118.51303568980389,34.345629923176901],[-118.51272437164765,34.345006274248469],[-118.51272433355116,34.345006265394275],[-118.51271201144881,34.345005598999968],[-118.5125769271291,34.344998287374935],[-118.51239263184441,34.344988347437109],[-118.51212880396344,34.344974183360677],[-118.51059374864769,34.344890969277763],[-118.51056687870253,34.344889489465814],[-118.51059314870282,34.344609313595946],[-118.51063242867065,34.344190694708786],[-118.5108145434229,34.342250379249677],[-118.51084667685393,34.341909586965571],[-118.51086782620119,34.34159222331747],[-118.51087342583185,34.341500174105498],[-118.51082041135884,34.341498888415131],[-118.51063903403232,34.341493635975233],[-118.51058665307862,34.341492150977338],[-118.509448253546,34.341459927691893],[-118.50763846496112,34.341408742229198],[-118.50747283444802,34.341404715499948],[-118.50586008376656,34.341357734015283],[-118.50459930264846,34.344333069951361],[-118.50449185185356,34.34458663540277],[-118.50382612568272,34.344526922884526],[-118.50247743986021,34.344452002444847],[-118.50234083745478,34.344444435083574],[-118.50165606263938,34.344406382388911],[-118.50148127663608,34.344395620194284],[-118.50143978192575,34.344395276218528],[-118.50134290159542,34.344394908040229],[-118.49887666484462,34.34441013444328],[-118.49776442694807,34.344415725894279],[-118.49369974801029,34.344440294118336],[-118.49334710410093,34.344442610160776],[-118.49299992516538,34.344444929990757],[-118.49267411595933,34.344447079007985],[-118.49233879561238,34.344449293738435],[-118.49163509788259,34.344453936569465],[-118.48895760747197,34.344469688125322],[-118.48880675101411,34.34804877245044],[-118.48865975601551,34.35155670361786],[-118.48865680759955,34.351627834288898],[-118.48538843238157,34.351600597359862],[-118.48506786075093,34.351597922175209],[-118.4850332442148,34.353796015222208],[-118.48499521819046,34.356210334929969],[-118.48496865111845,34.35789702383564],[-118.48494686619873,34.359280050882973],[-118.48494207023528,34.359584513225123],[-118.48494111134336,34.359584501735462],[-118.484913752503,34.359584177553614],[-118.48221608975582,34.359441391044939],[-118.47585693981891,34.359104562743525],[-118.47591860504203,34.366281466929209],[-118.48478744345164,34.366747673327829],[-118.48478149117462,34.367045286687485],[-118.48471020212578,34.370374767107819],[-118.48491577422408,34.370377442916421],[-118.48599190375148,34.370390924339219],[-118.48708925079679,34.370404698618387],[-118.48909444767263,34.370428293190663],[-118.48911000716365,34.369554152379628],[-118.49162819467504,34.369588264581893],[-118.49167325332246,34.367056475223592],[-118.49167711538286,34.366840705234424],[-118.49333425062309,34.366863175824435],[-118.49353061881273,34.36686583748498],[-118.49383724510155,34.366869753595395],[-118.49425845143946,34.366875158127257],[-118.4945977757359,34.366879511461839],[-118.49469126457164,34.366880711265544],[-118.49567102951576,34.366893273723761],[-118.49646494224594,34.366903435110963],[-118.49647422790503,34.366999243236641],[-118.49648006294522,34.367059664784847],[-118.4964966297886,34.367059676265008],[-118.49684046461742,34.370653864814798],[-118.4978402752854,34.370643660381823],[-118.49943407015485,34.370637822097962],[-118.499768413102,34.370637274471051],[-118.49984990071586,34.370637181907782],[-118.50006126044637,34.370636960212039],[-118.50030981564643,34.370634863603634],[-118.50014179813198,34.370930809862401],[-118.50003850255131,34.371113286351324],[-118.5000234776862,34.371138461580884],[-118.49992859439369,34.371297489419177],[-118.49989902580698,34.371340889707604],[-118.49987279213853,34.371386338956739],[-118.4997331508162,34.371586826322755],[-118.49971508542123,34.371608856859588],[-118.49969308592418,34.371642974307598],[-118.49961490474678,34.371764223496768],[-118.49959518934412,34.371791783639608],[-118.49942425368272,34.372024684597086],[-118.49927961963841,34.372222084391879],[-118.49916287058619,34.372371990649043],[-118.49892435114387,34.372662881125493],[-118.49877790138085,34.372834869808713],[-118.49869396015981,34.372929330337826],[-118.49846335016043,34.37315904141812],[-118.49831515405008,34.373314575524631],[-118.49824108344762,34.373398333568112],[-118.49812576642012,34.373510453057072],[-118.49795931174334,34.373662599837608],[-118.49764119652751,34.37394523923178],[-118.49645634437493,34.374979402262106],[-118.49614108641039,34.375254572943788],[-118.4936913482106,34.377390402095074],[-118.49352309825684,34.377539328806158],[-118.49348199052953,34.377575717228822],[-118.49371173187686,34.377753722678577],[-118.49398973715745,34.377968990842639],[-118.49422115319013,34.378149409137592],[-118.49410913399679,34.378261513089235],[-118.49402186024852,34.378355983895815],[-118.49389350585849,34.378507638859979],[-118.49382112529233,34.378597927014148],[-118.49373568540553,34.378721242955983],[-118.49362713641776,34.378860098977157],[-118.49356798891192,34.378945518883263],[-118.4934727431871,34.379091905239058],[-118.49329233385288,34.379409663383839],[-118.4932415218358,34.379503985251006],[-118.49315317646266,34.379697054646556],[-118.49303975360372,34.379852414568113],[-118.49247741614039,34.381026084261869],[-118.49096892056157,34.384174324786727],[-118.49088698450113,34.384331286059791],[-118.49084116421173,34.384431083336509],[-118.49082806679101,34.384457594678942],[-118.49069237173141,34.384772780482798],[-118.4906417018361,34.384892849442309],[-118.49056163381812,34.385086212412183],[-118.49054201818885,34.385132318864677],[-118.49050952382187,34.385243053635534],[-118.49041503688501,34.385519955388432],[-118.4904036583368,34.385558466403729],[-118.49019090938465,34.386297825515264],[-118.4900250845446,34.38684496894308],[-118.48983958942185,34.387430004764006],[-118.48982168663342,34.38748572176943],[-118.48976483915109,34.387682756079897],[-118.48963802072235,34.388099572905354],[-118.48956802490477,34.388316249710599],[-118.4894913950553,34.388531254757751],[-118.4894130147689,34.388730103158764],[-118.48939829075468,34.38876278020328],[-118.48933617118705,34.388909029447298],[-118.48925270698217,34.389089679993361],[-118.48902170250575,34.389546434451717],[-118.48866624446079,34.390259897891781],[-118.48814071061217,34.391365980126295],[-118.4879048672353,34.39184816705729],[-118.48764257628633,34.392341427067372],[-118.48753758624926,34.392527331448171],[-118.48749654933356,34.392594819607226],[-118.48730450085127,34.392914344344604],[-118.48705318909937,34.393302806634495],[-118.48694966732472,34.393456774860311],[-118.48684940209199,34.39359971314046],[-118.48674084862481,34.393742706242485],[-118.48661908334213,34.393894659449224],[-118.48647092491379,34.39406804066536],[-118.48616791266937,34.394403124735618],[-118.48602210843859,34.394555129532634],[-118.48591611976831,34.394665625625208],[-118.4859092684577,34.394672768007688],[-118.48564392995343,34.394931445091956],[-118.48550050831895,34.395065621737224],[-118.48535047451094,34.395201225664032],[-118.48518885852121,34.39534165749631],[-118.48508658581277,34.39542519375744],[-118.48488480594402,34.395589916372728],[-118.48485233515994,34.395616421565052],[-118.48468567864799,34.395744862600864],[-118.48451567772615,34.395868509774992],[-118.48440506341997,34.39594350156495],[-118.48432250919822,34.395998789891166],[-118.48409461398106,34.396142232835302],[-118.48361729919583,34.396434398826933],[-118.48320925234424,34.396666848618906],[-118.48300766026736,34.396774128633908],[-118.48258453686155,34.396979491096175],[-118.48235970515515,34.39708103588071],[-118.48212160083804,34.397181237438268],[-118.4818983707197,34.397269921790048],[-118.48167179692362,34.397359934351762],[-118.48148160168832,34.397432821611808],[-118.48128973643699,34.397502281248357],[-118.48107796614887,34.397569757736186],[-118.48082974978722,34.397641144992782],[-118.48053951049239,34.397717846949092],[-118.48055885960851,34.397802637291029],[-118.48058586313415,34.397887019550325],[-118.4806330419139,34.398020448354288],[-118.4807903679139,34.398282941650358],[-118.48089569051594,34.398441561326109],[-118.48094415198501,34.398507651882063],[-118.48095417123024,34.398522378406781],[-118.48099757789755,34.398574772115296],[-118.48116948165931,34.39877914545599],[-118.48123786365363,34.398853408611167],[-118.48128289578537,34.398901320541242],[-118.48132954539747,34.398943044200372],[-118.48150768571413,34.399079041435719],[-118.48155040021689,34.399110736619974],[-118.48167055687109,34.399196866392252],[-118.4817771993487,34.399268762191106],[-118.4818211394238,34.399297006739666],[-118.48188928541778,34.399336120469506],[-118.48188480724058,34.399340746016897],[-118.48188527013885,34.399341047995144],[-118.48221983705841,34.399559276364208],[-118.48233795244113,34.399636566820185],[-118.48238622533729,34.399670895528338],[-118.48245216555432,34.399717787157307],[-118.4825622874591,34.399802802006398],[-118.48266813136296,34.399891471482476],[-118.48276677749546,34.399998150662483],[-118.48285858694524,34.400108944550666],[-118.48286848257304,34.400122329924315],[-118.48293258225335,34.400209035955996],[-118.48294331104526,34.400223549433477],[-118.48298302331702,34.400288946482121],[-118.48304247029462,34.400382398250258],[-118.48309092247476,34.40048297625885],[-118.48309838540182,34.400498470081246],[-118.48314525625943,34.400614797895173],[-118.48314614901464,34.400617014822089],[-118.48318559896983,34.40073764456627],[-118.48318579377249,34.400738414603559],[-118.48321660781596,34.400859955941307],[-118.48323916158215,34.400932977051745],[-118.48325563581977,34.40097399440868],[-118.48326788775344,34.401004495942111],[-118.483282952723,34.401034687855066],[-118.48328745791062,34.401043716816723],[-118.48330264285156,34.401074150762398],[-118.48330526321169,34.40107850195141],[-118.48332013865476,34.401103204259371],[-118.4833432552017,34.401141594198727],[-118.48335271640005,34.401154865867724],[-118.48338951729831,34.401206489897959],[-118.48344119992807,34.401268509706668],[-118.48350887390687,34.401348262961811],[-118.48358026229479,34.401425760148392],[-118.48365525562747,34.401500879989065],[-118.48371337679345,34.401543289030108],[-118.48377421667493,34.401582994308953],[-118.48383759074359,34.401619873047331],[-118.48398055419547,34.401696698549472],[-118.48402771630333,34.401722041822865],[-118.48418305492318,34.401805517008412],[-118.48447446596217,34.401962112080263],[-118.4846128131777,34.402032526427213],[-118.48489739984916,34.402194197262801],[-118.48522425694922,34.402379880214539],[-118.48527803437061,34.402412400710467],[-118.48530299930772,34.402427496200374],[-118.4853763339185,34.402480716993757],[-118.4854436840335,34.402539119388102],[-118.48550451403564,34.402602246655704],[-118.48555834678282,34.402669598561097],[-118.48560475607383,34.402740644913784],[-118.48564337642667,34.402814823725599],[-118.48567390530188,34.402891549315477],[-118.48567842567537,34.402904241069741],[-118.48570133502106,34.40296857219554],[-118.48570690268544,34.402990194879855],[-118.48572156128876,34.403047111456146],[-118.48573446609367,34.403126704183805],[-118.48573565348146,34.403143994498983],[-118.48573997163992,34.403206882795132],[-118.48573804579078,34.40328717591624],[-118.48573074611136,34.403349623014705],[-118.48568621275798,34.403607730888766],[-118.48567485723714,34.403649684277276],[-118.4856340948738,34.403766965184495],[-118.48551490092878,34.404077264366002],[-118.48548884554579,34.404158101240888],[-118.48546115381453,34.404241666397674],[-118.48544824456279,34.404301486315113],[-118.48542340103251,34.404589778920439],[-118.48541580521275,34.404708988795996],[-118.4854065872734,34.404833366457197],[-118.48540271719729,34.405022659456904],[-118.48540314465032,34.405096026558354],[-118.48540331545425,34.40512534292759],[-118.48540617931324,34.405457826995978],[-118.48540131540237,34.405457877116234],[-118.48540147712365,34.405465285292571],[-118.48540865272703,34.405556581276613],[-118.485423098357,34.405647281995684],[-118.48544474974379,34.405736993733136],[-118.48547350998584,34.405825322902068],[-118.48550925719498,34.405911881423272],[-118.4855540322978,34.406002144261834],[-118.48560465121794,34.406090260566785],[-118.48566096452058,34.40617596948389],[-118.48572280651143,34.406259020140368],[-118.48578999630261,34.406339168034648],[-118.4858601404337,34.406417633509705],[-118.48592460201287,34.406499377159982],[-118.48598315859417,34.406584119508146],[-118.48603561048078,34.406671565659231],[-118.48608177208166,34.406761415251779],[-118.48613582680979,34.406868132480561],[-118.48616797921797,34.406969428201798],[-118.48619299446868,34.407072097618844],[-118.48621078677418,34.407175796693252],[-118.48622129858877,34.407280174961215],[-118.48622449194961,34.407384882780718],[-118.48622035825113,34.407489568587728],[-118.48620891172402,34.407593879823708],[-118.48619018836406,34.407697465644674],[-118.48607473098923,34.408092302665764],[-118.48600525744475,34.408329880687191],[-118.48593902240304,34.40865224055316],[-118.48583113584735,34.409088185861897],[-118.48568519485553,34.409716432310908],[-118.48564679154008,34.409881750173646],[-118.48563612779031,34.409991395294149],[-118.48563312485602,34.410101367647343],[-118.48563779259899,34.410211301170783],[-118.48565011257355,34.410320825406401],[-118.48567004789433,34.410429578983788],[-118.48569752901155,34.410537195252836],[-118.48574048392018,34.410677679941834],[-118.48574535981538,34.41069362480988],[-118.48579909512941,34.410884920132901],[-118.48580750857107,34.410914869710503],[-118.48586780365049,34.41112951194313],[-118.48595231604982,34.411406588537609],[-118.48600425785315,34.411576881561288],[-118.48604117822447,34.411717641849016],[-118.48612568858223,34.412039838387933],[-118.48616425704432,34.412186881143491],[-118.48618338298608,34.41233681101113],[-118.486195256611,34.412429882139975],[-118.48618655348314,34.412512131679399],[-118.48617525751956,34.412618881829658],[-118.4861152564889,34.412864880973132],[-118.48609525705547,34.412932881930033],[-118.48600025644588,34.413263881031277],[-118.48598125718438,34.413352881036232],[-118.48597160396191,34.41339800010627],[-118.4859878740986,34.413397597738921],[-118.48593857911787,34.413598816974613],[-118.48592362115996,34.413680583983364],[-118.4859210418515,34.413697908309672],[-118.48591222980876,34.41376491148651],[-118.48585728606922,34.414105942726771],[-118.48594385108269,34.416185397965577],[-118.48605885160723,34.416559087028531],[-118.48607817329183,34.416624412392544],[-118.48609999428368,34.416685533793533],[-118.48612424788278,34.41674276523198],[-118.48614785222229,34.416799463755709],[-118.48617983742655,34.416858404156891],[-118.48620979065923,34.416918105477137],[-118.48627178464793,34.417029833969856],[-118.48630323398537,34.417080062244587],[-118.48633035470192,34.417123381370146],[-118.48638546597898,34.417191857387003],[-118.48643219506693,34.417243879714512],[-118.48662252669465,34.417471878175725],[-118.48670260824906,34.417558442343719],[-118.48678931726644,34.417642594397826],[-118.48687429087458,34.417714386092449],[-118.48695754586232,34.417777254918711],[-118.48704743334781,34.417838392251824],[-118.48743685164216,34.41808938767749],[-118.48756166788219,34.418169836689287],[-118.48791940779263,34.418390286767682],[-118.48814075976867,34.418535394406135],[-118.48824730909745,34.41861052955435],[-118.48834556344394,34.418683972467669],[-118.48843885672977,34.418761222630316],[-118.48853715415017,34.418843620167749],[-118.48863882947524,34.418935264590438],[-118.48874218089516,34.41903033792628],[-118.48877552678866,34.419062820209831],[-118.48883722641774,34.41912371460252],[-118.48892061899386,34.419208233710741],[-118.48914260756294,34.419459784864316],[-118.48916587506689,34.419470684355062],[-118.48927930231073,34.419587366073245],[-118.48979966555402,34.420111489469051],[-118.48988315580392,34.420212466856896],[-118.48997500769306,34.420325443204646],[-118.49004187248262,34.420419285274285],[-118.49010379402563,34.420515903274691],[-118.4901222247325,34.420549842834333],[-118.49015572454176,34.420608101721619],[-118.4901910133824,34.420686961568649],[-118.49020303427622,34.420746786662754],[-118.49020531006553,34.420800748786988],[-118.49023754057092,34.420987312995486],[-118.49026080986152,34.421116161955212],[-118.49020569721576,34.421117945256647],[-118.49021325873429,34.42120788252457],[-118.49021925855216,34.421395881603566],[-118.4901742575916,34.421396882059753],[-118.49012540351656,34.4213986670783],[-118.48995525826352,34.421404881779182],[-118.48958643744436,34.421396986914779],[-118.4893012581323,34.421390882080793],[-118.48894399227201,34.421364290392184],[-118.48871839724664,34.42134749790138],[-118.48854519279487,34.421334605892987],[-118.48837425876305,34.421321882098653],[-118.48815081964568,34.421285872662516],[-118.48781454843896,34.421231678298888],[-118.48761725839813,34.421199881971731],[-118.48752027384003,34.421175756364519],[-118.48701425828382,34.421049881981958],[-118.48684225824621,34.420998882024655],[-118.48673303941905,34.420966910148501],[-118.48658117807119,34.420922455293137],[-118.48637425862992,34.42086188160728],[-118.48634025807289,34.420852882681096],[-118.48624369471099,34.420812999136281],[-118.48605655417154,34.420735702377435],[-118.48593727972825,34.420686437163944],[-118.48580565302615,34.420632069934008],[-118.48556714085805,34.420533553175993],[-118.48528225700598,34.420415882651362],[-118.48515110962813,34.420341493303951],[-118.48506019846891,34.420289926657347],[-118.48501123703508,34.420262155017319],[-118.48473925863904,34.420107882476948],[-118.48457127506767,34.419990098262012],[-118.4845366891832,34.419965848095323],[-118.48435464663444,34.419838205559017],[-118.48414025719079,34.419687881220781],[-118.48401925822172,34.41958888241026],[-118.48376734611246,34.41938525421542],[-118.4836215217499,34.419267379407962],[-118.48346233577048,34.419138703200019],[-118.48341925705641,34.419103881807985],[-118.48330112718899,34.418981401181895],[-118.48322798543349,34.418905565157139],[-118.48316385449367,34.418839072767618],[-118.48308562704734,34.418757963100717],[-118.48306514430747,34.41873672697465],[-118.4829754449989,34.41864372389297],[-118.48287625699635,34.418540881300473],[-118.48272809666734,34.418371606477585],[-118.48266453588984,34.418298986525286],[-118.48264390494373,34.418275415040227],[-118.4824953502164,34.418105687129611],[-118.48244825705191,34.418051881507402],[-118.48241348419317,34.418007121554155],[-118.48236195847603,34.417940795876973],[-118.48225327698238,34.41780089776325],[-118.48212017419179,34.41762956362696],[-118.48197981190256,34.417448884028587],[-118.4819782577386,34.417446882485351],[-118.48183725739284,34.417289882279199],[-118.48172216492733,34.417162245697156],[-118.48158086704116,34.417005546587049],[-118.48147025776113,34.416882881964192],[-118.48135966302058,34.416742345147348],[-118.48128959669546,34.416676985115707],[-118.48111592815636,34.416514983062378],[-118.48100325681868,34.416409881791672],[-118.48090128090314,34.416317501046393],[-118.48090124918987,34.41631747232298],[-118.48069839707237,34.416133707823455],[-118.48056615989235,34.416013912936414],[-118.48044220456295,34.415901621034273],[-118.4803077493066,34.415779815213732],[-118.48010107568341,34.415592584926301],[-118.47993785586168,34.415444720082178],[-118.47968525656074,34.415215881941961],[-118.47958598809099,34.41512447656882],[-118.4793486020403,34.414905891138638],[-118.47904311795541,34.414624598380406],[-118.47885200198566,34.414448616088904],[-118.47877702103688,34.41437957231112],[-118.47859925687118,34.414215882541107],[-118.47840343964953,34.414039621491739],[-118.47829791154706,34.413944631814843],[-118.47819762902263,34.413854364342171],[-118.47807870105622,34.413747312474861],[-118.47798493381185,34.413662907974071],[-118.47787825526046,34.413566882095758],[-118.47774736354864,34.413447158182279],[-118.47756508685764,34.413280434783807],[-118.47742062527864,34.413148296618211],[-118.47716644817562,34.412915804640946],[-118.47701833659036,34.412780327548305],[-118.47692839756559,34.412698060945445],[-118.47687022549194,34.412644851175216],[-118.47671437823666,34.412502297325048],[-118.47666844834767,34.412460285091072],[-118.47648640997933,34.412293772805505],[-118.47627225494276,34.412097881824963],[-118.47618401756566,34.412017320907317],[-118.47590026557683,34.411758255151987],[-118.47586838388898,34.411729147964166],[-118.47547845713949,34.411373140065706],[-118.47519232686989,34.411111897564808],[-118.475057554429,34.410997381513994],[-118.47491765628932,34.41088716857994],[-118.47491728707838,34.410886897762055],[-118.47477283675198,34.410781414812391],[-118.47462329790307,34.410680269959371],[-118.47446925486265,34.410583881013729],[-118.47445666960131,34.41057417834044],[-118.47431551793592,34.410465346263194],[-118.47415620129573,34.410351986309124],[-118.4739915561463,34.410243981356437],[-118.47382184884867,34.410141499831518],[-118.47364734684687,34.410044710157329],[-118.47341030653909,34.409920524191449],[-118.47316926102867,34.40980175358694],[-118.47304881158199,34.409746037970187],[-118.47292439024784,34.409688483264262],[-118.47267587633127,34.409580803545325],[-118.47242390677232,34.409478791209359],[-118.47229399266917,34.40942979118838],[-118.47216866688032,34.409382522143957],[-118.47191034957056,34.409292071306616],[-118.47164914661134,34.409207503744],[-118.47154441109603,34.409176299576018],[-118.47138525519144,34.409128881778315],[-118.47113116476068,34.409061201866493],[-118.47112003229348,34.40905823668885],[-118.47101127160337,34.409046113366088],[-118.4708787348567,34.408994521089866],[-118.47076014381182,34.408949006781],[-118.47063792281639,34.408915767322966],[-118.47053061393534,34.408903924624333],[-118.47035658945224,34.408864755416538],[-118.47014935222309,34.408837974694748],[-118.46996060312286,34.408811121978403],[-118.46973486196966,34.408781347031557],[-118.46962024435958,34.408784856132456],[-118.46952397763526,34.408763775027921],[-118.46938342375037,34.4087581895553],[-118.46919108365275,34.408749738155088],[-118.46902827347941,34.408731979296029],[-118.46886185245258,34.408729557572265],[-118.46872131482739,34.408727036489573],[-118.46858079662115,34.408727579487177],[-118.46841064290022,34.408719041126872],[-118.46825538231016,34.408728836344558],[-118.46806314462339,34.40873877227547],[-118.46791899591442,34.408751588494532],[-118.46770457081072,34.408761609458388],[-118.46751969509646,34.408765388401541],[-118.46740902148052,34.408772368248044],[-118.46740884931761,34.408749631293475],[-118.46665425407447,34.40880088288354],[-118.46386625329767,34.408955882656528],[-118.46304572394742,34.409012284521772],[-118.46251325300172,34.409048882988969],[-118.46178425224566,34.409080882384735],[-118.46149549804832,34.409098640066972],[-118.46105710197918,34.409125599132331],[-118.46033106659058,34.409170244177972],[-118.46024198735407,34.409175721005354],[-118.46022296581783,34.409176890356427],[-118.46010925306402,34.40918388228183],[-118.46008934826759,34.409184853920593],[-118.4600404747181,34.40918723816246],[-118.4600305274293,34.409187270485177],[-118.45921520631137,34.409244743661098],[-118.45877157000326,34.409270683846131],[-118.45867227084199,34.409276500193059],[-118.45855563627042,34.40928331960081],[-118.45835587448144,34.409293658947909],[-118.45802338415695,34.409310912818086],[-118.45791262723877,34.409316660023002],[-118.45740634821874,34.409335568949942],[-118.45731932331967,34.409339448278622],[-118.45686384744157,34.409362517773992],[-118.45577825255997,34.409420882881072],[-118.45516803851365,34.409456459233567],[-118.4537712508242,34.409537882978142],[-118.45195925190079,34.409661882811861],[-118.4496812518352,34.409782883678886],[-118.44941525117895,34.409797883110471],[-118.44832625063168,34.409901883850118],[-118.44780625124788,34.409951883792182],[-118.44730625100021,34.409998883166118],[-118.44672124993953,34.410052883880958],[-118.44642218443676,34.410074392208642],[-118.44634414347156,34.41009517402194],[-118.44621333833392,34.410124868662358],[-118.44617193987409,34.410132907588775],[-118.446106806898,34.410352288513089],[-118.4459663226941,34.410742319327348],[-118.44582277261625,34.411149571521506],[-118.44569524993886,34.411511348950754],[-118.44556957939554,34.411881400921679],[-118.4453885326168,34.412435761094805],[-118.4453068083467,34.412654187343605],[-118.44516746646603,34.412948366366606],[-118.44510185816991,34.413080506994511],[-118.44504114632039,34.413197869703666],[-118.44492949430868,34.413399889391371],[-118.4448493599282,34.413538569700435],[-118.44479627060095,34.413630439594847],[-118.44472581052504,34.413752369899889],[-118.44461734874146,34.413931376754569],[-118.44449895807239,34.414113858347477],[-118.44436566909935,34.414300185355486],[-118.44435709499665,34.414311820411562],[-118.44435209135995,34.414318609262878],[-118.44427261742426,34.41442645339572],[-118.44420271750613,34.414521303763273],[-118.44412202273236,34.414622225781031],[-118.4440768743202,34.41467352970183],[-118.44402645011118,34.414730787717552],[-118.44390777214846,34.414858994724042],[-118.4437330064456,34.415041682766301],[-118.44343948586408,34.415337108855027],[-118.4433108436309,34.415463651403087],[-118.44318382582357,34.415582961181833],[-118.44290325221489,34.415820305108973],[-118.44274641610862,34.415945221758797],[-118.44256642448136,34.416079479644658],[-118.44235994792743,34.416222790594659],[-118.44225536607581,34.416292839794714],[-118.44208639618431,34.416406014974378],[-118.44220168834622,34.416447284317933],[-118.44240193383605,34.416519526937151],[-118.44286910272751,34.416688065880017],[-118.4432456872445,34.416515992067218],[-118.44330549080995,34.416488678809742],[-118.44330583494056,34.416515936326334],[-118.44330855299152,34.416727623643325],[-118.44355977311912,34.416776111944365],[-118.44362838807844,34.416789196487066],[-118.44367263187011,34.416778563339953],[-118.44392597201072,34.416719570388274],[-118.44418927994576,34.416664698276016],[-118.44429289499972,34.416644891621758],[-118.44467123167411,34.416572579698226],[-118.44492134697047,34.416530447053056],[-118.44504277560424,34.416514393308219],[-118.44504255671016,34.416476271852481],[-118.44545717526458,34.4164762643857],[-118.44550923963183,34.416472633808354],[-118.44567696808244,34.416460703361309],[-118.44590402286646,34.416447507010375],[-118.44611433669274,34.416447704594034],[-118.44745941619126,34.416448961397151],[-118.44746467720388,34.416512184592264],[-118.44746634976173,34.416558864355366],[-118.4474668119101,34.41664489963722],[-118.44746716528958,34.416710685966962],[-118.44745452736842,34.416827871594094],[-118.44741839526023,34.416891208720493],[-118.44740684168086,34.416901828134435],[-118.44739570231951,34.416919895393896],[-118.44735099910675,34.416999669326785],[-118.44732801877792,34.417029950057497],[-118.44727850127883,34.417082700209406],[-118.44724230388,34.417133314174706],[-118.44722430872558,34.417178721370455],[-118.44722126115586,34.41722888133004],[-118.44722320751103,34.417282814727379],[-118.44723160603375,34.417333726733872],[-118.44727048906093,34.417504693579808],[-118.44727777542455,34.417639810240019],[-118.44727670353473,34.417674187874894],[-118.44727228843102,34.417778626115521],[-118.4472410396954,34.418134235962498],[-118.44723646998224,34.418209484906995],[-118.44722941463444,34.41843895938738],[-118.44696580731619,34.418439931069301],[-118.44679177777171,34.418449501035468],[-118.44669900497081,34.418462212680332],[-118.44661123589194,34.418480724329058],[-118.44655992778438,34.41849740048842],[-118.44640771126399,34.418555339819839],[-118.44635308863501,34.41857166747657],[-118.44627027260117,34.418586756459213],[-118.4461874163058,34.418593928263988],[-118.44610452213369,34.418594233168925],[-118.44602823676649,34.418591081576103],[-118.44587563562374,34.418576858384448],[-118.44576954297399,34.418579669855845],[-118.44561887446973,34.418587911769734],[-118.44552921490894,34.41859290927826],[-118.44550323361155,34.418593378845365],[-118.44550310479448,34.418673641963444],[-118.4455035872971,34.419044565413756],[-118.44550036307314,34.41911051633145],[-118.44554059222895,34.419453938543988],[-118.44555733680079,34.419577574667493],[-118.44555439187005,34.419863327478033],[-118.44555421148171,34.420058412807911],[-118.44565410003183,34.420058324420069],[-118.44597243698682,34.42005802888081],[-118.44604206709938,34.420057968481281],[-118.44604869781152,34.420057972045441],[-118.44620452861365,34.420057819011447],[-118.44624763066021,34.420057785759191],[-118.44644657982606,34.420057599086618],[-118.44664551057463,34.420057426580073],[-118.44668861146046,34.420057379652377],[-118.44669524543615,34.420057383169109],[-118.4467018771588,34.420057372269227],[-118.44672177349669,34.420057354889245],[-118.44678477072513,34.420057291445531],[-118.44683425102517,34.420057248915228],[-118.446960499018,34.420057132664027],[-118.44722907612064,34.420056884650762],[-118.44730202923533,34.420059566362667],[-118.4477297455018,34.420059177438148],[-118.44772984487787,34.420132515937773],[-118.44773040247115,34.42054551818935],[-118.44773078959236,34.420831272286115],[-118.44773262272886,34.421005742937069],[-118.44773458131357,34.421191204621358],[-118.44773479713604,34.421352996659756],[-118.44773487009219,34.421408263107438],[-118.44773523042896,34.421669398207051],[-118.44773545147018,34.421839649311202],[-118.447735492891,34.421878119400816],[-118.44773554050528,34.421905597969662],[-118.44773557134076,34.421935824474794],[-118.44773563393265,34.421990781732674],[-118.44773590507864,34.422183104895446],[-118.44773679005236,34.422853529779104],[-118.44773782646067,34.423620128768938],[-118.44773429396965,34.423620136398618],[-118.44772445473018,34.423620148374582],[-118.44722366123719,34.423620610129326],[-118.44697829450767,34.423620829359528],[-118.44678142453756,34.423621008313106],[-118.44632837816341,34.423621418514983],[-118.44629877231316,34.423621452619493],[-118.44629523327518,34.423621456625256],[-118.44597831776052,34.423623797822451],[-118.44566546040866,34.423624747541758],[-118.44554276567072,34.423624866503054],[-118.44503544563909,34.42362532606645],[-118.44487967772459,34.423625465623353],[-118.44440212348115,34.42362589179929],[-118.44376214481549,34.423629219238983],[-118.44335466971937,34.423629585937483],[-118.44312221773788,34.423629775406162],[-118.44276076871814,34.423630105390323],[-118.44248225925068,34.423630356259466],[-118.44217055141704,34.42363061301505],[-118.4418456121748,34.4236308847115],[-118.44166656514361,34.423633796012489],[-118.44120567366475,34.423634206630247],[-118.44116366744419,34.423634228689522],[-118.44116256103351,34.423634232713468],[-118.44116977092541,34.424087592966892],[-118.4411716891354,34.424218263231062],[-118.44117340146695,34.424334916302968],[-118.44117367654036,34.424568429531917],[-118.44117444371132,34.424601942139923],[-118.4411780787956,34.424760765544548],[-118.4411825858126,34.425137197853324],[-118.44119762709356,34.426393240240522],[-118.44119898514487,34.426506667095921],[-118.44119973907549,34.426508508890464],[-118.44119925053884,34.426507885904904],[-118.44119900060478,34.426507737159476],[-118.44120352561166,34.426885886780241],[-118.44120683405018,34.427162938393167],[-118.44120762016803,34.427228775393722],[-118.44120772192058,34.427234428537311],[-118.44120768818895,34.42723442775852],[-118.44120769549204,34.42723498487937],[-118.44120967098847,34.427399859071485],[-118.4412218419488,34.428415621622413],[-118.44123609336326,34.429541442887626],[-118.44124030357797,34.429716552142949],[-118.44124274917027,34.43006276162626],[-118.44125181485479,34.430832542144785],[-118.44125189549931,34.430838317070716],[-118.44054518819215,34.43084025718958],[-118.44054541867115,34.430858323971421]]]},"properties":{"OBJECTID":1,"District":1,"DistrictName":"CITY OF SANTA CLARITA 1ST COUNCIL","Shape_Leng":167847.40127100001,"GlobalID":"{5AE2E933-8667-4971-9D37-B6BEE5467A49}","Shape.STArea()":335091346.90518713,"Shape.STLength()":167847.40127090967}},{"type":"Feature","id":2,"geometry":{"type":"MultiPolygon","coordinates":[[[[-118.57627950398097,34.461152983565945],[-118.57754789029654,34.460978755757694],[-118.57803115158531,34.46098259163044],[-118.57857147707951,34.460986868451045],[-118.57909085563661,34.46099097146196],[-118.57999028473549,34.460998070675728],[-118.5806446409223,34.461003234783483],[-118.58129799698055,34.461007000968102],[-118.58496344599861,34.457523881842434],[-118.5868383229537,34.455742088757638],[-118.58646045332762,34.455480134587638],[-118.58607806560809,34.455215167393867],[-118.58524726140762,34.454639497329062],[-118.58520708300233,34.454611655076917],[-118.5843457710866,34.454014821755777],[-118.58390533340365,34.452836441131097],[-118.58389826788512,34.452817492347151],[-118.58379559765268,34.452542785577144],[-118.58377967561223,34.452500269919454],[-118.58359964676758,34.452016625958159],[-118.58356384212294,34.451920017152077],[-118.58304057398202,34.450502065654334],[-118.58296399482086,34.450294526296226],[-118.58134550615462,34.447461458363058],[-118.58141080828304,34.447457907140958],[-118.58403601701539,34.4473142011758],[-118.58793153740463,34.447318580756956],[-118.58980436965611,34.448033227664958],[-118.5901184081671,34.447965091457363],[-118.59112702652965,34.44774628635723],[-118.59162887913982,34.447637414621248],[-118.59194642779957,34.447568541630147],[-118.59387003049613,34.447150090233556],[-118.59559742858399,34.446774309162798],[-118.59639120691914,34.446601606832239],[-118.59682162500958,34.447158469870239],[-118.59761793704772,34.447781871846573],[-118.59829673352256,34.44804965909136],[-118.59856687690807,34.448156259887249],[-118.59906700235527,34.447821906276452],[-118.59917092219035,34.447752420900301],[-118.59938366674059,34.447801764380948],[-118.59989285319263,34.447919850474328],[-118.60039108602909,34.447558486102658],[-118.60083513308514,34.447236406606962],[-118.60245155827731,34.447334566642226],[-118.60367707560302,34.447066741478423],[-118.60412633796344,34.447799378116017],[-118.60490808321498,34.448259270312896],[-118.60515384778181,34.448885197982747],[-118.60516509243423,34.448894262774211],[-118.6054048825652,34.449092351860045],[-118.60553611567978,34.449199765430755],[-118.6055616737585,34.449216799582707],[-118.60593694704332,34.449459729206886],[-118.60669140880368,34.449128029666987],[-118.60730518100506,34.449046256627582],[-118.60863810289352,34.449098892860889],[-118.60889967873719,34.449653606788196],[-118.60943063228629,34.449980038265984],[-118.61035616435076,34.450421073067282],[-118.61059230849577,34.450533286943156],[-118.6116268192292,34.450157045420426],[-118.61222793475632,34.449914152067969],[-118.61276908827277,34.449778415342152],[-118.61288985508999,34.44975675444433],[-118.6129195401297,34.449794133793496],[-118.61295352143235,34.44983693853537],[-118.61303196111245,34.449790543001356],[-118.61319405084588,34.449708232893798],[-118.61323692140702,34.449686463124543],[-118.61346516076914,34.449576629679683],[-118.61322081456653,34.44927369792309],[-118.61279489886822,34.448732864020769],[-118.61259224512165,34.44846517078102],[-118.61212817570078,34.447831098799661],[-118.61190767459038,34.447540168018222],[-118.61147063966304,34.446972727932547],[-118.61133179878506,34.446802319803879],[-118.61130980919411,34.446779729822588],[-118.61126268876825,34.446723498370602],[-118.61119438883834,34.446646052173449],[-118.61103240534771,34.446471934143517],[-118.61087180166678,34.446314326964433],[-118.61052641353716,34.446003302298024],[-118.61002253114394,34.445604807465131],[-118.60992430558447,34.44553074844103],[-118.60961228077196,34.445304323455673],[-118.6094476105246,34.445188584313478],[-118.60926724646666,34.445067509108895],[-118.60914914302717,34.44499218164102],[-118.60901368956532,34.44491185195541],[-118.60883459241876,34.444814154793455],[-118.60838166818732,34.444582197660218],[-118.60774666286342,34.444233953566489],[-118.60741224437061,34.444055664657746],[-118.6058307003432,34.443246103603187],[-118.60577646502347,34.443217627007357],[-118.60569582642482,34.443175796969577],[-118.60566619841144,34.443160448308596],[-118.60554965568477,34.443098845425013],[-118.60552397470829,34.443085453204844],[-118.60552332039578,34.443085112082244],[-118.60514512509869,34.442887900249794],[-118.60420136341934,34.442413453450392],[-118.60395721796336,34.442282931544973],[-118.6032407431003,34.441899894141869],[-118.60216710450014,34.441350512032415],[-118.60112835220575,34.440808142812841],[-118.6005523490243,34.440501858334912],[-118.6005273753359,34.440488239782795],[-118.60048742482175,34.440467472217932],[-118.6001345538194,34.440287855493771],[-118.59966857411472,34.440059698116364],[-118.59965358953905,34.440052209164115],[-118.59955036869918,34.43999672196896],[-118.59906259241185,34.439735327446243],[-118.59869111974587,34.439504640529698],[-118.59863529445462,34.439471672626418],[-118.59858834812304,34.43944394661716],[-118.59821814312814,34.439225312802805],[-118.59805823349012,34.439126129456987],[-118.59791494231627,34.439032388636157],[-118.59761997810502,34.438832201811607],[-118.5972133210214,34.438549799201496],[-118.59698663444017,34.438388788303968],[-118.59680157089176,34.438251291747115],[-118.5966698207708,34.438147158342922],[-118.59629611779143,34.437834358372143],[-118.59580221350984,34.437409490338773],[-118.59519825620046,34.436898270800206],[-118.59438398206468,34.436194676100463],[-118.59391688610062,34.435804701116254],[-118.59353156406468,34.43548815858928],[-118.59349980068367,34.43545157624667],[-118.59280084069836,34.434869690724895],[-118.59257224800753,34.434671229186399],[-118.59214171314221,34.43429068824679],[-118.59188646488381,34.434074517665337],[-118.59168466693195,34.43391200244443],[-118.59112774053445,34.433479175572579],[-118.59086755306889,34.433267125326502],[-118.59068402569464,34.433108308632512],[-118.59020172023602,34.432673742936458],[-118.59001788599213,34.432515784999502],[-118.58996480718174,34.4324701773171],[-118.58984304091729,34.432368736784852],[-118.58972298160563,34.432273832109068],[-118.58923613692096,34.43189940563294],[-118.58901264592436,34.431716713030596],[-118.58885246626808,34.431576660260234],[-118.58845355861705,34.431208677116828],[-118.58830341859459,34.431080250764282],[-118.58824668349256,34.431029691681537],[-118.58802141150555,34.430828809225787],[-118.58775086655315,34.430557036778389],[-118.58746848155431,34.430251682825393],[-118.587291308167,34.430051946341102],[-118.58720602719372,34.429950685350036],[-118.58710565360722,34.429824768114209],[-118.58700020486479,34.429685135890743],[-118.58690643753667,34.429555392845039],[-118.58670203194261,34.429256534056826],[-118.58664672405584,34.429171947731035],[-118.58654105217521,34.429000711816961],[-118.58634305107586,34.428668155265115],[-118.58624037138766,34.428450853983001],[-118.58611096192045,34.428203838099243],[-118.58606395502353,34.428121627526423],[-118.58568087166319,34.427405946819221],[-118.58543044652887,34.426926964982037],[-118.58536859618491,34.426807241487801],[-118.58527031873025,34.426617002192572],[-118.5852337736807,34.426546285937945],[-118.58521692462878,34.426508580091287],[-118.58518475365305,34.426446577737494],[-118.58475133893788,34.425611932601605],[-118.58458374913529,34.425284248148444],[-118.58445378177561,34.425030125442298],[-118.58435251802169,34.424847219391161],[-118.584339587182,34.424823896643872],[-118.58422534247931,34.424610443039725],[-118.58390773120253,34.424005727435642],[-118.58359189028586,34.423415765194719],[-118.58351949839772,34.423259813511535],[-118.58348418316641,34.423188893375205],[-118.58346232757303,34.423145718284651],[-118.58341862788031,34.423070940201107],[-118.58340515583711,34.423046382142978],[-118.58335870703911,34.422971449573723],[-118.58329122756219,34.422862820293901],[-118.58320363342385,34.422666083740545],[-118.58311947948206,34.422487182876594],[-118.58284054579403,34.421958180068735],[-118.58234793514744,34.42098262330537],[-118.58218830735481,34.420679747353297],[-118.58166924489356,34.419713273389711],[-118.58156670546877,34.419511795800368],[-118.5812036403084,34.418802519475065],[-118.58097520056447,34.418363620032373],[-118.58096609140993,34.418346097158263],[-118.58096034112444,34.418335054692108],[-118.58095524467468,34.418325263136055],[-118.58050458281073,34.417459392052521],[-118.58032305323343,34.417105096356643],[-118.58029949039887,34.417054373056907],[-118.5800883105252,34.416644873325254],[-118.57992134728478,34.416319607267766],[-118.57968598963018,34.415851666509546],[-118.57948576671986,34.415429446721234],[-118.57936617397938,34.415158663518639],[-118.57920596049658,34.414768539896158],[-118.5789612158926,34.414141127661637],[-118.57881443782034,34.413775313418064],[-118.5783856343037,34.412663438662413],[-118.57837430207543,34.412634679481528],[-118.57810381395674,34.411948271565755],[-118.57794536670154,34.411571878213202],[-118.57788986688699,34.411457743538719],[-118.57785617232948,34.411379589092917],[-118.5776762230324,34.411009480595332],[-118.57758702792071,34.410817221932284],[-118.57745060174305,34.410507692163314],[-118.57715574072726,34.409821790327932],[-118.57696371690147,34.409382679347431],[-118.57685261159361,34.409138315277332],[-118.57678120236805,34.408986504668775],[-118.5764494131822,34.408274925058642],[-118.57643362304442,34.408241060725999],[-118.57636118227468,34.408073095564419],[-118.57626497207097,34.407824865581333],[-118.57620089778425,34.407668539120941],[-118.57605269892301,34.407332953293221],[-118.57600556423598,34.407229116882938],[-118.57522325204216,34.405326476142797],[-118.57518785606123,34.405241103174795],[-118.57514577605328,34.405149246463971],[-118.57511033566252,34.405058047930005],[-118.57503460044634,34.40489215941605],[-118.57495708641706,34.404709458347803],[-118.57481034810046,34.404343971692647],[-118.57471104737104,34.404127027746007],[-118.57459817097495,34.403863763788351],[-118.57451406646439,34.403686591254903],[-118.57445163481721,34.403527152077032],[-118.5743322528069,34.403281450041952],[-118.57428339158957,34.403167287679025],[-118.5741285664011,34.402829699694166],[-118.57396012948978,34.402441312826816],[-118.57387602885339,34.402264138929453],[-118.57376485338231,34.402007048005565],[-118.5737009640836,34.401875780360527],[-118.57349054193368,34.401407245269475],[-118.57344176104378,34.401304426269533],[-118.57340632415367,34.401213227217077],[-118.57333730093912,34.40105931442001],[-118.57330020527533,34.400967435303407],[-118.57320253764973,34.400744986604948],[-118.57304045975746,34.400316395750551],[-118.57296425295421,34.400081810779135],[-118.5729068750301,34.399933334896915],[-118.57280210929929,34.399641864107927],[-118.5727582249793,34.39952770466369],[-118.57268885122905,34.399321941046523],[-118.57264626815063,34.399155893560717],[-118.57260357266074,34.398972673143973],[-118.57256075971897,34.398772966793459],[-118.57255267022289,34.39872345902414],[-118.57252615706282,34.398561181588889],[-118.57248152973341,34.398337795795328],[-118.5721899569629,34.397154140122211],[-118.57214067728513,34.396977135168385],[-118.57209797858569,34.396793914576577],[-118.57199084685948,34.396398722961884],[-118.571934626093,34.396176734934059],[-118.57175718619639,34.395438745616254],[-118.57155208546764,34.394535295013185],[-118.57149242172099,34.394294118376493],[-118.57145666131274,34.3941551593432],[-118.57140211385371,34.393934898634328],[-118.57131700634189,34.393608986985676],[-118.57123853439859,34.393283042211216],[-118.57116021303972,34.392979769522903],[-118.57099619910048,34.392265069294488],[-118.57087017666684,34.391756940327085],[-118.57084111042234,34.391642023430691],[-118.57077624941141,34.391367539122285],[-118.57065722142144,34.390927391041252],[-118.57057199787819,34.390583976875455],[-118.57055452893881,34.39050214777852],[-118.57044871035508,34.390006447482769],[-118.57035643480107,34.389600550783022],[-118.57027809011564,34.389291781811252],[-118.57017961168839,34.388949086919347],[-118.5701185090055,34.388750904513365],[-118.5701148398266,34.388740573879126],[-118.57010844038159,34.388719972204967],[-118.57003202436313,34.388451726378641],[-118.56999651453195,34.388348518124914],[-118.5699323668417,34.388177069808499],[-118.56988355699281,34.388068399395159],[-118.56983455460218,34.387931235763268],[-118.56970810988416,34.387616867605523],[-118.56968328389999,34.387559277517518],[-118.56964411301614,34.387468426653875],[-118.56961183475423,34.387381415515037],[-118.56955293815818,34.38722258734051],[-118.56927307335866,34.386525934954967],[-118.56915340908003,34.386234530887279],[-118.56909503326401,34.38608276451923],[-118.5688851423963,34.385537134378133],[-118.5687803615715,34.385240169719694],[-118.56858306986075,34.384743033339518],[-118.56831697264292,34.384119819514545],[-118.56812828930741,34.383668673824516],[-118.56804394824296,34.383451625416029],[-118.5679596850095,34.383245932395447],[-118.56787530402718,34.383023058297269],[-118.56758144244303,34.382317045536858],[-118.56755182091067,34.38224590025154],[-118.56747438596246,34.382068666331051],[-118.56727052084794,34.381577412278212],[-118.56708862519982,34.381148906062379],[-118.56698405557135,34.380880431157856],[-118.56696722148349,34.380841712060167],[-118.56687809962868,34.380651836007189],[-118.56682247779183,34.38051433967933],[-118.56674519742505,34.38036049054719],[-118.56671429308533,34.380293019424435],[-118.56667455096041,34.380206252446534],[-118.56660405125361,34.380074681068493],[-118.56654859017117,34.37996054820465],[-118.56648491865461,34.379857796870802],[-118.56643794290621,34.37977250067167],[-118.56637131335685,34.379668691166529],[-118.5662838490761,34.379532421588053],[-118.56620002349342,34.37938992243285],[-118.56610957085508,34.379247124201356],[-118.56593528931262,34.378961802239409],[-118.56584325517771,34.378830329141152],[-118.56575115995442,34.378690615270386],[-118.56552174868749,34.378339267763437],[-118.5652222633628,34.377883113322788],[-118.56522223738875,34.377869343303523],[-118.56511635046354,34.377694387096952],[-118.56501256709807,34.377540630653229],[-118.56485174692561,34.377283763759067],[-118.56474125391919,34.377118031620469],[-118.56466252935675,34.376994412063553],[-118.56441496255373,34.376610972834378],[-118.56434434684451,34.376501597535587],[-118.56365422344012,34.375422434926762],[-118.56355961396957,34.375274488300199],[-118.56337088616476,34.374979362460778],[-118.56161903668556,34.372239746586551],[-118.56072869635291,34.370847314923317],[-118.56071494687126,34.370825810949896],[-118.5600805775607,34.369833665567157],[-118.55998207444499,34.369703372812218],[-118.5581240399821,34.367245342008282],[-118.55808527031243,34.367194052417723],[-118.55797415439497,34.367047051951388],[-118.55697634075766,34.365753262733698],[-118.55681420304218,34.365541045546202],[-118.55665036077269,34.365320586868094],[-118.55657005958925,34.36520518778277],[-118.5564093401517,34.364956914513947],[-118.55633056912353,34.364822266650613],[-118.5562517398555,34.364678364681765],[-118.55610399022029,34.364387081160473],[-118.5560199589647,34.364208849674434],[-118.55590892093636,34.363955177501225],[-118.55585832993083,34.363822827038561],[-118.55539187646255,34.362446558960691],[-118.55530553185244,34.362169414146727],[-118.55523270265003,34.361931697578299],[-118.55464463578893,34.360202885912202],[-118.55460575916646,34.360087974827955],[-118.55453423369886,34.359882084396318],[-118.55446387451859,34.359679545927335],[-118.55432246962179,34.359343216345366],[-118.55426532543716,34.359220510124054],[-118.55419820014377,34.359091335876521],[-118.5540606553713,34.358837430701051],[-118.55399025383518,34.358713763506238],[-118.55374728868479,34.358301646839607],[-118.55365504800783,34.35813273800057],[-118.55360484495097,34.358057404616531],[-118.55353462833237,34.35796187522692],[-118.55335083435484,34.357728127968109],[-118.55287489547695,34.35715906521191],[-118.55242895907783,34.356745915277138],[-118.55181733225638,34.356179201345569],[-118.55152131698213,34.356176494479783],[-118.55119129853834,34.356173477239324],[-118.55096055011872,34.356171363794729],[-118.55040119983718,34.356166241211831],[-118.54595893019149,34.356124474753422],[-118.54422146254105,34.356134322710496],[-118.54199727602811,34.356146872320451],[-118.53865762267145,34.356165662689328],[-118.53793188440567,34.356169599047668],[-118.53748277475299,34.356171973766102],[-118.53747957890037,34.356171990643062],[-118.5374763841407,34.356172008416642],[-118.5371716268962,34.35617360381913],[-118.53368442125279,34.356191754337573],[-118.53340816135037,34.356193195858665],[-118.53332608561188,34.356162038286683],[-118.53329681583877,34.352840089005554],[-118.53329338287512,34.352448555966284],[-118.53220909287793,34.352452967062092],[-118.5318950738093,34.35245423381896],[-118.53173008255908,34.352454901911166],[-118.53160815717813,34.352455492675418],[-118.53156379438671,34.352455552026932],[-118.53076370791722,34.352458727687043],[-118.53059804672927,34.352459343981039],[-118.53056491562235,34.352458995882323],[-118.53012343500228,34.352460513959265],[-118.5298923430954,34.352461277535696],[-118.52944096310003,34.352462976146839],[-118.52900120690795,34.352464563741137],[-118.52877508735915,34.352465385523693],[-118.52870053761288,34.352465520534288],[-118.52850177931745,34.352465836584884],[-118.52767084578214,34.352469398602871],[-118.52760134300891,34.352469701188362],[-118.52748663896116,34.35247017252604],[-118.52737601314089,34.352470605273702],[-118.52730560580194,34.352470880973414],[-118.52688589585567,34.352472403423057],[-118.52653076064691,34.352473699789911],[-118.52631825534642,34.352474431696486],[-118.52557412505375,34.352476946025455],[-118.52550613717452,34.352477185845935],[-118.52539654033272,34.35247755282338],[-118.52529035350939,34.352477929263586],[-118.5252232917211,34.352478162206879],[-118.52403503403718,34.352482401647812],[-118.51985030644433,34.350830471971541],[-118.51973263157596,34.350784015444844],[-118.51973448010017,34.350480385924477],[-118.51974507582456,34.348894942399845],[-118.51975130859076,34.347620440687251],[-118.51975365899484,34.34714191196209],[-118.51572648565605,34.346920133869091],[-118.51564694558935,34.346915742853412],[-118.51531649355411,34.34689753094181],[-118.5151143964827,34.346886409565727],[-118.51520101303603,34.345650497783502],[-118.51520772123487,34.345556525176981],[-118.51523732782903,34.345141435704129],[-118.5151280030676,34.345136074712279],[-118.51312357830307,34.345027687447633],[-118.51291669400167,34.345016587203901],[-118.5127243738103,34.34500627243623],[-118.51303569089634,34.345629924073791],[-118.51351794798768,34.346595962402667],[-118.51352473155305,34.346609550518302],[-118.51364819197696,34.346856857043988],[-118.51415338873578,34.347868812030391],[-118.51417542719788,34.347912955293488],[-118.5144806005077,34.348524234029092],[-118.51459548324351,34.348754345775781],[-118.51460231014042,34.348768029210611],[-118.51478784551662,34.349139881979234],[-118.51511022922999,34.349785994559333],[-118.51537099747634,34.35030861573248],[-118.51586912747025,34.351306920893336],[-118.51621637654002,34.352002829443769],[-118.51635310926591,34.352276849724639],[-118.51636361846879,34.352297908196583],[-118.51654411044728,34.35265955991855],[-118.51657326641511,34.352717986161437],[-118.51681452105491,34.35320144878829],[-118.51709577056234,34.353765048576925],[-118.51721046823764,34.353994889985422],[-118.51734875861158,34.354310934093192],[-118.51753940280078,34.354826209377634],[-118.51754648884337,34.354824745670584],[-118.5176596218928,34.355169980523684],[-118.5178961082602,34.35589163016985],[-118.5179491569065,34.356026042146837],[-118.51800869356791,34.356158572805356],[-118.51807462236607,34.356289007979356],[-118.51814683436471,34.356417131754661],[-118.51823594907708,34.356565143307883],[-118.51833087302769,34.356710648013333],[-118.51843150417919,34.356853491228975],[-118.51853773506787,34.356993520138808],[-118.5186494516882,34.357130579249613],[-118.51911994837684,34.357626434069779],[-118.51969875331746,34.358236423763096],[-118.5200362287365,34.358584928801115],[-118.52037025931359,34.358929873090375],[-118.52064625863618,34.359225874135007],[-118.52157325873458,34.360174874863844],[-118.52179362225618,34.360409201264225],[-118.52183187844955,34.360384113497567],[-118.52184227131964,34.360377000680515],[-118.52189307101632,34.360430286546652],[-118.5221144458112,34.360662492099458],[-118.52233582293219,34.360894698142324],[-118.52250372184959,34.361070808822177],[-118.52274684977746,34.361325826679561],[-118.52282465974274,34.361407441953247],[-118.52303978651017,34.361656966115831],[-118.52321723155407,34.361901526407195],[-118.52334538869179,34.362109511023895],[-118.52351253627663,34.362443951088359],[-118.52356816665218,34.362580716916234],[-118.52361803060893,34.362721056991234],[-118.52363714852571,34.362784121859498],[-118.52363717741372,34.362784220904061],[-118.52368788945255,34.362964512630533],[-118.5237105502373,34.363064391885544],[-118.52371552993495,34.363090433886654],[-118.52372967100915,34.363164396419698],[-118.52373261498671,34.363179791015092],[-118.52375018399211,34.363294257540183],[-118.52376043330176,34.363380014601532],[-118.52376840777713,34.363468456360124],[-118.52377140936693,34.363510491207279],[-118.52377429286975,34.363561761036877],[-118.52377593121618,34.363601208044393],[-118.52377684647647,34.363633195229852],[-118.52377696486138,34.363637329179873],[-118.52377708759533,34.363641636206765],[-118.52377707062101,34.363641876089723],[-118.52377723008728,34.36364874152784],[-118.52377723710343,34.363648993027162],[-118.52377726374768,34.363650292030918],[-118.52377743913331,34.363660036918411],[-118.52377739347388,34.363660037115693],[-118.52377746262428,34.363661526160683],[-118.52377757523962,34.363669413245916],[-118.52377757916996,34.363669692706267],[-118.5237775810502,34.363669818913721],[-118.52377758434092,34.363670169598464],[-118.52377758495841,34.363670267863654],[-118.52377758446612,34.363670362527451],[-118.52377692390918,34.363771298173056],[-118.52377724850338,34.363771569937029],[-118.52377686913634,34.36377970977621],[-118.52377680151626,34.363790056139209],[-118.52377074586465,34.363919271157606],[-118.52376987394739,34.363929822940918],[-118.52376912670952,34.363945856449028],[-118.5237635230194,34.364006685916259],[-118.52376322697258,34.364010265406982],[-118.52376304775858,34.364011849285227],[-118.52375213165256,34.364108064605105],[-118.52374054416813,34.364186194329967],[-118.52373884516251,34.364197651226419],[-118.52373920089389,34.364197687554018],[-118.52373522078591,34.364222085091818],[-118.52371829025614,34.364315161088051],[-118.5236856134531,34.364494807853553],[-118.52365959167497,34.364637861207839],[-118.52362192817516,34.364844919174807],[-118.52361048543608,34.36490649418532],[-118.5235620422872,34.365167374638489],[-118.52352272368951,34.365379117805915],[-118.52346175522462,34.365707449612415],[-118.52345559480037,34.365740619520153],[-118.52339290954494,34.366078193169045],[-118.52335299277557,34.366293155544959],[-118.52332131746697,34.366463730178815],[-118.52331624253179,34.366491104802158],[-118.52327485334015,34.366713693316427],[-118.52326562059605,34.366763355718462],[-118.52318965307298,34.367172377695738],[-118.52316926131404,34.367282170459447],[-118.52313538077951,34.367464585455487],[-118.5230373528569,34.367992358655179],[-118.5229982994931,34.368202612927824],[-118.52295574274352,34.368431728983907],[-118.52284967853126,34.369002753767838],[-118.52280585893082,34.369238668306231],[-118.5227787225253,34.369384764421696],[-118.52270050993273,34.369805829451884],[-118.52262830725337,34.370194536598589],[-118.5225758999307,34.370476674827486],[-118.52248406399943,34.370971075540361],[-118.5224415833201,34.371199769124722],[-118.52243655061523,34.371226861338684],[-118.52241801854497,34.371329240686499],[-118.52239077891585,34.371479727636256],[-118.52234448862232,34.371751379720166],[-118.52230131059383,34.372004769411937],[-118.52228786425316,34.372093587503834],[-118.52226724037875,34.372310561489435],[-118.52226311825638,34.372486113471076],[-118.5222689239737,34.372643263732421],[-118.52228725299565,34.372827830843342],[-118.52232669228992,34.373052924046192],[-118.52234354356645,34.373125710241325],[-118.52236779852278,34.373217807058033],[-118.52239324960492,34.373303147988786],[-118.5224162455405,34.37337268649447],[-118.52241614109045,34.373372675224608],[-118.52241829034288,34.373378870356213],[-118.52241862503439,34.373379880441],[-118.52241875542136,34.373380213448634],[-118.52242167544675,34.373388645583908],[-118.52242591849107,34.373400687190205],[-118.52243260583997,34.373419333758115],[-118.52244296456999,34.373447458614152],[-118.52245136920317,34.373469646238952],[-118.52245607086721,34.373481825606284],[-118.52245959586607,34.373490847444614],[-118.52245969747608,34.373491099437715],[-118.5224802952734,34.373540568281015],[-118.52247969616948,34.373540740352496],[-118.52249065485593,34.373566396007035],[-118.52249047253,34.37356644998367],[-118.52247378195267,34.373586802947933],[-118.52249981253765,34.37364279445007],[-118.52254845406533,34.373736013113955],[-118.5226656664844,34.373930608135936],[-118.52273090732778,34.374029254548475],[-118.52287136049858,34.374230615280155],[-118.52302342088662,34.374432262046859],[-118.52317876266196,34.37462979336042],[-118.52344847249908,34.374979375664168],[-118.52368163404977,34.375281621264598],[-118.5236234851178,34.375255727800194],[-118.52369526021343,34.375342876090187],[-118.52395026144234,34.375449876026387],[-118.52411926007427,34.375519875769399],[-118.52434390744915,34.375612470589374],[-118.52430637218666,34.375561125285195],[-118.52489969194454,34.375826268091238],[-118.52522035961205,34.375961943880903],[-118.52524285674181,34.375970994331652],[-118.52539646367983,34.376032955950961],[-118.52546955274465,34.376062179910832],[-118.52553599977503,34.3760869772128],[-118.52566061283494,34.376140351707875],[-118.52572378272325,34.376172721623085],[-118.52580694421216,34.376220781737651],[-118.52588848130283,34.376274695324774],[-118.52597504708712,34.376338211874078],[-118.52603168233985,34.376384349440762],[-118.52608003127889,34.376430852001683],[-118.52633023994321,34.376690816609134],[-118.52643089216649,34.376623742299778],[-118.52646228692352,34.3766095094985],[-118.52648709709919,34.376602206568855],[-118.52657653168598,34.376594590495309],[-118.52665441263838,34.37659425218893],[-118.52672738323851,34.376602863111749],[-118.52679045503957,34.376619077314054],[-118.52690180800685,34.376670802445055],[-118.52695336864051,34.376701164865786],[-118.52707639498277,34.376765204610599],[-118.5272027257631,34.376826126762566],[-118.52733068025893,34.376883634803285],[-118.52782410995536,34.377083453958228],[-118.52788059652877,34.37710656239048],[-118.52809660200522,34.377199055388573],[-118.52821789770266,34.377251064164788],[-118.52858182313744,34.377411963323389],[-118.52897730153266,34.377583000370919],[-118.52903869676469,34.377609836350295],[-118.52942260163465,34.377771015438732],[-118.52967183696839,34.377875723334064],[-118.52991107155361,34.377972227149819],[-118.53005728888775,34.37803305761156],[-118.53035801634866,34.378157457570389],[-118.53052751438982,34.37823091445555],[-118.53122356298437,34.377200149274778],[-118.53149946946544,34.376811491613275],[-118.53171422628819,34.376508690988075],[-118.53187556041121,34.376281214503123],[-118.5322730084566,34.375725811172856],[-118.53255880489976,34.37532435262127],[-118.53259095365837,34.375268068903218],[-118.53275584630718,34.374979389878462],[-118.532803317358,34.374896271148458],[-118.53314177255371,34.374430679494459],[-118.5332602117299,34.374481772614729],[-118.53336473640759,34.374332309892765],[-118.53343870893777,34.374226532204275],[-118.53352679807577,34.374102309043913],[-118.53372937276181,34.373816666880103],[-118.53383207786013,34.373810992034471],[-118.53445973099093,34.374370512403956],[-118.5346523430255,34.374540560778186],[-118.53529282556481,34.375110762128244],[-118.5353549476221,34.375166077658861],[-118.53537628848788,34.375185073521045],[-118.535641256194,34.375419580920308],[-118.53585993910329,34.375614292820337],[-118.53609877574627,34.375824105252391],[-118.53619947167627,34.375913248638696],[-118.53673815727306,34.376390456113754],[-118.53708738097444,34.376700372553586],[-118.5372796666045,34.376870404704093],[-118.53754169253517,34.377102152385611],[-118.5377604507289,34.377296539598092],[-118.5378734850605,34.377396981766786],[-118.53797286996397,34.377484740233527],[-118.53821768602099,34.377700826453129],[-118.53828466322278,34.377759942368392],[-118.53828514657478,34.377760367552163],[-118.53842239455373,34.377945037149253],[-118.53846712428198,34.378005221825042],[-118.53847160176406,34.378011247664332],[-118.53858952493859,34.378170651603718],[-118.53871175751436,34.378334226637392],[-118.53879835179114,34.378451932723706],[-118.53885385579474,34.378526616620746],[-118.53891984953503,34.378615414349937],[-118.53904210885142,34.378779055647655],[-118.53911753291089,34.378880010075797],[-118.53918406499442,34.378969240711825],[-118.53933068183413,34.379166423364993],[-118.53953634847987,34.379443018454502],[-118.53971767138077,34.379686871263637],[-118.53982863308507,34.37983108429858],[-118.53997845715284,34.379822806283038],[-118.54031875896739,34.379803103354654],[-118.54064930840126,34.379783964051335],[-118.54068426417713,34.379854874749221],[-118.54074126436549,34.379970875901812],[-118.54107826327862,34.380675874901662],[-118.54110726407431,34.380734875666349],[-118.54130126445975,34.381166875005675],[-118.54142226404497,34.381464876030037],[-118.54143126380438,34.381485875074667],[-118.54161926380189,34.381972874797171],[-118.54167426380607,34.382130875467652],[-118.54174726476153,34.382339876024318],[-118.54196826485411,34.38277687529169],[-118.5421572644298,34.383109874984846],[-118.54244426476831,34.383508874936453],[-118.54273826436732,34.383905874819249],[-118.54327526530496,34.384604874943321],[-118.54360326491941,34.385042875678423],[-118.54361127863822,34.385053603231789],[-118.54372726448292,34.385208876428713],[-118.54391116585353,34.385444111652212],[-118.54405326459914,34.385625875437242],[-118.54417373666858,34.385780477167053],[-118.54441124634229,34.386085269130774],[-118.54446626514043,34.386155874988006],[-118.54451826452369,34.386221874890978],[-118.54486226499495,34.386666876564824],[-118.544910266359,34.386728876104378],[-118.54500976848925,34.386859651597476],[-118.54529526421926,34.38723487619648],[-118.54536820532525,34.387330801023438],[-118.54553326543876,34.387547875890689],[-118.54561026503343,34.387647875302896],[-118.54564626582632,34.387694876446496],[-118.54565707689622,34.387708902632134],[-118.54568326497741,34.387742876499992],[-118.54584595074758,34.387953666177793],[-118.54600345939998,34.388157748056386],[-118.54611767171983,34.388305729903941],[-118.5460013499968,34.388365755400073],[-118.54595625959921,34.388379678974715],[-118.54570161636244,34.388458308145843],[-118.54523579995377,34.388740771775971],[-118.54504316609278,34.388910574682235],[-118.54482656315845,34.389101504380555],[-118.54450731895156,34.389382907091544],[-118.54437217980001,34.389502027591909],[-118.54408490805967,34.389755244133788],[-118.54395704379309,34.389986256756458],[-118.54369514310953,34.390216348538672],[-118.54356310009072,34.390332352039813],[-118.54313876910348,34.39070513969434],[-118.54269729955764,34.39109297892221],[-118.54259149124381,34.391185933268225],[-118.54232693913799,34.391418343655083],[-118.5422570315026,34.391479742818667],[-118.54238334652409,34.391630668936344],[-118.54154080012175,34.392076649821433],[-118.5415111060973,34.3920923655443],[-118.54151106166218,34.392092389182771],[-118.5414479354651,34.392125787328489],[-118.54144609950325,34.392126759272379],[-118.54144397459321,34.392128619621197],[-118.54124047642846,34.39223570513834],[-118.54073730195107,34.39250176394976],[-118.54086938173387,34.3926719345219],[-118.54067043537627,34.392778066574451],[-118.54050952521615,34.39286390639603],[-118.54033139976183,34.392958929165424],[-118.5401968826833,34.392785620696074],[-118.54018839299843,34.392790095893993],[-118.54012726376881,34.392822352116404],[-118.54030936506422,34.39304949501436],[-118.53967299178865,34.393346081130339],[-118.53951844892551,34.393146998587511],[-118.53938929294716,34.393215999114069],[-118.53925399815701,34.393288284965365],[-118.53892605448279,34.39346439634928],[-118.53923359901349,34.393928560451627],[-118.53929302159656,34.394018244546544],[-118.5392939177744,34.394019593771056],[-118.53933348520684,34.394079239417316],[-118.53933395552683,34.394241288987182],[-118.53933563133585,34.394818759717786],[-118.53933574593515,34.394858643298448],[-118.53933613858908,34.394996091106115],[-118.53933625892634,34.395029972213457],[-118.53936719397353,34.395212133935495],[-118.53934806321256,34.395215434819107],[-118.53933185268204,34.395218247600084],[-118.53931562683739,34.395221046923865],[-118.53929939999747,34.395223860674548],[-118.53928317306311,34.395226659998862],[-118.53926696260413,34.395229484490791],[-118.53925073576092,34.395232298234966],[-118.53923450881743,34.395235096651255],[-118.53921828197781,34.395237911292568],[-118.53920205503218,34.39524070970451],[-118.53918582818457,34.395243523439973],[-118.53916961754986,34.395246321775005],[-118.53915339060673,34.395249121081982],[-118.53913716365672,34.39525191948519],[-118.53912093562383,34.3952547187926],[-118.53910470966582,34.395257502762469],[-118.53908848163083,34.395260302065523],[-118.53907225576397,34.395263100455288],[-118.53905602772679,34.395265899754015],[-118.53903980068276,34.395268684621534],[-118.53902357481844,34.395271483906228],[-118.53900734677218,34.395274282296938],[-118.53899620507349,34.395276205220689],[-118.53899112090572,34.395277081577291],[-118.53897489285725,34.395279879963688],[-118.53895870827429,34.39528267274541],[-118.5389407095652,34.395158508036985],[-118.53893080113282,34.395101234925249],[-118.5389090663015,34.395009461084904],[-118.53889648468892,34.394966148463226],[-118.5388440020715,34.394794969364376],[-118.53882202508539,34.394728789475543],[-118.53877480828089,34.394604296588767],[-118.53871269725018,34.394482294093748],[-118.53862056030808,34.394331239419508],[-118.53853019743262,34.394198010141409],[-118.53845491573367,34.394090154359624],[-118.53829952366733,34.39389607939443],[-118.53824276531743,34.393823683526477],[-118.53817528028148,34.393737608406703],[-118.53801374248678,34.393531541936014],[-118.53794886038374,34.393442596361076],[-118.53788487091845,34.393476410274737],[-118.53777404925329,34.393536998420146],[-118.53774766623705,34.393551128950548],[-118.53760871172929,34.393625555015305],[-118.53745159285486,34.393708605317727],[-118.53736552056209,34.393754104313835],[-118.53695461409518,34.393971311305492],[-118.53680423449613,34.394050801393035],[-118.5364684990726,34.394228270350482],[-118.53632406574754,34.394304616007659],[-118.53632151313907,34.3943045993502],[-118.53629420387747,34.394304666945487],[-118.53596031027207,34.394302651565276],[-118.53551908203754,34.394300268209328],[-118.53505529924587,34.394297760995045],[-118.53437086705615,34.394294058195008],[-118.53436629273943,34.394294051307426],[-118.53432332947415,34.394293828630765],[-118.53366906646045,34.394290497392433],[-118.53303707960509,34.394287276563425],[-118.53285210143103,34.394286308131782],[-118.53279375311345,34.394286013683349],[-118.53274643734417,34.394285774412452],[-118.53269219468802,34.394285499741358],[-118.53236138225058,34.394283807106902],[-118.53220994995068,34.394283025785271],[-118.53193445149095,34.394281616594924],[-118.53188148674897,34.394281345872109],[-118.53164177884324,34.394280118900163],[-118.53158912950359,34.394279849371436],[-118.53151118707547,34.394279449979848],[-118.53151110226554,34.394279453056235],[-118.53148290389801,34.39417508110035],[-118.53144791289849,34.394045158647508],[-118.53135834912469,34.393712547974943],[-118.53134362851993,34.393657878258374],[-118.53127392109766,34.393398984080065],[-118.53119401088492,34.393102234766474],[-118.53106060611749,34.392606836628893],[-118.5310288118808,34.392488730942738],[-118.53038914931136,34.392373832034444],[-118.5293534097884,34.392187784554807],[-118.52922727861932,34.392165118708206],[-118.5270944222743,34.391781931399052],[-118.52696427412518,34.39175877850812],[-118.52680428144427,34.391730175522817],[-118.52655475740123,34.391685234911911],[-118.52642212023072,34.391660707485606],[-118.52593726082495,34.391573542984148],[-118.52548453164133,34.391493189972508],[-118.52535272696215,34.391470028109708],[-118.52522498498631,34.391447673413708],[-118.52511526251314,34.391428472562765],[-118.52501066689074,34.391410170786685],[-118.52480806362705,34.391374719465944],[-118.5248324156195,34.39128272744572],[-118.52484008394541,34.391253756667666],[-118.52485486830628,34.391198606861025],[-118.5248658083149,34.391157793732702],[-118.5248854325141,34.391084583183925],[-118.52492260570051,34.390945909866993],[-118.52496653177701,34.390780583061392],[-118.52499931611615,34.390657197177596],[-118.5250167009728,34.390591765760497],[-118.525037384025,34.390513186443918],[-118.52504646560881,34.390478635317898],[-118.52509318223954,34.390299927459473],[-118.5251071432059,34.390247913128825],[-118.52512456632768,34.390183058513117],[-118.52515748474917,34.390057899574785],[-118.52515774501325,34.390057955244444],[-118.52527460716625,34.389616849949846],[-118.52528199959508,34.389590740015919],[-118.52531042699057,34.389483476195551],[-118.52525710531719,34.389473362040775],[-118.52518139690743,34.38945900211835],[-118.52506869716962,34.389438568203765],[-118.52451278997802,34.389337773328087],[-118.52403499896759,34.389250506689486],[-118.52375942521773,34.38920017355548],[-118.52328112417254,34.389111613349115],[-118.52316846154399,34.389091569681078],[-118.5230589910597,34.389072094532011],[-118.52296116364441,34.389054408205944],[-118.52292883532085,34.389047567924855],[-118.52281586458936,34.389027095224726],[-118.52257432402502,34.388983322802275],[-118.52238009752675,34.388948123444855],[-118.52163907817152,34.388811858327685],[-118.521464429408,34.388780309253342],[-118.5213393249803,34.388757709246768],[-118.52118736310916,34.388730259787891],[-118.52117908015096,34.388728761874717],[-118.52079363915749,34.388657900992854],[-118.52073812576027,34.3886484118228],[-118.52066093436248,34.388633684920521],[-118.5203375534844,34.388574811595475],[-118.52022791440876,34.388554765748225],[-118.51994182572993,34.388502456836299],[-118.51981596050319,34.38847944381596],[-118.51958201473111,34.38843722229656],[-118.51955651090537,34.388530676880109],[-118.51955159248956,34.388549906134763],[-118.51954909816467,34.388549440810579],[-118.51947702613991,34.388840560687228],[-118.51939306124089,34.389147800481325],[-118.51938936905339,34.389161733346477],[-118.51929189562428,34.389529858626659],[-118.51923602655624,34.389738756253834],[-118.51918992872976,34.389913321097318],[-118.51908838951101,34.390295059701003],[-118.51905958640563,34.390310340571205],[-118.51891158587901,34.390283326572366],[-118.51823399591204,34.390159695413452],[-118.51811232821774,34.390137494797266],[-118.51805953192445,34.390127847640692],[-118.51802955388675,34.390122438473178],[-118.51791484054944,34.390101933491835],[-118.51788005508435,34.390095539606612],[-118.51737716835207,34.390003889514425],[-118.51734656126517,34.390027291519445],[-118.5172538905728,34.390097499308048],[-118.5170206120261,34.390276383976811],[-118.51673520628499,34.390496692452977],[-118.51664171770723,34.390568106806654],[-118.51640104647727,34.390752714980707],[-118.51626867393168,34.390854419539934],[-118.51614540214234,34.390949399405649],[-118.5158873126483,34.391146385786023],[-118.5155646784893,34.391395532295569],[-118.5154058363333,34.391516661196007],[-118.51531317300976,34.391588239591357],[-118.51525434616622,34.391588321898674],[-118.51522865259528,34.391588359856868],[-118.51505465598906,34.391588610443691],[-118.51470330358269,34.391589137749172],[-118.51459888727371,34.391587902272995],[-118.51447556625577,34.39156547963676],[-118.51434210796229,34.391541205745391],[-118.51402194773109,34.391482972639274],[-118.51295919250701,34.391288058456851],[-118.51282738831696,34.391264873977342],[-118.51222557646841,34.391154479417914],[-118.51175806615753,34.391068603118761],[-118.51158797959471,34.391707135550604],[-118.51158783288557,34.391707684304677],[-118.51152718721374,34.391942253485453],[-118.51137351514876,34.392536584239082],[-118.51135933832826,34.392591389015287],[-118.51056631485622,34.392585655003344],[-118.51054084824001,34.392691475662403],[-118.51051289359292,34.392801431326255],[-118.51048906193283,34.392898993313018],[-118.51034214284078,34.393172600123386],[-118.51019354444418,34.39344758595395],[-118.51011966725517,34.393585234340755],[-118.51004744037851,34.393719806002515],[-118.50993555673432,34.39371860061437],[-118.50979968155688,34.393718786995372],[-118.50930751463991,34.393714962768485],[-118.50875306518415,34.39371065230597],[-118.50865108002584,34.393709910865702],[-118.50764595243021,34.393702596888389],[-118.50751086497719,34.393701404364968],[-118.50660702724059,34.393694738735661],[-118.50641701186692,34.393693337223368],[-118.50531733300264,34.393686521402714],[-118.50518062084596,34.393685332152685],[-118.50496170051684,34.393683729636649],[-118.50407516724543,34.393677237222931],[-118.50367812141411,34.393674154962426],[-118.50331864676195,34.393671364420577],[-118.50302374510946,34.393669073063656],[-118.5030103450195,34.394100478271199],[-118.50224824706021,34.39409604363653],[-118.50133457516513,34.394090440533176],[-118.50087943925638,34.394098787254855],[-118.50013856767903,34.394112352745765],[-118.49950598811385,34.394123931440028],[-118.49928058014591,34.394128056626592],[-118.49917264130139,34.394130032732626],[-118.49926325840049,34.395585878530845],[-118.49925847709228,34.395585096750317],[-118.49929027194091,34.395939862271703],[-118.49930486885258,34.396102203275504],[-118.49948395988545,34.397935380707182],[-118.50050600200973,34.397905610708335],[-118.50050649903245,34.397905608656892],[-118.50050795077169,34.397920963054965],[-118.5005576294844,34.398438041980015],[-118.50062407322922,34.39912362377293],[-118.50064128572029,34.399300980621724],[-118.50065480876808,34.39943864900571],[-118.50090092049938,34.399421970253449],[-118.50091297546487,34.399552362958637],[-118.50091301049751,34.399552581887384],[-118.5009403237173,34.399847937021306],[-118.500941397183,34.399848656521122],[-118.50095193157922,34.399967440999042],[-118.50118618068481,34.400137497370466],[-118.5015720746313,34.400462619813943],[-118.50186947049342,34.400768653955524],[-118.50269835018682,34.401789146002685],[-118.50276074726881,34.40191503850761],[-118.50278162121076,34.401957153816376],[-118.50285794188549,34.402127414485406],[-118.50292722722396,34.402299729135308],[-118.50298939659298,34.4024738997743],[-118.50304437693212,34.402649722067196],[-118.50309210498435,34.40282699434178],[-118.50313252508235,34.403005511286814],[-118.50316559132979,34.403185064844777],[-118.50319126327278,34.403365447835832],[-118.50320951239853,34.403546449423118],[-118.50321676390395,34.403708875395196],[-118.5032191812745,34.403871398055543],[-118.50321676064729,34.404033922758941],[-118.50321426540863,34.404205165632646],[-118.50318166589346,34.40644167133388],[-118.50318161437323,34.406445207375079],[-118.50295890735866,34.406443505927655],[-118.5026155561942,34.406440873393102],[-118.50256836927235,34.407904355968547],[-118.50255864455976,34.408205965706834],[-118.5025586372231,34.408206192022924],[-118.50255863819653,34.408206353393979],[-118.50254477167228,34.408639120519126],[-118.50292318593404,34.408642718588055],[-118.50315036677537,34.408644876674501],[-118.50315025970225,34.409094880061922],[-118.50315313210341,34.409434138032573],[-118.50310026054254,34.409680880765301],[-118.50303126076392,34.40990588039152],[-118.50303076203849,34.40990597261375],[-118.50303088102098,34.40990712248098],[-118.50292125977342,34.410265880212798],[-118.50280925991449,34.410631879821587],[-118.50218426091801,34.412686880289833],[-118.50215525991203,34.41287288095225],[-118.5021551437884,34.412873647739033],[-118.50213125923437,34.413030880819015],[-118.50213126063375,34.413463880636982],[-118.50215625955096,34.413705882030293],[-118.50219126082195,34.41400288079614],[-118.50219156119685,34.414005429998809],[-118.50252542736301,34.416839590692291],[-118.50259326118301,34.417947880907938],[-118.50263026137277,34.418177881654074],[-118.50263035970308,34.418178492488124],[-118.50268326078421,34.418507881183061],[-118.50268343535768,34.418509047948845],[-118.50268926028873,34.418547881818576],[-118.50270326169311,34.418630881412533],[-118.50288226132157,34.41958588128314],[-118.5029041705841,34.419692244728374],[-118.50291446346348,34.419742217470819],[-118.50294426063668,34.419886881516696],[-118.50296945784882,34.420008769289502],[-118.50298726009218,34.420094881414443],[-118.5030045465986,34.420175750538405],[-118.50301526156662,34.420225881092776],[-118.50306326016533,34.420509881354199],[-118.50396526130079,34.423637881937104],[-118.5039997259118,34.423891540028919],[-118.50433453013146,34.423738885166415],[-118.50434246198967,34.423733980287537],[-118.50437106083623,34.423722861736216],[-118.50458711426616,34.423669201697642],[-118.50477491885134,34.423608147232606],[-118.50480495915302,34.423595239341978],[-118.50483922115677,34.423579004335117],[-118.50501476134198,34.423473860437497],[-118.50506453568012,34.423473873173876],[-118.50512657822364,34.423473807756146],[-118.50520636877889,34.423473820748278],[-118.5053657594887,34.423473844663761],[-118.50561988468954,34.42347388371978],[-118.50659257962111,34.423474028254432],[-118.50791351086117,34.423474212901027],[-118.50840049967009,34.42347427696378],[-118.50905510075731,34.423474360609774],[-118.50936208022456,34.423474398091415],[-118.50973039988907,34.423474442999158],[-118.51049558674092,34.423474531928363],[-118.51071825962043,34.423474556535496],[-118.51098927725874,34.423474586242364],[-118.51117623744507,34.423474606284429],[-118.51128842139211,34.423474618499],[-118.51128841598923,34.423475333440017],[-118.5126922251351,34.423462354534529],[-118.51374198224229,34.423457913036309],[-118.5148227280918,34.423475995559009],[-118.51537634239807,34.423330460818867],[-118.51539052218746,34.423326531176791],[-118.51540553546997,34.423321920036059],[-118.515432517829,34.423312497020575],[-118.5154578464671,34.42330218670233],[-118.51548242912327,34.423290702142324],[-118.51550618552022,34.423278080645154],[-118.51552904083177,34.423264361295452],[-118.51555091919406,34.42324959129602],[-118.51557175235327,34.423233816915811],[-118.51559147100684,34.423217090739094],[-118.51561001453331,34.423199461707057],[-118.51562732129607,34.423180990485193],[-118.51564333618056,34.423161736809675],[-118.51565800733059,34.423141759501341],[-118.51567128730295,34.423121127279245],[-118.51584885320567,34.422825266931035],[-118.51586490252151,34.422800173827042],[-118.51588249462561,34.422775801699359],[-118.51590158313368,34.422752214753686],[-118.51592211513439,34.422729477223378],[-118.51594403877091,34.422707647928299],[-118.5159672924011,34.422686786631189],[-118.51599181653661,34.422666949479634],[-118.51601754512831,34.422648187239901],[-118.51604440778129,34.422630551598331],[-118.51607233407289,34.422614089733614],[-118.516101249218,34.422598847040071],[-118.51673732788389,34.422282330339343],[-118.51675669901445,34.422271914403609],[-118.51677514950225,34.422260405216953],[-118.5167925872283,34.422247859969154],[-118.5168089298872,34.422234339414295],[-118.51682409738321,34.422219909706278],[-118.5168380161647,34.422204639675627],[-118.51685061815341,34.422188603538942],[-118.51686184291442,34.422171879987744],[-118.5168716365515,34.422154549488852],[-118.51708916873137,34.421731859190011],[-118.5171062996799,34.421700415390326],[-118.51712500216101,34.421669593259246],[-118.51714524496596,34.421639447922807],[-118.51716699141335,34.42161002912119],[-118.5171902048387,34.421581389298964],[-118.51721484422619,34.421553580919394],[-118.51724086525739,34.421526650148898],[-118.51726822363085,34.421500645858593],[-118.51729687067687,34.42147561423338],[-118.51732675769259,34.421451596049309],[-118.51763311857205,34.421215492838023],[-118.5179060457192,34.420904573332365],[-118.51802948919014,34.420519888780653],[-118.51872064027513,34.41951525735508],[-118.51886425221461,34.419442244289996],[-118.51887993073827,34.419433322325624],[-118.5188928560856,34.419424093894797],[-118.51890456731574,34.419413812252401],[-118.51891494219166,34.41940258881079],[-118.51892387048797,34.419390542143233],[-118.51893125724848,34.419377797068336],[-118.5189370250019,34.419364490951438],[-118.51894111262284,34.419350765595638],[-118.5189434753039,34.419336762733998],[-118.51894538299308,34.419326385997024],[-118.5189488666287,34.4193162946153],[-118.51895386956484,34.419306651107775],[-118.51896031009557,34.419297611789681],[-118.51896808579554,34.419289324951073],[-118.51897706804102,34.419281924569432],[-118.51898711288862,34.419275530263306],[-118.51899805670713,34.419270244606253],[-118.51900972271567,34.419266154901948],[-118.51902191985089,34.419263325976985],[-118.51903445367948,34.419261805542995],[-118.51904711764429,34.419261616120743],[-118.51905970943865,34.419262763985209],[-118.51907202221905,34.419265225679965],[-118.51908385777168,34.419268965992003],[-118.51909566825979,34.419272699197855],[-118.51910795602763,34.419275161897573],[-118.51912052065096,34.419276313478122],[-118.51913315965898,34.419276134070628],[-118.51914566964447,34.419274628151811],[-118.51915784841208,34.419271820027092],[-118.51916949933464,34.419267754713516],[-118.5191804335241,34.419262497028775],[-118.51922285797365,34.419238101051306],[-118.51926423924741,34.41921250416992],[-118.51930452638396,34.419185733650117],[-118.51934367173634,34.419157824856697],[-118.51938162764091,34.419128810450452],[-118.51941834971473,34.419098725782256],[-118.51945379466274,34.419067606198738],[-118.51948791701464,34.419035487055602],[-118.51952067895449,34.419002409986639],[-118.51955204047978,34.418968414831987],[-118.5195819637469,34.418933538717724],[-118.51961041204535,34.418897825977595],[-118.51963735299945,34.418861318222],[-118.51966275315699,34.418824058869077],[-118.5196865812642,34.418786094933559],[-118.51970881149552,34.418747471603901],[-118.51972941583853,34.418708232274774],[-118.51974836848494,34.418668424839105],[-118.51976564798916,34.418628098973983],[-118.51978123288882,34.41858730165216],[-118.51982811298771,34.418456778174679],[-118.51983579046571,34.418437833730685],[-118.51984503316716,34.418419376620108],[-118.51985579484267,34.418401491785183],[-118.51986802491429,34.41838426779298],[-118.51988166406203,34.418367786937068],[-118.51989664751559,34.418352129731495],[-118.51991290175141,34.418337368613905],[-118.51993035105379,34.418323573326553],[-118.51994891100412,34.418310813649235],[-118.51996849168326,34.418299149468325],[-118.51998899988587,34.418288637078284],[-118.52001033692282,34.418279325584649],[-118.5200333322739,34.41827094998493],[-118.52005699668671,34.418263972500611],[-118.52008120633975,34.418258424314395],[-118.52010583634056,34.41825433931843],[-118.52013075733858,34.418251734294756],[-118.52015583998887,34.418250626927133],[-118.52018095376869,34.418251020479886],[-118.5202059681271,34.418252913709757],[-118.5202307524626,34.418256297260072],[-118.52025517828153,34.418261150946876],[-118.5202791170847,34.418267453684599],[-118.52030244571621,34.418275169038829],[-118.52032504319014,34.418284259664361],[-118.52034679061157,34.418294674684176],[-118.52036757561794,34.418306364094569],[-118.52045974709897,34.418362330913638],[-118.52050563290376,34.418381726212466],[-118.5205318950018,34.418348959841552],[-118.52054905548901,34.418325347065185],[-118.5205636228075,34.418300568008434],[-118.52057548066088,34.418274813395712],[-118.52058453461125,34.418248290085039],[-118.52059071524725,34.418221205728571],[-118.52060204028584,34.418155805606794],[-118.52061293801644,34.418092881135088],[-118.52061932080096,34.418056021445196],[-118.52063203177994,34.417982621442377],[-118.52064427539365,34.417929307885075],[-118.52065582749015,34.417895896920776],[-118.52066231249263,34.417877136947446],[-118.52067310471767,34.41785408429719],[-118.52068599891355,34.41782654198353],[-118.5207151359904,34.417777938549904],[-118.52074948038964,34.417731731575884],[-118.52078875054815,34.417688300911564],[-118.52079122501679,34.417685797537075],[-118.52079303609223,34.417684022748226],[-118.52085157512401,34.417632699311099],[-118.52088312299998,34.417609537676462],[-118.52092762268079,34.417581114933384],[-118.52095484455741,34.417565855800561],[-118.52100161413699,34.417542931671903],[-118.52104556555948,34.41752478605769],[-118.52108149699325,34.417512164341566],[-118.52112885316541,34.417498330545953],[-118.52117959181767,34.41748681086775],[-118.52123207994644,34.417478280359227],[-118.52132526641277,34.417471203083807],[-118.52138613727985,34.417472011561898],[-118.52144027658561,34.417476662450916],[-118.52148481253586,34.417480488228129],[-118.5216040365864,34.417490729105964],[-118.5216888792588,34.417504514742014],[-118.52181901002564,34.417525657664775],[-118.52189109432385,34.417543088870232],[-118.52196296946634,34.417560469545371],[-118.52202930446693,34.41757651089857],[-118.52207433155037,34.417591166313876],[-118.52217820587167,34.417624973064171],[-118.52223320947843,34.417642874277092],[-118.52231898236717,34.417678493401013],[-118.5224290605976,34.417724206867476],[-118.52252809573345,34.41777507501665],[-118.52261526329353,34.417819846638842],[-118.52275669978954,34.417908059280798],[-118.52279029734356,34.417929014949216],[-118.52279430026081,34.417931719436353],[-118.5228505901338,34.41796644381909],[-118.52288444402343,34.417987328036787],[-118.52298037643942,34.418035830037567],[-118.52301329005581,34.4180491976512],[-118.52308128662571,34.41807681421497],[-118.52318631621858,34.41810993175794],[-118.52333049230515,34.418149191073674],[-118.52339874889381,34.418167777444111],[-118.52353211936172,34.418204093651632],[-118.52367755003773,34.418246113056675],[-118.52383877093436,34.418281152008724],[-118.52390529490086,34.418295608423911],[-118.52402436074682,34.418313495351278],[-118.52413202257398,34.418329668035184],[-118.52423952655823,34.418345817865948],[-118.52436105128054,34.418364072481367],[-118.5244279414664,34.418374121215265],[-118.52454121239202,34.418391136563372],[-118.52459750105631,34.418399592056261],[-118.52473608407276,34.418424108520234],[-118.52487253441541,34.418455793161613],[-118.5250063128328,34.418494521204998],[-118.52519381568293,34.418562520193134],[-118.52527944599773,34.418601571803443],[-118.52537312808018,34.418644295598845],[-118.5254527171942,34.418688804114268],[-118.52554278371635,34.418739171348157],[-118.5256382496661,34.418801290093548],[-118.52572955151244,34.418867570277904],[-118.52581642151229,34.418937819240739],[-118.52589207172402,34.419007281062953],[-118.52594043426052,34.419051686639406],[-118.52601602546869,34.419132272707706],[-118.5260540297614,34.419172786146582],[-118.52610186914143,34.419232338850861],[-118.5261565979354,34.419300466823408],[-118.52620887690871,34.419371007094504],[-118.52624919716867,34.419425413931314],[-118.52627550569372,34.41946091140526],[-118.52632199363076,34.419523638789819],[-118.52635696386763,34.419570824954654],[-118.52639771552433,34.419625811361648],[-118.52645290920123,34.419700284906668],[-118.52649113841369,34.419751868109273],[-118.52653995920505,34.419812888591636],[-118.52658290269197,34.419859877802686],[-118.52663043488158,34.419906166415061],[-118.52667119572011,34.419941903069294],[-118.5266806664589,34.419949744987129],[-118.52677557216064,34.420027510550817],[-118.52681119601981,34.42005670086801],[-118.5268849021369,34.420117094743119],[-118.52693035502995,34.420154339034617],[-118.52700528939955,34.420215739927386],[-118.52706425888407,34.420264058523372],[-118.52713305196555,34.420320426596746],[-118.52721780579891,34.420389872374244],[-118.52728414183299,34.420444227091131],[-118.52735047685999,34.420498580874714],[-118.52746386851982,34.420591491591843],[-118.52751957118456,34.420639578054001],[-118.52756930459319,34.420682512024356],[-118.52761355505906,34.420724937015848],[-118.52766886929258,34.420777968227604],[-118.52773005847898,34.420843222137684],[-118.52776229113567,34.420877595443734],[-118.52779216279542,34.420911239754112],[-118.52784911863939,34.420975386004876],[-118.52791767506447,34.421052599105934],[-118.52797079385412,34.421112423802953],[-118.5280559618221,34.421208346242913],[-118.52813207261671,34.421294064794019],[-118.52820334480322,34.42137433564374],[-118.52825703795254,34.421436659480456],[-118.52833196804797,34.421523635283741],[-118.52839644781757,34.42160324142236],[-118.52845533993504,34.421675950770023],[-118.52851318736769,34.42175202827611],[-118.52857335302362,34.421831154568231],[-118.52862766538776,34.421904903427958],[-118.52866563680442,34.42195646363173],[-118.52872457369074,34.422036492234021],[-118.52877631407112,34.42210674976657],[-118.52879965098404,34.422138438033585],[-118.52886251457454,34.42222379917181],[-118.52891470401744,34.422294665929726],[-118.52896238986419,34.4223594164432],[-118.52903678316662,34.422452755399618],[-118.52908786944326,34.422507817539731],[-118.52911906062278,34.422541435033772],[-118.52915995293255,34.422579513377407],[-118.52920879830057,34.422624996493809],[-118.52930158313139,34.422705426174268],[-118.52935893049067,34.422755136401349],[-118.5294174375106,34.422805851261614],[-118.52946878464419,34.422850360513038],[-118.5295519409249,34.422922442326715],[-118.52959720097242,34.422965030777952],[-118.52963810402315,34.423010548398643],[-118.52967437176882,34.423058685378024],[-118.52970576392433,34.423109123625458],[-118.52973206615738,34.423161520595023],[-118.52975310326426,34.423215528160355],[-118.52976873582617,34.423270780007371],[-118.52979748805626,34.423312722856487],[-118.52982954721635,34.423361781511396],[-118.5298302274136,34.423361476525351],[-118.52986867639591,34.423420162721875],[-118.52990725573736,34.423480691078481],[-118.53030410195045,34.423480789602209],[-118.53092011722225,34.423480939263946],[-118.53300966320005,34.423481423732547],[-118.53363712906663,34.423481562470585],[-118.53493861164159,34.423481839492489],[-118.53573852493446,34.423482002792838],[-118.5365015015315,34.423482153801956],[-118.53782263560706,34.42348240311464],[-118.53857679988631,34.423482539572923],[-118.53896246098671,34.423482607142653],[-118.53968060570668,34.423482730893063],[-118.53971132917135,34.423482735737309],[-118.53977388254494,34.423482746789681],[-118.53996136556547,34.4234826480156],[-118.54032586817473,34.423481501811544],[-118.54033165997376,34.423475067882727],[-118.54054218831648,34.423481932706189],[-118.54090906283699,34.42348182266803],[-118.54091546209231,34.423481821177944],[-118.54116113916737,34.423481740505693],[-118.54116149492526,34.423481740721627],[-118.54145184667759,34.423481581850282],[-118.54153902631138,34.423481537058166],[-118.54179746241421,34.423481403543455],[-118.54195630009949,34.423481323248303],[-118.54272535406592,34.423481121267045],[-118.54427101557251,34.423480704845808],[-118.54482038714806,34.423480490616839],[-118.54514796422545,34.423480378373938],[-118.54525107247383,34.423480343169167],[-118.54543848391046,34.423480271411229],[-118.54569200606772,34.423480174233326],[-118.54603995812555,34.42348006438332],[-118.54661407606274,34.42347985323957],[-118.54733118495662,34.423479586566394],[-118.54906695411108,34.423478922721607],[-118.55145909361944,34.423477968122526],[-118.55284369265537,34.423477392953771],[-118.55362540434601,34.423477061469697],[-118.55482407152924,34.423476547662474],[-118.55560702129118,34.423476204957268],[-118.55840415101135,34.423474941754726],[-118.55842683539797,34.423490154463785],[-118.55870085760012,34.423665195704906],[-118.55887692129141,34.423757879588848],[-118.55899290125109,34.423818933770896],[-118.55930055769274,34.42395009945313],[-118.55962129874445,34.424057617040951],[-118.55995247993822,34.424140598902042],[-118.56009061355105,34.424167111900204],[-118.56027786200627,34.424197713558939],[-118.56042258871631,34.424215320079711],[-118.56061859256398,34.42423095038221],[-118.56136781001837,34.424275311112076],[-118.56204257931032,34.424315259281677],[-118.56234237257142,34.424314664988188],[-118.56219556246957,34.425416286406431],[-118.56232458382708,34.425429407080173],[-118.56245015448336,34.4254475651869],[-118.56394765181393,34.426330474310127],[-118.56394832905585,34.426330872346291],[-118.56535500957577,34.426581706526093],[-118.56568833908911,34.426641142531572],[-118.56582646997668,34.426886901435175],[-118.56535727211674,34.427411125946982],[-118.56457335701779,34.428306004583234],[-118.56406755399431,34.428867416017759],[-118.56384689627626,34.429088537136508],[-118.56376677419956,34.429188098583317],[-118.56245207127934,34.43065687790147],[-118.5617430167437,34.43216837182058],[-118.56152655707626,34.432629785864194],[-118.56142767290568,34.432840572369457],[-118.56130233236841,34.433107773238376],[-118.56107234167732,34.433598052263015],[-118.56102161401867,34.433706189245171],[-118.56100827415889,34.43373460971447],[-118.56086612729004,34.434059264403828],[-118.5607958389265,34.434219798048758],[-118.5607746799656,34.434264219069426],[-118.5605492627239,34.434737843421132],[-118.56059296052932,34.434750638976844],[-118.56054373100254,34.43490631502987],[-118.56049770355084,34.434897404127902],[-118.56043687552049,34.435059509396737],[-118.56012653856253,34.435886409633554],[-118.56011905173851,34.435902326592114],[-118.56009416915998,34.4359554212433],[-118.56005055147942,34.436048308809049],[-118.56002664327386,34.436099228044306],[-118.56001713505019,34.436119564650291],[-118.55998456610043,34.436188863838943],[-118.55997502298335,34.43620919248859],[-118.55972334827254,34.436745283137199],[-118.55972124607129,34.436749659884896],[-118.5596317190153,34.436936164712264],[-118.5594337888584,34.437348495218778],[-118.5593507034687,34.437521577778661],[-118.55923232048416,34.437766520477005],[-118.55897953477162,34.438286349962283],[-118.5588522047243,34.43855474642087],[-118.55884122938753,34.438577879043962],[-118.55883109224597,34.438599277754506],[-118.55878134059874,34.43885343939602],[-118.55875735104206,34.43897599220967],[-118.55873981034776,34.439065546089004],[-118.5586639160793,34.439453146535953],[-118.55862740062396,34.439639637239672],[-118.55860340933869,34.439762162074409],[-118.55848077892384,34.440408151745338],[-118.55843508775733,34.440645025561956],[-118.55830881195065,34.441299680234422],[-118.55827147083869,34.441493267895218],[-118.55824219304796,34.441657973752342],[-118.55816343117894,34.442100624942121],[-118.55812846596537,34.442297134315446],[-118.55812506833006,34.442316246308906],[-118.55811139171679,34.442393167984456],[-118.55808592293975,34.442536424022329],[-118.55807537216418,34.442595739616465],[-118.55800886758162,34.442969611904111],[-118.5579778199304,34.443144149867059],[-118.5579774679172,34.44314602037268],[-118.55769566640475,34.44313569250275],[-118.55768522978025,34.443206581469276],[-118.55767323715629,34.443288216698178],[-118.55767131179876,34.443301329391687],[-118.55766679910282,34.443332051984399],[-118.55764836838196,34.443457524298637],[-118.55762990386022,34.443582994961027],[-118.55761144055211,34.443708492659709],[-118.55759300928425,34.443833908167093],[-118.55757416563485,34.443962102299999],[-118.55757181761172,34.443978079314128],[-118.55755757333952,34.444074841849158],[-118.55755440136167,34.444096481598116],[-118.5575448758195,34.444161267460849],[-118.55753409856554,34.444234629988372],[-118.55753067155594,34.444257838681459],[-118.55752936494456,34.444266665325273],[-118.55752784754227,34.444277003012431],[-118.55752548296311,34.444292785369257],[-118.55751387000284,34.444359332507133],[-118.55751375057952,34.444360024534873],[-118.55748433253962,34.444530325748325],[-118.55748259196702,34.444542602764976],[-118.55728405338208,34.445584274521472],[-118.55747268905367,34.445607636770994],[-118.55749545647588,34.445610482892427],[-118.55747383801716,34.445723669231398],[-118.5573609447287,34.446328963276244],[-118.55728973980206,34.446715598056095],[-118.55723337738577,34.447021000143565],[-118.55722092777167,34.447138898118432],[-118.55722012597093,34.447152432067568],[-118.55717981840645,34.447557914830632],[-118.55712127187951,34.448147139708347],[-118.55702808739821,34.44909822914812],[-118.55700693080945,34.449303631450043],[-118.55700519031726,34.449397941994299],[-118.55699515462859,34.44986168269849],[-118.55699616292998,34.449877220564147],[-118.55699473684096,34.45000877484992],[-118.55698915070094,34.450312695914882],[-118.55714136521513,34.450589613624118],[-118.55759286682397,34.451408291507953],[-118.55807644364306,34.452285448019019],[-118.55863650808605,34.452299372601175],[-118.55875411163636,34.452302279496081],[-118.55875414617105,34.452302236063296],[-118.55875639116049,34.452252901750398],[-118.55876883143343,34.451979429110914],[-118.55882024911133,34.451747581224467],[-118.55882533857095,34.4517246317059],[-118.5588257881583,34.451722540774703],[-118.55885850979507,34.451575057329855],[-118.55891306995308,34.451329096689271],[-118.5589561643575,34.451134827962576],[-118.55895702528061,34.451130948289986],[-118.55922469288278,34.450623196424559],[-118.55968028714015,34.450512417375549],[-118.55981565251442,34.450479722552181],[-118.56122989248412,34.450138137805354],[-118.56126001192364,34.450130861922915],[-118.5614330891818,34.450089059316788],[-118.56146286065416,34.450081830972223],[-118.56160390546283,34.450047515751805],[-118.56192765466335,34.449968765973004],[-118.56364074041328,34.449552053596634],[-118.56379975513092,34.449513369135587],[-118.56612249676698,34.448948299903385],[-118.56630415541046,34.449033516559048],[-118.56634891637432,34.449054504587615],[-118.56649963698229,34.44912022446146],[-118.5665829307769,34.448990884159812],[-118.56661075023716,34.448947685110923],[-118.56683120542449,34.448714454583467],[-118.56693418895178,34.448605180424543],[-118.56720757832537,34.448334799225947],[-118.56755033778413,34.448046292982113],[-118.56774070428712,34.447825059423025],[-118.56811667000245,34.447577369245614],[-118.56839786206308,34.447427601543531],[-118.56841904507048,34.447409924130355],[-118.56868750509466,34.447229799321775],[-118.56904766366125,34.447105165361108],[-118.5696010565394,34.446846639332698],[-118.57018100670523,34.446730029530649],[-118.57063162321506,34.446640626044356],[-118.57115809712761,34.446536332831187],[-118.57119097322816,34.446530501986054],[-118.57120578215535,34.446527980087758],[-118.57124253799314,34.446660502578595],[-118.57130162388383,34.446894253657582],[-118.57136118866975,34.447084349995443],[-118.57145668599942,34.447322543598517],[-118.57154552926877,34.447533954034107],[-118.571614326741,34.447654291747014],[-118.57167729002794,34.44774352771509],[-118.57176141050999,34.44786274646318],[-118.57185933822822,34.447982946764924],[-118.57219627471976,34.448329880139603],[-118.5723734488715,34.448434207958314],[-118.57273972419875,34.448649885399206],[-118.57196387874522,34.449500107843377],[-118.57196295252054,34.449501044399248],[-118.57196600193328,34.449503110773577],[-118.57196699362378,34.449503783153617],[-118.57210076114926,34.449594420577661],[-118.57210538174598,34.449597551468614],[-118.57230727413398,34.449629778669326],[-118.57250469000536,34.449661291001625],[-118.57257598776283,34.449672671862793],[-118.57257992623434,34.449673300581601],[-118.57265670845283,34.449685556150769],[-118.57284662132892,34.449715870034716],[-118.57290963039694,34.44972592670667],[-118.57296752924624,34.449744733459355],[-118.57321777084343,34.449826015186218],[-118.57333321107451,34.449863510155538],[-118.57337225403988,34.449948004390954],[-118.57352998443987,34.450289357309472],[-118.57357001658124,34.450375993365988],[-118.57357608835669,34.450389133424096],[-118.57368866867397,34.450624590381494],[-118.57369794689613,34.450642352782687],[-118.57372475917626,34.450693672251823],[-118.57394425553406,34.451113777576914],[-118.57396619239792,34.451155764797988],[-118.57395555749726,34.451241023924986],[-118.57384955179714,34.452090859287729],[-118.57383800184985,34.452183450421551],[-118.57367396352392,34.452457112441785],[-118.57317326591854,34.453240295617796],[-118.57370848144021,34.454373831410308],[-118.57565563483256,34.455394396302779],[-118.57561582707375,34.456447774566605],[-118.57480740502018,34.458035292853452],[-118.57524057604745,34.459044616155154],[-118.57647993883506,34.460031028866695],[-118.57627950398097,34.461152983565945]]],[[[-118.55516072045327,34.358587142566577],[-118.55529609317959,34.359012116753682],[-118.55564149557578,34.359629142766742],[-118.55573349024031,34.359760622839126],[-118.55578811103005,34.35986286233392],[-118.55593658121944,34.360154016738377],[-118.55597202501934,34.36022631285848],[-118.55836887411758,34.360221972636786],[-118.55836381541249,34.359872983930963],[-118.55837454745927,34.359367130857919],[-118.55913158216632,34.35897184446349],[-118.55913727836459,34.358037636132138],[-118.55927680293985,34.358111711277623],[-118.5592235621276,34.358438459297012],[-118.55953768833382,34.359506221820546],[-118.55982411636619,34.359507426233051],[-118.56002405027095,34.359319044141749],[-118.56019020306861,34.359237324190197],[-118.56062108299952,34.359211642164396],[-118.56095132111406,34.359391639681419],[-118.56114134126956,34.359749612502839],[-118.56135669304953,34.359750534694484],[-118.56135803259754,34.359530701045571],[-118.56175948450768,34.359312549478481],[-118.56245527355826,34.359315454054702],[-118.562853447176,34.359220942496947],[-118.56344985732648,34.359223422909125],[-118.56370237391253,34.359359256097619],[-118.56432502358341,34.359694156542247],[-118.56482203577394,34.359696240106118],[-118.56517105773393,34.359487970719684],[-118.56555357999933,34.3592596244372],[-118.56574112348552,34.35838114669577],[-118.56567485562032,34.358380853763428],[-118.56597425794297,34.358176031190744],[-118.5659746254928,34.357659202433339],[-118.56583820289293,34.357614004998581],[-118.56569767032693,34.357578439736969],[-118.56555406110195,34.357552758752007],[-118.56540839679947,34.35753708889208],[-118.56526163944829,34.357531592448247],[-118.56516573611189,34.357534645136205],[-118.56511396036416,34.35753637229476],[-118.56496767350355,34.357551371663334],[-118.56482512869755,34.35757605220612],[-118.56431118405318,34.357683858074616],[-118.56428544653087,34.357689034652502],[-118.56425956069859,34.357693821547585],[-118.56423358298554,34.35769820407257],[-118.56420753055301,34.357702147888766],[-118.5641813776539,34.357705703602456],[-118.56415512178496,34.357708822541838],[-118.56412883609011,34.357711550345151],[-118.56410247353978,34.357713844858722],[-118.56407604515134,34.357715727668236],[-118.56404961724132,34.35771719936659],[-118.56402314957698,34.357718258338025],[-118.56399664756356,34.35771890004947],[-118.5639701404297,34.357719106334208],[-118.56394363265221,34.357718896103698],[-118.56391715348413,34.357718254797213],[-118.56389067168202,34.35771722403107],[-118.56386422169032,34.357715753158651],[-118.56383779625381,34.357713894503171],[-118.56371784278096,34.357702911827481],[-118.56365090302518,34.357696738354534],[-118.56360024724596,34.357692414818359],[-118.56354952796711,34.357688828116117],[-118.5634987461769,34.357685963818454],[-118.56344790431017,34.357683860680197],[-118.56339699665607,34.357682478158537],[-118.56334610161483,34.357681835722829],[-118.56329520396032,34.357681932542278],[-118.56324432113881,34.357682776649717],[-118.56319343223309,34.35768432937612],[-118.56314262245186,34.357686652531861],[-118.56309184904565,34.357689694026227],[-118.56304114581519,34.357693469028476],[-118.56299050725076,34.357697966745739],[-118.56294001843327,34.357703230057055],[-118.56288959514102,34.357709182722544],[-118.56283934225898,34.357715902689392],[-118.56278922676069,34.357723328806379],[-118.56273927918555,34.357731476258031],[-118.56268950818007,34.357740337792102],[-118.56263993779812,34.35774993403254],[-118.56259056795334,34.357760252358503],[-118.56254144092979,34.357771276346156],[-118.5624925437609,34.357783017775994],[-118.56244388602823,34.357795446852968],[-118.56239550376148,34.357808586850297],[-118.5623474198058,34.357822440366903],[-118.56229963504656,34.357836977648141],[-118.56225216035321,34.357852198643961],[-118.56215870737908,34.357884507944625],[-118.56212148634641,34.357897680809252],[-118.56208396717919,34.35791033124913],[-118.56204620312531,34.357922456312387],[-118.56200817974373,34.357934010087305],[-118.56196991457374,34.35794501412915],[-118.56193141939748,34.357955442238385],[-118.56189271830694,34.35796532044791],[-118.56185384500148,34.357974648601207],[-118.56181474300973,34.357983435073812],[-118.56177546624764,34.35799161470463],[-118.56173605202198,34.357999238708359],[-118.5616964404789,34.358006297445428],[-118.56165671847401,34.358012774285299],[-118.56161683278499,34.358018675785303],[-118.56157687797423,34.358023999704088],[-118.56153678447103,34.358028746363914],[-118.56149658706805,34.358032916505003],[-118.56145631709624,34.358036481132707],[-118.56141601498403,34.358039470712242],[-118.56137560480839,34.358041910838267],[-118.56133516211153,34.358043719120623],[-118.56129471011087,34.358044953150412],[-118.56125422395679,34.358045635581206],[-118.56121373787751,34.35804568331266],[-118.56117324376001,34.358045182930368],[-118.56113278038718,34.358044081965311],[-118.56109231075149,34.358042373376563],[-118.56105193738868,34.358040108978869],[-118.56101159047947,34.358037252132277],[-118.5609666349836,34.358033362699857],[-118.56097340240102,34.358005137459919],[-118.56097961252084,34.35797680751547],[-118.56098521783495,34.357948420868233],[-118.56099022454458,34.357919929707805],[-118.56099460801232,34.357891388240866],[-118.5609984223486,34.357862760155342],[-118.56100160823341,34.357834115144499],[-118.56100419802407,34.357805415194001],[-118.56100619175751,34.357776665712898],[-118.56100759281694,34.357747884716431],[-118.56100835599577,34.35771913912788],[-118.56100852962349,34.357690341274079],[-118.56100810445106,34.357661570533537],[-118.56100704973237,34.357632781069839],[-118.56100543115811,34.35760404199776],[-118.5610031810407,34.357575310356431],[-118.56100030623071,34.357546634797551],[-118.56099686960754,34.357517989786672],[-118.56099279852174,34.357489402706413],[-118.56098813644975,34.357460872453849],[-118.56098287165904,34.357432432440312],[-118.56097701149267,34.357404042963928],[-118.56097055858639,34.357375772529494],[-118.56096351051785,34.357347584184993],[-118.5609558685447,34.357319503167695],[-118.56094762948516,34.357291541212149],[-118.56093879439042,34.357263692904283],[-118.56092939711715,34.357235981527261],[-118.5609194030867,34.357208437893412],[-118.56090884456511,34.357181010465368],[-118.56089769469834,34.357153747149077],[-118.56088598397872,34.35712665591705],[-118.56087370469427,34.357099721478583],[-118.56086087455355,34.357072990631828],[-118.56084747284253,34.357046454457041],[-118.56083347873206,34.357020086905642],[-118.56081898821562,34.356993937118041],[-118.56080390022933,34.356968010069465],[-118.56078829089662,34.356942309915084],[-118.56077214819369,34.356916826793551],[-118.56075547762897,34.356891571497506],[-118.56073078623507,34.356856072123506],[-118.5607169055035,34.356837338290831],[-118.56070233911481,34.356818969146865],[-118.56068703956714,34.356801013594321],[-118.5606710516294,34.356783501176771],[-118.56065440535062,34.356766374056257],[-118.56063712633306,34.356749721366647],[-118.56061919496786,34.356733536887624],[-118.56060062991646,34.356717847578878],[-118.5605815092879,34.356702629638733],[-118.56056179866084,34.356687937318632],[-118.56054152105682,34.356673799361197],[-118.56052069472497,34.356660181423109],[-118.56049936446411,34.356647117555504],[-118.56047754455079,34.356634629329136],[-118.56045526243356,34.356622757186173],[-118.5604154069939,34.356603318516527],[-118.56039387119714,34.356593472282242],[-118.56037213326707,34.356583957844592],[-118.56035020601755,34.356574740885577],[-118.56032807992571,34.356565860215504],[-118.56030575599959,34.356557304109501],[-118.56028326564186,34.356549054391444],[-118.56026061554408,34.356541136273513],[-118.56023780459483,34.356533546154587],[-118.56021482304087,34.356526288587311],[-118.56019168609431,34.35651936259989],[-118.56016841128081,34.356512787944979],[-118.56014501047264,34.356506551946069],[-118.56012147923656,34.356500642002125],[-118.56009785349903,34.356495066060738],[-118.56007409426583,34.356489845037608],[-118.56005020588483,34.356484978912547],[-118.56002624907819,34.356480444866428],[-118.56000217169833,34.356476247647755],[-118.55997801641183,34.356472427628809],[-118.55995381114202,34.356468934194055],[-118.55992950179741,34.356465806359743],[-118.55990515878661,34.356463006837352],[-118.5598807607622,34.356460594325654],[-118.55985628988326,34.356458502192922],[-118.55983179556247,34.356456804137359],[-118.55980726759243,34.35645543709807],[-118.55978270612417,34.356454423612995],[-118.55975811662282,34.356453768164549],[-118.55973356213596,34.356453470461446],[-118.55970897740495,34.356453525395985],[-118.55968439836218,34.356453941817456],[-118.55965981847298,34.356454717953142],[-118.55963527245548,34.356455843725605],[-118.55961076363108,34.356457328135043],[-118.55958625705701,34.356459147902733],[-118.55956181608941,34.356461348714724],[-118.55953741540566,34.35646388290634],[-118.55951307905323,34.35646677020037],[-118.55948881375369,34.356470040316871],[-118.55946461701198,34.356473645485572],[-118.55944049201031,34.356477573971802],[-118.55941646308654,34.356481888771242],[-118.55939254056027,34.356486507795921],[-118.55936868468882,34.35649150245122],[-118.5593449637192,34.356496837262114],[-118.5593213451307,34.356502525901718],[-118.55929785699863,34.35650854029285],[-118.55927451041059,34.356514912839948],[-118.55922864453714,34.356528476309542],[-118.55894961491398,34.356615696601111],[-118.55894052768596,34.356595043616466],[-118.5589319733019,34.356574254745709],[-118.55892394284741,34.356553297574557],[-118.5589164529965,34.356532227020274],[-118.55890948185092,34.356511019743827],[-118.55890307286744,34.356489671938753],[-118.55844396290195,34.356167202487747],[-118.55834031066593,34.356096482569079],[-118.55808639499479,34.356396104722258],[-118.55786079067998,34.356902095061976],[-118.55783532570941,34.356918782604573],[-118.55780130621234,34.356920148142414],[-118.5577742218115,34.356928598525968],[-118.55774697376684,34.356936637651913],[-118.55771956334665,34.356944292560556],[-118.55769200888022,34.356951540628934],[-118.55766428422463,34.356958373863378],[-118.55763642886954,34.356964845272948],[-118.55760840756565,34.356970885601115],[-118.55758031500038,34.356976511541426],[-118.55755208288365,34.356981752257312],[-118.55752375665432,34.356986575084157],[-118.55749532319602,34.356990969263727],[-118.55746678494859,34.356994974452583],[-118.55743818415617,34.356998567917756],[-118.55740954454726,34.357001721602387],[-118.55738080127963,34.35700449260171],[-118.55735202027732,34.357006822913796],[-118.55732317784899,34.357008746004645],[-118.55729432393248,34.357010251727694],[-118.55726540965377,34.357011346618322],[-118.55723648699225,34.357012000686737],[-118.55720759311859,34.357012245315957],[-118.55717866927291,34.357012071760714],[-118.55714973834974,34.357011489832722],[-118.55712083601698,34.357010468715636],[-118.55709197026391,34.357009065169827],[-118.55706312763074,34.3570072170508],[-118.55703435275285,34.357004934070446],[-118.5570056078795,34.357002260577822],[-118.55697692659487,34.356999179289311],[-118.55694831085054,34.356995656839004],[-118.5569197533931,34.356991746451158],[-118.55689133108358,34.356987399991077],[-118.55686296706769,34.356982666495028],[-118.55683470444205,34.356977488066555],[-118.55680660125986,34.356971930251511],[-118.55677856596316,34.356965956507359],[-118.55675069428409,34.356959577212983],[-118.5567229449879,34.35695280337638],[-118.55669532994798,34.356945622321376],[-118.55666790908428,34.356938053607038],[-118.5566406246156,34.356930072255473],[-118.55660389731518,34.356918756186317],[-118.55634184171116,34.356735440822135],[-118.55586695410607,34.356842558266308],[-118.55586342010594,34.356829689641046],[-118.55585480142925,34.356808928799403],[-118.555842939812,34.356789277301139],[-118.55582800855386,34.356771129225756],[-118.55581033899369,34.356754777856906],[-118.55579016468444,34.356740524138701],[-118.55576791452617,34.356728620338018],[-118.55574396387696,34.356719277496424],[-118.55572875128432,34.356708820849136],[-118.55568360932941,34.3567206811502],[-118.55515486582935,34.356926472116136],[-118.55466303902169,34.357117891643121],[-118.55468237278808,34.357159735665419],[-118.5547833392128,34.357395592840462],[-118.55516072045327,34.358587142566577]]]]},"properties":{"OBJECTID":2,"District":2,"DistrictName":"CITY OF SANTA CLARITA 2ND COUNCIL","Shape_Leng":182123.71743799999,"GlobalID":"{F992427D-9D02-405F-BD01-1F1EB88261A9}","Shape.STArea()":496151204.78054756,"Shape.STLength()":182123.71743781911}},{"type":"Feature","id":3,"geometry":{"type":"Polygon","coordinates":[[[-118.54236771778238,34.489768628468255],[-118.54236451219487,34.489786150565266],[-118.54231955980143,34.490526900513991],[-118.54229663517924,34.490828584697418],[-118.54223409599813,34.491417265870105],[-118.54222032123252,34.491595255769376],[-118.54221708988675,34.491609006861523],[-118.54221429917946,34.491689724567422],[-118.5422065507117,34.491773572000078],[-118.54219340249196,34.492048088039311],[-118.54218384569106,34.492364132475721],[-118.54218169383809,34.492542756512485],[-118.54218547238661,34.492613830022833],[-118.54218595645484,34.493197065610126],[-118.54218419403726,34.493691691416615],[-118.54217481714493,34.494034884666519],[-118.54215386015493,34.494338811066058],[-118.5421520734089,34.494364731804453],[-118.54213165606434,34.494542750407597],[-118.54210930937084,34.494678511055135],[-118.54209800226239,34.49472527537025],[-118.54208669743217,34.494772725740404],[-118.54205253501611,34.494879030159943],[-118.54193012793733,34.495193524608993],[-118.54192641586415,34.495202373495751],[-118.54198167892417,34.495228841020094],[-118.54203718406038,34.495255356121447],[-118.5422341098154,34.495347420271052],[-118.54422782286181,34.496301522148414],[-118.54488399344962,34.496300132307049],[-118.54663220678904,34.496306538528053],[-118.54666000817703,34.497572978706536],[-118.54881727543052,34.498765888290542],[-118.54895942454785,34.49882247224334],[-118.55167221677108,34.49990221815326],[-118.55186248305765,34.499977939591957],[-118.55302270568953,34.499982940582058],[-118.5531093822635,34.499983286805474],[-118.55336337797777,34.499984296710906],[-118.55499319717688,34.499990787071887],[-118.55517001110104,34.499991489667693],[-118.55543608800707,34.499992558996297],[-118.55549641674686,34.499993092565617],[-118.55862542125145,34.500020768276919],[-118.560031082075,34.50003500531453],[-118.56019428315926,34.49653511530807],[-118.5602009681769,34.496395233161692],[-118.5601582007652,34.493925103762052],[-118.56012114541468,34.491774939748197],[-118.56012095434049,34.491763859875952],[-118.56007642665858,34.489177870638386],[-118.56007504653802,34.489098175075817],[-118.56007373998392,34.48902213038663],[-118.56012891992516,34.489022240014648],[-118.56463691293254,34.489031214913545],[-118.56552549679311,34.489031706247971],[-118.5690216531881,34.489038822376855],[-118.56898723903313,34.488187643783874],[-118.5689483929462,34.487226691584929],[-118.56887421985009,34.485391403433056],[-118.56950766001643,34.485392725483564],[-118.57315511744719,34.485401235110835],[-118.57324935273596,34.485401633970916],[-118.57326181915752,34.485401665252809],[-118.57324444192645,34.484962089372424],[-118.57312670132963,34.482037880195513],[-118.57311766112822,34.481752858299963],[-118.57315780024193,34.481753129461588],[-118.57358410346232,34.481755890318084],[-118.58188345988737,34.481807870020965],[-118.58183234528167,34.478149983267578],[-118.57744596481473,34.478126760239256],[-118.57735738341913,34.471571893615504],[-118.57335162996984,34.471014785963867],[-118.57324407705194,34.470999829047976],[-118.57319698644953,34.47099328272099],[-118.57303016556207,34.470970084189872],[-118.57297642293139,34.470962609949616],[-118.5729725177773,34.470962065826996],[-118.57259162348043,34.470909097780805],[-118.57258358437475,34.47090797903639],[-118.57202649593204,34.47083091465327],[-118.57141985705398,34.47074699674684],[-118.57141977860593,34.470746986297719],[-118.57141972739576,34.470746979326563],[-118.57195511262358,34.470446726983482],[-118.57209277387977,34.470468786963167],[-118.57208917557864,34.470313305167274],[-118.57237800267163,34.470230331827537],[-118.57257498199051,34.470064969715253],[-118.57259114291931,34.470051402884465],[-118.57331345108791,34.469451117418636],[-118.57331292219986,34.469431064341073],[-118.57331201279138,34.469394324722948],[-118.57331200974517,34.469394198522238],[-118.57496554422455,34.468039322234027],[-118.57357098243563,34.467878393855067],[-118.5735656718505,34.467160519189335],[-118.57356475978945,34.467029559102471],[-118.57355932445475,34.466269546261053],[-118.57355884882038,34.466205248220305],[-118.57355692758195,34.465936018826653],[-118.57355646596935,34.465871227577487],[-118.57355588533449,34.465789634052385],[-118.57355588388738,34.46578942400123],[-118.57355558686665,34.465746311222794],[-118.57355530557501,34.465707061453983],[-118.57355382277467,34.465500046819351],[-118.57354978644396,34.464936756087603],[-118.57354600272632,34.464408545632914],[-118.57354564295537,34.464358376819192],[-118.5735450905082,34.464281345828383],[-118.57354461150717,34.464214501854194],[-118.57354349582661,34.46405982146721],[-118.57420011081879,34.46345354698925],[-118.57475733363124,34.462939032878118],[-118.57489602338484,34.462810970771457],[-118.5749703924856,34.462742300886596],[-118.57494088703,34.462647315918176],[-118.57494121423193,34.462646151385485],[-118.57493627675814,34.462629881302043],[-118.57493596832913,34.46263140004973],[-118.57469428824493,34.461852795647488],[-118.5746628638279,34.461751563931088],[-118.57462615729919,34.461633302844056],[-118.57452760869462,34.461315783853557],[-118.57522754941434,34.461250676782434],[-118.57622101441292,34.461158437026285],[-118.57627950398097,34.461152983565945],[-118.5764799377467,34.460031028871882],[-118.57524057495905,34.459044616160298],[-118.57480740393181,34.458035292858632],[-118.57561582707375,34.456447774566605],[-118.57565563483256,34.455394396302779],[-118.57370848144021,34.454373831410308],[-118.57317326591854,34.453240295617796],[-118.57367396243566,34.452457112446893],[-118.57383800076157,34.452183450426666],[-118.5738495507088,34.452090859292909],[-118.57395555749726,34.451241023924986],[-118.57396619239171,34.451155763896523],[-118.57372475917626,34.450693672251823],[-118.57369794580787,34.450642352787867],[-118.57368866758574,34.45062459038661],[-118.57357608726844,34.450389133429233],[-118.57357001658124,34.450375993365988],[-118.57352998443987,34.450289357309472],[-118.5733722529516,34.449948004396113],[-118.57333321107451,34.449863510155538],[-118.57321777084343,34.449826015186218],[-118.57296752815803,34.449744733464492],[-118.57290963039694,34.44972592670667],[-118.57284662024068,34.44971587003986],[-118.57265670845283,34.449685556150769],[-118.57257992513985,34.449673299685266],[-118.57257598776283,34.449672671862793],[-118.57250469000536,34.449661291001625],[-118.57230727413398,34.449629778669326],[-118.57210538174598,34.449597551468614],[-118.57210076114926,34.449594420577661],[-118.57196699253551,34.449503783158733],[-118.57196600193328,34.449503110773577],[-118.57196295252054,34.449501044399248],[-118.571963877657,34.449500107848479],[-118.57273972311054,34.448649885404343],[-118.5723734488715,34.448434207958314],[-118.57219627471976,34.448329880139603],[-118.57185933822822,34.447982946764924],[-118.57176141050999,34.44786274646318],[-118.57167729002794,34.44774352771509],[-118.571614326741,34.447654291747014],[-118.57154552818058,34.447533954039237],[-118.57145668599942,34.447322543598517],[-118.57136118758154,34.447084350000566],[-118.57130162388383,34.446894253657582],[-118.57124253799314,34.446660502578595],[-118.57120578215535,34.446527980087758],[-118.57119097213995,34.446530501991177],[-118.57115809712761,34.446536332831187],[-118.57063162321506,34.446640626044356],[-118.57018100670523,34.446730029530649],[-118.5696010565394,34.446846639332698],[-118.56904766366125,34.447105165361108],[-118.56868750400645,34.44722979932687],[-118.56841904507048,34.447409924130355],[-118.56839786097488,34.447427601548611],[-118.56811666891424,34.447577369250716],[-118.56774070428712,34.447825059423025],[-118.56755033778413,34.448046292982113],[-118.56720757832537,34.448334799225947],[-118.56693418895178,34.448605180424543],[-118.56683120542449,34.448714454583467],[-118.56661075023716,34.448947685110923],[-118.5665829307769,34.448990884159812],[-118.56649963698229,34.44912022446146],[-118.56634891637432,34.449054504587615],[-118.56630415541046,34.449033516559048],[-118.56612249676698,34.448948299903385],[-118.56379975513092,34.449513369135587],[-118.56364074041328,34.449552053596634],[-118.56192765466335,34.449968765973004],[-118.56160390546283,34.450047515751805],[-118.56146286065416,34.450081830972223],[-118.56143308917569,34.450089058415223],[-118.56126001083541,34.450130861927938],[-118.5612298913959,34.450138137810399],[-118.55981565142618,34.450479722557212],[-118.55968028605187,34.450512417380558],[-118.55922469179455,34.450623196429582],[-118.55895702528061,34.451130948289986],[-118.5589561643575,34.451134827962576],[-118.55891306995308,34.451329096689271],[-118.55885850870681,34.451575057334857],[-118.5588257881583,34.451722540774703],[-118.55882533748269,34.451724631710896],[-118.55882024802303,34.45174758122949],[-118.55876883034513,34.451979429115909],[-118.55875639007218,34.452252901755386],[-118.55875414617105,34.452302236063296],[-118.55875411163636,34.452302279496081],[-118.55863650699774,34.452299372606177],[-118.55807644255479,34.452285448024057],[-118.55759286682397,34.451408291507953],[-118.55714136521513,34.450589613624118],[-118.55698915070094,34.450312695914882],[-118.55699473684096,34.45000877484992],[-118.55699616292998,34.449877220564147],[-118.55699515462859,34.44986168269849],[-118.55700519031726,34.449397941994299],[-118.55700693080945,34.449303631450043],[-118.55702808739821,34.44909822914812],[-118.55712127187951,34.448147139708347],[-118.5571798173182,34.44755791483562],[-118.55722012488273,34.447152432072578],[-118.55722092777167,34.447138898118432],[-118.55723337738577,34.447021000143565],[-118.55728973980206,34.446715598056095],[-118.55736094364052,34.446328963281239],[-118.55747383801716,34.445723669231398],[-118.55749545647588,34.445610482892427],[-118.55747268905367,34.445607636770994],[-118.55728405229389,34.445584274526489],[-118.55748259087883,34.444542602769957],[-118.55748433253962,34.444530325748325],[-118.55751375057952,34.444360024534873],[-118.55751387000284,34.444359332507133],[-118.55752548296311,34.444292785369257],[-118.55752784754227,34.444277003012431],[-118.55752936493853,34.444266664423729],[-118.55753067155594,34.444257838681459],[-118.55753409856554,34.444234629988372],[-118.55754487473135,34.444161267465873],[-118.55755440136167,34.444096481598116],[-118.55755757333952,34.444074841849158],[-118.55757181760569,34.443978078412641],[-118.55757416563485,34.443962102299999],[-118.55759300928425,34.443833908167093],[-118.55761144055211,34.443708492659709],[-118.55762990386022,34.443582994961027],[-118.55764836729381,34.443457524303682],[-118.55766679910282,34.443332051984399],[-118.55767131179876,34.443301329391687],[-118.55767323715629,34.443288216698178],[-118.55768522978025,34.443206581469276],[-118.55769566640475,34.44313569250275],[-118.5579774679172,34.44314602037268],[-118.5579778199304,34.443144149867059],[-118.55800886758162,34.442969611904111],[-118.55807537107603,34.442595739621488],[-118.55808592293975,34.442536424022329],[-118.55811139062861,34.442393167989458],[-118.55812506724193,34.442316246313887],[-118.55812846596537,34.442297134315446],[-118.55816343117894,34.442100624942121],[-118.55824219304796,34.441657973752342],[-118.55827147083869,34.441493267895218],[-118.5583088108625,34.44129968023946],[-118.55843508775733,34.440645025561956],[-118.55848077783565,34.440408151750347],[-118.55860340933869,34.439762162074409],[-118.55862740062396,34.439639637239672],[-118.55866391499114,34.439453146540963],[-118.55873980925962,34.439065546094035],[-118.55875734995396,34.438975992214694],[-118.55878133951067,34.438853439401022],[-118.55883109115788,34.438599277759508],[-118.55884122938753,34.438577879043962],[-118.55885220363621,34.438554746425879],[-118.5589795336835,34.438286349967328],[-118.55923232048416,34.437766520477005],[-118.5593507034687,34.437521577778661],[-118.5594337888584,34.437348495218778],[-118.5596317190153,34.436936164712264],[-118.55972124607129,34.436749659884896],[-118.55972334718446,34.436745283142244],[-118.55997502189526,34.436209192493628],[-118.55998456610043,34.436188863838943],[-118.56001713505019,34.436119564650291],[-118.56002664327386,34.436099228044306],[-118.56005055039137,34.436048308814073],[-118.56009416915998,34.4359554212433],[-118.56011905065046,34.435902326597144],[-118.56012653856253,34.435886409633554],[-118.56043687552049,34.435059509396737],[-118.56049770355084,34.434897404127902],[-118.56054372991449,34.434906315034915],[-118.56059296052932,34.434750638976844],[-118.5605492627239,34.434737843421132],[-118.5607746799656,34.434264219069426],[-118.56079583783844,34.434219798053775],[-118.56086612729004,34.434059264403828],[-118.56100827415889,34.43373460971447],[-118.56102161293062,34.433706189250174],[-118.56107234167732,34.433598052263015],[-118.56130233128036,34.433107773243414],[-118.56142767181764,34.432840572374481],[-118.56152655598827,34.432629785869231],[-118.56174301565565,34.432168371825632],[-118.56245207127934,34.43065687790147],[-118.56376677419956,34.429188098583317],[-118.56384689518828,34.429088537141553],[-118.56406755290635,34.428867416022818],[-118.56457335701779,34.428306004583234],[-118.56535727102874,34.427411125952048],[-118.56582646888876,34.42688690144027],[-118.56568833908911,34.426641142531572],[-118.56535500957577,34.426581706526093],[-118.56394832796788,34.426330872351343],[-118.56394765181393,34.426330474310127],[-118.56245015448336,34.4254475651869],[-118.56232458273909,34.425429407085232],[-118.56219556138164,34.425416286411462],[-118.56234237257142,34.424314664988188],[-118.56204257931032,34.424315259281677],[-118.56136780893046,34.424275311117114],[-118.5606185914761,34.424230950387248],[-118.56042258762841,34.424215320084734],[-118.56027786200627,34.424197713558939],[-118.56009061246311,34.424167111905227],[-118.55995247993215,34.424140598000541],[-118.55962129874445,34.424057617040951],[-118.55930055660484,34.42395009945816],[-118.55899290124503,34.423818932869423],[-118.55887692129141,34.423757879588848],[-118.55870085760012,34.423665195704906],[-118.55842683431008,34.423490154468752],[-118.55840414992343,34.42347494175975],[-118.55560702020323,34.423476204962263],[-118.55482407152924,34.423476547662474],[-118.55362540325811,34.423477061474649],[-118.55284369265537,34.423477392953771],[-118.55145909253154,34.423477968127457],[-118.54906695411108,34.423478922721607],[-118.54733118495662,34.423479586566394],[-118.54661407497483,34.423479853244494],[-118.54603995812555,34.42348006438332],[-118.54569200606772,34.423480174233326],[-118.54543848282256,34.423480271416132],[-118.54525107247383,34.423480343169167],[-118.54514796313755,34.423480378378841],[-118.54482038714806,34.423480490616839],[-118.54427101557251,34.423480704845808],[-118.54272535406592,34.423481121267045],[-118.54195630009949,34.423481323248303],[-118.54179746241421,34.423481403543455],[-118.54153902631138,34.423481537058166],[-118.54145184667759,34.423481581850282],[-118.54116149492526,34.423481740721627],[-118.54116113916737,34.423481740505693],[-118.54091546209231,34.423481821177944],[-118.54090906283699,34.42348182266803],[-118.54054218722858,34.423481932711077],[-118.54033165888589,34.42347506788758],[-118.54032586817473,34.423481501811544],[-118.53996136556547,34.4234826480156],[-118.53977388254494,34.423482746789681],[-118.53971132808341,34.423482735742155],[-118.53968060570668,34.423482730893063],[-118.53896246098671,34.423482607142653],[-118.53857679988631,34.423482539572923],[-118.53782263560706,34.42348240311464],[-118.53650150044359,34.423482153806759],[-118.53573852493446,34.423482002792838],[-118.5349386105537,34.423481839497285],[-118.53363712797871,34.423481562475416],[-118.53300966320005,34.423481423732547],[-118.5309201161343,34.423480939268714],[-118.53030410086258,34.423480789606991],[-118.52990725464944,34.423480691083242],[-118.52986867530795,34.423420162726622],[-118.5298302263257,34.423361476530097],[-118.52982954721061,34.423361780609859],[-118.52979748805626,34.423312722856487],[-118.52976873473825,34.42327078001211],[-118.52975310326426,34.423215528160355],[-118.52973206506948,34.423161520599784],[-118.52970576392433,34.423109123625458],[-118.52967437176882,34.423058685378024],[-118.52963810293521,34.423010548403369],[-118.52959720097242,34.422965030777952],[-118.52955193983702,34.422922442331441],[-118.52946878355627,34.422850360517771],[-118.52941743642272,34.42280585126634],[-118.52935893049067,34.422755136401349],[-118.52930158313139,34.422705426174268],[-118.52920879830057,34.422624996493809],[-118.52915995184466,34.422579513382146],[-118.52911906062278,34.422541435033772],[-118.52908786943753,34.422507816638237],[-118.52903678207873,34.422452755404386],[-118.52896238986419,34.4223594164432],[-118.52891470401744,34.422294665929726],[-118.52886251457454,34.42222379917181],[-118.52879964989616,34.422138438038317],[-118.52877631298324,34.422106749771338],[-118.52872457369074,34.422036492234021],[-118.52866563571654,34.421956463636469],[-118.52862766538776,34.421904903427958],[-118.52857335302362,34.421831154568231],[-118.52851318627977,34.421752028280856],[-118.52845533993504,34.421675950770023],[-118.52839644781757,34.42160324142236],[-118.52833196804797,34.421523635283741],[-118.52825703686467,34.421436659485174],[-118.52820334371535,34.421374335648473],[-118.52813207152886,34.421294064798751],[-118.5280559618221,34.421208346242913],[-118.52797079276627,34.421112423807692],[-118.52791767506447,34.421052599105934],[-118.52784911754581,34.4209753851081],[-118.52779216279542,34.420911239754112],[-118.52776229113567,34.420877595443734],[-118.52773005847898,34.420843222137684],[-118.52766886929258,34.420777968227604],[-118.52761355505906,34.420724937015848],[-118.52756930459319,34.420682512024356],[-118.52751957009671,34.420639578058733],[-118.52746386851982,34.420591491591843],[-118.52735047685999,34.420498580874714],[-118.52728414183299,34.420444227091131],[-118.52721780579891,34.420389872374244],[-118.52713305087769,34.420320426601457],[-118.52706425888407,34.420264058523372],[-118.52700528939955,34.420215739927386],[-118.52693035394205,34.42015433903935],[-118.5268849021369,34.420117094743119],[-118.52681119601981,34.42005670086801],[-118.52677557216064,34.420027510550817],[-118.52668066537107,34.419949744991833],[-118.52667119463221,34.419941903074026],[-118.52663043379373,34.419906166419779],[-118.52658290268627,34.419859876901128],[-118.5265399581172,34.419812888596354],[-118.52649113841369,34.419751868109273],[-118.52645290920123,34.419700284906668],[-118.52639771443646,34.419625811366387],[-118.52635696386763,34.419570824954654],[-118.52632199254293,34.419523638794558],[-118.52627550460582,34.419460911409978],[-118.52624919716867,34.419425413931314],[-118.52620887582084,34.41937100709923],[-118.5261565979354,34.419300466823408],[-118.52610186914143,34.419232338850861],[-118.52605402867358,34.419172786151307],[-118.52601602546869,34.419132272707706],[-118.52594043317268,34.419051686644096],[-118.52589207063619,34.419007281067664],[-118.52581642042448,34.418937819245443],[-118.52572955151244,34.418867570277904],[-118.52563824857828,34.418801290098266],[-118.52554278371635,34.418739171348157],[-118.52545271610633,34.418688804118972],[-118.52537312808018,34.418644295598845],[-118.52527944599773,34.418601571803443],[-118.5251938145951,34.41856252019786],[-118.5250063128328,34.418494521204998],[-118.52487253332758,34.418455793166324],[-118.52473608298493,34.418424108524952],[-118.52459750105631,34.418399592056261],[-118.5245412113042,34.418391136568033],[-118.5244279414664,34.418374121215265],[-118.52436105019271,34.41836407248605],[-118.52423952546472,34.418345816969165],[-118.52413202257398,34.418329668035184],[-118.52402436074682,34.418313495351278],[-118.52390529381303,34.418295608428622],[-118.52383877093436,34.418281152008724],[-118.52367755003773,34.418246113056675],[-118.52353211827389,34.418204093656321],[-118.52339874889381,34.418167777444111],[-118.52333049121729,34.418149191078385],[-118.52318631513076,34.418109931762643],[-118.52308128553788,34.418076814219653],[-118.523013288968,34.418049197655918],[-118.52298037643942,34.418035830037567],[-118.52288444402343,34.417987328036787],[-118.5228505901338,34.41796644381909],[-118.52279429917301,34.417931719441022],[-118.52279029734356,34.417929014949216],[-118.5227566987017,34.417908059285459],[-118.52261526220568,34.417819846643518],[-118.52252809573345,34.41777507501665],[-118.52242905950405,34.417724205970671],[-118.52231898236717,34.417678493401013],[-118.52223320838496,34.417642873380252],[-118.52217820587167,34.417624973064171],[-118.52207433154472,34.417591165412325],[-118.52202930337907,34.41757651090326],[-118.52196296946634,34.417560469545371],[-118.52189109432385,34.417543088870232],[-118.52181900893777,34.417525657669451],[-118.5216888792588,34.417504514742014],[-118.5216040365864,34.417490729105964],[-118.52148481144805,34.417480488232805],[-118.52144027658561,34.417476662450916],[-118.52138613727985,34.417472011561898],[-118.52132526532493,34.417471203088503],[-118.52123207994644,34.417478280359227],[-118.52117959072984,34.417486810872404],[-118.52112885316541,34.417498330545953],[-118.52108149699325,34.417512164341566],[-118.52104556555948,34.41752478605769],[-118.52100161304914,34.417542931676593],[-118.52095484346958,34.417565855805215],[-118.52092762159296,34.417581114938038],[-118.52088312191212,34.417609537681138],[-118.52085157403614,34.417632699315796],[-118.52079303609223,34.417684022748226],[-118.52079122501679,34.417685797537075],[-118.52078874946032,34.417688300916183],[-118.52074948038964,34.417731731575884],[-118.52071513490257,34.417777938554551],[-118.52068599891355,34.41782654198353],[-118.52067310362979,34.417854084301844],[-118.52066231249263,34.417877136947446],[-118.52065582749015,34.417895896920776],[-118.52064427539365,34.417929307885075],[-118.52063203069211,34.417982621447088],[-118.52061931971313,34.418056021449857],[-118.52061293692861,34.418092881139799],[-118.52060204028584,34.418155805606794],[-118.52059071415943,34.418221205733239],[-118.52058453352339,34.418248290089707],[-118.52057548066088,34.418274813395712],[-118.5205636228075,34.418300568008434],[-118.52054905548901,34.418325347065185],[-118.5205318950018,34.418348959841552],[-118.52052313413618,34.418359890710001],[-118.52050979744634,34.418376529912663],[-118.52050563290376,34.418381726212466],[-118.5204597460111,34.418362330918342],[-118.52036757561794,34.418306364094569],[-118.52034679061157,34.418294674684176],[-118.52032504319014,34.418284259664361],[-118.52030244571621,34.418275169038829],[-118.52027911707908,34.418267452783105],[-118.52025517719366,34.418261150951544],[-118.5202307513691,34.418256296363253],[-118.52020596703927,34.41825291371439],[-118.52018095376869,34.418251020479886],[-118.52015583998887,34.418250626927133],[-118.52013075733858,34.418251734294756],[-118.52010583633491,34.418254338416894],[-118.52008120633975,34.418258424314395],[-118.52005699668671,34.418263972500611],[-118.5200333322739,34.41827094998493],[-118.520010335835,34.418279325589317],[-118.51998899879804,34.418288637082945],[-118.51996849059537,34.418299149473008],[-118.51994890991629,34.418310813653889],[-118.5199303499659,34.418323573331215],[-118.51991290175141,34.418337368613905],[-118.51989664751559,34.418352129731495],[-118.51988166406203,34.418367786937068],[-118.51986802382646,34.418384267797656],[-118.51985579484267,34.418401491785183],[-118.51984503316153,34.418419375718614],[-118.51983579046571,34.418437833730685],[-118.51982811189987,34.418456778179355],[-118.51978123288882,34.41858730165216],[-118.51976564798916,34.418628098973983],[-118.51974836739707,34.418668424843773],[-118.51972941583853,34.418708232274774],[-118.51970881149552,34.418747471603901],[-118.5196865812642,34.418786094933559],[-118.51966275315699,34.418824058869077],[-118.51963735299945,34.418861318222],[-118.51961041095753,34.418897825982285],[-118.5195819637469,34.418933538717724],[-118.51955204047415,34.418968413930436],[-118.51952067786667,34.419002409991286],[-118.51948791701464,34.419035487055602],[-118.51945379466274,34.419067606198738],[-118.51941834971473,34.419098725782256],[-118.51938162764091,34.419128810450452],[-118.51934367173634,34.419157824856697],[-118.51930452638396,34.419185733650117],[-118.51926423924741,34.41921250416992],[-118.51922285797365,34.419238101051306],[-118.5191804324362,34.419262497033422],[-118.51916949932905,34.419267753811972],[-118.51915784732417,34.419271820031753],[-118.51914566964447,34.419274628151811],[-118.51913315857107,34.419276134075282],[-118.51912052065096,34.419276313478122],[-118.51910795602763,34.419275161897573],[-118.51909566717187,34.419272699202516],[-118.51908385668382,34.419268965996658],[-118.51907202221905,34.419265225679965],[-118.51905970943865,34.419262763985209],[-118.51904711655646,34.419261616125411],[-118.51903445367948,34.419261805542995],[-118.51902191984527,34.419263325075484],[-118.51900972162781,34.419266154906623],[-118.51899805670152,34.419270243704723],[-118.51898711288862,34.419275530263306],[-118.51897706804102,34.419281924569432],[-118.51896808579554,34.419289324951073],[-118.51896031009557,34.419297611789681],[-118.51895386956484,34.419306651107775],[-118.51894886553525,34.419316293718474],[-118.51894538299308,34.419326385997024],[-118.5189434753039,34.419336762733998],[-118.51894111262284,34.419350765595638],[-118.5189370250019,34.419364490951438],[-118.51893125724848,34.419377797068336],[-118.51892387048234,34.419390541241775],[-118.51891494110383,34.419402588815437],[-118.51890456731574,34.419413812252401],[-118.5188928560856,34.419424093894797],[-118.51887993073267,34.419433321424137],[-118.51886425221461,34.419442244289996],[-118.51872063918161,34.419515256458176],[-118.5180294881023,34.420519888785265],[-118.5179060457192,34.420904573332365],[-118.51763311857205,34.421215492838023],[-118.51732675769259,34.421451596049309],[-118.51729686958899,34.42147561423802],[-118.51726822363085,34.421500645858593],[-118.51724086416954,34.421526650153545],[-118.51721484313831,34.421553580924055],[-118.51719020375083,34.421581389303633],[-118.51716699032546,34.421610029125816],[-118.51714524387248,34.421639447025889],[-118.51712500216101,34.421669593259246],[-118.5171062996799,34.421700415390326],[-118.51708916764349,34.421731859194615],[-118.5168716365515,34.422154549488852],[-118.51686184291442,34.422171879987744],[-118.51685061706554,34.42218860354356],[-118.5168380161647,34.422204639675627],[-118.51682409738321,34.422219909706278],[-118.51680892879932,34.422234339418935],[-118.5167925872283,34.422247859969154],[-118.51677514950225,34.422260405216953],[-118.51675669901445,34.422271914403609],[-118.51673732788389,34.422282330339343],[-118.516101249218,34.422598847040071],[-118.51607233407289,34.422614089733614],[-118.51604440778129,34.422630551598331],[-118.51601754512831,34.422648187239901],[-118.51599181544873,34.422666949484288],[-118.5159672924011,34.422686786631189],[-118.51594403768298,34.422707647932903],[-118.51592211513439,34.422729477223378],[-118.51590158313368,34.422752214753686],[-118.51588249353767,34.422775801703963],[-118.51586490252151,34.422800173827042],[-118.51584885211777,34.422825266935646],[-118.51567128730295,34.423121127279245],[-118.51565800733059,34.423141759501341],[-118.51564333618056,34.423161736809675],[-118.51562732129607,34.423180990485193],[-118.51561001344537,34.423199461711668],[-118.51559147100124,34.423217089837593],[-118.51557175235327,34.423233816915811],[-118.51555091919406,34.42324959129602],[-118.51552904083177,34.423264361295452],[-118.51550618442673,34.423278079748286],[-118.51548242912327,34.423290702142324],[-118.5154578464671,34.42330218670233],[-118.51543251674111,34.423312497025201],[-118.51540553546997,34.423321920036059],[-118.51539052218746,34.423326531176791],[-118.51537634239807,34.423330460818867],[-118.5148227280918,34.423475995559009],[-118.51374198224229,34.423457913036309],[-118.51269222404717,34.42346235453914],[-118.51128841598923,34.423475333440017],[-118.5112884203042,34.42347461850359],[-118.51117623635717,34.423474606289027],[-118.51098927725874,34.423474586242364],[-118.51071825962043,34.423474556535496],[-118.51049558565302,34.423474531932932],[-118.50973039880115,34.42347444300372],[-118.50936207913665,34.423474398095983],[-118.50905510075731,34.423474360609774],[-118.50840049967009,34.42347427696378],[-118.50791350977327,34.423474212905617],[-118.50659257962111,34.423474028254432],[-118.50561988468954,34.42347388371978],[-118.5053657594887,34.423473844663761],[-118.505206367691,34.423473820752804],[-118.50512657713568,34.423473807760672],[-118.50506453459224,34.423473873178402],[-118.50501476134198,34.423473860437497],[-118.50483922115677,34.423579004335117],[-118.50480495915302,34.423595239341978],[-118.50477491885134,34.423608147232606],[-118.50458711317826,34.423669201702154],[-118.50437105974287,34.42372286083922],[-118.50434246090175,34.423733980292063],[-118.50433452904359,34.423738885170934],[-118.5039997259118,34.423891540028919],[-118.50396526130079,34.423637881937104],[-118.50391721628316,34.423471278465527],[-118.50361312213467,34.423472682024048],[-118.50323941933037,34.423472612927227],[-118.50319231373115,34.423472603697292],[-118.5031762579238,34.423472600882747],[-118.50261755213093,34.423472495692508],[-118.50258233596145,34.423472559569049],[-118.50254334005777,34.423472584101056],[-118.5025433057381,34.424126333849969],[-118.50254330671945,34.424241181393633],[-118.50254331008088,34.42440438910959],[-118.50254331745298,34.42469448706656],[-118.50254426129143,34.425089668653584],[-118.50254435521543,34.4251283171021],[-118.50254450217754,34.42519793578824],[-118.50254452744456,34.425209697118902],[-118.50254472796847,34.425296488035585],[-118.50254422652121,34.425821421909973],[-118.50254394134909,34.426120555341257],[-118.50254361135025,34.426465634816353],[-118.50254358629779,34.426492317671361],[-118.50254416437281,34.426784137862157],[-118.50254435274462,34.426877208917574],[-118.50254443278479,34.426923293285085],[-118.50254461031378,34.427009157508614],[-118.50254393949841,34.42715800111629],[-118.50254232907055,34.42751500507471],[-118.5025448032179,34.428744627139046],[-118.50254497679123,34.428807114552448],[-118.50253996657639,34.430231678580036],[-118.50253996493326,34.430232127551498],[-118.50253863171613,34.430611284619872],[-118.50253446295338,34.431271730664015],[-118.50253421263754,34.431311030529784],[-118.50253213285085,34.43167952730299],[-118.50253093028894,34.431892988809764],[-118.50252507336585,34.432932229055133],[-118.50252131850533,34.433620555060628],[-118.50251828829529,34.434269577408024],[-118.502514721803,34.434810071538912],[-118.50249421457812,34.437917492732758],[-118.50346922630729,34.437925425550105],[-118.50413582838617,34.437929967040603],[-118.50432839401047,34.437930650630612],[-118.50467914320041,34.437933367980115],[-118.50525145708762,34.437938094488104],[-118.50538270050428,34.437939177819104],[-118.5054822038412,34.437939999285852],[-118.5055219745954,34.4379397713694],[-118.5055615141891,34.437940181788427],[-118.50566128836532,34.437941523066961],[-118.50602098080772,34.437944748296978],[-118.50603090180718,34.437944837639463],[-118.50619399586583,34.437946285788534],[-118.50631275007892,34.438462698934934],[-118.50632235759751,34.438501957656563],[-118.50636577939117,34.438666744736167],[-118.50636947602476,34.438679668139159],[-118.50668008228594,34.439878993389904],[-118.50697004985838,34.441031008528036],[-118.50700606604333,34.441174176844186],[-118.50702916249425,34.441266408324182],[-118.50707885716496,34.441463181518699],[-118.50712808023147,34.441660025179033],[-118.50718122515605,34.441868990689635],[-118.50723411904249,34.442069748748999],[-118.50728508756536,34.4422729057043],[-118.50734046837267,34.442488295143974],[-118.50738777819802,34.442681510799979],[-118.50744076070549,34.442882716454243],[-118.5074940278603,34.443083626091052],[-118.5075385028175,34.443270995367151],[-118.50759114781999,34.44346401913041],[-118.50763636890574,34.443651971243504],[-118.50768508870414,34.443834914195399],[-118.50770025046091,34.44389378408453],[-118.50771809792474,34.443963004974307],[-118.50777180511673,34.444211585799188],[-118.5077794752526,34.444204162015204],[-118.50782568190014,34.44416618530277],[-118.50787521692416,34.444129925587106],[-118.50799415855403,34.444054188259472],[-118.50811978836808,34.443986344591281],[-118.50816398100507,34.443964683145062],[-118.50857780360874,34.443761844751464],[-118.50868965029795,34.443708944406005],[-118.50875143513738,34.443679724442674],[-118.50901607219259,34.443563889669875],[-118.50919475890413,34.443494089526766],[-118.50930067014149,34.443456545928328],[-118.5093619112438,34.443437413405654],[-118.5094413903355,34.443416469721704],[-118.50955235727416,34.443392287059027],[-118.50971636451442,34.443364806342409],[-118.51002953492271,34.443320207582047],[-118.51034929020308,34.443267348397811],[-118.51066406540733,34.443215184579593],[-118.51116765921252,34.443123070013918],[-118.51129684622362,34.44309608725311],[-118.51143926239487,34.443061141225975],[-118.51156341068915,34.443023852336047],[-118.51168587003946,34.442981788699399],[-118.51173697780517,34.442961193948513],[-118.51189431727741,34.442897785184201],[-118.51218704770311,34.442766353684185],[-118.51231933095126,34.442702953672963],[-118.51244330813503,34.442638184908198],[-118.51253750057474,34.442582826752272],[-118.51263000279494,34.44252302658802],[-118.51271751164396,34.442460471627243],[-118.51285287487092,34.442358585902021],[-118.5129601387885,34.442272263928515],[-118.5131102548787,34.442142807896047],[-118.51323061880241,34.442029990052845],[-118.51332455912113,34.441934102928002],[-118.51339373082502,34.441856513520378],[-118.51348755516122,34.441742761033574],[-118.51360271118831,34.441591144747036],[-118.51367833880889,34.441485028510883],[-118.51378019262171,34.441327640845259],[-118.51381296835299,34.441272260471294],[-118.5139984610023,34.440955750801102],[-118.51413577994032,34.440548401639475],[-118.5142449906093,34.440326812003555],[-118.51429102130409,34.440262048025716],[-118.51438972855975,34.44013316348267],[-118.51454114570944,34.439947038619032],[-118.51457238496286,34.439903626118024],[-118.51458280379116,34.439891612242654],[-118.51460737705618,34.439913015043729],[-118.51472401228418,34.440019418025152],[-118.51493076026112,34.44019921471498],[-118.51500748637066,34.440270676506721],[-118.51536615173866,34.440612982860472],[-118.51568651060064,34.440928316571792],[-118.51576416535633,34.441002095393394],[-118.5157712025995,34.441008781915968],[-118.51595508587553,34.441183413607455],[-118.51596249936664,34.441190931537562],[-118.51615543763968,34.441386551829275],[-118.51617538623327,34.441406774946614],[-118.51651572236027,34.441735412889784],[-118.51688443238145,34.44209071993199],[-118.51772366343089,34.442905329224004],[-118.51786713590738,34.44304142033571],[-118.51838263769261,34.443532130675109],[-118.51849777452945,34.443644291847285],[-118.5189649045423,34.444100135802124],[-118.51893945363705,34.444118315034743],[-118.51915736786779,34.444322436111399],[-118.51933826569805,34.444491882626892],[-118.5194792831436,34.444629201224032],[-118.51968126563864,34.444825884292804],[-118.51984926600151,34.444999883952001],[-118.51995526585715,34.445214883162393],[-118.5199563483786,34.44521710711863],[-118.51997029474097,34.445212527053911],[-118.51998177164342,34.44524153705639],[-118.51999051422021,34.445263635886647],[-118.52002775309244,34.445384025981433],[-118.52005496134208,34.445491434577612],[-118.52006367800713,34.445559734492583],[-118.52006734247398,34.445615035187913],[-118.52007159878937,34.445766145811163],[-118.52006302554501,34.445986019229814],[-118.52006065144369,34.446137160071935],[-118.52006183124358,34.446326069021573],[-118.52006139666254,34.446521863602065],[-118.52006539777193,34.446631757119469],[-118.52006779176354,34.447015075121776],[-118.52043266472624,34.447007271116028],[-118.52043594839142,34.447089350827959],[-118.52043606406555,34.447140071604139],[-118.52043631113412,34.447252734497177],[-118.52043635584742,34.447265112383647],[-118.52043639950746,34.447288465564156],[-118.52043667434344,34.44740800885338],[-118.52043634337822,34.447425225087414],[-118.52043593647832,34.447446485032451],[-118.52043616688943,34.447550910667474],[-118.52043631654455,34.447607242451177],[-118.52043637082448,34.447637518474117],[-118.52043651893396,34.447696562983403],[-118.52043667171323,34.447766627838305],[-118.52043639542588,34.447798164723444],[-118.5204360122831,34.447842205457953],[-118.52043620759373,34.447924647305811],[-118.52043634711546,34.447985103654737],[-118.52043643245203,34.448022960552748],[-118.52043655269162,34.448074411549428],[-118.52043666779626,34.448128001009302],[-118.52043687956252,34.448221433399702],[-118.52043645517712,34.448250691838204],[-118.52043617665576,34.448270901844438],[-118.52043639741682,34.448373957181261],[-118.52043647823069,34.448408304421378],[-118.52043620723191,34.448648763931438],[-118.52042874644131,34.44864882387958],[-118.52027035509275,34.448650315419911],[-118.52025708584745,34.448650316420135],[-118.52016420173304,34.448650419842963],[-118.52008791597216,34.448650537695855],[-118.52007464681691,34.448650553100315],[-118.5199287049187,34.448650771957617],[-118.51956133733499,34.448652709793812],[-118.51949747407131,34.448652814651012],[-118.51888714649478,34.448655133204916],[-118.51885480124936,34.448655174156727],[-118.5181565619298,34.448659009877431],[-118.51814826946398,34.448659031766269],[-118.51814865769855,34.448831604641917],[-118.5181492165718,34.449078120685506],[-118.51814952626457,34.449223729882142],[-118.51814986877982,34.449369366884611],[-118.51814991687785,34.449398782863192],[-118.51815019327212,34.449512282228504],[-118.51815093563242,34.449844773256288],[-118.51815146787165,34.450083858944851],[-118.51815289410911,34.450476754383445],[-118.51815364280891,34.450691161422782],[-118.51815524505811,34.451415245731468],[-118.51815734247766,34.451996440034257],[-118.51815796953204,34.452286434047032],[-118.51842916236131,34.45228868529437],[-118.51844911946054,34.452310639847511],[-118.51852248244226,34.452390970461828],[-118.51887332046824,34.452774766875613],[-118.51908773932882,34.453009723761056],[-118.51914297764284,34.45306983257796],[-118.51925957809942,34.453196962142719],[-118.51932351440867,34.453267513096385],[-118.51937169371598,34.453319000892805],[-118.51938858513077,34.453337583150514],[-118.51948826363348,34.453446705548366],[-118.51965996935893,34.453635529733887],[-118.51972928964925,34.453711550468391],[-118.51975260084474,34.453736160787741],[-118.51990271980731,34.454560357952218],[-118.51993164122928,34.45455892140086],[-118.52050224462873,34.454508659582494],[-118.52054191596258,34.454505191594627],[-118.52157182511475,34.454415191877352],[-118.52157189146801,34.454415186182977],[-118.52151605642253,34.454366223099392],[-118.52162092545345,34.454272518491749],[-118.52169978650541,34.454245914154498],[-118.52177442979982,34.454397265627776],[-118.52178654613827,34.45439619389203],[-118.52184056448903,34.454391429584703],[-118.52188758135095,34.454387158754685],[-118.52221203215541,34.454358605972764],[-118.5222345499248,34.454356690669108],[-118.5222535922852,34.454355069794865],[-118.52242427004332,34.454339553534901],[-118.52248723197499,34.454358842149574],[-118.52316949327293,34.454559928004741],[-118.52322217990708,34.454754919194258],[-118.52327320193011,34.45494580473553],[-118.5233175267099,34.455110581839016],[-118.52336017827943,34.455267127916443],[-118.523401994087,34.45542504881702],[-118.52339455681361,34.455437430119524],[-118.52330286042654,34.455581829545977],[-118.52314754641182,34.455825238368746],[-118.52300873775995,34.456043890023203],[-118.52285135020139,34.456297072812063],[-118.52285730111873,34.456301187920147],[-118.52286289413043,34.456305502907753],[-118.52286905510006,34.456310830575958],[-118.5228759931211,34.456317710944532],[-118.52288233818825,34.456324970709183],[-118.5228864010241,34.456330336266333],[-118.52289068197895,34.456336812475797],[-118.52289450920321,34.456343480864057],[-118.52289737685912,34.45634934200578],[-118.52290024510773,34.456356337275579],[-118.52290261343971,34.456363449194455],[-118.52290442090225,34.456370677123445],[-118.52290573907082,34.456377980185181],[-118.52290647806042,34.456385429988259],[-118.52290670381304,34.45639208865235],[-118.52290647033983,34.456398411219787],[-118.52290546413717,34.45640733534006],[-118.52290396336565,34.456415148196143],[-118.5229022781664,34.456421322856819],[-118.52289945466754,34.456429425395996],[-118.52289595090001,34.456437348756431],[-118.5228917927291,34.4564450522575],[-118.5228876358928,34.456451581954504],[-118.522881918588,34.456459192103175],[-118.52287588897906,34.456466118430882],[-118.52287071938717,34.45647134436426],[-118.5228655308554,34.456475980775323],[-118.52286008747146,34.456480416340526],[-118.52285433990333,34.456484594475633],[-118.52284473951219,34.456490680630679],[-118.52283567145312,34.456495572662561],[-118.52282504299606,34.456500343398758],[-118.52281634783589,34.45650361015857],[-118.52280800000339,34.456506205581043],[-118.52280071336028,34.456508112166254],[-118.52279331241002,34.456509667644937],[-118.52278457092437,34.456511103585065],[-118.52277573398608,34.45651207113773],[-118.5227681141463,34.456512566451558],[-118.52276048010461,34.456512706621353],[-118.52275030297027,34.456512395258692],[-118.52274017548578,34.456511497683735],[-118.52272828763535,34.456509658374962],[-118.52271785422779,34.456507359328043],[-118.52263857805511,34.456625557518869],[-118.52255512520695,34.456757571629836],[-118.52246590628721,34.456899190214116],[-118.52238220285462,34.457031597447561],[-118.52229239100697,34.457172827185182],[-118.52220893688616,34.457304813105857],[-118.52214779548939,34.457401055380885],[-118.52242112674097,34.457635624864118],[-118.52303100236567,34.458158149794727],[-118.52311994829108,34.457879129096163],[-118.52400446382894,34.458099005263925],[-118.5242039900003,34.458098145328158],[-118.52420826651318,34.458312884127842],[-118.52422926757205,34.459319884193675],[-118.52423634549437,34.459640713374739],[-118.52423956623046,34.459779884675505],[-118.52438536873197,34.45985535416051],[-118.52446534607783,34.459896750490991],[-118.52465273749959,34.460000220978024],[-118.52487973468341,34.460117321472396],[-118.52524022618913,34.460303276415765],[-118.52541374451478,34.460379186364193],[-118.52552970612058,34.460417652171493],[-118.52564904887487,34.460457215716424],[-118.5258367678088,34.460527664260397],[-118.52591324217818,34.460554129178973],[-118.5260063080177,34.460582579437336],[-118.52621397603566,34.460633198223711],[-118.52637509064563,34.460667537636489],[-118.52648968203729,34.460689019053277],[-118.52661920299325,34.460710087583621],[-118.52673375433217,34.460725390727653],[-118.5269312599643,34.460743763035133],[-118.52709718817546,34.460751292390604],[-118.52719671876898,34.460752920951634],[-118.52748034948441,34.460748939672264],[-118.52772908844223,34.4607379107131],[-118.52795954868338,34.460719732262959],[-118.52809374755714,34.460705362080574],[-118.52818743765528,34.46069532865075],[-118.52855132522792,34.460656345042004],[-118.52882539320034,34.46063239901487],[-118.5289433021931,34.46062210439564],[-118.52957421136213,34.460567062012018],[-118.52998533038884,34.460527812982669],[-118.53024888944014,34.460498495915289],[-118.53058176461141,34.460458602242809],[-118.53064465706719,34.460450593883749],[-118.5308223819781,34.460429706078841],[-118.53223793629905,34.460269627471455],[-118.53331362795866,34.460137457602485],[-118.53368982783792,34.460084968877446],[-118.53382076730378,34.460068592657436],[-118.53393680059258,34.460056760707566],[-118.53413576548658,34.460043516970075],[-118.53433310358834,34.460035092462952],[-118.53439778635646,34.46003411976865],[-118.53454710074844,34.460033244878467],[-118.5347129935798,34.460035537775269],[-118.53487874194578,34.460041263226032],[-118.53502940416705,34.460049420591972],[-118.53522539438008,34.460063966279826],[-118.5355260054817,34.460086277419101],[-118.53653265230561,34.460160968619341],[-118.53778192921045,34.460253646670608],[-118.53806934828158,34.46019029561797],[-118.53841439697672,34.460210157745038],[-118.53858624043572,34.460174048708126],[-118.5386017799439,34.460171210224239],[-118.53867470132457,34.460254228076096],[-118.53900027079115,34.46029188385959],[-118.53938527023932,34.46037888341359],[-118.53959227046973,34.460450884754877],[-118.53968126933893,34.460481884057444],[-118.5401192703922,34.460638883279387],[-118.54104731815541,34.460956499932763],[-118.54109202069077,34.460972352458249],[-118.54113128998684,34.460985722025129],[-118.54130627084723,34.461044883822495],[-118.54202679371805,34.461299159774988],[-118.54209475163458,34.461362244974346],[-118.5422258317039,34.461500759951797],[-118.54260307307369,34.461638528709528],[-118.54269023370868,34.461670015452142],[-118.54269660672475,34.461672217350795],[-118.54266627004793,34.461733883696063],[-118.54261427070126,34.461995884189335],[-118.54261027130271,34.462111883681473],[-118.54263326977539,34.462224884756587],[-118.54265127189127,34.462286884879418],[-118.54266827162259,34.462344884862226],[-118.54279226993187,34.462628883689021],[-118.54292927134158,34.462959883450921],[-118.54302027097322,34.463180883433807],[-118.5430922700086,34.463374883556455],[-118.54319927170341,34.46400188396553],[-118.54327027109619,34.464485884354993],[-118.54328627206202,34.464625884236938],[-118.54330827146373,34.464812884037443],[-118.54332369591968,34.464944917823644],[-118.54343762479239,34.464954028900046],[-118.54346881196467,34.465173624899862],[-118.54432979022771,34.466617908385196],[-118.54436581148997,34.466678576092363],[-118.5443771226397,34.46669746209961],[-118.54438252077972,34.466704490594481],[-118.54440238417303,34.466729179282815],[-118.54442061071082,34.466745582991543],[-118.54444298792708,34.46676384777787],[-118.54446839256343,34.466780656522324],[-118.54449816514239,34.466795430733868],[-118.54452718278728,34.466806783393871],[-118.54455301533879,34.466814122279885],[-118.54457396308608,34.466818861415462],[-118.54459952415075,34.46682197060592],[-118.54462678254055,34.466824466342587],[-118.54648278100539,34.466811924767306],[-118.54696463926395,34.466809469180603],[-118.54733425062707,34.467402874630061],[-118.54722371993442,34.467387527675832],[-118.54676161618755,34.467322065583538],[-118.54694902433958,34.467459062249659],[-118.54746058646346,34.467833011403705],[-118.54737995471139,34.468445941129552],[-118.54737793110895,34.468461333148838],[-118.54725227153523,34.468610884803233],[-118.54710827199612,34.468850884361778],[-118.54704927253655,34.469044884773176],[-118.5470352710268,34.469143500081337],[-118.54703523979933,34.469143717492045],[-118.54705187424874,34.469145782758574],[-118.54703833823955,34.469253616867753],[-118.54699374110652,34.46978827393707],[-118.54695442618173,34.470116498941785],[-118.54695037085716,34.470142769913835],[-118.54695034159883,34.470142955761915],[-118.54695042879875,34.470142973399646],[-118.54697221121721,34.470147526252887],[-118.54699369278643,34.470152016449155],[-118.5470183671127,34.470157174713528],[-118.54703259768453,34.470160148746736],[-118.54792234463746,34.470346106645657],[-118.54792205402195,34.470347103252195],[-118.54791470538252,34.470372270320226],[-118.54787166107657,34.470519699713535],[-118.54700595232369,34.470338762833769],[-118.54696704843916,34.470330631424403],[-118.54693462053697,34.470323851970811],[-118.54692734437391,34.470322318793798],[-118.546922785796,34.470321367481624],[-118.54684275320393,34.470839552606343],[-118.54683685344727,34.470865937362611],[-118.54680749265606,34.470997830766429],[-118.54680017020856,34.471030691344176],[-118.54770298604149,34.47122617080673],[-118.54713284230455,34.473930951189899],[-118.54674395791966,34.47393070399098],[-118.54521741340417,34.473877894736916],[-118.54498710430263,34.474352345595264],[-118.54671247666757,34.474410720949081],[-118.54703374339371,34.474412619923015],[-118.5478295371615,34.474412073354557],[-118.54782265747261,34.47249989519112],[-118.54915032703684,34.472500520739523],[-118.55108106902964,34.472501522469159],[-118.5510852696963,34.474414568506731],[-118.55214855969696,34.474410468158162],[-118.55539580551643,34.474424432251212],[-118.55543088519971,34.476127468690336],[-118.55545169825292,34.477018500988969],[-118.55547734520876,34.478118488659895],[-118.55549743036391,34.478979744648612],[-118.55552895460406,34.480330358004394],[-118.55553313931448,34.480803054898978],[-118.55553999672453,34.480803343559487],[-118.55556081235265,34.481695552902593],[-118.55556285751064,34.481713744621985],[-118.55556116155348,34.481726177332476],[-118.5555592726204,34.482012273519459],[-118.55554972430457,34.483457267726131],[-118.55554919437786,34.483539683914451],[-118.55554864603259,34.483622113709508],[-118.55553840732411,34.485170235578082],[-118.55553701879772,34.485364129488417],[-118.55227170602403,34.485358834745028],[-118.54942380639963,34.485355313117275],[-118.54670439649578,34.48535233158465],[-118.54667920605435,34.488998781688259],[-118.54654032446524,34.488997277609364],[-118.54570023685494,34.4890032358973],[-118.54394025301107,34.489000394677277],[-118.54257023041571,34.489000008445196],[-118.54241870153166,34.489009874927433],[-118.54236771778238,34.489768628468255]]]},"properties":{"OBJECTID":3,"District":3,"DistrictName":"CITY OF SANTA CLARITA 3RD COUNCIL","Shape_Leng":126426.736338,"GlobalID":"{60104616-91E5-4AE5-B004-60D5EC4E641C}","Shape.STArea()":318429776.53178144,"Shape.STLength()":126391.74911645071}},{"type":"Feature","id":4,"geometry":{"type":"Polygon","coordinates":[[[-118.49389854284006,34.490646825586659],[-118.49382120573257,34.496001048047553],[-118.49381926678809,34.496135252355778],[-118.49816444527755,34.496233982929674],[-118.49917170935245,34.496256005392979],[-118.50250876229333,34.496331185859219],[-118.50692255521909,34.496303083057107],[-118.50912197529571,34.49629038983511],[-118.50924110580472,34.496289219460913],[-118.50928791220441,34.496288758973606],[-118.5095503804917,34.496287155511403],[-118.51133635484086,34.49627621892526],[-118.5113496355237,34.492615035795318],[-118.51135687871071,34.490623015243521],[-118.51136250384734,34.488956570464104],[-118.51243102562186,34.488953658679797],[-118.51486339311904,34.488947378728888],[-118.51575603523257,34.488946034535196],[-118.51718983173781,34.488941802492583],[-118.51744344001465,34.488941052628213],[-118.5176806868251,34.488940454046343],[-118.51798883901868,34.488939824735311],[-118.51889058798231,34.488937982291922],[-118.52014956693503,34.488935395485356],[-118.52017973794199,34.485298892960131],[-118.52020399225357,34.482367161766525],[-118.52020991707676,34.481663763213305],[-118.52039029823869,34.481664280128925],[-118.52461203131298,34.481676263100198],[-118.52568815937441,34.481680105285264],[-118.52610029786219,34.48168116405602],[-118.52690054034417,34.481683217650321],[-118.52901607943603,34.481688623767951],[-118.53121781600957,34.481694741836208],[-118.53285176800188,34.481699257737205],[-118.53338648419893,34.481700740800413],[-118.53341938315405,34.481700833335772],[-118.53377924340755,34.481701509760512],[-118.53396863803526,34.481702167904885],[-118.53782254303711,34.481711485535946],[-118.53782095422893,34.481546638136066],[-118.53782069184912,34.48151917317481],[-118.53780483843676,34.479870617757804],[-118.53780211336513,34.479579264935801],[-118.53779271302678,34.478563588100961],[-118.53778871818353,34.478143929162833],[-118.53778202853265,34.47743774221324],[-118.5377814157639,34.47737170937026],[-118.53777742041615,34.476999136611575],[-118.53777713597184,34.476973307120566],[-118.53777592760748,34.476843728685424],[-118.53777586643916,34.476837125220008],[-118.53664559559326,34.476585253657618],[-118.53654124722081,34.476402751357419],[-118.53646093355039,34.476369663950706],[-118.53641286837386,34.476294667711834],[-118.53634651604864,34.476278231164741],[-118.53635371379691,34.476271092566705],[-118.53648672694155,34.476134607492114],[-118.53663349176767,34.476150362112875],[-118.53667363108569,34.476174585560365],[-118.53687079923232,34.476195862499836],[-118.53689412330745,34.476190154494574],[-118.5369532437638,34.476153069813456],[-118.53696034116774,34.476152324400502],[-118.53698126904712,34.476160944240249],[-118.53699693613531,34.476162055034763],[-118.537024816813,34.476153082224066],[-118.53707604574812,34.476167969771531],[-118.53710666367452,34.47620259473392],[-118.5371835794669,34.47625941160414],[-118.53719413251247,34.476259391043172],[-118.53722401583967,34.476242084558422],[-118.53725700304405,34.476206931083425],[-118.53725524267293,34.47618077816179],[-118.5372075253516,34.47615488544816],[-118.53709510309484,34.476123398347319],[-118.53703789813227,34.476082267450138],[-118.53693218586241,34.475918220504148],[-118.53690885405081,34.475896724762855],[-118.53684968820879,34.47577786677968],[-118.53682088240946,34.475746172738667],[-118.53683972466084,34.475606798790018],[-118.53682304901029,34.475505998098875],[-118.53689795091802,34.47541020606424],[-118.53688759070255,34.47531621828449],[-118.53683063819825,34.475257582889611],[-118.53697818970387,34.475035726192409],[-118.53694560317014,34.474978687851326],[-118.53699627310897,34.47487632347945],[-118.5371110261616,34.474806184839473],[-118.53725186102901,34.474597903968892],[-118.53736691929205,34.474359621305048],[-118.53773806297912,34.47454046068777],[-118.53775453746235,34.474548303167943],[-118.5377540229801,34.474494107919064],[-118.53775235276176,34.474363126012641],[-118.53775187788473,34.474271078774052],[-118.53775093571251,34.474203759081377],[-118.53774963286894,34.474106221560675],[-118.53774598105032,34.473759818720218],[-118.53774294256132,34.47341213297431],[-118.53774081612288,34.473193836782144],[-118.5377385641351,34.472960484618866],[-118.53773702279211,34.472803944530447],[-118.53773541987218,34.472637870987839],[-118.53773313531197,34.472400482789467],[-118.53773262881069,34.472379537884045],[-118.53773123954937,34.472202385335663],[-118.53773002460228,34.47207513644495],[-118.53772186618205,34.471222640236412],[-118.53771415354426,34.470424471165579],[-118.53771300577372,34.470303569663443],[-118.53771196275328,34.470192312311639],[-118.53770930731525,34.46991484258632],[-118.5377062295137,34.469593382547458],[-118.53770524666476,34.469487562077482],[-118.53770498118584,34.469461459322055],[-118.5377035008279,34.469299342027654],[-118.53769627357373,34.468524528545096],[-118.53769511806425,34.468402252219015],[-118.53769436263262,34.468321188674508],[-118.5376927235216,34.468149485150114],[-118.53768428895047,34.467326583679146],[-118.53767647839412,34.46650201786241],[-118.53767623618023,34.466475132465675],[-118.53767080019784,34.465853890930319],[-118.5376805506407,34.46410206640649],[-118.53769403609567,34.463092611202008],[-118.53781721709596,34.463243955976495],[-118.53797766187856,34.463441093890978],[-118.53798281583494,34.463445655348764],[-118.53951982674889,34.465334344422423],[-118.53965824412808,34.465504265140673],[-118.54041985010883,34.466440063600643],[-118.54062284036119,34.466468380077089],[-118.54134749429205,34.466569486304138],[-118.54134859928118,34.466497363091825],[-118.54135296241944,34.466196452749891],[-118.5413578423623,34.465863874582276],[-118.54135805683352,34.465834251892154],[-118.54135784855372,34.465823145910797],[-118.54135627600949,34.465810474639547],[-118.541355134982,34.465801391355534],[-118.54135311131026,34.465791657494435],[-118.54134819952679,34.465776514684833],[-118.54134406079902,34.46576508906147],[-118.54133760246145,34.465750979998305],[-118.5413266395522,34.465731956024939],[-118.54131597866015,34.465717194062194],[-118.54130505585593,34.465704001937581],[-118.54129305553104,34.465691827041631],[-118.54127847478065,34.465678539439274],[-118.54126459113323,34.465668504168832],[-118.54124704040389,34.465656801183982],[-118.54122433908454,34.465644785795327],[-118.54119663086963,34.465633464373688],[-118.54116867060509,34.465625062338297],[-118.54114113164739,34.465619013227204],[-118.54110508980814,34.465611016841301],[-118.54109595408013,34.465608668506135],[-118.54108345365631,34.465602776813249],[-118.54107555707225,34.465596979088374],[-118.5410668302453,34.465588041412161],[-118.54106183068249,34.465579647872978],[-118.54105805530101,34.465571699643377],[-118.54105636716807,34.465562170732866],[-118.54105632049612,34.46555498931356],[-118.54105775919705,34.465547241418939],[-118.5410602881997,34.46554027480191],[-118.54106477165502,34.465530722884495],[-118.5411630612716,34.465387561740314],[-118.5411907100343,34.465347722226994],[-118.54120291973021,34.465329826402183],[-118.54121057632905,34.46531980775805],[-118.54122185874905,34.46530460985295],[-118.5412401388684,34.465283692053276],[-118.54125696412943,34.465266193049153],[-118.54127661954486,34.465247369686736],[-118.54129776867364,34.465229097708857],[-118.5413170436113,34.465214203123089],[-118.54143917684856,34.465122439186487],[-118.54166430159393,34.464953136951856],[-118.54176028887741,34.464881799161553],[-118.5417701362101,34.464875585997845],[-118.54178497866531,34.464866542252345],[-118.54179713497376,34.464860878631796],[-118.54181105604729,34.46485509984862],[-118.54181969781244,34.464851803119743],[-118.54183619415353,34.46484701624469],[-118.54184877032944,34.464843818245789],[-118.54186243642634,34.464841176133909],[-118.54187650853738,34.464838870283309],[-118.54190115095621,34.464837077086003],[-118.54192418073663,34.46483719873288],[-118.54202637341442,34.464845157285382],[-118.54215590398886,34.464855058142994],[-118.54315065341846,34.464931079418953],[-118.54331283373106,34.464944049591303],[-118.54332369591968,34.464944917823644],[-118.54330827146961,34.464812884938908],[-118.54328627206202,34.464625884236938],[-118.54327027109619,34.464485884354993],[-118.5431992717093,34.46400188486701],[-118.54309227001448,34.46337488445797],[-118.54302027097913,34.463180884335316],[-118.54292927134158,34.462959883450921],[-118.54279226993187,34.462628883689021],[-118.54266827162259,34.462344884862226],[-118.54265127189127,34.462286884879418],[-118.54263327086377,34.46222488475172],[-118.54261027130271,34.462111883681473],[-118.54261427070126,34.461995884189335],[-118.54266627005381,34.461733884597564],[-118.54269660672475,34.461672217350795],[-118.54269023370868,34.461670015452142],[-118.54260307307369,34.461638528709528],[-118.54222583170979,34.461500760853276],[-118.54209475163458,34.461362244974346],[-118.54202679480645,34.461299159770121],[-118.54130627084723,34.461044883822495],[-118.54113128998684,34.460985722025129],[-118.54109202069077,34.460972352458249],[-118.54104731815541,34.460956499932763],[-118.5401192703922,34.460638883279387],[-118.53968126933893,34.460481884057444],[-118.53959227046973,34.460450884754877],[-118.53938527023932,34.46037888341359],[-118.53900027079115,34.46029188385959],[-118.53867470241293,34.460254228071264],[-118.5386017799439,34.460171210224239],[-118.53858624044157,34.460174049609627],[-118.53841439697672,34.460210157745038],[-118.53806934828741,34.460190296519471],[-118.53778192921045,34.460253646670608],[-118.53653265230561,34.460160968619341],[-118.5355260054817,34.460086277419101],[-118.5352253943859,34.460063967181298],[-118.53502940416705,34.460049420591972],[-118.53487874194578,34.460041263226032],[-118.5347129935798,34.460035537775269],[-118.53454710074844,34.460033244878467],[-118.53439778744485,34.460034119763861],[-118.53433310358834,34.460035092462952],[-118.53413576548658,34.460043516970075],[-118.53393680059258,34.460056760707566],[-118.53382076730378,34.460068592657436],[-118.53368982783792,34.460084968877446],[-118.533313629047,34.46013745759771],[-118.53223793629905,34.460269627471455],[-118.5308223819781,34.460429706078841],[-118.53064465706719,34.460450593883749],[-118.53058176461141,34.460458602242809],[-118.53024888944014,34.460498495915289],[-118.52998533038884,34.460527812982669],[-118.52957421136213,34.460567062012018],[-118.5289433021931,34.46062210439564],[-118.52882539320034,34.46063239901487],[-118.52855132522792,34.460656345042004],[-118.528187437661,34.460695329552266],[-118.52809374755714,34.460705362080574],[-118.52795954868338,34.460719732262959],[-118.52772908953636,34.460737911609876],[-118.52748034948441,34.460748939672264],[-118.52719671876898,34.460752920951634],[-118.52709718817546,34.460751292390604],[-118.5269312599643,34.460743763035133],[-118.52673375433217,34.460725390727653],[-118.52661920299325,34.460710087583621],[-118.52648968203729,34.460689019053277],[-118.52637509173407,34.46066753763175],[-118.52621397603566,34.460633198223711],[-118.52600630910608,34.460582579432611],[-118.52591324217818,34.460554129178973],[-118.5258367678145,34.460527665161898],[-118.52564904888057,34.460457216617918],[-118.52552970612628,34.460417653073002],[-118.52541374452048,34.460379187265715],[-118.52524022618913,34.460303276415765],[-118.52487973468341,34.460117321472396],[-118.52465273859367,34.460000221874765],[-118.52446534607783,34.459896750490991],[-118.52438536982031,34.459855354155799],[-118.52438032162529,34.459852741685765],[-118.52423956623046,34.459779884675505],[-118.52423634549437,34.459640713374739],[-118.52422926757205,34.459319884193675],[-118.52420826651318,34.458312884127842],[-118.5242039900003,34.458098145328158],[-118.52400446382894,34.458099005263925],[-118.52311994829108,34.457879129096163],[-118.52303100236567,34.458158149794727],[-118.52242112674097,34.457635624864118],[-118.52214779549509,34.457401056282364],[-118.52220893688616,34.457304813105857],[-118.52229239100697,34.457172827185182],[-118.52238220286027,34.457031598349047],[-118.52246590628721,34.456899190214116],[-118.52255512521262,34.456757572531359],[-118.52263857805511,34.456625557518869],[-118.52271785423343,34.456507360229537],[-118.52272828872374,34.456509658370287],[-118.52274017549145,34.456511498585229],[-118.52275030297027,34.456512395258692],[-118.52276048010461,34.456512706621353],[-118.5227681141463,34.456512566451558],[-118.52277573398608,34.45651207113773],[-118.52278457092437,34.456511103585065],[-118.52279331241002,34.456509667644937],[-118.52280071336028,34.456508112166254],[-118.52280800000339,34.456506205581043],[-118.52281634783589,34.45650361015857],[-118.52282504299606,34.456500343398758],[-118.52283567145312,34.456495572662561],[-118.52284473951219,34.456490680630679],[-118.52285433990333,34.456484594475633],[-118.52286008747146,34.456480416340526],[-118.5228655308554,34.456475980775323],[-118.52287071938717,34.45647134436426],[-118.52287589006744,34.456466118426171],[-118.52288191859368,34.45645919300469],[-118.52288763589844,34.456451582855991],[-118.52289179273474,34.456445053159023],[-118.52289595090001,34.456437348756431],[-118.52289945466754,34.456429425395996],[-118.5229022781664,34.456421322856819],[-118.52290396336565,34.456415148196143],[-118.52290546413717,34.45640733534006],[-118.52290647034549,34.456398412121302],[-118.52290670381304,34.45639208865235],[-118.52290647806042,34.456385429988259],[-118.52290573907648,34.456377981086703],[-118.52290442090225,34.456370677123445],[-118.52290261343971,34.456363449194455],[-118.52290024510773,34.456356337275579],[-118.52289737685912,34.45634934200578],[-118.52289450920888,34.456343481765536],[-118.52289068197895,34.456336812475797],[-118.5228864010241,34.456330336266333],[-118.52288233818825,34.456324970709183],[-118.52287599420941,34.456317710939842],[-118.52286905510576,34.456310831477467],[-118.52286289413043,34.456305502907753],[-118.5228573022071,34.456301187915464],[-118.52285135129543,34.456297073708917],[-118.52300873775995,34.456043890023203],[-118.52314754641182,34.455825238368746],[-118.52330286043215,34.45558183044745],[-118.52339455790198,34.455437430114806],[-118.523401994087,34.45542504881702],[-118.52336017827943,34.455267127916443],[-118.5233175267099,34.455110581839016],[-118.52327320193011,34.45494580473553],[-118.52322218099539,34.454754919189568],[-118.52316949327293,34.454559928004741],[-118.52248723197499,34.454358842149574],[-118.52242427004332,34.454339553534901],[-118.5222535922852,34.454355069794865],[-118.5222345499248,34.454356690669108],[-118.52221203215541,34.454358605972764],[-118.52188758135095,34.454387158754685],[-118.52184056449467,34.454391430486183],[-118.52178654614393,34.454396194793546],[-118.52177442979982,34.454397265627776],[-118.52169978650541,34.454245914154498],[-118.52162092545345,34.454272518491749],[-118.52151605642253,34.454366223099392],[-118.52157189146801,34.454415186182977],[-118.52157182512039,34.454415192778896],[-118.52054191596821,34.454505192496121],[-118.52050224462873,34.454508659582494],[-118.51993164122928,34.45455892140086],[-118.51990271980731,34.454560357952218],[-118.51975260084474,34.453736160787741],[-118.51972928965488,34.453711551369899],[-118.51965996935893,34.453635529733887],[-118.51948826363348,34.453446705548366],[-118.51938858622468,34.453337584047361],[-118.51937169372161,34.453319001794306],[-118.51932351441428,34.453267513997929],[-118.51925957918776,34.453196962138051],[-118.51914297764284,34.45306983257796],[-118.51908773933445,34.453009724662564],[-118.51887332046824,34.452774766875613],[-118.51852248353053,34.452390970457181],[-118.51844911946054,34.452310639847511],[-118.51842916236131,34.45228868529437],[-118.51815797062029,34.452286434042414],[-118.51815734248326,34.451996440935702],[-118.51815524505811,34.451415245731468],[-118.51815364280891,34.450691161422782],[-118.51815289410911,34.450476754383445],[-118.51815146787165,34.450083858944851],[-118.51815093563242,34.449844773256288],[-118.51815019327212,34.449512282228504],[-118.51814991687785,34.449398782863192],[-118.51814986877982,34.449369366884611],[-118.51814952626457,34.449223729882142],[-118.51814921657741,34.449078121587021],[-118.51814865769855,34.448831604641917],[-118.51814827055222,34.448659031761636],[-118.5181565619298,34.448659009877431],[-118.51885480124936,34.448655174156727],[-118.51888714649478,34.448655133204916],[-118.51949747407694,34.448652815552506],[-118.51956133734062,34.448652710695285],[-118.51992870600694,34.448650771952956],[-118.52007464681691,34.448650553100315],[-118.52008791597216,34.448650537695855],[-118.52016420173304,34.448650419842963],[-118.52025708584745,34.448650316420135],[-118.52027035509275,34.448650315419911],[-118.52042874644697,34.448648824781088],[-118.52043620832015,34.448648763926769],[-118.52043647823069,34.448408304421378],[-118.52043639850503,34.448373957176607],[-118.52043617665576,34.448270901844438],[-118.52043645517712,34.448250691838204],[-118.52043687956252,34.448221433399702],[-118.52043666779626,34.448128001009302],[-118.52043655269162,34.448074411549428],[-118.52043643245203,34.448022960552748],[-118.52043634712105,34.447985104556295],[-118.52043620759373,34.447924647305811],[-118.52043601228874,34.447842206359468],[-118.52043639542588,34.447798164723444],[-118.52043667171323,34.447766627838305],[-118.52043651893396,34.447696562983403],[-118.52043637082448,34.447637518474117],[-118.52043631654455,34.447607242451177],[-118.52043616689505,34.447550911568953],[-118.52043593647832,34.447446485032451],[-118.5204363444664,34.447425225082746],[-118.52043667434907,34.447408009754895],[-118.52043640059567,34.447288465559474],[-118.52043635584742,34.447265112383647],[-118.52043631222236,34.44725273449253],[-118.52043606407118,34.447140072505626],[-118.5204359494797,34.447089350823298],[-118.52043266472624,34.447007271116028],[-118.52006779176354,34.447015075121776],[-118.52006539777193,34.446631757119469],[-118.52006139666818,34.44652186450363],[-118.52006183124358,34.446326069021573],[-118.52006065144369,34.446137160071935],[-118.52006302554501,34.445986019229814],[-118.52007159878937,34.445766145811163],[-118.52006734247398,34.445615035187913],[-118.52006367801279,34.445559735394127],[-118.52005496134208,34.445491434577612],[-118.52002775418062,34.4453840259768],[-118.51999051422021,34.445263635886647],[-118.51998177164342,34.44524153705639],[-118.51997029582915,34.445212527049236],[-118.5199563483786,34.44521710711863],[-118.51995526585715,34.445214883162393],[-118.51984926600151,34.444999883952001],[-118.51968126563864,34.444825884292804],[-118.5194792831436,34.444629201224032],[-118.51933826570367,34.444491883528379],[-118.51915736786779,34.444322436111399],[-118.51893945364264,34.44411831593623],[-118.5189649045423,34.444100135802124],[-118.51849777453505,34.443644292748765],[-118.51838263769261,34.443532130675109],[-118.51786713590738,34.44304142033571],[-118.51772366343089,34.442905329224004],[-118.51688443238704,34.442090720833505],[-118.5165157223659,34.441735413791335],[-118.51617538623327,34.441406774946614],[-118.51615543763968,34.441386551829275],[-118.51596249937219,34.441190932439099],[-118.51595508587553,34.441183413607455],[-118.51593959714177,34.441168705112659],[-118.5157712025995,34.441008781915968],[-118.51568651060064,34.440928316571792],[-118.51536615173866,34.440612982860472],[-118.51500748637066,34.440270676506721],[-118.51493076026112,34.44019921471498],[-118.51472401228418,34.440019418025152],[-118.51460737705618,34.439913015043729],[-118.51458280379673,34.439891613144162],[-118.51457238496286,34.439903626118024],[-118.51454114570944,34.439947038619032],[-118.51438972964787,34.440133163478066],[-118.51429102130409,34.440262048025716],[-118.5142449906093,34.440326812003555],[-118.51413577994032,34.440548401639475],[-118.5139984610023,34.440955750801102],[-118.51381296835299,34.441272260471294],[-118.51378019262171,34.441327640845259],[-118.51367833881446,34.441485029412419],[-118.51360271118831,34.441591144747036],[-118.5134875562494,34.441742761028976],[-118.51339373082502,34.441856513520378],[-118.51332455912667,34.44193410382951],[-118.51323061880798,34.44202999095441],[-118.5131102548787,34.442142807896047],[-118.51296013879407,34.442272264830038],[-118.51285287487092,34.442358585902021],[-118.51271751164396,34.442460471627243],[-118.51263000280049,34.442523027489557],[-118.51253750058031,34.442582827653801],[-118.51244330813503,34.442638184908198],[-118.51231933095126,34.442702953672963],[-118.51218704770311,34.442766353684185],[-118.51189431727741,34.442897785184201],[-118.51173697780517,34.442961193948513],[-118.5116858711276,34.442981788694802],[-118.51156341068915,34.443023852336047],[-118.51143926239487,34.443061141225975],[-118.51129684622362,34.44309608725311],[-118.51116765921252,34.443123070013918],[-118.51066406649548,34.443215184574989],[-118.51034929020308,34.443267348397811],[-118.51002953492271,34.443320207582047],[-118.50971636560263,34.443364806337833],[-118.50955235727416,34.443392287059027],[-118.5094413903355,34.443416469721704],[-118.50936191233195,34.443437413401085],[-118.50930067014149,34.443456545928328],[-118.50919475890413,34.443494089526766],[-118.50901607219259,34.443563889669875],[-118.50875143513738,34.443679724442674],[-118.50868965138611,34.443708944401457],[-118.50857780360874,34.443761844751464],[-118.50816398100507,34.443964683145062],[-118.50811978836808,34.443986344591281],[-118.50799415855403,34.444054188259472],[-118.50787521692416,34.444129925587106],[-118.50782568190014,34.44416618530277],[-118.5077794752526,34.444204162015204],[-118.50777180511673,34.444211585799188],[-118.50771809792474,34.443963004974307],[-118.50770025154907,34.443893784079982],[-118.50768508870962,34.4438349150969],[-118.5076363699939,34.443651971238971],[-118.50759114782548,34.443464020031954],[-118.5075385028175,34.443270995367151],[-118.5074940278603,34.443083626091052],[-118.50744076070549,34.442882716454243],[-118.50738777928615,34.442681510795424],[-118.50734046837267,34.442488295143974],[-118.50728508756536,34.4422729057043],[-118.50723411904249,34.442069748748999],[-118.50718122516155,34.441868991591122],[-118.50712808131965,34.441660025174492],[-118.50707885717046,34.441463182420236],[-118.50702916249425,34.441266408324182],[-118.50700606604333,34.441174176844186],[-118.50697004985838,34.441031008528036],[-118.50668008229144,34.439878994291391],[-118.50636947602476,34.438679668139159],[-118.50636577939117,34.438666744736167],[-118.50632235868559,34.438501957652036],[-118.5063127500844,34.438462699836471],[-118.50619399586583,34.437946285788534],[-118.50603090180718,34.437944837639463],[-118.50602098081319,34.437944749198508],[-118.5056612894534,34.43794152306242],[-118.5055615141891,34.437940181788427],[-118.50552197460088,34.43793977227088],[-118.5054822038412,34.437939999285852],[-118.50538270050428,34.437939177819104],[-118.50467914429402,34.43793336887714],[-118.50432839401047,34.437930650630612],[-118.50413582838617,34.437929967040603],[-118.50346922739537,34.437925425545579],[-118.50249421457812,34.437917492732758],[-118.502514721803,34.434810071538912],[-118.50251828827354,34.434269573801984],[-118.50252131850533,34.433620555060628],[-118.50252507337129,34.432932229956641],[-118.50253093028894,34.431892988809764],[-118.50253213393887,34.431679527298478],[-118.50253421261034,34.431311026022229],[-118.50253446404685,34.431271731561033],[-118.50253863171069,34.43061128371837],[-118.50253996493326,34.430232127551498],[-118.50254497679123,34.428807114552448],[-118.5025448032179,34.428744627139046],[-118.50254232907599,34.427515005976204],[-118.50254393950382,34.427158002017812],[-118.50254461031378,34.427009157508614],[-118.50254443387273,34.426923293280538],[-118.50254435274462,34.426877208917574],[-118.50254416546076,34.426784137857631],[-118.50254358629779,34.426492317671361],[-118.5022885257637,34.426489884231152],[-118.50223547321754,34.42648996686232],[-118.50205725837246,34.426490182603445],[-118.50204936621255,34.426490187319814],[-118.50203511934032,34.426490219237252],[-118.50191383575233,34.426490364117448],[-118.50166562520953,34.426489565259395],[-118.50158199946956,34.426489296225277],[-118.50129360153245,34.426488367066646],[-118.50109028505349,34.42648770695159],[-118.5007121641942,34.426486478069947],[-118.50067170914346,34.426486346642577],[-118.50050284201659,34.426485804797167],[-118.50004209108157,34.426484326929859],[-118.49989360434672,34.426483849877322],[-118.49989302121617,34.426483854083429],[-118.49989167527283,34.426692849092397],[-118.49989056921794,34.426993117270854],[-118.49931019768761,34.42698828625587],[-118.49903832549427,34.426988603552843],[-118.4990369785009,34.426988591965035],[-118.49861350821082,34.426984989938475],[-118.49848257686629,34.426983879140522],[-118.49848263644844,34.427004196800247],[-118.49848267590727,34.427017698033126],[-118.49848338248492,34.427258650312282],[-118.49846285929861,34.427269659453358],[-118.49797694290059,34.427266110740824],[-118.4974803289827,34.427262481344734],[-118.49682400133865,34.427364919779663],[-118.49682425859697,34.427491404136852],[-118.49553099859632,34.427484493481359],[-118.49553125140959,34.427620435857165],[-118.49553155535952,34.427784175060161],[-118.49406921426367,34.427774642459781],[-118.49405360929296,34.427775580505489],[-118.49405630575167,34.428096634157882],[-118.49405752100012,34.428202092598461],[-118.4940340970418,34.428205323536346],[-118.4940335871888,34.428205394129449],[-118.49279748394872,34.428375501169157],[-118.49145427575135,34.428560332407024],[-118.49112667345645,34.428598901595407],[-118.49072558216969,34.428630370110064],[-118.49025834078802,34.428646467532843],[-118.48986279850894,34.42864291047384],[-118.48954386143345,34.428629143249296],[-118.48951877739643,34.428627462140177],[-118.4895156601215,34.428627252941816],[-118.4895156083613,34.428627146769564],[-118.48950063446057,34.428626088388299],[-118.48947340329929,34.428624138261029],[-118.48947340638838,34.428624108497935],[-118.48939350182995,34.428618298643805],[-118.48939351110791,34.42861821115752],[-118.48933346866109,34.428613796043415],[-118.48927255976295,34.428609126555301],[-118.48899614424793,34.428581080063751],[-118.48878871680895,34.428554844744447],[-118.48852176114777,34.428514438679564],[-118.48830514654372,34.428476074220015],[-118.48790180212004,34.428390993836551],[-118.4876039069884,34.428316414901708],[-118.48732159538291,34.428236184020285],[-118.48677173530359,34.42805181455298],[-118.48638353816662,34.4278977676464],[-118.48622070131756,34.427826588844241],[-118.4857742219036,34.427611807292237],[-118.48532782457363,34.427372812154587],[-118.48500993594124,34.427167426535874],[-118.48501026627044,34.427150912702714],[-118.48501558146381,34.426885668007387],[-118.48501605110724,34.426862250564348],[-118.48502345942957,34.426472929163751],[-118.48502910350315,34.426176364719325],[-118.48503194568559,34.426026967215499],[-118.48503552817199,34.425848695995256],[-118.48505076585157,34.425090303526268],[-118.48489179297854,34.424902598530913],[-118.48473259165885,34.424715335091321],[-118.48471043906787,34.424686597933082],[-118.4846878905669,34.424664045981309],[-118.48464588733174,34.424606157658346],[-118.48460570255399,34.424550774634049],[-118.48456650930677,34.424496761574865],[-118.48450004562136,34.424405164250992],[-118.48433750790187,34.424181158038209],[-118.48394925403026,34.423646073454577],[-118.48385813448868,34.423518859835951],[-118.48298552634407,34.423519326344625],[-118.48215653956292,34.423524198399768],[-118.48197113457667,34.423524807206952],[-118.48140247271542,34.423526856224427],[-118.48140290248196,34.423492790022031],[-118.48140331929741,34.423459683104085],[-118.48140392871869,34.423411335875329],[-118.4814045739205,34.423360144161769],[-118.48140495670722,34.42332980869692],[-118.48140538269433,34.423296030098697],[-118.48140549682334,34.423274929220739],[-118.48140454217008,34.423244906487042],[-118.48140279046498,34.423220412424222],[-118.48139881085123,34.423185784033627],[-118.48139249972459,34.423148318749959],[-118.48138239285578,34.423114250187048],[-118.48138479544185,34.42311376013415],[-118.48137391454487,34.423080167046557],[-118.48137543135074,34.423079830163822],[-118.48136543410226,34.423051361499475],[-118.48136610442366,34.423051200169191],[-118.48135451323613,34.423020262214358],[-118.48134331000189,34.422993577062243],[-118.48131704101809,34.422940140041845],[-118.48130032198567,34.422913828371016],[-118.48130174575877,34.422913206973263],[-118.4812711138036,34.422867039201655],[-118.48127183429152,34.422866710888925],[-118.48125871440054,34.422848349993451],[-118.48124443142048,34.422828277188479],[-118.48122548141346,34.422801644396671],[-118.48117334456205,34.422728371619918],[-118.48111761129418,34.422650043754565],[-118.48108772379402,34.422608039878419],[-118.48103847184177,34.422538821524455],[-118.48093938136851,34.422399557670161],[-118.48088482652885,34.422322885652903],[-118.48080164811218,34.422205985185897],[-118.48074532655195,34.422126829167759],[-118.48071703858872,34.422087073599805],[-118.48067216681906,34.422024008744877],[-118.48059665131306,34.421917876356964],[-118.48053855989619,34.421836232708038],[-118.48047466210397,34.421746428798173],[-118.48040748061297,34.421652008477906],[-118.48036067126748,34.42158622043231],[-118.48030502288309,34.421508009057263],[-118.48027985024518,34.421472630625324],[-118.48021654198647,34.421383653657593],[-118.48018680345994,34.421341857224391],[-118.48018025778154,34.421332656827957],[-118.48012090587358,34.421249241043625],[-118.48004850555476,34.421147483754837],[-118.47989200168588,34.420927524472326],[-118.47976715386623,34.420752052241554],[-118.47965754409041,34.420597998697076],[-118.47953429635615,34.42042477463842],[-118.47947435677057,34.420340529646083],[-118.47937847080404,34.420205763131634],[-118.4792081655507,34.419966397878618],[-118.47918222282043,34.419929935010302],[-118.47912714277282,34.420024476597838],[-118.47907544149504,34.420010047095353],[-118.47903563083533,34.420006769479315],[-118.47889140370725,34.420009056419914],[-118.47878693569488,34.420006034883684],[-118.47803091118332,34.420006267996051],[-118.47712898978818,34.420006728705339],[-118.47621214610129,34.420007239491774],[-118.47621003954806,34.42079898199956],[-118.47620700570467,34.421718160953354],[-118.47620219517653,34.422906984147644],[-118.47633505386533,34.422907308132039],[-118.47633584392106,34.423013502214808],[-118.47634657084164,34.423013488939418],[-118.47634665001148,34.423024479238428],[-118.47634870357884,34.423305953753633],[-118.47624841185805,34.423305299076119],[-118.47618210847959,34.423304866098498],[-118.47618360524972,34.423387418263097],[-118.47618377656016,34.42339683141595],[-118.47618318602883,34.423455102626335],[-118.47618319288479,34.423455730969124],[-118.47618324108247,34.42346016542902],[-118.47618621899296,34.42374318604638],[-118.47618701372264,34.42382815437297],[-118.47627377530725,34.423826899588029],[-118.47628134446126,34.424570516056448],[-118.47628722802665,34.425309673806524],[-118.47629311386213,34.42604882970906],[-118.47629898104702,34.426784896090496],[-118.4763000102763,34.426964879806128],[-118.47630208785269,34.427147253878999],[-118.47630334226184,34.427256834977477],[-118.47630150248236,34.427319049883195],[-118.47617727137201,34.427323354704171],[-118.47597913324256,34.427324604723488],[-118.47504087290535,34.427330522047747],[-118.47431208051125,34.427335113814578],[-118.47431017099558,34.427197727439356],[-118.4742902647784,34.427197841333253],[-118.47411289740913,34.4271988556347],[-118.47393459224388,34.42719987874991],[-118.47391807825747,34.427199973920224],[-118.47390147069103,34.427200066749251],[-118.47370916456482,34.427201146934024],[-118.47363831402893,34.427201556116451],[-118.47351766151293,34.427202252528275],[-118.47331707164591,34.427203365328353],[-118.47314035832247,34.427204411717042],[-118.47312059488623,34.427204570840324],[-118.47311014937118,34.427204611579874],[-118.47291914225499,34.427205686347349],[-118.47271934891272,34.427206822099663],[-118.47258087025972,34.427207608682338],[-118.47253782725646,34.427207969289391],[-118.47250963988638,34.427207996146898],[-118.4723363641636,34.427207050007809],[-118.47212329314634,34.427205900602502],[-118.4719351266603,34.427204846863695],[-118.4718853813397,34.427204573391066],[-118.47188526894344,34.427201825951748],[-118.47188102985803,34.427091927380417],[-118.47165144224066,34.427096310103266],[-118.47135301067478,34.427100767889016],[-118.47111679064326,34.427105147423418],[-118.47084652147723,34.427110950562522],[-118.4707135287464,34.427113496955073],[-118.47054229532829,34.427116774835511],[-118.47048923691416,34.427116843603507],[-118.47026953109747,34.427121185382902],[-118.47004571292068,34.427125569745364],[-118.46993577956164,34.427127658104361],[-118.46943145718043,34.427137235968999],[-118.46919404267875,34.427141672275873],[-118.46919349547525,34.42714168160466],[-118.46908665025686,34.427143468758487],[-118.46857258257781,34.427152071017915],[-118.46832783866299,34.427152711435788],[-118.46832114035168,34.427159556500264],[-118.46831150936011,34.427169397865796],[-118.4682859114571,34.427195557333661],[-118.46826758006402,34.427214340341074],[-118.46820379118351,34.427294219975728],[-118.4681492365051,34.427369750098485],[-118.46810545659089,34.427446146462735],[-118.46806240517461,34.427527316327357],[-118.46798995564635,34.427669967923102],[-118.46798019791228,34.42769270529439],[-118.46795757907937,34.427745468287895],[-118.46785935535814,34.427969797243094],[-118.46780876658588,34.428114257630199],[-118.46777465697205,34.428240791453881],[-118.46775206783268,34.428352168429662],[-118.46772368356775,34.428612276686053],[-118.46771457607085,34.428762077339158],[-118.46770886903693,34.428927656149185],[-118.46771131792831,34.429068475335463],[-118.46772361558088,34.429190708386834],[-118.46774115874571,34.429279454465686],[-118.46773929765241,34.42930259770862],[-118.46777460010213,34.429411032422472],[-118.46781335150108,34.429520796209374],[-118.46785873878389,34.429631910131576],[-118.46795784019311,34.429857212489118],[-118.46801148708613,34.429961754763625],[-118.46806338457559,34.43004984085244],[-118.46812023739426,34.430134119551326],[-118.4682605816476,34.4303228288097],[-118.4683474132045,34.430430703825877],[-118.46844921580967,34.430547784230505],[-118.46854428837334,34.430646337876695],[-118.46863097746349,34.430728767444954],[-118.46871924662516,34.430797483924266],[-118.46880747987662,34.430859988007981],[-118.46890400481811,34.430922816985593],[-118.46911700100294,34.431055622472606],[-118.46933157682146,34.431175335710591],[-118.46942302997448,34.43121999725409],[-118.46963743624437,34.431309488486477],[-118.47007616336701,34.431480576334671],[-118.4704833430399,34.431645244326361],[-118.47069274420623,34.431727197354533],[-118.47176969656138,34.432160284126269],[-118.47194053516615,34.432229327147674],[-118.47193727017627,34.43239527349089],[-118.47193925421354,34.432606389704212],[-118.47193997140955,34.432694170178252],[-118.47194023999124,34.432726783026176],[-118.47194336116763,34.433107849286031],[-118.47194476744353,34.433272684787909],[-118.47194671805904,34.433500745448761],[-118.4719495230413,34.433829074988978],[-118.47195365739108,34.434331891231324],[-118.4719334875918,34.434332067061469],[-118.47143545001082,34.434336259100007],[-118.47107556640972,34.434492161944078],[-118.47061173772185,34.434365526008392],[-118.47058443740229,34.434575735263131],[-118.47058243341456,34.43459080135554],[-118.47057426588466,34.434653896227083],[-118.47051457297042,34.434654540657391],[-118.47024536171702,34.434452570780721],[-118.47011603599921,34.434790511586606],[-118.47000825692227,34.434791671156901],[-118.46964254914978,34.434350875215216],[-118.46961860382181,34.434351070685551],[-118.46961568727968,34.434356965384914],[-118.46953768265851,34.434486225410005],[-118.46937551897966,34.434511803781177],[-118.46909108005703,34.434956026704526],[-118.46875008129119,34.43493319085907],[-118.46866278146942,34.435078699405814],[-118.46864663832261,34.435068402244063],[-118.46853553503236,34.434997660708795],[-118.46826394401839,34.435126706354787],[-118.46805591673829,34.435106185150623],[-118.46797345692256,34.435145276421331],[-118.46793856169349,34.435598975298767],[-118.46778280028958,34.43557212519287],[-118.46780986348401,34.435926441646686],[-118.4676502487695,34.435963576346367],[-118.46757582657312,34.435980921118087],[-118.46759230859533,34.437964959780103],[-118.46759223746915,34.437977292130476],[-118.46759031435566,34.438159976364553],[-118.46759017331513,34.438176135993679],[-118.46758799355112,34.438384430173159],[-118.46758574702662,34.438598859541713],[-118.4675836781656,34.438798033375534],[-118.467581841951,34.438971975996296],[-118.46757999157666,34.439150956437999],[-118.46757845221714,34.43929676285677],[-118.46757643291205,34.439492365515967],[-118.46757083840133,34.440026247177464],[-118.46756892925949,34.440211049032847],[-118.46755649057803,34.44155341690945],[-118.46626935630265,34.441552368802327],[-118.46569675089152,34.441551904895775],[-118.46553047943917,34.441551744234779],[-118.46487187001627,34.441551218742767],[-118.46318370118294,34.441549813967249],[-118.46318112391323,34.442023974288738],[-118.46316594405077,34.445129998872119],[-118.45927219047903,34.44513811532515],[-118.45880702728493,34.445142714119498],[-118.45445893357835,34.445181370357403],[-118.45445710924793,34.446166328418037],[-118.45445565391918,34.446971449158468],[-118.45445241786489,34.448772534372573],[-118.45387698774248,34.448775998128703],[-118.4522741252536,34.448785622725751],[-118.45054775369982,34.448795980524359],[-118.45009168261417,34.448798711706324],[-118.4500917498558,34.449259727895097],[-118.4500917759117,34.44948420566417],[-118.45008912616223,34.452405037347752],[-118.45008912031062,34.452410598919215],[-118.45008884935694,34.452458926537147],[-118.45005390457702,34.455837805830939],[-118.45005399327604,34.455960127110004],[-118.45005548863149,34.458028001345561],[-118.45005622778889,34.45907304208572],[-118.45005651101197,34.459475990390395],[-118.45005654266316,34.459519901159887],[-118.45335952011527,34.459510530282451],[-118.45439384386049,34.459507576829402],[-118.45439394761124,34.459507641351173],[-118.45439394544537,34.459507443923897],[-118.45877057408738,34.459495012428377],[-118.45877057299454,34.459494814095564],[-118.458770910244,34.459494983210085],[-118.45929336756916,34.459493088993483],[-118.45998833437309,34.459491253668112],[-118.4609702246899,34.459488626810746],[-118.4610098342352,34.459488476343942],[-118.46145370195094,34.459486762270551],[-118.46242275718332,34.458577884110625],[-118.46334678861997,34.45771120932897],[-118.46530688123455,34.455872360407426],[-118.46743339781247,34.453876950695609],[-118.46746189931768,34.453850239383904],[-118.467870528278,34.453466766349891],[-118.47208706323201,34.453921659155895],[-118.47208633157713,34.455897403950893],[-118.47994682817441,34.455998453516266],[-118.48100844829756,34.456015474810023],[-118.48094160143229,34.457691537781962],[-118.48082530207282,34.459619159066179],[-118.48460332806044,34.459665428874558],[-118.48505530601084,34.459670362092567],[-118.48512554984197,34.459671299274511],[-118.48567885837249,34.459678574720535],[-118.48572085572729,34.459679126956367],[-118.48590701897005,34.459672678591112],[-118.4858609670711,34.459703609754406],[-118.48569396516268,34.45981565002085],[-118.48548083266323,34.459955517409497],[-118.48519355449881,34.460143962476536],[-118.48517985905258,34.460152944209902],[-118.48507666936189,34.460220724660857],[-118.48503483720239,34.460248201095375],[-118.48503588258188,34.460273135115905],[-118.48505718627884,34.460700600060228],[-118.48507649397554,34.461167662872562],[-118.48511728157945,34.461619867288547],[-118.48515624853344,34.462188042195116],[-118.48516467422583,34.462397246116083],[-118.48520054354792,34.463281704504368],[-118.48520262711993,34.463317235488461],[-118.48521933495572,34.463764153022332],[-118.48525073128611,34.464539273304446],[-118.48526621738711,34.46493448467811],[-118.48530093355954,34.465800008992851],[-118.48533138943108,34.466598207618482],[-118.48532958023112,34.466924943684546],[-118.48531941821516,34.4682398799252],[-118.48440526276057,34.468235320868708],[-118.48089038038,34.468217744347534],[-118.48089036655681,34.468219120140127],[-118.4808839726244,34.469314737615647],[-118.48085460416809,34.473905351878763],[-118.48118765381076,34.473907084545907],[-118.48128586885143,34.473907602073261],[-118.48527476785632,34.473931617489868],[-118.48528892859449,34.472097574606785],[-118.48585379162878,34.47210512432418],[-118.48825422237212,34.472133765221045],[-118.48971074626149,34.472151121529741],[-118.48970731859694,34.472521630795406],[-118.48970587776303,34.472677332101135],[-118.48970515872976,34.472748108876246],[-118.48973118846961,34.472760805605752],[-118.48980108798885,34.472798652040609],[-118.48993430405645,34.472882953046899],[-118.49003427754336,34.472956400253985],[-118.49011596617878,34.473023734903471],[-118.49020271977025,34.473106165931554],[-118.49029454036591,34.47320403049207],[-118.49041311218578,34.473336824038768],[-118.49050658634238,34.473433308724502],[-118.49065842942655,34.473581424335208],[-118.49076697963861,34.473702577799848],[-118.49082553099423,34.473784778029142],[-118.49085236428597,34.473833788586575],[-118.49089602533503,34.473923261255464],[-118.49096504932363,34.474093694372428],[-118.49098858008897,34.474145121742517],[-118.49105733807443,34.474270214230081],[-118.49111643326617,34.474366242520489],[-118.49114779504033,34.474417203634125],[-118.49126325153701,34.47458401203896],[-118.49133513680135,34.474676463463993],[-118.49139947786031,34.474751711704329],[-118.49141138893417,34.474767122049833],[-118.49142265450109,34.47478106280591],[-118.49143421612111,34.474794810335965],[-118.49144604255002,34.474808419759881],[-118.49145816628575,34.474821863899955],[-118.49147052074392,34.47483511237369],[-118.49148914432125,34.474852017317296],[-118.49157978457229,34.47480675215418],[-118.4917264953685,34.474736745318964],[-118.49293104071397,34.474162446297598],[-118.49411690694218,34.473596261054141],[-118.49411198324039,34.474052373444991],[-118.498337307548,34.4741100322466],[-118.49831849765076,34.475967453504197],[-118.49829888165679,34.477823476805597],[-118.49913585915039,34.477838860973215],[-118.50252858215667,34.477897461541687],[-118.50249282500224,34.481624641659444],[-118.50249605654304,34.482392569434516],[-118.50250843799826,34.485300923855519],[-118.49915024933152,34.485229897952152],[-118.49824266488737,34.485211889661805],[-118.49822485707868,34.488884083125249],[-118.49392490323842,34.48879217982212],[-118.49389854284006,34.490646825586659]]]},"properties":{"OBJECTID":4,"District":4,"DistrictName":"CITY OF SANTA CLARITA 4TH COUNCIL","Shape_Leng":131718.161433,"GlobalID":"{080AF498-AB86-464B-A19C-7A56DEA1AB19}","Shape.STArea()":328732032.97173744,"Shape.STLength()":131718.16143276088}},{"type":"Feature","id":5,"geometry":{"type":"Polygon","coordinates":[[[-118.38801331825647,34.460346550189584],[-118.3910446734658,34.460371603730877],[-118.39246872160298,34.460383346844097],[-118.39241979743147,34.458881890137647],[-118.39238805953021,34.457896391409108],[-118.39238328464253,34.457706058856715],[-118.39237774057827,34.45752733417536],[-118.39237159768192,34.457343244623594],[-118.39236583967111,34.457170150679403],[-118.39235992298207,34.456991556113756],[-118.39235899682822,34.45696408229707],[-118.39235392910977,34.45681158966741],[-118.39240369647929,34.456812417724429],[-118.39266658157078,34.456816927851349],[-118.39269902308739,34.456478972935621],[-118.39271742648479,34.456287272571103],[-118.3927255228751,34.456202834367716],[-118.39274968141692,34.455951380930252],[-118.39276868585765,34.455753558121046],[-118.39281509382127,34.455753900138035],[-118.39294613183097,34.455754848012589],[-118.39302741645366,34.455756183183233],[-118.39304781818016,34.455763671018765],[-118.39327857305334,34.455848409108611],[-118.39337374841843,34.455883138558512],[-118.3936162914347,34.455971680111986],[-118.39377154499307,34.456028389280668],[-118.39385901295486,34.456061495365056],[-118.39407006622119,34.456138959250126],[-118.39419764125977,34.45596188478472],[-118.39425429461241,34.455883275783364],[-118.39431364977867,34.455800891385209],[-118.39421416981122,34.455753319041882],[-118.39393784558139,34.45562111188358],[-118.39394090978969,34.455399924295918],[-118.39394258737227,34.455277638993735],[-118.3941730987337,34.455241829958453],[-118.39409746975096,34.455017932822706],[-118.39405759743204,34.454899791550865],[-118.3936129786028,34.45498312050367],[-118.39357254324229,34.454990698290949],[-118.39338266013057,34.454988704075078],[-118.39314711445866,34.454986251683209],[-118.39294561595361,34.45498412943536],[-118.39290335023422,34.454984159010841],[-118.39275452991293,34.454982523986587],[-118.39265288300648,34.454981394262326],[-118.39238583401485,34.454978909802065],[-118.39226875273384,34.4547371726796],[-118.39243402900817,34.454605482876659],[-118.39272938275181,34.45437015851693],[-118.39294505935587,34.454198322947377],[-118.39297489611293,34.454174125736024],[-118.39306526335643,34.45413231490987],[-118.39331410819948,34.454023709996378],[-118.3935098839881,34.453938526224924],[-118.39353862096537,34.453926007248327],[-118.3938795418733,34.454075599904144],[-118.39393956276317,34.453991958584858],[-118.39397277514867,34.453945677117105],[-118.39415623673513,34.453683927134989],[-118.39393119411537,34.453536382437854],[-118.39371889790853,34.453397177488455],[-118.39353648787637,34.453277575472725],[-118.39715729064376,34.453368880337628],[-118.39732954188693,34.453373233384951],[-118.397359971645,34.449677662692793],[-118.39722710887625,34.449674555606308],[-118.39649840021164,34.449657511016895],[-118.39622391278124,34.449650768081234],[-118.39569319282042,34.449638893156767],[-118.39562273379661,34.449637339680791],[-118.39558449756252,34.449520572871769],[-118.39555514983066,34.449432543993893],[-118.39551016111814,34.449297687435816],[-118.39548812016869,34.449230735934044],[-118.39546382910078,34.449158824331498],[-118.39544838021061,34.449112570298951],[-118.39542412216211,34.449039805733101],[-118.39536927550986,34.448874972017094],[-118.39530671259493,34.448686838128609],[-118.39524456214191,34.44850002270266],[-118.39518839887305,34.448331177774847],[-118.39512745189357,34.448146973704759],[-118.39507237488324,34.447982195591251],[-118.39501984343688,34.447824284232233],[-118.39496681447844,34.447664915793304],[-118.39491471167423,34.447505516368174],[-118.39484994591528,34.44731345602623],[-118.39478591812731,34.447120903716161],[-118.39475848684755,34.44703849935717],[-118.39471235625402,34.446956293757523],[-118.39461896186054,34.446789913642675],[-118.39460802286889,34.446770387819257],[-118.39459677289891,34.446749996635752],[-118.39467464723317,34.446719249999141],[-118.39471845155445,34.446701933357211],[-118.39491324938245,34.446623510069742],[-118.39510887522512,34.446545136060294],[-118.39530453864592,34.446466731860944],[-118.39550015694438,34.446388298642496],[-118.39569578157501,34.446309901147579],[-118.39589140689121,34.446231496121136],[-118.39616826671119,34.44612007838289],[-118.39621760020776,34.446100124198232],[-118.39630503584297,34.446065083753624],[-118.39644108953293,34.446133690196376],[-118.39662544869975,34.446225334062667],[-118.39674384663091,34.446284630981189],[-118.39680688929012,34.446316219992205],[-118.39698686732454,34.446406800310001],[-118.39716521017158,34.44649601899421],[-118.39734458371498,34.446584958173439],[-118.39736623147024,34.446595799401358],[-118.3974076234358,34.446616519836851],[-118.3974713010989,34.446648348935334],[-118.39748458097881,34.446659321229561],[-118.39760936240609,34.44676209793046],[-118.39764423060979,34.446790810993406],[-118.39766793760286,34.446810353299213],[-118.39767949720553,34.446827514805861],[-118.39772078694801,34.446888766464483],[-118.39779263909853,34.446995398310307],[-118.39782234317778,34.447039706694135],[-118.39783964370541,34.447065149750948],[-118.39793374969904,34.447204815436962],[-118.39805297767927,34.447381720183429],[-118.39810292439401,34.447455826177269],[-118.39808121480893,34.447473321278125],[-118.39794917713365,34.447579741890401],[-118.39792724095263,34.447597427929352],[-118.39782791052761,34.447831016459162],[-118.39780640239478,34.447917593300545],[-118.39777831537513,34.448037130009858],[-118.39772208812526,34.448105848646442],[-118.39746351155581,34.448421931267276],[-118.39738724829095,34.448449470373966],[-118.39733609268694,34.448468213928351],[-118.39731500115431,34.448475973946778],[-118.39736626744778,34.448910983644623],[-118.39738535000379,34.449072854878878],[-118.39789633300768,34.449176041790608],[-118.39894101167347,34.448996913252699],[-118.3990401985818,34.448956743076167],[-118.39956916469934,34.448742481927006],[-118.39962087681634,34.448722532054845],[-118.39962774946351,34.448736873499691],[-118.39963967789488,34.448761812006808],[-118.39967363043732,34.448834327443642],[-118.3997525306204,34.448997754750195],[-118.39978245141837,34.449088423126405],[-118.39983566454514,34.449249133052007],[-118.39985229235386,34.44929856685296],[-118.39986481522797,34.449412589879501],[-118.39987733119712,34.449518369335465],[-118.39988816195918,34.449611788956382],[-118.40004490484087,34.449607892452512],[-118.40011177750073,34.449605930204093],[-118.40034250594353,34.449599159564499],[-118.40044196837928,34.449596359364456],[-118.40045865483842,34.449595895901595],[-118.40054074303852,34.449593563156206],[-118.40065815304062,34.44959116511594],[-118.40074641200071,34.449589337447627],[-118.40095203842272,34.449583739402009],[-118.4011435759918,34.449578135297351],[-118.40147358171669,34.449569707205029],[-118.40177211133272,34.449561300402117],[-118.40208579980532,34.449553416006239],[-118.40218311550755,34.449550952353761],[-118.4026004827688,34.449541513982624],[-118.40283102246386,34.449535393746935],[-118.40282764796875,34.449516772123467],[-118.40277252648124,34.449221945571075],[-118.40259358681743,34.448265346883893],[-118.4025753220085,34.44816505544425],[-118.4025111865965,34.447824395105499],[-118.40244352961444,34.447463134718603],[-118.40240293816869,34.447246077164287],[-118.40245482823292,34.447158800102031],[-118.4025082942233,34.447068875403353],[-118.40259008659483,34.446931373993664],[-118.40270162514543,34.446743355718134],[-118.40280371739787,34.446571327586994],[-118.40289975521077,34.446409158773733],[-118.40297850874518,34.44638988125989],[-118.40346963508867,34.446668475431977],[-118.40350070633238,34.446659251324682],[-118.40417009143999,34.446460632228629],[-118.40437659073945,34.446294443935777],[-118.40449749076342,34.446197150760206],[-118.40470296641172,34.446031755057803],[-118.40497802329001,34.445810376131774],[-118.40548526530301,34.446536841925393],[-118.40620675709883,34.446655936923577],[-118.406234106041,34.446660050099389],[-118.40624553604491,34.445780776135798],[-118.41507878646874,34.445567870319145],[-118.41509070447486,34.445018335627516],[-118.41511368474887,34.443919278117825],[-118.41512685676925,34.443319057694886],[-118.41513355367266,34.443013920607228],[-118.41515656546369,34.441914861018752],[-118.41517084129055,34.441266391285644],[-118.41519543282145,34.440100252220027],[-118.41528283376954,34.440099294067643],[-118.41878454897017,34.440070627869652],[-118.41881064034798,34.44011362649875],[-118.42389400804961,34.440049244154899],[-118.42389447510605,34.440022568907871],[-118.42391090517035,34.439102089185319],[-118.42581285899728,34.439081457703836],[-118.4265656662519,34.439072660259825],[-118.42723311024746,34.439066661428178],[-118.42825455025283,34.43905490673221],[-118.42826003889729,34.438767781023934],[-118.4282601358735,34.438761881958769],[-118.42826109886981,34.438702845353014],[-118.42827012604197,34.438149528960494],[-118.42826953589925,34.438118562522192],[-118.42825840016982,34.437295042519715],[-118.42858548193006,34.437401791848075],[-118.43019518259503,34.437927166397614],[-118.43036216796463,34.437981664082258],[-118.43038809163029,34.437990124954752],[-118.43048371515629,34.438021332099886],[-118.43052093196965,34.438033480706984],[-118.4312420715875,34.438116107999853],[-118.43164886306849,34.438162716628412],[-118.43181926260324,34.438182238753086],[-118.43186319543905,34.438110002186527],[-118.4318809971592,34.438109789163065],[-118.43188187196806,34.438109780639763],[-118.4320504787738,34.438108225593375],[-118.43206495156345,34.438108154218448],[-118.43206903001877,34.438108394827275],[-118.43224211879004,34.43810725538652],[-118.43227208718324,34.438107108043319],[-118.43256979188281,34.438105648473631],[-118.43259881149832,34.438105514349424],[-118.43259572274793,34.438341262468121],[-118.43259340071145,34.43851974523978],[-118.43259280656453,34.438565197193483],[-118.43258678110436,34.439026806669411],[-118.43258623134425,34.439068026672039],[-118.43258072789396,34.439489790163634],[-118.43257902247403,34.439614796354448],[-118.4325744171968,34.439954121449155],[-118.43257346523495,34.440045491497926],[-118.43257188184013,34.440168436346717],[-118.43256867431768,34.440412981100579],[-118.43256471984725,34.440717982536754],[-118.43256299082448,34.440851233309573],[-118.43256264736144,34.440874563474381],[-118.43256077657838,34.441018861221004],[-118.43255778454406,34.441253787649835],[-118.43255769460818,34.441262031577686],[-118.43255697391807,34.441340321369331],[-118.43255467186076,34.441503827784388],[-118.43255163267244,34.441755241586897],[-118.43255088059291,34.441801930994693],[-118.4325394244908,34.442655076940142],[-118.43253489321035,34.443034271937051],[-118.43253034747605,34.443410692060432],[-118.43252725967443,34.443601652892006],[-118.43252498159018,34.443795358702928],[-118.43252044304595,34.444173179759879],[-118.4325150751195,34.444550976716968],[-118.43251511362232,34.444583951000794],[-118.4325082321559,34.445085407416713],[-118.43250366198352,34.445421548041168],[-118.4324951241981,34.446443699781838],[-118.43263047789651,34.446494420622436],[-118.43347712185239,34.446836247299593],[-118.43346667052448,34.447848738761351],[-118.43346357262328,34.448175566698495],[-118.43345709932251,34.44885850708318],[-118.43355576353265,34.448899647565213],[-118.43399300444125,34.449081998667076],[-118.43411663803316,34.449134123794806],[-118.43411041749111,34.4493401594966],[-118.43414093030789,34.449340126957701],[-118.43413645766022,34.449767437278247],[-118.43423748750267,34.449767766336379],[-118.43515057273983,34.449770729319056],[-118.43515136515141,34.449697870118577],[-118.43515357416717,34.449494584893955],[-118.43515947253191,34.448877748552256],[-118.43664875242058,34.448876520133084],[-118.4366470280368,34.44928504812664],[-118.43664614943928,34.449493344728232],[-118.43664481375326,34.449776352883511],[-118.43628742619345,34.449775275521731],[-118.43628362131497,34.450752076849675],[-118.43685589991892,34.450748892741117],[-118.43685206157832,34.45118929472568],[-118.43685559534688,34.45254988029513],[-118.43695805947142,34.452548502550023],[-118.44126923093746,34.452501028624098],[-118.4412796516495,34.456076095296581],[-118.44212981320331,34.456064888748237],[-118.44235105050339,34.456061956661586],[-118.44271679895191,34.456057126707208],[-118.44307862304055,34.456052354154373],[-118.44314228005355,34.456051514074595],[-118.44348052315382,34.456047051817414],[-118.44348248316385,34.456735232167752],[-118.44348403089435,34.45727918612311],[-118.44348501802359,34.457626345958758],[-118.44348594896393,34.457956416565665],[-118.44348673202236,34.45822705065698],[-118.44348769969675,34.458573414487077],[-118.44348913966023,34.459075260046575],[-118.44349072906559,34.459636625023585],[-118.44377418313211,34.459631533711566],[-118.44520762259673,34.459605711295929],[-118.44529716702168,34.459604096267242],[-118.4454298278206,34.459601707174805],[-118.44714780040658,34.45957071154578],[-118.44714775269196,34.459570744176716],[-118.44714826745951,34.459570735067658],[-118.44716470300629,34.459570441911758],[-118.44729668689666,34.459568085727504],[-118.44811591299704,34.459553457959672],[-118.44949929804615,34.459528745120359],[-118.45001594681202,34.459520015647698],[-118.45005654375157,34.459519901155865],[-118.45005651101197,34.459475990390395],[-118.450056227784,34.459073041184226],[-118.45005548862663,34.458028000444074],[-118.45005399327604,34.455960127110004],[-118.45005390457702,34.455837805830939],[-118.45008885044528,34.452458926533097],[-118.45008912139888,34.452410598915144],[-118.45008912615737,34.452405036446201],[-118.45009177590678,34.449484204762676],[-118.4500917498558,34.449259727895097],[-118.45009168261417,34.448798711706324],[-118.45054775478322,34.448795979618794],[-118.4522741252536,34.448785622725751],[-118.45387698883067,34.448775998124624],[-118.45445242003642,34.448772533462879],[-118.45445565500739,34.446971449154411],[-118.45445710924302,34.446166327516544],[-118.45445893466653,34.445181370353325],[-118.45880702728493,34.445142714119498],[-118.45927219047903,34.44513811532515],[-118.46316594513895,34.445129998867976],[-118.4631811239082,34.442023973387222],[-118.46318370118294,34.441549813967249],[-118.46487187110442,34.441551218738589],[-118.46553047943414,34.441551743333243],[-118.46569675197965,34.441551904891618],[-118.46626935630265,34.441552368802327],[-118.4675564916611,34.441553416003728],[-118.46756892925949,34.440211049032847],[-118.46757083948944,34.440026247173293],[-118.46757643290699,34.439492364614509],[-118.46757845221211,34.439296761955234],[-118.46757999157666,34.439150956437999],[-118.46758184194596,34.438971975094773],[-118.46758367816054,34.438798032474011],[-118.46758574702156,34.438598858640198],[-118.46758799355112,34.438384430173159],[-118.46759017331513,34.438176135993679],[-118.46759031435566,34.438159976364553],[-118.46759223746409,34.43797729122894],[-118.46759230859533,34.437964959780103],[-118.46757582657312,34.435980921118087],[-118.4676502487695,34.435963576346367],[-118.46780986457206,34.435926441642501],[-118.46778280137764,34.435572125188656],[-118.46793856278154,34.435598975294546],[-118.46797345691751,34.43514527551983],[-118.4680559178264,34.435106185146417],[-118.46826394510136,34.435126705449058],[-118.46853553612044,34.434997660704582],[-118.46864663831752,34.435068401342569],[-118.46866278146436,34.435078698504341],[-118.46875008237924,34.434933190854863],[-118.46909108005703,34.434956026704526],[-118.46937552006771,34.43451180377695],[-118.46953768374655,34.434486225405777],[-118.46961568727968,34.434356965384914],[-118.46961860490984,34.434351070681366],[-118.46964255023784,34.434350875210988],[-118.47000825692227,34.434791671156901],[-118.47011603708731,34.43479051158242],[-118.47024536171702,34.434452570780721],[-118.47051457405335,34.434654539751698],[-118.47057426697272,34.434653896222862],[-118.47058243341456,34.43459080135554],[-118.47058443848526,34.434575734357409],[-118.47061173880996,34.434365526004186],[-118.47107556640464,34.434492161042506],[-118.4714354500057,34.434336258198535],[-118.47193348758668,34.434332066159939],[-118.47195365738597,34.434331890329808],[-118.47194952412424,34.433829074083221],[-118.47194671805393,34.433500744547231],[-118.47194476743842,34.433272683886415],[-118.4719433611625,34.433107848384552],[-118.47194023998613,34.432726782124625],[-118.47193997140955,34.432694170178252],[-118.47193925420842,34.432606388802647],[-118.47193727017118,34.432395272589389],[-118.47194053625417,34.432229327143439],[-118.47176969656138,34.432160284126269],[-118.47069274420623,34.431727197354533],[-118.47048334303481,34.431645243424832],[-118.47007616336192,34.431480575433106],[-118.46963743623928,34.431309487584912],[-118.4694230310625,34.431219997249897],[-118.46933157682146,34.431175335710591],[-118.46911700099785,34.431055621571119],[-118.46890400481304,34.430922816084056],[-118.46880747987159,34.430859987106423],[-118.46871924662516,34.430797483924266],[-118.46863097746349,34.430728767444954],[-118.46854428836828,34.430646336975229],[-118.46844921580461,34.430547783329047],[-118.4683474132045,34.430430703825877],[-118.46826058164254,34.430322827908149],[-118.46812023739426,34.430134119551326],[-118.4680633856585,34.430049839946733],[-118.46801148816904,34.42996175385791],[-118.46795784018806,34.429857211587596],[-118.46785873987186,34.42963191012737],[-118.46781335149601,34.429520795307845],[-118.46777460010213,34.429411032422472],[-118.46773929873532,34.429302596802877],[-118.46774115874065,34.429279453564192],[-118.46772361558088,34.429190708386834],[-118.46771131901629,34.42906847533127],[-118.46770886903693,34.428927656149185],[-118.46771457607085,34.428762077339158],[-118.46772368356775,34.428612276686053],[-118.46775206892063,34.428352168425448],[-118.46777465697205,34.428240791453881],[-118.46780876658588,34.428114257630199],[-118.46785935535308,34.427969796341557],[-118.46795757907937,34.427745468287895],[-118.46775492181915,34.427679942967991],[-118.46763401552489,34.427650292472187],[-118.46761710976389,34.427646123136824],[-118.46754905150533,34.427631959123353],[-118.46750961941677,34.427626135731501],[-118.46740906016036,34.427611285512107],[-118.46736213361032,34.427605389977508],[-118.46729350555623,34.427596891453256],[-118.46717903987367,34.427586341739733],[-118.46707619338841,34.427579183828286],[-118.46697833253447,34.427572687295438],[-118.46662020188171,34.427576123622543],[-118.46635488141187,34.427571650875159],[-118.46599192439248,34.427572358730828],[-118.4629939516783,34.42757903217057],[-118.46299343903597,34.427179520275182],[-118.46299295658882,34.426803446333672],[-118.45879305056367,34.42680703552989],[-118.45872649821092,34.426807508999268],[-118.45872644411413,34.426788796968864],[-118.45872423129846,34.426024708565706],[-118.45872132483522,34.425738963084562],[-118.45871925269785,34.4254545712515],[-118.45871735643991,34.425303456105205],[-118.45871528849256,34.425025944754736],[-118.45871241305927,34.424755304338028],[-118.45871240373084,34.424744325493592],[-118.45871468347154,34.42460968270197],[-118.45871092575669,34.424307438736811],[-118.45870718209453,34.424010704887955],[-118.45870361710269,34.423645261750494],[-118.45870326918902,34.423609545192306],[-118.45869992340437,34.423590313700572],[-118.45832523010534,34.423590695972187],[-118.45797669718175,34.423591047737276],[-118.45732207395523,34.423593337230848],[-118.45697901909352,34.423594536357697],[-118.45577869580303,34.423598724275493],[-118.45577432839546,34.422762185776435],[-118.45577413354385,34.422724984712637],[-118.45577362665961,34.422373277507276],[-118.45577336743446,34.422196068467116],[-118.45577322076421,34.422096492793273],[-118.45577320696161,34.42208740898927],[-118.45577298977048,34.421939156156405],[-118.45524556024367,34.421795358772144],[-118.45486523051994,34.421691664942557],[-118.45456502922053,34.421609820354945],[-118.4544710483778,34.421584198420312],[-118.45430686042654,34.421539437475509],[-118.45418743977002,34.421506580228971],[-118.4535176652988,34.42132384181474],[-118.45341704215711,34.421296386740309],[-118.45339311618571,34.421289858916197],[-118.45326949383001,34.42125983016065],[-118.45317003123142,34.421227899838549],[-118.45315683094123,34.421247964108005],[-118.45303178172412,34.421424625192678],[-118.45289017944752,34.421605495005529],[-118.45277158339997,34.421748472954015],[-118.45270565323563,34.421820850756426],[-118.45249293815115,34.42203460477613],[-118.45227357570339,34.42224632319661],[-118.45207889270725,34.422423957807197],[-118.45197001339157,34.422524990042696],[-118.45161048667192,34.422852923251099],[-118.45141848966837,34.423028048634123],[-118.45117973832052,34.423245816168709],[-118.45078705764617,34.423604415973131],[-118.45077794984697,34.423612734012551],[-118.45064683538439,34.423732467944738],[-118.45028228194279,34.424067076356984],[-118.45015287115153,34.424185856811938],[-118.4499325958936,34.424388035187192],[-118.44971350283579,34.424589127834267],[-118.44941484041817,34.424863249725156],[-118.44912866382268,34.425125910324468],[-118.44877258690654,34.425452722339195],[-118.44846222852594,34.425736011338678],[-118.4478762663538,34.426270859857176],[-118.44758512675934,34.426536598489356],[-118.44729937593785,34.426797417608945],[-118.44700901760184,34.427062437940506],[-118.44683229487853,34.427223739556155],[-118.44623893101875,34.427765314707038],[-118.44623239261739,34.427771283469013],[-118.44616395427491,34.427833761729872],[-118.44486042764697,34.429026647110923],[-118.44425079059212,34.429584288689064],[-118.44398096638932,34.429831097525366],[-118.44326973568984,34.430481648233012],[-118.44312614361469,34.430606846723371],[-118.44301393826042,34.430710299945488],[-118.44289018489474,34.430824101546854],[-118.44288186477951,34.430831887809603],[-118.44277359267564,34.430933206040784],[-118.44241994241014,34.431264103937437],[-118.44194646575681,34.431719913815662],[-118.44171057272294,34.431951957514812],[-118.44140031142602,34.432230621863418],[-118.44131113313981,34.432299284292583],[-118.44122686084195,34.432355234329513],[-118.44117396464536,34.432386342967824],[-118.44089782130916,34.432531608351148],[-118.44080850502026,34.432575568912192],[-118.4406414377174,34.432653118968084],[-118.44056950154858,34.432671945499131],[-118.44056571654689,34.432426211348194],[-118.44054541867115,34.430858323971421],[-118.44054518819215,34.43084025718958],[-118.44125189658736,34.430838317066758],[-118.44125181485479,34.430832542144785],[-118.44124274917027,34.43006276162626],[-118.44124030357797,34.429716552142949],[-118.44123609445128,34.429541442883654],[-118.4412218419488,34.428415621622413],[-118.44120768927691,34.42723442775457],[-118.44120772192058,34.427234428537311],[-118.44120762125601,34.427228775389764],[-118.44120683405494,34.427162939294682],[-118.44120352670444,34.426885887677777],[-118.44119900278545,34.426507738053054],[-118.44119925162677,34.426507885900946],[-118.44119973907549,34.426508508890464],[-118.44119898623279,34.42650666709195],[-118.44119762709835,34.426393241142002],[-118.44118258690528,34.425137198750896],[-118.4411780787956,34.424760765544548],[-118.44117444371608,34.424601943041424],[-118.44117367763302,34.424568430429495],[-118.44117340255488,34.42433491629901],[-118.44117169022336,34.424218263227104],[-118.44116977201337,34.424087592962934],[-118.44116256211667,34.423634231807966],[-118.44116366744419,34.423634228689522],[-118.44120567366475,34.423634206630247],[-118.44166656514361,34.423633796012489],[-118.4418456121748,34.4236308847115],[-118.44217055250498,34.423630613011063],[-118.44248226142648,34.423630356251522],[-118.44276076871814,34.423630105390323],[-118.44312221882579,34.423629775402169],[-118.44335466971937,34.423629585937483],[-118.44376214481549,34.423629219238983],[-118.44440212348115,34.42362589179929],[-118.44487967446084,34.423625465635311],[-118.44503544672699,34.423625326062449],[-118.44554276567072,34.423624866503054],[-118.44566546149662,34.423624747537723],[-118.44597831776052,34.423623797822451],[-118.44629523327518,34.423621456625256],[-118.44629877231316,34.423621452619493],[-118.44632837925137,34.423621418510976],[-118.44678142453756,34.423621008313106],[-118.44697829450767,34.423620829359528],[-118.44722366123719,34.423620610129326],[-118.44772445473018,34.423620148374582],[-118.44773429506243,34.423620137296105],[-118.4477378275534,34.423620129666425],[-118.44773679005236,34.422853529779104],[-118.44773590617139,34.422183105792925],[-118.44773563502538,34.421990782630161],[-118.44773557134076,34.421935824474794],[-118.4477355415932,34.42190559796564],[-118.447735492891,34.421878119400816],[-118.44773545255805,34.421839649307195],[-118.44773523042896,34.421669398207051],[-118.44773487118012,34.421408263103416],[-118.44773458240149,34.421191204617323],[-118.44773262272886,34.421005742937069],[-118.44773079068024,34.420831272282093],[-118.44773040247115,34.42054551818935],[-118.44772984487787,34.420132515937773],[-118.4477297455018,34.420059177438148],[-118.44730202923533,34.420059566362667],[-118.44722907612064,34.420056884650762],[-118.446960499018,34.420057132664027],[-118.44683425102517,34.420057248915228],[-118.44678477072513,34.420057291445531],[-118.44672177349669,34.420057354889245],[-118.4467018771588,34.420057372269227],[-118.44669524543615,34.420057383169109],[-118.44668861254831,34.420057379648362],[-118.44664551166247,34.420057426576065],[-118.44644657982606,34.420057599086618],[-118.44624763066021,34.420057785759191],[-118.44620452970148,34.42005781900744],[-118.44604869889936,34.420057972041434],[-118.44604206709938,34.420057968481281],[-118.44597243698682,34.42005802888081],[-118.44565410111969,34.420058324416061],[-118.44555421256956,34.420058412803911],[-118.44555439187005,34.419863327478033],[-118.44555733680079,34.419577574667493],[-118.44554059222895,34.419453938543988],[-118.44550036307314,34.41911051633145],[-118.44550358838497,34.419044565409756],[-118.44550310588234,34.418673641959458],[-118.44550323361155,34.418593378845365],[-118.44552921599677,34.418592909274274],[-118.44561887446973,34.418587911769734],[-118.44576954406182,34.418579669851837],[-118.44587563671161,34.41857685838044],[-118.44602823676649,34.418591081576103],[-118.44610452213369,34.418594233168925],[-118.4461874163058,34.418593928263988],[-118.44627027368897,34.418586756455198],[-118.44635308863501,34.41857166747657],[-118.44640771235181,34.418555339815846],[-118.44655992778438,34.41849740048842],[-118.44661123697982,34.418480724325065],[-118.44669900605868,34.418462212676324],[-118.44679177885953,34.418449501031446],[-118.44696580840407,34.418439931065308],[-118.44722941572226,34.418438959383366],[-118.44723646998224,34.418209484906995],[-118.4472410396954,34.418134235962498],[-118.44727228843102,34.417778626115521],[-118.44727670462255,34.417674187870887],[-118.44727777651238,34.417639810236011],[-118.44727048906093,34.417504693579808],[-118.44723160603375,34.417333726733872],[-118.44722320859886,34.417282814723379],[-118.44722126115586,34.41722888133004],[-118.44722430872558,34.417178721370455],[-118.44724230388,34.417133314174706],[-118.44727850236671,34.417082700205384],[-118.44732801877792,34.417029950057497],[-118.44735100019459,34.416999669322777],[-118.44739570231951,34.416919895393896],[-118.44740684276866,34.416901828130413],[-118.44741839526023,34.416891208720493],[-118.44745452736842,34.416827871594094],[-118.44746716528958,34.416710685966962],[-118.4474668119101,34.41664489963722],[-118.44746634976173,34.416558864355366],[-118.44746467720388,34.416512184592264],[-118.44745941619126,34.416448961397151],[-118.4461143377806,34.416447704590055],[-118.44590402395426,34.41644750700636],[-118.44567696917031,34.416460703357323],[-118.44550923963183,34.416472633808354],[-118.44545717635238,34.416476264381707],[-118.44504255671016,34.416476271852481],[-118.44504277669203,34.41651439330424],[-118.44492134697047,34.416530447053056],[-118.44467123276195,34.41657257969424],[-118.44429289499972,34.416644891621758],[-118.44418927994576,34.416664698276016],[-118.44412035879144,34.4166790614658],[-118.44392597309853,34.416719570384302],[-118.44367263187011,34.416778563339953],[-118.44362838807844,34.416789196487066],[-118.44355977420695,34.416776111940393],[-118.44330855299152,34.416727623643325],[-118.44330583494532,34.416515937227821],[-118.44330549080995,34.416488678809742],[-118.4432456872445,34.416515992067218],[-118.44286910381537,34.416688065876038],[-118.44240193492385,34.4165195269332],[-118.44220168943409,34.416447284313954],[-118.44208639727213,34.41640601497042],[-118.44235994792743,34.416222790594659],[-118.44256642448136,34.416079479644658],[-118.44274641610862,34.415945221758797],[-118.44290325221489,34.415820305108973],[-118.44318382691137,34.415582961177854],[-118.4433108436309,34.415463651403087],[-118.44343948586408,34.415337108855027],[-118.4437330064456,34.415041682766301],[-118.44390777214846,34.414858994724042],[-118.44402645011118,34.414730787717552],[-118.4440768743202,34.41467352970183],[-118.44412202273236,34.414622225781031],[-118.44420271859393,34.414521303759258],[-118.44435209244777,34.414318609258885],[-118.44436566909935,34.414300185355486],[-118.44449895916021,34.41411385834347],[-118.44461734874146,34.413931376754569],[-118.44472581052504,34.413752369899889],[-118.44484936101598,34.41353856969647],[-118.44492949430868,34.413399889391371],[-118.44504114632039,34.413197869703666],[-118.44510185816991,34.413080506994511],[-118.44516746755383,34.412948366362599],[-118.4453068083467,34.412654187343605],[-118.44538853370457,34.412435761090798],[-118.44556957939554,34.411881400921679],[-118.44569525102661,34.411511348946753],[-118.44582277261625,34.411149571521506],[-118.4459663226941,34.410742319327348],[-118.44610680798577,34.410352288509095],[-118.44617193987409,34.410132907588775],[-118.44621333833392,34.410124868662358],[-118.44634414347156,34.41009517402194],[-118.44642218443676,34.410074392208642],[-118.44672125102726,34.410052883876951],[-118.44730625100021,34.409998883166118],[-118.44780625124788,34.409951883792182],[-118.44832625171944,34.409901883846139],[-118.44941525117895,34.409797883110471],[-118.4496812518352,34.409782883678886],[-118.45195925190079,34.409661882811861],[-118.4537712519119,34.409537882974043],[-118.45516803851365,34.409456459233567],[-118.45577825255997,34.409420882881072],[-118.4568638485293,34.409362517769893],[-118.45731932440737,34.409339448274523],[-118.45740634930645,34.409335568945856],[-118.45791262723877,34.409316660023002],[-118.45802338415695,34.409310912818086],[-118.45835587448144,34.409293658947909],[-118.45855563735819,34.409283319596696],[-118.45867227084199,34.409276500193059],[-118.45877157000326,34.409270683846131],[-118.45921520631137,34.409244743661098],[-118.4600305274293,34.409187270485177],[-118.46004047254269,34.409187238170723],[-118.46008934935531,34.409184853916464],[-118.46010925415172,34.409183882277695],[-118.46022296690553,34.409176890352299],[-118.46024198735903,34.409175721906841],[-118.46033106767828,34.409170244173829],[-118.46105710307189,34.409125600029732],[-118.46149549913606,34.40909864006283],[-118.46178425333336,34.4090808823806],[-118.46251325408944,34.409048882984827],[-118.46304572504012,34.409012285419145],[-118.46386625438539,34.408955882652371],[-118.46665425407447,34.40880088288354],[-118.46740884931761,34.408749631293475],[-118.46740902148052,34.408772368248044],[-118.46751969509646,34.408765388401541],[-118.46770457081072,34.408761609458388],[-118.46791899591442,34.408751588494532],[-118.46806314462339,34.40873877227547],[-118.4682553833979,34.408728836340373],[-118.46841064290022,34.408719041126872],[-118.46858079662115,34.408727579487177],[-118.46872131482739,34.408727036489573],[-118.46886185245258,34.408729557572265],[-118.46902827347941,34.408731979296029],[-118.46919108365275,34.408749738155088],[-118.46938342483807,34.408758189551094],[-118.46952397872296,34.408763775023743],[-118.46962024435958,34.408784856132456],[-118.46973486196966,34.408781347031557],[-118.46996060421056,34.408811121974182],[-118.47014935222309,34.408837974694748],[-118.47035658945224,34.408864755416538],[-118.47053061502311,34.408903924620127],[-118.47063792281639,34.408915767322966],[-118.47076014381182,34.408949006781],[-118.4708787359444,34.408994521085646],[-118.47101127160337,34.409046113366088],[-118.47112003338123,34.409058236684608],[-118.47113116476068,34.409061201866493],[-118.47138525519652,34.409128882679816],[-118.47154441109603,34.409176299576018],[-118.47164914769913,34.409207503739751],[-118.47191035065829,34.409292071302424],[-118.47216866688542,34.409382523045458],[-118.47229399267428,34.409429792089881],[-118.47242390786514,34.40947879210664],[-118.47267587633127,34.409580803545325],[-118.47292439134068,34.409688484161514],[-118.47304881266976,34.409746037965945],[-118.47316926211646,34.40980175358272],[-118.47341030763194,34.409920525088687],[-118.47364734793976,34.410044711054567],[-118.47382184994154,34.410141500728734],[-118.47399155723403,34.41024398135221],[-118.47415620238351,34.41035198630486],[-118.47431551793592,34.410465346263194],[-118.47445667068901,34.410574178336169],[-118.47446925595042,34.410583881009465],[-118.47462329899083,34.41068026995513],[-118.47477283675198,34.410781414812391],[-118.47491728817131,34.410886898659278],[-118.47491765737705,34.410887168575705],[-118.47505755551678,34.410997381509723],[-118.47519232686989,34.411111897564808],[-118.47547845822722,34.411373140061414],[-118.47586838497674,34.411729147959896],[-118.47590026666974,34.411758256049261],[-118.47618401865337,34.41201732090304],[-118.47627225603055,34.412097881820685],[-118.47648641106713,34.412293772801227],[-118.47666844943542,34.41246028508678],[-118.47671437823666,34.412502297325048],[-118.47687022657971,34.412644851170938],[-118.47692839865334,34.412698060941175],[-118.47701833767812,34.412780327544041],[-118.47716644926342,34.412915804636626],[-118.4774206263716,34.41314829751542],[-118.47756508794544,34.413280434779523],[-118.47774736463643,34.413447158177981],[-118.47787825634825,34.41356688209148],[-118.47798493381185,34.413662907974071],[-118.47807870214397,34.413747312470598],[-118.47819762902263,34.413854364342171],[-118.47829791154706,34.413944631814843],[-118.47840343964953,34.414039621491739],[-118.47859925687118,34.414215882541107],[-118.47877702212463,34.414379572306792],[-118.47885200307343,34.414448616084599],[-118.47904311904324,34.414624598376129],[-118.4793486031281,34.414905891134339],[-118.47958598917879,34.415124476564515],[-118.47968525764853,34.415215881937655],[-118.47993785694943,34.415444720077872],[-118.48010107568341,34.415592584926301],[-118.4803077503944,34.415779815209383],[-118.48044220565075,34.415901621029967],[-118.48056616098536,34.416013913833659],[-118.48069839707237,34.416133707823455],[-118.48090124918987,34.41631747232298],[-118.48090128199094,34.41631750104208],[-118.48100325790655,34.416409881787388],[-118.48111592816154,34.416514983963872],[-118.48128959669546,34.416676985115707],[-118.48135966410845,34.416742345143021],[-118.48147025776113,34.416882881964192],[-118.48158086704116,34.417005546587049],[-118.48172216602038,34.41716224659438],[-118.4818372584807,34.417289882274893],[-118.4819782577386,34.417446882485351],[-118.48197981299037,34.417448884024267],[-118.48212017527962,34.417629563622668],[-118.48225327807542,34.417800898660452],[-118.48236195847603,34.417940795876973],[-118.482413485281,34.418007121549834],[-118.48244825813974,34.418051881503125],[-118.48249535130944,34.418105688026742],[-118.48264390603161,34.418275415035907],[-118.48266453697768,34.418298986520973],[-118.48272809775521,34.418371606473272],[-118.48287625808948,34.418540882197661],[-118.48297544608678,34.418643723888643],[-118.48306514539533,34.418736726970337],[-118.48308562705256,34.418757964002218],[-118.48316385558677,34.418839073664813],[-118.4832279854387,34.418905566058633],[-118.48330112827684,34.418981401177575],[-118.48341925814429,34.419103881803657],[-118.48346233577048,34.419138703200019],[-118.48362152284297,34.419267380305179],[-118.4837673461177,34.419385255116914],[-118.48401925822697,34.419588883311775],[-118.48414025719603,34.419687882122261],[-118.4843546477223,34.419838205554676],[-118.48453669027106,34.419965848090968],[-118.48457127506767,34.419990098262012],[-118.48473925863904,34.420107882476948],[-118.48501123703508,34.420262155017319],[-118.48506019955677,34.420289926652998],[-118.48515110962813,34.420341493303951],[-118.48528225809382,34.420415882647035],[-118.48556714194595,34.42053355317163],[-118.48580565302615,34.420632069934008],[-118.4859372808161,34.420686437159581],[-118.48605655417154,34.420735702377435],[-118.48624369579886,34.420812999131918],[-118.48634025807816,34.420852883582548],[-118.48637425971788,34.420861881602924],[-118.48658117915912,34.420922455288753],[-118.48673304050692,34.420966910144116],[-118.4868422593341,34.420998882020299],[-118.48701425937175,34.421049881977567],[-118.48752027384003,34.421175756364519],[-118.48761725948602,34.421199881967375],[-118.48781454843896,34.421231678298888],[-118.48815082073355,34.421285872658117],[-118.48837425876305,34.421321882098653],[-118.48854519388277,34.421334605888582],[-118.4887183983398,34.421347498798546],[-118.48894399335995,34.421364290387785],[-118.48930125922547,34.421390882977924],[-118.48958643853223,34.421396986910381],[-118.48995525935669,34.421404882676264],[-118.49012540460443,34.421398667073944],[-118.49017425867946,34.421396882055362],[-118.49021925964006,34.421395881599175],[-118.49021325982217,34.421207882520179],[-118.49020569830363,34.421117945252234],[-118.49026081094941,34.421116161950806],[-118.49023754057092,34.420987312995486],[-118.49020531006553,34.420800748786988],[-118.49020303427622,34.420746786662754],[-118.4901910133824,34.420686961568649],[-118.49015572562962,34.420608101717214],[-118.4901222247325,34.420549842834333],[-118.49010379402563,34.420515903274691],[-118.49004187357048,34.42041928526988],[-118.48997500769306,34.420325443204646],[-118.48988315580392,34.420212466856896],[-118.48979966555402,34.420111489469051],[-118.48927930231073,34.419587366073245],[-118.48916587506689,34.419470684355062],[-118.48914260756294,34.419459784864316],[-118.48892062008171,34.419208233706357],[-118.48883722641774,34.41912371460252],[-118.48877552787656,34.419062820205454],[-118.48874218198304,34.419030337921889],[-118.48863882947524,34.418935264590438],[-118.48853715415017,34.418843620167749],[-118.48843885672977,34.418761222630316],[-118.48834556344394,34.418683972467669],[-118.48824730909745,34.41861052955435],[-118.48814076085655,34.418535394401744],[-118.48791940779263,34.418390286767682],[-118.48756166788219,34.418169836689287],[-118.48743685164216,34.41808938767749],[-118.48704743443564,34.417838392247461],[-118.48695754695015,34.417777254914327],[-118.48687429087458,34.417714386092449],[-118.48678931835427,34.41764259439347],[-118.48670260824906,34.417558442343719],[-118.48662252669465,34.417471878175725],[-118.48643219506693,34.417243879714512],[-118.48638546706685,34.417191857382662],[-118.48633035578978,34.417123381365762],[-118.48630323398537,34.417080062244587],[-118.48627178464793,34.417029833969856],[-118.48620979065923,34.416918105477137],[-118.48617983742655,34.416858404156891],[-118.48614785222229,34.416799463755709],[-118.48612424788278,34.41674276523198],[-118.48609999428368,34.416685533793533],[-118.48607817329183,34.416624412392544],[-118.48605885160723,34.416559087028531],[-118.48594385217054,34.416185397961215],[-118.485857287157,34.414105942722408],[-118.48591223089655,34.41376491148219],[-118.48592104293931,34.413697908305338],[-118.48592362224773,34.413680583978994],[-118.48593858020561,34.413598816970278],[-118.4859878740986,34.413397597738921],[-118.48597160504974,34.413398000101907],[-118.48598125718438,34.413352881036232],[-118.48600025753363,34.413263881026907],[-118.48609525814322,34.412932881925677],[-118.48611525757667,34.412864880968783],[-118.48617525860733,34.412618881825296],[-118.48618655457092,34.412512131675008],[-118.48619525769874,34.412429882135598],[-118.4861833840791,34.412336811908283],[-118.48616425704432,34.412186881143491],[-118.48612568858223,34.412039838387933],[-118.48604117822447,34.411717641849016],[-118.48600425785844,34.411576882462818],[-118.48595231605508,34.411406589439103],[-118.48586780365049,34.41112951194313],[-118.4858075096588,34.410914869706119],[-118.48579909622239,34.410884921030075],[-118.48574535981538,34.41069362480988],[-118.48574048500795,34.41067767993745],[-118.48569753009927,34.41053719524848],[-118.4856700489821,34.410429578979432],[-118.48565011366128,34.410320825402039],[-118.48563779259899,34.410211301170783],[-118.48563312485602,34.410101367647343],[-118.48563612887804,34.409991395289779],[-118.48564679154532,34.409881751075154],[-118.48568519594325,34.409716432306546],[-118.48583113693505,34.409088185857577],[-118.48593902240304,34.40865224055316],[-118.4860052585377,34.408329881584343],[-118.48607473098923,34.408092302665764],[-118.48619018945702,34.407697466541805],[-118.48620891281169,34.407593879819323],[-118.48622035933883,34.407489568583351],[-118.48622449303735,34.407384882776363],[-118.48622129967644,34.407280174956838],[-118.48621078786189,34.407175796688897],[-118.48619299447394,34.407072098520416],[-118.48616797921797,34.406969428201798],[-118.48613582680979,34.406868132480561],[-118.48608177316935,34.406761415247416],[-118.48603561048078,34.406671565659231],[-118.48598315968184,34.406584119503812],[-118.48592460201287,34.406499377159982],[-118.48586014152137,34.406417633505342],[-118.4857899973903,34.406339168030293],[-118.48572280759907,34.406259020136027],[-118.48566096561358,34.406175970381071],[-118.48560465230558,34.406090260562429],[-118.4855540322978,34.406002144261834],[-118.48550925719498,34.405911881423272],[-118.48547351107348,34.405825322897705],[-118.48544474974379,34.405736993733136],[-118.4854230994447,34.405647281991321],[-118.48540865381476,34.405556581272265],[-118.4854014782113,34.405465285288251],[-118.48540131649008,34.405457877111864],[-118.48540617931324,34.405457826995978],[-118.48540331545425,34.40512534292759],[-118.48540314465032,34.405096026558354],[-118.48540271719729,34.405022659456904],[-118.4854065872734,34.404833366457197],[-118.48541580521275,34.404708988795996],[-118.48542340212015,34.40458977891609],[-118.48544824456279,34.404301486315113],[-118.48546115381453,34.404241666397674],[-118.48548884663343,34.404158101236519],[-118.48551490092878,34.404077264366002],[-118.48563409596143,34.403766965180139],[-118.48567485723714,34.403649684277276],[-118.48568621275798,34.403607730888766],[-118.48573074611662,34.403349623916228],[-118.4857380468784,34.403287175911863],[-118.48573997272754,34.403206882790776],[-118.48573565456908,34.403143994494634],[-118.48573446718655,34.403126705080979],[-118.4857215623764,34.40304711145177],[-118.48570690377306,34.402990194875507],[-118.48570133502631,34.402968573097063],[-118.48567842568065,34.402904241971278],[-118.48567390639485,34.402891550212658],[-118.48564337751429,34.402814823721251],[-118.48560475716145,34.402740644909443],[-118.48555834787045,34.402669598556741],[-118.48550451403564,34.402602246655704],[-118.4854436840335,34.402539119388102],[-118.4853763339185,34.402480716993757],[-118.48530299930772,34.402427496200374],[-118.48527803545828,34.402412400706133],[-118.48522425804212,34.40237988111172],[-118.48489740094207,34.40219419815994],[-118.4846128131777,34.402032526427213],[-118.48447446705502,34.401962112977429],[-118.48418305601085,34.401805517004085],[-118.4840277173962,34.401722042720074],[-118.48398055528311,34.401696698545116],[-118.48383759074359,34.401619873047331],[-118.48377421776254,34.401582994304626],[-118.48371337788635,34.401543289927268],[-118.48365525672031,34.401500880886246],[-118.48358026338238,34.401425760144051],[-118.48350887390687,34.401348262961811],[-118.48344120102091,34.401268510603849],[-118.48338951838596,34.401206489893617],[-118.48335271640005,34.401154865867724],[-118.4833432552017,34.401141594198727],[-118.48332013865998,34.401103205160929],[-118.48330526321169,34.40107850195141],[-118.48330264393918,34.401074150758063],[-118.48328745900345,34.401043717713911],[-118.48328295381584,34.401034688752262],[-118.4832678888411,34.401004495937777],[-118.48325563691259,34.400973995305876],[-118.48323916158736,34.400932977953218],[-118.48321660781596,34.400859955941307],[-118.48318579486016,34.400738414599225],[-118.48318559896983,34.40073764456627],[-118.48314615010746,34.400617015719277],[-118.48314525626466,34.400614798796674],[-118.48309838648942,34.400498470076904],[-118.48309092247476,34.40048297625885],[-118.48304247138225,34.400382398245931],[-118.48298302332226,34.400288947383601],[-118.48294331213808,34.400223550330715],[-118.48293258225335,34.400209035955996],[-118.48286848366585,34.400122330821496],[-118.48285858694524,34.400108944550666],[-118.48276677858826,34.399998151559707],[-118.48266813245058,34.399891471478149],[-118.4825622874591,34.399802802006398],[-118.48245216664192,34.399717787152973],[-118.48238622642488,34.399670895524039],[-118.48233795352873,34.399636566815872],[-118.48221983705841,34.399559276364208],[-118.4818852712316,34.399341048892339],[-118.4818848083282,34.399340746012577],[-118.48188928541778,34.399336120469506],[-118.4818211394238,34.399297006739666],[-118.4817771993487,34.399268762191106],[-118.48167055795867,34.399196866387939],[-118.4815504013045,34.399110736615647],[-118.48150768680171,34.399079041431378],[-118.48132954539747,34.398943044200372],[-118.48128289578537,34.398901320541242],[-118.48123786365363,34.398853408611167],[-118.48116948165931,34.39877914545599],[-118.48099757789755,34.398574772115296],[-118.48095417231781,34.39852237840249],[-118.48094415198501,34.398507651882063],[-118.48089569051594,34.398441561326109],[-118.4807903679139,34.398282941650358],[-118.48063304300145,34.398020448349968],[-118.48058586422172,34.397887019546019],[-118.48055886069606,34.39780263728673],[-118.48053951049239,34.397717846949092],[-118.48082974978722,34.397641144992782],[-118.48107796614887,34.397569757736186],[-118.48128973752456,34.397502281244059],[-118.48148160277589,34.397432821607502],[-118.48167179692362,34.397359934351762],[-118.48189837180728,34.397269921785721],[-118.48212160083804,34.397181237438268],[-118.4823597062427,34.397081035876425],[-118.48258453686155,34.396979491096175],[-118.48300766135493,34.396774128629559],[-118.48320925234424,34.396666848618906],[-118.48361729919583,34.396434398826933],[-118.48409461398106,34.396142232835302],[-118.48432251028575,34.395998789886832],[-118.48440506341997,34.39594350156495],[-118.48451567881366,34.395868509770651],[-118.48468567864799,34.395744862600864],[-118.48485233515994,34.395616421565052],[-118.48488480594402,34.395589916372728],[-118.48508658581277,34.39542519375744],[-118.48518885852121,34.39534165749631],[-118.48535047451094,34.395201225664032],[-118.48550050831895,34.395065621737224],[-118.48564392995343,34.394931445091956],[-118.4859092684577,34.394672768007688],[-118.48591612085588,34.394665625620831],[-118.48602210843859,34.394555129532634],[-118.48616791266937,34.394403124735618],[-118.48647092600129,34.394068040660997],[-118.48661908334213,34.393894659449224],[-118.48674084862481,34.393742706242485],[-118.48684940317955,34.393599713136112],[-118.48694966732472,34.393456774860311],[-118.48705318909937,34.393302806634495],[-118.48730450193877,34.392914344340227],[-118.48749655042104,34.39259481960287],[-118.48753758624926,34.392527331448171],[-118.48764257628633,34.392341427067372],[-118.4879048672353,34.39184816705729],[-118.48814071061217,34.391365980126295],[-118.48866624446079,34.390259897891781],[-118.4890217035932,34.389546434447333],[-118.48925270806961,34.389089679988999],[-118.48933617118705,34.388909029447298],[-118.48939829075468,34.38876278020328],[-118.4894130147689,34.388730103158764],[-118.4894913961428,34.38853125475336],[-118.48956802599221,34.388316249706207],[-118.48963802072235,34.388099572905354],[-118.48976483915109,34.387682756079897],[-118.48982168663342,34.38748572176943],[-118.48983958942185,34.387430004764006],[-118.4900250845446,34.38684496894308],[-118.49019090938465,34.386297825515264],[-118.49040365942419,34.385558466399331],[-118.49041503688501,34.385519955388432],[-118.49050952490931,34.385243053631143],[-118.49054201818885,34.385132318864677],[-118.49056163381812,34.385086212412183],[-118.4906417018361,34.384892849442309],[-118.49069237173141,34.384772780482798],[-118.49082806679101,34.384457594678942],[-118.49084116529917,34.384431083332117],[-118.49088698450113,34.384331286059791],[-118.49096892056157,34.384174324786727],[-118.49247741614039,34.381026084261869],[-118.49303975469104,34.379852414563715],[-118.49315317754997,34.379697054642158],[-118.4932415218358,34.379503985251006],[-118.49329233494019,34.379409663379434],[-118.4934727442745,34.379091905234624],[-118.49356798891192,34.378945518883263],[-118.49362713750504,34.378860098972737],[-118.49373568540553,34.378721242955983],[-118.49382112529233,34.378597927014148],[-118.49389350694584,34.378507638855531],[-118.49402186133581,34.378355983891396],[-118.49410913399679,34.378261513089235],[-118.49422115427744,34.378149409133179],[-118.49398973824476,34.37796899083822],[-118.49371173187686,34.377753722678577],[-118.49358842375425,34.377658183051082],[-118.49353877804802,34.377701338938365],[-118.49133720697554,34.379568554442315],[-118.48726645567361,34.383012264709045],[-118.48716775457213,34.383096114852705],[-118.487167173503,34.383096605820782],[-118.48657975935299,34.383477353440369],[-118.48628344379762,34.383669415747349],[-118.48597471521771,34.383869521910427],[-118.48549842831746,34.384178035657605],[-118.48332325617848,34.385586879149535],[-118.48138232930638,34.386843269992461],[-118.48137565643938,34.386847561656296],[-118.48003219312281,34.387843664366507],[-118.47824556260989,34.389168261858721],[-118.47823668070237,34.389174826721003],[-118.47746428643009,34.389747470577092],[-118.47704204818766,34.390060464660486],[-118.47678734287308,34.390234243254504],[-118.47601663632851,34.390760066975162],[-118.47592358727918,34.390823550604175],[-118.47492563794842,34.391504390219943],[-118.47492247796481,34.391506550056526],[-118.47484882353376,34.391546241971845],[-118.47300691708662,34.392537034380972],[-118.47290339766177,34.392471417759083],[-118.47266020789525,34.392316265878456],[-118.47265855974794,34.392315212096428],[-118.47183065029616,34.391779693804558],[-118.47183040556283,34.391779878670306],[-118.4718290959501,34.391778684723135],[-118.47181684244788,34.391770742088461],[-118.47181224716306,34.39176719619666],[-118.47164330783181,34.391637062172663],[-118.47164274634007,34.391627973265457],[-118.47161570548367,34.391186863006411],[-118.4716156431429,34.391185840005249],[-118.47088383997252,34.391189062804052],[-118.46283619532443,34.39122958506448],[-118.46278874689347,34.390249319739894],[-118.46267520526644,34.387912136985356],[-118.46256458712588,34.385626389762365],[-118.46251550070031,34.384612194683648],[-118.44887308484209,34.38468886062153],[-118.44887034157033,34.384661058403772],[-118.44886424665802,34.384599304141126],[-118.44875966266588,34.383539033692387],[-118.44849558832576,34.380864012995787],[-118.44848328501016,34.380739413071879],[-118.44592068478057,34.380771975529456],[-118.44432527388086,34.380792671428338],[-118.44410041968347,34.380795590457261],[-118.44409354020267,34.378161702545107],[-118.4439377483011,34.378158124259947],[-118.44351509646637,34.378159698245128],[-118.44336266195256,34.378164023323656],[-118.4430975406131,34.378166720847155],[-118.44289371391743,34.378165737396266],[-118.44265505764611,34.378161107852051],[-118.44229335331414,34.378162427982325],[-118.44199388513509,34.378163520149563],[-118.44193239767772,34.37816222251201],[-118.44196625142055,34.374535579644053],[-118.44040542367401,34.374526935433465],[-118.43980073392402,34.374523661051505],[-118.43976517745095,34.377164842399914],[-118.43976478974861,34.377186157009675],[-118.43976434409268,34.377219155731204],[-118.439163453527,34.377216700943862],[-118.43642625311253,34.37720544449305],[-118.43642858538936,34.376664741086657],[-118.4364301493292,34.37629874359169],[-118.43519049676014,34.376290563148693],[-118.4342088588761,34.376284090389561],[-118.4342136321913,34.375693886716924],[-118.43421619124824,34.375382836093848],[-118.4332660125071,34.375374093794967],[-118.433103511656,34.375372705496794],[-118.43310834288742,34.374615349774054],[-118.43310915013149,34.374481113667443],[-118.43106290794883,34.374467496709883],[-118.43101104885415,34.367311741744153],[-118.43107215785426,34.367312291652937],[-118.43110154949514,34.367312547742188],[-118.43112232411274,34.367312829964057],[-118.43112943985771,34.367046939067997],[-118.42686038483143,34.366996896139128],[-118.42666368563434,34.366994514405619],[-118.42665679326727,34.367273055451868],[-118.4265724054811,34.370702579696783],[-118.42213854956033,34.370647233007162],[-118.4221037459376,34.3706472649476],[-118.4220808447259,34.370646506260485],[-118.41990836815305,34.370619503294023],[-118.4195148544525,34.37061564496755],[-118.4188040370573,34.370606534296179],[-118.41884228292653,34.367202546102995],[-118.41884585373444,34.36690536069748],[-118.41886440568904,34.366905586887562],[-118.41996368115799,34.36691832656448],[-118.41996529234781,34.366704697682813],[-118.41999610995464,34.363185592656514],[-118.41776197089604,34.363167868333328],[-118.41552786662437,34.363150129761237],[-118.41549638011202,34.366708327667311],[-118.41549512882769,34.36686777475753],[-118.41366268857705,34.366846434205357],[-118.4132632096043,34.366841788060853],[-118.41325721238915,34.367152899404658],[-118.41321863646303,34.370537412130908],[-118.40944764989563,34.370609837109136],[-118.40948894590548,34.367115349500651],[-118.4094920220037,34.366808492684861],[-118.40957446480235,34.359500866634818],[-118.40561177147927,34.359555438439337],[-118.40572164944595,34.36677617443312],[-118.4057188304844,34.36708242351353],[-118.40567747855495,34.370680767188674],[-118.40563424538529,34.374462988060692],[-118.40563388096199,34.37455812099784],[-118.40562004046413,34.378054215698491],[-118.4055980167181,34.380638397498721],[-118.40559731523125,34.38071880316982],[-118.40559731263171,34.38072921679958],[-118.40559642636633,34.380815894160044],[-118.40559518146813,34.38095444789645],[-118.40559047461774,34.381486065868188],[-118.4048332924728,34.381516740651861],[-118.40187040825806,34.381636676994084],[-118.39833380289195,34.381779752102915],[-118.39806367046391,34.381790666183058],[-118.39800792219948,34.384504656092425],[-118.39796432677254,34.386625640898764],[-118.39796197482865,34.387125737417392],[-118.39796034951026,34.387471948773815],[-118.39796033196964,34.387552073528454],[-118.39796025056222,34.387930789109085],[-118.39795735591656,34.388477568779194],[-118.39795408407271,34.38880510033092],[-118.39795296977061,34.389043594757474],[-118.39795215558526,34.389220145633594],[-118.39794480474684,34.39079107645594],[-118.39793996732446,34.391818748426232],[-118.39793756103265,34.392369922252897],[-118.39793647979265,34.392615587319931],[-118.39793149775437,34.393744875080095],[-118.39793122310009,34.393805326490735],[-118.3979286952904,34.394420804315189],[-118.39815074959908,34.394426447440999],[-118.40024239111423,34.394479742458984],[-118.40096190868617,34.394498087124916],[-118.40099483294523,34.39449891314063],[-118.40155961587112,34.394513003962388],[-118.40221803224175,34.394530059580298],[-118.40284154136494,34.394545935699625],[-118.40384538748586,34.3945714627896],[-118.40384579738546,34.394912292443614],[-118.40384731114517,34.396755868134207],[-118.40384767266109,34.397186789932874],[-118.40384782431694,34.397360343601221],[-118.40384802507744,34.39763513117714],[-118.40367238247539,34.397891901101332],[-118.40323882881468,34.398525715041487],[-118.40434947243536,34.398698180842366],[-118.40429370362008,34.398799159104122],[-118.40411115576087,34.399129706194941],[-118.40349117734181,34.399033892108605],[-118.40324964796896,34.399220037218853],[-118.40315138836834,34.399295793403596],[-118.40310107231463,34.399365565341363],[-118.40356985876096,34.399583835978476],[-118.40359759579695,34.399596741070553],[-118.40361134354305,34.399601724066393],[-118.40363003959563,34.399608201559992],[-118.40364883438293,34.399614404656056],[-118.40366779097721,34.399620331341396],[-118.40368684944639,34.399625958375658],[-118.40370603285723,34.39963133256169],[-118.40372531937439,34.399636436843004],[-118.40374473819716,34.399641236864099],[-118.40376421998936,34.399645788750774],[-118.40378383298601,34.399650033676224],[-118.40380350654945,34.399653983595428],[-118.40382325609377,34.399657677223026],[-118.40385308002497,34.399662663452254],[-118.40383417884338,34.399743572285615],[-118.40376217346054,34.400058609398727],[-118.40369781536413,34.400343036492742],[-118.40368658177037,34.400392535602208],[-118.40367136334436,34.400459824405196],[-118.40384537701186,34.400480925996824],[-118.40424813510207,34.400529787732196],[-118.40429373926169,34.400535325276159],[-118.40451880426725,34.400562627727318],[-118.40457801396569,34.400569792122795],[-118.40483900102318,34.400601461961912],[-118.4048954270488,34.400608305534419],[-118.40523353619335,34.400649328245194],[-118.40525940776344,34.400652456655791],[-118.40567792356127,34.400703214608676],[-118.40576336373177,34.400793853784243],[-118.40577996091393,34.400811686469844],[-118.40588196482038,34.400920159258831],[-118.40595744013341,34.400999789671573],[-118.4060014354197,34.401046490555764],[-118.40608560265861,34.401136012259286],[-118.40616814991377,34.401223612754023],[-118.40628968617581,34.401352934446805],[-118.40645060876112,34.401524192256979],[-118.40646150477086,34.401535778302303],[-118.40649353011121,34.401570022976884],[-118.40669819786685,34.401785207068876],[-118.40690224119146,34.402002154507265],[-118.40715773997557,34.402272653017945],[-118.40731866331218,34.402442890042487],[-118.40743313223598,34.402565088777763],[-118.40733853594911,34.402703405136592],[-118.4073816027848,34.40275896800577],[-118.40738567676945,34.40276422468272],[-118.40749622069043,34.402828126281811],[-118.40755846119688,34.402871935380361],[-118.4076431153803,34.402937105761858],[-118.40791583482363,34.403161791083278],[-118.40793180903815,34.40317415596904],[-118.4080018259443,34.403228437937081],[-118.40808335581067,34.403284250692892],[-118.40819419273696,34.403347765717342],[-118.40835736748943,34.403442125268192],[-118.40851844101394,34.403499618071784],[-118.40858318129101,34.403519322047728],[-118.40859370807469,34.403522041666051],[-118.40848752738712,34.403794044822426],[-118.40836743337013,34.404101750365214],[-118.40827834285672,34.404329984041418],[-118.40827340232653,34.40435745145502],[-118.40816852308478,34.404901527196905],[-118.40812077245135,34.405150231544802],[-118.40742922837093,34.405718045187498],[-118.40711738822645,34.40578561745064],[-118.40688502788933,34.405835969850408],[-118.40686029141095,34.405841328611238],[-118.40656080773081,34.40590622100094],[-118.40638766181694,34.405943732626298],[-118.40575476585784,34.406080880677358],[-118.40545229905621,34.406146442028785],[-118.40445894138196,34.406361648059409],[-118.40398703398799,34.406463905958873],[-118.40397226318572,34.406467111428064],[-118.40383413403973,34.406341527256906],[-118.40375171516814,34.406266592201128],[-118.40345251157089,34.405994589384363],[-118.40308298757989,34.405658680926102],[-118.40286200908015,34.405457775660608],[-118.40271735895442,34.405326272584738],[-118.40262096202623,34.405239649729339],[-118.40244291977972,34.405079630810071],[-118.40222237619116,34.404878502965119],[-118.40216936284125,34.404830423334182],[-118.4020621774246,34.40473325632464],[-118.4019381704943,34.404620842355385],[-118.40172979169695,34.404438635238705],[-118.40169057299711,34.404404332905003],[-118.40162374994311,34.404338880261143],[-118.40098045443162,34.403708707209972],[-118.40090859125992,34.403638309702664],[-118.40134665079211,34.40333143402551],[-118.40093121589791,34.402924060398753],[-118.40073609026383,34.402732822182493],[-118.40077736064083,34.402277912932085],[-118.40078679416146,34.402177579907054],[-118.40082225894062,34.401782980729315],[-118.400829059133,34.401708190519301],[-118.40072975183,34.401558813762605],[-118.40063026280419,34.401414547413651],[-118.40054933871441,34.401297122309536],[-118.40046167146754,34.401169965734169],[-118.40023152266549,34.400836116162999],[-118.40008055803371,34.40061719921718],[-118.39993380083276,34.400404332819818],[-118.39976341887385,34.400157230880311],[-118.39910136022699,34.399783586835994],[-118.39858592892628,34.399492822085271],[-118.39827267620552,34.399316091540577],[-118.39808250706444,34.399208810581406],[-118.39807093951897,34.399202279984834],[-118.39798640617863,34.399154575158732],[-118.39787352640732,34.399090922306186],[-118.39784561381832,34.400333661658543],[-118.39776017577734,34.401783255195369],[-118.39776033069187,34.401982472707999],[-118.39776306839892,34.405625849593186],[-118.39776138465335,34.407717511670043],[-118.397744191024,34.409284345863568],[-118.39774426716514,34.409284345613862],[-118.39774402328234,34.409316194850042],[-118.39774363542627,34.409374619029855],[-118.39773253112629,34.410979415552013],[-118.39772604738015,34.411919597989261],[-118.39772514555068,34.412050369106602],[-118.3977191048595,34.412923666253477],[-118.39771383463574,34.413673329209345],[-118.3977087762899,34.414434125357261],[-118.39770670387762,34.414743983341246],[-118.39769794077539,34.416018942541569],[-118.39769429760675,34.416547811216958],[-118.3976942547993,34.416564365288487],[-118.39769391931873,34.416605519522612],[-118.39766665188114,34.420260105615831],[-118.39764283616796,34.423516544233763],[-118.39764321176258,34.423516826083436],[-118.3976413494193,34.42376595512674],[-118.39764077547059,34.423840121506487],[-118.39763998916094,34.423904671944385],[-118.39763928106809,34.424006345393934],[-118.39763607370966,34.424195931775216],[-118.39763534711663,34.424293731402251],[-118.39763530567581,34.424298952307481],[-118.39763485482167,34.424336462006963],[-118.39762906439941,34.424790815034925],[-118.39761727855283,34.425670063277622],[-118.39760321125644,34.426764521714134],[-118.39760006161249,34.427009542136432],[-118.39873206932317,34.426960034122573],[-118.39950748631432,34.42692611586358],[-118.39987127619735,34.426872499468281],[-118.40009277194901,34.42683985401132],[-118.40017947919827,34.426823740713118],[-118.40026588127691,34.426806390556955],[-118.40035187905562,34.426787778627798],[-118.40043747374439,34.42676793106687],[-118.40052263052947,34.426746848891483],[-118.40060735062536,34.426724559144496],[-118.40069156739433,34.42670100615198],[-118.40077528014865,34.426676273759647],[-118.40085845719975,34.426650334125796],[-118.40094109745232,34.426623186353538],[-118.40102313563018,34.426594831561317],[-118.40110457091163,34.426565325648035],[-118.40118533665068,34.426534611137242],[-118.40126550058015,34.426502746405838],[-118.4013449289962,34.426469756238554],[-118.40142368800537,34.426435587227864],[-118.40150171367222,34.426400292776954],[-118.40157897010518,34.426363875710663],[-118.40165542478078,34.426326360479528],[-118.40173111130638,34.426287722632331],[-118.40180596357135,34.426248015579873],[-118.40187998266202,34.426207239319986],[-118.40195310098899,34.426165366130881],[-118.40202535146328,34.426122452701392],[-118.40209666784045,34.426078524495651],[-118.40216705108557,34.426033556269175],[-118.40223650132361,34.425987574167465],[-118.4023049512315,34.425940605461527],[-118.40237240176579,34.425892623103778],[-118.40246261347259,34.425826842883808],[-118.40265915788382,34.425654997877515],[-118.4042241865746,34.425632151611396],[-118.40422155063366,34.426194218546748],[-118.40421996520708,34.426532011530057],[-118.40355679048675,34.426529630790185],[-118.40355391519071,34.427079159957252],[-118.40421710239202,34.427082314199865],[-118.40421419823922,34.427577475706961],[-118.40421350620512,34.427747843148218],[-118.40422208165539,34.428489424380373],[-118.40332054785195,34.428749031644458],[-118.40176420103117,34.429331850605706],[-118.39951668190326,34.430344118355812],[-118.39765692391265,34.431181680477671],[-118.39757614564144,34.431218049759828],[-118.39754766443534,34.431230870013529],[-118.39559151365729,34.432111413548157],[-118.394621727619,34.432549557154594],[-118.39361532977378,34.433003483069889],[-118.39280418068111,34.433365174819144],[-118.39261035184245,34.433445877131803],[-118.3924092306039,34.433519920574781],[-118.3923815032506,34.433529112114485],[-118.39215284117307,34.433604914741942],[-118.39213161428947,34.433611885476118],[-118.39199224281313,34.433652778563193],[-118.39171205012217,34.433729469878024],[-118.39121337335615,34.433834280848288],[-118.39118525916587,34.433839230757172],[-118.39114850849667,34.433845700539159],[-118.39109220282502,34.433853742514536],[-118.39087652274733,34.433887376851274],[-118.39085755784846,34.433889956831067],[-118.3908461641324,34.433891463034136],[-118.39070997027545,34.433908333035895],[-118.39069903271462,34.433909894552492],[-118.39059347743878,34.433920436170069],[-118.39044235880705,34.433935528322657],[-118.39037792204873,34.43393989535106],[-118.3902575947555,34.433948049174958],[-118.39023046593931,34.433949214672467],[-118.39007385569073,34.433955940695697],[-118.39000545707327,34.433958878717178],[-118.38968191291094,34.433960943451773],[-118.38959427262219,34.43395941285447],[-118.38951756958369,34.43395717814164],[-118.38929064103208,34.43394607485466],[-118.38917107149675,34.433937585616611],[-118.3890906618588,34.433930782748362],[-118.38902442051879,34.433924793552869],[-118.38853557933619,34.433868348438828],[-118.38839634983891,34.433851725585136],[-118.38811843705341,34.433818676889643],[-118.38810675458976,34.433817301565441],[-118.38794682545389,34.433798253486408],[-118.38786480035756,34.433788431238341],[-118.38704876911392,34.433692829225095],[-118.38707630262415,34.434068346991438],[-118.38707653826873,34.434071524135078],[-118.38710969178057,34.434523555788239],[-118.38698240613647,34.434512967710972],[-118.38696004930728,34.434511069179393],[-118.38670584301636,34.43449278713036],[-118.3867007936276,34.434498491883559],[-118.3866998085533,34.434499584974006],[-118.38667938905893,34.434521239914353],[-118.38667786746586,34.434522780972301],[-118.38666124353598,34.434538889315476],[-118.38660178069161,34.434589407667154],[-118.38657148122522,34.434611259053263],[-118.38654685576523,34.434627652517612],[-118.38651033466763,34.434648806995071],[-118.38646880676733,34.434670549883158],[-118.38643795309349,34.434684595746383],[-118.38642149026404,34.434691589069004],[-118.38641420202642,34.43469457651593],[-118.38641359924735,34.434694814636892],[-118.38640479188795,34.434698236050373],[-118.38637866571453,34.434707786233972],[-118.38636949779838,34.434710886946817],[-118.38636035448044,34.434713895624498],[-118.38635560988401,34.434715414487549],[-118.38633798579046,34.434720707604306],[-118.38628744263407,34.434733442196531],[-118.38624100068034,34.434744118137793],[-118.38619299145741,34.434750948613392],[-118.386147452394,34.434755715717863],[-118.38610717220988,34.43475841238174],[-118.38604177868538,34.434759133457888],[-118.3859758719981,34.434756186902092],[-118.38589634998156,34.434745214921634],[-118.38580015530636,34.434720611578726],[-118.38568945344139,34.434682874806505],[-118.38569002790975,34.434681691975165],[-118.38550416074439,34.43461460213689],[-118.38531493802003,34.434546286673793],[-118.38521408328999,34.434509872291734],[-118.38509638321507,34.434467374581025],[-118.384840489072,34.434374979157646],[-118.38483851030108,34.434375073784665],[-118.38483742799652,34.434374674233766],[-118.38434907543623,34.434398821053897],[-118.38380885477332,34.434669148668185],[-118.38363304586009,34.434720550161259],[-118.38339903120699,34.434798000269119],[-118.38286976571807,34.434945609695092],[-118.38283106424795,34.434954719184894],[-118.38207430560581,34.435116096056284],[-118.38207530419484,34.435671269742592],[-118.38208027016381,34.43641598036772],[-118.38208117427882,34.437085975902953],[-118.38210992225983,34.437136988605701],[-118.38221684184246,34.437133827312088],[-118.38226321921864,34.43731113119938],[-118.38228683682942,34.437324668085736],[-118.38235555623982,34.437507551423884],[-118.38236828546755,34.437512389486074],[-118.38247444470483,34.437677873317682],[-118.38246323120704,34.437682752590511],[-118.38245186605263,34.437687780191297],[-118.3823443568254,34.437734255765342],[-118.38231496413495,34.437746961702246],[-118.38211520860251,34.437827169090795],[-118.3819687796108,34.437883004885947],[-118.38151929614044,34.438054397312783],[-118.38156367329003,34.438134247822212],[-118.38156515228597,34.438136911700106],[-118.38132987099803,34.438232308507054],[-118.38102452417994,34.438326160628279],[-118.38083645115312,34.438359908520326],[-118.380758760522,34.438367640478866],[-118.3805698656367,34.438369215827052],[-118.38039083683307,34.438350074338771],[-118.38025603762907,34.438320544471658],[-118.38015341678552,34.438290821675118],[-118.38017002415799,34.438290908471885],[-118.38007385933308,34.43825381700568],[-118.38007522333403,34.438251559808762],[-118.38000971381443,34.43822436931962],[-118.37995575323347,34.438196362803353],[-118.37989808301221,34.43816281265056],[-118.37983295544767,34.438119853108162],[-118.37978584588186,34.438084940983266],[-118.37973583665013,34.438041468872036],[-118.37968915616567,34.438000889249722],[-118.37963719146222,34.437943763233115],[-118.37959601738623,34.437898500024417],[-118.37954367755958,34.437827081381087],[-118.37949017829666,34.437737365279844],[-118.37936423858213,34.437498301022352],[-118.37920543858024,34.437196860601034],[-118.37919196007233,34.437171274029559],[-118.37917577399924,34.437147043706481],[-118.37912867982379,34.437070872750134],[-118.37908333679924,34.43701030539718],[-118.37906450920963,34.436987825069146],[-118.37904206651781,34.436962623494999],[-118.3789936594624,34.436908263701397],[-118.37896885880193,34.436880413571814],[-118.37896790122353,34.43702746424853],[-118.37896785151703,34.43703519232043],[-118.37896751757144,34.437086626561225],[-118.37896386774344,34.437650655057688],[-118.37896268956304,34.437832684882778],[-118.378962097743,34.437924056808875],[-118.37895949206008,34.438284502994371],[-118.37895724844678,34.438388546574821],[-118.37895310068089,34.438580846881322],[-118.37895107261986,34.438674872885578],[-118.37894545719728,34.438935145925917],[-118.37893059688119,34.439623959479938],[-118.37892639720735,34.439818510149642],[-118.37892435177109,34.439913274552495],[-118.3789170454092,34.440253950391053],[-118.37889644575273,34.441208020015587],[-118.37889491429866,34.441278963481892],[-118.37888415464751,34.441777910033053],[-118.37888354010454,34.441806192944178],[-118.37888294444207,34.441833603115363],[-118.37888123994648,34.441911961300242],[-118.37888079993972,34.441931967621962],[-118.37887635844184,34.442136560252401],[-118.37887567069163,34.44216788785765],[-118.37887534274026,34.442183583614842],[-118.37887523539612,34.44218869111657],[-118.37887428249549,34.442195702585266],[-118.37886974767063,34.442229102199292],[-118.37886564982412,34.44242935198421],[-118.37886522354717,34.442634399061191],[-118.37886212374848,34.442775137544203],[-118.3788601927175,34.442862790301611],[-118.37885081551637,34.443156455949193],[-118.37884961966952,34.443214357728785],[-118.37885101930694,34.443296212262105],[-118.37884590212515,34.443396086185345],[-118.37884546535031,34.4434168065062],[-118.3788453605072,34.443421986122061],[-118.37884489679858,34.443444918881077],[-118.37884484247502,34.443450200212006],[-118.37884189678844,34.443733426785037],[-118.37883609912755,34.44400258847655],[-118.3788350785041,34.444049975164162],[-118.37882872121914,34.444343961315369],[-118.37882217502057,34.444647621463325],[-118.37881518519383,34.444970270105571],[-118.37881266333905,34.445086668162986],[-118.3788116930654,34.445131493443725],[-118.3788072913338,34.445334855312126],[-118.37880456747351,34.445462112019797],[-118.37880403531318,34.445486986883758],[-118.3788027906742,34.44554542070793],[-118.37880204004459,34.445580640404692],[-118.37880152977075,34.445600040210728],[-118.37880139069131,34.44560917764764],[-118.37880125842692,34.445617899458199],[-118.37880125240183,34.445618727982712],[-118.37879930201379,34.445713158481091],[-118.3787958695619,34.445879380605405],[-118.37879571883862,34.445886676253501],[-118.3787926688764,34.44603387761159],[-118.37879036018478,34.446145237246704],[-118.37878595385783,34.446357899292678],[-118.37877756475037,34.446762712254859],[-118.37877293060049,34.44698846340782],[-118.37877292961478,34.446988485949106],[-118.37876837181847,34.447210214235035],[-118.37876829523216,34.447213952215499],[-118.37876431910718,34.447406617878215],[-118.37874197013882,34.448489361427804],[-118.3787265606411,34.449235953409037],[-118.37872609517811,34.449258514733216],[-118.37872576668096,34.449274342106861],[-118.37872601591981,34.449274347639637],[-118.37873904272253,34.449274635135943],[-118.37932652119436,34.449287585977764],[-118.37944852519325,34.449290275119047],[-118.3803078941941,34.449309237602918],[-118.38060672500136,34.44931580224565],[-118.38063618321164,34.449316479745747],[-118.38206690659852,34.44934800738649],[-118.3823128578115,34.449353443331731],[-118.38272988717119,34.449362625151139],[-118.38528335118495,34.449418871820491],[-118.3868267703333,34.449452816258855],[-118.38769915537287,34.449472005853814],[-118.3876995123628,34.449472013728439],[-118.38769953311727,34.449465485685728],[-118.38769958274504,34.449450433587636],[-118.38770049041693,34.449175804910986],[-118.38770160455996,34.448838705870479],[-118.38770247478874,34.448475165733726],[-118.38770618876138,34.446923592244133],[-118.38770764093108,34.446924158272381],[-118.38770764070023,34.446924108688926],[-118.38921929840092,34.447513191476787],[-118.38871941617748,34.448373086402377],[-118.38867896547907,34.448437169605782],[-118.38841201628303,34.448494941608807],[-118.38852037327419,34.448538108837205],[-118.38860195633607,34.448570409034481],[-118.388769991953,34.448636964407051],[-118.3888756518942,34.448678814711542],[-118.38887915202571,34.448687496945468],[-118.38895871172492,34.448884858162067],[-118.38894151554689,34.449222818353824],[-118.38878074031784,34.449379494776466],[-118.38879125081218,34.449383917360727],[-118.38897649908154,34.449461853200042],[-118.38899391305235,34.449468722024534],[-118.38907517492017,34.449468612941082],[-118.38907624842679,34.449486414710933],[-118.3890760360065,34.449523635948154],[-118.38907583556858,34.449554338185514],[-118.38907574747034,34.449568323898546],[-118.38899658587179,34.449748974702317],[-118.38891793040031,34.449926220554175],[-118.38884089958313,34.450102107949405],[-118.38884019819676,34.45027794724836],[-118.38884069389877,34.450455180079921],[-118.38884043037348,34.450889319733768],[-118.3888403371275,34.451054161117121],[-118.38884030331624,34.451081645257254],[-118.38884017670529,34.451268473249094],[-118.38884013560721,34.451344036886958],[-118.38884009882361,34.451407240539901],[-118.38886417751928,34.451470417397708],[-118.38891984132039,34.451620134519807],[-118.3889125111186,34.451840453075292],[-118.38891018736982,34.451893531765315],[-118.38890031814535,34.452162793476795],[-118.38889062625326,34.452432055515196],[-118.3888844270973,34.452603765368515],[-118.38888128773674,34.452690774830259],[-118.38887835927342,34.452780997568098],[-118.3888726427238,34.452957016082102],[-118.3888668777073,34.453135478795176],[-118.38886612485403,34.453158838935032],[-118.38883959753205,34.45315847768584],[-118.38770765256307,34.453129200134924],[-118.38783304894829,34.456059515344542],[-118.38784065383112,34.456224118391802],[-118.38801331825647,34.460346550189584]]]},"properties":{"OBJECTID":5,"District":5,"DistrictName":"CITY OF SANTA CLARITA 5TH COUNCIL","Shape_Leng":235930.84797,"GlobalID":"{18D46B07-04A0-4A6D-9279-18DB87EA4644}","Shape.STArea()":577735212.75083387,"Shape.STLength()":235930.84797006537}}]}