{"type":"FeatureCollection","crs":{"type":"name","properties":{"name":"EPSG:4326"}},"features":[{"type":"Feature","id":10156,"geometry":{"type":"Polygon","coordinates":[[[-118.504677420289,34.3445759439997],[-118.506002905247,34.3413721709069],[-118.506019041693,34.3413724848773],[-118.507067873067,34.3413929200606],[-118.507472834448,34.3414047154999],[-118.507638464961,34.3414087422292],[-118.509448253546,34.3414599276918],[-118.510586653079,34.3414921509773],[-118.510639035119,34.3414936359706],[-118.510841993582,34.3419001964329],[-118.510846677924,34.3419095842563],[-118.510814543423,34.3422503792496],[-118.510632428671,34.3441906947087],[-118.51059314979,34.3446093135913],[-118.510566878703,34.3448894894657],[-118.510593748648,34.3448909692777],[-118.512128803964,34.3449741833606],[-118.512392632931,34.3449883474324],[-118.512576928216,34.3449982873703],[-118.512712012536,34.3450055989953],[-118.512724333551,34.3450062653942],[-118.512724372735,34.3450062742438],[-118.513035690891,34.3456299231722],[-118.513517947988,34.3465959624026],[-118.513524731553,34.3466095505182],[-118.513648191972,34.3468568561424],[-118.51415338873,34.3478688111288],[-118.514175427192,34.3479129543919],[-118.514480600502,34.3485242331275],[-118.514595483244,34.3487543457757],[-118.514602310141,34.3487680292106],[-118.514787845511,34.3491398810777],[-118.51511022923,34.3497859945593],[-118.515370997471,34.3503086148309],[-118.515869127465,34.3513069199918],[-118.51621637654,34.3520028294437],[-118.51635310926,34.352276848823],[-118.516363618469,34.3522979081965],[-118.516544110447,34.3526595599185],[-118.516573266415,34.3527179861613],[-118.516814521055,34.3532014487882],[-118.517095770557,34.3537650476753],[-118.517210468238,34.3539948899854],[-118.517348758612,34.3543109340931],[-118.517539402795,34.354826208476],[-118.517546488843,34.3548247456705],[-118.517555585506,34.3548228658811],[-118.51760366464,34.3548129365512],[-118.517673582414,34.3550556020329],[-118.517786329627,34.3554469161188],[-118.517817747688,34.355555961075],[-118.517851895776,34.3556568381273],[-118.517901083277,34.3558021464063],[-118.517966623297,34.3559647331133],[-118.518078717962,34.3562011273001],[-118.518134660877,34.3563051097714],[-118.518250272836,34.356498616036],[-118.51832244435,34.3566077426328],[-118.518495703608,34.356841840074],[-118.518601371452,34.356969107336],[-118.518730680742,34.357112011508],[-118.518910373971,34.3573006305941],[-118.520017861147,34.3584631058957],[-118.520265164762,34.3587226815875],[-118.52184227132,34.3603770006804],[-118.521893071011,34.3604302856451],[-118.522114445811,34.3606624920994],[-118.522335822927,34.3608946972408],[-118.522503721844,34.3610708079205],[-118.522682030693,34.3612578380076],[-118.522746849778,34.3613258266795],[-118.522824659737,34.3614074410517],[-118.523039786505,34.3616569652142],[-118.523217230461,34.3619015255103],[-118.523345388692,34.3621095110238],[-118.523512536271,34.3624439501867],[-118.52356816556,34.3625807160193],[-118.523618030609,34.3627210569911],[-118.523637148526,34.3627841218594],[-118.523637176321,34.3627842200072],[-118.523687889447,34.3629645117289],[-118.523710550237,34.3630643918855],[-118.523715529935,34.3630904338866],[-118.523729671009,34.3631643964196],[-118.523732614987,34.363179791015],[-118.523750183992,34.3632942575401],[-118.523760433296,34.3633800136999],[-118.523768407777,34.3634684563601],[-118.523771409367,34.3635104912072],[-118.52377429287,34.3635617610368],[-118.523775931216,34.3636012080443],[-118.523776846471,34.3636331943282],[-118.523776964862,34.3636373291798],[-118.52377708759,34.3636416353052],[-118.523777070615,34.3636418751881],[-118.523777230082,34.3636487406263],[-118.523777237104,34.3636489930271],[-118.523777262661,34.3636502920355],[-118.523777439133,34.3636600369184],[-118.523777393474,34.3636600371157],[-118.523777462624,34.3636615261606],[-118.52377758105,34.3636698189136],[-118.523777585428,34.3636701695937],[-118.523776923909,34.363771298173],[-118.523777248498,34.3637715690354],[-118.523776869136,34.3637797097761],[-118.523776801516,34.3637900561391],[-118.523770745865,34.3639192711575],[-118.523769873942,34.3639298220393],[-118.52376912671,34.3639458564489],[-118.523763523014,34.3640066850147],[-118.523763226973,34.3640102654069],[-118.523763047759,34.3640118492851],[-118.523752131653,34.364108064605],[-118.523740544163,34.3641861934284],[-118.523738845163,34.3641976512263],[-118.523739200894,34.364197687554],[-118.523735220786,34.3642220850917],[-118.523718290256,34.364315161088],[-118.523685613453,34.3644948078535],[-118.523659591675,34.3646378612078],[-118.523621928175,34.3648449191747],[-118.523610485436,34.3649064941853],[-118.523562042282,34.3651673737369],[-118.523522723684,34.3653791169043],[-118.523461754138,34.3657074496171],[-118.523455594795,34.3657406186186],[-118.523392909539,34.3660781922675],[-118.523352992776,34.3662931555449],[-118.523321317461,34.3664637292772],[-118.523316234916,34.3664911039334],[-118.523274853335,34.3667136924148],[-118.523265620596,34.3667633557184],[-118.523189653073,34.3671723776957],[-118.523169261314,34.3672821704593],[-118.52313538078,34.3674645854554],[-118.523037352857,34.3679923586551],[-118.522998299488,34.3682026120263],[-118.522955742738,34.3684317280823],[-118.522849678526,34.3690027528662],[-118.522805858925,34.3692386674046],[-118.522778721438,34.3693847644263],[-118.522700509927,34.3698058285503],[-118.522628307248,34.370194535697],[-118.522575899925,34.3704766739259],[-118.522484063994,34.3709710746388],[-118.52244158332,34.3711997691247],[-118.52243655061,34.3712268604371],[-118.522418018545,34.3713292406864],[-118.522390778916,34.3714797276362],[-118.522344488617,34.3717513788185],[-118.522301310594,34.3720047694118],[-118.522287864253,34.3720935875037],[-118.522267240379,34.3723105614894],[-118.522263118257,34.372486113471],[-118.522268923974,34.3726432637323],[-118.522287252996,34.3728278308433],[-118.522326692284,34.3730529231446],[-118.522343543561,34.3731257093397],[-118.522367798523,34.373217807058],[-118.522393249599,34.3733031470872],[-118.522416245535,34.3733726855929],[-118.522416141091,34.3733726752245],[-118.522418290343,34.3733788703561],[-118.522418625029,34.3733798795394],[-118.522418755421,34.3733802134486],[-118.522421675447,34.3733886455838],[-118.522425918491,34.3734006871901],[-118.522432605834,34.3734193328565],[-118.522442964564,34.3734474577125],[-118.522451369198,34.3734696453374],[-118.522456070867,34.3734818256062],[-118.522459595866,34.3734908474445],[-118.522459697476,34.3734910994377],[-118.522480295274,34.3735405682809],[-118.5224797233,34.3735407321217],[-118.522506426983,34.3736033263001],[-118.522553062051,34.3737039390204],[-118.522594646672,34.3737882367008],[-118.522664692169,34.3739073589329],[-118.522747810349,34.3740344475529],[-118.522814163474,34.3741250888647],[-118.522839622946,34.3741575733164],[-118.523033967361,34.3744055282766],[-118.52325782385,34.374691136356],[-118.523369144335,34.374833163034],[-118.523586972336,34.3751166021886],[-118.523689553544,34.3752424386112],[-118.523820343799,34.3753953615185],[-118.523950261442,34.3754498760263],[-118.524043567511,34.3754885229001],[-118.524119260074,34.3755198757693],[-118.524343907449,34.3756124705893],[-118.524306372181,34.3755611243836],[-118.524899691945,34.3758262680912],[-118.525220359612,34.3759619438808],[-118.525242856742,34.3759709943315],[-118.52539646368,34.3760329559509],[-118.525469552739,34.3760621790092],[-118.52553599977,34.3760869763112],[-118.525660612829,34.3761403508063],[-118.525723782723,34.376172721623],[-118.525806944212,34.3762207817376],[-118.525888481303,34.3762746953247],[-118.525975047087,34.376338211874],[-118.526031682334,34.3763843485392],[-118.526080031279,34.3764308520016],[-118.526330239943,34.3766908166091],[-118.526330415351,34.376690699549],[-118.526430892167,34.3766237422997],[-118.526462286924,34.3766095094984],[-118.526487097094,34.3766022056673],[-118.52657653168,34.3765945895937],[-118.526654412633,34.3765942512873],[-118.526727383239,34.3766028631117],[-118.526790455034,34.3766190764125],[-118.526901808007,34.376670802445],[-118.526953368641,34.3767011648657],[-118.527076394983,34.3767652046106],[-118.527202725763,34.3768261267625],[-118.527330680253,34.3768836339017],[-118.527783377261,34.3770669582248],[-118.527824109955,34.3770834539581],[-118.527880596529,34.3771065623904],[-118.528096602,34.377199054487],[-118.528217897703,34.3772510641647],[-118.528581823138,34.3774119633233],[-118.528977301527,34.3775829994693],[-118.529038696765,34.3776098363502],[-118.529422601629,34.3777710145371],[-118.529671836963,34.3778757224325],[-118.529911071554,34.3779722271497],[-118.530057288882,34.37803305671],[-118.530358016349,34.3781574575703],[-118.53052751439,34.3782309144555],[-118.531223562984,34.3772001492747],[-118.531499469466,34.3768114916132],[-118.531714226283,34.3765086900865],[-118.531875560406,34.3762812136015],[-118.532273008457,34.3757258111728],[-118.5325588049,34.3753243526212],[-118.532590953658,34.3752680689031],[-118.532755846302,34.3749793889769],[-118.532803317358,34.3748962711484],[-118.533141772548,34.3744306785929],[-118.53326021173,34.3744817726146],[-118.533438711095,34.3742265294901],[-118.53352679807,34.3741023081423],[-118.533729372756,34.3738166659785],[-118.533832077849,34.3738109902313],[-118.534459730991,34.3743705124039],[-118.534652343026,34.3745405607781],[-118.535292825559,34.3751107612267],[-118.535354947622,34.3751660776588],[-118.535376288482,34.3751850726195],[-118.535641256188,34.3754195800187],[-118.535859939103,34.3756142928202],[-118.536098775746,34.3758241052523],[-118.536199471676,34.3759132486386],[-118.536738157273,34.3763904561137],[-118.537087380975,34.3767003725535],[-118.537279666605,34.376870404704],[-118.53754169253,34.377102151484],[-118.537760450729,34.3772965395981],[-118.537873485061,34.3773969817667],[-118.53797287761,34.3774847456088],[-118.538217686021,34.3777008264531],[-118.538284663223,34.3777599423683],[-118.538285146575,34.3777603675521],[-118.538422394554,34.3779450371492],[-118.538467124282,34.378005221825],[-118.538471601758,34.3780112467627],[-118.538589524933,34.3781706507021],[-118.538711757509,34.3783342257358],[-118.538798351785,34.3784519318221],[-118.538853855795,34.3785266166207],[-118.538919849535,34.3786154143498],[-118.539042108852,34.3787790556476],[-118.539117532911,34.3788800100757],[-118.539184064995,34.3789692407117],[-118.539330681828,34.3791664224634],[-118.53953634848,34.3794430184544],[-118.539717670288,34.3796868703669],[-118.539828633079,34.379831083397],[-118.539978457153,34.3798228062829],[-118.540318758967,34.3798031033546],[-118.540649308401,34.3797839640512],[-118.540684264171,34.3798548738476],[-118.540741264366,34.3799708759017],[-118.541078263279,34.3806758749016],[-118.541107264069,34.3807348747647],[-118.54130126446,34.3811668750056],[-118.541422264039,34.3814648751285],[-118.541431263799,34.3814858741731],[-118.541619263796,34.3819728738956],[-118.541674263806,34.3821308754676],[-118.541747264756,34.3823398751228],[-118.541968264848,34.3827768743901],[-118.54215726443,34.3831098749848],[-118.542444264768,34.3835088749364],[-118.542738264367,34.3839058748192],[-118.543275265305,34.3846048749432],[-118.54360326492,34.3850428756784],[-118.543611278638,34.3850536032317],[-118.543727264477,34.3852088755271],[-118.543911165854,34.3854441116521],[-118.544053264593,34.3856258745357],[-118.544173736669,34.3857804771669],[-118.544411246342,34.3860852691307],[-118.544466265141,34.386155874988],[-118.544518264524,34.3862218748909],[-118.544862264989,34.3866668756633],[-118.544910266359,34.3867288761043],[-118.545009768489,34.3868596515974],[-118.545295264213,34.3872348752949],[-118.545368205325,34.3873308010234],[-118.545533265439,34.3875478758906],[-118.545610265034,34.3876478753028],[-118.545646265826,34.3876948764464],[-118.545683264972,34.3877428755984],[-118.545845950748,34.3879536661778],[-118.5460034594,34.3881577480563],[-118.54611767172,34.3883057299039],[-118.546001349997,34.3883657554],[-118.545956259599,34.3883796789746],[-118.545701616357,34.3884583072442],[-118.545235799948,34.3887407708744],[-118.545043165005,34.388910574687],[-118.544826563159,34.3891015043805],[-118.544507318952,34.3893829070915],[-118.5443721798,34.3895020275918],[-118.54408490806,34.3897552441337],[-118.543957043793,34.3899862567564],[-118.543695143104,34.390216347637],[-118.543563100091,34.3903323520398],[-118.543138769104,34.3907051396942],[-118.542697299552,34.3910929780206],[-118.542591491238,34.3911859323666],[-118.542326939138,34.391418343655],[-118.542257031497,34.3914797419171],[-118.542383346524,34.3916306689363],[-118.541540800122,34.3920766498214],[-118.541511106097,34.3920923655442],[-118.541511061662,34.3920923891827],[-118.541447935459,34.3921257864269],[-118.541446099503,34.3921267592723],[-118.541443974587,34.3921286187196],[-118.541240476429,34.3922357051383],[-118.540737301951,34.3925017639497],[-118.540869381728,34.3926719336203],[-118.540670435371,34.3927780656729],[-118.540509525216,34.392863906396],[-118.540331399762,34.3929589291654],[-118.540196882683,34.392785620696],[-118.540188392993,34.3927900949924],[-118.540127263763,34.3928223512148],[-118.540309365064,34.3930494950142],[-118.539672991783,34.3933460802287],[-118.53951844892,34.3931469976859],[-118.539389292941,34.3932159982124],[-118.539253998157,34.3932882849653],[-118.538926054483,34.3934643963492],[-118.539233599008,34.3939285595501],[-118.539293021597,34.3940182445465],[-118.539293917774,34.394019593771],[-118.539333485207,34.3940792394173],[-118.539333955527,34.3942412889871],[-118.53933563133,34.3948187588162],[-118.539335745929,34.3948586423969],[-118.539336138589,34.394996091106],[-118.539336258921,34.3950299713119],[-118.539367193974,34.3952121339354],[-118.539348063213,34.395215434819],[-118.539331852682,34.3952182476],[-118.539315626838,34.3952210469238],[-118.539299399992,34.395223859773],[-118.539283173057,34.3952266590972],[-118.539266962604,34.3952294844907],[-118.539250735761,34.3952322982349],[-118.539234508818,34.3952350966512],[-118.539218281972,34.395237910391],[-118.539202055026,34.3952407088029],[-118.539185828179,34.3952435225384],[-118.539169617544,34.3952463208735],[-118.539153390601,34.3952491201804],[-118.539137163651,34.3952519185836],[-118.539120935618,34.395254717891],[-118.539104709666,34.3952575027624],[-118.539088481631,34.3952603020655],[-118.539072255764,34.3952631004552],[-118.539056027727,34.3952658997539],[-118.539039800683,34.3952686846214],[-118.539023574819,34.3952714839061],[-118.539007346772,34.3952742822968],[-118.538996205068,34.3952762043191],[-118.538991120906,34.3952770815772],[-118.538974892857,34.3952798799636],[-118.538958708274,34.3952826727453],[-118.538952921983,34.3952427602826],[-118.53894070956,34.3951585071354],[-118.538930801127,34.3951012340237],[-118.538909066296,34.3950094601833],[-118.538896484689,34.3949661484631],[-118.538844002066,34.3947949684628],[-118.538822025085,34.3947287894755],[-118.538774808281,34.3946042965887],[-118.53871269725,34.3944822940937],[-118.538620560308,34.3943312394194],[-118.538530197433,34.3941980101413],[-118.538454915734,34.3940901543595],[-118.538299523667,34.3938960793943],[-118.538242765318,34.3938236835264],[-118.538175280276,34.3937376075051],[-118.538013742487,34.3935315419359],[-118.537948860384,34.393442596361],[-118.537884870919,34.3934764102747],[-118.537774048166,34.3935369984249],[-118.537747666237,34.3935511289505],[-118.537609000015,34.3936253995739],[-118.537608711724,34.3936255541137],[-118.537451591767,34.3937086053225],[-118.537365520556,34.3937541034122],[-118.536954614095,34.3939713113054],[-118.536804234496,34.394050801393],[-118.536468499073,34.3942282703504],[-118.536324065742,34.3943046151061],[-118.536321513139,34.3943045993501],[-118.53629420279,34.3943046669502],[-118.535960310272,34.3943026515652],[-118.535519082032,34.3943002673077],[-118.535055298158,34.3942977609998],[-118.534370867056,34.3942940581949],[-118.53436629274,34.3942940513073],[-118.534323329474,34.3942938286307],[-118.533669066461,34.3942904973923],[-118.533037078518,34.3942872765682],[-118.532852101431,34.3942863081317],[-118.532692194688,34.3942854997413],[-118.532462564399,34.3942843247812],[-118.532361382245,34.3942838062053],[-118.532209949951,34.3942830257852],[-118.531934451491,34.3942816165948],[-118.531881486743,34.3942813449705],[-118.531641778843,34.3942801189001],[-118.531589129504,34.3942798493714],[-118.531511187076,34.3942794499798],[-118.531511102266,34.3942794530561],[-118.531482903892,34.3941750801988],[-118.531447912893,34.394045157746],[-118.531358349119,34.3937125470734],[-118.53134362852,34.3936578782583],[-118.531273921092,34.3933989831785],[-118.531194010885,34.3931022347664],[-118.531060606118,34.3926068366288],[-118.531028811881,34.3924887309426],[-118.530389149311,34.3923738320344],[-118.529353409783,34.3921877836532],[-118.529227278619,34.3921651187081],[-118.527094422274,34.3917819313989],[-118.526964274125,34.391758778508],[-118.526804281439,34.3917301746212],[-118.526554757396,34.3916852340103],[-118.526422120225,34.391660706584],[-118.525937260825,34.3915735429841],[-118.525484531641,34.3914931899724],[-118.525352731312,34.3914700280908],[-118.525010665798,34.3914101698898],[-118.524808063627,34.3913747194659],[-118.52483241562,34.3912827274456],[-118.52484008394,34.3912537557661],[-118.524854868301,34.3911986059594],[-118.524865808315,34.3911577937326],[-118.524885432514,34.3910845831838],[-118.524922605695,34.3909459089654],[-118.524966531777,34.3907805830613],[-118.524999316116,34.3906571971775],[-118.525016700967,34.3905917648589],[-118.525037384025,34.3905131864439],[-118.525046467716,34.3904786244902],[-118.525054690122,34.3904471738692],[-118.52509318224,34.3902999274594],[-118.525107143206,34.3902479131288],[-118.525124566328,34.390183058513],[-118.525157484749,34.3900578995747],[-118.525157745013,34.3900579552444],[-118.525274607161,34.3896168490482],[-118.52528199959,34.3895907391143],[-118.525304219312,34.3895068971179],[-118.525310426991,34.3894834761955],[-118.525257105317,34.3894733620407],[-118.525181396908,34.3894590021183],[-118.52506869717,34.3894385682037],[-118.524512789978,34.389337773328],[-118.524034998968,34.3892505066894],[-118.523759425212,34.3892001726539],[-118.523281124167,34.3891116124475],[-118.523168461544,34.389091569681],[-118.52305899106,34.3890720945319],[-118.522961163639,34.3890544073044],[-118.522928835321,34.3890475679248],[-118.522815864584,34.3890270943232],[-118.52257432402,34.3889833219007],[-118.522380097527,34.3889481234448],[-118.521639078166,34.3888118574261],[-118.521464429403,34.3887803083517],[-118.52133932498,34.3887577092467],[-118.521187362005,34.3887302570879],[-118.521179080145,34.3887287609731],[-118.520793639158,34.3886579009928],[-118.52073812576,34.3886484118228],[-118.520660934363,34.3886336849205],[-118.520337553484,34.3885748115954],[-118.520227914403,34.3885547648466],[-118.51994182573,34.3885024568362],[-118.519815960503,34.3884794438159],[-118.519582014726,34.388437221395],[-118.519556510905,34.38853067688],[-118.51955159249,34.3885499061347],[-118.519549097077,34.3885494408152],[-118.51947702614,34.3888405606871],[-118.519393061241,34.3891478004813],[-118.519389369048,34.3891617324449],[-118.519291895624,34.3895298586266],[-118.519236026556,34.3897387562537],[-118.519189928724,34.3899133201957],[-118.519088389511,34.3902950597009],[-118.519059586406,34.3903103405711],[-118.518911585879,34.3902833265723],[-118.518233995912,34.3901596954134],[-118.518112328218,34.3901374947972],[-118.518059531925,34.3901278476406],[-118.518029553881,34.3901224375715],[-118.517914840544,34.3901019325903],[-118.517880055085,34.3900955396065],[-118.517377168347,34.3900038886128],[-118.51734656126,34.3900272906179],[-118.517253890573,34.390097499308],[-118.517020612026,34.3902763839767],[-118.51673520628,34.3904966915514],[-118.516641717707,34.3905681068066],[-118.516401046472,34.3907527140791],[-118.516268673926,34.3908544186383],[-118.516145402137,34.390949398504],[-118.515887312648,34.3911463857859],[-118.515564678489,34.3913955322955],[-118.515405836333,34.3915166611959],[-118.515313173004,34.3915882386898],[-118.515254346161,34.3915883209971],[-118.515228652595,34.3915883598568],[-118.515054655989,34.3915886104436],[-118.514703303577,34.3915891368475],[-118.514629492393,34.3915882646207],[-118.514598894886,34.3915879022406],[-118.514475566256,34.3915654796367],[-118.514342107957,34.3915412048438],[-118.514021947726,34.3914829717377],[-118.512959192502,34.3912880575553],[-118.512827388317,34.3912648739773],[-118.512225576469,34.3911544794178],[-118.511758066158,34.3910686031187],[-118.511587979595,34.3917071355505],[-118.511587832886,34.3917076843046],[-118.511527187214,34.3919422534853],[-118.511373515143,34.3925365833375],[-118.511359331803,34.3925913890427],[-118.510566314851,34.3925856541018],[-118.510540848235,34.3926914747608],[-118.510512893593,34.3928014313262],[-118.510489061933,34.3928989933129],[-118.510342142841,34.3931726001233],[-118.510193544439,34.3934475850523],[-118.510146761144,34.3935347532404],[-118.510119666168,34.3935852343453],[-118.510047440379,34.3937198060024],[-118.509935556734,34.3937186006143],[-118.509799681557,34.3937187869953],[-118.50930751464,34.3937149627684],[-118.508753065184,34.3937106523059],[-118.50865108002,34.3937099099641],[-118.50764595243,34.3937025968883],[-118.507510864972,34.3937014034634],[-118.506607027241,34.3936947387356],[-118.506417011867,34.3936933372233],[-118.505317332997,34.3936865205011],[-118.505180620841,34.3936853312511],[-118.504961700517,34.3936837296366],[-118.50407516724,34.3936772363214],[-118.503678121414,34.3936741549623],[-118.503318646757,34.393671363519],[-118.50302374511,34.3936690730636],[-118.503010338494,34.3941004782982],[-118.502248239448,34.394096043668],[-118.501334574078,34.3940904405376],[-118.500879439251,34.3940987863532],[-118.500138567679,34.3941123527457],[-118.499505988114,34.3941239314399],[-118.499280580146,34.3941280566265],[-118.499172641296,34.394130031831],[-118.499123810007,34.3941309261246],[-118.499137473824,34.3942610626823],[-118.499137647082,34.3942629344621],[-118.499140061637,34.3942891078701],[-118.499196286697,34.394897148115],[-118.499213681484,34.3950852543723],[-118.499258477092,34.3955850967502],[-118.49928030916,34.3958286896637],[-118.499290271941,34.3959398622717],[-118.499304868847,34.3961022023739],[-118.49948395988,34.3979353798056],[-118.50050600201,34.3979056107083],[-118.500506499033,34.3979056086568],[-118.500507950772,34.3979209630549],[-118.500557629479,34.3984380410784],[-118.500624073229,34.3991236237729],[-118.50064128572,34.3993009806216],[-118.500654808768,34.3994386490057],[-118.500900920499,34.3994219702534],[-118.50091297546,34.399552362057],[-118.500913010498,34.3995525818873],[-118.500940323717,34.3998479370212],[-118.500941397183,34.399848656521],[-118.500951931574,34.3999674400974],[-118.501186180685,34.4001374973704],[-118.501572074631,34.4004626198139],[-118.501869470488,34.4007686530539],[-118.502698350187,34.4017891460026],[-118.502760747269,34.4019150385075],[-118.502781621211,34.4019571538163],[-118.50285794188,34.4021274135838],[-118.502927227219,34.4022997282337],[-118.502989396593,34.4024738997742],[-118.503044376932,34.4026497220671],[-118.503092104984,34.4028269943417],[-118.503132525082,34.4030055112867],[-118.503165591325,34.4031850639432],[-118.503191263267,34.4033654469343],[-118.503209512399,34.403546449423],[-118.503216763899,34.4037088744936],[-118.503219181269,34.4038713971539],[-118.503216760647,34.4040339227588],[-118.503214265403,34.404205164731],[-118.503181665888,34.4064416704323],[-118.503181614373,34.406445207375],[-118.502958906271,34.4064435059321],[-118.502615556194,34.406440873393],[-118.502568369272,34.4079043559685],[-118.502558644554,34.4082059648053],[-118.502558637218,34.4082061911213],[-118.502558638197,34.4082063533939],[-118.502544771672,34.4086391205191],[-118.502923184846,34.4086427185925],[-118.503150366776,34.4086448766744],[-118.503150259702,34.4090948800619],[-118.503153132104,34.4094341380325],[-118.503100260537,34.4096808798637],[-118.503031260759,34.4099058794899],[-118.503030762033,34.4099059717122],[-118.503030881016,34.4099071215794],[-118.502921259774,34.4102658802127],[-118.502809259915,34.4106318798215],[-118.502184260918,34.4126868802897],[-118.502155259912,34.4128728809522],[-118.502155143789,34.4128736477389],[-118.502131259229,34.4130308799175],[-118.502131259546,34.4134638806414],[-118.502156259546,34.4137058811287],[-118.502191260817,34.4140028798945],[-118.502191561197,34.4140054299987],[-118.502525427363,34.4168395906922],[-118.502593261183,34.4179478809079],[-118.502630261373,34.418177881654],[-118.502630359703,34.418178492488],[-118.502683260784,34.418507881183],[-118.502683435352,34.4185090470473],[-118.502689260289,34.4185478818185],[-118.502703261688,34.4186308805109],[-118.502882261322,34.419585881283],[-118.502543692036,34.4196505732415],[-118.502543772123,34.4196968469528],[-118.502543965864,34.4197893680916],[-118.502543236231,34.4198388329888],[-118.502543424278,34.4199383446608],[-118.502543659701,34.4200628395028],[-118.502543586261,34.4202336935079],[-118.502793547357,34.4202022731564],[-118.503004545505,34.4201757496413],[-118.503015261567,34.4202258810927],[-118.50306326016,34.4205098804526],[-118.503917217366,34.4234712775594],[-118.503613123223,34.4234726820194],[-118.503239422594,34.4234726129136],[-118.503192313731,34.4234726036972],[-118.503176257924,34.4234726008827],[-118.502617553219,34.4234724956879],[-118.50258233705,34.4234725595644],[-118.50254334114,34.423472583195],[-118.502543305738,34.4241263338499],[-118.502543307807,34.424241181389],[-118.502543311163,34.4244043882035],[-118.502543317448,34.4246944861649],[-118.502544262374,34.4250896677475],[-118.502544356298,34.425128316196],[-118.502544502178,34.4251979357882],[-118.502544527439,34.4252096962173],[-118.502544727969,34.4252964880355],[-118.502544227604,34.4258214210039],[-118.502543941349,34.4261205553412],[-118.502543586298,34.4264923176713],[-118.502422774674,34.4264911646968],[-118.502311940384,34.4264901073204],[-118.502291150117,34.4264899094258],[-118.502287904555,34.4264898886064],[-118.502287050476,34.4264898858322],[-118.502235473212,34.4264899659607],[-118.502057258367,34.4264901817019],[-118.502049366213,34.4264901873197],[-118.50203511934,34.4264902192372],[-118.501913835747,34.4264903632159],[-118.501665626292,34.4264895643533],[-118.501581999464,34.4264892953236],[-118.501293601527,34.4264883661651],[-118.500712165277,34.4264864771639],[-118.500671710226,34.4264863457365],[-118.500502842017,34.4264858047971],[-118.500042091076,34.4264843260283],[-118.499893605435,34.4264838498727],[-118.499893021211,34.4264838531818],[-118.499891675268,34.4266928481908],[-118.499890569218,34.4269931172708],[-118.499310197688,34.4269882862558],[-118.499038326577,34.4269886026468],[-118.499036978496,34.4269885910635],[-118.498613508206,34.4269849890369],[-118.498495274263,34.4269839838291],[-118.49848257685,34.4269838764359],[-118.498465558826,34.4269837309003],[-118.498463932419,34.4271560967375],[-118.498462859299,34.4272696594533],[-118.497976942901,34.4272661107408],[-118.497480328983,34.4272624813446],[-118.496824002421,34.4273649188737],[-118.496824258597,34.4274914041368],[-118.495530999679,34.4274844925753],[-118.495531251404,34.4276204349556],[-118.49553155536,34.4277841750601],[-118.494069215346,34.4277746415537],[-118.494066735345,34.4282008217698],[-118.494057519912,34.4282020926028],[-118.494034097037,34.4282053226347],[-118.494033587189,34.4282053941294],[-118.492797483944,34.4283755002676],[-118.491454275751,34.4285603324069],[-118.491126674545,34.4285989015909],[-118.49072558217,34.42863037011],[-118.490258341871,34.4286464666269],[-118.489862799592,34.4286429095678],[-118.489543861428,34.4286291423477],[-118.489518777397,34.4286274621401],[-118.489515660122,34.4286272529417],[-118.489515608356,34.4286271458679],[-118.489500635543,34.4286260874823],[-118.489473403294,34.4286241373595],[-118.489473407476,34.4286241084935],[-118.48939350183,34.4286182986437],[-118.489393511108,34.4286182111574],[-118.489333469749,34.4286137960389],[-118.489272559758,34.4286091256537],[-118.488996144248,34.4285810800637],[-118.488788716804,34.4285548438429],[-118.488521761148,34.4285144386795],[-118.488305147627,34.428476073314],[-118.487901803203,34.4283909929306],[-118.487603906988,34.4283164149016],[-118.487321596466,34.4282361831144],[-118.486771735298,34.4280518136514],[-118.486383539249,34.4278977667404],[-118.486220701318,34.4278265888442],[-118.485774222986,34.4276118063863],[-118.485327824574,34.4273728121545],[-118.485009935941,34.4271674265358],[-118.485010266271,34.4271509127026],[-118.485015581459,34.4268856671058],[-118.485016051102,34.4268622496628],[-118.485023460518,34.4264729291594],[-118.485029103503,34.4261763647193],[-118.485031946774,34.4260269672111],[-118.485035528172,34.4258486959952],[-118.485050765846,34.4250903026247],[-118.484891794067,34.4249025985265],[-118.484732592742,34.4247153341853],[-118.484710439063,34.4246865970315],[-118.48468789165,34.4246640450754],[-118.48464588842,34.4246061576539],[-118.484605702554,34.424550774634],[-118.484566509307,34.4244967615748],[-118.484500045622,34.4244051642509],[-118.484337507902,34.4241811580381],[-118.483949254025,34.423646072553],[-118.483858134489,34.4235188598359],[-118.482985526339,34.423519325443],[-118.482156539563,34.4235241983997],[-118.481971131313,34.4235248072198],[-118.48140247271,34.4235268553228],[-118.481402902482,34.4234927900219],[-118.481403319292,34.4234596822025],[-118.481403928714,34.4234113349737],[-118.481404575008,34.4233601441574],[-118.481404956707,34.4233298086968],[-118.481405382694,34.4232960300986],[-118.481405496823,34.4232749292207],[-118.481404543258,34.4232449064827],[-118.481402791548,34.4232204115183],[-118.481398810851,34.4231857840335],[-118.481392499719,34.4231483178484],[-118.481382392851,34.4231142492854],[-118.481384795442,34.4231137601341],[-118.481373915633,34.4230801670422],[-118.481375431346,34.4230798292622],[-118.48136543519,34.423051361495],[-118.481366105512,34.4230512001648],[-118.481354513236,34.4230202622143],[-118.48134331109,34.4229935770579],[-118.481317041018,34.4229401400418],[-118.481300321981,34.4229138274694],[-118.481301746842,34.4229132060674],[-118.481271113798,34.4228670383001],[-118.481271834286,34.4228667099873],[-118.481258714401,34.4228483499934],[-118.481244431415,34.4228282762869],[-118.481225481414,34.4228016443966],[-118.481173344562,34.4227283716198],[-118.481117611294,34.4226500437545],[-118.481087724882,34.422608039874],[-118.481038472925,34.4225388206186],[-118.480939381369,34.4223995576701],[-118.480884826529,34.4223228856528],[-118.4808016492,34.4222059851815],[-118.480745326552,34.4221268291677],[-118.480717039672,34.4220870726939],[-118.480672167902,34.422024007839],[-118.480596651308,34.4219178754554],[-118.480538560984,34.4218362327036],[-118.480474663187,34.4217464278923],[-118.480407480608,34.4216520075763],[-118.480360672356,34.4215862204279],[-118.480305022883,34.4215080090572],[-118.48027985024,34.4214726297238],[-118.480216541981,34.421383652756],[-118.48018680346,34.4213418572243],[-118.480180257782,34.4213326568279],[-118.480120905869,34.421249240142],[-118.480048505555,34.4211474837548],[-118.479892002769,34.4209275235664],[-118.479767153861,34.42075205134],[-118.479657545173,34.4205979977911],[-118.479534296351,34.4204247737368],[-118.479474356771,34.420340529646],[-118.479378471892,34.4202057631273],[-118.479208166634,34.4199663969727],[-118.479182223908,34.4199299350059],[-118.479127142773,34.4200244765977],[-118.479075441495,34.4200100470953],[-118.479035631923,34.4200067694749],[-118.478891403707,34.4200090564199],[-118.47878693569,34.4200060339821],[-118.478030911183,34.420006267996],[-118.477128989783,34.4200067278038],[-118.476212146101,34.4200072394917],[-118.476210040636,34.4207989819952],[-118.476207005705,34.4217181609533],[-118.476202196259,34.4229069832417],[-118.47633505386,34.4229073072304],[-118.476335843921,34.4230135022147],[-118.47634657193,34.4230134889351],[-118.476346650006,34.4230244783368],[-118.476348703574,34.423305952852],[-118.476248411858,34.423305299076],[-118.47618210848,34.4233048660985],[-118.476183605245,34.4233874173615],[-118.476183776555,34.4233968305144],[-118.476183187117,34.423455102622],[-118.476183192885,34.423455730969],[-118.476183241083,34.423460165429],[-118.476186218988,34.4237431851448],[-118.476187013718,34.4238281534713],[-118.476273776395,34.4238268995837],[-118.476281344456,34.4245705151548],[-118.47628722911,34.4253096729006],[-118.476293113862,34.426048829709],[-118.476298981047,34.4267848960904],[-118.476300010271,34.4269648789045],[-118.476302087853,34.4271472538789],[-118.476303342262,34.4272568349774],[-118.476301502477,34.4273190489816],[-118.47617727246,34.4273233546998],[-118.475979133243,34.4273246047234],[-118.475040873993,34.4273305220434],[-118.474312081599,34.4273351138102],[-118.474310172079,34.4271977265335],[-118.474290264773,34.4271978404317],[-118.474112897404,34.4271988547331],[-118.473934592244,34.4271998787498],[-118.473918078258,34.4271999739201],[-118.473901471774,34.4272000658434],[-118.473709165653,34.4272011469297],[-118.473638315117,34.4272015561121],[-118.473517662596,34.4272022516224],[-118.473317072729,34.4272033644225],[-118.473140358323,34.427204411717],[-118.473120594886,34.4272045708402],[-118.473110149371,34.4272046115798],[-118.472919143343,34.427205686343],[-118.472719348913,34.4272068220996],[-118.47258087026,34.4272076086823],[-118.472537828339,34.4272079683836],[-118.472509639887,34.4272079961468],[-118.472336364164,34.4272070500077],[-118.472123293146,34.4272059006024],[-118.47193512666,34.4272048468636],[-118.471885382428,34.4272045733868],[-118.471885268944,34.4272018259517],[-118.471881029858,34.4270919273803],[-118.471651442241,34.4270963101032],[-118.471353011758,34.4271007669833],[-118.471116790643,34.4271051474233],[-118.470846522565,34.4271109505582],[-118.470713529835,34.4271134969508],[-118.470542295328,34.4271167748354],[-118.470489236914,34.4271168436034],[-118.470269531093,34.4271211844813],[-118.470045714009,34.4271255697411],[-118.469935779562,34.4271276581043],[-118.469431457181,34.4271372359689],[-118.469194043762,34.4271416713701],[-118.469193496558,34.4271416806988],[-118.469086650257,34.4271434687585],[-118.468572582573,34.4271520701163],[-118.468327838663,34.4271527114357],[-118.468321140352,34.4271595565002],[-118.46831150936,34.4271693978657],[-118.468285911452,34.4271955564321],[-118.468267580064,34.427214340341],[-118.468203791184,34.4272942199756],[-118.468149236505,34.4273697500984],[-118.468105457679,34.4274461464585],[-118.468062405175,34.4275273163273],[-118.467989955646,34.427669967923],[-118.467980197907,34.4276927043928],[-118.46795757908,34.4277454682878],[-118.467754921819,34.4276799429679],[-118.467634015525,34.4276502924721],[-118.467617109764,34.4276461231368],[-118.467549051505,34.4276319591233],[-118.467509619417,34.4276261357314],[-118.46740906016,34.4276112855121],[-118.46736213361,34.4276053899774],[-118.467293505556,34.4275968914532],[-118.467179039874,34.4275863417396],[-118.467076193389,34.4275791838282],[-118.466978332535,34.4275726872954],[-118.466620201882,34.4275761236225],[-118.466354881412,34.4275716508751],[-118.465991924393,34.4275723587307],[-118.462993951678,34.4275790321705],[-118.462993439036,34.4271795202751],[-118.462992956589,34.4268034463336],[-118.458793050564,34.4268070355298],[-118.458726498211,34.4268075089992],[-118.458726444114,34.4267887969688],[-118.458724231299,34.4260247085656],[-118.458721324835,34.4257389630845],[-118.458719252698,34.4254545712514],[-118.45871735644,34.4253034561051],[-118.458715288493,34.4250259447547],[-118.458712413059,34.4247553043379],[-118.458712403731,34.4247443254935],[-118.458714683472,34.4246096827019],[-118.458710925757,34.4243074387367],[-118.458707182095,34.4240107048879],[-118.458703617103,34.4236452617504],[-118.458703269189,34.4236095451922],[-118.458699923404,34.4235903137005],[-118.458325230105,34.4235906959721],[-118.457976697182,34.4235910477372],[-118.457322073955,34.4235933372308],[-118.456979019094,34.4235945363576],[-118.455778695803,34.4235987242754],[-118.455774133544,34.4227249847125],[-118.45577362666,34.4223732775072],[-118.455773366352,34.4221960693726],[-118.455773220764,34.4220964927932],[-118.455773206962,34.4220874089892],[-118.455772989771,34.4219391561563],[-118.455245560244,34.4217953587721],[-118.45486523052,34.4216916649425],[-118.454565029221,34.4216098203548],[-118.45447104729,34.4215841984243],[-118.454306860427,34.4215394374754],[-118.45418743977,34.4215065802289],[-118.453517665294,34.4213238409132],[-118.453417041069,34.4212963867443],[-118.453393116186,34.4212898589161],[-118.453269492742,34.4212598301646],[-118.453170031232,34.4212278998384],[-118.453156830941,34.4212479641079],[-118.453031781724,34.4214246251926],[-118.452890179448,34.4216054950055],[-118.4527715834,34.4217484729539],[-118.452705653236,34.4218208507563],[-118.452492938151,34.422034604776],[-118.452273575703,34.4222463231965],[-118.452078892707,34.4224239578071],[-118.451970013392,34.4225249900426],[-118.451179738321,34.4232458161686],[-118.450787057646,34.4236044159731],[-118.450646835384,34.4237324679447],[-118.450282281943,34.4240670763569],[-118.450152871152,34.4241858568119],[-118.449932595894,34.4243880351871],[-118.449713502836,34.4245891278342],[-118.449414840418,34.4248632497251],[-118.449128663823,34.4251259103244],[-118.448772586907,34.4254527223391],[-118.448462228526,34.4257360113386],[-118.447876266354,34.4262708598571],[-118.447585126759,34.4265365984893],[-118.447299375938,34.4267974176088],[-118.447009017602,34.4270624379404],[-118.446238931019,34.427765314707],[-118.446232392617,34.4277712834689],[-118.446163954275,34.4278337617298],[-118.445303178255,34.4286214820108],[-118.444860427647,34.4290266471108],[-118.444822610463,34.4290612396771],[-118.444250790592,34.429584288689],[-118.443980966389,34.4298310975253],[-118.44326973569,34.4304816482329],[-118.443126143615,34.4306068467233],[-118.443013938261,34.4307102999454],[-118.442890184895,34.4308241015468],[-118.442773592676,34.4309332060407],[-118.44241994241,34.4312641039374],[-118.441946465757,34.4317199138156],[-118.441710572723,34.4319519575147],[-118.441400311426,34.4322306218634],[-118.44131113314,34.4322992842925],[-118.441226860842,34.4323552343294],[-118.441173964645,34.4323863429677],[-118.440897821309,34.432531608351],[-118.44080850502,34.4325755689121],[-118.440641437718,34.432653118968],[-118.440569501549,34.4326719454991],[-118.440565716547,34.4324262113481],[-118.440545418671,34.4308583239713],[-118.440545188192,34.4308402571895],[-118.441251896587,34.4308383170667],[-118.441251814855,34.4308325421447],[-118.44124274917,34.4300627616262],[-118.441240303578,34.4297165521429],[-118.441236094451,34.4295414428836],[-118.441221841949,34.4284156216223],[-118.441209670989,34.4273998590714],[-118.441207695492,34.4272349848793],[-118.441207705601,34.4272344285966],[-118.441207621256,34.4272287753897],[-118.441206835138,34.4271629383891],[-118.4412035267,34.4268858867762],[-118.441199000605,34.4265077371594],[-118.441199251627,34.4265078859009],[-118.441199739076,34.4265085088904],[-118.441198985145,34.4265066670959],[-118.441197627099,34.4263932411419],[-118.441182585817,34.4251371987548],[-118.441178078796,34.4247607655444],[-118.441174443716,34.4246019430413],[-118.441173677628,34.4245684295279],[-118.441173402555,34.424334916299],[-118.441171689136,34.424218263231],[-118.441169770926,34.4240875929668],[-118.441162562122,34.4236342327094],[-118.441163667444,34.4236342286894],[-118.441205673665,34.4236342066302],[-118.441666565144,34.4236337960124],[-118.441845612175,34.4236308847114],[-118.442170552505,34.423630613011],[-118.442482259251,34.4236303562593],[-118.442760768718,34.4236301053903],[-118.443122218826,34.4236297754021],[-118.44335466972,34.4236295859374],[-118.443762144816,34.4236292192389],[-118.444402123481,34.4236258917992],[-118.444879677725,34.4236254656233],[-118.445035446727,34.4236253260624],[-118.445542765671,34.423624866503],[-118.445665461497,34.4236247475377],[-118.445978317761,34.4236237978224],[-118.446295233275,34.4236214566251],[-118.446298772313,34.4236214526194],[-118.446328379251,34.4236214185109],[-118.446781424538,34.423621008313],[-118.446978294508,34.4236208293594],[-118.447223661237,34.4236206101293],[-118.44772445473,34.4236201483745],[-118.447734295063,34.4236201372961],[-118.447737826461,34.4236201287689],[-118.447736790052,34.422853529779],[-118.447735906172,34.4221831057928],[-118.447735635026,34.4219907826301],[-118.447735571341,34.4219358244747],[-118.447735541593,34.4219055979656],[-118.447735492891,34.4218781194007],[-118.447735452558,34.4218396493071],[-118.447735230429,34.421669398207],[-118.44773487118,34.4214082631034],[-118.447734797136,34.4213529966597],[-118.447734582402,34.4211912046172],[-118.447732622729,34.421005742937],[-118.44773079068,34.420831272282],[-118.447730402471,34.4205455181893],[-118.447729844878,34.4201325159377],[-118.447729745502,34.4200591774381],[-118.447302029235,34.4200595663626],[-118.447229076121,34.4200568846507],[-118.446960499018,34.4200571326639],[-118.446834251025,34.4200572489151],[-118.446784770725,34.4200572914455],[-118.446721773497,34.4200573548891],[-118.446701877159,34.4200573722692],[-118.446695245436,34.420057383169],[-118.446688612548,34.4200573796483],[-118.446645511663,34.420057426576],[-118.446446579826,34.4200575990865],[-118.44624763066,34.4200577857591],[-118.446204529702,34.4200578190074],[-118.446048698899,34.4200579720413],[-118.4460420671,34.4200579684812],[-118.445972436987,34.4200580288808],[-118.44565410112,34.420058324416],[-118.44555421257,34.4200584128038],[-118.44555439187,34.4198633274779],[-118.445557336801,34.4195775746674],[-118.445540592229,34.4194539385439],[-118.445500363073,34.4191105163314],[-118.445503588385,34.4190445654097],[-118.445503105882,34.4186736419594],[-118.445503233612,34.4185933788453],[-118.445529215997,34.4185929092742],[-118.44561887447,34.4185879117696],[-118.445769544062,34.4185796698518],[-118.445875636712,34.4185768583803],[-118.446028236767,34.418591081576],[-118.446104522134,34.4185942331688],[-118.446187416306,34.4185939282639],[-118.446270273689,34.4185867564552],[-118.446353088635,34.4185716674765],[-118.446407712352,34.4185553398158],[-118.446559927785,34.4184974004883],[-118.44661123698,34.418480724325],[-118.446699006059,34.4184622126762],[-118.44679177886,34.4184495010314],[-118.446965808404,34.4184399310652],[-118.447229415722,34.4184389593833],[-118.447236469982,34.418209484907],[-118.447241039695,34.4181342359624],[-118.447272288431,34.4177786261154],[-118.447276704623,34.4176741878708],[-118.447277776513,34.4176398102359],[-118.447270489061,34.4175046935797],[-118.447231606034,34.4173337267338],[-118.447223208599,34.4172828147233],[-118.447221261156,34.41722888133],[-118.447224308726,34.4171787213704],[-118.44724230388,34.4171333141746],[-118.447278502367,34.4170827002054],[-118.447328018778,34.4170299500574],[-118.447351000195,34.4169996693227],[-118.44739570232,34.4169198953938],[-118.447406842769,34.4169018281303],[-118.44741839526,34.4168912087204],[-118.447454527369,34.416827871594],[-118.44746716529,34.4167106859669],[-118.44746681191,34.4166448996372],[-118.447466349762,34.4165588643553],[-118.447464677204,34.4165121845922],[-118.447459416191,34.4164489613971],[-118.446114337781,34.41644770459],[-118.445904023954,34.4164475070063],[-118.44567696917,34.4164607033572],[-118.445509239632,34.4164726338083],[-118.445457176353,34.4164762643816],[-118.44504255671,34.4164762718524],[-118.445042776692,34.4165143933041],[-118.444921346971,34.416530447053],[-118.444671232762,34.4165725796941],[-118.444292895,34.4166448916217],[-118.444189279946,34.4166646982759],[-118.443925973099,34.4167195703842],[-118.44367263187,34.4167785633399],[-118.443628388079,34.416789196487],[-118.443559774207,34.4167761119403],[-118.443308552992,34.4167276236433],[-118.443305834941,34.4165159363262],[-118.44330549081,34.4164886788096],[-118.443245687245,34.4165159920671],[-118.442869103815,34.416688065876],[-118.442401934924,34.4165195269331],[-118.442201689434,34.4164472843139],[-118.442086396184,34.4164060149743],[-118.442255366076,34.4162928397946],[-118.442359947928,34.4162227905946],[-118.442566424482,34.4160794796446],[-118.442746416109,34.4159452217587],[-118.442903252215,34.4158203051089],[-118.443183826911,34.4155829611778],[-118.443310843631,34.415463651403],[-118.443439485864,34.415337108855],[-118.443733006446,34.4150416827662],[-118.443907772149,34.414858994724],[-118.444026450111,34.4147307877175],[-118.44407687432,34.4146735297017],[-118.444122022733,34.4146222257809],[-118.444202718594,34.4145213037592],[-118.444272617424,34.4144264533957],[-118.444352092448,34.4143186092588],[-118.444357094997,34.4143118204115],[-118.444365669099,34.4143001853554],[-118.44449895916,34.4141138583434],[-118.444617348742,34.4139313767545],[-118.444725810525,34.4137523698998],[-118.444796271689,34.4136304395908],[-118.444849361016,34.4135385696964],[-118.444929494309,34.4133998893913],[-118.445041146321,34.4131978697036],[-118.44510185817,34.4130805069944],[-118.445167467554,34.4129483663625],[-118.445306808347,34.4126541873435],[-118.445388533705,34.4124357610907],[-118.445569579396,34.4118814009216],[-118.445695251027,34.4115113489467],[-118.445822772616,34.4111495715215],[-118.445966322694,34.4107423193273],[-118.446106807986,34.410352288509],[-118.446127639274,34.4102821212057],[-118.44612874049,34.4102819927432],[-118.446234729691,34.4102681384054],[-118.446238440734,34.4102676568549],[-118.446502489658,34.4102503979151],[-118.446831376833,34.4102289003302],[-118.446841370592,34.4102563693196],[-118.446855072034,34.4102517020811],[-118.44686452641,34.4102487778292],[-118.446897578093,34.4102386427038],[-118.446944745673,34.4102236440619],[-118.446952554413,34.410223181647],[-118.447167391744,34.4102104047277],[-118.447206831201,34.4102080604645],[-118.448452451907,34.4101339878772],[-118.449917700579,34.410044691326],[-118.452052305493,34.409922175029],[-118.45205922036,34.4099217715118],[-118.452208389238,34.4099129916126],[-118.453184742653,34.4098555941414],[-118.453196831694,34.4098539397289],[-118.454837186358,34.4097604475195],[-118.454836472423,34.4096770997185],[-118.454836033737,34.4096208564237],[-118.454834834337,34.4094758842422],[-118.454833204071,34.4092788888178],[-118.454833089506,34.4091909607738],[-118.455311064761,34.4091877410576],[-118.455364175623,34.4092059284543],[-118.455364798981,34.4092061415806],[-118.455382079784,34.409212061984],[-118.455472460224,34.4092425812174],[-118.455882520144,34.4092163420757],[-118.455926525959,34.409213527042],[-118.4560290659,34.4092069651056],[-118.456462176564,34.4091792462581],[-118.45646426308,34.4091794836225],[-118.456503660557,34.4091835076366],[-118.456567188523,34.4091896892265],[-118.456630276407,34.4091951584247],[-118.4566934757,34.409199717522],[-118.456800064631,34.4092055393945],[-118.456848256296,34.4092085177497],[-118.456895255183,34.4092096001441],[-118.456924955375,34.4092100481042],[-118.456956185143,34.4092093426401],[-118.456972946379,34.4092105515515],[-118.456991353705,34.4092100350313],[-118.45704027026,34.4092099210193],[-118.457088037457,34.4092094822593],[-118.457136914866,34.4092085777099],[-118.457183040492,34.4092075158287],[-118.457232638974,34.4092056015082],[-118.457280805249,34.4092039513081],[-118.45742198974,34.4091982170382],[-118.457674148981,34.4091826581554],[-118.458015309961,34.4091637425213],[-118.458028628661,34.4091630061542],[-118.458130407035,34.4091574469216],[-118.458671903125,34.4091237680707],[-118.458682847689,34.4091233074647],[-118.458868722389,34.4091122943854],[-118.459693197605,34.4090634219346],[-118.460179902492,34.4090328631824],[-118.460081506383,34.4091345735183],[-118.46008047564,34.409135638535],[-118.460284955068,34.4091332921835],[-118.461057103067,34.4091255991281],[-118.46142620799,34.409121920799],[-118.463046517363,34.4091057156738],[-118.463840790505,34.4090973767916],[-118.467297632965,34.4088960481618],[-118.467329175991,34.4088942109984],[-118.467409908215,34.4088895094064],[-118.467436129547,34.4088881759477],[-118.467677479309,34.4088759050804],[-118.467934501116,34.4088628376128],[-118.468099549014,34.4088585657004],[-118.468200329199,34.4088559579995],[-118.468363243835,34.408854751971],[-118.468526072463,34.408855853986],[-118.468688880674,34.4088593196865],[-118.468851603056,34.4088651204766],[-118.469098900938,34.4088784535293],[-118.469311132847,34.4088946137615],[-118.469345682517,34.4088972450688],[-118.469393125874,34.4089019189269],[-118.469524383081,34.4089148464227],[-118.469591772653,34.4089214840567],[-118.469681765285,34.4089317304141],[-118.469749503485,34.408940582584],[-118.469890142918,34.4089589618904],[-118.469957007054,34.40896769923],[-118.470016337213,34.4089769696891],[-118.47018844115,34.4090038652161],[-118.470230825629,34.4090104885467],[-118.470263823751,34.4090165000549],[-118.470502970696,34.4090600632838],[-118.470620935342,34.409083456599],[-118.470778642842,34.4091171930102],[-118.470935601802,34.4091531859615],[-118.471091777575,34.4091914617351],[-118.4710659874,34.4092567420099],[-118.471106182031,34.4092673330838],[-118.471276137582,34.4093121200728],[-118.471428927107,34.409355299401],[-118.471501173779,34.4093768879907],[-118.471580800321,34.4094006818463],[-118.472030295607,34.4095498466108],[-118.472177975316,34.4096038993707],[-118.47232450645,34.4096600452818],[-118.472481113848,34.4097214005005],[-118.472701828149,34.4098154793257],[-118.472919128451,34.4099143446927],[-118.472997970719,34.409952536395],[-118.473133143242,34.4100180150509],[-118.473343717676,34.4101264188991],[-118.473449715925,34.4101834870472],[-118.473688847279,34.4103186905474],[-118.473922739841,34.4104600480958],[-118.474151162254,34.4106074235938],[-118.474289491187,34.4107013537027],[-118.474302283862,34.4107100395517],[-118.474429269194,34.4107998415579],[-118.474438184827,34.4108063815786],[-118.474548364468,34.4108872257339],[-118.474693269667,34.4110005856868],[-118.474807959482,34.4110947465638],[-118.47492067132,34.4111905089928],[-118.475031335714,34.4112878993957],[-118.475173437167,34.4114152300336],[-118.475239474292,34.4114743815655],[-118.475386789297,34.4116063335308],[-118.475325545093,34.4116517215593],[-118.475993771102,34.4122623188695],[-118.476063298625,34.4122100282929],[-118.476188017067,34.4123234666047],[-118.476253409039,34.4123829203313],[-118.476476208832,34.4125863079076],[-118.476936090784,34.4130061141648],[-118.477195488579,34.4132429053372],[-118.47729804698,34.413336562565],[-118.477332111916,34.4133679470797],[-118.477349675918,34.4133835673725],[-118.477469132668,34.4134926012473],[-118.478286277472,34.4142385096914],[-118.478330492971,34.4142531186983],[-118.478375139096,34.4142676989446],[-118.47840727505,34.4142778713302],[-118.478588733692,34.4143312565775],[-118.478777022125,34.4143795723068],[-118.478852001986,34.4144486160888],[-118.479043117956,34.4146245983803],[-118.479348603128,34.4149058911342],[-118.479585989179,34.4151244765644],[-118.479685256561,34.4152158819419],[-118.47993785695,34.4154447200778],[-118.480101075684,34.4155925849262],[-118.480307749307,34.4157798152136],[-118.480442205651,34.4159016210299],[-118.48056616098,34.416013912932],[-118.480698397072,34.4161337078234],[-118.48090124919,34.4163174723229],[-118.480901280903,34.4163175010463],[-118.481003257907,34.4164098817873],[-118.481115928156,34.4165149830623],[-118.481289596696,34.4166769851156],[-118.481359664109,34.416742345143],[-118.481470257761,34.4168828819642],[-118.481580867041,34.417005546587],[-118.481722164927,34.4171622456971],[-118.481837258481,34.4172898822748],[-118.481978257739,34.4174468824853],[-118.481979812991,34.4174488840242],[-118.48212017528,34.4176295636225],[-118.482253278076,34.4178008986603],[-118.482361958476,34.4179407958769],[-118.482413485281,34.4180071215498],[-118.482448257052,34.4180518815073],[-118.482495351304,34.4181056871252],[-118.482496319266,34.4180755954364],[-118.482500409261,34.4180058508219],[-118.482500123086,34.4180058393388],[-118.4825014865,34.4179874885737],[-118.482503665735,34.4179616121528],[-118.482508522775,34.4179134851054],[-118.482510457903,34.4178967386016],[-118.482514600486,34.4178640594985],[-118.482519695355,34.4178282581962],[-118.482527804049,34.4177754446529],[-118.482533618519,34.4177399235692],[-118.482536601436,34.4177418013202],[-118.482587068525,34.4177735491437],[-118.48264220983,34.4178082371856],[-118.48268556036,34.4178355074127],[-118.482688291063,34.4178372256904],[-118.482734383244,34.4178662204451],[-118.482800099189,34.4179075602282],[-118.48284389093,34.4179351081187],[-118.482884080695,34.4179603894492],[-118.48295126969,34.4180026554739],[-118.482996613046,34.4180311789033],[-118.482997817356,34.4180319368065],[-118.483038678704,34.4180576409364],[-118.483127980012,34.4181138169392],[-118.483154586235,34.4181305543432],[-118.483157524406,34.4181324025066],[-118.483157981895,34.4181326909786],[-118.483158249326,34.4181328467804],[-118.483158206946,34.4182101283582],[-118.483174452494,34.4184129415403],[-118.483220831352,34.4186384840847],[-118.483248673191,34.4187305371131],[-118.483294967061,34.4188436765481],[-118.483406439179,34.4190533729928],[-118.483462335771,34.4191387031999],[-118.483540032022,34.4192430608291],[-118.48373907246,34.4194589520886],[-118.483786201051,34.4195020928095],[-118.483969440978,34.4196484833509],[-118.484098825862,34.419735016571],[-118.484134297913,34.4197564180797],[-118.484209500556,34.4198047322803],[-118.484494180514,34.4199564264635],[-118.484571275068,34.419990098262],[-118.484762678457,34.4200618367269],[-118.485009065707,34.4201442771454],[-118.485011237035,34.4202621550172],[-118.485011830153,34.420294328439],[-118.485151109628,34.4203414933039],[-118.485200680578,34.420358279947],[-118.485764735196,34.4205492871537],[-118.486409862212,34.4207699959031],[-118.486701698667,34.4208698359778],[-118.486958609268,34.4209500557207],[-118.487493670285,34.4210711229142],[-118.48764205304,34.421094353147],[-118.487862614559,34.4211256447359],[-118.48807970596,34.4211534320966],[-118.488297377153,34.4211780289063],[-118.488448787416,34.4211930005236],[-118.488515526821,34.4211996005509],[-118.488718727484,34.4212165061872],[-118.488953101615,34.4212338619069],[-118.48917232249,34.4212458654675],[-118.489391864699,34.421255889367],[-118.489464676208,34.4212594027592],[-118.489611541981,34.4212664884052],[-118.489831043095,34.4212695049428],[-118.490110938334,34.4212688142729],[-118.490215105981,34.421265739209],[-118.490213259822,34.4212078825202],[-118.490205698304,34.4211179452522],[-118.49026081095,34.4211161619507],[-118.490237540571,34.4209873129954],[-118.490205310066,34.4208007487869],[-118.490203034276,34.4207467866627],[-118.490191013382,34.4206869615685],[-118.49015572563,34.4206081017171],[-118.490122224733,34.4205498428343],[-118.490103794026,34.4205159032746],[-118.490041873571,34.4204192852698],[-118.489975007693,34.4203254432046],[-118.489883155804,34.4202124668568],[-118.489799665554,34.420111489469],[-118.489279302311,34.4195873660731],[-118.489165875067,34.419470684355],[-118.489142607563,34.4194597848643],[-118.488920620082,34.4192082337063],[-118.488837226418,34.4191237146024],[-118.488775527877,34.4190628202054],[-118.488742181983,34.4190303379218],[-118.488638829475,34.4189352645903],[-118.48853715415,34.4188436201677],[-118.48843885673,34.4187612226302],[-118.488345563444,34.4186839724676],[-118.488247309098,34.4186105295543],[-118.488140760857,34.4185353944017],[-118.487919407793,34.4183902867676],[-118.487561667882,34.4181698366892],[-118.487436851642,34.4180893876774],[-118.487047434436,34.4178383922474],[-118.48695754695,34.4177772549143],[-118.486874290875,34.4177143860924],[-118.486789318354,34.4176425943934],[-118.486702608249,34.4175584423436],[-118.486622526695,34.4174718781756],[-118.486432195067,34.4172438797144],[-118.486385467067,34.4171918573826],[-118.48633035579,34.4171233813657],[-118.486303233986,34.4170800622445],[-118.486271784648,34.4170298339698],[-118.486209790659,34.4169181054771],[-118.486179837427,34.4168584041568],[-118.486147852222,34.4167994637556],[-118.486124247883,34.4167427652319],[-118.486099994284,34.4166855337935],[-118.486078173292,34.4166244123925],[-118.486058851607,34.4165590870285],[-118.485943852171,34.4161853979612],[-118.485893112772,34.4149665646811],[-118.485857287157,34.4141059427223],[-118.485912230897,34.4137649114821],[-118.485921042939,34.4136979083053],[-118.485923622248,34.4136805839789],[-118.485938580206,34.4135988169702],[-118.485987874099,34.4133975977389],[-118.48597160505,34.4133980001018],[-118.485981257185,34.4133528810362],[-118.486000257534,34.4132638810268],[-118.486095257056,34.41293288193],[-118.486115257577,34.4128648809687],[-118.48617525752,34.4126188818296],[-118.486186553483,34.4125121316793],[-118.486195257699,34.4124298821356],[-118.486183384079,34.4123368119082],[-118.486164257044,34.4121868811434],[-118.486125688582,34.4120398383878],[-118.486041178225,34.4117176418489],[-118.486004257853,34.4115768815612],[-118.485952316055,34.411406589439],[-118.485867803651,34.411129511943],[-118.485807509659,34.4109148697061],[-118.485799096217,34.4108849201285],[-118.485745359815,34.4106936248098],[-118.485740485008,34.4106776799374],[-118.485697529012,34.4105371952528],[-118.485670048982,34.4104295789794],[-118.485650113661,34.4103208254019],[-118.485637792599,34.4102113011707],[-118.485633124856,34.4101013676472],[-118.485636128878,34.4099913952897],[-118.485646791545,34.4098817510751],[-118.485685195943,34.4097164323065],[-118.485831136935,34.4090881858575],[-118.485939022403,34.4086522405531],[-118.486005258533,34.4083298806827],[-118.486074730989,34.4080923026657],[-118.486190189457,34.4076974665417],[-118.486208911724,34.4075938798236],[-118.486220358251,34.4074895685876],[-118.48622449195,34.4073848827806],[-118.486221299677,34.4072801749568],[-118.486210786774,34.4071757966932],[-118.486192994469,34.4070720976188],[-118.486167979218,34.4069694282017],[-118.48613582681,34.4068681324805],[-118.486081773169,34.4067614152474],[-118.486035610481,34.4066715656591],[-118.485983159682,34.4065841195037],[-118.485924602013,34.4064993771599],[-118.485860140434,34.4064176335096],[-118.48578999739,34.4063391680302],[-118.485722807599,34.406259020136],[-118.485660965608,34.4061759694794],[-118.485604651218,34.4060902605667],[-118.485554032298,34.4060021442618],[-118.485509257195,34.4059118814232],[-118.485473509986,34.405825322902],[-118.485444749744,34.4057369937331],[-118.485423099445,34.4056472819912],[-118.485408653815,34.4055565812722],[-118.485401477124,34.4054652852925],[-118.48540131649,34.4054578771118],[-118.485406179313,34.4054578269959],[-118.485530768683,34.4054562725559],[-118.48553075965,34.4054560291773],[-118.485531426672,34.4053543548711],[-118.485531913513,34.405085142518],[-118.485532250961,34.4048927614713],[-118.4855341441,34.4047575424037],[-118.485544283388,34.4046225734021],[-118.485562647994,34.4044882061468],[-118.485575710019,34.4044182162781],[-118.48561693984,34.4042470811632],[-118.485670408454,34.4040582791983],[-118.485757307094,34.4037522012986],[-118.485729291784,34.403746240764],[-118.485794893907,34.4035234815571],[-118.485799154279,34.4035148908811],[-118.485799966317,34.403506231979],[-118.485812972918,34.4034577619708],[-118.485829278137,34.4033754819564],[-118.485835270115,34.4033297798154],[-118.485839332256,34.4032802962486],[-118.485840864714,34.4032343992103],[-118.485839399223,34.4031699813021],[-118.485834999641,34.4031168308282],[-118.485828842729,34.4030708266597],[-118.485821602177,34.4030303622644],[-118.485810402552,34.4029809506556],[-118.485790182807,34.4029115628776],[-118.485772189783,34.4028614293015],[-118.48575227437,34.4028136347957],[-118.485730249452,34.4027672398064],[-118.485695295492,34.4027033103279],[-118.485657013365,34.4026429317962],[-118.485610552483,34.4025792674487],[-118.485556503626,34.4025149564117],[-118.485510390437,34.402467816695],[-118.485442988415,34.4024038637865],[-118.485384475211,34.402357706749],[-118.48533294993,34.402318209313],[-118.485277076556,34.4022810083386],[-118.485189231778,34.4022296657423],[-118.485064017025,34.4021637008931],[-118.484918795132,34.4020872931884],[-118.484350632307,34.4017883614204],[-118.484084240113,34.401648211177],[-118.484027185824,34.4016181851625],[-118.483950977429,34.4015775685854],[-118.483872974405,34.4015311324927],[-118.483842847796,34.4015115054478],[-118.483804505558,34.4014850279432],[-118.483763452154,34.4014546720146],[-118.483720921025,34.4014208185968],[-118.483685763531,34.4013907862154],[-118.483644449727,34.4013528421534],[-118.483608743435,34.4013174459948],[-118.483580544538,34.4012875571242],[-118.483547789739,34.4012503992962],[-118.483508784178,34.401202168471],[-118.483471274697,34.4011508412025],[-118.483434500049,34.4010945606575],[-118.48340258108,34.4010394715086],[-118.483373270394,34.4009819576406],[-118.483354619209,34.400940664091],[-118.483336326126,34.4008952887581],[-118.483314597113,34.4008322732337],[-118.483310612625,34.4008083821757],[-118.483293789177,34.4007510375929],[-118.483273917763,34.4006833068353],[-118.483256076062,34.4006251648394],[-118.483234508601,34.4005633522072],[-118.48321716866,34.4005185779887],[-118.483189988262,34.4004555039269],[-118.483144186289,34.4003601334905],[-118.483091905871,34.4002665351209],[-118.483056450715,34.4002096136214],[-118.483005122813,34.4001341377084],[-118.482949963293,34.400060540509],[-118.482890832382,34.3999891002478],[-118.482839803925,34.3999324029748],[-118.482796625996,34.399887522415],[-118.482745150104,34.3998373008158],[-118.482687645231,34.399784958438],[-118.482628281421,34.3997346374636],[-118.482554378714,34.399676689621],[-118.482501898691,34.3996383965351],[-118.482375180118,34.3995528535393],[-118.481950653863,34.3992703925957],[-118.48195073947,34.3992703381633],[-118.481860633583,34.3992107648173],[-118.48181537107,34.3991808405661],[-118.481715656513,34.3991149142995],[-118.481709301734,34.39911061848],[-118.481647238173,34.399067588559],[-118.481559083829,34.3990012267844],[-118.481558057097,34.3990021639517],[-118.481491068529,34.3989500245527],[-118.481460364176,34.3989244535812],[-118.481406641711,34.3988797126613],[-118.481325482456,34.3988068039389],[-118.481247706673,34.3987314061163],[-118.481229879909,34.3987133830292],[-118.481149051774,34.3986237412635],[-118.481147054451,34.398624978884],[-118.481080796627,34.398548043211],[-118.481057659719,34.3985199493682],[-118.481033746325,34.3984899807012],[-118.480988522524,34.3984304693718],[-118.48095987461,34.3983910443233],[-118.48089047086,34.3982885092801],[-118.480857216774,34.3982352837258],[-118.480827496813,34.3981830782111],[-118.480787103684,34.3981121215816],[-118.480764316071,34.3980661127722],[-118.480735197744,34.3980073218316],[-118.48072470631,34.3979861394562],[-118.480672158912,34.397862310791],[-118.480670189684,34.3978576702757],[-118.480668982977,34.3978545575465],[-118.480667908648,34.3978498828316],[-118.480667902331,34.397849730497],[-118.480667730738,34.3978482652792],[-118.480667692457,34.397847473882],[-118.480667688846,34.3978474134934],[-118.480667649368,34.3978466031688],[-118.480667682501,34.3978448053741],[-118.480667679936,34.397844737769],[-118.480668421701,34.3978396510656],[-118.480669567749,34.3978360196424],[-118.480671287358,34.3978237843878],[-118.480623092437,34.3976957589258],[-118.480829749787,34.3976411449927],[-118.481077966149,34.3975697577361],[-118.481289737525,34.397502281244],[-118.481481602776,34.3974328216074],[-118.481671796924,34.3973599343517],[-118.481898371807,34.3972699217856],[-118.482121600838,34.3971812374382],[-118.482359706243,34.3970810358763],[-118.482584536862,34.3969794910962],[-118.483007661355,34.3967741286295],[-118.483209252344,34.3966668486188],[-118.483617299196,34.3964343988268],[-118.484094613981,34.3961422328352],[-118.484322510286,34.3959987898867],[-118.48440506342,34.3959435015649],[-118.484515678814,34.3958685097706],[-118.484685678648,34.3957448626008],[-118.48485233516,34.395616421565],[-118.484884805944,34.3955899163726],[-118.485086585813,34.3954251937574],[-118.485188858521,34.3953416574962],[-118.485350474511,34.3952012256639],[-118.485500508319,34.3950656217371],[-118.485643929954,34.3949314450919],[-118.485909268458,34.3946727680076],[-118.485916120856,34.3946656256208],[-118.486022108439,34.3945551295326],[-118.486167912669,34.3944031247356],[-118.486470926001,34.3940680406609],[-118.486619083342,34.3938946594491],[-118.486740848625,34.3937427062424],[-118.48684940318,34.393599713136],[-118.486949667325,34.3934567748602],[-118.487053189099,34.3933028066344],[-118.487304501939,34.3929143443401],[-118.487496550421,34.3925948196028],[-118.487537586249,34.3925273314482],[-118.487642576286,34.3923414270673],[-118.487904867235,34.3918481670572],[-118.488140710612,34.3913659801262],[-118.488666244461,34.3902598978917],[-118.489021703593,34.3895464344473],[-118.48925270807,34.3890896799889],[-118.489336171187,34.3889090294472],[-118.489398290755,34.3887627802032],[-118.489413014769,34.3887301031587],[-118.489491396143,34.3885312547533],[-118.489568025992,34.3883162497061],[-118.489638020723,34.3880995729053],[-118.489764839151,34.3876827560798],[-118.489821686634,34.3874857217693],[-118.489839589422,34.387430004764],[-118.490025084545,34.386844968943],[-118.490190909385,34.3862978255152],[-118.490403659424,34.3855584663992],[-118.490415036885,34.3855199553883],[-118.490509524909,34.3852430536311],[-118.490542018189,34.3851323188646],[-118.490561633818,34.3850862124121],[-118.490641701836,34.3848928494422],[-118.490692371732,34.3847727804828],[-118.490828066791,34.3844575946789],[-118.490841165299,34.384431083332],[-118.490886984501,34.3843312860597],[-118.490968920562,34.3841743247866],[-118.49247741614,34.3810260842618],[-118.493039754691,34.3798524145636],[-118.49315317755,34.3796970546421],[-118.493241521836,34.3795039852509],[-118.49329233494,34.3794096633793],[-118.493472744275,34.3790919052345],[-118.493567988912,34.3789455188832],[-118.493627137505,34.3788600989727],[-118.493735685406,34.3787212429559],[-118.493821125292,34.3785979270141],[-118.493893506946,34.3785076388555],[-118.494021861336,34.3783559838913],[-118.494109133997,34.3782615130891],[-118.494221154278,34.3781494091331],[-118.493989738245,34.3779689908381],[-118.493711731877,34.3777537226785],[-118.493588423749,34.3776581821495],[-118.494536401723,34.3768320396556],[-118.495652613742,34.3758605663834],[-118.496092239292,34.3754809326787],[-118.49679386818,34.3748669392558],[-118.497165364966,34.3745457822691],[-118.49786322016,34.3739384775366],[-118.498090406762,34.3737324064971],[-118.498269466637,34.3735605001017],[-118.498439925931,34.3733937801896],[-118.498480532757,34.373353062934],[-118.498602099663,34.3732270950138],[-118.498757596386,34.373060150399],[-118.498917637649,34.3728834547716],[-118.499023917317,34.3727604117193],[-118.499123904427,34.3726436917255],[-118.499207870624,34.3725417308941],[-118.499332133813,34.3723861734548],[-118.499422909153,34.3722684408597],[-118.499548484793,34.3721014282491],[-118.499667164544,34.3719358746703],[-118.499719078937,34.3718621925128],[-118.49973236324,34.3718433514943],[-118.499757872046,34.3718071703756],[-118.499806919121,34.3717349307414],[-118.499967123264,34.3714902994036],[-118.500049755578,34.3713582888899],[-118.500189894402,34.3711256664672],[-118.500464274101,34.3706369730128],[-118.500309815647,34.3706348636036],[-118.500061260446,34.370636960212],[-118.499849900716,34.3706371819077],[-118.499768414189,34.3706372744665],[-118.499434071242,34.3706378220934],[-118.497840275286,34.3706436603817],[-118.49784016983,34.3706436617164],[-118.497840097813,34.3706427081846],[-118.497325473442,34.3706448205617],[-118.497023429143,34.3706460593445],[-118.496839789798,34.3706468121419],[-118.496826555049,34.3706468663847],[-118.496814998775,34.3705272255236],[-118.496785957113,34.3702265733364],[-118.496732629812,34.3696744968744],[-118.496692237884,34.3692563215499],[-118.496587588609,34.3681728857177],[-118.496523577542,34.3675101719182],[-118.496501107544,34.3672775300108],[-118.496498128668,34.3672466951735],[-118.496485131965,34.3671121306888],[-118.496480064033,34.3670596647803],[-118.496474227905,34.3669992432366],[-118.496464942246,34.3669034351109],[-118.495671030603,34.3668932737192],[-118.494691265659,34.366880711261],[-118.494597775736,34.3668795114618],[-118.49425845144,34.3668751581272],[-118.493837245102,34.3668697535953],[-118.4935306199,34.3668658374805],[-118.49333425171,34.36686317582],[-118.49167711647,34.3668407052299],[-118.49167325441,34.3670564752191],[-118.491628194675,34.3695882645818],[-118.489110007164,34.3695541523795],[-118.489094447673,34.3704282931906],[-118.487089250797,34.3704046986183],[-118.485991903752,34.3703909243392],[-118.484915774224,34.3703774429163],[-118.484710202126,34.3703747671077],[-118.484781491175,34.3670452866874],[-118.484787442365,34.3667476733321],[-118.47591861918,34.3662814677751],[-118.475909382202,34.3652080648667],[-118.475856940906,34.3591045627392],[-118.482216090843,34.3594413910406],[-118.48491375359,34.3595841775492],[-118.484941112431,34.359584501731],[-118.484942070235,34.3595845132251],[-118.484946866199,34.3592800508829],[-118.484968651119,34.3578970238355],[-118.484995218191,34.3562103349299],[-118.485033245302,34.3537960152178],[-118.485067861838,34.3515979221708],[-118.485388433469,34.3516005973554],[-118.4886568076,34.3516278342888],[-118.488659757103,34.3515567036134],[-118.488806751014,34.3480487724504],[-118.488957607472,34.3444696881252],[-118.491635097883,34.3444539365694],[-118.492338795612,34.3444492937383],[-118.492674115959,34.3444470790079],[-118.492999925165,34.3444449299907],[-118.493347104101,34.3444426101607],[-118.49369974801,34.3444402941183],[-118.497764426948,34.3444157258942],[-118.498876665932,34.3444101344387],[-118.501342901596,34.3443949080402],[-118.501439781926,34.3443952762185],[-118.501481276636,34.3443956201942],[-118.501656063726,34.3444063823843],[-118.502340837455,34.3444444350835],[-118.50247743986,34.3444520024448],[-118.50369833307,34.3445198243859],[-118.503826125683,34.3445269228844],[-118.503833138953,34.3445275518504],[-118.504500675467,34.3445658136723],[-118.504677420289,34.3445759439997]]]},"properties":{"OBJECTID":10156,"Date":null,"Code":"08SK001","DivisionName":"CITY OF SANTA CLARITA 1ST COUNCIL","division_type":"CITY COUNCIL","group_type":"CD","District":"CITY OF SANTA CLARITA","Shape__Area":334393283.3125,"Shape__Length":168568.35509272089,"GlobalID":"a1f420f2-4a76-4eec-978e-03cd6b97ecd0","CreationDate":1788987057416,"Creator":"RRCCgis_lacounty","EditDate":1788987057416,"Editor":"RRCCgis_lacounty"}},{"type":"Feature","id":10157,"geometry":{"type":"MultiPolygon","coordinates":[[[[-118.512724372735,34.3450062742438],[-118.512916693996,34.3450165863023],[-118.513123578298,34.345027686546],[-118.515128003068,34.3451360747122],[-118.515237327824,34.3451414348025],[-118.515207721229,34.3455565242754],[-118.515201013036,34.3456504977834],[-118.515114396483,34.3468864095657],[-118.515316493554,34.3468975309417],[-118.515646945589,34.3469157428534],[-118.515726485656,34.346920133869],[-118.519753658989,34.3471419110605],[-118.519751308585,34.3476204397856],[-118.519745075825,34.3488949423998],[-118.5197344801,34.3504803859244],[-118.519732629385,34.3507840127495],[-118.519850306444,34.3508304719715],[-118.524035034032,34.3524824007462],[-118.525223291721,34.3524781622068],[-118.525290353504,34.352477928362],[-118.525396540333,34.3524775528233],[-118.525506137169,34.3524771849443],[-118.525574125054,34.3524769460254],[-118.526318255341,34.3524744307949],[-118.526530760647,34.3524736997898],[-118.526885895856,34.352472403423],[-118.527305605802,34.3524708809733],[-118.527376013135,34.3524706043721],[-118.527486638961,34.3524701725259],[-118.527601343009,34.3524697011883],[-118.527670845782,34.3524693986028],[-118.528501779312,34.3524658356833],[-118.528700537613,34.3524655205342],[-118.528775087359,34.3524653855237],[-118.529001206902,34.3524645628396],[-118.5294409631,34.3524629761467],[-118.529892343095,34.3524612775356],[-118.530123435002,34.3524605139592],[-118.530564915617,34.3524589949807],[-118.530598046729,34.352459343981],[-118.530763707912,34.3524587267854],[-118.531563794387,34.3524555520269],[-118.531608157178,34.3524554926753],[-118.531730082559,34.3524549019111],[-118.531895073809,34.3524542338189],[-118.532209092878,34.352452967062],[-118.533293382875,34.3524485559662],[-118.533296815839,34.3528400890055],[-118.533326085612,34.3561620382866],[-118.53340816135,34.3561931958586],[-118.533684421253,34.3561917543375],[-118.537171626896,34.3561736038191],[-118.537476384135,34.3561720075151],[-118.537479578901,34.356171990643],[-118.537482774753,34.356171973766],[-118.537931884406,34.3561695990476],[-118.538657622672,34.3561656626893],[-118.541997276022,34.3561468714189],[-118.544221462535,34.3561343218089],[-118.545958930192,34.3561244747533],[-118.550401199837,34.3561662412118],[-118.550960550119,34.3561713637947],[-118.551191298538,34.3561734772393],[-118.551521316982,34.3561764944797],[-118.55169405733,34.3561780739539],[-118.551901065895,34.3564098031232],[-118.552743044274,34.3571645024572],[-118.553137253824,34.3576230734837],[-118.553303163155,34.3578322257164],[-118.55350615782,34.3580817588047],[-118.55385233571,34.3586693545999],[-118.554458115337,34.3602313634182],[-118.554546078188,34.360482852581],[-118.554748460698,34.3610711036313],[-118.555147240859,34.3623192631899],[-118.555393557074,34.3629670336353],[-118.555795798751,34.3640199842642],[-118.556418343389,34.365238227105],[-118.55716882227,34.3662277464575],[-118.557999382389,34.3673173621553],[-118.558722017493,34.3682672124124],[-118.559234329288,34.3689941896958],[-118.559553200485,34.3694435465531],[-118.559877349623,34.3699071892673],[-118.560264195489,34.3704538383713],[-118.56039141276,34.3706350118746],[-118.56052605205,34.370826835994],[-118.560538676196,34.3708454332139],[-118.561444438832,34.3722648744267],[-118.561499616883,34.3723513840939],[-118.561900840808,34.3729792524875],[-118.562238948698,34.3735038901263],[-118.562494875595,34.373914172628],[-118.562615572348,34.3741080172828],[-118.562960202505,34.3746600529466],[-118.563117263691,34.3749133606753],[-118.563236539905,34.3751095967923],[-118.563369299671,34.3753160125432],[-118.563605234009,34.3756878212942],[-118.563853847454,34.3760780981914],[-118.56410421771,34.3764728037931],[-118.564259476805,34.3767139539409],[-118.564547342705,34.3771645861153],[-118.56488845179,34.3777025596697],[-118.565247857682,34.3782652059888],[-118.565491963559,34.3786400021692],[-118.566191737703,34.3797269824643],[-118.566606951114,34.3803719741555],[-118.566820786149,34.3807044772096],[-118.566949465329,34.3810115841438],[-118.567075260189,34.3813175107915],[-118.567214846302,34.3817474104213],[-118.567383854118,34.3822725859034],[-118.567474429953,34.3824761077151],[-118.567801774521,34.3832259546198],[-118.567845621284,34.3833271257581],[-118.568046689055,34.3839117825806],[-118.568221339028,34.3844190402653],[-118.568595984322,34.3853523333794],[-118.568831686519,34.3859511393215],[-118.569143750939,34.3865662829104],[-118.569513940982,34.3875393105742],[-118.569741417989,34.3881536571717],[-118.569949648112,34.3886459656685],[-118.570141184571,34.3891896364599],[-118.570180059496,34.3892991792989],[-118.570335464551,34.3899339004122],[-118.570407417996,34.3905329685218],[-118.570447749605,34.3908955020263],[-118.570466594881,34.391063365015],[-118.570570058464,34.391360567883],[-118.570643814353,34.3916054561264],[-118.570663368782,34.3916876585468],[-118.570690911747,34.3918020246001],[-118.570800631661,34.3922562714726],[-118.570921277502,34.3927553355797],[-118.571059433483,34.3933275934275],[-118.571266871357,34.3941870449981],[-118.572000300819,34.3972378414026],[-118.572369904479,34.3987631863383],[-118.572414504023,34.39897193128],[-118.572622470723,34.399838255746],[-118.572680391069,34.3999753770014],[-118.572984175729,34.4007138723344],[-118.57318604114,34.4011938000422],[-118.57355303487,34.4020834151879],[-118.573848034799,34.4027976191146],[-118.573951650088,34.4030504507996],[-118.57422168488,34.4036488446867],[-118.574400555114,34.4040473015545],[-118.574723225501,34.4047656654095],[-118.575247574885,34.4059327548345],[-118.57551417384,34.4065311621277],[-118.575698296451,34.4069381793179],[-118.576079946198,34.4077922235496],[-118.57630743399,34.4083014505894],[-118.576319684908,34.4083292319355],[-118.576319747871,34.4083292136055],[-118.57632207232,34.4083343936283],[-118.576613898305,34.4089844603742],[-118.5766860732,34.4091501277185],[-118.577386267642,34.4107239759319],[-118.577643466795,34.4112904600624],[-118.578000491075,34.4121403214629],[-118.578022424111,34.4121903092084],[-118.578086792531,34.4123414701741],[-118.578528764819,34.4134862299494],[-118.578588875755,34.4136457601166],[-118.578778000042,34.4141469695947],[-118.578943588529,34.4145743459047],[-118.579005123614,34.4147314835895],[-118.579069541124,34.4148893233037],[-118.579223204684,34.4152571237954],[-118.579419143483,34.4157022446632],[-118.579566723142,34.4160226040928],[-118.579753633177,34.4164105197704],[-118.57993023709,34.4167650895932],[-118.580194240113,34.4172702328293],[-118.580370134325,34.4176050066863],[-118.580955005121,34.4187187792469],[-118.581620083416,34.4199810095409],[-118.58192202839,34.42055800281],[-118.582245850467,34.4211756804837],[-118.582560932704,34.4217776556775],[-118.582913939392,34.4224510075276],[-118.582951871629,34.4225242944159],[-118.583169225887,34.4229394887487],[-118.583328799668,34.4232448636334],[-118.584990435395,34.4264119808111],[-118.58572212304,34.4278082147736],[-118.586055526414,34.4284463649529],[-118.586193052961,34.4287050184098],[-118.586308566711,34.4289205709192],[-118.586402992302,34.4290847022732],[-118.586493822837,34.4292288142177],[-118.586588158425,34.4293800646654],[-118.586680646752,34.4295141496446],[-118.586764388037,34.429632534179],[-118.586837626391,34.4297309327478],[-118.586907379208,34.4298250541033],[-118.586966627874,34.4298991895277],[-118.587092104889,34.4300574453205],[-118.587170504849,34.4301529563208],[-118.587271509294,34.4302698253021],[-118.587400330806,34.4304123210012],[-118.587534344995,34.4305562230599],[-118.58765264264,34.4306758712587],[-118.587770920418,34.4307926561495],[-118.587936116475,34.4309492869765],[-118.58812658634,34.4311214980684],[-118.588476241678,34.4314149556345],[-118.589308622251,34.4321236504807],[-118.590036964235,34.4327418839781],[-118.590467576995,34.4331038295949],[-118.590750865315,34.4333486166992],[-118.591174856286,34.4337043507078],[-118.591632623698,34.4340971295716],[-118.592207822018,34.4345823606938],[-118.59389181792,34.4360127684455],[-118.594590469661,34.436607586324],[-118.595283886369,34.4371938387263],[-118.595439274494,34.4373278951082],[-118.595917202154,34.437732008508],[-118.596184852587,34.4379596845821],[-118.596475042649,34.4381986997093],[-118.596728673224,34.4383978196378],[-118.597008296999,34.4386082615868],[-118.597407630587,34.4388905314537],[-118.597685334658,34.4390737881664],[-118.597916175259,34.4392257880432],[-118.598179928894,34.4393905073096],[-118.598506086437,34.4395849727981],[-118.598735037393,34.4397140813422],[-118.599043717711,34.4398800086626],[-118.599423448443,34.4400770686515],[-118.600209606555,34.4404833635364],[-118.601607199569,34.4412106453729],[-118.603113353776,34.4419926161337],[-118.60374803365,34.442325790589],[-118.604219674032,34.4425681773665],[-118.604830064059,34.442885724468],[-118.605349154605,34.443156163346],[-118.605349303251,34.4431561031027],[-118.605991154833,34.4434907654254],[-118.607717376732,34.4443845492173],[-118.608550935905,34.4448202261843],[-118.608840037698,34.4449809781452],[-118.609044789194,34.4451039870771],[-118.609277355812,34.4452507098338],[-118.609442861483,34.4453615117839],[-118.609554205463,34.4454365204247],[-118.609726726686,34.4455615986889],[-118.609852944312,34.445654469348],[-118.610019735658,34.4457833922163],[-118.610209750176,34.4459379604654],[-118.610475185811,34.4461686698628],[-118.610616670519,34.4463015363608],[-118.610755851949,34.446434414289],[-118.610796483134,34.4464780994188],[-118.610949660377,34.4466347605113],[-118.611098266812,34.4467962144797],[-118.611255047347,34.4469728928615],[-118.611341041899,34.4470772230404],[-118.611460501086,34.4472216490895],[-118.612098876599,34.44804757108],[-118.612905911918,34.4490964766937],[-118.613328400709,34.4496424410607],[-118.613364920081,34.4496895350069],[-118.613284257336,34.449684217955],[-118.613216852265,34.4496966545843],[-118.61318895169,34.4497018063429],[-118.612890047325,34.449756996889],[-118.61288985509,34.4497567544443],[-118.612769088273,34.4497784153421],[-118.612227934756,34.4499141520679],[-118.611626819223,34.4501570445189],[-118.610592308496,34.4505332869431],[-118.610356164344,34.4504210721657],[-118.609430632286,34.4499800382659],[-118.608899678737,34.4496536067881],[-118.608638102894,34.4490988928609],[-118.607305181005,34.4490462566275],[-118.606691408804,34.4491280296669],[-118.605936947043,34.4494597292068],[-118.605561673759,34.4492167995827],[-118.60553611568,34.4491997654307],[-118.605404882559,34.4490923509585],[-118.605165092434,34.4488942627741],[-118.605153847775,34.4488851970811],[-118.604908083209,34.4482592694113],[-118.604126337957,34.4477993772144],[-118.603677075597,34.4470667405768],[-118.602451558271,34.4473345657407],[-118.600835133085,34.4472364066069],[-118.600391086023,34.4475584852011],[-118.599892853193,34.4479198504743],[-118.599383666741,34.4478017643809],[-118.599170922191,34.4477524209003],[-118.599067002355,34.4478219062764],[-118.598566876908,34.4481562598872],[-118.598296733516,34.4480496581898],[-118.597617937041,34.447781870945],[-118.59682162501,34.4471584698702],[-118.596391206919,34.4466016068321],[-118.595597428584,34.4467743091627],[-118.593870030496,34.4471500902335],[-118.5919464278,34.4475685416301],[-118.59162887914,34.4476374146212],[-118.591127026523,34.4477462854556],[-118.590118408167,34.4479650914573],[-118.589804369656,34.4480332276649],[-118.587931537405,34.4473185807569],[-118.584036017009,34.4473142002742],[-118.581410808283,34.4474579071409],[-118.581345506148,34.4474614574614],[-118.582963994821,34.4502945262962],[-118.583040573982,34.4505020656543],[-118.583563842117,34.4519200162505],[-118.583599646761,34.4520166250565],[-118.583779675612,34.4525002699194],[-118.583795597653,34.4525427855771],[-118.583898267885,34.4528174923471],[-118.583905333404,34.452836441131],[-118.584345771087,34.4540148217557],[-118.585207083002,34.4546116550768],[-118.585247261401,34.4546394964275],[-118.586078065608,34.4552151673938],[-118.586460453321,34.4554801336861],[-118.586838322954,34.4557420887575],[-118.584963445999,34.4575238818424],[-118.581297996981,34.461007000968],[-118.580644640916,34.4610032338819],[-118.579990284729,34.4609980697741],[-118.57909085563,34.4609909705604],[-118.57857147708,34.460986868451],[-118.578031151579,34.4609825907289],[-118.57754789029,34.4609787548561],[-118.576279503981,34.4611529835659],[-118.576467143014,34.4601949350014],[-118.576502651245,34.4600136312923],[-118.575760611499,34.459448005706],[-118.575448112344,34.4592097972051],[-118.575252464553,34.4590606603506],[-118.575247957948,34.4590504916398],[-118.575208088498,34.4589605341307],[-118.575094437836,34.4587041049588],[-118.574899193892,34.4582635744019],[-118.574789599416,34.4580162916518],[-118.574958902307,34.4577012281805],[-118.575043577981,34.4575436493565],[-118.575314884203,34.4570387520922],[-118.575626927568,34.4564580327926],[-118.575643458788,34.4561138943825],[-118.575647415834,34.456031524685],[-118.575664350288,34.4556789883302],[-118.575664482412,34.4556762172792],[-118.575678400306,34.455386248393],[-118.575568229126,34.4553291203961],[-118.575483876137,34.455285379397],[-118.573916509634,34.4544726127147],[-118.573714360374,34.4543677840502],[-118.573302264604,34.4534980848573],[-118.57320997159,34.4533033055758],[-118.573190883552,34.4532630221954],[-118.57356842604,34.4526331533122],[-118.57365175905,34.4524941552094],[-118.573673963524,34.4524571124417],[-118.57383800185,34.4521834504215],[-118.573849551797,34.4520908592877],[-118.573955557491,34.4512410230234],[-118.573966192392,34.4511557638964],[-118.573944255528,34.4511137766753],[-118.573724759176,34.4506936722518],[-118.573697946896,34.4506423527826],[-118.573688668668,34.4506245894799],[-118.573576088357,34.4503891334241],[-118.573570016575,34.4503759924644],[-118.57352998444,34.4502893573094],[-118.573372252952,34.449948004396],[-118.573333211075,34.4498635101554],[-118.573217770837,34.4498260142846],[-118.57296752924,34.4497447325577],[-118.572909630397,34.4497259267066],[-118.572846621323,34.4497158691331],[-118.572656708447,34.4496855552492],[-118.572579926228,34.4496732996801],[-118.572575987757,34.4496726709612],[-118.572504689999,34.4496612901001],[-118.572307274128,34.4496297777677],[-118.572105381746,34.4495975514685],[-118.572100761149,34.4495944205776],[-118.571966993618,34.449503782252],[-118.571966001933,34.4495031107735],[-118.571962952521,34.4495010443992],[-118.571963878745,34.4495001078433],[-118.572739724199,34.4486498853991],[-118.572373448872,34.4484342079582],[-118.57219627472,34.4483298801395],[-118.571859338222,34.4479829458633],[-118.571761410504,34.4478627455616],[-118.571677290028,34.447743527715],[-118.571614326741,34.4476542917469],[-118.571545529269,34.447533954034],[-118.571456686,34.4473225435984],[-118.57136118867,34.4470843499954],[-118.571301623878,34.446894252756],[-118.571242537993,34.4466605025785],[-118.571205782156,34.4465279800876],[-118.571190973228,34.446530501986],[-118.571158097128,34.4465363328311],[-118.570631623215,34.4466406260443],[-118.570181006705,34.4467300295306],[-118.569601056539,34.4468466393326],[-118.569047663661,34.447105165361],[-118.568687505095,34.4472297993217],[-118.568419045064,34.4474099232288],[-118.568397862057,34.4474276006419],[-118.568116669996,34.4475773683441],[-118.567740704287,34.4478250594229],[-118.567550337778,34.4480462920805],[-118.567207578325,34.4483347992259],[-118.566934188952,34.4486051804245],[-118.566831205425,34.4487144545834],[-118.566610750231,34.4489476842094],[-118.566582930777,34.4489908841598],[-118.566499636982,34.4491202244614],[-118.566348916374,34.4490545045875],[-118.566304155411,34.4490335165589],[-118.566122496767,34.4489482999033],[-118.563799755131,34.4495133691355],[-118.563640740407,34.449552052695],[-118.561927654663,34.4499687659729],[-118.561603905463,34.4500475157517],[-118.561462860654,34.4500818309721],[-118.561433089176,34.4500890584152],[-118.561260011924,34.4501308619228],[-118.561229892478,34.4501381369038],[-118.559815652515,34.4504797225521],[-118.559680287134,34.4505124164739],[-118.559224692883,34.4506231964245],[-118.558957025281,34.4511309482899],[-118.558956164358,34.4511348279625],[-118.558913069947,34.4513290957877],[-118.558858509795,34.4515750573298],[-118.558825788158,34.4517225407746],[-118.558825338571,34.4517246317058],[-118.558820249111,34.4517475812244],[-118.558768831434,34.4519794291108],[-118.558756391161,34.4522529017503],[-118.558754146171,34.4523022360632],[-118.55875411163,34.4523022785945],[-118.558636508086,34.4522993726011],[-118.558076443643,34.4522854480189],[-118.557592866818,34.4514082906064],[-118.557141365209,34.4505896127226],[-118.556989150701,34.4503126959148],[-118.556994736841,34.4500087748498],[-118.55699616293,34.4498772205641],[-118.556995154629,34.4498616826984],[-118.557005190311,34.4493979410927],[-118.557006930804,34.4493036305484],[-118.557028087398,34.449098229148],[-118.55712127188,34.4481471397083],[-118.557179818401,34.447557913929],[-118.557220125971,34.4471524320675],[-118.557220927772,34.4471388981184],[-118.557233377386,34.4470210001435],[-118.557289739802,34.446715598056],[-118.557360944729,34.4463289632762],[-118.557473838017,34.4457236692313],[-118.557495456476,34.4456104828924],[-118.557472689054,34.4456076367709],[-118.557284053382,34.4455842745214],[-118.557482591967,34.4445426027649],[-118.55748433254,34.4445303257482],[-118.557513750574,34.4443600236333],[-118.557513869997,34.4443593316055],[-118.557525482963,34.4442927853692],[-118.557527847542,34.4442770030123],[-118.557529364939,34.4442666644237],[-118.55753067155,34.4442578377799],[-118.55753409856,34.4442346290868],[-118.557544875814,34.4441612665593],[-118.557554401362,34.444096481598],[-118.55755757334,34.4440748418491],[-118.557571817606,34.4439780784126],[-118.557574165629,34.4439621013984],[-118.557593009284,34.443833908167],[-118.557611440552,34.4437084926596],[-118.557629903854,34.4435829940594],[-118.557648368376,34.4434575233971],[-118.557666799103,34.4433320519843],[-118.557671311799,34.4433013293916],[-118.557673237156,34.4432882166981],[-118.55768522978,34.4432065814692],[-118.557695666405,34.4431356925026],[-118.557977467917,34.4431460203726],[-118.557977819931,34.443144149867],[-118.558008867582,34.4429696119041],[-118.558075372164,34.4425957396164],[-118.55808592294,34.4425364240222],[-118.558111391711,34.4423931670828],[-118.558125068324,34.4423162454073],[-118.558128465965,34.4422971343154],[-118.558163431179,34.4421006249421],[-118.558242193048,34.4416579737523],[-118.558271470839,34.4414932678951],[-118.558308811951,34.4412996802343],[-118.558435087757,34.4406450255618],[-118.55848077783,34.4404081508488],[-118.558603409333,34.4397621611728],[-118.558627400624,34.4396396372396],[-118.558663916079,34.4394531465359],[-118.55873980926,34.439065546094],[-118.558757351042,34.4389759922096],[-118.558781340599,34.4388534393959],[-118.55883109224,34.4385992768529],[-118.558841229388,34.4385778790439],[-118.558852204718,34.4385547455192],[-118.558979534772,34.4382863499622],[-118.559232320484,34.4377665204769],[-118.559350703463,34.4375215768771],[-118.559433788859,34.4373484952187],[-118.559631719015,34.4369361647122],[-118.559721246071,34.4367496598848],[-118.559723348267,34.4367452822356],[-118.559975022983,34.4362091924885],[-118.559984566101,34.4361888638388],[-118.560017135044,34.4361195637487],[-118.560026643268,34.4360992271427],[-118.560050551474,34.4360483079075],[-118.560094169154,34.4359554203417],[-118.560119050651,34.4359023265971],[-118.560126538557,34.435886408732],[-118.560436875515,34.4350595084952],[-118.560497703551,34.4348974041278],[-118.560543730997,34.4349063141283],[-118.560592960529,34.4347506389768],[-118.560549262724,34.4347378434211],[-118.560774679966,34.4342642190694],[-118.560795838921,34.4342197971471],[-118.56086612729,34.4340592644037],[-118.561008274153,34.4337346088128],[-118.561021614019,34.4337061892451],[-118.561072341671,34.4335980513615],[-118.561302332369,34.4331077732383],[-118.561427672906,34.4328405723694],[-118.561526557076,34.4326297858641],[-118.561743015656,34.4321683718256],[-118.562452071273,34.4306568769999],[-118.563766774194,34.4291880976817],[-118.563846896276,34.4290885371364],[-118.563941160954,34.4289940739013],[-118.563941020556,34.4289934245448],[-118.564027481501,34.4288968293192],[-118.564075187829,34.4288435294195],[-118.564117461438,34.428796301383],[-118.564156977075,34.42875215229],[-118.56418961735,34.4287156856163],[-118.564256513253,34.4286409479619],[-118.564298740215,34.4285937705638],[-118.564402146132,34.428478242364],[-118.564463384428,34.4284098254572],[-118.564514125602,34.4283531349972],[-118.564551509242,34.4283113676417],[-118.56470495565,34.4281399308698],[-118.564769868078,34.4280674082235],[-118.564801478748,34.4280320911285],[-118.564938302513,34.4278792238063],[-118.565054594224,34.427749296054],[-118.565076582454,34.4277247303795],[-118.565273477061,34.4275047472655],[-118.565348009549,34.4274214737021],[-118.565357272117,34.4274111259469],[-118.565826469977,34.4268869014351],[-118.565688339083,34.42664114163],[-118.565355009576,34.426581706526],[-118.563948329056,34.4263308723462],[-118.563947651808,34.4263304734085],[-118.562450154483,34.4254475651868],[-118.562324583821,34.4254294061786],[-118.562195561382,34.4254162864114],[-118.562342372572,34.4243146649881],[-118.56204257931,34.4243152592816],[-118.561367810018,34.424275311112],[-118.560618592564,34.4242309503821],[-118.560422587629,34.4242153200846],[-118.560277862006,34.4241977135588],[-118.560090613545,34.4241671109987],[-118.559952479932,34.4241405980005],[-118.559621298745,34.4240576170409],[-118.559300557687,34.4239500985516],[-118.558992901245,34.4238189328693],[-118.558876921292,34.4237578795888],[-118.5587008576,34.4236651957048],[-118.558426835398,34.4234901544637],[-118.558404151011,34.4234749417546],[-118.555607021291,34.4234762049572],[-118.554824071523,34.4234765467609],[-118.553625403258,34.4234770614746],[-118.552843692655,34.4234773929537],[-118.551459093614,34.4234779672209],[-118.549066954111,34.4234789227215],[-118.547331184957,34.4234795865663],[-118.546614074975,34.4234798532444],[-118.54603995812,34.4234800634817],[-118.545692006062,34.4234801733317],[-118.545438483911,34.4234802714111],[-118.545251072474,34.4234803431691],[-118.545147964226,34.4234803783739],[-118.544820387148,34.4234804906168],[-118.544271015573,34.4234807048457],[-118.54272535406,34.4234811203655],[-118.5419563001,34.4234813232482],[-118.541797462408,34.4234814026419],[-118.541539026311,34.4234815370582],[-118.541451846678,34.4234815818502],[-118.54116149492,34.42348173982],[-118.541161139168,34.4234817405056],[-118.540915462087,34.4234818202764],[-118.540909062837,34.4234818226679],[-118.540542188317,34.4234819327061],[-118.540331659968,34.4234750669811],[-118.540325868169,34.4234815009099],[-118.539961365566,34.4234826480155],[-118.539773882545,34.4234827467896],[-118.539711329171,34.4234827357372],[-118.539680605701,34.4234827299915],[-118.538962460987,34.4234826071426],[-118.538576799886,34.4234825395728],[-118.537822635607,34.4234824031146],[-118.536501501526,34.4234821529003],[-118.535738524929,34.4234820018913],[-118.534938611642,34.4234818394924],[-118.533637129061,34.423481561569],[-118.5330096632,34.4234814237325],[-118.530920117217,34.4234809383623],[-118.530304101945,34.4234807887006],[-118.529907255737,34.4234806910784],[-118.52986867639,34.4234201618203],[-118.529830227408,34.4233614756238],[-118.529829547211,34.4233617806098],[-118.529797488051,34.4233127219549],[-118.529768735826,34.4232707800073],[-118.529753103264,34.4232155281603],[-118.529732066157,34.423161520595],[-118.529705763924,34.4231091236254],[-118.529674371769,34.423058685378],[-118.529638104018,34.423010547497],[-118.529597200972,34.4229650307779],[-118.529551939837,34.4229224423314],[-118.529468784644,34.4228503605129],[-118.529417437511,34.4228058512615],[-118.529358930491,34.4227551364012],[-118.529301583132,34.4227054261742],[-118.529208798301,34.4226249964937],[-118.529159952927,34.4225795124758],[-118.529119060623,34.4225414350337],[-118.529087869438,34.4225078166382],[-118.529036783167,34.4224527553996],[-118.528962389864,34.4223594164431],[-118.528914704018,34.4222946659297],[-118.528862514569,34.4222237982702],[-118.528799650978,34.422138437132],[-118.528776314065,34.422106748865],[-118.528724573691,34.4220364922339],[-118.528665636805,34.4219564636317],[-118.528627665388,34.4219049034279],[-118.528573353018,34.4218311536666],[-118.528513187362,34.4217520273745],[-118.528455339929,34.4216759498684],[-118.528396447818,34.4216032414223],[-118.528331968042,34.4215236343822],[-118.528257037947,34.4214366585788],[-118.528203344798,34.4213743347421],[-118.528132071529,34.4212940647987],[-118.528055961816,34.4212083453414],[-118.527970793854,34.4211124238029],[-118.527917675065,34.4210525991058],[-118.527849118634,34.4209753851033],[-118.52779216279,34.4209112388526],[-118.527762291136,34.4208775954436],[-118.527730058479,34.4208432221376],[-118.527668869293,34.4207779682275],[-118.527613555053,34.4207249361143],[-118.527569304593,34.4206825120243],[-118.527519571179,34.4206395771524],[-118.52746386852,34.4205914915918],[-118.52735047686,34.4204985808747],[-118.527284141833,34.4204442270911],[-118.527217805799,34.4203898723742],[-118.52713305196,34.4203204256951],[-118.527064258878,34.4202640576218],[-118.527005289394,34.4202157390258],[-118.526930355024,34.420154338133],[-118.526884902137,34.420117094743],[-118.526811196014,34.4200566999664],[-118.526775572155,34.4200275096492],[-118.526680666459,34.4199497449871],[-118.52667119572,34.4199419030692],[-118.526630434876,34.4199061655135],[-118.526582902686,34.419859876901],[-118.526539959205,34.4198128885915],[-118.526491138414,34.4197518681092],[-118.526452909201,34.4197002849066],[-118.526397715524,34.4196258113616],[-118.526356963868,34.4195708249546],[-118.526321993625,34.4195236378882],[-118.526275505694,34.4194609114052],[-118.526249197169,34.4194254139312],[-118.526208876909,34.4193710070944],[-118.526156597936,34.4193004668233],[-118.526101869142,34.4192323388508],[-118.526054029762,34.4191727861465],[-118.526016025463,34.4191322718062],[-118.525940434261,34.4190516866393],[-118.525892071718,34.4190072801614],[-118.525816420425,34.4189378192453],[-118.525729551507,34.4188675693763],[-118.525638249661,34.418801289192],[-118.525542783716,34.4187391713481],[-118.525452717189,34.4186888032126],[-118.52537312808,34.4186442955988],[-118.525279445998,34.4186015718033],[-118.525193815683,34.418562520193],[-118.525006312833,34.4184945212049],[-118.524872534416,34.4184557931615],[-118.524736084067,34.4184241076187],[-118.524597501056,34.4183995920562],[-118.524541212386,34.4183911356618],[-118.524427941466,34.4183741212152],[-118.524361051281,34.4183640724813],[-118.524239526553,34.4183458169644],[-118.524132022574,34.4183296680351],[-118.524024360741,34.4183134944496],[-118.523905294901,34.4182956084238],[-118.523838770929,34.4182811511071],[-118.523677550038,34.4182461130566],[-118.523532119362,34.4182040936516],[-118.523398748894,34.418167777444],[-118.523330492305,34.4181491910736],[-118.523186315131,34.4181099317626],[-118.523081286626,34.4180768142149],[-118.523013290056,34.4180491976511],[-118.52298037644,34.4180358300375],[-118.522884444018,34.4179873271352],[-118.522850590134,34.417966443819],[-118.522794300261,34.4179317194363],[-118.522790297338,34.4179290140476],[-118.52275669979,34.4179080592807],[-118.522615262206,34.4178198466435],[-118.522528095728,34.417775074115],[-118.522429060592,34.4177242059659],[-118.522318982367,34.4176784934009],[-118.522233209473,34.4176428733755],[-118.522178205866,34.4176249721626],[-118.522074331545,34.4175911654123],[-118.522029303379,34.4175765109032],[-118.521962969467,34.4175604695453],[-118.521891094324,34.4175430888701],[-118.52181901002,34.4175256567632],[-118.521688879253,34.4175045138404],[-118.521604036581,34.4174907282044],[-118.52148481253,34.4174804873266],[-118.521440276586,34.4174766624508],[-118.52138613728,34.4174720115618],[-118.521325266413,34.4174712030837],[-118.521232079947,34.4174782803591],[-118.521179591812,34.4174868099662],[-118.521128853166,34.4174983305459],[-118.521081496988,34.4175121634399],[-118.52104556556,34.4175247860576],[-118.521001614137,34.4175429316718],[-118.520954844552,34.417565854899],[-118.520927622681,34.4175811149333],[-118.520883122994,34.4176095367749],[-118.520851575124,34.417632699311],[-118.520793036092,34.4176840227482],[-118.520791225017,34.417685797537],[-118.520788750543,34.41768830001],[-118.520749480384,34.4177317306743],[-118.52071513599,34.4177779385498],[-118.520685998908,34.417826541082],[-118.520673104712,34.4178540833956],[-118.520662312493,34.4178771369474],[-118.52065582749,34.4178958969207],[-118.520644275394,34.417929307885],[-118.520632031774,34.4179826205408],[-118.520619320795,34.4180560205436],[-118.520612936929,34.4180928811397],[-118.520602040286,34.4181558056067],[-118.520590715247,34.4182212057285],[-118.520584534611,34.418248290085],[-118.520575480661,34.4182748133956],[-118.520563622802,34.4183005671069],[-118.520549055489,34.4183253470651],[-118.520531895002,34.4183489598415],[-118.520505632904,34.4183817262124],[-118.520459747099,34.4183623309136],[-118.520367575612,34.418306363193],[-118.520346790612,34.4182946746841],[-118.520325043185,34.4182842587628],[-118.520302445716,34.4182751690388],[-118.520279117079,34.418267452783],[-118.520255178282,34.4182611509468],[-118.520230752457,34.4182562963585],[-118.520205968127,34.4182529137097],[-118.520180953769,34.4182510204798],[-118.520155839989,34.4182506269271],[-118.520130757339,34.4182517342947],[-118.520105836335,34.4182543384168],[-118.52008120634,34.4182584243144],[-118.520056996681,34.4182639715991],[-118.520033332274,34.4182709499849],[-118.520010336923,34.4182793255846],[-118.519988999886,34.4182886370782],[-118.519968491683,34.4182991494683],[-118.519948911004,34.4183108136491],[-118.519930351054,34.4183235733265],[-118.519912901746,34.4183373677123],[-118.51989664751,34.4183521288299],[-118.519881664062,34.418367786937],[-118.519868024914,34.4183842677929],[-118.519855794843,34.4184014917851],[-118.519845033162,34.4184193757185],[-118.519835790466,34.4184378337306],[-118.519828112988,34.4184567781746],[-118.519781232889,34.4185873016521],[-118.519765647989,34.4186280989739],[-118.519748368485,34.418668424839],[-118.519729415833,34.4187082313732],[-118.51970881149,34.4187474707023],[-118.519686581264,34.4187860949335],[-118.519662753157,34.418824058869],[-118.519637352994,34.4188613173204],[-118.51961041204,34.418897825076],[-118.519581963741,34.4189335378161],[-118.519552040474,34.4189684139304],[-118.519520678955,34.4190024099866],[-118.519487917015,34.4190354870555],[-118.519453794657,34.4190676052971],[-118.519418349715,34.4190987257822],[-118.519381627641,34.4191288104504],[-118.519343671736,34.4191578248567],[-118.519304526384,34.41918573365],[-118.519264239242,34.4192125032683],[-118.519222857974,34.4192381010512],[-118.519180433524,34.4192624970287],[-118.519169499329,34.4192677538119],[-118.519157848412,34.419271820027],[-118.519145669645,34.4192746281517],[-118.519133159659,34.4192761340706],[-118.519120520645,34.4192763125765],[-118.519107956028,34.4192751618975],[-118.51909566826,34.4192726991978],[-118.519083857772,34.4192689659919],[-118.519072022219,34.4192652256799],[-118.519059709433,34.4192627630836],[-118.519047117644,34.4192616161207],[-118.519034453674,34.4192618046414],[-118.519021919845,34.4192633250754],[-118.51900972271,34.4192661540004],[-118.518998056702,34.4192702437046],[-118.518987112883,34.4192755293618],[-118.518977068036,34.4192819236679],[-118.518968085796,34.419289324951],[-118.518960310096,34.4192976117896],[-118.518953869559,34.4193066502062],[-118.518948866623,34.4193162937137],[-118.518945382993,34.4193263859969],[-118.518943475304,34.4193367627339],[-118.518941112617,34.419350764694],[-118.518937025002,34.4193644909514],[-118.518931257249,34.4193777970683],[-118.518923870482,34.4193905412417],[-118.518914942192,34.4194025888107],[-118.518904567316,34.4194138122523],[-118.51889285608,34.4194240929932],[-118.518879930733,34.419433321424],[-118.518864252209,34.4194422433884],[-118.51872064027,34.4195152564534],[-118.51802948919,34.4205198887806],[-118.517906045719,34.4209045733323],[-118.517633118572,34.4212154928379],[-118.517326757693,34.4214515960492],[-118.517296870671,34.4214756133318],[-118.517268223631,34.4215006458585],[-118.517240865258,34.4215266501489],[-118.517214844226,34.4215535809193],[-118.517190204839,34.4215813892989],[-118.517166991408,34.4216100282196],[-118.51714524496,34.4216394470212],[-118.517125002161,34.4216695932592],[-118.51710629968,34.4217004153903],[-118.517089168731,34.4217318591899],[-118.516871636552,34.4221545494888],[-118.516861842915,34.4221718799876],[-118.516850618154,34.4221886035389],[-118.516838016165,34.4222046396755],[-118.516824097383,34.4222199097062],[-118.516808929887,34.4222343394142],[-118.516792587228,34.4222478599691],[-118.516775149502,34.4222604052169],[-118.516756699009,34.422271913502],[-118.516737327884,34.4222823303393],[-118.516101249213,34.4225988461385],[-118.516072334073,34.4226140897335],[-118.516044407781,34.4226305515983],[-118.516017545128,34.4226481872398],[-118.515991816531,34.4226669485781],[-118.515967292401,34.4226867866311],[-118.515944038771,34.4227076479282],[-118.515922115129,34.4227294763218],[-118.515901583134,34.4227522147536],[-118.515882494626,34.4227758016993],[-118.515864902522,34.422800173827],[-118.515848853206,34.422825266931],[-118.515671287298,34.4231211263777],[-118.515658007331,34.4231417595013],[-118.515643336175,34.4231617359081],[-118.515627321296,34.4231809904851],[-118.515610014533,34.423199461707],[-118.515591471001,34.4232170898375],[-118.515571752353,34.4232338169157],[-118.515550919194,34.423249591296],[-118.515529040832,34.4232643612954],[-118.515506185515,34.4232780797436],[-118.515482429118,34.4232907012407],[-118.515457846462,34.4233021858007],[-118.515432517829,34.4233124970205],[-118.51540553547,34.423321920036],[-118.515390522182,34.4233265302752],[-118.515376342398,34.4233304608188],[-118.514822728086,34.4234759946574],[-118.514686974831,34.4234759531948],[-118.514072699196,34.42347571282],[-118.513911261749,34.4234756486141],[-118.513658717939,34.4234755517152],[-118.512568877123,34.4234751286004],[-118.512293418011,34.4234750202088],[-118.511658794671,34.4234747669963],[-118.511658582528,34.4234747678911],[-118.511658392144,34.4234747686942],[-118.511658009178,34.4234747667034],[-118.511362646177,34.4234746472953],[-118.511322735055,34.4234746316282],[-118.511320121817,34.4234746300224],[-118.511319922718,34.4234746290586],[-118.511288421387,34.4234746175974],[-118.511176237445,34.4234746062844],[-118.510989277259,34.4234745862423],[-118.510718259621,34.4234745565354],[-118.510495586736,34.4234745310268],[-118.509730399889,34.4234744429991],[-118.509362080225,34.4234743980913],[-118.509055100757,34.4234743606097],[-118.50840049967,34.4234742769637],[-118.507913510861,34.4234742129009],[-118.506592579621,34.4234740282544],[-118.50561988469,34.4234738837197],[-118.505365759489,34.4234738446637],[-118.505206367686,34.4234738198512],[-118.505126578218,34.4234738068545],[-118.50506453568,34.4234738731738],[-118.505014761342,34.4234738604374],[-118.504839221157,34.4235790043351],[-118.504804959153,34.4235952393419],[-118.504774918851,34.4236081472325],[-118.504587114266,34.4236692016975],[-118.504371060831,34.4237228608347],[-118.504342461984,34.4237339793859],[-118.504334530126,34.4237388842648],[-118.503999725912,34.4238915400288],[-118.503965261301,34.423637881937],[-118.50306326016,34.4205098804526],[-118.503015261567,34.4202258810927],[-118.503004545505,34.4201757496413],[-118.502793547357,34.4202022731564],[-118.502543586261,34.4202336935079],[-118.502543659701,34.4200628395028],[-118.502543424278,34.4199383446608],[-118.502543236231,34.4198388329888],[-118.502543965864,34.4197893680916],[-118.502543772123,34.4196968469528],[-118.502543692036,34.4196505732415],[-118.502882261322,34.419585881283],[-118.502703261688,34.4186308805109],[-118.502689260289,34.4185478818185],[-118.502683435352,34.4185090470473],[-118.502683260784,34.418507881183],[-118.502630359703,34.418178492488],[-118.502630261373,34.418177881654],[-118.502593261183,34.4179478809079],[-118.502525427363,34.4168395906922],[-118.502191561197,34.4140054299987],[-118.502191260817,34.4140028798945],[-118.502156259546,34.4137058811287],[-118.502131259546,34.4134638806414],[-118.502131259229,34.4130308799175],[-118.502155143789,34.4128736477389],[-118.502155259912,34.4128728809522],[-118.502184260918,34.4126868802897],[-118.502809259915,34.4106318798215],[-118.502921259774,34.4102658802127],[-118.503030881016,34.4099071215794],[-118.503030762033,34.4099059717122],[-118.503031260759,34.4099058794899],[-118.503100260537,34.4096808798637],[-118.503153132104,34.4094341380325],[-118.503150259702,34.4090948800619],[-118.503150366776,34.4086448766744],[-118.502923184846,34.4086427185925],[-118.502544771672,34.4086391205191],[-118.502558638197,34.4082063533939],[-118.502558637218,34.4082061911213],[-118.502558644554,34.4082059648053],[-118.502568369272,34.4079043559685],[-118.502615556194,34.406440873393],[-118.502958906271,34.4064435059321],[-118.503181614373,34.406445207375],[-118.503181665888,34.4064416704323],[-118.503214265403,34.404205164731],[-118.503216760647,34.4040339227588],[-118.503219181269,34.4038713971539],[-118.503216763899,34.4037088744936],[-118.503209512399,34.403546449423],[-118.503191263267,34.4033654469343],[-118.503165591325,34.4031850639432],[-118.503132525082,34.4030055112867],[-118.503092104984,34.4028269943417],[-118.503044376932,34.4026497220671],[-118.502989396593,34.4024738997742],[-118.502927227219,34.4022997282337],[-118.50285794188,34.4021274135838],[-118.502781621211,34.4019571538163],[-118.502760747269,34.4019150385075],[-118.502698350187,34.4017891460026],[-118.501869470488,34.4007686530539],[-118.501572074631,34.4004626198139],[-118.501186180685,34.4001374973704],[-118.500951931574,34.3999674400974],[-118.500941397183,34.399848656521],[-118.500940323717,34.3998479370212],[-118.500913010498,34.3995525818873],[-118.50091297546,34.399552362057],[-118.500900920499,34.3994219702534],[-118.500654808768,34.3994386490057],[-118.50064128572,34.3993009806216],[-118.500624073229,34.3991236237729],[-118.500557629479,34.3984380410784],[-118.500507950772,34.3979209630549],[-118.500506499033,34.3979056086568],[-118.50050600201,34.3979056107083],[-118.49948395988,34.3979353798056],[-118.499304868847,34.3961022023739],[-118.499290271941,34.3959398622717],[-118.499258477092,34.3955850967502],[-118.499213681484,34.3950852543723],[-118.499196286697,34.394897148115],[-118.499140061637,34.3942891078701],[-118.499137647082,34.3942629344621],[-118.499137473824,34.3942610626823],[-118.499123810007,34.3941309261246],[-118.499172641296,34.394130031831],[-118.499280580146,34.3941280566265],[-118.499505988114,34.3941239314399],[-118.500138567679,34.3941123527457],[-118.500879439251,34.3940987863532],[-118.501334575165,34.3940904405331],[-118.50224824706,34.3940960436365],[-118.50301034502,34.3941004782711],[-118.50302374511,34.3936690730636],[-118.503318646757,34.393671363519],[-118.503678121414,34.3936741549623],[-118.50407516724,34.3936772363214],[-118.504961700517,34.3936837296366],[-118.505180620841,34.3936853312511],[-118.505317332997,34.3936865205011],[-118.506417011867,34.3936933372233],[-118.506607027241,34.3936947387356],[-118.507510864972,34.3937014034634],[-118.50764595243,34.3937025968883],[-118.50865108002,34.3937099099641],[-118.508753065184,34.3937106523059],[-118.50930751464,34.3937149627684],[-118.509799681557,34.3937187869953],[-118.509935556734,34.3937186006143],[-118.510047440379,34.3937198060024],[-118.510119666168,34.3935852343453],[-118.510193544439,34.3934475850523],[-118.510342142841,34.3931726001233],[-118.510489061933,34.3928989933129],[-118.510512893593,34.3928014313262],[-118.510540848235,34.3926914747608],[-118.510566314851,34.3925856541018],[-118.511359338328,34.3925913890152],[-118.511373515143,34.3925365833375],[-118.511527187214,34.3919422534853],[-118.511587832886,34.3917076843046],[-118.511587979595,34.3917071355505],[-118.511758066158,34.3910686031187],[-118.512225576469,34.3911544794178],[-118.512827388317,34.3912648739773],[-118.512959192502,34.3912880575553],[-118.514021947726,34.3914829717377],[-118.514342107957,34.3915412048438],[-118.514475566256,34.3915654796367],[-118.514598887274,34.3915879022729],[-118.514703303577,34.3915891368475],[-118.515054655989,34.3915886104436],[-118.515228652595,34.3915883598568],[-118.515254346161,34.3915883209971],[-118.515313173004,34.3915882386898],[-118.515405836333,34.3915166611959],[-118.515564678489,34.3913955322955],[-118.515887312648,34.3911463857859],[-118.516145402137,34.390949398504],[-118.516268673926,34.3908544186383],[-118.516401046472,34.3907527140791],[-118.516641717707,34.3905681068066],[-118.51673520628,34.3904966915514],[-118.517020612026,34.3902763839767],[-118.517253890573,34.390097499308],[-118.51734656126,34.3900272906179],[-118.517377168347,34.3900038886128],[-118.517880055085,34.3900955396065],[-118.517914840544,34.3901019325903],[-118.518029553881,34.3901224375715],[-118.518059531925,34.3901278476406],[-118.518112328218,34.3901374947972],[-118.518233995912,34.3901596954134],[-118.518911585879,34.3902833265723],[-118.519059586406,34.3903103405711],[-118.519088389511,34.3902950597009],[-118.519189928724,34.3899133201957],[-118.519236026556,34.3897387562537],[-118.519291895624,34.3895298586266],[-118.519389369048,34.3891617324449],[-118.519393061241,34.3891478004813],[-118.51947702614,34.3888405606871],[-118.519549097077,34.3885494408152],[-118.51955159249,34.3885499061347],[-118.519556510905,34.38853067688],[-118.519582014726,34.388437221395],[-118.519815960503,34.3884794438159],[-118.51994182573,34.3885024568362],[-118.520227914403,34.3885547648466],[-118.520337553484,34.3885748115954],[-118.520660934363,34.3886336849205],[-118.52073812576,34.3886484118228],[-118.520793639158,34.3886579009928],[-118.521179080145,34.3887287609731],[-118.521187363109,34.3887302597878],[-118.52133932498,34.3887577092467],[-118.521464429403,34.3887803083517],[-118.521639078166,34.3888118574261],[-118.522380097527,34.3889481234448],[-118.52257432402,34.3889833219007],[-118.522815864584,34.3890270943232],[-118.522928835321,34.3890475679248],[-118.522961163639,34.3890544073044],[-118.52305899106,34.3890720945319],[-118.523168461544,34.389091569681],[-118.523281124167,34.3891116124475],[-118.523759425212,34.3892001726539],[-118.524034998968,34.3892505066894],[-118.524512789978,34.389337773328],[-118.52506869717,34.3894385682037],[-118.525181396908,34.3894590021183],[-118.525257105317,34.3894733620407],[-118.525310426991,34.3894834761955],[-118.52528199959,34.3895907391143],[-118.525274607161,34.3896168490482],[-118.525157745013,34.3900579552444],[-118.525157484749,34.3900578995747],[-118.525124566328,34.390183058513],[-118.525107143206,34.3902479131288],[-118.52509318224,34.3902999274594],[-118.525046465609,34.3904786353178],[-118.525037384025,34.3905131864439],[-118.525016700967,34.3905917648589],[-118.524999316116,34.3906571971775],[-118.524966531777,34.3907805830613],[-118.524922605695,34.3909459089654],[-118.524885432514,34.3910845831838],[-118.524865808315,34.3911577937326],[-118.524854868301,34.3911986059594],[-118.52484008394,34.3912537557661],[-118.52483241562,34.3912827274456],[-118.524808063627,34.3913747194659],[-118.525010665798,34.3914101698898],[-118.525115262513,34.3914284725627],[-118.525224984986,34.3914476734136],[-118.525352726962,34.3914700281096],[-118.525484531641,34.3914931899724],[-118.525937260825,34.3915735429841],[-118.526422120225,34.391660706584],[-118.526554757396,34.3916852340103],[-118.526804281439,34.3917301746212],[-118.526964274125,34.391758778508],[-118.527094422274,34.3917819313989],[-118.529227278619,34.3921651187081],[-118.529353409783,34.3921877836532],[-118.530389149311,34.3923738320344],[-118.531028811881,34.3924887309426],[-118.531060606118,34.3926068366288],[-118.531194010885,34.3931022347664],[-118.531273921092,34.3933989831785],[-118.53134362852,34.3936578782583],[-118.531358349119,34.3937125470734],[-118.531447912893,34.394045157746],[-118.531482903892,34.3941750801988],[-118.531511102266,34.3942794530561],[-118.531511187076,34.3942794499798],[-118.531589129504,34.3942798493714],[-118.531641778843,34.3942801189001],[-118.531881486743,34.3942813449705],[-118.531934451491,34.3942816165948],[-118.532209949951,34.3942830257852],[-118.532361382245,34.3942838062053],[-118.532692194688,34.3942854997413],[-118.532746437339,34.3942857735109],[-118.532793753108,34.3942860127817],[-118.532852101431,34.3942863081317],[-118.533037078518,34.3942872765682],[-118.533669066461,34.3942904973923],[-118.534323329474,34.3942938286307],[-118.53436629274,34.3942940513073],[-118.534370867056,34.3942940581949],[-118.535055298158,34.3942977609998],[-118.535519082032,34.3943002673077],[-118.535960310272,34.3943026515652],[-118.53629420279,34.3943046669502],[-118.536321513139,34.3943045993501],[-118.536324065742,34.3943046151061],[-118.536468499073,34.3942282703504],[-118.536804234496,34.394050801393],[-118.536954614095,34.3939713113054],[-118.537365520556,34.3937541034122],[-118.537451591767,34.3937086053225],[-118.537608711724,34.3936255541137],[-118.537747666237,34.3935511289505],[-118.537774048166,34.3935369984249],[-118.537884870919,34.3934764102747],[-118.537948860384,34.393442596361],[-118.538013742487,34.3935315419359],[-118.538175280276,34.3937376075051],[-118.538242765318,34.3938236835264],[-118.538299523667,34.3938960793943],[-118.538454915734,34.3940901543595],[-118.538530197433,34.3941980101413],[-118.538620560308,34.3943312394194],[-118.53871269725,34.3944822940937],[-118.538774808281,34.3946042965887],[-118.538822025085,34.3947287894755],[-118.538844002066,34.3947949684628],[-118.538896484689,34.3949661484631],[-118.538909066296,34.3950094601833],[-118.538930801127,34.3951012340237],[-118.53894070956,34.3951585071354],[-118.538958708274,34.3952826727453],[-118.538974892857,34.3952798799636],[-118.538991120906,34.3952770815772],[-118.538996205068,34.3952762043191],[-118.539007346772,34.3952742822968],[-118.539023574819,34.3952714839061],[-118.539039800683,34.3952686846214],[-118.539056027727,34.3952658997539],[-118.539072255764,34.3952631004552],[-118.539088481631,34.3952603020655],[-118.539104709666,34.3952575027624],[-118.539120935618,34.395254717891],[-118.539137163651,34.3952519185836],[-118.539153390601,34.3952491201804],[-118.539169617544,34.3952463208735],[-118.539185828179,34.3952435225384],[-118.539202055026,34.3952407088029],[-118.539218281972,34.395237910391],[-118.539234508818,34.3952350966512],[-118.539250735761,34.3952322982349],[-118.539266962604,34.3952294844907],[-118.539283173057,34.3952266590972],[-118.539299399992,34.395223859773],[-118.539315626838,34.3952210469238],[-118.539331852682,34.3952182476],[-118.539348063213,34.395215434819],[-118.539367193974,34.3952121339354],[-118.539336258921,34.3950299713119],[-118.539336138589,34.394996091106],[-118.539335745929,34.3948586423969],[-118.53933563133,34.3948187588162],[-118.539333955527,34.3942412889871],[-118.539333485207,34.3940792394173],[-118.539293917774,34.394019593771],[-118.539293021597,34.3940182445465],[-118.539233599008,34.3939285595501],[-118.538926054483,34.3934643963492],[-118.539253998157,34.3932882849653],[-118.539389292941,34.3932159982124],[-118.53951844892,34.3931469976859],[-118.539672991783,34.3933460802287],[-118.540309365064,34.3930494950142],[-118.540127263763,34.3928223512148],[-118.540188392993,34.3927900949924],[-118.540196882683,34.392785620696],[-118.540331399762,34.3929589291654],[-118.540509525216,34.392863906396],[-118.540670435371,34.3927780656729],[-118.540869381728,34.3926719336203],[-118.540737301951,34.3925017639497],[-118.541240476429,34.3922357051383],[-118.541443974587,34.3921286187196],[-118.541446099503,34.3921267592723],[-118.541447935459,34.3921257864269],[-118.541511061662,34.3920923891827],[-118.541511106097,34.3920923655442],[-118.541540800122,34.3920766498214],[-118.542383346524,34.3916306689363],[-118.542257031497,34.3914797419171],[-118.542326939138,34.391418343655],[-118.542591491238,34.3911859323666],[-118.542697299552,34.3910929780206],[-118.543138769104,34.3907051396942],[-118.543563100091,34.3903323520398],[-118.543695143104,34.390216347637],[-118.543957043793,34.3899862567564],[-118.54408490806,34.3897552441337],[-118.5443721798,34.3895020275918],[-118.544507318952,34.3893829070915],[-118.544826563159,34.3891015043805],[-118.545043165005,34.388910574687],[-118.545235799948,34.3887407708744],[-118.545701616357,34.3884583072442],[-118.545956259599,34.3883796789746],[-118.546001349997,34.3883657554],[-118.54611767172,34.3883057299039],[-118.5460034594,34.3881577480563],[-118.545845950748,34.3879536661778],[-118.545683264972,34.3877428755984],[-118.54565707689,34.3877089017306],[-118.545646265826,34.3876948764464],[-118.545610265034,34.3876478753028],[-118.545533265439,34.3875478758906],[-118.545368205325,34.3873308010234],[-118.545295264213,34.3872348752949],[-118.545009768489,34.3868596515974],[-118.544910266359,34.3867288761043],[-118.544862264989,34.3866668756633],[-118.544518264524,34.3862218748909],[-118.544466265141,34.386155874988],[-118.544411246342,34.3860852691307],[-118.544173736669,34.3857804771669],[-118.544053264593,34.3856258745357],[-118.543911165854,34.3854441116521],[-118.543727264477,34.3852088755271],[-118.543611278638,34.3850536032317],[-118.54360326492,34.3850428756784],[-118.543275265305,34.3846048749432],[-118.542738264367,34.3839058748192],[-118.542444264768,34.3835088749364],[-118.54215726443,34.3831098749848],[-118.541968264848,34.3827768743901],[-118.541747264756,34.3823398751228],[-118.541674263806,34.3821308754676],[-118.541619263796,34.3819728738956],[-118.541431263799,34.3814858741731],[-118.541422264039,34.3814648751285],[-118.54130126446,34.3811668750056],[-118.541107264069,34.3807348747647],[-118.541078263279,34.3806758749016],[-118.540741264366,34.3799708759017],[-118.540684264171,34.3798548738476],[-118.540649308401,34.3797839640512],[-118.540318758967,34.3798031033546],[-118.539978457153,34.3798228062829],[-118.539828633079,34.379831083397],[-118.539717670288,34.3796868703669],[-118.53953634848,34.3794430184544],[-118.539330681828,34.3791664224634],[-118.539184064995,34.3789692407117],[-118.539117532911,34.3788800100757],[-118.539042108852,34.3787790556476],[-118.538919849535,34.3786154143498],[-118.538853855795,34.3785266166207],[-118.538798351785,34.3784519318221],[-118.538711757509,34.3783342257358],[-118.538589524933,34.3781706507021],[-118.538471601758,34.3780112467627],[-118.538467124282,34.378005221825],[-118.538422394554,34.3779450371492],[-118.538285146575,34.3777603675521],[-118.538284663223,34.3777599423683],[-118.538217686021,34.3777008264531],[-118.537972869958,34.377484739332],[-118.537873485061,34.3773969817667],[-118.537760450729,34.3772965395981],[-118.53754169253,34.377102151484],[-118.537279666605,34.376870404704],[-118.537087380975,34.3767003725535],[-118.536738157273,34.3763904561137],[-118.536199471676,34.3759132486386],[-118.536098775746,34.3758241052523],[-118.535859939103,34.3756142928202],[-118.535641256188,34.3754195800187],[-118.535376288482,34.3751850726195],[-118.535354947622,34.3751660776588],[-118.535292825559,34.3751107612267],[-118.534652343026,34.3745405607781],[-118.534459730991,34.3743705124039],[-118.533832077854,34.3738109911329],[-118.533729372756,34.3738166659785],[-118.53352679807,34.3741023081423],[-118.533438708938,34.3742265322042],[-118.533364736402,34.3743323089911],[-118.53326021173,34.3744817726146],[-118.533141772548,34.3744306785929],[-118.532803317358,34.3748962711484],[-118.532755846302,34.3749793889769],[-118.532590953658,34.3752680689031],[-118.5325588049,34.3753243526212],[-118.532273008457,34.3757258111728],[-118.531875560406,34.3762812136015],[-118.531714226283,34.3765086900865],[-118.531499469466,34.3768114916132],[-118.531223562984,34.3772001492747],[-118.53052751439,34.3782309144555],[-118.530358016349,34.3781574575703],[-118.530057288882,34.37803305671],[-118.529911071554,34.3779722271497],[-118.529671836963,34.3778757224325],[-118.529422601629,34.3777710145371],[-118.529038696765,34.3776098363502],[-118.528977301527,34.3775829994693],[-118.528581823138,34.3774119633233],[-118.528217897703,34.3772510641647],[-118.528096602,34.377199054487],[-118.527880596529,34.3771065623904],[-118.527824109955,34.3770834539581],[-118.527330680253,34.3768836339017],[-118.527202725763,34.3768261267625],[-118.527076394983,34.3767652046106],[-118.526953368641,34.3767011648657],[-118.526901808007,34.376670802445],[-118.526790455034,34.3766190764125],[-118.526727383239,34.3766028631117],[-118.526654412633,34.3765942512873],[-118.52657653168,34.3765945895937],[-118.526487097094,34.3766022056673],[-118.526462286924,34.3766095094984],[-118.526430892167,34.3766237422997],[-118.526330239943,34.3766908166091],[-118.526080031279,34.3764308520016],[-118.526031682334,34.3763843485392],[-118.525975047087,34.376338211874],[-118.525888481303,34.3762746953247],[-118.525806944212,34.3762207817376],[-118.525723782723,34.376172721623],[-118.525660612829,34.3761403508063],[-118.52553599977,34.3760869763112],[-118.525469552739,34.3760621790092],[-118.52539646368,34.3760329559509],[-118.525242856742,34.3759709943315],[-118.525220359612,34.3759619438808],[-118.524899691945,34.3758262680912],[-118.524306372181,34.3755611243836],[-118.524343907449,34.3756124705893],[-118.524119260074,34.3755198757693],[-118.523950261442,34.3754498760263],[-118.523820343799,34.3753953615185],[-118.523689553544,34.3752424386112],[-118.523586972336,34.3751166021886],[-118.523369144335,34.374833163034],[-118.52325782385,34.374691136356],[-118.523033967361,34.3744055282766],[-118.522839622946,34.3741575733164],[-118.522814163474,34.3741250888647],[-118.522747810349,34.3740344475529],[-118.522664692169,34.3739073589329],[-118.522594646672,34.3737882367008],[-118.522553062051,34.3737039390204],[-118.522506426983,34.3736033263001],[-118.522479723306,34.3735407330232],[-118.522480295274,34.3735405682809],[-118.522459697476,34.3734910994377],[-118.522459595866,34.3734908474445],[-118.522456070867,34.3734818256062],[-118.522451369198,34.3734696453374],[-118.522442964564,34.3734474577125],[-118.522432605834,34.3734193328565],[-118.522425918491,34.3734006871901],[-118.522421675447,34.3733886455838],[-118.522418755421,34.3733802134486],[-118.522418625029,34.3733798795394],[-118.522418290343,34.3733788703561],[-118.522416141091,34.3733726752245],[-118.522416245535,34.3733726855929],[-118.522393249599,34.3733031470872],[-118.522367798523,34.373217807058],[-118.522343543561,34.3731257093397],[-118.522326692284,34.3730529231446],[-118.522287252996,34.3728278308433],[-118.522268923974,34.3726432637323],[-118.522263118257,34.372486113471],[-118.522267240379,34.3723105614894],[-118.522287864253,34.3720935875037],[-118.522301310594,34.3720047694118],[-118.522344488617,34.3717513788185],[-118.522390778916,34.3714797276362],[-118.522418018545,34.3713292406864],[-118.52243655061,34.3712268604371],[-118.52244158332,34.3711997691247],[-118.522484063994,34.3709710746388],[-118.522575899925,34.3704766739259],[-118.522628307248,34.370194535697],[-118.522700509927,34.3698058285503],[-118.522778721438,34.3693847644263],[-118.522805858925,34.3692386674046],[-118.522849678526,34.3690027528662],[-118.522955742738,34.3684317280823],[-118.522998299488,34.3682026120263],[-118.523037352857,34.3679923586551],[-118.52313538078,34.3674645854554],[-118.523169261314,34.3672821704593],[-118.523189653073,34.3671723776957],[-118.523265620596,34.3667633557184],[-118.523274853335,34.3667136924148],[-118.523316242532,34.3664911048021],[-118.523321317461,34.3664637292772],[-118.523352992776,34.3662931555449],[-118.523392909539,34.3660781922675],[-118.523455594795,34.3657406186186],[-118.523461754138,34.3657074496171],[-118.523522723684,34.3653791169043],[-118.523562042282,34.3651673737369],[-118.523610485436,34.3649064941853],[-118.523621928175,34.3648449191747],[-118.523659591675,34.3646378612078],[-118.523685613453,34.3644948078535],[-118.523718290256,34.364315161088],[-118.523735220786,34.3642220850917],[-118.523739200894,34.364197687554],[-118.523738845163,34.3641976512263],[-118.523740544163,34.3641861934284],[-118.523752131653,34.364108064605],[-118.523763047759,34.3640118492851],[-118.523763226973,34.3640102654069],[-118.523763523014,34.3640066850147],[-118.52376912671,34.3639458564489],[-118.523769873942,34.3639298220393],[-118.523770745865,34.3639192711575],[-118.523776801516,34.3637900561391],[-118.523776869136,34.3637797097761],[-118.523777248498,34.3637715690354],[-118.523776923909,34.363771298173],[-118.523777584466,34.3636703625274],[-118.523777584959,34.3636702678636],[-118.523777584341,34.3636701695984],[-118.52377758105,34.3636698189136],[-118.52377757917,34.3636696927062],[-118.52377757524,34.3636694132458],[-118.523777462624,34.3636615261606],[-118.523777393474,34.3636600371157],[-118.523777439133,34.3636600369184],[-118.523777262661,34.3636502920355],[-118.523777237104,34.3636489930271],[-118.523777230082,34.3636487406263],[-118.523777070615,34.3636418751881],[-118.52377708759,34.3636416353052],[-118.523776964862,34.3636373291798],[-118.523776846471,34.3636331943282],[-118.523775931216,34.3636012080443],[-118.52377429287,34.3635617610368],[-118.523771409367,34.3635104912072],[-118.523768407777,34.3634684563601],[-118.523760433296,34.3633800136999],[-118.523750183992,34.3632942575401],[-118.523732614987,34.363179791015],[-118.523729671009,34.3631643964196],[-118.523715529935,34.3630904338866],[-118.523710550237,34.3630643918855],[-118.523687889447,34.3629645117289],[-118.523637176321,34.3627842200072],[-118.523637148526,34.3627841218594],[-118.523618030609,34.3627210569911],[-118.52356816556,34.3625807160193],[-118.523512536271,34.3624439501867],[-118.523345388692,34.3621095110238],[-118.523217230461,34.3619015255103],[-118.523039786505,34.3616569652142],[-118.522824659737,34.3614074410517],[-118.522746849778,34.3613258266795],[-118.522503721844,34.3610708079205],[-118.522335822927,34.3608946972408],[-118.522114445811,34.3606624920994],[-118.521893071011,34.3604302856451],[-118.521863366172,34.360399127406],[-118.52184227132,34.3603770006804],[-118.520265164762,34.3587226815875],[-118.520017861147,34.3584631058957],[-118.518910373971,34.3573006305941],[-118.518730680742,34.357112011508],[-118.518601371452,34.356969107336],[-118.518495703608,34.356841840074],[-118.51832244435,34.3566077426328],[-118.518250272836,34.356498616036],[-118.518134660877,34.3563051097714],[-118.518078717962,34.3562011273001],[-118.517966623297,34.3559647331133],[-118.517901083277,34.3558021464063],[-118.517851895776,34.3556568381273],[-118.517817747688,34.355555961075],[-118.517786329627,34.3554469161188],[-118.517673582414,34.3550556020329],[-118.51760366464,34.3548129365512],[-118.517555585506,34.3548228658811],[-118.517546488843,34.3548247456705],[-118.517539402795,34.354826208476],[-118.517348758612,34.3543109340931],[-118.517210468238,34.3539948899854],[-118.517095770557,34.3537650476753],[-118.516814521055,34.3532014487882],[-118.516573266415,34.3527179861613],[-118.516544110447,34.3526595599185],[-118.516363618469,34.3522979081965],[-118.51635310926,34.352276848823],[-118.51621637654,34.3520028294437],[-118.515869127465,34.3513069199918],[-118.515370997471,34.3503086148309],[-118.51511022923,34.3497859945593],[-118.514787845511,34.3491398810777],[-118.514602310141,34.3487680292106],[-118.514595483244,34.3487543457757],[-118.514480600502,34.3485242331275],[-118.514175427192,34.3479129543919],[-118.51415338873,34.3478688111288],[-118.513648191972,34.3468568561424],[-118.513524731553,34.3466095505182],[-118.513517947988,34.3465959624026],[-118.513035690891,34.3456299231722],[-118.512724372735,34.3450062742438]]],[[[-118.555378821616,34.358061685113],[-118.5553541324,34.3580255670885],[-118.555341129129,34.3580058919236],[-118.555302082507,34.3579362761805],[-118.555281771173,34.3578903843055],[-118.555265080398,34.3578434318554],[-118.555223770536,34.3577116209888],[-118.555197101812,34.3576265213297],[-118.555191317167,34.3576081978501],[-118.555155753925,34.3575005580125],[-118.555111181689,34.3573760338843],[-118.555020380169,34.3571494054904],[-118.55497955892,34.3570567507612],[-118.554954959129,34.3570042755774],[-118.55492258734,34.3569352250691],[-118.554931682258,34.3569326825515],[-118.555511634408,34.3567695505115],[-118.555624439115,34.3567378193599],[-118.555648205741,34.35673113456],[-118.555674947532,34.3567236130077],[-118.555679017496,34.3567224674211],[-118.555679475378,34.3567223382044],[-118.555710324024,34.356713661873],[-118.555714332146,34.3567125345995],[-118.555729280771,34.3567083442103],[-118.555781410733,34.3566937625496],[-118.555806954399,34.3566989356608],[-118.55584219464,34.3567125730478],[-118.555868975649,34.3567296840952],[-118.555889761983,34.3567494794744],[-118.555906103542,34.356773060976],[-118.555914934612,34.3567935566882],[-118.556394726345,34.356686055023],[-118.556666035901,34.3568758441145],[-118.556755308431,34.3568826806568],[-118.556815818602,34.356885030676],[-118.556886668079,34.3568854516421],[-118.556956679216,34.3568834007856],[-118.557018140591,34.3568795698706],[-118.557086743327,34.3568730321279],[-118.557160184249,34.3568633500666],[-118.557236219491,34.3568503401627],[-118.557304504737,34.3568359937004],[-118.557380707997,34.3568169038373],[-118.557430990654,34.3568024615865],[-118.557500218886,34.3567800725305],[-118.557569992722,34.356754422753],[-118.557649942567,34.3567209710539],[-118.55772097709,34.3566873268272],[-118.557804242787,34.35664272753],[-118.557875598426,34.3565995830903],[-118.557948118493,34.3565504668444],[-118.558020789234,34.3564951283212],[-118.558040838545,34.3564786441789],[-118.558043011328,34.3564768184697],[-118.558046384001,34.35647398382],[-118.558054912299,34.3564667150896],[-118.558086394995,34.3563961047222],[-118.558340310666,34.356096482569],[-118.558443962902,34.3561672024877],[-118.558903072868,34.3564896719387],[-118.558909481845,34.3565110188422],[-118.558916452997,34.3565322270202],[-118.558923942841,34.356553296673],[-118.558931973296,34.3565742538441],[-118.558940527686,34.3565950436164],[-118.558949614914,34.356615696601],[-118.559228644537,34.3565284763095],[-118.559274510411,34.3565149128399],[-118.559297856999,34.3565085402928],[-118.559321345131,34.3565025259016],[-118.559344963713,34.3564968363605],[-118.559368684689,34.3564915024511],[-118.55939254056,34.3564865077959],[-118.559416463081,34.3564818878696],[-118.559440492004,34.3564775730702],[-118.559464617006,34.356473644584],[-118.559488813754,34.3564700403168],[-118.559513079053,34.3564667702003],[-118.559537415406,34.3564638829062],[-118.55956181609,34.3564613487146],[-118.559586257057,34.3564591479027],[-118.559610763631,34.356457328135],[-118.559635272456,34.3564558437255],[-118.559659818467,34.3564547170516],[-118.559684398362,34.3564539418174],[-118.559708977405,34.3564535253959],[-118.55973356213,34.3564534695599],[-118.559758116623,34.3564537681645],[-118.559782706124,34.3564544236129],[-118.559807267593,34.356455437098],[-118.559831795563,34.3564568041373],[-118.559856289883,34.3564585021929],[-118.559880760756,34.356460593424],[-118.559905158781,34.3564630059358],[-118.559929501798,34.3564658063597],[-118.559953811142,34.356468934194],[-118.559978016412,34.3564724276287],[-118.560002171692,34.3564762467462],[-118.560026249078,34.3564804448663],[-118.560050205885,34.3564849789125],[-118.56007409426,34.356489844136],[-118.560097853499,34.3564950660607],[-118.560121479237,34.356500642002],[-118.560145010467,34.3565065510445],[-118.560168411281,34.3565127879449],[-118.560191686094,34.3565193625998],[-118.560214823041,34.3565262885873],[-118.560237804595,34.3565335461545],[-118.560260615538,34.3565411353719],[-118.560283265642,34.3565490543914],[-118.560305756,34.3565573041094],[-118.56032807992,34.3565658593139],[-118.560350206018,34.3565747408855],[-118.560372133261,34.356583956943],[-118.560393871191,34.3565934713806],[-118.560415406994,34.3566033185164],[-118.560455262428,34.3566227562846],[-118.560477544551,34.3566346293291],[-118.560499364458,34.3566471166539],[-118.560520694725,34.356660181423],[-118.560541521057,34.3566737993611],[-118.560561798655,34.3566879364171],[-118.560581509288,34.3567026296387],[-118.560600629911,34.3567178466773],[-118.560619194968,34.3567335368875],[-118.560637126333,34.3567497213666],[-118.560654405345,34.3567663731546],[-118.560671051629,34.3567835011767],[-118.560687039567,34.3568010135943],[-118.560702339115,34.3568189691468],[-118.560716905504,34.3568373382908],[-118.560730786235,34.3568560721234],[-118.560755477623,34.3568915705959],[-118.560772148194,34.3569168267935],[-118.560788290897,34.3569423099151],[-118.560803900229,34.3569680100694],[-118.56081898821,34.3569939362165],[-118.560833478726,34.357020086004],[-118.560847472837,34.3570464535554],[-118.560860874554,34.3570729906318],[-118.560873704694,34.3570997214785],[-118.560885983973,34.3571266550155],[-118.560897694692,34.3571537462475],[-118.560908844559,34.3571810095638],[-118.560919403081,34.3572084369918],[-118.560929397117,34.3572359815272],[-118.560938794391,34.3572636929042],[-118.560947629479,34.3572915403106],[-118.560955868545,34.3573195031676],[-118.560963510518,34.3573475841849],[-118.560970558586,34.3573757725294],[-118.560977011493,34.3574040429638],[-118.560982871659,34.3574324324403],[-118.560988136444,34.3574608715522],[-118.560992798522,34.3574894027063],[-118.560996869608,34.3575179897866],[-118.561000306225,34.3575466338959],[-118.561003181041,34.3575753103563],[-118.561005431158,34.3576040419977],[-118.561007049726,34.3576327801682],[-118.561008104451,34.3576615705335],[-118.561008529624,34.357690341274],[-118.56100835599,34.3577191382263],[-118.561007592817,34.3577478847163],[-118.561006191752,34.3577766648113],[-118.561004198018,34.3578054142924],[-118.561001608227,34.3578341142429],[-118.560998422343,34.3578627592537],[-118.560994608012,34.3578913882408],[-118.560990224539,34.3579199288062],[-118.560985217829,34.3579484199666],[-118.560979612521,34.3579768075154],[-118.560973402401,34.3580051374598],[-118.560966634978,34.3580333617983],[-118.561011590474,34.3580372512307],[-118.561051937389,34.3580401089788],[-118.561092310752,34.3580423733765],[-118.561132780387,34.3580440819652],[-118.56117324376,34.3580451829303],[-118.561213737872,34.3580456824111],[-118.561254223957,34.3580456355811],[-118.561294710111,34.3580449531503],[-118.561335162112,34.3580437191205],[-118.561375604809,34.3580419108382],[-118.561416014978,34.3580394698107],[-118.561456317096,34.3580364811326],[-118.561496587068,34.3580329165049],[-118.561536784471,34.3580287463638],[-118.561576877968,34.3580239988025],[-118.561616832779,34.3580186748837],[-118.561656718474,34.3580127742852],[-118.561696440479,34.3580062974454],[-118.561736052022,34.3579992387083],[-118.561775466248,34.3579916147045],[-118.561814743004,34.3579834341722],[-118.561853845002,34.3579746486011],[-118.561892718307,34.3579653204478],[-118.561931419392,34.3579554413368],[-118.561969914568,34.3579450132275],[-118.562008179738,34.3579340091857],[-118.562046203125,34.3579224563124],[-118.562083967173,34.3579103303475],[-118.562121486347,34.3578976808092],[-118.562158707379,34.3578845079445],[-118.562252160353,34.3578521986439],[-118.562299635047,34.357836977648],[-118.5623474198,34.3578224394653],[-118.562395503762,34.3578085868502],[-118.562443886022,34.3577954459514],[-118.562492543761,34.3577830177759],[-118.56254144093,34.357771276346],[-118.562590567953,34.3577602523584],[-118.562639937792,34.357749933131],[-118.56268950818,34.357740337792],[-118.56273927918,34.3577314753564],[-118.562789226755,34.3577233279048],[-118.562839342253,34.3577159017878],[-118.562889595141,34.3577091827225],[-118.562940018427,34.3577032291554],[-118.562990507251,34.3576979667457],[-118.563041145815,34.3576934690284],[-118.563091849046,34.3576896940261],[-118.563142622452,34.3576866525318],[-118.563193432227,34.3576843284745],[-118.563244321133,34.3576827757481],[-118.56329520396,34.3576819325422],[-118.563346101615,34.3576818357228],[-118.563396996656,34.3576824781585],[-118.56344790431,34.3576838606801],[-118.563498746171,34.3576859629169],[-118.563549527967,34.3576888281161],[-118.563600247246,34.3576924148183],[-118.563650903025,34.3576967383545],[-118.563717842781,34.3577029118274],[-118.563837796254,34.3577138945031],[-118.56386422169,34.3577157531586],[-118.563890671682,34.357717224031],[-118.563917153484,34.3577182547972],[-118.563943632652,34.3577188961036],[-118.563970140424,34.3577191054326],[-118.563996647564,34.3577189000494],[-118.564023149571,34.3577182574364],[-118.564049617241,34.3577171993665],[-118.564076045145,34.3577157267666],[-118.56410247354,34.3577138448586],[-118.564128836084,34.3577115494435],[-118.564155121779,34.3577088216403],[-118.564181377654,34.3577057036024],[-118.564207530547,34.3577021469872],[-118.564233582986,34.3576982040725],[-118.564259560693,34.357693820646],[-118.564285446531,34.3576890346524],[-118.564311184053,34.3576838580745],[-118.564825128698,34.357576052206],[-118.564967673504,34.3575513716633],[-118.565113960364,34.3575363722947],[-118.565165736106,34.3575346442346],[-118.565261639448,34.3575315924482],[-118.565408396794,34.3575370879905],[-118.565554061102,34.3575527587519],[-118.565697670327,34.3575784397369],[-118.565838202893,34.3576140049985],[-118.565974625493,34.3576592024333],[-118.565974257937,34.3581760302891],[-118.565674855614,34.3583808528618],[-118.56574112348,34.3583811457942],[-118.565553579999,34.3592596244371],[-118.565171057734,34.3594879707196],[-118.564822035774,34.359696240106],[-118.564325023584,34.3596941565422],[-118.563702373913,34.3593592560975],[-118.563449857327,34.359223422909],[-118.562853447176,34.3592209424969],[-118.562455273558,34.3593154540546],[-118.561759484508,34.3593125494784],[-118.561358032592,34.359530700144],[-118.56135669305,34.3597505346944],[-118.561141341264,34.3597496116013],[-118.560951321114,34.3593916396813],[-118.560621082994,34.3592116412628],[-118.560190203063,34.3592373232886],[-118.560024050271,34.3593190441416],[-118.559824116366,34.359507426233],[-118.559537688334,34.3595062218205],[-118.559223562122,34.3584384583954],[-118.559276802934,34.358111710376],[-118.559137278359,34.3580376352305],[-118.559131582166,34.3589718444634],[-118.558374547459,34.3593671308578],[-118.558363815413,34.3598729839309],[-118.558363823161,34.3598734914632],[-118.558353862757,34.3598734480948],[-118.555986035686,34.3598629967789],[-118.555903996905,34.3597294950561],[-118.555846078069,34.3596352881462],[-118.555769621543,34.3595108446653],[-118.555730503695,34.3594471741515],[-118.555688786173,34.3593793567327],[-118.555625925578,34.359276953922],[-118.555461031234,34.3587525572605],[-118.555415034481,34.3586062756598],[-118.555406075044,34.3585777820241],[-118.555396166042,34.3585462707717],[-118.555407554753,34.3585435446125],[-118.555443564889,34.3585310059368],[-118.55547669336,34.3585131180878],[-118.555504342342,34.3584915626292],[-118.55552279171,34.358471871345],[-118.555534632668,34.3584549582461],[-118.555549102627,34.3584252212887],[-118.555554766071,34.3584060907626],[-118.555557099028,34.358393376447],[-118.555558558232,34.358372383674],[-118.55555721388,34.3583523774164],[-118.555553960524,34.358335459575],[-118.555548654403,34.3583184907391],[-118.555540330987,34.3582999607397],[-118.555529105788,34.3582815423078],[-118.555378821616,34.358061685113]]]]},"properties":{"OBJECTID":10157,"Date":null,"Code":"08SK002","DivisionName":"CITY OF SANTA CLARITA 2ND COUNCIL","division_type":"CITY COUNCIL","group_type":"CD","District":"CITY OF SANTA CLARITA","Shape__Area":493886886.38574219,"Shape__Length":181916.58812675573,"GlobalID":"f544b3af-ab24-496c-87c1-d3b3511d7901","CreationDate":1788987057416,"Creator":"RRCCgis_lacounty","EditDate":1788987057416,"Editor":"RRCCgis_lacounty"}},{"type":"Feature","id":10158,"geometry":{"type":"Polygon","coordinates":[[[-118.521325266413,34.4174712030837],[-118.52138613728,34.4174720115618],[-118.521440276586,34.4174766624508],[-118.52148481253,34.4174804873266],[-118.521604036581,34.4174907282044],[-118.521688879253,34.4175045138404],[-118.52181901002,34.4175256567632],[-118.521891094324,34.4175430888701],[-118.521962969467,34.4175604695453],[-118.522029303379,34.4175765109032],[-118.522074331545,34.4175911654123],[-118.522178205866,34.4176249721626],[-118.522233209473,34.4176428733755],[-118.522318982367,34.4176784934009],[-118.522429060592,34.4177242059659],[-118.522528095728,34.417775074115],[-118.522615262206,34.4178198466435],[-118.52275669979,34.4179080592807],[-118.522790297338,34.4179290140476],[-118.522794300261,34.4179317194363],[-118.522850590134,34.417966443819],[-118.522884444018,34.4179873271352],[-118.52298037644,34.4180358300375],[-118.523013290056,34.4180491976511],[-118.523081286626,34.4180768142149],[-118.523186315131,34.4181099317626],[-118.523330492305,34.4181491910736],[-118.523398748894,34.418167777444],[-118.523532119362,34.4182040936516],[-118.523677550038,34.4182461130566],[-118.523838770929,34.4182811511071],[-118.523905294901,34.4182956084238],[-118.524024360741,34.4183134944496],[-118.524132022574,34.4183296680351],[-118.524239526553,34.4183458169644],[-118.524361051281,34.4183640724813],[-118.524427941466,34.4183741212152],[-118.524541212386,34.4183911356618],[-118.524597501056,34.4183995920562],[-118.524736084067,34.4184241076187],[-118.524872534416,34.4184557931615],[-118.525006312833,34.4184945212049],[-118.525193815683,34.418562520193],[-118.525279445998,34.4186015718033],[-118.52537312808,34.4186442955988],[-118.525452717189,34.4186888032126],[-118.525542783716,34.4187391713481],[-118.525638249661,34.418801289192],[-118.525729551507,34.4188675693763],[-118.525816420425,34.4189378192453],[-118.525892071718,34.4190072801614],[-118.525940434261,34.4190516866393],[-118.526016025463,34.4191322718062],[-118.526054029762,34.4191727861465],[-118.526101869142,34.4192323388508],[-118.526156597936,34.4193004668233],[-118.526208876909,34.4193710070944],[-118.526249197169,34.4194254139312],[-118.526275505694,34.4194609114052],[-118.526321993625,34.4195236378882],[-118.526356963868,34.4195708249546],[-118.526397715524,34.4196258113616],[-118.526452909201,34.4197002849066],[-118.526491138414,34.4197518681092],[-118.526539959205,34.4198128885915],[-118.526582902686,34.419859876901],[-118.526630434876,34.4199061655135],[-118.52667119572,34.4199419030692],[-118.526680666459,34.4199497449871],[-118.526775572155,34.4200275096492],[-118.526811196014,34.4200566999664],[-118.526884902137,34.420117094743],[-118.526930355024,34.420154338133],[-118.527005289394,34.4202157390258],[-118.527064258878,34.4202640576218],[-118.52713305196,34.4203204256951],[-118.527217805799,34.4203898723742],[-118.527284141833,34.4204442270911],[-118.52735047686,34.4204985808747],[-118.52746386852,34.4205914915918],[-118.527519571179,34.4206395771524],[-118.527569304593,34.4206825120243],[-118.527613555053,34.4207249361143],[-118.527668869293,34.4207779682275],[-118.527730058479,34.4208432221376],[-118.527762291136,34.4208775954436],[-118.52779216279,34.4209112388526],[-118.527849118634,34.4209753851033],[-118.527917675065,34.4210525991058],[-118.527970793854,34.4211124238029],[-118.528055961816,34.4212083453414],[-118.528132071529,34.4212940647987],[-118.528203344798,34.4213743347421],[-118.528257037947,34.4214366585788],[-118.528331968042,34.4215236343822],[-118.528396447818,34.4216032414223],[-118.528455339929,34.4216759498684],[-118.528513187362,34.4217520273745],[-118.528573353018,34.4218311536666],[-118.528627665388,34.4219049034279],[-118.528665636805,34.4219564636317],[-118.528724573691,34.4220364922339],[-118.528776314065,34.422106748865],[-118.528799650978,34.422138437132],[-118.528862514569,34.4222237982702],[-118.528914704018,34.4222946659297],[-118.528962389864,34.4223594164431],[-118.529036783167,34.4224527553996],[-118.529087869438,34.4225078166382],[-118.529119060623,34.4225414350337],[-118.529159952927,34.4225795124758],[-118.529208798301,34.4226249964937],[-118.529301583132,34.4227054261742],[-118.529358930491,34.4227551364012],[-118.529417437511,34.4228058512615],[-118.529468784644,34.4228503605129],[-118.529551939837,34.4229224423314],[-118.529597200972,34.4229650307779],[-118.529638104018,34.423010547497],[-118.529674371769,34.423058685378],[-118.529705763924,34.4231091236254],[-118.529732066157,34.423161520595],[-118.529753103264,34.4232155281603],[-118.529768735826,34.4232707800073],[-118.529797488051,34.4233127219549],[-118.529829547211,34.4233617806098],[-118.529830227408,34.4233614756238],[-118.52986867639,34.4234201618203],[-118.529907255737,34.4234806910784],[-118.530304101945,34.4234807887006],[-118.530920117217,34.4234809383623],[-118.5330096632,34.4234814237325],[-118.533637129061,34.423481561569],[-118.534938611642,34.4234818394924],[-118.535738524929,34.4234820018913],[-118.536501501526,34.4234821529003],[-118.537822635607,34.4234824031146],[-118.538576799886,34.4234825395728],[-118.538962460987,34.4234826071426],[-118.539680605701,34.4234827299915],[-118.539711329171,34.4234827357372],[-118.539773882545,34.4234827467896],[-118.539961365566,34.4234826480155],[-118.540325868169,34.4234815009099],[-118.540331659968,34.4234750669811],[-118.540542188317,34.4234819327061],[-118.540909062837,34.4234818226679],[-118.540915462087,34.4234818202764],[-118.541161139168,34.4234817405056],[-118.54116149492,34.42348173982],[-118.541451846678,34.4234815818502],[-118.541539026311,34.4234815370582],[-118.541797462408,34.4234814026419],[-118.5419563001,34.4234813232482],[-118.54272535406,34.4234811203655],[-118.544271015573,34.4234807048457],[-118.544820387148,34.4234804906168],[-118.545147964226,34.4234803783739],[-118.545251072474,34.4234803431691],[-118.545438483911,34.4234802714111],[-118.545692006062,34.4234801733317],[-118.54603995812,34.4234800634817],[-118.546614074975,34.4234798532444],[-118.547331184957,34.4234795865663],[-118.549066954111,34.4234789227215],[-118.551459093614,34.4234779672209],[-118.552843692655,34.4234773929537],[-118.553625403258,34.4234770614746],[-118.554824071523,34.4234765467609],[-118.555607021291,34.4234762049572],[-118.558404151011,34.4234749417546],[-118.558426835398,34.4234901544637],[-118.5587008576,34.4236651957048],[-118.558876921292,34.4237578795888],[-118.558992901245,34.4238189328693],[-118.559300557687,34.4239500985516],[-118.559621298745,34.4240576170409],[-118.559952479932,34.4241405980005],[-118.560090613545,34.4241671109987],[-118.560277862006,34.4241977135588],[-118.560422587629,34.4242153200846],[-118.560618592564,34.4242309503821],[-118.561367810018,34.424275311112],[-118.56204257931,34.4243152592816],[-118.562342372572,34.4243146649881],[-118.562195561382,34.4254162864114],[-118.562324583821,34.4254294061786],[-118.562450154483,34.4254475651868],[-118.563947651808,34.4263304734085],[-118.563948329056,34.4263308723462],[-118.565355009576,34.426581706526],[-118.565688339083,34.42664114163],[-118.565826469977,34.4268869014351],[-118.56542137787,34.4273395019305],[-118.565375012205,34.4273913040781],[-118.565357272117,34.4274111259469],[-118.565348009549,34.4274214737021],[-118.565273477061,34.4275047472655],[-118.565076582454,34.4277247303795],[-118.565054594224,34.427749296054],[-118.564938302513,34.4278792238063],[-118.564801478748,34.4280320911285],[-118.564769868078,34.4280674082235],[-118.56470495565,34.4281399308698],[-118.564551509242,34.4283113676417],[-118.564514125602,34.4283531349972],[-118.564463384428,34.4284098254572],[-118.564402146132,34.428478242364],[-118.564298740215,34.4285937705638],[-118.564256513253,34.4286409479619],[-118.56418961735,34.4287156856163],[-118.564156977075,34.42875215229],[-118.564117461438,34.428796301383],[-118.564075187829,34.4288435294195],[-118.564027481501,34.4288968293192],[-118.563941020556,34.4289934245448],[-118.563941160954,34.4289940739013],[-118.563846896276,34.4290885371364],[-118.563766774194,34.4291880976817],[-118.562452071273,34.4306568769999],[-118.561743015656,34.4321683718256],[-118.561526557076,34.4326297858641],[-118.561427672906,34.4328405723694],[-118.561302332369,34.4331077732383],[-118.561072341671,34.4335980513615],[-118.561021614019,34.4337061892451],[-118.561008274153,34.4337346088128],[-118.56086612729,34.4340592644037],[-118.560795838921,34.4342197971471],[-118.560774679966,34.4342642190694],[-118.560549262724,34.4347378434211],[-118.560592960529,34.4347506389768],[-118.560543730997,34.4349063141283],[-118.560497703551,34.4348974041278],[-118.560436875515,34.4350595084952],[-118.560126538557,34.435886408732],[-118.560119050651,34.4359023265971],[-118.560094169154,34.4359554203417],[-118.560050551474,34.4360483079075],[-118.560026643268,34.4360992271427],[-118.560017135044,34.4361195637487],[-118.559984566101,34.4361888638388],[-118.559975022983,34.4362091924885],[-118.559723348267,34.4367452822356],[-118.559721246071,34.4367496598848],[-118.559631719015,34.4369361647122],[-118.559433788859,34.4373484952187],[-118.559350703463,34.4375215768771],[-118.559232320484,34.4377665204769],[-118.558979534772,34.4382863499622],[-118.558852204718,34.4385547455192],[-118.558841229388,34.4385778790439],[-118.55883109224,34.4385992768529],[-118.558781340599,34.4388534393959],[-118.558757351042,34.4389759922096],[-118.55873980926,34.439065546094],[-118.558663916079,34.4394531465359],[-118.558627400624,34.4396396372396],[-118.558603409333,34.4397621611728],[-118.55848077783,34.4404081508488],[-118.558435087757,34.4406450255618],[-118.558308811951,34.4412996802343],[-118.558271470839,34.4414932678951],[-118.558242193048,34.4416579737523],[-118.558163431179,34.4421006249421],[-118.558128465965,34.4422971343154],[-118.558125068324,34.4423162454073],[-118.558111391711,34.4423931670828],[-118.55808592294,34.4425364240222],[-118.558075372164,34.4425957396164],[-118.558008867582,34.4429696119041],[-118.557977819931,34.443144149867],[-118.557977467917,34.4431460203726],[-118.557695666405,34.4431356925026],[-118.55768522978,34.4432065814692],[-118.557673237156,34.4432882166981],[-118.557671311799,34.4433013293916],[-118.557666799103,34.4433320519843],[-118.557648368376,34.4434575233971],[-118.557629903854,34.4435829940594],[-118.557611440552,34.4437084926596],[-118.557593009284,34.443833908167],[-118.557574165629,34.4439621013984],[-118.557571817606,34.4439780784126],[-118.55755757334,34.4440748418491],[-118.557554401362,34.444096481598],[-118.557544875814,34.4441612665593],[-118.55753409856,34.4442346290868],[-118.55753067155,34.4442578377799],[-118.557529364939,34.4442666644237],[-118.557527847542,34.4442770030123],[-118.557525482963,34.4442927853692],[-118.557513869997,34.4443593316055],[-118.557513750574,34.4443600236333],[-118.55748433254,34.4445303257482],[-118.557482591967,34.4445426027649],[-118.557284053382,34.4455842745214],[-118.557472689054,34.4456076367709],[-118.557495456476,34.4456104828924],[-118.557473838017,34.4457236692313],[-118.557360944729,34.4463289632762],[-118.557289739802,34.446715598056],[-118.557233377386,34.4470210001435],[-118.557220927772,34.4471388981184],[-118.557220125971,34.4471524320675],[-118.557179818401,34.447557913929],[-118.55712127188,34.4481471397083],[-118.557028087398,34.449098229148],[-118.557006930804,34.4493036305484],[-118.557005190311,34.4493979410927],[-118.556995154629,34.4498616826984],[-118.55699616293,34.4498772205641],[-118.556994736841,34.4500087748498],[-118.556989150701,34.4503126959148],[-118.557141365209,34.4505896127226],[-118.557592866818,34.4514082906064],[-118.558076443643,34.4522854480189],[-118.558636508086,34.4522993726011],[-118.55875411163,34.4523022785945],[-118.558754146171,34.4523022360632],[-118.558756391161,34.4522529017503],[-118.558768831434,34.4519794291108],[-118.558820249111,34.4517475812244],[-118.558825338571,34.4517246317058],[-118.558825788158,34.4517225407746],[-118.558858509795,34.4515750573298],[-118.558913069947,34.4513290957877],[-118.558956164358,34.4511348279625],[-118.558957025281,34.4511309482899],[-118.559224692883,34.4506231964245],[-118.559680287134,34.4505124164739],[-118.559815652515,34.4504797225521],[-118.561229892478,34.4501381369038],[-118.561260011924,34.4501308619228],[-118.561433089176,34.4500890584152],[-118.561462860654,34.4500818309721],[-118.561603905463,34.4500475157517],[-118.561927654663,34.4499687659729],[-118.563640740407,34.449552052695],[-118.563799755131,34.4495133691355],[-118.566122496767,34.4489482999033],[-118.566304155411,34.4490335165589],[-118.566348916374,34.4490545045875],[-118.566499636982,34.4491202244614],[-118.566582930777,34.4489908841598],[-118.566610750231,34.4489476842094],[-118.566831205425,34.4487144545834],[-118.566934188952,34.4486051804245],[-118.567207578325,34.4483347992259],[-118.567550337778,34.4480462920805],[-118.567740704287,34.4478250594229],[-118.568116669996,34.4475773683441],[-118.568397862057,34.4474276006419],[-118.568419045064,34.4474099232288],[-118.568687505095,34.4472297993217],[-118.569047663661,34.447105165361],[-118.569601056539,34.4468466393326],[-118.570181006705,34.4467300295306],[-118.570631623215,34.4466406260443],[-118.571158097128,34.4465363328311],[-118.571190973228,34.446530501986],[-118.571205782156,34.4465279800876],[-118.571242537993,34.4466605025785],[-118.571301623878,34.446894252756],[-118.57136118867,34.4470843499954],[-118.571456686,34.4473225435984],[-118.571545529269,34.447533954034],[-118.571614326741,34.4476542917469],[-118.571677290028,34.447743527715],[-118.571761410504,34.4478627455616],[-118.571859338222,34.4479829458633],[-118.57219627472,34.4483298801395],[-118.572373448872,34.4484342079582],[-118.572739724199,34.4486498853991],[-118.571963878745,34.4495001078433],[-118.571962952521,34.4495010443992],[-118.571966001933,34.4495031107735],[-118.571966993618,34.449503782252],[-118.572100761149,34.4495944205776],[-118.572105381746,34.4495975514685],[-118.572307274128,34.4496297777677],[-118.572504689999,34.4496612901001],[-118.572575987757,34.4496726709612],[-118.572579926228,34.4496732996801],[-118.572656708447,34.4496855552492],[-118.572846621323,34.4497158691331],[-118.572909630397,34.4497259267066],[-118.57296752924,34.4497447325577],[-118.573217770837,34.4498260142846],[-118.573333211075,34.4498635101554],[-118.573372252952,34.449948004396],[-118.57352998444,34.4502893573094],[-118.573570016575,34.4503759924644],[-118.573576088357,34.4503891334241],[-118.573688668668,34.4506245894799],[-118.573697946896,34.4506423527826],[-118.573724759176,34.4506936722518],[-118.573966192392,34.4511557638964],[-118.573955557491,34.4512410230234],[-118.573849551797,34.4520908592877],[-118.57383800185,34.4521834504215],[-118.573673963524,34.4524571124417],[-118.57365175905,34.4524941552094],[-118.57356842604,34.4526331533122],[-118.573190883552,34.4532630221954],[-118.57320997159,34.4533033055758],[-118.573302264604,34.4534980848573],[-118.573714360374,34.4543677840502],[-118.573916509634,34.4544726127147],[-118.575483876137,34.455285379397],[-118.575568229126,34.4553291203961],[-118.575678400306,34.455386248393],[-118.575664482412,34.4556762172792],[-118.575664350288,34.4556789883302],[-118.575647415834,34.456031524685],[-118.575643458788,34.4561138943825],[-118.575626927568,34.4564580327926],[-118.575314884203,34.4570387520922],[-118.575043577981,34.4575436493565],[-118.574958902307,34.4577012281805],[-118.574789599416,34.4580162916518],[-118.574899193892,34.4582635744019],[-118.575094437836,34.4587041049588],[-118.575247957948,34.4590504916398],[-118.575252464553,34.4590606603506],[-118.575448112344,34.4592097972051],[-118.575760611499,34.459448005706],[-118.576502651245,34.4600136312923],[-118.576467143014,34.4601949350014],[-118.576279503981,34.4611529835659],[-118.576221014413,34.4611584370262],[-118.575227549408,34.4612506758809],[-118.574527608689,34.461315782952],[-118.574626158388,34.4616333028388],[-118.574662868207,34.4617515675164],[-118.574694289327,34.4618527947408],[-118.574935968323,34.4626313991482],[-118.574936277847,34.4626298812968],[-118.574941214226,34.4626461504839],[-118.574970392486,34.4627423008865],[-118.574200110813,34.4634535460876],[-118.573543495827,34.4640598214672],[-118.573544612596,34.4642145018489],[-118.573545091597,34.4642813458232],[-118.573545642955,34.4643583768191],[-118.573546002726,34.4644085456328],[-118.573549786444,34.4649367560875],[-118.573553822775,34.4655000468193],[-118.573555305575,34.4657070614539],[-118.573555587955,34.4657463112176],[-118.573555884976,34.465789423996],[-118.573555886417,34.4657896331457],[-118.573556465963,34.4658712266759],[-118.573556927582,34.4659360188266],[-118.573558848814,34.4662052473187],[-118.573559324455,34.466269546261],[-118.57356475979,34.4670295591024],[-118.573565671851,34.4671605191893],[-118.573570982436,34.467878393855],[-118.574965544218,34.4680393213324],[-118.573312010834,34.469394198517],[-118.573312012785,34.4693943238214],[-118.572659936085,34.469928609126],[-118.572591110752,34.4699850039938],[-118.572575284174,34.4700001757849],[-118.572344985446,34.470220943872],[-118.570855524308,34.470674224469],[-118.572964238973,34.4709672436661],[-118.572977736998,34.4709691191477],[-118.573030216738,34.4709764118304],[-118.573143602156,34.4709921662983],[-118.573512110235,34.471043368239],[-118.575257397455,34.4712858501709],[-118.577278463501,34.4715666127731],[-118.577350489601,34.4715766171026],[-118.577357461002,34.4715775864482],[-118.577362428586,34.4715782768341],[-118.57736905214,34.4720351069658],[-118.577397466325,34.4739952081587],[-118.577398524732,34.4740682284537],[-118.577404477787,34.4744788723827],[-118.577405204349,34.4745291602172],[-118.577406489341,34.4746180518761],[-118.577451659767,34.4777412111636],[-118.577455836065,34.4780299929042],[-118.577457221557,34.4781258231812],[-118.577457236094,34.4781268202107],[-118.581832345276,34.478149982366],[-118.581832440404,34.4781567389229],[-118.581832956448,34.4781567418585],[-118.581844900559,34.4781568063112],[-118.581870971197,34.4800478550748],[-118.581894751006,34.4817725415021],[-118.581895239164,34.4818079523904],[-118.581895241551,34.4818081380954],[-118.581895342717,34.4818154454598],[-118.581883764912,34.4818153720413],[-118.581529081622,34.4818131131259],[-118.580440066749,34.481806170968],[-118.58043435733,34.4818061351618],[-118.580326563118,34.4818054479116],[-118.579813881122,34.4818021776534],[-118.579806512435,34.4818021299095],[-118.57435101003,34.4817671817152],[-118.57376173912,34.4817633918064],[-118.573687981598,34.4817629182203],[-118.573633893481,34.4817625716131],[-118.573125029158,34.4817592947325],[-118.573125181471,34.4817630741511],[-118.57313335054,34.4819656917142],[-118.573167193085,34.4828050731667],[-118.57317006709,34.4828763466962],[-118.573174541574,34.482987311774],[-118.57317944644,34.4831089165409],[-118.573181006249,34.4831476030694],[-118.573203240093,34.483699024891],[-118.573254166121,34.4849620191095],[-118.573268762981,34.4853240165985],[-118.573271832866,34.4854001511653],[-118.573272128463,34.4854075017881],[-118.573261988758,34.4854074784517],[-118.573260318586,34.485407474619],[-118.572736516404,34.4854062977066],[-118.571347233687,34.4854031657052],[-118.570563056956,34.4854013907502],[-118.570486932444,34.4854012175253],[-118.570051689666,34.4854002294513],[-118.569979579446,34.4854000650045],[-118.569505969577,34.4853989882635],[-118.568883751562,34.4853975712408],[-118.568888724287,34.4855209211814],[-118.568919588489,34.4862864699119],[-118.568922657548,34.486362582931],[-118.568925224659,34.4864262670385],[-118.568957498489,34.4872267084097],[-118.568987268732,34.4879650367005],[-118.568996245727,34.4881876791002],[-118.569030873391,34.4890465035068],[-118.56712818052,34.4890424648574],[-118.566997379033,34.4890421860418],[-118.564637153417,34.4890371323682],[-118.560439321939,34.4890280313933],[-118.560171406111,34.4890274450639],[-118.560125427666,34.4890273452884],[-118.560100709401,34.4890272907502],[-118.560081776009,34.489027249185],[-118.560082805453,34.4890880015272],[-118.560084439948,34.4891844626483],[-118.56012680039,34.4916849243402],[-118.560127948728,34.4917526548943],[-118.560128111271,34.4917622455641],[-118.560128696457,34.4917967770237],[-118.560154448145,34.4933167687642],[-118.560164761249,34.4939254404157],[-118.560206284675,34.4963760600561],[-118.560206602673,34.4963948303214],[-118.560206611534,34.496395337844],[-118.560206723792,34.4964019852347],[-118.56020049531,34.4965354382419],[-118.56013647253,34.4979070103178],[-118.560133693609,34.4979665441818],[-118.560037297723,34.5000316022045],[-118.560036959775,34.5000388277497],[-118.557273281681,34.50001421363],[-118.556487092837,34.5000071995833],[-118.556221792302,34.5000048316948],[-118.555555559879,34.4999988829602],[-118.555439374868,34.4999978449739],[-118.555437109734,34.4999978246844],[-118.555425041767,34.4999977771178],[-118.555167639803,34.4999967753806],[-118.555029389625,34.4999962336682],[-118.554990780212,34.4999960847099],[-118.554953393703,34.4999959391651],[-118.554950488333,34.4999959281036],[-118.553363351992,34.4999897231562],[-118.553129947698,34.4999888105667],[-118.553010412584,34.499988340863],[-118.552937083551,34.4999880536859],[-118.552799000035,34.4999875131825],[-118.551947566333,34.4999841718813],[-118.551877512923,34.499983896219],[-118.551874622799,34.4999838850146],[-118.55174673241,34.4999330157871],[-118.551675994524,34.499904879442],[-118.551672220107,34.4999033784109],[-118.551672216771,34.4999022181532],[-118.548959424542,34.4988224713418],[-118.548817276514,34.498765887384],[-118.546661092311,34.497573577852],[-118.546660009207,34.4975729696865],[-118.546658931571,34.4975723651025],[-118.546652112107,34.49756860937],[-118.546641089234,34.4970419672776],[-118.546625697226,34.4963065137451],[-118.546625695847,34.4963064695762],[-118.546531242227,34.4963061681757],[-118.545554351142,34.496303049406],[-118.544917326938,34.4963010113475],[-118.54488428489,34.4963009054157],[-118.544735015419,34.4963004474422],[-118.544222397517,34.4962987841718],[-118.544222108987,34.4962987881698],[-118.542234109816,34.495347420271],[-118.542037184061,34.4952553561213],[-118.541981678924,34.49522884102],[-118.541926416953,34.4952023734908],[-118.541930127932,34.4951935237074],[-118.54205253501,34.4948790292584],[-118.542086697432,34.4947727257403],[-118.542098002262,34.4947252753702],[-118.542109309371,34.494678511055],[-118.542131657153,34.4945427504026],[-118.542152073409,34.4943647318043],[-118.542153860155,34.494338811066],[-118.542174817145,34.4940348846664],[-118.542184194031,34.493691690515],[-118.542185956449,34.4931970647085],[-118.542185472387,34.4926138300227],[-118.542181693838,34.4925427565124],[-118.542183845691,34.4923641324756],[-118.542193403581,34.4920480880344],[-118.542206551801,34.4917735719951],[-118.54221429918,34.4916897245673],[-118.542217090976,34.4916090068566],[-118.542220321233,34.4915952557693],[-118.542234095998,34.49141726587],[-118.542296635174,34.4908285837958],[-118.542319559796,34.4905268996124],[-118.542364513284,34.4897861505604],[-118.542367717782,34.4897686284682],[-118.542418701532,34.4890098749273],[-118.542570230416,34.4890000084451],[-118.543940253005,34.4890003937757],[-118.545700236855,34.4890032358972],[-118.546540324465,34.4889972776093],[-118.546679207143,34.4889987816833],[-118.546704396496,34.4853523315846],[-118.549423807483,34.4853553122108],[-118.552271707113,34.48535883474],[-118.555537018798,34.4853641294884],[-118.555538408413,34.485170235573],[-118.555548647121,34.4836221137045],[-118.555549194378,34.4835396839144],[-118.555549725393,34.4834572677211],[-118.55555927262,34.4820122735194],[-118.555561162642,34.4817261773274],[-118.555562857511,34.4817137446219],[-118.555560813441,34.4816955528975],[-118.555539996719,34.4808033426579],[-118.555533139309,34.4808030539974],[-118.555528954604,34.4803303580043],[-118.555497431453,34.4789797446435],[-118.555477345209,34.4781184886598],[-118.555451699342,34.4770185009839],[-118.5554308852,34.4761274686903],[-118.555395805516,34.4744244322512],[-118.552456992547,34.4744117981164],[-118.552148559697,34.4744104681581],[-118.551085270785,34.4744145685018],[-118.551081070118,34.4725015224642],[-118.549150327037,34.4725005207395],[-118.547822657467,34.4724998942896],[-118.547829537156,34.4744120724529],[-118.547033744482,34.474412619918],[-118.546712477756,34.4744107209441],[-118.544987104303,34.4743523455952],[-118.545217414493,34.473877894732],[-118.546743957914,34.4739307030894],[-118.547132842305,34.4739309511898],[-118.547702986042,34.4712261708067],[-118.546800170209,34.4710306913441],[-118.54680011098,34.4710309548591],[-118.546790276448,34.4710287300026],[-118.546896611663,34.4703159175478],[-118.546922784749,34.470321373797],[-118.546927344374,34.4703223187937],[-118.546934620537,34.4703238519707],[-118.546967048433,34.4703306305228],[-118.547005952324,34.4703387628337],[-118.547871661077,34.4705196997134],[-118.547914705377,34.4703722694186],[-118.547922054016,34.4703471023506],[-118.547922345726,34.4703461066407],[-118.547032597685,34.4701601487466],[-118.547018368195,34.470157173807],[-118.546993692787,34.4701520164491],[-118.546972211217,34.4701475262528],[-118.546950428799,34.4701429733996],[-118.546950341593,34.4701429548603],[-118.54693998833,34.4701407918552],[-118.546957211265,34.4700493202366],[-118.546967830254,34.4699815878437],[-118.546980453676,34.4698779707351],[-118.54698441363,34.4698352002989],[-118.546989088622,34.4697693816039],[-118.546993074268,34.4695853973225],[-118.546996153729,34.4695456329645],[-118.546998220695,34.4695189337066],[-118.546999247308,34.469482339382],[-118.546999515413,34.4694028687687],[-118.546998967674,34.4693745089474],[-118.546998097314,34.4693464174345],[-118.54699536677,34.4692903479553],[-118.546990405774,34.4692238352303],[-118.546986884948,34.4691873127873],[-118.546981068486,34.4691367214185],[-118.547035269962,34.4691435036922],[-118.547059099168,34.4691464903527],[-118.547297519339,34.4691762921136],[-118.547460595201,34.4678330158719],[-118.54694902434,34.4674590622496],[-118.546761616188,34.4673220655834],[-118.547223719935,34.4673875276757],[-118.54733425171,34.4674028737236],[-118.546964639258,34.466809468279],[-118.546482781006,34.4668119247672],[-118.544626782541,34.4668244663426],[-118.544599525239,34.466821970601],[-118.544573964175,34.4668188614105],[-118.544553015333,34.4668141213783],[-118.544527183876,34.4668067833889],[-118.544498165142,34.4667954307338],[-118.544468393652,34.4667806565174],[-118.544442987927,34.4667638477778],[-118.544420611799,34.4667455829866],[-118.544402384173,34.4667291792827],[-118.544382520774,34.4667044896929],[-118.544377123728,34.4666974620947],[-118.54436581149,34.4666785760923],[-118.544329790222,34.4666179074836],[-118.543468811965,34.4651736248998],[-118.543437625875,34.4649540279936],[-118.54332369592,34.4649449178236],[-118.543308271464,34.4648128840373],[-118.543286272062,34.4646258842369],[-118.54327027109,34.4644858834534],[-118.543199271704,34.4640018839655],[-118.543092271097,34.4633748835515],[-118.543020270973,34.4631808834337],[-118.542929271342,34.4629598834508],[-118.54279227102,34.4626288836841],[-118.542668271617,34.4623448839606],[-118.542651271886,34.4622868839778],[-118.542633270858,34.4622248838501],[-118.542610271303,34.4621118836814],[-118.542614271784,34.4619958832829],[-118.542666271136,34.4617338836911],[-118.542696606725,34.4616722173507],[-118.542690234791,34.4616700145457],[-118.542603074162,34.4616385287046],[-118.542225831704,34.4615007599517],[-118.542094751635,34.4613622449743],[-118.542026794807,34.46129915977],[-118.541306270847,34.4610448838224],[-118.541131289987,34.460985722025],[-118.541092020691,34.4609723524582],[-118.54104731815,34.4609564990312],[-118.540119270392,34.4606388832793],[-118.539681270422,34.460481883151],[-118.539592270464,34.4604508838533],[-118.539385270239,34.4603788834135],[-118.539000270791,34.4602918838595],[-118.538674702413,34.4602542280712],[-118.538601779944,34.4601712102241],[-118.538586241524,34.4601740487032],[-118.538414398065,34.4602101577401],[-118.53806934937,34.4601902956131],[-118.537781929211,34.4602536466705],[-118.536532652306,34.4601609686193],[-118.535526005482,34.4600862774191],[-118.53522539438,34.4600639662797],[-118.535029404161,34.4600494196904],[-118.534878743034,34.4600412632211],[-118.534712993574,34.4600355368737],[-118.534547100749,34.4600332448784],[-118.534397787445,34.4600341197638],[-118.534333103583,34.4600350915614],[-118.534135766575,34.4600435169652],[-118.533936801681,34.4600567607027],[-118.533820767304,34.4600685926574],[-118.533689827838,34.4600849688774],[-118.533313629047,34.4601374575976],[-118.532237936299,34.4602696274714],[-118.530822383067,34.460429706074],[-118.530644657062,34.4604505929822],[-118.5305817657,34.460458602238],[-118.53024888944,34.4604984959152],[-118.529985330389,34.4605278129826],[-118.529574211357,34.4605670611104],[-118.528943302193,34.4606221043956],[-118.528825393195,34.4606323981133],[-118.528551325228,34.4606563450419],[-118.528187437655,34.4606953286507],[-118.52809374864,34.4607053611742],[-118.527959548678,34.4607197313614],[-118.527729089531,34.4607379107083],[-118.527480350573,34.4607489396674],[-118.527196718763,34.46075292005],[-118.52709718817,34.460751291489],[-118.526931261053,34.4607437630303],[-118.526733754332,34.4607253907275],[-118.526619202993,34.4607100875835],[-118.526489682032,34.4606890181517],[-118.526375091734,34.4606675376317],[-118.526213977124,34.460633198219],[-118.526006309101,34.460582578531],[-118.525913242178,34.4605541291789],[-118.525836768897,34.4605276642556],[-118.525649048875,34.4604572157164],[-118.525529707209,34.4604176521667],[-118.525413744515,34.4603791863641],[-118.525240226189,34.4603032764157],[-118.524879734678,34.4601173205708],[-118.524652738588,34.4600002209732],[-118.524465346078,34.4598967504909],[-118.52438536982,34.4598553541557],[-118.524239566231,34.4597798846754],[-118.524118868408,34.459717410397],[-118.524050591555,34.4596796001025],[-118.524050036145,34.4595552186814],[-118.524017822713,34.4585166303764],[-118.524004448569,34.4580990017236],[-118.523119948291,34.4578791290961],[-118.523031002366,34.4581581497946],[-118.522421126741,34.457635624864],[-118.522147796578,34.4574010553761],[-118.522208936886,34.4573048131058],[-118.522292391007,34.4571728271851],[-118.522382202855,34.4570315974475],[-118.522465906287,34.456899190214],[-118.522555125207,34.4567575716297],[-118.522638579138,34.4566255566126],[-118.522717854228,34.456507359328],[-118.522728288718,34.4565096574687],[-118.522740175486,34.4565114976836],[-118.522750302965,34.4565123943571],[-118.522760480105,34.4565127066212],[-118.522768115229,34.4565125655452],[-118.522775733986,34.4565120711376],[-118.522784570925,34.456511103585],[-118.522793312404,34.4565096667433],[-118.522800714443,34.45650811126],[-118.522808000004,34.456506205581],[-118.522816347836,34.4565036101585],[-118.522825044085,34.456500343394],[-118.522835672542,34.4564955726578],[-118.522844739512,34.4564906806307],[-118.522854339903,34.4564845944755],[-118.522860087472,34.4564804163404],[-118.522865530855,34.4564759807752],[-118.522870719382,34.4564713434627],[-118.522875890062,34.4564661175246],[-118.522881918588,34.4564591921031],[-118.522887635893,34.4564515819544],[-118.522891792729,34.4564450522574],[-118.522895951988,34.4564373487516],[-118.522899455756,34.4564294253912],[-118.522902279255,34.456421322852],[-118.522903963366,34.4564151481961],[-118.52290546522,34.4564073344338],[-118.52290647034,34.4563984112197],[-118.522906704902,34.4563920886475],[-118.522906478055,34.4563854290866],[-118.522905739071,34.4563779801851],[-118.522904421991,34.4563706771187],[-118.522902614523,34.4563634482881],[-118.522900246191,34.4563563363693],[-118.522897376854,34.4563493411042],[-118.522894509203,34.456343480864],[-118.522890681979,34.4563368124757],[-118.522886401024,34.4563303362663],[-118.522882338183,34.4563249698076],[-118.52287599421,34.4563177109398],[-118.522869056189,34.4563108305712],[-118.522862895219,34.456305502903],[-118.522857302202,34.4563011870139],[-118.52285135129,34.4562970728073],[-118.523008738848,34.4560438900184],[-118.523147546406,34.4558252374672],[-118.523302861515,34.4555818295412],[-118.523394557896,34.4554374292132],[-118.523401994081,34.4554250479155],[-118.52336017828,34.4552671279164],[-118.523317526704,34.4551105809374],[-118.52327320193,34.4549458047355],[-118.523222180996,34.4547549191895],[-118.523169493273,34.4545599280047],[-118.522487231975,34.4543588421495],[-118.522424270038,34.4543395526333],[-118.522253592285,34.4543550697948],[-118.522234551013,34.4543566906644],[-118.52221203215,34.4543586050712],[-118.521887582439,34.4543871587499],[-118.521840564489,34.4543914295846],[-118.521786547227,34.4543961938873],[-118.5217744298,34.4543972656277],[-118.52171174806,34.454270167204],[-118.52170028035,34.4542469145379],[-118.521699787594,34.4542459141497],[-118.521697544805,34.4542461329482],[-118.521694418027,34.4542464844667],[-118.52169201471,34.4542467905025],[-118.521688873305,34.4542472394495],[-118.521686814014,34.4542475629385],[-118.521684784225,34.4542479052328],[-118.521682879604,34.4542482487921],[-118.521678562059,34.4542491021751],[-118.521677353461,34.4542493634069],[-118.521677309979,34.4542493717076],[-118.521676569827,34.4542495326583],[-118.521674912467,34.4542499094127],[-118.521673993077,34.4542501243244],[-118.521670434289,34.4542510069004],[-118.521667129123,34.4542518955982],[-118.521664794475,34.4542525655584],[-118.521661519365,34.4542535614095],[-118.52165844888,34.4542545599871],[-118.521657805972,34.4542547818239],[-118.521655754686,34.4542555145747],[-118.52165227978,34.4542567574035],[-118.521648431039,34.4542582623828],[-118.52164473602,34.4542598099748],[-118.521641562556,34.4542612218975],[-118.521639735277,34.4542620979307],[-118.521638914959,34.4542624918216],[-118.521636035158,34.4542638736326],[-118.521631243676,34.4542663833677],[-118.521627592082,34.4542684347305],[-118.521623766743,34.4542707221406],[-118.521620926536,34.4542725175855],[-118.521618868201,34.4542738625081],[-118.52161741577,34.454274811757],[-118.521595082125,34.4542904817726],[-118.521588534257,34.4542954557379],[-118.521584135409,34.4542989671916],[-118.521583287055,34.4542995766695],[-118.521582355078,34.4543003884506],[-118.521577702818,34.454304101134],[-118.521568009252,34.4543123143108],[-118.521562248029,34.4543174264345],[-118.521556510677,34.4543227007316],[-118.521554464937,34.4543246667564],[-118.521553949701,34.4543251161322],[-118.521553568107,34.4543255297737],[-118.52154791773,34.4543309632682],[-118.521540005713,34.4543389929863],[-118.521534761023,34.4543445581636],[-118.521526547962,34.454353698964],[-118.521516056423,34.4543662230993],[-118.521518705854,34.4543685466877],[-118.52157188928,34.4544151843892],[-118.521571825115,34.4544151918773],[-118.520541915963,34.4545051915946],[-118.520502244623,34.4545086586809],[-118.519931641229,34.4545589214008],[-118.519902719807,34.4545603579522],[-118.519752600839,34.4537361598861],[-118.519729289649,34.4537115504683],[-118.519659969359,34.4536355297338],[-118.519488263634,34.4534467055483],[-118.519388586219,34.4533375831458],[-118.519371693716,34.4533190008927],[-118.519323515497,34.4532675130917],[-118.519259579182,34.4531969612365],[-118.519142977643,34.4530698325779],[-118.519087739329,34.453009723761],[-118.518873320463,34.452774765974],[-118.518522483531,34.4523909704571],[-118.518449119461,34.4523106398475],[-118.518429162361,34.4522886852943],[-118.518157970615,34.4522864331408],[-118.518157342478,34.4519964400342],[-118.518155245053,34.4514152448298],[-118.518153642809,34.4506911614227],[-118.518152895192,34.4504767534772],[-118.518151468954,34.4500838580386],[-118.518150935633,34.4498447732562],[-118.518150193272,34.4495122822284],[-118.518149916872,34.4493987819617],[-118.518149868774,34.449369365983],[-118.518149526265,34.4492237298821],[-118.518149216572,34.4490781206854],[-118.518148658787,34.4488316046372],[-118.518148269464,34.4486590317662],[-118.51815656193,34.4486590098773],[-118.518854801244,34.4486551732552],[-118.518887146495,34.4486551332048],[-118.519497474071,34.4486528146509],[-118.519561337335,34.4486527097937],[-118.519928706007,34.4486507719529],[-118.520074646811,34.4486505521987],[-118.520087915972,34.4486505376958],[-118.520164202821,34.4486504198382],[-118.52025708693,34.4486503155139],[-118.520270355087,34.4486503145183],[-118.520428746441,34.4486488238795],[-118.52043620832,34.4486487639267],[-118.520436478225,34.4484083035198],[-118.520436398505,34.4483739571765],[-118.520436176656,34.4482709018443],[-118.520436455177,34.4482506918381],[-118.520436879563,34.4482214333996],[-118.520436667796,34.4481280010092],[-118.520436552686,34.4480744106479],[-118.520436432452,34.4480229605527],[-118.520436348204,34.44798510365],[-118.520436207588,34.4479246464043],[-118.520436012283,34.4478422054578],[-118.520436395426,34.4477981647234],[-118.520436671708,34.4477666269367],[-118.520436520022,34.4476965629787],[-118.520436370825,34.4476375184741],[-118.520436316539,34.4476072415496],[-118.52043616689,34.4475509106674],[-118.520435936478,34.4474464850324],[-118.520436344467,34.4474252250827],[-118.520436674344,34.4474080088533],[-118.520436400596,34.4472884655594],[-118.520436355842,34.4472651114821],[-118.520436312223,34.4472527344924],[-118.520436064066,34.447140071604],[-118.52043594948,34.4470893508232],[-118.520432664726,34.4470072711159],[-118.520067792852,34.447015075117],[-118.520065398855,34.4466317562132],[-118.520061396663,34.446521863602],[-118.520061831244,34.4463260690215],[-118.520060651444,34.4461371600719],[-118.52006302554,34.4459860183282],[-118.520071599878,34.4457661458064],[-118.520067342474,34.4456150351879],[-118.520063679095,34.4455597344879],[-118.520054961342,34.4454914345775],[-118.520027754181,34.4453840259767],[-118.51999051422,34.4452636358866],[-118.519981772726,34.4452415361501],[-118.519970295829,34.4452125270492],[-118.519956348373,34.445217106217],[-118.519955266945,34.4452148831577],[-118.519849265996,34.4449998830504],[-118.519681265633,34.4448258833912],[-118.519479283144,34.444629201224],[-118.519338265698,34.4444918826268],[-118.519157367868,34.4443224361114],[-118.518939454725,34.44411831503],[-118.518964904542,34.444100135802],[-118.518497775618,34.4436442918425],[-118.518382637693,34.443532130675],[-118.517867135907,34.4430414203356],[-118.517723663425,34.4429053283224],[-118.516884432382,34.4420907199319],[-118.516515723449,34.4417354128851],[-118.516175386233,34.4414067749465],[-118.516155438722,34.4413865509231],[-118.515962500455,34.4411909315328],[-118.515955085876,34.4411834136074],[-118.515771601027,34.441009158867],[-118.515771202594,34.4410087810144],[-118.515764165356,34.4410020953933],[-118.515686510601,34.4409283165717],[-118.515366151739,34.4406129828604],[-118.515007486371,34.4402706765066],[-118.514930760261,34.4401992147149],[-118.514724012284,34.4400194180251],[-118.514607378144,34.439913015039],[-118.514582803791,34.4398916122426],[-118.514572384963,34.4399036261179],[-118.514541145704,34.4399470377174],[-118.514389729642,34.4401331625765],[-118.514291021299,34.4402620471241],[-118.514244990609,34.4403268120035],[-118.514135779935,34.4405484007379],[-118.513998461002,34.440955750801],[-118.513812969441,34.4412722604666],[-118.513780192616,34.4413276399436],[-118.513678339897,34.4414850285062],[-118.513602711188,34.441591144747],[-118.51348755625,34.441742761029],[-118.51339373082,34.4418565126188],[-118.513324559121,34.4419341029279],[-118.513230618803,34.4420299900527],[-118.513110254879,34.4421428078959],[-118.512960138789,34.4422722639284],[-118.512852874865,34.4423585850004],[-118.512717512732,34.4424604716226],[-118.512630002795,34.4425230265879],[-118.512537500575,34.4425828267522],[-118.512443308135,34.4426381849081],[-118.51231933204,34.4427029536683],[-118.512187047703,34.4427663536841],[-118.511894317272,34.4428977842827],[-118.5117369778,34.4429611930469],[-118.511685871128,34.4429817886947],[-118.511563410684,34.4430238514345],[-118.511439262395,34.4430611412259],[-118.511296846224,34.443096087253],[-118.511167660295,34.4431230691078],[-118.51066406649,34.4432151836734],[-118.510349291291,34.4432673483931],[-118.510029534917,34.4433202066804],[-118.509716365603,34.4433648063378],[-118.509552357269,34.4433922861574],[-118.509441391424,34.443416469717],[-118.509361912332,34.443437413401],[-118.509300670136,34.4434565450267],[-118.509194758899,34.4434940886252],[-118.509016072193,34.4435638896698],[-118.508751435132,34.4436797235411],[-118.508689651386,34.4437089444014],[-118.508577803609,34.4437618447514],[-118.508163981005,34.443964683145],[-118.508119788368,34.4439863445912],[-118.507994158554,34.4440541882594],[-118.507875216924,34.444129925587],[-118.5078256819,34.4441661853027],[-118.507779476341,34.4442041620106],[-118.507771805117,34.4442115857991],[-118.507718097925,34.4439630049742],[-118.507700251549,34.4438937840799],[-118.507685088704,34.4438349141953],[-118.507636369989,34.4436519703374],[-118.50759114782,34.4434640191303],[-118.507538502812,34.4432709944656],[-118.50749402786,34.443083626091],[-118.507440760706,34.4428827164541],[-118.507387779286,34.4426815107953],[-118.507340468373,34.4424882951439],[-118.507285087565,34.4422729057042],[-118.507234120125,34.4420697478429],[-118.507181226244,34.441868990685],[-118.507128081314,34.4416600242729],[-118.507078857165,34.4414631815186],[-118.507029162494,34.4412664083241],[-118.507006066043,34.4411741768441],[-118.506970049853,34.4410310076264],[-118.506680082286,34.4398789933898],[-118.506679825989,34.4398780036732],[-118.506680183993,34.4398780039811],[-118.506621797918,34.4396466984432],[-118.506538192717,34.4393154737561],[-118.506514916817,34.4392232582499],[-118.506483753405,34.4390997951044],[-118.506440720873,34.4389293096448],[-118.506404933773,34.4387875267513],[-118.506371310997,34.4386543174271],[-118.506343030287,34.4385422763803],[-118.506285688558,34.4383150944376],[-118.506269554719,34.4382511762108],[-118.506207869507,34.4380066172332],[-118.506192649777,34.4379462733741],[-118.506030901802,34.4379448367379],[-118.506020980808,34.4379447482969],[-118.505661289454,34.4379415230623],[-118.505561515277,34.4379401817838],[-118.505521974595,34.4379397713693],[-118.505482203841,34.4379399992858],[-118.505382700504,34.437939177819],[-118.505251457088,34.437938094488],[-118.504679144289,34.4379333679755],[-118.504328395093,34.4379306497245],[-118.504135828381,34.437929966139],[-118.503469227396,34.4379254255455],[-118.502494214578,34.4379174927326],[-118.502514722891,34.4348100715343],[-118.502518289383,34.4342695774034],[-118.5025213185,34.433620554159],[-118.502525073366,34.432932229055],[-118.502530930289,34.4318929888097],[-118.502532133934,34.4316795263969],[-118.502534212632,34.4313110296282],[-118.502534464042,34.4312717306594],[-118.502538631711,34.4306112837183],[-118.502539966021,34.4302321275469],[-118.502539966577,34.43023167858],[-118.502544977879,34.4288071145478],[-118.502544803218,34.428744627139],[-118.502542329071,34.4275150050746],[-118.502543939499,34.4271580011162],[-118.502544611396,34.4270091566025],[-118.502544433873,34.4269232932805],[-118.502544352745,34.4268772089175],[-118.502544165461,34.4267841378576],[-118.502543586298,34.4264923176713],[-118.502543612433,34.4264656339102],[-118.502543941349,34.4261205553412],[-118.502544227604,34.4258214210039],[-118.502544727969,34.4252964880355],[-118.502544527439,34.4252096962173],[-118.502544502178,34.4251979357882],[-118.502544356298,34.425128316196],[-118.502544262374,34.4250896677475],[-118.502543317448,34.4246944861649],[-118.502543311163,34.4244043882035],[-118.502543307807,34.424241181389],[-118.502543305738,34.4241263338499],[-118.50254334114,34.423472583195],[-118.50258233705,34.4234725595644],[-118.502617553219,34.4234724956879],[-118.503176257924,34.4234726008827],[-118.503192313731,34.4234726036972],[-118.50323941933,34.4234726129272],[-118.503613123223,34.4234726820194],[-118.503917217366,34.4234712775594],[-118.503965261301,34.423637881937],[-118.503999725912,34.4238915400288],[-118.504334530126,34.4237388842648],[-118.504342461984,34.4237339793859],[-118.504371060831,34.4237228608347],[-118.504587114266,34.4236692016975],[-118.504774918851,34.4236081472325],[-118.504804959153,34.4235952393419],[-118.504839221157,34.4235790043351],[-118.505014761342,34.4234738604374],[-118.50506453568,34.4234738731738],[-118.505126578218,34.4234738068545],[-118.505206367686,34.4234738198512],[-118.505365759489,34.4234738446637],[-118.50561988469,34.4234738837197],[-118.506592579621,34.4234740282544],[-118.507913510861,34.4234742129009],[-118.50840049967,34.4234742769637],[-118.509055100757,34.4234743606097],[-118.509362080225,34.4234743980913],[-118.509730399889,34.4234744429991],[-118.510495586736,34.4234745310268],[-118.510718259621,34.4234745565354],[-118.510989277259,34.4234745862423],[-118.511176237445,34.4234746062844],[-118.511288421387,34.4234746175974],[-118.511319922718,34.4234746290586],[-118.511320121817,34.4234746300224],[-118.511322735055,34.4234746316282],[-118.511362646177,34.4234746472953],[-118.511658009178,34.4234747667034],[-118.511658392144,34.4234747686942],[-118.511658582528,34.4234747678911],[-118.511658794671,34.4234747669963],[-118.512293418011,34.4234750202088],[-118.512568877123,34.4234751286004],[-118.513658717939,34.4234755517152],[-118.513911261749,34.4234756486141],[-118.514072699196,34.42347571282],[-118.514686974831,34.4234759531948],[-118.514822728086,34.4234759946574],[-118.515376342398,34.4233304608188],[-118.515390522182,34.4233265302752],[-118.51540553547,34.423321920036],[-118.515432517829,34.4233124970205],[-118.515457846462,34.4233021858007],[-118.515482429118,34.4232907012407],[-118.515506185515,34.4232780797436],[-118.515529040832,34.4232643612954],[-118.515550919194,34.423249591296],[-118.515571752353,34.4232338169157],[-118.515591471001,34.4232170898375],[-118.515610014533,34.423199461707],[-118.515627321296,34.4231809904851],[-118.515643336175,34.4231617359081],[-118.515658007331,34.4231417595013],[-118.515671287298,34.4231211263777],[-118.515848853206,34.422825266931],[-118.515864902522,34.422800173827],[-118.515882494626,34.4227758016993],[-118.515901583134,34.4227522147536],[-118.515922115129,34.4227294763218],[-118.515944038771,34.4227076479282],[-118.515967292401,34.4226867866311],[-118.515991816531,34.4226669485781],[-118.516017545128,34.4226481872398],[-118.516044407781,34.4226305515983],[-118.516072334073,34.4226140897335],[-118.516101249213,34.4225988461385],[-118.516737327884,34.4222823303393],[-118.516756699009,34.422271913502],[-118.516775149502,34.4222604052169],[-118.516792587228,34.4222478599691],[-118.516808929887,34.4222343394142],[-118.516824097383,34.4222199097062],[-118.516838016165,34.4222046396755],[-118.516850618154,34.4221886035389],[-118.516861842915,34.4221718799876],[-118.516871636552,34.4221545494888],[-118.517089168731,34.4217318591899],[-118.51710629968,34.4217004153903],[-118.517125002161,34.4216695932592],[-118.51714524496,34.4216394470212],[-118.517166991408,34.4216100282196],[-118.517190204839,34.4215813892989],[-118.517214844226,34.4215535809193],[-118.517240865258,34.4215266501489],[-118.517268223631,34.4215006458585],[-118.517296870671,34.4214756133318],[-118.517326757693,34.4214515960492],[-118.517633118572,34.4212154928379],[-118.517906045719,34.4209045733323],[-118.51802948919,34.4205198887806],[-118.51872064027,34.4195152564534],[-118.518864252209,34.4194422433884],[-118.518879930733,34.419433321424],[-118.51889285608,34.4194240929932],[-118.518904567316,34.4194138122523],[-118.518914942192,34.4194025888107],[-118.518923870482,34.4193905412417],[-118.518931257249,34.4193777970683],[-118.518937025002,34.4193644909514],[-118.518941112617,34.419350764694],[-118.518943475304,34.4193367627339],[-118.518945382993,34.4193263859969],[-118.518948866623,34.4193162937137],[-118.518953869559,34.4193066502062],[-118.518960310096,34.4192976117896],[-118.518968085796,34.419289324951],[-118.518977068036,34.4192819236679],[-118.518987112883,34.4192755293618],[-118.518998056702,34.4192702437046],[-118.51900972271,34.4192661540004],[-118.519021919845,34.4192633250754],[-118.519034453674,34.4192618046414],[-118.519047117644,34.4192616161207],[-118.519059709433,34.4192627630836],[-118.519072022219,34.4192652256799],[-118.519083857772,34.4192689659919],[-118.51909566826,34.4192726991978],[-118.519107956028,34.4192751618975],[-118.519120520645,34.4192763125765],[-118.519133159659,34.4192761340706],[-118.519145669645,34.4192746281517],[-118.519157848412,34.419271820027],[-118.519169499329,34.4192677538119],[-118.519180433524,34.4192624970287],[-118.519222857974,34.4192381010512],[-118.519264239242,34.4192125032683],[-118.519304526384,34.41918573365],[-118.519343671736,34.4191578248567],[-118.519381627641,34.4191288104504],[-118.519418349715,34.4190987257822],[-118.519453794657,34.4190676052971],[-118.519487917015,34.4190354870555],[-118.519520678955,34.4190024099866],[-118.519552040474,34.4189684139304],[-118.519581963741,34.4189335378161],[-118.51961041204,34.418897825076],[-118.519637352994,34.4188613173204],[-118.519662753157,34.418824058869],[-118.519686581264,34.4187860949335],[-118.51970881149,34.4187474707023],[-118.519729415833,34.4187082313732],[-118.519748368485,34.418668424839],[-118.519765647989,34.4186280989739],[-118.519781232889,34.4185873016521],[-118.519828112988,34.4184567781746],[-118.519835790466,34.4184378337306],[-118.519845033162,34.4184193757185],[-118.519855794843,34.4184014917851],[-118.519868024914,34.4183842677929],[-118.519881664062,34.418367786937],[-118.51989664751,34.4183521288299],[-118.519912901746,34.4183373677123],[-118.519930351054,34.4183235733265],[-118.519948911004,34.4183108136491],[-118.519968491683,34.4182991494683],[-118.519988999886,34.4182886370782],[-118.520010336923,34.4182793255846],[-118.520033332274,34.4182709499849],[-118.520056996681,34.4182639715991],[-118.52008120634,34.4182584243144],[-118.520105836335,34.4182543384168],[-118.520130757339,34.4182517342947],[-118.520155839989,34.4182506269271],[-118.520180953769,34.4182510204798],[-118.520205968127,34.4182529137097],[-118.520230752457,34.4182562963585],[-118.520255178282,34.4182611509468],[-118.520279117079,34.418267452783],[-118.520302445716,34.4182751690388],[-118.520325043185,34.4182842587628],[-118.520346790612,34.4182946746841],[-118.520367575612,34.418306363193],[-118.520459747099,34.4183623309136],[-118.520505632904,34.4183817262124],[-118.520509797446,34.4183765299126],[-118.520523134136,34.41835989071],[-118.520531895002,34.4183489598415],[-118.520549055489,34.4183253470651],[-118.520563622802,34.4183005671069],[-118.520575480661,34.4182748133956],[-118.520584534611,34.418248290085],[-118.520590715247,34.4182212057285],[-118.520602040286,34.4181558056067],[-118.520612936929,34.4180928811397],[-118.520619320795,34.4180560205436],[-118.520632031774,34.4179826205408],[-118.520644275394,34.417929307885],[-118.52065582749,34.4178958969207],[-118.520662312493,34.4178771369474],[-118.520673104712,34.4178540833956],[-118.520685998908,34.417826541082],[-118.52071513599,34.4177779385498],[-118.520749480384,34.4177317306743],[-118.520788750543,34.41768830001],[-118.520791225017,34.417685797537],[-118.520793036092,34.4176840227482],[-118.520851575124,34.417632699311],[-118.520883122994,34.4176095367749],[-118.520927622681,34.4175811149333],[-118.520954844552,34.417565854899],[-118.521001614137,34.4175429316718],[-118.52104556556,34.4175247860576],[-118.521081496988,34.4175121634399],[-118.521128853166,34.4174983305459],[-118.521179591812,34.4174868099662],[-118.521232079947,34.4174782803591],[-118.521325266413,34.4174712030837]]]},"properties":{"OBJECTID":10158,"Date":null,"Code":"08SK003","DivisionName":"CITY OF SANTA CLARITA 3RD COUNCIL","division_type":"CITY COUNCIL","group_type":"CD","District":"CITY OF SANTA CLARITA","Shape__Area":318473206.47167969,"Shape__Length":126743.49019493908,"GlobalID":"3933d7cc-718a-48d3-a735-fdaa0ce1c986","CreationDate":1788987057416,"Creator":"RRCCgis_lacounty","EditDate":1788987057416,"Editor":"RRCCgis_lacounty"}},{"type":"Feature","id":10159,"geometry":{"type":"Polygon","coordinates":[[[-118.479182223908,34.4199299350059],[-118.479208166634,34.4199663969727],[-118.479378471892,34.4202057631273],[-118.479474356771,34.420340529646],[-118.479534296351,34.4204247737368],[-118.479657545173,34.4205979977911],[-118.479767153861,34.42075205134],[-118.479892002769,34.4209275235664],[-118.480048505555,34.4211474837548],[-118.480120905869,34.421249240142],[-118.480180257782,34.4213326568279],[-118.48018680346,34.4213418572243],[-118.480216541981,34.421383652756],[-118.48027985024,34.4214726297238],[-118.480305022883,34.4215080090572],[-118.480360672356,34.4215862204279],[-118.480407480608,34.4216520075763],[-118.480474663187,34.4217464278923],[-118.480538560984,34.4218362327036],[-118.480596651308,34.4219178754554],[-118.480672167902,34.422024007839],[-118.480717039672,34.4220870726939],[-118.480745326552,34.4221268291677],[-118.4808016492,34.4222059851815],[-118.480884826529,34.4223228856528],[-118.480939381369,34.4223995576701],[-118.481038472925,34.4225388206186],[-118.481087724882,34.422608039874],[-118.481117611294,34.4226500437545],[-118.481173344562,34.4227283716198],[-118.481225481414,34.4228016443966],[-118.481244431415,34.4228282762869],[-118.481258714401,34.4228483499934],[-118.481271834286,34.4228667099873],[-118.481271113798,34.4228670383001],[-118.481301746842,34.4229132060674],[-118.481300321981,34.4229138274694],[-118.481317041018,34.4229401400418],[-118.48134331109,34.4229935770579],[-118.481354513236,34.4230202622143],[-118.481366105512,34.4230512001648],[-118.48136543519,34.423051361495],[-118.481375431346,34.4230798292622],[-118.481373915633,34.4230801670422],[-118.481384795442,34.4231137601341],[-118.481382392851,34.4231142492854],[-118.481392499719,34.4231483178484],[-118.481398810851,34.4231857840335],[-118.481402791548,34.4232204115183],[-118.481404543258,34.4232449064827],[-118.481405496823,34.4232749292207],[-118.481405382694,34.4232960300986],[-118.481404956707,34.4233298086968],[-118.481404575008,34.4233601441574],[-118.481403928714,34.4234113349737],[-118.481403319292,34.4234596822025],[-118.481402902482,34.4234927900219],[-118.48140247271,34.4235268553228],[-118.481971134577,34.4235248072069],[-118.482156539563,34.4235241983997],[-118.482985526339,34.423519325443],[-118.483858134489,34.4235188598359],[-118.483949254025,34.423646072553],[-118.484337507902,34.4241811580381],[-118.484500045622,34.4244051642509],[-118.484566509307,34.4244967615748],[-118.484605702554,34.424550774634],[-118.48464588842,34.4246061576539],[-118.48468789165,34.4246640450754],[-118.484710439063,34.4246865970315],[-118.484732592742,34.4247153341853],[-118.484891794067,34.4249025985265],[-118.485050765846,34.4250903026247],[-118.485035528172,34.4258486959952],[-118.485031946774,34.4260269672111],[-118.485029103503,34.4261763647193],[-118.485023460518,34.4264729291594],[-118.485016051102,34.4268622496628],[-118.485015581459,34.4268856671058],[-118.485010266271,34.4271509127026],[-118.485009935941,34.4271674265358],[-118.485327824574,34.4273728121545],[-118.485774222986,34.4276118063863],[-118.486220701318,34.4278265888442],[-118.486383539249,34.4278977667404],[-118.486771735298,34.4280518136514],[-118.487321596466,34.4282361831144],[-118.487603906988,34.4283164149016],[-118.487901803203,34.4283909929306],[-118.488305147627,34.428476073314],[-118.488521761148,34.4285144386795],[-118.488788716804,34.4285548438429],[-118.488996144248,34.4285810800637],[-118.489272559758,34.4286091256537],[-118.489333469749,34.4286137960389],[-118.489393511108,34.4286182111574],[-118.48939350183,34.4286182986437],[-118.489473407476,34.4286241084935],[-118.489473403294,34.4286241373595],[-118.489500635543,34.4286260874823],[-118.489515608356,34.4286271458679],[-118.489515660122,34.4286272529417],[-118.489518777397,34.4286274621401],[-118.489543861428,34.4286291423477],[-118.489862799592,34.4286429095678],[-118.490258341871,34.4286464666269],[-118.49072558217,34.42863037011],[-118.491126674545,34.4285989015909],[-118.491454275751,34.4285603324069],[-118.492797483944,34.4283755002676],[-118.494033587189,34.4282053941294],[-118.494034097037,34.4282053226347],[-118.494057519912,34.4282020926028],[-118.494066735345,34.4282008217698],[-118.494069215346,34.4277746415537],[-118.49553155536,34.4277841750601],[-118.495531251404,34.4276204349556],[-118.495530999679,34.4274844925753],[-118.49672563567,34.4274908776353],[-118.496824258597,34.4274914041368],[-118.496824002421,34.4273649188737],[-118.497480328983,34.4272624813446],[-118.497976942901,34.4272661107408],[-118.498462859299,34.4272696594533],[-118.498463932419,34.4271560967375],[-118.498465558826,34.4269837309003],[-118.49848257685,34.4269838764359],[-118.498613508206,34.4269849890369],[-118.499036978496,34.4269885910635],[-118.499038326577,34.4269886026468],[-118.499310197688,34.4269882862558],[-118.499890569218,34.4269931172708],[-118.499891675268,34.4266928481908],[-118.499893021211,34.4264838531818],[-118.499893605435,34.4264838498727],[-118.500042091076,34.4264843260283],[-118.500502842017,34.4264858047971],[-118.500671710226,34.4264863457365],[-118.500712165277,34.4264864771639],[-118.501090286136,34.4264877060455],[-118.501293601527,34.4264883661651],[-118.501581999464,34.4264892953236],[-118.501665626292,34.4264895643533],[-118.501913835747,34.4264903632159],[-118.50203511934,34.4264902192372],[-118.502049366213,34.4264901873197],[-118.502057258367,34.4264901817019],[-118.502235473212,34.4264899659607],[-118.502287050476,34.4264898858322],[-118.502287904555,34.4264898886064],[-118.502291150117,34.4264899094258],[-118.502311940384,34.4264901073204],[-118.502422774674,34.4264911646968],[-118.502543586298,34.4264923176713],[-118.502544165461,34.4267841378576],[-118.502544352745,34.4268772089175],[-118.502544433873,34.4269232932805],[-118.502544611396,34.4270091566025],[-118.502543939499,34.4271580011162],[-118.502542329071,34.4275150050746],[-118.502544803218,34.428744627139],[-118.502544977879,34.4288071145478],[-118.502543658016,34.4291825266186],[-118.502539966021,34.4302321275469],[-118.502538631705,34.4306112828168],[-118.502536794735,34.4309024448947],[-118.502534464042,34.4312717306594],[-118.5025342126,34.4313110242191],[-118.502532133934,34.4316795263969],[-118.502530930289,34.4318929888097],[-118.502525073366,34.432932229055],[-118.5025213185,34.433620554159],[-118.502518289351,34.4342695719944],[-118.502514722891,34.4348100715343],[-118.502494214578,34.4379174927326],[-118.503469227396,34.4379254255455],[-118.504135828381,34.437929966139],[-118.504328395093,34.4379306497245],[-118.504679144289,34.4379333679755],[-118.505382700504,34.437939177819],[-118.505482203841,34.4379399992858],[-118.505521974595,34.4379397713693],[-118.505561515277,34.4379401817838],[-118.505661289454,34.4379415230623],[-118.506020980808,34.4379447482969],[-118.506030901802,34.4379448367379],[-118.506192649777,34.4379462733741],[-118.506207869507,34.4380066172332],[-118.506269554719,34.4382511762108],[-118.506285688558,34.4383150944376],[-118.506343030287,34.4385422763803],[-118.506371310997,34.4386543174271],[-118.506404933773,34.4387875267513],[-118.506440720873,34.4389293096448],[-118.506483753405,34.4390997951044],[-118.506514916817,34.4392232582499],[-118.506538192717,34.4393154737561],[-118.506621797918,34.4396466984432],[-118.506680183993,34.4398780039811],[-118.506679825989,34.4398780036732],[-118.506680082286,34.4398789933898],[-118.506970049853,34.4410310076264],[-118.507006066043,34.4411741768441],[-118.507029162494,34.4412664083241],[-118.507078857165,34.4414631815186],[-118.507128081314,34.4416600242729],[-118.507181226244,34.441868990685],[-118.507234120125,34.4420697478429],[-118.507285087565,34.4422729057042],[-118.507340468373,34.4424882951439],[-118.507387779286,34.4426815107953],[-118.507440760706,34.4428827164541],[-118.50749402786,34.443083626091],[-118.507538502812,34.4432709944656],[-118.50759114782,34.4434640191303],[-118.507636369989,34.4436519703374],[-118.507685088704,34.4438349141953],[-118.507700251549,34.4438937840799],[-118.507718097925,34.4439630049742],[-118.507771805117,34.4442115857991],[-118.507775075477,34.4442084212483],[-118.507779476341,34.4442041620106],[-118.5078256819,34.4441661853027],[-118.507875216924,34.444129925587],[-118.507994158554,34.4440541882594],[-118.508119788368,34.4439863445912],[-118.508163981005,34.443964683145],[-118.508577803609,34.4437618447514],[-118.508689651386,34.4437089444014],[-118.508751435132,34.4436797235411],[-118.509016072193,34.4435638896698],[-118.509194758899,34.4434940886252],[-118.509300670136,34.4434565450267],[-118.509361912332,34.443437413401],[-118.509441391424,34.443416469717],[-118.509552357269,34.4433922861574],[-118.509716365603,34.4433648063378],[-118.510029534917,34.4433202066804],[-118.510349291291,34.4432673483931],[-118.51066406649,34.4432151836734],[-118.511167660295,34.4431230691078],[-118.511296846224,34.443096087253],[-118.511439262395,34.4430611412259],[-118.511563410684,34.4430238514345],[-118.511685871128,34.4429817886947],[-118.5117369778,34.4429611930469],[-118.511894317272,34.4428977842827],[-118.512187047703,34.4427663536841],[-118.51231933204,34.4427029536683],[-118.512443308135,34.4426381849081],[-118.512537500575,34.4425828267522],[-118.512630002795,34.4425230265879],[-118.512717512732,34.4424604716226],[-118.512852874865,34.4423585850004],[-118.512960138789,34.4422722639284],[-118.513110254879,34.4421428078959],[-118.513230618803,34.4420299900527],[-118.513324559121,34.4419341029279],[-118.51339373082,34.4418565126188],[-118.51348755625,34.441742761029],[-118.513602711188,34.441591144747],[-118.513678339897,34.4414850285062],[-118.513780192616,34.4413276399436],[-118.513812969441,34.4412722604666],[-118.513998461002,34.440955750801],[-118.514135779935,34.4405484007379],[-118.514244990609,34.4403268120035],[-118.514291021299,34.4402620471241],[-118.514389729642,34.4401331625765],[-118.514541145704,34.4399470377174],[-118.514572384963,34.4399036261179],[-118.514582803791,34.4398916122426],[-118.514607378144,34.439913015039],[-118.514724012284,34.4400194180251],[-118.514930760261,34.4401992147149],[-118.515007486371,34.4402706765066],[-118.515366151739,34.4406129828604],[-118.515686510601,34.4409283165717],[-118.515771202594,34.4410087810144],[-118.515771601027,34.441009158867],[-118.515939597136,34.441168704211],[-118.515955085876,34.4411834136074],[-118.515962500455,34.4411909315328],[-118.516155438722,34.4413865509231],[-118.516175386233,34.4414067749465],[-118.516515723449,34.4417354128851],[-118.516884432382,34.4420907199319],[-118.517723663425,34.4429053283224],[-118.517867135907,34.4430414203356],[-118.518382637693,34.443532130675],[-118.518497775618,34.4436442918425],[-118.518964904542,34.444100135802],[-118.518939454725,34.44411831503],[-118.519157367868,34.4443224361114],[-118.519338265698,34.4444918826268],[-118.519479283144,34.444629201224],[-118.519681265633,34.4448258833912],[-118.519849265996,34.4449998830504],[-118.519955266945,34.4452148831577],[-118.519956348373,34.445217106217],[-118.519970295829,34.4452125270492],[-118.519981772726,34.4452415361501],[-118.51999051422,34.4452636358866],[-118.520027754181,34.4453840259767],[-118.520054961342,34.4454914345775],[-118.520063679095,34.4455597344879],[-118.520067342474,34.4456150351879],[-118.520071599878,34.4457661458064],[-118.52006302554,34.4459860183282],[-118.520060651444,34.4461371600719],[-118.520061831244,34.4463260690215],[-118.520061396663,34.446521863602],[-118.520065398855,34.4466317562132],[-118.520067792852,34.447015075117],[-118.520432664726,34.4470072711159],[-118.52043594948,34.4470893508232],[-118.520436064066,34.447140071604],[-118.520436312223,34.4472527344924],[-118.520436355842,34.4472651114821],[-118.520436400596,34.4472884655594],[-118.520436674344,34.4474080088533],[-118.520436344467,34.4474252250827],[-118.520435936478,34.4474464850324],[-118.52043616689,34.4475509106674],[-118.520436316539,34.4476072415496],[-118.520436370825,34.4476375184741],[-118.520436520022,34.4476965629787],[-118.520436671708,34.4477666269367],[-118.520436395426,34.4477981647234],[-118.520436012283,34.4478422054578],[-118.520436207588,34.4479246464043],[-118.520436348204,34.44798510365],[-118.520436432452,34.4480229605527],[-118.520436552686,34.4480744106479],[-118.520436667796,34.4481280010092],[-118.520436879563,34.4482214333996],[-118.520436455177,34.4482506918381],[-118.520436176656,34.4482709018443],[-118.520436398505,34.4483739571765],[-118.520436478225,34.4484083035198],[-118.52043620832,34.4486487639267],[-118.520428746441,34.4486488238795],[-118.520270355087,34.4486503145183],[-118.52025708693,34.4486503155139],[-118.520164202821,34.4486504198382],[-118.520087915972,34.4486505376958],[-118.520074646811,34.4486505521987],[-118.519928706007,34.4486507719529],[-118.519561337335,34.4486527097937],[-118.519497474071,34.4486528146509],[-118.518887146495,34.4486551332048],[-118.518854801244,34.4486551732552],[-118.51815656193,34.4486590098773],[-118.518148270552,34.4486590317615],[-118.518148658787,34.4488316046372],[-118.518149216572,34.4490781206854],[-118.518149526265,34.4492237298821],[-118.518149868774,34.449369365983],[-118.518149916872,34.4493987819617],[-118.518150193272,34.4495122822284],[-118.518150935633,34.4498447732562],[-118.518151468954,34.4500838580386],[-118.518152895192,34.4504767534772],[-118.518153642809,34.4506911614227],[-118.518155245053,34.4514152448298],[-118.518157342478,34.4519964400342],[-118.518157970615,34.4522864331408],[-118.518429162361,34.4522886852943],[-118.518449119461,34.4523106398475],[-118.518522483531,34.4523909704571],[-118.518873320463,34.452774765974],[-118.519087739329,34.453009723761],[-118.519142977643,34.4530698325779],[-118.519259579182,34.4531969612365],[-118.519323515497,34.4532675130917],[-118.519371693716,34.4533190008927],[-118.519388586219,34.4533375831458],[-118.519488263634,34.4534467055483],[-118.519659969359,34.4536355297338],[-118.519729289649,34.4537115504683],[-118.519752600839,34.4537361598861],[-118.519902719807,34.4545603579522],[-118.519931641229,34.4545589214008],[-118.520502244623,34.4545086586809],[-118.520541915963,34.4545051915946],[-118.521571825115,34.4544151918773],[-118.521571891468,34.4544151861829],[-118.521518705854,34.4543685466877],[-118.521516056423,34.4543662230993],[-118.521526547962,34.454353698964],[-118.521534761023,34.4543445581636],[-118.521540005713,34.4543389929863],[-118.52154791773,34.4543309632682],[-118.521553568107,34.4543255297737],[-118.521553949701,34.4543251161322],[-118.521554464937,34.4543246667564],[-118.521556510677,34.4543227007316],[-118.521562248029,34.4543174264345],[-118.521568009252,34.4543123143108],[-118.521577702818,34.454304101134],[-118.521582355078,34.4543003884506],[-118.521583287055,34.4542995766695],[-118.521584135409,34.4542989671916],[-118.521588534257,34.4542954557379],[-118.521595082125,34.4542904817726],[-118.52161741577,34.454274811757],[-118.521618868201,34.4542738625081],[-118.521620926536,34.4542725175855],[-118.521623766743,34.4542707221406],[-118.521627592082,34.4542684347305],[-118.521631243676,34.4542663833677],[-118.521636035158,34.4542638736326],[-118.521638914959,34.4542624918216],[-118.521639735277,34.4542620979307],[-118.521641562556,34.4542612218975],[-118.52164473602,34.4542598099748],[-118.521648431039,34.4542582623828],[-118.52165227978,34.4542567574035],[-118.521655754686,34.4542555145747],[-118.521657805972,34.4542547818239],[-118.52165844888,34.4542545599871],[-118.521661519365,34.4542535614095],[-118.521664794475,34.4542525655584],[-118.521667129123,34.4542518955982],[-118.521670434289,34.4542510069004],[-118.521673993077,34.4542501243244],[-118.521674912467,34.4542499094127],[-118.521676569827,34.4542495326583],[-118.521677309973,34.4542493708061],[-118.521677353461,34.4542493634069],[-118.521678562059,34.4542491021751],[-118.521682879604,34.4542482487921],[-118.521684784225,34.4542479052328],[-118.521686814014,34.4542475629385],[-118.521688873305,34.4542472394495],[-118.52169201471,34.4542467905025],[-118.521694418027,34.4542464844667],[-118.521697544805,34.4542461329482],[-118.521699787594,34.4542459141497],[-118.5217744298,34.4543972656277],[-118.521786547227,34.4543961938873],[-118.521840564489,34.4543914295846],[-118.521887582439,34.4543871587499],[-118.52221203215,34.4543586050712],[-118.522234551013,34.4543566906644],[-118.522253592285,34.4543550697948],[-118.522424270038,34.4543395526333],[-118.522487231975,34.4543588421495],[-118.523169493273,34.4545599280047],[-118.523222180996,34.4547549191895],[-118.52327320193,34.4549458047355],[-118.523317526704,34.4551105809374],[-118.52336017828,34.4552671279164],[-118.523401994081,34.4554250479155],[-118.523394557896,34.4554374292132],[-118.523302861515,34.4555818295412],[-118.523147546406,34.4558252374672],[-118.523008738848,34.4560438900184],[-118.52285135129,34.4562970728073],[-118.522857302202,34.4563011870139],[-118.522862895219,34.456305502903],[-118.522869056189,34.4563108305712],[-118.52287599421,34.4563177109398],[-118.522882338183,34.4563249698076],[-118.522886401024,34.4563303362663],[-118.522890681979,34.4563368124757],[-118.522894509203,34.456343480864],[-118.522897376854,34.4563493411042],[-118.522900246191,34.4563563363693],[-118.522902614523,34.4563634482881],[-118.522904421991,34.4563706771187],[-118.522905739071,34.4563779801851],[-118.522906478055,34.4563854290866],[-118.522906704902,34.4563920886475],[-118.52290647034,34.4563984112197],[-118.52290546522,34.4564073344338],[-118.522903963366,34.4564151481961],[-118.522902279255,34.456421322852],[-118.522899455756,34.4564294253912],[-118.522895951988,34.4564373487516],[-118.522891792729,34.4564450522574],[-118.522887635893,34.4564515819544],[-118.522881918588,34.4564591921031],[-118.522875890062,34.4564661175246],[-118.522870719382,34.4564713434627],[-118.522865530855,34.4564759807752],[-118.522860087472,34.4564804163404],[-118.522854339903,34.4564845944755],[-118.522844739512,34.4564906806307],[-118.522835672542,34.4564955726578],[-118.522825044085,34.456500343394],[-118.522816347836,34.4565036101585],[-118.522808000004,34.456506205581],[-118.522800714443,34.45650811126],[-118.522793312404,34.4565096667433],[-118.522784570925,34.456511103585],[-118.522775733986,34.4565120711376],[-118.522768115229,34.4565125655452],[-118.522760480105,34.4565127066212],[-118.522750302965,34.4565123943571],[-118.522740175486,34.4565114976836],[-118.522728288718,34.4565096574687],[-118.522717854228,34.456507359328],[-118.522638579138,34.4566255566126],[-118.522555125207,34.4567575716297],[-118.522465906287,34.456899190214],[-118.522382202855,34.4570315974475],[-118.522292391007,34.4571728271851],[-118.522208936886,34.4573048131058],[-118.522147796578,34.4574010553761],[-118.522421126741,34.457635624864],[-118.523031002366,34.4581581497946],[-118.523119948291,34.4578791290961],[-118.524004448569,34.4580990017236],[-118.524017822713,34.4585166303764],[-118.524050036145,34.4595552186814],[-118.524050591555,34.4596796001025],[-118.524118868408,34.459717410397],[-118.524239566231,34.4597798846754],[-118.524380321625,34.4598527416857],[-118.52438536982,34.4598553541557],[-118.524465346078,34.4598967504909],[-118.524652738588,34.4600002209732],[-118.524879734678,34.4601173205708],[-118.525240226189,34.4603032764157],[-118.525413744515,34.4603791863641],[-118.525529707209,34.4604176521667],[-118.525649048875,34.4604572157164],[-118.525836768897,34.4605276642556],[-118.525913242178,34.4605541291789],[-118.526006309101,34.460582578531],[-118.526213977124,34.460633198219],[-118.526375091734,34.4606675376317],[-118.526489682032,34.4606890181517],[-118.526619202993,34.4607100875835],[-118.526733754332,34.4607253907275],[-118.526931261053,34.4607437630303],[-118.52709718817,34.460751291489],[-118.527196718763,34.46075292005],[-118.527480350573,34.4607489396674],[-118.527729089531,34.4607379107083],[-118.527959548678,34.4607197313614],[-118.52809374864,34.4607053611742],[-118.528187437655,34.4606953286507],[-118.528551325228,34.4606563450419],[-118.528825393195,34.4606323981133],[-118.528943302193,34.4606221043956],[-118.529574211357,34.4605670611104],[-118.529985330389,34.4605278129826],[-118.53024888944,34.4604984959152],[-118.5305817657,34.460458602238],[-118.530644657062,34.4604505929822],[-118.530822383067,34.460429706074],[-118.532237936299,34.4602696274714],[-118.533313629047,34.4601374575976],[-118.533689827838,34.4600849688774],[-118.533820767304,34.4600685926574],[-118.533936801681,34.4600567607027],[-118.534135766575,34.4600435169652],[-118.534333103583,34.4600350915614],[-118.534397787445,34.4600341197638],[-118.534547100749,34.4600332448784],[-118.534712993574,34.4600355368737],[-118.534878743034,34.4600412632211],[-118.535029404161,34.4600494196904],[-118.53522539438,34.4600639662797],[-118.535526005482,34.4600862774191],[-118.536532652306,34.4601609686193],[-118.537781929211,34.4602536466705],[-118.53806934937,34.4601902956131],[-118.538414398065,34.4602101577401],[-118.538586241524,34.4601740487032],[-118.538601779944,34.4601712102241],[-118.538674702413,34.4602542280712],[-118.539000270791,34.4602918838595],[-118.539385270239,34.4603788834135],[-118.539592270464,34.4604508838533],[-118.539681270422,34.460481883151],[-118.540119270392,34.4606388832793],[-118.54104731815,34.4609564990312],[-118.541092020691,34.4609723524582],[-118.541131289987,34.460985722025],[-118.541306270847,34.4610448838224],[-118.542026794807,34.46129915977],[-118.542094751635,34.4613622449743],[-118.542225831704,34.4615007599517],[-118.542603074162,34.4616385287046],[-118.542690234791,34.4616700145457],[-118.542696606725,34.4616722173507],[-118.542666271136,34.4617338836911],[-118.542614271784,34.4619958832829],[-118.542610271303,34.4621118836814],[-118.542633270858,34.4622248838501],[-118.542651271886,34.4622868839778],[-118.542668271617,34.4623448839606],[-118.54279227102,34.4626288836841],[-118.542929271342,34.4629598834508],[-118.543020270973,34.4631808834337],[-118.543092271097,34.4633748835515],[-118.543199271704,34.4640018839655],[-118.54327027109,34.4644858834534],[-118.543286272062,34.4646258842369],[-118.543308271464,34.4648128840373],[-118.54332369592,34.4649449178236],[-118.543312833725,34.4649440486898],[-118.543150653419,34.4649310794189],[-118.542155903983,34.4648550572414],[-118.542026373415,34.4648451572853],[-118.541924180731,34.4648371978313],[-118.541901152039,34.4648370761796],[-118.541876508532,34.4648388693817],[-118.541862436426,34.4648411761339],[-118.54184877033,34.4648438182457],[-118.541836194154,34.4648470162446],[-118.541819697807,34.4648518022182],[-118.541811056047,34.4648550998485],[-118.541797134968,34.4648608777302],[-118.541784979754,34.4648665422474],[-118.541770137293,34.4648755850914],[-118.541760288878,34.4648817991615],[-118.541664301594,34.4649531369518],[-118.541439177937,34.4651224391815],[-118.541317043606,34.4652142022215],[-118.541297768674,34.4652290977088],[-118.541276619539,34.4652473687851],[-118.54125696413,34.4652661930491],[-118.541240138863,34.4652836911517],[-118.541221858749,34.4653046098529],[-118.541210576323,34.4653198068565],[-118.54120291973,34.4653298264021],[-118.541190710029,34.4653477213254],[-118.54116306236,34.4653875617354],[-118.541064771655,34.4655307228844],[-118.541060288194,34.4655402739003],[-118.541057759197,34.4655472414188],[-118.541056320496,34.4655549893135],[-118.541056367162,34.4655621698313],[-118.541058055301,34.4655716996433],[-118.541061830683,34.4655796478729],[-118.54106683024,34.4655880405106],[-118.541075557066,34.4655969781868],[-118.541083453656,34.4656027768131],[-118.541095954074,34.4656086676046],[-118.541105089802,34.4656110159397],[-118.541141131648,34.4656190132271],[-118.541168670599,34.4656250614367],[-118.541196630864,34.4656334634721],[-118.541224340167,34.4656447848889],[-118.541247040398,34.4656568002824],[-118.541264591128,34.4656685032672],[-118.541278474775,34.4656785385377],[-118.541293055525,34.4656918261401],[-118.54130505585,34.465704001036],[-118.541315978654,34.4657171931606],[-118.541326640635,34.4657319551185],[-118.541337602456,34.4657509790967],[-118.541344060793,34.4657650881599],[-118.541348199521,34.4657765137832],[-118.541353111305,34.4657916565928],[-118.541355134976,34.465801390454],[-118.541356277098,34.4658104746346],[-118.541357849636,34.4658231450044],[-118.541358056834,34.465834251892],[-118.541357843445,34.4658638736759],[-118.541352962414,34.4661964518483],[-118.541348599275,34.4664973621902],[-118.541347494286,34.4665694854026],[-118.54062284145,34.4664683800722],[-118.540419850103,34.4664400626991],[-118.539658244122,34.465504264239],[-118.539519826743,34.4653343435208],[-118.537982815829,34.4634456544471],[-118.537977661879,34.4634410938909],[-118.537817217096,34.4632439559764],[-118.537694036096,34.4630926112019],[-118.537680550641,34.4641020664064],[-118.537670800192,34.4658538900287],[-118.53767623618,34.4664751324656],[-118.537676478388,34.4665020169608],[-118.537684290033,34.4673265827727],[-118.537692723516,34.4681494842485],[-118.537694362633,34.4683211886744],[-118.537695119147,34.4684022513126],[-118.537696273568,34.4685245276435],[-118.537703500822,34.4692993411261],[-118.537704982274,34.4694614593171],[-118.537705247753,34.4694875620726],[-118.537706230597,34.469593381641],[-118.537709307315,34.4699148425862],[-118.537711962753,34.4701923123116],[-118.537713006862,34.4703035696585],[-118.537714153544,34.4704244711655],[-118.537721867265,34.47122263933],[-118.537730024602,34.4720751364449],[-118.537731239549,34.4722023853356],[-118.537732628811,34.472379537884],[-118.537733136401,34.4724004827846],[-118.537735419867,34.4726378700862],[-118.537737022792,34.4728039445304],[-118.537738565224,34.472960484614],[-118.537740816123,34.4731938367821],[-118.53774294365,34.4734121329694],[-118.537745981045,34.4737598178187],[-118.537749632863,34.4741062206591],[-118.537750935707,34.4742037581798],[-118.537751877879,34.4742710778725],[-118.537752352756,34.474363125111],[-118.537754022974,34.4744941070175],[-118.537754537457,34.4745483022663],[-118.537738062973,34.4745404597862],[-118.537366920381,34.4743596213001],[-118.537251861029,34.4745979039688],[-118.537111026162,34.4748061848395],[-118.536996274198,34.4748763234746],[-118.536945603164,34.4749786869498],[-118.536978189704,34.4750357261923],[-118.536830638198,34.4752575828895],[-118.536887590703,34.4753162182844],[-118.536897952001,34.4754102051578],[-118.53682304901,34.4755059980988],[-118.536839724661,34.4756067987899],[-118.53682088241,34.4757461727386],[-118.536849688203,34.4757778658781],[-118.536908854045,34.4758967238612],[-118.536932185857,34.4759182196026],[-118.537037899221,34.4760822674452],[-118.537095103089,34.4761233974457],[-118.537207525352,34.4761548854481],[-118.537255242673,34.4761807781617],[-118.537257004133,34.4762069310785],[-118.537224016928,34.4762420845535],[-118.537194132513,34.4762593910431],[-118.537183579461,34.4762594107026],[-118.537106663675,34.4762025947338],[-118.537076045748,34.4761679697715],[-118.537024817902,34.4761530822192],[-118.53699693613,34.4761620541332],[-118.536981269041,34.4761609433387],[-118.536960341168,34.4761523244004],[-118.536953244853,34.4761530698086],[-118.536894123302,34.476190153593],[-118.536870799227,34.4761958615983],[-118.536673631086,34.4761745855603],[-118.536633491768,34.4761503621128],[-118.536486726936,34.4761346065905],[-118.53635371488,34.4762710916603],[-118.536346516043,34.4762782302632],[-118.536412868368,34.4762946668102],[-118.53646093355,34.4763696639506],[-118.536541247221,34.4764027513573],[-118.536645595593,34.4765852536575],[-118.537775866439,34.4768371252199],[-118.537775927602,34.4768437277838],[-118.537777135972,34.4769733071205],[-118.537777420416,34.4769991366115],[-118.537781415758,34.4773717084686],[-118.537782028533,34.4774377422132],[-118.537788718184,34.4781439291627],[-118.537792713027,34.4785635881009],[-118.537802113365,34.4795792649357],[-118.53780483952,34.4798706168514],[-118.537820692932,34.4815191722684],[-118.537820954223,34.4815466372344],[-118.537822543037,34.4817114855359],[-118.53396863803,34.4817021670033],[-118.533779244491,34.4817015088542],[-118.533419383154,34.4817008333357],[-118.533386484193,34.4817007398988],[-118.532851769085,34.4816992568308],[-118.531217816004,34.4816947409346],[-118.529016080519,34.4816886228616],[-118.526900540344,34.4816832176502],[-118.526100298951,34.4816811640512],[-118.525688159369,34.4816801043837],[-118.524612031313,34.4816762631002],[-118.520390299322,34.4816642792227],[-118.520209917077,34.4816637632132],[-118.520203992248,34.4823671608649],[-118.520179737937,34.4852988920586],[-118.520149566935,34.4889353954853],[-118.518890587977,34.4889379813904],[-118.517988839019,34.4889398247352],[-118.51768068682,34.4889404531448],[-118.517443440015,34.4889410526281],[-118.517189831738,34.4889418024925],[-118.515756036321,34.4889460345305],[-118.514877293629,34.4889473576376],[-118.514863393119,34.4889473787288],[-118.512431025622,34.4889536586797],[-118.511362503847,34.488956570464],[-118.511356878711,34.4906230152434],[-118.511349636607,34.4926150348891],[-118.511336354841,34.4962762189252],[-118.509550380486,34.4962871546098],[-118.509287912205,34.4962887589735],[-118.509241105799,34.4962892185594],[-118.50912197529,34.4962903889335],[-118.506922555214,34.4963030821555],[-118.502508762293,34.4963311858591],[-118.499171709347,34.4962560044913],[-118.498164445272,34.4962339820281],[-118.493819266783,34.4961352514542],[-118.493821205733,34.4960010480475],[-118.49389854284,34.4906468255866],[-118.493924904327,34.4887921798176],[-118.498224857079,34.4888840831251],[-118.498242664887,34.4852118896617],[-118.499150249326,34.4852298970506],[-118.502508437998,34.4853009238554],[-118.502496056543,34.4823925694344],[-118.502492825002,34.4816246416594],[-118.502528582151,34.4778974606401],[-118.499135859145,34.4778388600716],[-118.498298881652,34.4778234759039],[-118.498318497651,34.4759674535041],[-118.498337307543,34.474110031345],[-118.494111983235,34.4740523725434],[-118.494116906937,34.4735962601526],[-118.492931041797,34.4741624453916],[-118.491726495369,34.4747367453189],[-118.491579784567,34.4748067512525],[-118.491489144321,34.4748520173172],[-118.491470521833,34.4748351123692],[-118.491458166281,34.4748218629984],[-118.49144604255,34.4748084197598],[-118.491434216121,34.4747948103359],[-118.491422654501,34.4747810628059],[-118.491411390023,34.4747671220454],[-118.49139947786,34.4747517117043],[-118.491335136796,34.4746764625624],[-118.491263251537,34.4745840120389],[-118.49114779504,34.474417203634],[-118.491116434355,34.474366242516],[-118.491116215627,34.4743658872959],[-118.491064949075,34.4742959645483],[-118.491047166577,34.4742704654384],[-118.491025211021,34.4742369523609],[-118.490998306348,34.4741939661681],[-118.490971210364,34.4741421637599],[-118.490950448245,34.4740992825295],[-118.490945782735,34.4740889842685],[-118.490909746263,34.4740032338579],[-118.49088273922,34.4739380649559],[-118.490863204927,34.473890717964],[-118.490853038373,34.4738661382393],[-118.49084557913,34.4738481990686],[-118.490834956597,34.4738251186311],[-118.490824759261,34.4738039927978],[-118.490815118201,34.4737860056518],[-118.490802686254,34.473764555286],[-118.490781926662,34.4737322273502],[-118.490769703827,34.4737148537649],[-118.490755977669,34.4736965603836],[-118.490732655887,34.473667980551],[-118.490704112724,34.4736365450349],[-118.490680014391,34.4736125111518],[-118.490646400732,34.4735803586675],[-118.490530971104,34.473469944001],[-118.490363627276,34.4733098725333],[-118.490317875198,34.4732661076813],[-118.49016532228,34.473120181629],[-118.490079675906,34.4730385078983],[-118.48999003377,34.4729615021439],[-118.489937436511,34.4729213420624],[-118.489881527051,34.4728821590646],[-118.489822703351,34.472844429352],[-118.489771629484,34.4728143133303],[-118.489704847928,34.47277873247],[-118.489705159818,34.4727481088718],[-118.489705378827,34.4727264928551],[-118.489705877758,34.4726773311995],[-118.489707318597,34.4725216307953],[-118.489710746262,34.4721511215296],[-118.488254222372,34.472133765221],[-118.485853791629,34.4721051243241],[-118.485288928595,34.4720975746067],[-118.485274767856,34.4739316174898],[-118.481285869935,34.4739076011674],[-118.481187653806,34.4739070836443],[-118.480854604168,34.4739053518787],[-118.480883972625,34.4693147376156],[-118.480890366557,34.46821912014],[-118.48089038038,34.4682177443474],[-118.484405262761,34.4682353208686],[-118.485319419304,34.4682398799207],[-118.485329580226,34.466924942783],[-118.485331389431,34.4665982076184],[-118.485300934643,34.4658000080869],[-118.485266217382,34.4649344837765],[-118.485250732369,34.4645392723985],[-118.485219336039,34.4637641521164],[-118.485202627115,34.4633172345869],[-118.485200543548,34.4632817045043],[-118.485164674221,34.4623972452146],[-118.485156247398,34.4621880340858],[-118.485139555169,34.4617735689002],[-118.485128214134,34.461491965519],[-118.485121245419,34.4613037641735],[-118.485084844508,34.4603970822733],[-118.485081376405,34.4603256514696],[-118.485077495565,34.4602201804386],[-118.485167069043,34.4601613444392],[-118.485179859053,34.4601529442098],[-118.485193554494,34.4601439615749],[-118.485856067915,34.4596961114868],[-118.485866790004,34.45968886441],[-118.485723755516,34.4596791721463],[-118.48554194763,34.4596767740936],[-118.485125549837,34.4596712983729],[-118.485055306011,34.4596703620925],[-118.484603328055,34.459665427973],[-118.480825302073,34.4596191590661],[-118.480941601427,34.4576915368804],[-118.481008448292,34.4560154739085],[-118.479946828174,34.4559984535162],[-118.472086331572,34.4558974030493],[-118.472087063232,34.4539216591558],[-118.467870528278,34.4534667663498],[-118.467461899318,34.4538502393838],[-118.467433397808,34.453876949794],[-118.46530688123,34.4558723595059],[-118.463346788615,34.4577112084274],[-118.462422757183,34.4585778841105],[-118.461453703039,34.4594867622663],[-118.461009834235,34.4594884763439],[-118.46097022469,34.4594886268107],[-118.459988334373,34.4594912536681],[-118.459293367569,34.4594930889934],[-118.458770910239,34.4594949823085],[-118.458770574078,34.4594948131899],[-118.458770574083,34.4594950115268],[-118.454393946529,34.4595074430182],[-118.454393947606,34.4595076404496],[-118.454393843861,34.4595075768293],[-118.45335952011,34.4595105293809],[-118.450056543752,34.4595199011558],[-118.450015946812,34.4595200156476],[-118.450017199593,34.4593967824863],[-118.450028231434,34.4583119919732],[-118.450034206619,34.4577244048136],[-118.45003741431,34.4574167687442],[-118.450051789324,34.4560380465441],[-118.450052602957,34.4559600376055],[-118.450052914593,34.4559297008136],[-118.450072193771,34.4540543749765],[-118.450072324893,34.4540415853614],[-118.450089125025,34.4524056323628],[-118.450089126157,34.4524050364461],[-118.450091775907,34.4494842047626],[-118.450091752351,34.4492775042942],[-118.450091749856,34.449259727895],[-118.450091682614,34.4487987117063],[-118.450547754783,34.4487959796187],[-118.452274125254,34.4487856227257],[-118.453876988831,34.4487759981245],[-118.454452418953,34.4487725343684],[-118.454455655008,34.4469714491543],[-118.454457109243,34.4461663275164],[-118.454458934667,34.4451813703532],[-118.458807027285,34.4451427141194],[-118.459272190479,34.4451381153251],[-118.463165945139,34.4451299988679],[-118.463181123908,34.4420239733871],[-118.463183701183,34.4415498139672],[-118.464871871104,34.4415512187385],[-118.465530479434,34.4415517433332],[-118.46569675198,34.4415519048915],[-118.466269356303,34.4415523688023],[-118.467135780524,34.4415530748317],[-118.467549665526,34.4415534107557],[-118.467554906188,34.4415534149013],[-118.467556491707,34.4415534241173],[-118.46756892926,34.4402110490328],[-118.46757083949,34.4400262471732],[-118.467576432907,34.4394923646144],[-118.467578452212,34.4392967619551],[-118.467579991577,34.4391509564379],[-118.467581841946,34.4389719750947],[-118.467583678161,34.4387980324739],[-118.467585747022,34.4385988586402],[-118.467587993551,34.4383844301731],[-118.467590173315,34.4381761359936],[-118.467590314356,34.4381599763645],[-118.467592237464,34.4379772912289],[-118.467592308595,34.43796495978],[-118.467575826573,34.435980921118],[-118.46765024877,34.4359635763463],[-118.467809863484,34.4359264416466],[-118.467782801373,34.4355721242871],[-118.467938562782,34.4355989752945],[-118.467973456918,34.4351452755198],[-118.468055917826,34.4351061851463],[-118.468263944013,34.4351267054532],[-118.468535536121,34.4349976607045],[-118.468646638318,34.4350684013425],[-118.468662781465,34.4350786985042],[-118.468750082379,34.4349331908548],[-118.469091080057,34.4349560267044],[-118.46937551898,34.4345118037811],[-118.469537683747,34.4344862254057],[-118.46961568728,34.4343569653848],[-118.46961860491,34.4343510706813],[-118.469642550238,34.4343508752109],[-118.470008256922,34.4347916711568],[-118.470116037087,34.4347905115823],[-118.470245361717,34.4344525707806],[-118.470514574054,34.4346545397516],[-118.470574266973,34.4346538962228],[-118.47058243341,34.434590800454],[-118.470584437397,34.4345757343616],[-118.470611737722,34.4343655260083],[-118.471075566405,34.4344921610424],[-118.471435450006,34.4343362581984],[-118.471933487587,34.4343320661599],[-118.471953657386,34.4343318903297],[-118.471949524124,34.4338290740831],[-118.471946718054,34.4335007445472],[-118.471944767439,34.4332726838863],[-118.471943361163,34.4331078483845],[-118.471940239986,34.4327267821245],[-118.47193997141,34.4326941701782],[-118.471939254209,34.4326063888026],[-118.471937270171,34.4323952725893],[-118.471940536254,34.4322293271434],[-118.471769696561,34.4321602841262],[-118.470692744206,34.4317271973545],[-118.470483343035,34.4316452434248],[-118.470076163362,34.431480575433],[-118.469637436239,34.4313094875849],[-118.469423031063,34.4312199972498],[-118.469331576822,34.4311753357105],[-118.469117000998,34.431055621571],[-118.468904004813,34.430922816084],[-118.468807479872,34.4308599871064],[-118.468719246625,34.4307974839242],[-118.468630977464,34.4307287674449],[-118.468544288368,34.4306463369752],[-118.468449215805,34.4305477833289],[-118.468347413205,34.4304307038258],[-118.468260581643,34.4303228279081],[-118.468120237394,34.4301341195513],[-118.468063385659,34.4300498399466],[-118.468011488169,34.4299617538579],[-118.467957840188,34.4298572115875],[-118.467858739872,34.4296319101273],[-118.467813351496,34.4295207953078],[-118.467774600102,34.4294110324224],[-118.467739298735,34.4293025968028],[-118.467741158741,34.4292794535641],[-118.467723615581,34.4291907083868],[-118.467711319016,34.4290684753312],[-118.467708869037,34.4289276561491],[-118.467714576071,34.4287620773391],[-118.467723683568,34.428612276686],[-118.467752068921,34.4283521684254],[-118.467774656972,34.4282407914538],[-118.467808766586,34.4281142576301],[-118.467859355353,34.4279697963415],[-118.46795757908,34.4277454682878],[-118.467980197907,34.4276927043928],[-118.467989955646,34.427669967923],[-118.468062405175,34.4275273163273],[-118.468105457679,34.4274461464585],[-118.468149236505,34.4273697500984],[-118.468203791184,34.4272942199756],[-118.468267580064,34.427214340341],[-118.468285911452,34.4271955564321],[-118.46831150936,34.4271693978657],[-118.468321140352,34.4271595565002],[-118.468327838663,34.4271527114357],[-118.468572582573,34.4271520701163],[-118.469086650257,34.4271434687585],[-118.469193496558,34.4271416806988],[-118.469194043762,34.4271416713701],[-118.469431457181,34.4271372359689],[-118.469935779562,34.4271276581043],[-118.470045714009,34.4271255697411],[-118.470269531093,34.4271211844813],[-118.470489236914,34.4271168436034],[-118.470542295328,34.4271167748354],[-118.470713529835,34.4271134969508],[-118.470846522565,34.4271109505582],[-118.471116790643,34.4271051474233],[-118.471353011758,34.4271007669833],[-118.471651442241,34.4270963101032],[-118.471881029858,34.4270919273803],[-118.471885268944,34.4272018259517],[-118.471885382428,34.4272045733868],[-118.47193512666,34.4272048468636],[-118.472123293146,34.4272059006024],[-118.472336364164,34.4272070500077],[-118.472509639887,34.4272079961468],[-118.472537828339,34.4272079683836],[-118.47258087026,34.4272076086823],[-118.472719348913,34.4272068220996],[-118.472919143343,34.427205686343],[-118.473110149371,34.4272046115798],[-118.473120594886,34.4272045708402],[-118.473140358323,34.427204411717],[-118.473317072729,34.4272033644225],[-118.473517662596,34.4272022516224],[-118.473638315117,34.4272015561121],[-118.473709165653,34.4272011469297],[-118.473901471774,34.4272000658434],[-118.473918078258,34.4271999739201],[-118.473934592244,34.4271998787498],[-118.474112897404,34.4271988547331],[-118.474290264773,34.4271978404317],[-118.474310172079,34.4271977265335],[-118.474312081599,34.4273351138102],[-118.475040873993,34.4273305220434],[-118.475979133243,34.4273246047234],[-118.47617727246,34.4273233546998],[-118.476301502477,34.4273190489816],[-118.476303342262,34.4272568349774],[-118.476302087853,34.4271472538789],[-118.476300010271,34.4269648789045],[-118.476298981047,34.4267848960904],[-118.476293113862,34.426048829709],[-118.47628722911,34.4253096729006],[-118.476281344456,34.4245705151548],[-118.476273776395,34.4238268995837],[-118.476187013718,34.4238281534713],[-118.476186218988,34.4237431851448],[-118.476183241083,34.423460165429],[-118.476183192885,34.423455730969],[-118.476183187117,34.423455102622],[-118.476183776555,34.4233968305144],[-118.476183605245,34.4233874173615],[-118.47618210848,34.4233048660985],[-118.476248411858,34.423305299076],[-118.476348703574,34.423305952852],[-118.476346650006,34.4230244783368],[-118.47634657193,34.4230134889351],[-118.476335843921,34.4230135022147],[-118.47633505386,34.4229073072304],[-118.476202196259,34.4229069832417],[-118.476207005705,34.4217181609533],[-118.476210040636,34.4207989819952],[-118.476212146101,34.4200072394917],[-118.477128989783,34.4200067278038],[-118.478030911183,34.420006267996],[-118.47878693569,34.4200060339821],[-118.478891403707,34.4200090564199],[-118.479035631923,34.4200067694749],[-118.479075441495,34.4200100470953],[-118.479127142773,34.4200244765977],[-118.479182223908,34.4199299350059]]]},"properties":{"OBJECTID":10159,"Date":null,"Code":"08SK004","DivisionName":"CITY OF SANTA CLARITA 4TH COUNCIL","division_type":"CITY COUNCIL","group_type":"CD","District":"CITY OF SANTA CLARITA","Shape__Area":328706256.53417969,"Shape__Length":131671.08603328833,"GlobalID":"b2510a39-06df-45ae-b5c0-007e8b43aa5d","CreationDate":1788987057416,"Creator":"RRCCgis_lacounty","EditDate":1788987057416,"Editor":"RRCCgis_lacounty"}},{"type":"Feature","id":10160,"geometry":{"type":"Polygon","coordinates":[[[-118.405721649446,34.366776174433],[-118.405611771479,34.3595554384393],[-118.409574464803,34.3595008666347],[-118.409492022004,34.3668084926848],[-118.409488945906,34.3671153495006],[-118.409447649896,34.370609837109],[-118.413218636463,34.3705374121308],[-118.413257212389,34.3671528994046],[-118.413263209604,34.3668417880608],[-118.413662688577,34.3668464342053],[-118.415495128828,34.3668677747575],[-118.415496380112,34.3667083276673],[-118.415527866624,34.3631501297612],[-118.417761970896,34.3631678683333],[-118.419996109955,34.3631855926564],[-118.419965292348,34.3667046976827],[-118.419963681158,34.3669183265644],[-118.418864405689,34.3669055868875],[-118.418845853735,34.3669053606974],[-118.418842282927,34.3672025461029],[-118.418804037057,34.3706065342961],[-118.419514854453,34.3706156449675],[-118.419908368153,34.3706195032939],[-118.422080844726,34.3706465062604],[-118.422103745938,34.3706472649475],[-118.42213854956,34.3706472330071],[-118.426572405481,34.3707025796967],[-118.426656793267,34.3672730554518],[-118.426663685634,34.3669945144055],[-118.426860384832,34.366996896139],[-118.431129439858,34.3670469390679],[-118.431122324113,34.367312829964],[-118.431059614116,34.3691674036712],[-118.431030693851,34.3700226490961],[-118.431005864952,34.3707569136919],[-118.430893525353,34.3740797931577],[-118.430880454222,34.3744664008668],[-118.430992392648,34.3744670983207],[-118.431062907949,34.3744674967098],[-118.433109150132,34.3744811136674],[-118.433108342888,34.374615349774],[-118.433103511656,34.3753727054967],[-118.433266012507,34.3753740937949],[-118.434216191248,34.3753828360937],[-118.434213632191,34.3756938867168],[-118.434208858876,34.3762840903895],[-118.43519049676,34.3762905631486],[-118.436430149329,34.3762987435916],[-118.436428585389,34.3766647410866],[-118.436426253113,34.377205444493],[-118.439163453527,34.3772167009438],[-118.439764344093,34.3772191557311],[-118.439764789749,34.3771861570096],[-118.439765177451,34.3771648423998],[-118.439800733924,34.3745236610514],[-118.440405423674,34.3745269354334],[-118.441966251421,34.374535579644],[-118.441932456422,34.3781558709791],[-118.444093544754,34.3781552105695],[-118.444093540203,34.378161702545],[-118.444100419684,34.3807955904572],[-118.444325273881,34.3807926714282],[-118.445920684781,34.3807719755294],[-118.44848328501,34.3807394130718],[-118.448495588326,34.3808640129957],[-118.448759662666,34.3835390336923],[-118.448864246658,34.384599304141],[-118.44887034157,34.3846610584037],[-118.448873084842,34.3846888606215],[-118.4625155007,34.3846121946836],[-118.462564587126,34.3856263897623],[-118.462675205267,34.3879121369853],[-118.462675432308,34.3879167943556],[-118.462788746894,34.3902493197398],[-118.46283541769,34.3912135190574],[-118.462835454665,34.3912135189162],[-118.465265985108,34.391205915463],[-118.467205334669,34.3911998133879],[-118.471307117373,34.3911868061315],[-118.471387266867,34.3911865513628],[-118.471615643143,34.3911858400052],[-118.471615705484,34.3911868630063],[-118.471642746335,34.3916279723639],[-118.471643307832,34.3916370621726],[-118.471812247163,34.3917671961966],[-118.471816842448,34.3917707420884],[-118.47182909595,34.3917786847231],[-118.471830405558,34.3917798777687],[-118.471830650296,34.3917796938045],[-118.472658559748,34.3923152120964],[-118.472660207895,34.3923162658784],[-118.472903397662,34.392471417759],[-118.473006915999,34.3925370343851],[-118.474848823534,34.3915462419718],[-118.474922477965,34.3915065500565],[-118.474925637949,34.3915043902199],[-118.475923586192,34.3908235506084],[-118.476016636329,34.3907600669751],[-118.476787341786,34.3902342432587],[-118.477042048188,34.3900604646604],[-118.47746428643,34.389747470577],[-118.478236680702,34.3891748267209],[-118.47824556261,34.3891682618586],[-118.480032193123,34.3878436643664],[-118.481375655347,34.386847560759],[-118.481382329306,34.3868432699924],[-118.483323256179,34.3855868791494],[-118.485498428318,34.3841780356575],[-118.485974715218,34.3838695219103],[-118.486283443798,34.3836694157473],[-118.486579759353,34.3834773534403],[-118.487167173503,34.3830966058207],[-118.487167754567,34.3830961139511],[-118.487266455674,34.383012264709],[-118.491337206976,34.3795685544423],[-118.493538778048,34.3777013389383],[-118.493588423749,34.3776581821495],[-118.493711731877,34.3777537226785],[-118.493989738245,34.3779689908381],[-118.494221154278,34.3781494091331],[-118.494109133997,34.3782615130891],[-118.494021861336,34.3783559838913],[-118.493893506946,34.3785076388555],[-118.493821125292,34.3785979270141],[-118.493735685406,34.3787212429559],[-118.493627137505,34.3788600989727],[-118.493567988912,34.3789455188832],[-118.493472744275,34.3790919052345],[-118.49329233494,34.3794096633793],[-118.493241521836,34.3795039852509],[-118.49315317755,34.3796970546421],[-118.493039754691,34.3798524145636],[-118.49247741614,34.3810260842618],[-118.490968920562,34.3841743247866],[-118.490886984501,34.3843312860597],[-118.490841165299,34.384431083332],[-118.490828066791,34.3844575946789],[-118.490692371732,34.3847727804828],[-118.490641701836,34.3848928494422],[-118.490561633818,34.3850862124121],[-118.490542018189,34.3851323188646],[-118.490509524909,34.3852430536311],[-118.490415036885,34.3855199553883],[-118.490403659424,34.3855584663992],[-118.490190909385,34.3862978255152],[-118.490025084545,34.386844968943],[-118.489839589422,34.387430004764],[-118.489821686634,34.3874857217693],[-118.489764839151,34.3876827560798],[-118.489638020723,34.3880995729053],[-118.489568025992,34.3883162497061],[-118.489491396143,34.3885312547533],[-118.489413014769,34.3887301031587],[-118.489398290755,34.3887627802032],[-118.489336171187,34.3889090294472],[-118.48925270807,34.3890896799889],[-118.489021703593,34.3895464344473],[-118.488666244461,34.3902598978917],[-118.488140710612,34.3913659801262],[-118.487904867235,34.3918481670572],[-118.487642576286,34.3923414270673],[-118.487537586249,34.3925273314482],[-118.487496550421,34.3925948196028],[-118.487304501939,34.3929143443401],[-118.487053189099,34.3933028066344],[-118.486949667325,34.3934567748602],[-118.48684940318,34.393599713136],[-118.486740848625,34.3937427062424],[-118.486619083342,34.3938946594491],[-118.486470926001,34.3940680406609],[-118.486167912669,34.3944031247356],[-118.486022108439,34.3945551295326],[-118.485916120856,34.3946656256208],[-118.485909268458,34.3946727680076],[-118.485643929954,34.3949314450919],[-118.485500508319,34.3950656217371],[-118.485350474511,34.3952012256639],[-118.485188858521,34.3953416574962],[-118.485086585813,34.3954251937574],[-118.484884805944,34.3955899163726],[-118.48485233516,34.395616421565],[-118.484685678648,34.3957448626008],[-118.484515678814,34.3958685097706],[-118.48440506342,34.3959435015649],[-118.484322510286,34.3959987898867],[-118.484094613981,34.3961422328352],[-118.483617299196,34.3964343988268],[-118.483209252344,34.3966668486188],[-118.483007661355,34.3967741286295],[-118.482584536862,34.3969794910962],[-118.482359706243,34.3970810358763],[-118.482121600838,34.3971812374382],[-118.481898371807,34.3972699217856],[-118.481671796924,34.3973599343517],[-118.481481602776,34.3974328216074],[-118.481289737525,34.397502281244],[-118.481077966149,34.3975697577361],[-118.480829749787,34.3976411449927],[-118.480623092437,34.3976957589258],[-118.480671287358,34.3978237843878],[-118.480669567749,34.3978360196424],[-118.480668421701,34.3978396510656],[-118.480667679936,34.397844737769],[-118.480667682501,34.3978448053741],[-118.480667649368,34.3978466031688],[-118.480667688846,34.3978474134934],[-118.480667692457,34.397847473882],[-118.480667730738,34.3978482652792],[-118.480667902331,34.397849730497],[-118.480667908648,34.3978498828316],[-118.480668982977,34.3978545575465],[-118.480670189684,34.3978576702757],[-118.480672158912,34.397862310791],[-118.48072470631,34.3979861394562],[-118.480735197744,34.3980073218316],[-118.480764316071,34.3980661127722],[-118.480787103684,34.3981121215816],[-118.480827496813,34.3981830782111],[-118.480857216774,34.3982352837258],[-118.48089047086,34.3982885092801],[-118.48095987461,34.3983910443233],[-118.480988522524,34.3984304693718],[-118.481033746325,34.3984899807012],[-118.481057659719,34.3985199493682],[-118.481080796627,34.398548043211],[-118.481147054451,34.398624978884],[-118.481149051774,34.3986237412635],[-118.481229879909,34.3987133830292],[-118.481247706673,34.3987314061163],[-118.481325482456,34.3988068039389],[-118.481406641711,34.3988797126613],[-118.481460364176,34.3989244535812],[-118.481491068529,34.3989500245527],[-118.481558057097,34.3990021639517],[-118.481559083829,34.3990012267844],[-118.481647238173,34.399067588559],[-118.481709301734,34.39911061848],[-118.481715656513,34.3991149142995],[-118.48181537107,34.3991808405661],[-118.481860633583,34.3992107648173],[-118.481924320184,34.3992528704154],[-118.48195073947,34.3992703381633],[-118.481950653863,34.3992703925957],[-118.482375180118,34.3995528535393],[-118.482501898691,34.3996383965351],[-118.482554378714,34.399676689621],[-118.482628281421,34.3997346374636],[-118.482687645231,34.399784958438],[-118.482745150104,34.3998373008158],[-118.482796625996,34.399887522415],[-118.482839803925,34.3999324029748],[-118.482890832382,34.3999891002478],[-118.482949963293,34.400060540509],[-118.483005122813,34.4001341377084],[-118.483056450715,34.4002096136214],[-118.483091905871,34.4002665351209],[-118.483144186289,34.4003601334905],[-118.483189988262,34.4004555039269],[-118.48321716866,34.4005185779887],[-118.483234508601,34.4005633522072],[-118.483256076062,34.4006251648394],[-118.483273917763,34.4006833068353],[-118.483293789177,34.4007510375929],[-118.483310612625,34.4008083821757],[-118.483314597113,34.4008322732337],[-118.483336326126,34.4008952887581],[-118.483354619209,34.400940664091],[-118.483373270394,34.4009819576406],[-118.48340258108,34.4010394715086],[-118.483434500049,34.4010945606575],[-118.483471274697,34.4011508412025],[-118.483508784178,34.401202168471],[-118.483547789739,34.4012503992962],[-118.483580544538,34.4012875571242],[-118.483608743435,34.4013174459948],[-118.483644449727,34.4013528421534],[-118.483685763531,34.4013907862154],[-118.483720921025,34.4014208185968],[-118.483763452154,34.4014546720146],[-118.483804505558,34.4014850279432],[-118.483842847796,34.4015115054478],[-118.483872974405,34.4015311324927],[-118.483950977429,34.4015775685854],[-118.484027185824,34.4016181851625],[-118.484084240113,34.401648211177],[-118.484350632307,34.4017883614204],[-118.484918795132,34.4020872931884],[-118.485064017025,34.4021637008931],[-118.485189231778,34.4022296657423],[-118.485277076556,34.4022810083386],[-118.48533294993,34.402318209313],[-118.485384475211,34.402357706749],[-118.485442988415,34.4024038637865],[-118.485510390437,34.402467816695],[-118.485556503626,34.4025149564117],[-118.485610552483,34.4025792674487],[-118.485657013365,34.4026429317962],[-118.485695295492,34.4027033103279],[-118.485730249452,34.4027672398064],[-118.48575227437,34.4028136347957],[-118.485772189783,34.4028614293015],[-118.485790182807,34.4029115628776],[-118.485810402552,34.4029809506556],[-118.485821602177,34.4030303622644],[-118.485828842729,34.4030708266597],[-118.485834999641,34.4031168308282],[-118.485839399223,34.4031699813021],[-118.485840864714,34.4032343992103],[-118.485839332256,34.4032802962486],[-118.485835270115,34.4033297798154],[-118.485829278137,34.4033754819564],[-118.485812972918,34.4034577619708],[-118.485799966317,34.403506231979],[-118.485799154279,34.4035148908811],[-118.485794893907,34.4035234815571],[-118.485729291784,34.403746240764],[-118.485757307094,34.4037522012986],[-118.485670408454,34.4040582791983],[-118.48561693984,34.4042470811632],[-118.485575710019,34.4044182162781],[-118.485562647994,34.4044882061468],[-118.485544283388,34.4046225734021],[-118.4855341441,34.4047575424037],[-118.485532250961,34.4048927614713],[-118.485531913513,34.405085142518],[-118.485531426672,34.4053543548711],[-118.48553075965,34.4054560291773],[-118.485530768683,34.4054562725559],[-118.485406179313,34.4054578269959],[-118.48540131649,34.4054578771118],[-118.485401477124,34.4054652852925],[-118.485408653815,34.4055565812722],[-118.485423099445,34.4056472819912],[-118.485444749744,34.4057369937331],[-118.485473509986,34.405825322902],[-118.485509257195,34.4059118814232],[-118.485554032298,34.4060021442618],[-118.485604651218,34.4060902605667],[-118.485660965608,34.4061759694794],[-118.485722807599,34.406259020136],[-118.48578999739,34.4063391680302],[-118.485860140434,34.4064176335096],[-118.485924602013,34.4064993771599],[-118.485983159682,34.4065841195037],[-118.486035610481,34.4066715656591],[-118.486081773169,34.4067614152474],[-118.48613582681,34.4068681324805],[-118.486167979218,34.4069694282017],[-118.486192994469,34.4070720976188],[-118.486210786774,34.4071757966932],[-118.486221299677,34.4072801749568],[-118.48622449195,34.4073848827806],[-118.486220358251,34.4074895685876],[-118.486208911724,34.4075938798236],[-118.486190189457,34.4076974665417],[-118.486074730989,34.4080923026657],[-118.486005258533,34.4083298806827],[-118.485939022403,34.4086522405531],[-118.485831136935,34.4090881858575],[-118.485685195943,34.4097164323065],[-118.485646791545,34.4098817510751],[-118.485636128878,34.4099913952897],[-118.485633124856,34.4101013676472],[-118.485637792599,34.4102113011707],[-118.485650113661,34.4103208254019],[-118.485670048982,34.4104295789794],[-118.485697529012,34.4105371952528],[-118.485740485008,34.4106776799374],[-118.485745359815,34.4106936248098],[-118.485799096217,34.4108849201285],[-118.485807509659,34.4109148697061],[-118.485867803651,34.411129511943],[-118.485952316055,34.411406589439],[-118.486004257853,34.4115768815612],[-118.486041178225,34.4117176418489],[-118.486125688582,34.4120398383878],[-118.486164257044,34.4121868811434],[-118.486183384079,34.4123368119082],[-118.486195257699,34.4124298821356],[-118.486186553483,34.4125121316793],[-118.48617525752,34.4126188818296],[-118.486115257577,34.4128648809687],[-118.486095257056,34.41293288193],[-118.486000257534,34.4132638810268],[-118.485981257185,34.4133528810362],[-118.48597160505,34.4133980001018],[-118.485987874099,34.4133975977389],[-118.485938580206,34.4135988169702],[-118.485923622248,34.4136805839789],[-118.485921042939,34.4136979083053],[-118.485912230897,34.4137649114821],[-118.485857287157,34.4141059427223],[-118.485943852171,34.4161853979612],[-118.486058851607,34.4165590870285],[-118.486078173292,34.4166244123925],[-118.486099994284,34.4166855337935],[-118.486124247883,34.4167427652319],[-118.486147852222,34.4167994637556],[-118.486179837427,34.4168584041568],[-118.486209790659,34.4169181054771],[-118.486271784648,34.4170298339698],[-118.486303233986,34.4170800622445],[-118.48633035579,34.4171233813657],[-118.486385467067,34.4171918573826],[-118.486432195067,34.4172438797144],[-118.486622526695,34.4174718781756],[-118.486702608249,34.4175584423436],[-118.486789318354,34.4176425943934],[-118.486874290875,34.4177143860924],[-118.48695754695,34.4177772549143],[-118.487047434436,34.4178383922474],[-118.487436851642,34.4180893876774],[-118.487561667882,34.4181698366892],[-118.487919407793,34.4183902867676],[-118.488140760857,34.4185353944017],[-118.488247309098,34.4186105295543],[-118.488345563444,34.4186839724676],[-118.48843885673,34.4187612226302],[-118.48853715415,34.4188436201677],[-118.488638829475,34.4189352645903],[-118.488742181983,34.4190303379218],[-118.488775527877,34.4190628202054],[-118.488837226418,34.4191237146024],[-118.488920620082,34.4192082337063],[-118.489142607563,34.4194597848643],[-118.489165875067,34.419470684355],[-118.489279302311,34.4195873660731],[-118.489799665554,34.420111489469],[-118.489883155804,34.4202124668568],[-118.489975007693,34.4203254432046],[-118.490041873571,34.4204192852698],[-118.490103794026,34.4205159032746],[-118.490122224733,34.4205498428343],[-118.49015572563,34.4206081017171],[-118.490191013382,34.4206869615685],[-118.490203034276,34.4207467866627],[-118.490205310066,34.4208007487869],[-118.490237540571,34.4209873129954],[-118.49026081095,34.4211161619507],[-118.490205698304,34.4211179452522],[-118.490213259822,34.4212078825202],[-118.490215105981,34.421265739209],[-118.490110938334,34.4212688142729],[-118.489831043095,34.4212695049428],[-118.489611541981,34.4212664884052],[-118.489464676208,34.4212594027592],[-118.489391864699,34.421255889367],[-118.48917232249,34.4212458654675],[-118.488953101615,34.4212338619069],[-118.488718727484,34.4212165061872],[-118.488515526821,34.4211996005509],[-118.488448787416,34.4211930005236],[-118.488297377153,34.4211780289063],[-118.48807970596,34.4211534320966],[-118.487862614559,34.4211256447359],[-118.48764205304,34.421094353147],[-118.487493670285,34.4210711229142],[-118.486958609268,34.4209500557207],[-118.486701698667,34.4208698359778],[-118.486409862212,34.4207699959031],[-118.485764735196,34.4205492871537],[-118.485200680578,34.420358279947],[-118.485151109628,34.4203414933039],[-118.485011830153,34.420294328439],[-118.485011237035,34.4202621550172],[-118.485009065707,34.4201442771454],[-118.484762678457,34.4200618367269],[-118.484571275068,34.419990098262],[-118.484494180514,34.4199564264635],[-118.484209500556,34.4198047322803],[-118.484134297913,34.4197564180797],[-118.484098825862,34.419735016571],[-118.483969440978,34.4196484833509],[-118.483786201051,34.4195020928095],[-118.48373907246,34.4194589520886],[-118.483540032022,34.4192430608291],[-118.483462335771,34.4191387031999],[-118.483406439179,34.4190533729928],[-118.483294967061,34.4188436765481],[-118.483248673191,34.4187305371131],[-118.483220831352,34.4186384840847],[-118.483174452494,34.4184129415403],[-118.483158206946,34.4182101283582],[-118.483158249326,34.4181328467804],[-118.483157981895,34.4181326909786],[-118.483157524406,34.4181324025066],[-118.483154586235,34.4181305543432],[-118.483127980012,34.4181138169392],[-118.483038678704,34.4180576409364],[-118.482997817356,34.4180319368065],[-118.482996613046,34.4180311789033],[-118.48295126969,34.4180026554739],[-118.482884080695,34.4179603894492],[-118.48284389093,34.4179351081187],[-118.482800099189,34.4179075602282],[-118.482734383244,34.4178662204451],[-118.482688291063,34.4178372256904],[-118.48268556036,34.4178355074127],[-118.48264220983,34.4178082371856],[-118.482587068525,34.4177735491437],[-118.482536601436,34.4177418013202],[-118.482533618519,34.4177399235692],[-118.482527804049,34.4177754446529],[-118.482519695355,34.4178282581962],[-118.482514600486,34.4178640594985],[-118.482510457903,34.4178967386016],[-118.482508522775,34.4179134851054],[-118.482503665735,34.4179616121528],[-118.4825014865,34.4179874885737],[-118.482500123086,34.4180058393388],[-118.482500409261,34.4180058508219],[-118.482496319266,34.4180755954364],[-118.482495351304,34.4181056871252],[-118.482448257052,34.4180518815073],[-118.482413485281,34.4180071215498],[-118.482361958476,34.4179407958769],[-118.482253278076,34.4178008986603],[-118.48212017528,34.4176295636225],[-118.481979812991,34.4174488840242],[-118.481978257739,34.4174468824853],[-118.481837258481,34.4172898822748],[-118.481722164927,34.4171622456971],[-118.481580867041,34.417005546587],[-118.481470257761,34.4168828819642],[-118.481359664109,34.416742345143],[-118.481289596696,34.4166769851156],[-118.481268396682,34.416657209316],[-118.481115928156,34.4165149830623],[-118.481003257907,34.4164098817873],[-118.480901280903,34.4163175010463],[-118.48090124919,34.4163174723229],[-118.480698397072,34.4161337078234],[-118.48056616098,34.416013912932],[-118.480442205651,34.4159016210299],[-118.480307749307,34.4157798152136],[-118.480101075684,34.4155925849262],[-118.47993785695,34.4154447200778],[-118.479685256561,34.4152158819419],[-118.479585989179,34.4151244765644],[-118.479348603128,34.4149058911342],[-118.479043117956,34.4146245983803],[-118.478852001986,34.4144486160888],[-118.478777022125,34.4143795723068],[-118.478588733692,34.4143312565775],[-118.47840727505,34.4142778713302],[-118.478375139096,34.4142676989446],[-118.478330492971,34.4142531186983],[-118.478286277472,34.4142385096914],[-118.477469132668,34.4134926012473],[-118.477349675918,34.4133835673725],[-118.477332111916,34.4133679470797],[-118.47729804698,34.413336562565],[-118.477195488579,34.4132429053372],[-118.476936090784,34.4130061141648],[-118.476476208832,34.4125863079076],[-118.476253409039,34.4123829203313],[-118.476188017067,34.4123234666047],[-118.476063298625,34.4122100282929],[-118.475993771102,34.4122623188695],[-118.475325545093,34.4116517215593],[-118.475386789297,34.4116063335308],[-118.475239474292,34.4114743815655],[-118.475173437167,34.4114152300336],[-118.475031335714,34.4112878993957],[-118.47492067132,34.4111905089928],[-118.474807959482,34.4110947465638],[-118.474693269667,34.4110005856868],[-118.474548364468,34.4108872257339],[-118.474438184827,34.4108063815786],[-118.474429269194,34.4107998415579],[-118.474302283862,34.4107100395517],[-118.474289491187,34.4107013537027],[-118.474151162254,34.4106074235938],[-118.473922739841,34.4104600480958],[-118.473688847279,34.4103186905474],[-118.473449715925,34.4101834870472],[-118.473343717676,34.4101264188991],[-118.473133143242,34.4100180150509],[-118.472997970719,34.409952536395],[-118.472919128451,34.4099143446927],[-118.472701828149,34.4098154793257],[-118.472481113848,34.4097214005005],[-118.47232450645,34.4096600452818],[-118.472177975316,34.4096038993707],[-118.472030295607,34.4095498466108],[-118.471580800321,34.4094006818463],[-118.471501173779,34.4093768879907],[-118.471428927107,34.409355299401],[-118.471276137582,34.4093121200728],[-118.471106182031,34.4092673330838],[-118.4710659874,34.4092567420099],[-118.471091777575,34.4091914617351],[-118.470935601802,34.4091531859615],[-118.470778642842,34.4091171930102],[-118.470620935342,34.409083456599],[-118.470502970696,34.4090600632838],[-118.470263823751,34.4090165000549],[-118.470230825629,34.4090104885467],[-118.47018844115,34.4090038652161],[-118.470016337213,34.4089769696891],[-118.469957007054,34.40896769923],[-118.469890142918,34.4089589618904],[-118.469749503485,34.408940582584],[-118.469681765285,34.4089317304141],[-118.469591772653,34.4089214840567],[-118.469524383081,34.4089148464227],[-118.469393125874,34.4089019189269],[-118.469345682517,34.4088972450688],[-118.469311132847,34.4088946137615],[-118.469098900938,34.4088784535293],[-118.468851603056,34.4088651204766],[-118.468688880674,34.4088593196865],[-118.468526072463,34.408855853986],[-118.468363243835,34.408854751971],[-118.468200329199,34.4088559579995],[-118.468099549014,34.4088585657004],[-118.467934501116,34.4088628376128],[-118.467677479309,34.4088759050804],[-118.467436129547,34.4088881759477],[-118.467409908215,34.4088895094064],[-118.467329175991,34.4088942109984],[-118.467297632965,34.4088960481618],[-118.463840790505,34.4090973767916],[-118.463046517363,34.4091057156738],[-118.46142620799,34.409121920799],[-118.461057103067,34.4091255991281],[-118.460284955068,34.4091332921835],[-118.46008047564,34.409135638535],[-118.460081506383,34.4091345735183],[-118.460179902492,34.4090328631824],[-118.459693197605,34.4090634219346],[-118.458868722389,34.4091122943854],[-118.458682847689,34.4091233074647],[-118.458671903125,34.4091237680707],[-118.458130407035,34.4091574469216],[-118.458028628661,34.4091630061542],[-118.458015309961,34.4091637425213],[-118.457674148981,34.4091826581554],[-118.45742198974,34.4091982170382],[-118.457280805249,34.4092039513081],[-118.457232638974,34.4092056015082],[-118.457183040492,34.4092075158287],[-118.457136914866,34.4092085777099],[-118.457088037457,34.4092094822593],[-118.45704027026,34.4092099210193],[-118.456991353705,34.4092100350313],[-118.456972946379,34.4092105515515],[-118.456956185143,34.4092093426401],[-118.456924955375,34.4092100481042],[-118.456895255183,34.4092096001441],[-118.456848256296,34.4092085177497],[-118.456800064631,34.4092055393945],[-118.4566934757,34.409199717522],[-118.456630276407,34.4091951584247],[-118.456567188523,34.4091896892265],[-118.456503676882,34.4091835093783],[-118.45646426308,34.4091794836225],[-118.456462176564,34.4091792462581],[-118.4560290659,34.4092069651056],[-118.455926525959,34.409213527042],[-118.455882520144,34.4092163420757],[-118.455472460224,34.4092425812174],[-118.455382079784,34.409212061984],[-118.455364798981,34.4092061415806],[-118.455364175623,34.4092059284543],[-118.455311064761,34.4091877410576],[-118.454833076454,34.4091909608227],[-118.454833204071,34.4092788888178],[-118.454834834337,34.4094758842422],[-118.454836033737,34.4096208564237],[-118.454836472423,34.4096770997185],[-118.454837186358,34.4097604475195],[-118.453196831694,34.4098539397289],[-118.453184742653,34.4098555941414],[-118.452208389238,34.4099129916126],[-118.45205922036,34.4099217715118],[-118.452052305493,34.409922175029],[-118.449917700579,34.410044691326],[-118.448452451907,34.4101339878772],[-118.447206831201,34.4102080604645],[-118.447167391744,34.4102104047277],[-118.446952554413,34.410223181647],[-118.446944745673,34.4102236440619],[-118.446897578093,34.4102386427038],[-118.446886617335,34.4102420034422],[-118.446864530756,34.4102487769117],[-118.446855072034,34.4102517020811],[-118.446841370592,34.4102563693196],[-118.446831376833,34.4102289003302],[-118.446514764021,34.410249595437],[-118.446502489658,34.4102503979151],[-118.446238440734,34.4102676568549],[-118.446234729691,34.4102681384054],[-118.44612874049,34.4102819927432],[-118.446127639274,34.4102821212057],[-118.446106807986,34.410352288509],[-118.445966322694,34.4107423193273],[-118.445822772616,34.4111495715215],[-118.445695251027,34.4115113489467],[-118.445569579396,34.4118814009216],[-118.445388533705,34.4124357610907],[-118.445306808347,34.4126541873435],[-118.445167467554,34.4129483663625],[-118.44510185817,34.4130805069944],[-118.445041146321,34.4131978697036],[-118.444929494309,34.4133998893913],[-118.444879860759,34.4134857857037],[-118.444849361016,34.4135385696964],[-118.444725810525,34.4137523698998],[-118.444617348742,34.4139313767545],[-118.44449895916,34.4141138583434],[-118.444365669099,34.4143001853554],[-118.444352092448,34.4143186092588],[-118.444202718594,34.4145213037592],[-118.444122022733,34.4146222257809],[-118.44407687432,34.4146735297017],[-118.444026450111,34.4147307877175],[-118.443907772149,34.414858994724],[-118.443733006446,34.4150416827662],[-118.443439485864,34.415337108855],[-118.443310843631,34.415463651403],[-118.443183826911,34.4155829611778],[-118.442903252215,34.4158203051089],[-118.442746416109,34.4159452217587],[-118.442566424482,34.4160794796446],[-118.442359947928,34.4162227905946],[-118.442086396184,34.4164060149743],[-118.442201689434,34.4164472843139],[-118.442401934924,34.4165195269331],[-118.442869103815,34.416688065876],[-118.443245687245,34.4165159920671],[-118.44330549081,34.4164886788096],[-118.443305834941,34.4165159363262],[-118.443308552992,34.4167276236433],[-118.443559774207,34.4167761119403],[-118.443628388079,34.416789196487],[-118.44367263187,34.4167785633399],[-118.443925973099,34.4167195703842],[-118.444120357704,34.4166790614697],[-118.444189279946,34.4166646982759],[-118.444292895,34.4166448916217],[-118.444671232762,34.4165725796941],[-118.444921346971,34.416530447053],[-118.445042776692,34.4165143933041],[-118.44504255671,34.4164762718524],[-118.445457176353,34.4164762643816],[-118.445509239632,34.4164726338083],[-118.44567696917,34.4164607033572],[-118.445904023954,34.4164475070063],[-118.446114337781,34.41644770459],[-118.447459416191,34.4164489613971],[-118.447464677204,34.4165121845922],[-118.447466349762,34.4165588643553],[-118.44746681191,34.4166448996372],[-118.44746716529,34.4167106859669],[-118.447454527369,34.416827871594],[-118.44741839526,34.4168912087204],[-118.447406842769,34.4169018281303],[-118.44739570232,34.4169198953938],[-118.447351000195,34.4169996693227],[-118.447328018778,34.4170299500574],[-118.447278502367,34.4170827002054],[-118.44724230388,34.4171333141746],[-118.447224308726,34.4171787213704],[-118.447221261156,34.41722888133],[-118.447223208599,34.4172828147233],[-118.447231606034,34.4173337267338],[-118.447270489061,34.4175046935797],[-118.447277776513,34.4176398102359],[-118.447276704623,34.4176741878708],[-118.447272288431,34.4177786261154],[-118.447241039695,34.4181342359624],[-118.447236469982,34.418209484907],[-118.447229415722,34.4184389593833],[-118.446965808404,34.4184399310652],[-118.44679177886,34.4184495010314],[-118.446699006059,34.4184622126762],[-118.44661123698,34.418480724325],[-118.446559927785,34.4184974004883],[-118.446407712352,34.4185553398158],[-118.446353088635,34.4185716674765],[-118.446270273689,34.4185867564552],[-118.446187416306,34.4185939282639],[-118.446104522134,34.4185942331688],[-118.446028236767,34.418591081576],[-118.445875636712,34.4185768583803],[-118.445769544062,34.4185796698518],[-118.44561887447,34.4185879117696],[-118.445529215997,34.4185929092742],[-118.445503233612,34.4185933788453],[-118.445503105882,34.4186736419594],[-118.445503588385,34.4190445654097],[-118.445500363073,34.4191105163314],[-118.445540592229,34.4194539385439],[-118.445557336801,34.4195775746674],[-118.44555439187,34.4198633274779],[-118.44555421257,34.4200584128038],[-118.44565410112,34.420058324416],[-118.445972436987,34.4200580288808],[-118.4460420671,34.4200579684812],[-118.446048698899,34.4200579720413],[-118.446204529702,34.4200578190074],[-118.44624763066,34.4200577857591],[-118.446446579826,34.4200575990865],[-118.446645511663,34.420057426576],[-118.446688612548,34.4200573796483],[-118.446695245436,34.420057383169],[-118.446701877159,34.4200573722692],[-118.446721773497,34.4200573548891],[-118.446784770725,34.4200572914455],[-118.446834251025,34.4200572489151],[-118.446960499018,34.4200571326639],[-118.447229076121,34.4200568846507],[-118.447302029235,34.4200595663626],[-118.447729745502,34.4200591774381],[-118.447729844878,34.4201325159377],[-118.447730402471,34.4205455181893],[-118.44773079068,34.420831272282],[-118.447732622729,34.421005742937],[-118.447734582402,34.4211912046172],[-118.447734871175,34.4214082622018],[-118.447735230429,34.421669398207],[-118.447735452558,34.4218396493071],[-118.447735492891,34.4218781194007],[-118.447735541593,34.4219055979656],[-118.447735571341,34.4219358244747],[-118.447735635026,34.4219907826301],[-118.447735906172,34.4221831057928],[-118.447736790052,34.422853529779],[-118.447737826461,34.4236201287689],[-118.447734295063,34.4236201372961],[-118.44772445473,34.4236201483745],[-118.447223661237,34.4236206101293],[-118.446978294508,34.4236208293594],[-118.446781424538,34.423621008313],[-118.446328379251,34.4236214185109],[-118.446298772313,34.4236214526194],[-118.446295233275,34.4236214566251],[-118.445978317761,34.4236237978224],[-118.445665461497,34.4236247475377],[-118.445542765671,34.423624866503],[-118.445035446727,34.4236253260624],[-118.444879674461,34.4236254656352],[-118.444402123481,34.4236258917992],[-118.443762144816,34.4236292192389],[-118.44335466972,34.4236295859374],[-118.443122218826,34.4236297754021],[-118.442760768718,34.4236301053903],[-118.442482261427,34.4236303562514],[-118.442170552505,34.423630613011],[-118.441845612175,34.4236308847114],[-118.441666565144,34.4236337960124],[-118.441205673665,34.4236342066302],[-118.441163667444,34.4236342286894],[-118.441162562122,34.4236342327094],[-118.441169770926,34.4240875929668],[-118.441171689136,34.424218263231],[-118.441173402555,34.424334916299],[-118.441173677628,34.4245684295279],[-118.441174443716,34.4246019430413],[-118.441178078796,34.4247607655444],[-118.441182585817,34.4251371987548],[-118.441197627099,34.4263932411419],[-118.441198985145,34.4265066670959],[-118.441199739076,34.4265085088904],[-118.441199251627,34.4265078859009],[-118.441199001698,34.4265077380569],[-118.4412035267,34.4268858867762],[-118.441206835138,34.4271629383891],[-118.441207621256,34.4272287753897],[-118.441207705601,34.4272344285966],[-118.441207695492,34.4272349848793],[-118.441221841949,34.4284156216223],[-118.441236094451,34.4295414428836],[-118.441240303578,34.4297165521429],[-118.44124274917,34.4300627616262],[-118.441251814855,34.4308325421447],[-118.441251896587,34.4308383170667],[-118.440545188192,34.4308402571895],[-118.440545418671,34.4308583239713],[-118.440565716547,34.4324262113481],[-118.440569501549,34.4326719454991],[-118.440641437718,34.432653118968],[-118.44080850502,34.4325755689121],[-118.440897821309,34.432531608351],[-118.441173964645,34.4323863429677],[-118.441226860842,34.4323552343294],[-118.44131113314,34.4322992842925],[-118.441400311426,34.4322306218634],[-118.441710572723,34.4319519575147],[-118.441946465757,34.4317199138156],[-118.44241994241,34.4312641039374],[-118.442773592676,34.4309332060407],[-118.442881863692,34.4308318878135],[-118.442890184895,34.4308241015468],[-118.443013938261,34.4307102999454],[-118.443126143615,34.4306068467233],[-118.44326973569,34.4304816482329],[-118.443980966389,34.4298310975253],[-118.444250790592,34.429584288689],[-118.444860427647,34.4290266471108],[-118.446163954275,34.4278337617298],[-118.446232392617,34.4277712834689],[-118.446238931019,34.427765314707],[-118.446832293791,34.4272237395601],[-118.447009017602,34.4270624379404],[-118.447299375938,34.4267974176088],[-118.447585126759,34.4265365984893],[-118.447876266354,34.4262708598571],[-118.448462228526,34.4257360113386],[-118.448772586907,34.4254527223391],[-118.449128663823,34.4251259103244],[-118.449414840418,34.4248632497251],[-118.449713502836,34.4245891278342],[-118.449932595894,34.4243880351871],[-118.450152871152,34.4241858568119],[-118.450282281943,34.4240670763569],[-118.450646835384,34.4237324679447],[-118.450777949847,34.4236127340125],[-118.450787057646,34.4236044159731],[-118.451179738321,34.4232458161686],[-118.451418489664,34.4230280477325],[-118.451610486672,34.4228529232511],[-118.451970013392,34.4225249900426],[-118.452078892707,34.4224239578071],[-118.452273575703,34.4222463231965],[-118.452492938151,34.422034604776],[-118.452705653236,34.4218208507563],[-118.4527715834,34.4217484729539],[-118.452890179448,34.4216054950055],[-118.453031781724,34.4214246251926],[-118.453156830941,34.4212479641079],[-118.453170031232,34.4212278998384],[-118.453269492742,34.4212598301646],[-118.453393116186,34.4212898589161],[-118.453417041069,34.4212963867443],[-118.453517665294,34.4213238409132],[-118.45418743977,34.4215065802289],[-118.454306860427,34.4215394374754],[-118.45447104729,34.4215841984243],[-118.454565029221,34.4216098203548],[-118.45486523052,34.4216916649425],[-118.455245560244,34.4217953587721],[-118.455772989771,34.4219391561563],[-118.455773206962,34.4220874089892],[-118.455773220764,34.4220964927932],[-118.455773367435,34.4221960684671],[-118.45577362666,34.4223732775072],[-118.455774133544,34.4227249847125],[-118.455774328396,34.4227621857764],[-118.455778695803,34.4235987242754],[-118.456979019094,34.4235945363576],[-118.457322073955,34.4235933372308],[-118.457976697182,34.4235910477372],[-118.458325230105,34.4235906959721],[-118.458699923404,34.4235903137005],[-118.458703269189,34.4236095451922],[-118.458703617103,34.4236452617504],[-118.458707182095,34.4240107048879],[-118.458710925757,34.4243074387367],[-118.458714683472,34.4246096827019],[-118.458712403731,34.4247443254935],[-118.458712413059,34.4247553043379],[-118.458715288493,34.4250259447547],[-118.45871735644,34.4253034561051],[-118.458719252698,34.4254545712514],[-118.458721324835,34.4257389630845],[-118.458724231299,34.4260247085656],[-118.458726444114,34.4267887969688],[-118.458726498211,34.4268075089992],[-118.458793050564,34.4268070355298],[-118.462992956589,34.4268034463336],[-118.462993439036,34.4271795202751],[-118.462993951678,34.4275790321705],[-118.465991924393,34.4275723587307],[-118.466354881412,34.4275716508751],[-118.466620201882,34.4275761236225],[-118.466978332535,34.4275726872954],[-118.467076193389,34.4275791838282],[-118.467179039874,34.4275863417396],[-118.467293505556,34.4275968914532],[-118.46736213361,34.4276053899774],[-118.46740906016,34.4276112855121],[-118.467509619417,34.4276261357314],[-118.467549051505,34.4276319591233],[-118.467617109764,34.4276461231368],[-118.467634015525,34.4276502924721],[-118.467754921819,34.4276799429679],[-118.46795757908,34.4277454682878],[-118.467859355353,34.4279697963415],[-118.467808766586,34.4281142576301],[-118.467774656972,34.4282407914538],[-118.467752068921,34.4283521684254],[-118.467723683568,34.428612276686],[-118.467714576071,34.4287620773391],[-118.467708869037,34.4289276561491],[-118.467711319016,34.4290684753312],[-118.467723615581,34.4291907083868],[-118.467741158741,34.4292794535641],[-118.467739298735,34.4293025968028],[-118.467774600102,34.4294110324224],[-118.467813351496,34.4295207953078],[-118.467858739872,34.4296319101273],[-118.467957840188,34.4298572115875],[-118.468011488169,34.4299617538579],[-118.468063385659,34.4300498399466],[-118.468120237394,34.4301341195513],[-118.468260581643,34.4303228279081],[-118.468347413205,34.4304307038258],[-118.468449215805,34.4305477833289],[-118.468544288368,34.4306463369752],[-118.468630977464,34.4307287674449],[-118.468719246625,34.4307974839242],[-118.468807479872,34.4308599871064],[-118.468904004813,34.430922816084],[-118.469117000998,34.431055621571],[-118.469331576822,34.4311753357105],[-118.469423031063,34.4312199972498],[-118.469637436239,34.4313094875849],[-118.470076163362,34.431480575433],[-118.470483343035,34.4316452434248],[-118.470692744206,34.4317271973545],[-118.471769696561,34.4321602841262],[-118.471940536254,34.4322293271434],[-118.471937270171,34.4323952725893],[-118.471939254209,34.4326063888026],[-118.47193997141,34.4326941701782],[-118.471940239986,34.4327267821245],[-118.471943361163,34.4331078483845],[-118.471944767439,34.4332726838863],[-118.471946718054,34.4335007445472],[-118.471949524124,34.4338290740831],[-118.471953657386,34.4343318903297],[-118.471933487587,34.4343320661599],[-118.471435450006,34.4343362581984],[-118.471075566405,34.4344921610424],[-118.470611737722,34.4343655260083],[-118.470584437397,34.4345757343616],[-118.47058243341,34.434590800454],[-118.470574266973,34.4346538962228],[-118.470514574054,34.4346545397516],[-118.470245361717,34.4344525707806],[-118.470116037087,34.4347905115823],[-118.470008256922,34.4347916711568],[-118.469642550238,34.4343508752109],[-118.46961860491,34.4343510706813],[-118.46961568728,34.4343569653848],[-118.469537683747,34.4344862254057],[-118.46937551898,34.4345118037811],[-118.469091080057,34.4349560267044],[-118.468750082379,34.4349331908548],[-118.468662781465,34.4350786985042],[-118.468646638318,34.4350684013425],[-118.468535536121,34.4349976607045],[-118.468263944013,34.4351267054532],[-118.468055917826,34.4351061851463],[-118.467973456918,34.4351452755198],[-118.467938562782,34.4355989752945],[-118.467782801373,34.4355721242871],[-118.467809863484,34.4359264416466],[-118.46765024877,34.4359635763463],[-118.467575826573,34.435980921118],[-118.467592308595,34.43796495978],[-118.467592237464,34.4379772912289],[-118.467590314356,34.4381599763645],[-118.467590173315,34.4381761359936],[-118.467587993551,34.4383844301731],[-118.467585747022,34.4385988586402],[-118.467583678161,34.4387980324739],[-118.467581841946,34.4389719750947],[-118.467579991577,34.4391509564379],[-118.467578452212,34.4392967619551],[-118.467576432907,34.4394923646144],[-118.46757083949,34.4400262471732],[-118.46756892926,34.4402110490328],[-118.467556491661,34.4415534160037],[-118.466269356303,34.4415523688023],[-118.46569675198,34.4415519048915],[-118.465530479434,34.4415517433332],[-118.464871871104,34.4415512187385],[-118.463183701183,34.4415498139672],[-118.463181123908,34.4420239733871],[-118.46318047823,34.4421561604262],[-118.463165945139,34.4451299988679],[-118.459272190479,34.4451381153251],[-118.458807027285,34.4451427141194],[-118.45446981089,34.44518127372],[-118.454458934667,34.4451813703532],[-118.454457109243,34.4461663275164],[-118.454455655008,34.4469714491543],[-118.454452420037,34.4487725334628],[-118.453876988831,34.4487759981245],[-118.452274125254,34.4487856227257],[-118.450547754783,34.4487959796187],[-118.450091682536,34.448798697282],[-118.450091749856,34.449259727895],[-118.450091775907,34.4494842047626],[-118.450089126888,34.4524045676469],[-118.450089126778,34.4524049498968],[-118.450089126157,34.4524050364461],[-118.450089125025,34.4524056323628],[-118.450072324893,34.4540415853614],[-118.450072193771,34.4540543749765],[-118.450052914593,34.4559297008136],[-118.450052602957,34.4559600376055],[-118.450051789324,34.4560380465441],[-118.45003741431,34.4574167687442],[-118.450034206619,34.4577244048136],[-118.450028231434,34.4583119919732],[-118.450017199593,34.4593967824863],[-118.450015946812,34.4595200156476],[-118.449499298046,34.4595287451203],[-118.448115911909,34.4595534579636],[-118.447296686897,34.4595680857274],[-118.447164703006,34.4595704419117],[-118.447148266371,34.4595707350716],[-118.447147751604,34.4595707441806],[-118.447147800407,34.4595707115457],[-118.445429827821,34.4596017071747],[-118.445297167022,34.4596040962671],[-118.445207622597,34.4596057112958],[-118.443774183132,34.4596315337115],[-118.443490729066,34.4596366250235],[-118.44348913966,34.4590752600465],[-118.443487699697,34.458573414487],[-118.443486732022,34.4582270506569],[-118.443485948964,34.4579564165656],[-118.443485018024,34.4576263459587],[-118.443484030894,34.457279186123],[-118.443482483164,34.4567352321677],[-118.443480523154,34.4560470518173],[-118.443142280054,34.4560515140745],[-118.443078623041,34.4560523541543],[-118.442716798952,34.4560571267071],[-118.442351050503,34.4560619566615],[-118.442129813203,34.4560648887481],[-118.44127965165,34.4560760952965],[-118.44127440715,34.4546889561551],[-118.441273624109,34.4544818556217],[-118.441266238306,34.4525255106767],[-118.441266150711,34.452502204604],[-118.43922906459,34.4525240172091],[-118.439174018575,34.45252460591],[-118.439167953719,34.4525246666262],[-118.439021436169,34.4525261199863],[-118.437488547908,34.4525429750513],[-118.436966738768,34.4525487074966],[-118.436961145154,34.4525487691099],[-118.436959741312,34.4525487849836],[-118.436957797694,34.4525488064071],[-118.436899107176,34.4525494504733],[-118.436889298765,34.4525495588124],[-118.436856879737,34.4525499144369],[-118.436855503097,34.4525499293099],[-118.436855539929,34.4525453331708],[-118.436855572488,34.4525411670775],[-118.436857457066,34.4523027512443],[-118.436853408281,34.4514746119322],[-118.436853337971,34.4514599659069],[-118.436853273677,34.4514468813123],[-118.436852117356,34.4512105057549],[-118.436852009423,34.4511884808305],[-118.436855257052,34.4508124277763],[-118.436855775125,34.4507524875961],[-118.436855803933,34.4507490589684],[-118.436855805239,34.450748893082],[-118.436855806025,34.4507488353811],[-118.436283620222,34.450752075952],[-118.436287425105,34.4497752755256],[-118.436644812665,34.4497763528873],[-118.436646148351,34.4494933447321],[-118.436647028037,34.4492850481266],[-118.436648752421,34.448876520133],[-118.435159472532,34.4488777485522],[-118.435153574167,34.4494945848939],[-118.435151365152,34.4496978701185],[-118.435150571652,34.4497707293229],[-118.434237487503,34.4497677663363],[-118.43413645766,34.4497674372782],[-118.434140930308,34.4493401269576],[-118.434110417491,34.4493401594965],[-118.434116636945,34.4491341237986],[-118.433993004441,34.449081998667],[-118.43355576244,34.4488996466675],[-118.433457099318,34.4488585061816],[-118.433463572619,34.4481755657969],[-118.433466669436,34.4478487387652],[-118.4334771188,34.4468364970346],[-118.433477121852,34.4468362472995],[-118.432630477897,34.4464944206223],[-118.432628658904,34.4464936860493],[-118.432622248811,34.4464910980696],[-118.43252903097,34.4464534615049],[-118.432495730804,34.4464400166664],[-118.432499666123,34.445935739993],[-118.432503677304,34.4454219834262],[-118.432507116693,34.445085399673],[-118.432507120919,34.4450849561043],[-118.432510412753,34.4447627099262],[-118.432512246069,34.4445832994985],[-118.43251258658,34.4445499668572],[-118.432516452879,34.4441715577039],[-118.432520314216,34.4437934568818],[-118.432522271559,34.443601687803],[-118.432524222891,34.4434106489836],[-118.432524248297,34.4434082075451],[-118.432526191001,34.4432180234059],[-118.432528096099,34.4430314951092],[-118.432531970935,34.4426520328948],[-118.432535419262,34.4423142806568],[-118.432537428443,34.4421176304795],[-118.43253744354,34.442116137489],[-118.4325389301,34.4419707610888],[-118.432540138646,34.4418523099256],[-118.432540653166,34.4418019926994],[-118.432541129771,34.4417552700156],[-118.432541132225,34.4417551140419],[-118.432542025885,34.4416675928517],[-118.432543670042,34.4415064706314],[-118.432543695646,34.4415038579009],[-118.432545375297,34.441339514379],[-118.43254616643,34.4412620050628],[-118.432546191924,34.4412595807528],[-118.432547268503,34.4411540652331],[-118.432547709781,34.4411108081615],[-118.432548648153,34.4410189089691],[-118.432548750107,34.4410089980659],[-118.432549638299,34.4409221034552],[-118.432550098421,34.4408770279259],[-118.432550101783,34.4408766276338],[-118.432550360416,34.4408512107251],[-118.432551454548,34.4407442580979],[-118.43255176274,34.4407141368191],[-118.432552980191,34.4405948931669],[-118.432553067147,34.4405862850304],[-118.432554820429,34.440414545969],[-118.43255706599,34.4401947075213],[-118.432557335972,34.4401683340457],[-118.432557380267,34.4401638731078],[-118.432558481011,34.4400561018608],[-118.432559545634,34.4399520612809],[-118.432562679539,34.4396451578172],[-118.432562989156,34.4396146840318],[-118.432563044049,34.4396093305394],[-118.432564260132,34.4394904583139],[-118.432565475068,34.4393715752731],[-118.432568293004,34.4390956062887],[-118.432568575654,34.4390679021046],[-118.432568643826,34.4390611250456],[-118.43256897349,34.4390288553358],[-118.43257017097,34.4389116419906],[-118.432572875187,34.4386468848546],[-118.432573688944,34.4385672469258],[-118.432573930401,34.4385435538035],[-118.432573968107,34.4385399195935],[-118.432574174914,34.4385196109459],[-118.43257424906,34.4385123082722],[-118.432574926517,34.4384460234194],[-118.432575054145,34.438433515109],[-118.432575934764,34.4383472678093],[-118.432576080547,34.4383330176742],[-118.432576774576,34.4382651054962],[-118.432577185725,34.4382248524279],[-118.432577426621,34.4382012611801],[-118.432578347172,34.4381109712669],[-118.432578399879,34.4381058260356],[-118.432578403108,34.4381056096564],[-118.432569791883,34.4381056484736],[-118.432272087183,34.4381071080432],[-118.43224211879,34.4381072553865],[-118.432069030019,34.4381083948272],[-118.432064951564,34.4381081542184],[-118.432050477686,34.4381082255972],[-118.431881871968,34.4381097806397],[-118.431881040684,34.4381097890081],[-118.431837245215,34.4381843816968],[-118.431819262599,34.4381822378515],[-118.431648863069,34.4381627166284],[-118.431242071588,34.4381161079998],[-118.430520931965,34.4380334798054],[-118.430483715156,34.4380213320999],[-118.430388090538,34.437990124057],[-118.430362166877,34.437981664086],[-118.430195182595,34.4379271663976],[-118.42858548193,34.437401791848],[-118.428258400175,34.4372950434212],[-118.428269535899,34.4381185625221],[-118.428270126042,34.4381495289604],[-118.428261097782,34.4387028453568],[-118.428260134781,34.438761881061],[-118.428260038897,34.4387677810238],[-118.428254550253,34.4390549067321],[-118.427233110248,34.4390666614281],[-118.426565666252,34.4390726602598],[-118.425812858997,34.4390814577038],[-118.42391090517,34.4391020891852],[-118.423894475106,34.4400225689078],[-118.418947627216,34.4400694013255],[-118.418883319745,34.4400700624148],[-118.418784719045,34.4400709085603],[-118.41878454897,34.4400706278696],[-118.41528283377,34.4400992940676],[-118.415195432822,34.44010025222],[-118.415170841291,34.4412663912856],[-118.415156565464,34.4419148610187],[-118.415133553673,34.4430139206071],[-118.415126856769,34.4433190576949],[-118.415113684749,34.4439192781177],[-118.415090704475,34.4450183356275],[-118.415078786469,34.4455678703191],[-118.406245536045,34.4457807761357],[-118.406234106041,34.4466600500993],[-118.406206757099,34.4466559369235],[-118.405485265303,34.4465368419253],[-118.40497802329,34.4458103761317],[-118.404702966412,34.4460317550577],[-118.404497490764,34.4461971507601],[-118.40437659074,34.4462944439357],[-118.40417009144,34.4464606322285],[-118.403500706333,34.4466592513247],[-118.403469635089,34.4466684754319],[-118.402978508745,34.4463898812598],[-118.402899755211,34.4464091587736],[-118.402803717398,34.4465713275869],[-118.402701625146,34.4467433557181],[-118.402590086595,34.4469313739936],[-118.402508294223,34.4470688754033],[-118.402454828233,34.4471588001019],[-118.402402938169,34.4472460771642],[-118.402443529615,34.4474631347186],[-118.402511186597,34.4478243951054],[-118.402575322009,34.4481650554442],[-118.402593586818,34.4482653468838],[-118.402772526481,34.449221945571],[-118.402827647969,34.4495167721235],[-118.402831022464,34.4495353937469],[-118.402600482769,34.4495415139826],[-118.402183115508,34.4495509523537],[-118.402085799805,34.4495534160061],[-118.401772111333,34.4495613004021],[-118.401473581717,34.4495697072049],[-118.401143575992,34.4495781352973],[-118.400952038423,34.4495837394019],[-118.400746412001,34.4495893374475],[-118.400658153041,34.4495911651159],[-118.400540743039,34.4495935631561],[-118.400458654839,34.4495958959015],[-118.400441968379,34.4495963593644],[-118.400342505944,34.4495991595644],[-118.400111777501,34.449605930204],[-118.400044904841,34.4496078924524],[-118.399888161959,34.4496117889563],[-118.399877331197,34.4495183693354],[-118.399864815228,34.4494125898795],[-118.399852292354,34.4492985668529],[-118.399835664545,34.4492491330519],[-118.399782451419,34.4490884231263],[-118.399752530621,34.4489977547501],[-118.399673630437,34.4488343274436],[-118.399639677895,34.4487618120067],[-118.399627749464,34.4487368734996],[-118.399620876816,34.4487225320548],[-118.399569164699,34.4487424819269],[-118.399040198582,34.4489567430761],[-118.398941011674,34.4489969132526],[-118.397896333008,34.4491760417905],[-118.397385350004,34.4490728548788],[-118.397366267448,34.4489109836445],[-118.397315001154,34.4484759739467],[-118.397336092687,34.4484682139283],[-118.397387248291,34.4484494703739],[-118.397463511556,34.4484219312672],[-118.397722088125,34.4481058486463],[-118.397778315375,34.4480371300098],[-118.397806402395,34.4479175933005],[-118.397827910528,34.4478310164591],[-118.397927240953,34.4475974279293],[-118.397949177134,34.4475797418903],[-118.398081214809,34.4474733212781],[-118.398102924394,34.4474558261772],[-118.398052977679,34.4473817201834],[-118.397933749699,34.4472048154369],[-118.397839643706,34.4470651497509],[-118.397822343178,34.4470397066941],[-118.397792639099,34.4469953983102],[-118.397720786948,34.4468887664644],[-118.397679497206,34.4468275148058],[-118.397667937603,34.4468103532991],[-118.39764423061,34.4467908109933],[-118.397609362406,34.4467620979304],[-118.397484580979,34.4466593212294],[-118.397471301099,34.4466483489352],[-118.397407623436,34.4466165198368],[-118.39736623147,34.4465957994013],[-118.397344583715,34.4465849581734],[-118.397165210172,34.4464960189941],[-118.396986867325,34.4464068003099],[-118.39680688929,34.4463162199922],[-118.396743846631,34.4462846309811],[-118.3966254487,34.4462253340626],[-118.396441089533,34.4461336901963],[-118.396305035843,34.4460650837536],[-118.396217600208,34.4461001241982],[-118.396168266711,34.4461200783828],[-118.395891406891,34.4462314961211],[-118.395695781575,34.4463099011475],[-118.395500156945,34.4463882986424],[-118.395304538646,34.4464667318609],[-118.395108875225,34.4465451360602],[-118.394913249383,34.4466235100696],[-118.394718451555,34.4467019333572],[-118.394674647233,34.446719249999],[-118.394596772899,34.4467499966357],[-118.394608022869,34.4467703878192],[-118.394618959667,34.4467899100437],[-118.394712356254,34.4469562937574],[-118.394758486848,34.4470384993571],[-118.394785918127,34.4471209037161],[-118.394849945915,34.4473134560262],[-118.394914711674,34.4475055163681],[-118.394966814479,34.4476649157932],[-118.395019843437,34.4478242842322],[-118.395072374883,34.4479821955912],[-118.395127451894,34.4481469737047],[-118.395188398873,34.4483311777748],[-118.395244562142,34.4485000227026],[-118.395306712595,34.4486868381285],[-118.39536927551,34.448874972017],[-118.395424122162,34.449039805733],[-118.395448380211,34.4491125702989],[-118.395463829101,34.4491588243314],[-118.395488120169,34.4492307359339],[-118.395510161118,34.4492976874357],[-118.395555149831,34.4494325439938],[-118.395584497563,34.4495205728717],[-118.395622733797,34.4496373396807],[-118.395693192821,34.4496388931567],[-118.396223912781,34.4496507680811],[-118.396498400212,34.4496575110168],[-118.397227108876,34.4496745556062],[-118.397359971645,34.4496776626927],[-118.397329541887,34.4533732333848],[-118.397157290644,34.4533688803375],[-118.393536487877,34.4532775754727],[-118.393718897909,34.4533971774884],[-118.393931194115,34.4535363824378],[-118.394156236735,34.4536839271349],[-118.393972775149,34.453945677117],[-118.393939562763,34.4539919585848],[-118.393888776447,34.454062731246],[-118.393879381558,34.4540755301052],[-118.393871269162,34.4540865812425],[-118.393538620965,34.4539260072483],[-118.393453165788,34.4539632047013],[-118.3933141082,34.4540237099963],[-118.393065263357,34.4541323149098],[-118.392974896113,34.4541741257359],[-118.392945059356,34.4541983229473],[-118.392729382752,34.4543701585169],[-118.392434029008,34.4546054828766],[-118.392268752734,34.4547371726795],[-118.392385834015,34.454978909802],[-118.392652883007,34.4549813942623],[-118.392754529913,34.4549825239865],[-118.392903350234,34.4549841590108],[-118.392945615954,34.4549841294353],[-118.393147114459,34.4549862516832],[-118.393382660131,34.454988704075],[-118.393572543242,34.4549906982909],[-118.393612978603,34.4549831205036],[-118.394057597432,34.4548997915508],[-118.394097469751,34.4550179328226],[-118.394173098734,34.4552418299584],[-118.393942587372,34.4552776389937],[-118.39394090979,34.4553999242959],[-118.393937845581,34.4556211118835],[-118.394214169811,34.4557533190418],[-118.394313649779,34.4558008913851],[-118.394254294613,34.4558832757833],[-118.39419764126,34.4559618847846],[-118.394070066221,34.45613895925],[-118.393859012955,34.456061495365],[-118.393771544993,34.4560283892806],[-118.393616291435,34.4559716801119],[-118.393373748419,34.4558831385584],[-118.393278573053,34.4558484091085],[-118.39304781818,34.4557636710187],[-118.393027416454,34.4557561831832],[-118.392946131831,34.4557548480125],[-118.392815093821,34.4557539001379],[-118.392768685858,34.455753558121],[-118.392749681417,34.4559513809302],[-118.392725522875,34.4562028343676],[-118.392717426485,34.456287272571],[-118.392699023087,34.4564789729355],[-118.392666581571,34.4568169278513],[-118.392403696479,34.4568124177243],[-118.39235392911,34.4568115896673],[-118.392358996828,34.456964082297],[-118.392359922982,34.4569915561137],[-118.392365839671,34.4571701506793],[-118.392371597682,34.4573432446235],[-118.392377740578,34.4575273341753],[-118.392383284643,34.4577060588567],[-118.39238805953,34.457896391409],[-118.392419797432,34.4588818901376],[-118.392468721603,34.460383346844],[-118.391044673466,34.4603716037308],[-118.388013318257,34.4603465501895],[-118.387840653831,34.4562241183917],[-118.387833048948,34.4560595153445],[-118.387707652563,34.4531292001348],[-118.388839597532,34.4531584776858],[-118.388866124854,34.4531588389349],[-118.388866877707,34.4531354787951],[-118.388872642724,34.452957016082],[-118.388878359274,34.452780997568],[-118.388881287737,34.4526907748302],[-118.388884427097,34.4526037653684],[-118.388890626253,34.4524320555151],[-118.388900318145,34.4521627934767],[-118.38891018737,34.4518935317652],[-118.388912511119,34.4518404530752],[-118.38891984132,34.4516201345197],[-118.388864177519,34.4514704173976],[-118.388840098824,34.4514072405398],[-118.388840135607,34.4513440368869],[-118.388840176705,34.451268473249],[-118.388840303316,34.4510816452572],[-118.388840337128,34.4510541611171],[-118.388840430374,34.4508893197337],[-118.388840693899,34.4504551800798],[-118.388840198197,34.4502779472483],[-118.388840899583,34.4501021079493],[-118.3889179304,34.4499262205541],[-118.388996585872,34.4497489747023],[-118.38907574747,34.4495683238985],[-118.389075835569,34.4495543381854],[-118.389076036007,34.4495236359481],[-118.389076248427,34.4494864147109],[-118.38907623542,34.4494861929762],[-118.389076275239,34.4494800417112],[-118.389076920585,34.4493463517984],[-118.389076165201,34.4489352395272],[-118.389076908012,34.4488070378098],[-118.389076995192,34.4487299702578],[-118.38907990102,34.4486817940072],[-118.389082422114,34.4486486339686],[-118.389086731979,34.4486009634812],[-118.389089417233,34.4485787150323],[-118.389093118339,34.4485498208542],[-118.389095807639,34.4485284387623],[-118.389100579091,34.4485050278619],[-118.38910090304,34.4484998286024],[-118.389102671634,34.4484947419089],[-118.38903780147,34.4484865674921],[-118.38900532961,34.4484827598629],[-118.388990783075,34.448480944839],[-118.388879449021,34.4484365046944],[-118.388878864624,34.4484362712681],[-118.388825727155,34.4484150689922],[-118.388721214568,34.4483739118514],[-118.38895505354,34.4479698234636],[-118.389219025274,34.4475136620499],[-118.389219298401,34.4475131914767],[-118.3877076407,34.4469241086889],[-118.387707639839,34.4469241573742],[-118.387706188757,34.4469235913425],[-118.387702474789,34.4484751657336],[-118.38770160456,34.4488387058704],[-118.387700490417,34.4491758049109],[-118.387699582745,34.4494504335875],[-118.387699533117,34.4494654856856],[-118.387699511271,34.4494720128303],[-118.387699154281,34.4494720049556],[-118.386826770329,34.4494528153573],[-118.385283351185,34.4494188718204],[-118.382729887171,34.4493626251511],[-118.382312857812,34.4493534433317],[-118.382066906599,34.4493480073864],[-118.380636182119,34.4493164788476],[-118.380606725001,34.4493158022456],[-118.380307894194,34.4493092376029],[-118.379448525193,34.449290275119],[-118.379326521194,34.4492875859777],[-118.378739042723,34.4492746351359],[-118.37872601592,34.4492743476396],[-118.378725766681,34.4492743421068],[-118.378726095178,34.4492585147331],[-118.378726560641,34.449235953409],[-118.378741970139,34.4484893614277],[-118.378764319107,34.4474066178781],[-118.378768295232,34.4472139522154],[-118.378768371819,34.447210214235],[-118.378772928477,34.4469884751342],[-118.378777564751,34.4467627122548],[-118.378785953858,34.4463578992926],[-118.378790360185,34.4461452372466],[-118.378792668872,34.44603387671],[-118.378795718839,34.4458866762534],[-118.378795869562,34.4458793806053],[-118.378799300922,34.4457131575829],[-118.378801251314,34.445618727986],[-118.378801258427,34.4456178994581],[-118.378801390691,34.4456091776476],[-118.378801529771,34.4456000402106],[-118.378802040045,34.4455806404046],[-118.378802789586,34.4455454207112],[-118.378804035313,34.4454869868837],[-118.378804566385,34.4454621120231],[-118.378807290242,34.4453348544139],[-118.378811693066,34.4451314934436],[-118.378812663339,34.4450866681629],[-118.378815184106,34.4449702701089],[-118.378822175021,34.4446476214632],[-118.378828721219,34.4443439613153],[-118.3788350785,34.4440499742625],[-118.378836098039,34.4440025884799],[-118.378841896789,34.443733426785],[-118.378844841383,34.4434501993138],[-118.378844896799,34.443444918881],[-118.378845360507,34.443421986122],[-118.37884546535,34.4434168065061],[-118.378845902125,34.4433960861852],[-118.378851019307,34.443296212262],[-118.37884961967,34.4432143577287],[-118.378850814428,34.4431564559526],[-118.378860192718,34.4428627903015],[-118.378862123745,34.4427751366426],[-118.378865222459,34.4426343990645],[-118.37886564982,34.4424293510825],[-118.378869747671,34.4422291021992],[-118.378874282496,34.4421957025852],[-118.378875235396,34.4421886911165],[-118.378875341652,34.4421835836181],[-118.378875670692,34.4421678878576],[-118.378876358442,34.4421365602523],[-118.37888079994,34.4419319676219],[-118.378881239947,34.4419119613002],[-118.378882943354,34.4418336031187],[-118.378883540105,34.4418061929441],[-118.378884154648,34.441777910033],[-118.378894914299,34.4412789634818],[-118.378896444665,34.4412080200189],[-118.378917045409,34.440253950391],[-118.378924351771,34.4399132745524],[-118.378926397208,34.4398185101496],[-118.378930596881,34.4396239594798],[-118.378945457197,34.4389351459258],[-118.378951071532,34.4386748728889],[-118.378953100681,34.4385808468812],[-118.378957248447,34.4383885465747],[-118.37895949206,34.4382845029943],[-118.378962097743,34.4379240568088],[-118.378962689563,34.4378326848827],[-118.378963867744,34.4376506550576],[-118.378967517572,34.4370866265611],[-118.378967851517,34.4370351923203],[-118.378967901224,34.4370274642485],[-118.378968858802,34.4368804135717],[-118.378993659462,34.4369082637013],[-118.379042066518,34.436962623495],[-118.379064508122,34.4369878250725],[-118.379083336799,34.4370103053971],[-118.379128679824,34.43707087275],[-118.379175773999,34.4371470437064],[-118.379191958984,34.4371712740329],[-118.37920543858,34.4371968606009],[-118.379364237494,34.4374983010257],[-118.379490178293,34.4377373643783],[-118.379543676472,34.4378270813844],[-118.379596017386,34.4378985000244],[-118.379637190374,34.4379437632365],[-118.379689155074,34.4380008883515],[-118.37973583665,34.438041468872],[-118.379785845882,34.4380849409832],[-118.37983295436,34.4381198531115],[-118.379898083012,34.4381628126505],[-118.37995575323,34.4381963619018],[-118.379986080356,34.4382121031982],[-118.379985949034,34.4382124164405],[-118.379992060079,34.438215546345],[-118.380007659176,34.4382233588291],[-118.380009077933,34.4382240395481],[-118.380010098653,34.438224529488],[-118.380033878345,34.4382359332838],[-118.380069986706,34.4382521504884],[-118.380073874452,34.4382537917154],[-118.380074722647,34.4382541496702],[-118.380091576442,34.4382612631331],[-118.380131256766,34.4382769209985],[-118.380148703847,34.4382833735761],[-118.38017002307,34.4382909084752],[-118.380170068425,34.4382908326045],[-118.380179254951,34.438294055637],[-118.38021833356,34.4383066122928],[-118.38024787888,34.4383153060084],[-118.380271605756,34.4383218028947],[-118.380285893461,34.4383255102792],[-118.380300680482,34.4383291881493],[-118.380315864356,34.4383327971589],[-118.380326364844,34.4383351947673],[-118.380345086183,34.4383392722977],[-118.380362487466,34.4383428382887],[-118.380378127856,34.4383458607662],[-118.380388417132,34.4383477559776],[-118.380402078652,34.438350158093],[-118.380422341516,34.4383534428408],[-118.38042830887,34.4383544104032],[-118.380463317994,34.4383593545989],[-118.380488625483,34.4383624152624],[-118.380503588041,34.4383640226441],[-118.380519979237,34.4383656138233],[-118.380528785756,34.438366395776],[-118.380548703516,34.4383679749887],[-118.380560855178,34.4383688095535],[-118.380575963597,34.4383697132752],[-118.380598674468,34.4383707914825],[-118.380618395449,34.4383714553464],[-118.380625509322,34.4383716277588],[-118.380625864092,34.4383716365626],[-118.380627282078,34.4383716708797],[-118.380636925868,34.4383718479757],[-118.380648882826,34.4383719835552],[-118.38066760634,34.4383720086511],[-118.380675243653,34.4383719540357],[-118.380680010492,34.4383719003129],[-118.380684899021,34.4383718074422],[-118.380687313363,34.4383717611006],[-118.380699992184,34.4383715157674],[-118.380714687465,34.4383710675715],[-118.380726666685,34.4383705981468],[-118.38074693497,34.4383695906385],[-118.380759532842,34.4383687757859],[-118.380763207447,34.4383685379694],[-118.380772573447,34.4383679315952],[-118.380788824231,34.4383666563129],[-118.380800951976,34.4383655914047],[-118.380815319791,34.4383642048301],[-118.380836286315,34.4383619338745],[-118.380858015998,34.4383592710584],[-118.38086886453,34.4383578234028],[-118.380869580054,34.4383577219882],[-118.380869866045,34.4383576814231],[-118.380882694353,34.4383558615298],[-118.38090352822,34.4383526605998],[-118.380920628156,34.4383498112667],[-118.380930784093,34.4383480069711],[-118.3809321475,34.4383477655879],[-118.380948784779,34.438344396619],[-118.380995091727,34.4383350213422],[-118.381090035245,34.4383103205309],[-118.381135666601,34.4382959889066],[-118.381194150427,34.438275139389],[-118.381209240334,34.4382693861913],[-118.38133117065,34.4382228969546],[-118.381423426178,34.4381877213373],[-118.38156367329,34.4381342478221],[-118.381519296141,34.4380543973127],[-118.381968779611,34.4378830048859],[-118.382115208603,34.4378271690907],[-118.382314963047,34.4377469617056],[-118.382344356825,34.4377342557653],[-118.382451866053,34.4376877801912],[-118.382463231207,34.4376827525904],[-118.382474444705,34.4376778733176],[-118.382368285468,34.437512389486],[-118.38235555624,34.4375075514238],[-118.38228683683,34.4373246680857],[-118.382263219219,34.4373111311993],[-118.382216841843,34.437133827312],[-118.38210992226,34.4371369886056],[-118.382081174279,34.4370859759029],[-118.382080270164,34.4364159803676],[-118.382075304195,34.4356712697425],[-118.382074305606,34.4351160960562],[-118.382204969832,34.4350882319742],[-118.382226626267,34.4350835551215],[-118.382286552146,34.4350706790655],[-118.382337637351,34.435059704222],[-118.382391437891,34.4350481447204],[-118.382405517944,34.4350451189784],[-118.382446799361,34.4350362494125],[-118.38248932105,34.4350271135768],[-118.382497789949,34.4350252937319],[-118.382520791093,34.4350203520445],[-118.382565791149,34.4350106836768],[-118.382595746973,34.4350042469433],[-118.38259921562,34.435003501257],[-118.382604032166,34.4350024673376],[-118.382622356137,34.4349985834522],[-118.382635979819,34.4349956970569],[-118.38265777031,34.4349910792052],[-118.382683147983,34.434985701764],[-118.382688237428,34.4349846228054],[-118.382704896076,34.4349810930529],[-118.382734447913,34.4349748306533],[-118.382739874335,34.4349736803101],[-118.382755635097,34.4349703409016],[-118.382780392067,34.4349650952187],[-118.382787126176,34.4349636675836],[-118.382799413893,34.4349610639581],[-118.382818774871,34.434956961305],[-118.382832018077,34.4349541545214],[-118.382846515708,34.4349510823339],[-118.382870981343,34.4349458979545],[-118.382883398021,34.4349422355168],[-118.382889453688,34.4349404485035],[-118.382899134286,34.4349375934554],[-118.38289928098,34.4349375506204],[-118.382902910247,34.434936478966],[-118.382909955819,34.4349344012391],[-118.383121003276,34.4348721486855],[-118.383452914614,34.4347742576525],[-118.383616540919,34.4347260124368],[-118.38363304586,34.4347205501612],[-118.383808854773,34.4346691486681],[-118.384349075436,34.4343988210538],[-118.384837427997,34.4343746742337],[-118.384838510301,34.4343750737846],[-118.384840489072,34.4343749791576],[-118.385096383215,34.4344673745809],[-118.385214083286,34.4345098713901],[-118.38531493802,34.4345462866737],[-118.385504160745,34.4346146021368],[-118.385690027906,34.4346816910736],[-118.385689452353,34.4346828748099],[-118.385800155306,34.4347206115787],[-118.385896349982,34.4347452149216],[-118.385975871998,34.434756186902],[-118.386041778686,34.4347591334578],[-118.38610717221,34.4347584123816],[-118.386147452394,34.4347557157178],[-118.386192991458,34.4347509486133],[-118.38624100068,34.4347441181377],[-118.386287442634,34.4347334421965],[-118.386337985791,34.4347207076042],[-118.386355609884,34.4347154144875],[-118.386360354481,34.4347138956244],[-118.386369497794,34.4347108860452],[-118.386378665715,34.4347077862339],[-118.386404791888,34.4346982360503],[-118.386413599247,34.4346948146368],[-118.386414202022,34.4346945756143],[-118.386421489176,34.4346915890724],[-118.386437953094,34.4346845957463],[-118.386468806767,34.4346705498831],[-118.386510334668,34.434648806995],[-118.386546855765,34.4346276525175],[-118.386571480133,34.4346112581552],[-118.386601779604,34.4345894076705],[-118.386661243536,34.4345388893154],[-118.386677866378,34.4345227809757],[-118.386679387971,34.4345212399177],[-118.386699808553,34.4344995849739],[-118.386700793628,34.4344984918835],[-118.386705843016,34.4344927871303],[-118.386960049307,34.4345110691793],[-118.386982406137,34.4345129677109],[-118.387109691781,34.4345235557882],[-118.387076538269,34.434071524135],[-118.387076302624,34.4340683469914],[-118.387048768026,34.4336928292285],[-118.387864800358,34.4337884312383],[-118.387946825454,34.4337982534863],[-118.388106753502,34.4338173015689],[-118.388118435961,34.4338186759915],[-118.388396348747,34.4338517246871],[-118.388535579336,34.4338683484387],[-118.389024419431,34.4339247935563],[-118.389090661859,34.4339307827483],[-118.389171071497,34.4339375856165],[-118.389290641032,34.4339460748546],[-118.389517569584,34.4339571781416],[-118.389594272618,34.4339594119529],[-118.389681912911,34.4339609434517],[-118.390005457073,34.4339588787171],[-118.390073855691,34.4339559406956],[-118.390230465939,34.4339492146724],[-118.390257594756,34.4339480491748],[-118.390377920961,34.4339398953545],[-118.390442358807,34.4339355283226],[-118.390593477439,34.43392043617],[-118.390699031627,34.4339098945559],[-118.390709969183,34.4339083321378],[-118.390846164128,34.4338914621326],[-118.390857557849,34.433889956831],[-118.390876522747,34.4338873768512],[-118.391092201737,34.433853742518],[-118.391148508497,34.4338457005391],[-118.391185259166,34.4338392307571],[-118.391213373356,34.4338342808482],[-118.391566601818,34.4337600397341],[-118.391712049034,34.4337294698815],[-118.391992242813,34.4336527785631],[-118.39213161429,34.433611885476],[-118.392152841173,34.4336049147419],[-118.392381503251,34.4335291121144],[-118.392409230604,34.4335199205747],[-118.392610351843,34.4334458771317],[-118.392804180681,34.433365174819],[-118.393615329774,34.4330034830698],[-118.394621727619,34.4325495571545],[-118.395591513657,34.4321114135481],[-118.397545848055,34.4312316873439],[-118.397547664435,34.4312308700134],[-118.397576145642,34.4312180497597],[-118.397656923913,34.4311816804776],[-118.399516681903,34.4303441183557],[-118.401764201031,34.4293318506056],[-118.401867852314,34.429293037129],[-118.401980768842,34.4292472059929],[-118.402070867254,34.42921055585],[-118.402148327468,34.429179575798],[-118.402458053303,34.429059666388],[-118.402586554965,34.4290113785939],[-118.402654513074,34.4289859876929],[-118.402752003258,34.4289507792979],[-118.402813498622,34.4289285588135],[-118.402892596437,34.4288999709199],[-118.402951222542,34.4288795250933],[-118.403069265965,34.428838474761],[-118.403205983285,34.428791934125],[-118.403268575963,34.4287710115731],[-118.403335755419,34.4287484735198],[-118.403393668103,34.428729258638],[-118.403432855812,34.4287166916911],[-118.403477810751,34.4287022754404],[-118.403578623477,34.4286698572872],[-118.403623172967,34.4286555288784],[-118.40364954526,34.4286472714494],[-118.403784353919,34.4286057355023],[-118.404210691344,34.4284797735747],[-118.404211963739,34.4281045897537],[-118.404213769914,34.4276831384436],[-118.404214198239,34.4275774757069],[-118.404217102388,34.4270823132983],[-118.403553915191,34.4270791599572],[-118.403556790487,34.4265296307901],[-118.404219965207,34.42653201153],[-118.404221549541,34.4261942176488],[-118.404224186575,34.4256321516113],[-118.402659157884,34.4256549978774],[-118.402462613473,34.4258268428837],[-118.402372400678,34.4258926231073],[-118.402304951232,34.4259406054614],[-118.402236500236,34.425987574171],[-118.402167051086,34.4260335562691],[-118.402096667841,34.4260785244956],[-118.402025350371,34.4261224518034],[-118.401953099901,34.4261653661344],[-118.401879982662,34.42620723932],[-118.401805963572,34.4262480155798],[-118.401731111306,34.4262877226323],[-118.401655424781,34.4263263604795],[-118.401578969013,34.4263638748127],[-118.401501713672,34.4264002927769],[-118.401423688001,34.4264355863263],[-118.401344928996,34.4264697562385],[-118.40126550058,34.4265027464057],[-118.401185336651,34.4265346111372],[-118.401104570912,34.426565325648],[-118.401023134542,34.4265948315648],[-118.400941097452,34.4266231863534],[-118.400858457196,34.4266503332242],[-118.400775280149,34.4266762737596],[-118.400691567394,34.4267010061519],[-118.400607350625,34.4267245591444],[-118.40052263053,34.4267468488914],[-118.400437473744,34.4267679310668],[-118.400351879056,34.4267877786277],[-118.400265880189,34.4268063905605],[-118.400179479198,34.426823740713],[-118.400092771949,34.4268398540112],[-118.399871276198,34.4268724994682],[-118.399507485226,34.4269261158671],[-118.398732069323,34.4269600341225],[-118.397600061613,34.4270095421363],[-118.397603211252,34.4267645208126],[-118.397617278549,34.4256700623761],[-118.397629064395,34.4247908141333],[-118.397634853734,34.4243364620105],[-118.397635304584,34.4242989514095],[-118.397635346025,34.4242937305042],[-118.39763607371,34.4241959317752],[-118.397639281068,34.4240063453938],[-118.397639989161,34.4239046719443],[-118.397640775471,34.4238401215064],[-118.397641349415,34.4237659542252],[-118.397643210675,34.4235168260869],[-118.397642836164,34.4235165433322],[-118.397666651881,34.4202601056157],[-118.397693919319,34.4166055195225],[-118.397694254799,34.4165643652884],[-118.397694297607,34.4165478112169],[-118.397697940776,34.4160189425415],[-118.397706703878,34.4147439833412],[-118.39770877629,34.4144341253572],[-118.397713834636,34.4136733292092],[-118.39771910486,34.4129236662534],[-118.397725145551,34.4120503691065],[-118.39772604738,34.4119195979892],[-118.397732531126,34.4109794155519],[-118.397743635426,34.4093746190298],[-118.397744023282,34.40931619485],[-118.397744267165,34.4092843456138],[-118.397773678951,34.4065938552646],[-118.397828093349,34.4016564553934],[-118.397866428119,34.3994069518349],[-118.397873526407,34.3990909223061],[-118.397986406179,34.3991545751586],[-118.398070939519,34.3992022799847],[-118.398082507065,34.3992088105813],[-118.398272676206,34.3993160915405],[-118.398585928926,34.3994928220852],[-118.399101360227,34.3997835868359],[-118.399763418874,34.4001572308802],[-118.399933800833,34.4004043328197],[-118.400080558034,34.4006171992171],[-118.400231522666,34.4008361161629],[-118.400461671468,34.4011699657341],[-118.400549338715,34.4012971223094],[-118.400630262804,34.4014145474136],[-118.40072975183,34.4015588137625],[-118.400829059133,34.4017081905192],[-118.400822258941,34.4017829807292],[-118.400786794162,34.402177579907],[-118.400777360641,34.402277912932],[-118.400736090264,34.4027328221825],[-118.400931215898,34.4029240603987],[-118.401346650792,34.4033314340254],[-118.40090859126,34.4036383097026],[-118.400980454432,34.4037087072099],[-118.401623749943,34.4043388802611],[-118.401690572997,34.4044043329049],[-118.401729791697,34.4044386352386],[-118.401938170494,34.4046208423553],[-118.402062177425,34.4047332563246],[-118.402169362841,34.4048304233341],[-118.402222376191,34.4048785029651],[-118.40244291978,34.40507963081],[-118.402620962026,34.4052396497293],[-118.402717358955,34.4053262725847],[-118.40286200908,34.4054577756605],[-118.40308298758,34.4056586809261],[-118.403452511571,34.4059945893843],[-118.403751715168,34.4062665922011],[-118.40383413404,34.4063415272568],[-118.403972263186,34.406467111428],[-118.403987033988,34.4064639059588],[-118.404458941382,34.4063616480594],[-118.405452299056,34.4061464420287],[-118.405754765858,34.4060808806773],[-118.406387661817,34.4059437326262],[-118.406560807731,34.4059062210009],[-118.406860291411,34.4058413286112],[-118.406885027889,34.4058359698503],[-118.407117388227,34.4057856174505],[-118.407429228371,34.4057180451874],[-118.408120772451,34.4051502315448],[-118.408168523085,34.4049015271968],[-118.408273402327,34.4043574514549],[-118.408278342857,34.4043299840413],[-118.40836743337,34.4041017503651],[-118.408487527387,34.4037940448224],[-118.408593708075,34.403522041666],[-118.408596090018,34.4035160411498],[-118.408523146169,34.4034942705547],[-118.408494785928,34.4034855644197],[-118.40844116872,34.4034670688536],[-118.4083454302,34.4034296792302],[-118.408298327759,34.4034079837599],[-118.408255509565,34.403388262631],[-118.408204879223,34.4033628863215],[-118.408171631854,34.4033434620062],[-118.408109963398,34.403307549628],[-118.40809088642,34.4032963789198],[-118.408041461304,34.4032623374578],[-118.408018709074,34.4032467174169],[-118.408000206608,34.4032340319889],[-118.407915122057,34.4031657196575],[-118.40787594582,34.4031342698199],[-118.40784936516,34.4031128919102],[-118.407828676191,34.4030956917194],[-118.40772969482,34.4030140463387],[-118.407608053261,34.4029135105897],[-118.407552099296,34.4028674572089],[-118.407537623703,34.4028554766995],[-118.407535874429,34.4028543015696],[-118.407508978244,34.4028359799415],[-118.407494381806,34.402825975092],[-118.407449871982,34.4027954139202],[-118.407441733341,34.4027908136949],[-118.40741812811,34.4027775349846],[-118.407379065579,34.4027556949482],[-118.40732245221,34.4027266673271],[-118.407338535949,34.4027034051365],[-118.407433132236,34.4025650887777],[-118.407318663312,34.4024428900424],[-118.407157739976,34.4022726530179],[-118.406902241192,34.4020021545072],[-118.406698197867,34.4017852070688],[-118.406493530111,34.4015700229768],[-118.406461504771,34.4015357783022],[-118.406450608761,34.4015241922569],[-118.406289686176,34.4013529344467],[-118.406168149914,34.401223612754],[-118.406085602659,34.4011360122592],[-118.40600143542,34.4010464905557],[-118.405957440134,34.4009997896715],[-118.40588196482,34.4009201592588],[-118.405779960914,34.4008116864697],[-118.405763363732,34.4007938537841],[-118.405677923561,34.4007032146086],[-118.405259407764,34.4006524566557],[-118.405233536193,34.4006493282451],[-118.404895427049,34.4006083055344],[-118.404839001023,34.4006014619618],[-118.404578013966,34.4005697921227],[-118.404518804267,34.4005626277272],[-118.404293739262,34.4005353252761],[-118.404248135102,34.4005297877321],[-118.403845377012,34.4004809259967],[-118.403671363345,34.4004598244051],[-118.40368658177,34.4003925356021],[-118.403697815364,34.4003430364927],[-118.403762173461,34.4000586093986],[-118.403834178843,34.3997435722855],[-118.403853080025,34.3996626634522],[-118.403823256094,34.3996576772229],[-118.40380350655,34.3996539835953],[-118.403783832986,34.3996500336761],[-118.403764219989,34.3996457887507],[-118.403744738197,34.399641236864],[-118.403725319375,34.3996364368429],[-118.403706032857,34.3996313325616],[-118.403686849447,34.3996259583756],[-118.403667790977,34.3996203313413],[-118.403648834383,34.399614404656],[-118.403630039596,34.39960820156],[-118.403611343543,34.3996017240663],[-118.403597595797,34.3995967410705],[-118.403574866262,34.3995881214297],[-118.403553947954,34.3995797950661],[-118.40353232136,34.3995707435186],[-118.403509756183,34.399560799868],[-118.403487042611,34.39955008229],[-118.403119323277,34.3993769550441],[-118.403072952509,34.399355116283],[-118.403118826628,34.3993203872926],[-118.403159970282,34.399289176468],[-118.403249647969,34.3992200372188],[-118.403491177342,34.3990338921085],[-118.404111155761,34.3991297061949],[-118.40429370362,34.398799159104],[-118.404349472435,34.3986981808423],[-118.403238828815,34.3985257150414],[-118.403672382476,34.3978919011012],[-118.403848025078,34.3976351311771],[-118.403847824317,34.3973603436012],[-118.403847672661,34.3971867899328],[-118.403847311145,34.3967558681341],[-118.403845797386,34.3949122924435],[-118.403845387486,34.3945714627895],[-118.402841541365,34.3945459356996],[-118.402218032242,34.3945300595802],[-118.401559615871,34.3945130039623],[-118.400994832945,34.3944989131405],[-118.400961908686,34.3944980871248],[-118.400242391114,34.3944797424589],[-118.398150749599,34.3944264474409],[-118.397928695291,34.3944208043151],[-118.3979312231,34.3938053264906],[-118.397931497754,34.39374487508],[-118.397936479793,34.3926155873198],[-118.397937561033,34.3923699222528],[-118.397939967325,34.3918187484262],[-118.397944804747,34.3907910764558],[-118.397952155585,34.3892201456335],[-118.397952969771,34.3890435947574],[-118.397954084073,34.3888051003308],[-118.397957355917,34.3884775687791],[-118.397960250562,34.387930789109],[-118.39796033197,34.3875520735284],[-118.39796034951,34.3874719487737],[-118.397961974829,34.3871257374173],[-118.397964326773,34.3866256408987],[-118.3980079222,34.3845046560923],[-118.398007931028,34.3845042278348],[-118.39800794689,34.3845034506607],[-118.398026098391,34.3838127341984],[-118.398038427659,34.3833442288353],[-118.398042481795,34.3831901578287],[-118.39804923344,34.3829335708686],[-118.3980735093,34.3820103746376],[-118.398075186902,34.3819465829062],[-118.398077970544,34.3818407120573],[-118.398078659784,34.3818144985994],[-118.398079284626,34.3817907384265],[-118.398079283446,34.3817900361354],[-118.398333802892,34.3817797521028],[-118.401870408258,34.381636676994],[-118.404833292473,34.3815167406518],[-118.405590474618,34.3814860658681],[-118.405595181468,34.3809544478964],[-118.405596426366,34.38081589416],[-118.405597312632,34.3807292167995],[-118.405597315231,34.3807188031697],[-118.405598016718,34.3806383974986],[-118.405620040464,34.3780542156984],[-118.405633880962,34.3745581209978],[-118.405634245385,34.3744629880606],[-118.405677478555,34.3706807671886],[-118.405718830485,34.3670824235135],[-118.405721649446,34.366776174433]]]},"properties":{"OBJECTID":10160,"Date":null,"Code":"08SK005","DivisionName":"CITY OF SANTA CLARITA 5TH COUNCIL","division_type":"CITY COUNCIL","group_type":"CD","District":"CITY OF SANTA CLARITA","Shape__Area":578159424.45410156,"Shape__Length":236300.25905574448,"GlobalID":"209d5d27-d00c-4b68-bed6-22b2fbda8b69","CreationDate":1788987057416,"Creator":"RRCCgis_lacounty","EditDate":1788987057416,"Editor":"RRCCgis_lacounty"}}]}