{"type":"FeatureCollection","crs":{"type":"name","properties":{"name":"EPSG:4326"}},"features":[{"type":"Feature","id":10345,"geometry":{"type":"Polygon","coordinates":[[[-118.506624461123,34.3351974796197],[-118.507084126674,34.3387842353587],[-118.506999823267,34.3389897966466],[-118.506023157838,34.3413624858399],[-118.506019041693,34.3413724848773],[-118.506002905247,34.3413721709069],[-118.504677420289,34.3445759439997],[-118.504688578017,34.3445765836042],[-118.504583048262,34.3448595069852],[-118.504529158456,34.3450039813093],[-118.504331190235,34.3455558164612],[-118.5042378205,34.3458090498975],[-118.504108838031,34.3463558266478],[-118.504027503016,34.3466972669643],[-118.50398550596,34.3468858823289],[-118.503950282172,34.347243828225],[-118.503893567139,34.347852322868],[-118.503944972234,34.3487442212381],[-118.503970199917,34.3491114576141],[-118.50408924459,34.3497740835661],[-118.50415090699,34.3499837361109],[-118.504303614037,34.3505054869875],[-118.504455875572,34.3509532952578],[-118.504543741297,34.3512153153361],[-118.504662708664,34.3515602754908],[-118.505026767565,34.3526158761582],[-118.505430812811,34.3537949298566],[-118.506010501713,34.3554789368502],[-118.506244832832,34.3561768595307],[-118.506389646491,34.3568155225756],[-118.50644498162,34.3574020816553],[-118.506490523344,34.3582701502899],[-118.50649715904,34.3584156273876],[-118.506457147048,34.358931026055],[-118.506326426997,34.3596662527139],[-118.506272937437,34.3598573022401],[-118.50612371234,34.3603874679109],[-118.50581150714,34.3610781312533],[-118.505711908512,34.3612550609848],[-118.505193786949,34.362142177734],[-118.504940438387,34.3625797486726],[-118.504680087442,34.3630486334224],[-118.504126649808,34.3640453402047],[-118.503525271474,34.3651190023327],[-118.505082424166,34.3655143632465],[-118.505116903914,34.3655231177594],[-118.505642449315,34.3656570941503],[-118.506315523847,34.3658733405221],[-118.506590373617,34.3659619421726],[-118.506743090319,34.3660083479412],[-118.506987078177,34.3660791271677],[-118.507071708294,34.3661004019929],[-118.507148233636,34.3661238509218],[-118.507187605679,34.3661398435703],[-118.507210852875,34.3661492818756],[-118.507244404797,34.3661628836362],[-118.507252707642,34.3661666308475],[-118.507361375799,34.3662157850396],[-118.507487019268,34.3662790087053],[-118.5075917462,34.3663352319315],[-118.507664617563,34.3663741635407],[-118.507699420946,34.3663927526574],[-118.507781244165,34.366436469936],[-118.508271697346,34.3667102186284],[-118.508364544595,34.3667709220662],[-118.508975376152,34.3671702856177],[-118.50943118517,34.3674682461952],[-118.509576029834,34.3675629138286],[-118.509774211271,34.3676924394866],[-118.510264627669,34.3680129494514],[-118.510409340171,34.3681047218091],[-118.510731298705,34.3682963861362],[-118.510740901256,34.3683021029057],[-118.510886617941,34.368388851598],[-118.511222540014,34.3685862400506],[-118.511380508837,34.3686790633396],[-118.511758026365,34.3689062320738],[-118.512077438525,34.369115097747],[-118.512143363682,34.3691579073953],[-118.512247158175,34.3692254764285],[-118.512390194186,34.3693184976425],[-118.512633109173,34.3694806374662],[-118.512745975258,34.3695558046486],[-118.512821036042,34.369603912399],[-118.512887478092,34.3696461406701],[-118.513102230917,34.3697826273145],[-118.513242353506,34.3698667472452],[-118.513288262292,34.3698943085455],[-118.513373311659,34.369945334315],[-118.513388711455,34.3699543575113],[-118.513431512951,34.3699794391618],[-118.513885483415,34.370242325507],[-118.514174851656,34.3704135322445],[-118.514377741027,34.370532890838],[-118.514761334724,34.3707625722355],[-118.51477023744,34.3707679030959],[-118.514993093196,34.3709016014035],[-118.515355677949,34.3711219554081],[-118.515741588257,34.3713621268021],[-118.516327151948,34.3717343678847],[-118.516730830539,34.3719808451654],[-118.517203710975,34.3722695731188],[-118.517365017345,34.3723695885271],[-118.517775920947,34.3726243599298],[-118.517973841286,34.3727426879746],[-118.518281464988,34.3729158669749],[-118.518633953178,34.3731094579438],[-118.51893981577,34.3732647815223],[-118.519139222012,34.3733556494455],[-118.519323633476,34.3734324848125],[-118.519372424478,34.3734508276602],[-118.519684050288,34.3735679832592],[-118.520285528805,34.3738291990909],[-118.520665760928,34.373994531672],[-118.520740791197,34.3740271561487],[-118.521262494488,34.3742502393255],[-118.521563227494,34.3743787837235],[-118.521909570008,34.3745254962863],[-118.521991882815,34.3745603641243],[-118.522352404711,34.3747106304459],[-118.523008062406,34.3749793778473],[-118.523026902108,34.3749869930082],[-118.523204714197,34.3750676185007],[-118.523225145032,34.3750768504361],[-118.523233889263,34.3750876050225],[-118.523300960711,34.3751750226703],[-118.523409260352,34.3752228758364],[-118.523695260208,34.3753428751886],[-118.523812468292,34.3753920571475],[-118.523950261442,34.3754498760263],[-118.524043567511,34.3754885229001],[-118.524119260074,34.3755198757693],[-118.524343907449,34.3756124705893],[-118.524306372181,34.3755611243836],[-118.524899691945,34.3758262680912],[-118.525220359612,34.3759619438808],[-118.525242856742,34.3759709943315],[-118.52539646368,34.3760329559509],[-118.525469552739,34.3760621790092],[-118.52553599977,34.3760869763112],[-118.525660612829,34.3761403508063],[-118.525723782723,34.376172721623],[-118.525806944212,34.3762207817376],[-118.525888481303,34.3762746953247],[-118.525975047087,34.376338211874],[-118.526031682334,34.3763843485392],[-118.526080031279,34.3764308520016],[-118.526330239943,34.3766908166091],[-118.526330415351,34.376690699549],[-118.526330894757,34.376695675768],[-118.52631726054,34.3767028751525],[-118.526393260559,34.376801875886],[-118.526453226169,34.3768812989559],[-118.52669526199,34.3772018745383],[-118.526952261054,34.3775328749137],[-118.527532261731,34.3782798760852],[-118.527804262508,34.3786198743647],[-118.527804525561,34.3786202040845],[-118.527997262601,34.3788608746029],[-118.52809926132,34.3789928754836],[-118.528512840969,34.3795268941207],[-118.528645261954,34.3796978761042],[-118.529166261784,34.3803738754047],[-118.529226366097,34.3804546262763],[-118.529297262417,34.3805498754384],[-118.529361318886,34.3806356476924],[-118.529541317716,34.3808766625867],[-118.529592261247,34.380944875915],[-118.529632263419,34.3810058760225],[-118.529723262739,34.3811458751726],[-118.529753355134,34.3812004508957],[-118.529782261688,34.381252875311],[-118.529813262006,34.3813508760036],[-118.529826261199,34.3814128757533],[-118.529837204097,34.3814683672603],[-118.529866933309,34.3814539912095],[-118.530065176038,34.3813576435081],[-118.530449456817,34.3811711670538],[-118.530788790848,34.3810065195],[-118.53095397534,34.3809237110348],[-118.530970503891,34.380915738458],[-118.531302497001,34.3807428851412],[-118.531384703227,34.38069788874],[-118.531475884938,34.3806479999497],[-118.531634492103,34.3805734567488],[-118.531826269727,34.3805004870714],[-118.531892422986,34.3804799347617],[-118.532036309383,34.3804349891451],[-118.532221590748,34.3803857488198],[-118.532397723783,34.3803470594332],[-118.532627088116,34.3803059947852],[-118.532807557629,34.3802797801861],[-118.533041087713,34.3802591785217],[-118.533080829962,34.3802555707179],[-118.533412009678,34.3802159726254],[-118.53378463028,34.3801782827481],[-118.534173865624,34.3801477173132],[-118.534538307713,34.3801265124458],[-118.534762498199,34.3801177110273],[-118.534882909741,34.380112984078],[-118.535578742832,34.3800858707762],[-118.536259574164,34.3800450803715],[-118.536726668666,34.380009681665],[-118.536945305173,34.3799929095476],[-118.537679650722,34.3799456372875],[-118.537781819012,34.3799390536599],[-118.538096567247,34.3799211697245],[-118.538128599456,34.3799193822378],[-118.538270504675,34.3799114660378],[-118.538517364891,34.3798991392815],[-118.538547164468,34.3798976509955],[-118.538945847745,34.3798777637928],[-118.539294562695,34.3798603667385],[-118.539335716192,34.3798583156777],[-118.539978457153,34.3798228062829],[-118.540318758967,34.3798031033546],[-118.540649308401,34.3797839640512],[-118.540684264171,34.3798548738476],[-118.540741264366,34.3799708759017],[-118.541078263279,34.3806758749016],[-118.541107264069,34.3807348747647],[-118.54130126446,34.3811668750056],[-118.541422264039,34.3814648751285],[-118.541431263799,34.3814858741731],[-118.541619263796,34.3819728738956],[-118.541674263806,34.3821308754676],[-118.541747264756,34.3823398751228],[-118.541968264848,34.3827768743901],[-118.54215726443,34.3831098749848],[-118.542444264768,34.3835088749364],[-118.542738264367,34.3839058748192],[-118.543275265305,34.3846048749432],[-118.54360326492,34.3850428756784],[-118.543611278638,34.3850536032317],[-118.543727264477,34.3852088755271],[-118.543911165854,34.3854441116521],[-118.544053264593,34.3856258745357],[-118.544173736669,34.3857804771669],[-118.544411246342,34.3860852691307],[-118.544466265141,34.386155874988],[-118.544518264524,34.3862218748909],[-118.544862264989,34.3866668756633],[-118.544910266359,34.3867288761043],[-118.545009768489,34.3868596515974],[-118.545295264213,34.3872348752949],[-118.545368205325,34.3873308010234],[-118.545533265439,34.3875478758906],[-118.545610265034,34.3876478753028],[-118.545646265826,34.3876948764464],[-118.545683264972,34.3877428755984],[-118.545845950748,34.3879536661778],[-118.5460034594,34.3881577480563],[-118.54611767172,34.3883057299039],[-118.546282941553,34.3885198637924],[-118.546371691464,34.3886348528751],[-118.546450865162,34.388570568793],[-118.546694684993,34.3888817432291],[-118.546715935816,34.3889097862695],[-118.546800002434,34.3890207239028],[-118.546851803198,34.3890850684798],[-118.547052075819,34.3892971276823],[-118.547172181225,34.3894154303117],[-118.547282249526,34.3895193507865],[-118.547622310923,34.3898180254254],[-118.548169191391,34.3903143013631],[-118.54831083354,34.3904307727442],[-118.54860585274,34.3906836193051],[-118.548734252235,34.3908018846732],[-118.548837729239,34.3909120199404],[-118.548887830178,34.3909691716509],[-118.548900388237,34.390984437372],[-118.548966355718,34.3910646354069],[-118.549044912212,34.3911652647949],[-118.549248914147,34.3914381114615],[-118.549322454037,34.3915318936619],[-118.549703435409,34.3920007446872],[-118.549761898475,34.3920747006945],[-118.54978341435,34.3921019224994],[-118.549919036301,34.3922735106024],[-118.550107987058,34.3925251351325],[-118.550171541523,34.3926124187469],[-118.550659903788,34.3932779435541],[-118.5508053858,34.3934723822982],[-118.551072420422,34.3938165596918],[-118.551224977053,34.3940131862755],[-118.551574225316,34.3944426873686],[-118.551585936965,34.394458084682],[-118.551786519129,34.3947137665252],[-118.551885148725,34.3948410928935],[-118.552050715291,34.3950642952223],[-118.552085831428,34.3951108495265],[-118.552276449079,34.3953624279474],[-118.552433526772,34.3955544255601],[-118.552518668661,34.3956464193153],[-118.552802376917,34.3959384647483],[-118.553066091149,34.3962151573409],[-118.553107678363,34.3962872666317],[-118.553193757528,34.3962207586481],[-118.553246522906,34.3961799882983],[-118.553370235636,34.3960894266916],[-118.55348258278,34.3960132603325],[-118.553708571248,34.3958714883361],[-118.553931471461,34.3957423353509],[-118.554162692614,34.3956186649544],[-118.554273367055,34.395562156362],[-118.554496464308,34.3954622131207],[-118.55489317322,34.3952996457173],[-118.555071787081,34.395226437281],[-118.555093177775,34.3952176701538],[-118.555388212145,34.3951083462703],[-118.555516441863,34.3950608301255],[-118.555729781919,34.3949894269759],[-118.555830687882,34.3949601115948],[-118.556025972774,34.3949159369513],[-118.556335597059,34.394865461286],[-118.556390217242,34.3948565576937],[-118.556459366243,34.3948466795532],[-118.556663439439,34.3948175219716],[-118.556885424456,34.394800366929],[-118.557119066436,34.3947920723496],[-118.55752178042,34.3947850826311],[-118.557626211521,34.3947866615474],[-118.557799254426,34.3947892869979],[-118.558511386139,34.3948000910743],[-118.559131293014,34.3948024000309],[-118.559678271075,34.3948053733167],[-118.560117493729,34.3948050509542],[-118.560540131987,34.3948030979529],[-118.560664433771,34.394802523277],[-118.561360513951,34.3947944939669],[-118.561759948522,34.3947926441326],[-118.561824583871,34.394792344674],[-118.562219810621,34.3947933941434],[-118.562525700983,34.3947939029679],[-118.563110828197,34.3948004747635],[-118.563168838333,34.3948005326143],[-118.563589842328,34.3948020114417],[-118.564537858002,34.3947952142027],[-118.564953905998,34.3947991013512],[-118.565122984106,34.3948017483469],[-118.565268437564,34.394805440138],[-118.565374946219,34.3948060696023],[-118.565580475559,34.3948068366769],[-118.565766097018,34.3948042451947],[-118.566297962544,34.3947780726621],[-118.566428874855,34.3947740272364],[-118.566805092773,34.3947705400766],[-118.567422943586,34.3947147507353],[-118.567560355675,34.3946917972161],[-118.567795507372,34.3946618434289],[-118.567836911338,34.3946561483448],[-118.567994198315,34.3946320545706],[-118.568292299794,34.3945963118456],[-118.568601922073,34.3945491648693],[-118.568871763537,34.3945025589436],[-118.568995912932,34.3944786193259],[-118.569111816683,34.3944612562537],[-118.569201195056,34.3944433044693],[-118.569290614742,34.3944315640398],[-118.569416498953,34.3944192971072],[-118.569678137846,34.3943844037541],[-118.569734417339,34.3943734768129],[-118.569830418384,34.3943548371248],[-118.56985693555,34.3943547125081],[-118.569891708323,34.3943486935791],[-118.569954606039,34.3943367211972],[-118.570044027679,34.3943249802018],[-118.570312409253,34.3943061868492],[-118.57036875942,34.3943059218021],[-118.570421756431,34.3943008609803],[-118.570492986209,34.3942943431112],[-118.57066909528,34.3942834324904],[-118.57077623983,34.3942696530037],[-118.571099065987,34.39421523778],[-118.571266871357,34.3941870449981],[-118.572000300819,34.3972378414026],[-118.572369904479,34.3987631863383],[-118.572414504023,34.39897193128],[-118.572622470723,34.399838255746],[-118.572680391069,34.3999753770014],[-118.572984175729,34.4007138723344],[-118.57318604114,34.4011938000422],[-118.57355303487,34.4020834151879],[-118.573848034799,34.4027976191146],[-118.573951650088,34.4030504507996],[-118.57422168488,34.4036488446867],[-118.574400555114,34.4040473015545],[-118.574723225501,34.4047656654095],[-118.575247574885,34.4059327548345],[-118.57551417384,34.4065311621277],[-118.575698296451,34.4069381793179],[-118.576079946198,34.4077922235496],[-118.57630743399,34.4083014505894],[-118.576319684908,34.4083292319355],[-118.576319747871,34.4083292136055],[-118.57632207232,34.4083343936283],[-118.576613898305,34.4089844603742],[-118.5766860732,34.4091501277185],[-118.577386267642,34.4107239759319],[-118.577643466795,34.4112904600624],[-118.578000491075,34.4121403214629],[-118.578022424111,34.4121903092084],[-118.578086792531,34.4123414701741],[-118.578528764819,34.4134862299494],[-118.578588875755,34.4136457601166],[-118.578778000042,34.4141469695947],[-118.578943588529,34.4145743459047],[-118.579005123614,34.4147314835895],[-118.579069541124,34.4148893233037],[-118.579223204684,34.4152571237954],[-118.579419143483,34.4157022446632],[-118.579566723142,34.4160226040928],[-118.579753633177,34.4164105197704],[-118.57993023709,34.4167650895932],[-118.580194240113,34.4172702328293],[-118.580370134325,34.4176050066863],[-118.580955005121,34.4187187792469],[-118.581620083416,34.4199810095409],[-118.58192202839,34.42055800281],[-118.582245850467,34.4211756804837],[-118.582560932704,34.4217776556775],[-118.582913939392,34.4224510075276],[-118.582951871629,34.4225242944159],[-118.583169225887,34.4229394887487],[-118.583328799668,34.4232448636334],[-118.584990435395,34.4264119808111],[-118.58572212304,34.4278082147736],[-118.586055526414,34.4284463649529],[-118.586193052961,34.4287050184098],[-118.586308566711,34.4289205709192],[-118.586402992302,34.4290847022732],[-118.586493822837,34.4292288142177],[-118.586588158425,34.4293800646654],[-118.586680646752,34.4295141496446],[-118.586764388037,34.429632534179],[-118.586837626391,34.4297309327478],[-118.586907379208,34.4298250541033],[-118.586966627874,34.4298991895277],[-118.587092104889,34.4300574453205],[-118.587170504849,34.4301529563208],[-118.587271509294,34.4302698253021],[-118.587400330806,34.4304123210012],[-118.587534344995,34.4305562230599],[-118.58765264264,34.4306758712587],[-118.587770920418,34.4307926561495],[-118.587936116475,34.4309492869765],[-118.58812658634,34.4311214980684],[-118.588476241678,34.4314149556345],[-118.589308622251,34.4321236504807],[-118.590036964235,34.4327418839781],[-118.590467576995,34.4331038295949],[-118.590750865315,34.4333486166992],[-118.591174856286,34.4337043507078],[-118.591632623698,34.4340971295716],[-118.592207822018,34.4345823606938],[-118.59389181792,34.4360127684455],[-118.594590469661,34.436607586324],[-118.595283886369,34.4371938387263],[-118.595439274494,34.4373278951082],[-118.595917202154,34.437732008508],[-118.596184852587,34.4379596845821],[-118.596475042649,34.4381986997093],[-118.596728673224,34.4383978196378],[-118.597008296999,34.4386082615868],[-118.597407630587,34.4388905314537],[-118.597685334658,34.4390737881664],[-118.597916175259,34.4392257880432],[-118.598179928894,34.4393905073096],[-118.598506086437,34.4395849727981],[-118.598735037393,34.4397140813422],[-118.599043717711,34.4398800086626],[-118.599423448443,34.4400770686515],[-118.600209606555,34.4404833635364],[-118.601607199569,34.4412106453729],[-118.603113353776,34.4419926161337],[-118.60374803365,34.442325790589],[-118.604219674032,34.4425681773665],[-118.604830064059,34.442885724468],[-118.605349154605,34.443156163346],[-118.605193280116,34.4432198783481],[-118.605193158872,34.4432198158451],[-118.605045279841,34.4432798783039],[-118.605045161847,34.4432798139814],[-118.604978280541,34.4433068772399],[-118.604880279137,34.4433468785452],[-118.604193279574,34.4435698788143],[-118.604056279742,34.4436148770511],[-118.603965279813,34.4436438782293],[-118.6030722806,34.4438518788388],[-118.603034279495,34.4438568774327],[-118.601936279434,34.4440028788848],[-118.601049279363,34.444006877723],[-118.600329280135,34.4439588788173],[-118.599957279577,34.4439188784371],[-118.599631279334,34.4438548777944],[-118.599438279446,34.4438038784728],[-118.599154279218,34.4438048782827],[-118.598903278499,34.4437608782845],[-118.59869727949,34.4436718789618],[-118.598489279571,34.4436008784768],[-118.598026170252,34.4434516051404],[-118.597974278802,34.443434878605],[-118.597829277864,34.4433898779078],[-118.597530279488,34.4432918785719],[-118.597059279024,34.4431368777823],[-118.596896280166,34.4430848775407],[-118.596733277625,34.4430318790951],[-118.596565278727,34.4429778790467],[-118.596057278287,34.442809879406],[-118.595885279274,34.4427528779147],[-118.595541278723,34.4426458782741],[-118.595178278653,34.4425238781983],[-118.594996277582,34.4424658787312],[-118.594433278504,34.4422938786417],[-118.594041278865,34.4421838779042],[-118.593838278163,34.4421308784869],[-118.593204278148,34.4419818785934],[-118.59298627873,34.4419358785142],[-118.592766277981,34.4418928791291],[-118.592324276889,34.441815878174],[-118.591881277175,34.4417398784876],[-118.591661277715,34.4417028786431],[-118.591440277271,34.4416638791587],[-118.590999277091,34.4415878791331],[-118.590558277201,34.4415128791167],[-118.590334277177,34.4414768781199],[-118.590219620267,34.441459388943],[-118.590157277516,34.4414498780551],[-118.590087576775,34.4414416317199],[-118.589716131432,34.441397661192],[-118.58966727703,34.4413918790682],[-118.589172278156,34.4413358794532],[-118.589026108842,34.441335878769],[-118.588701506885,34.4413358792628],[-118.588479277301,34.4413358782296],[-118.587664276669,34.4413358780384],[-118.587073828772,34.4413880344998],[-118.58674727746,34.4414168785231],[-118.586527584382,34.4414369848953],[-118.585851275598,34.4414988786701],[-118.582326485932,34.4422940035848],[-118.581245275106,34.4425378804271],[-118.579945276839,34.4428658793777],[-118.579578315439,34.4429326464307],[-118.57923627538,34.4429948794638],[-118.579075276096,34.4430168792169],[-118.578571276349,34.4431108790534],[-118.578121276353,34.4431548798268],[-118.577972275059,34.4431638793609],[-118.577693275893,34.443163879242],[-118.577409276484,34.4431558794892],[-118.576977276314,34.4431308803756],[-118.576835275683,34.4431188790482],[-118.576436276572,34.4430688792221],[-118.576088274309,34.4430108791196],[-118.575985274484,34.4429918786854],[-118.575836390862,34.4429590274389],[-118.575559274595,34.4428978801762],[-118.575536275471,34.4429488802061],[-118.575519275314,34.4429878793487],[-118.575478451239,34.4430043619822],[-118.575479618462,34.4430019403236],[-118.575269263048,34.4429391982431],[-118.575136551485,34.442899571031],[-118.574906296713,34.4428186944518],[-118.574834316613,34.4427934201015],[-118.574685775722,34.4427430976196],[-118.574378610539,34.4426390307299],[-118.573935153125,34.4424365513669],[-118.573494064681,34.4422122654103],[-118.572942330649,34.4419154911513],[-118.572707975247,34.441772301044],[-118.572616312588,34.4417163199467],[-118.572573378094,34.4416926895134],[-118.572573329105,34.4417341523832],[-118.572300273906,34.4415738805686],[-118.57177327363,34.441254878633],[-118.571161273444,34.4408848797208],[-118.568451328651,34.4392444523267],[-118.566268273076,34.4379228787387],[-118.565700274107,34.4374888794504],[-118.564986272558,34.4369938797201],[-118.564966271805,34.4369808798258],[-118.564582544555,34.4367288498772],[-118.564392273176,34.4366038795884],[-118.564307273347,34.4365478801819],[-118.564246273694,34.4365078795791],[-118.563876643747,34.4362683474796],[-118.563226271876,34.4358468794499],[-118.562833111152,34.4355926997597],[-118.562697272423,34.4355048790936],[-118.562425481996,34.435291113593],[-118.56225227099,34.4351548799987],[-118.562159521152,34.4350817533361],[-118.562146329636,34.4350713530158],[-118.561907272702,34.4348828796867],[-118.561315685417,34.4344172675538],[-118.561057271638,34.4342138796261],[-118.56086612729,34.4340592644037],[-118.559508271673,34.4329608791186],[-118.559383271874,34.4328588794745],[-118.558937271433,34.4324968788318],[-118.558026908446,34.4317581187067],[-118.5579564802,34.4317319861185],[-118.557870007319,34.4316945985482],[-118.55780344028,34.4316588241973],[-118.55774185115,34.4316230548714],[-118.557683536167,34.4315824346131],[-118.557557274897,34.4314885031541],[-118.557365458302,34.4313438700691],[-118.557166844083,34.4311857069691],[-118.556916550775,34.4309959574178],[-118.556808467913,34.4309207243704],[-118.556760995126,34.4308898752601],[-118.556497013399,34.4307199061093],[-118.556310248605,34.4305928209682],[-118.556031982543,34.4303903680907],[-118.555862179981,34.430289941426],[-118.555670886998,34.4301844462518],[-118.555250400933,34.4299592309224],[-118.55489379403,34.4297787844342],[-118.554749325184,34.4297073978749],[-118.554518151404,34.4296037051282],[-118.554147331383,34.4294449799721],[-118.554065762328,34.4294125555112],[-118.553806505098,34.4293094963439],[-118.553520593762,34.4292025905803],[-118.552995384357,34.4290157405145],[-118.552649836468,34.4289163276732],[-118.551687997428,34.4286486676354],[-118.551432258178,34.4285900602755],[-118.551164953529,34.42853733427],[-118.551013900755,34.4285126025344],[-118.550867856824,34.4284935636154],[-118.550526554862,34.4284554047904],[-118.550358040899,34.4284365808257],[-118.550029534682,34.4283966595456],[-118.549641496407,34.4283456865219],[-118.549504076497,34.4283319070283],[-118.549193572981,34.4283063040021],[-118.548878719491,34.4282892357899],[-118.548487035893,34.4282788069051],[-118.548342772753,34.4282777524926],[-118.547913369071,34.4282796927659],[-118.547475597784,34.4282816692837],[-118.547175508946,34.4282864581171],[-118.547129617232,34.4282866651111],[-118.547137972783,34.4283071545355],[-118.54683062968,34.4282880132656],[-118.546695802045,34.4282866763546],[-118.546652762177,34.4282862491562],[-118.546497326415,34.4282847064816],[-118.546446434883,34.4282828558944],[-118.546270110162,34.4282764422571],[-118.546018069222,34.4282755160744],[-118.545958391193,34.4282778455936],[-118.545860592045,34.4282817214729],[-118.545823337254,34.42828430613],[-118.545532068486,34.4283043322728],[-118.545397629675,34.4283181767674],[-118.545273640547,34.4283309400784],[-118.545016947037,34.4283541037805],[-118.544402364281,34.4284019304277],[-118.543682811611,34.4284734931475],[-118.543056388595,34.4285328245745],[-118.542891981475,34.4285427408211],[-118.542708485128,34.428553808767],[-118.54218171032,34.4285660010022],[-118.54211526376,34.4285675348757],[-118.541897866874,34.4285650163647],[-118.541776780507,34.4285580041355],[-118.541691107714,34.4285506614596],[-118.541479807809,34.4285325373095],[-118.541405938026,34.4285250678206],[-118.541346553701,34.4285190635535],[-118.541222629973,34.428506532502],[-118.541109771719,34.4284905486619],[-118.540998555964,34.4284714831494],[-118.540586756377,34.4283809023804],[-118.540480510736,34.4283618124423],[-118.540347583865,34.4283457162652],[-118.540278062379,34.428337296335],[-118.539889158017,34.4282596420503],[-118.539650480716,34.4282119552493],[-118.539491040526,34.4281718067677],[-118.539399671033,34.4281450614855],[-118.539177023253,34.4280739193053],[-118.538907793545,34.4279792939737],[-118.538527143321,34.427833287383],[-118.538178106251,34.4277046417978],[-118.53782416381,34.4275856616061],[-118.537709467438,34.4275411590227],[-118.537589748443,34.4274891507542],[-118.537390066221,34.4273787452575],[-118.537321810386,34.427337145968],[-118.537206903156,34.4272600244253],[-118.537140350459,34.4272188006451],[-118.534500436796,34.4258677114468],[-118.533785516116,34.4256165115315],[-118.532418838624,34.4253166767512],[-118.531388182131,34.4252145082152],[-118.529257758084,34.4250103968795],[-118.528133248104,34.4248960607849],[-118.526911028827,34.4247717791872],[-118.52646367779,34.4247499660712],[-118.526033797135,34.4247708354389],[-118.525447888186,34.4247970690512],[-118.525004501803,34.4248404794023],[-118.523863474497,34.4249413882949],[-118.522754043167,34.4250539072223],[-118.521584673728,34.4251654809973],[-118.521511399793,34.4251724719224],[-118.520324818088,34.4252856744063],[-118.519430124899,34.4253775276878],[-118.519349235425,34.4253858309988],[-118.517131455749,34.4257543401591],[-118.515856359157,34.4260987244727],[-118.513499784196,34.4267623846562],[-118.513498089779,34.4267628444],[-118.512359802547,34.427071729466],[-118.512241929868,34.4271015749743],[-118.511704564116,34.4272376335997],[-118.511265078428,34.4273220718994],[-118.511219802941,34.4273307705083],[-118.51083932579,34.4274044196106],[-118.510485087094,34.4274276613109],[-118.50975022673,34.4274525038217],[-118.508857204732,34.4273692468568],[-118.508410494158,34.4272949888122],[-118.508045635528,34.4272053379079],[-118.5075032876,34.4270377659886],[-118.507203475451,34.4269299476245],[-118.507046604024,34.4271697033636],[-118.506829648617,34.4274997625537],[-118.506789323546,34.4275613102915],[-118.506623821292,34.4277859340833],[-118.506542262356,34.4278935186693],[-118.506484135551,34.4279726782113],[-118.506199521636,34.4282875050827],[-118.506151011499,34.4283416680191],[-118.505862786453,34.4285985034415],[-118.505798019973,34.4286567792138],[-118.505404315343,34.4289700368487],[-118.505341126774,34.4290202127136],[-118.505123166215,34.4291649118173],[-118.505069983919,34.4291993203871],[-118.504990757108,34.4292528155821],[-118.504514620529,34.4295200807987],[-118.503843827357,34.4298229358126],[-118.503285702291,34.4300451849246],[-118.50261025277,34.4302197278331],[-118.502539966021,34.4302321275469],[-118.502375184587,34.430261194904],[-118.502083224902,34.4303143104352],[-118.502011929247,34.430324699988],[-118.501998915901,34.4303265965782],[-118.501885795532,34.4303390018647],[-118.501823477365,34.4303470795905],[-118.501573206536,34.4303795178104],[-118.501178213666,34.4304067295824],[-118.501065061204,34.4304140189235],[-118.500910706415,34.4304146563794],[-118.499743623893,34.4303921839835],[-118.499167265003,34.4303775044156],[-118.498905892287,34.4303785796313],[-118.498715124684,34.4303808786206],[-118.498660718091,34.430381102278],[-118.498559734325,34.4303911781945],[-118.49824727602,34.4304203698564],[-118.497802239314,34.4305195176293],[-118.497709154115,34.4305506698712],[-118.49737558426,34.430660093278],[-118.497095672898,34.4307886157971],[-118.496992308182,34.4308341223801],[-118.496878675081,34.4308954135402],[-118.49667840141,34.431006673536],[-118.496477784932,34.431141008491],[-118.496319985399,34.4312466722198],[-118.496090825606,34.4314384347904],[-118.495926222498,34.4315941529055],[-118.495736838222,34.4318185509324],[-118.495583330662,34.4320249111361],[-118.495582688187,34.4320259198739],[-118.49541576583,34.4322879810071],[-118.495308965494,34.4324822236933],[-118.495198949462,34.4327408832625],[-118.495114224664,34.4330167327504],[-118.495078261004,34.4332625676265],[-118.495011038951,34.4342801844008],[-118.494999747563,34.4344511055872],[-118.494928823963,34.4355247316545],[-118.494925081071,34.4359484457284],[-118.494925065447,34.4359502109972],[-118.494740705744,34.4359466238764],[-118.494683701967,34.4359463794147],[-118.494660662202,34.4359450426231],[-118.494615145176,34.4359399794694],[-118.494601295474,34.4359347890017],[-118.494572993892,34.4359201156049],[-118.49454228797,34.4358882768641],[-118.494527108637,34.4358530364427],[-118.494521703453,34.4358153707171],[-118.494520091104,34.4356407716443],[-118.494513961962,34.4355783013367],[-118.494507849825,34.4355186933322],[-118.494485869572,34.435404764921],[-118.49443628149,34.4351988761801],[-118.494335908496,34.4347794693118],[-118.494296353894,34.4346145666699],[-118.494251598969,34.4344468228272],[-118.494245733406,34.4344287186617],[-118.494220706879,34.4343834995609],[-118.494180814589,34.434355992162],[-118.494128346874,34.4343438025618],[-118.494044680752,34.4343420815008],[-118.494044995806,34.4343335616152],[-118.493980862499,34.4343433303598],[-118.49379512259,34.4343399647062],[-118.493523188085,34.4343428049141],[-118.493282875914,34.4343657671127],[-118.493153656979,34.4343858539625],[-118.493130461505,34.4343893821966],[-118.493029458863,34.4344152114871],[-118.492936786169,34.4344464989967],[-118.492849107184,34.4344815607081],[-118.492665522607,34.4345633741923],[-118.492551383211,34.4346105488781],[-118.492430600669,34.4346560221789],[-118.492159304361,34.4347670381955],[-118.491850176965,34.4349304166617],[-118.491703014456,34.43500177196],[-118.491603833501,34.43505438358],[-118.491504745315,34.4351238417207],[-118.491448663268,34.4351738579732],[-118.491389360865,34.4352407342212],[-118.491341663626,34.4353079231509],[-118.491302229438,34.4353688661232],[-118.491259686914,34.4354665862513],[-118.491226831625,34.4355189289631],[-118.491187366896,34.4355750938867],[-118.491096818219,34.4356857019186],[-118.491025967218,34.435763287182],[-118.490950110958,34.4358357259637],[-118.490862641154,34.4359064825436],[-118.490837871935,34.4359244394546],[-118.490771822519,34.4359717829963],[-118.490728856225,34.4359973728638],[-118.490692479399,34.4360153830074],[-118.490505510888,34.4360848360217],[-118.490429366666,34.4361085008153],[-118.490353193291,34.4361266672194],[-118.490286926733,34.4361375695432],[-118.490222295934,34.4361453900866],[-118.490159283214,34.436145644691],[-118.490142702323,34.4361450256133],[-118.490091278858,34.4361424845809],[-118.490021585482,34.4361352067344],[-118.489908720841,34.4361178040594],[-118.489794163726,34.4360945769872],[-118.489689553185,34.4360702683867],[-118.48960318917,34.4360469002867],[-118.48958277571,34.4360388264845],[-118.489526726778,34.436016657639],[-118.489447002694,34.4359949962864],[-118.489344074254,34.4359758166446],[-118.489232876268,34.4359597805581],[-118.489130017065,34.4359512620029],[-118.489042220389,34.4359499589284],[-118.488712072495,34.4359527813666],[-118.488576158609,34.4359517925835],[-118.488397037744,34.4359473453139],[-118.488332352683,34.4359455447947],[-118.488116715215,34.4359340444387],[-118.487708742081,34.43592813125],[-118.487486532845,34.4359280074134],[-118.487372114289,34.4359281092118],[-118.487113458175,34.4359339577214],[-118.486912869364,34.4359440505607],[-118.486810120347,34.4359554535077],[-118.486690810318,34.4359700051522],[-118.486475423986,34.4360010947659],[-118.486276596026,34.4360297285611],[-118.485547517423,34.4361257177064],[-118.484914688633,34.4362226403385],[-118.484783703263,34.436237315204],[-118.484669574759,34.4362460076193],[-118.484586420904,34.4362456573296],[-118.484501815857,34.4362405021915],[-118.484418840319,34.4362298393257],[-118.48432253867,34.4362096120362],[-118.484212918606,34.4361798265711],[-118.484088336057,34.4361425422486],[-118.483918870283,34.4360872438766],[-118.483505131334,34.4359449572495],[-118.481940080474,34.4354335596636],[-118.481830407435,34.4353927870676],[-118.480699071109,34.4350352378626],[-118.480559516881,34.4349900964827],[-118.480547602133,34.4350143895392],[-118.48053325799,34.4350098836923],[-118.480211943298,34.4349085045987],[-118.479953259183,34.4348268846416],[-118.479770258347,34.4347618848472],[-118.479768958685,34.4347614220907],[-118.479183258446,34.4345528843245],[-118.478940258165,34.4344858844519],[-118.478918257494,34.4344798850485],[-118.478586258798,34.4344078833652],[-118.478273258009,34.4343808843898],[-118.478096257493,34.4343828847792],[-118.477906742203,34.4344042820349],[-118.477662257799,34.4344318852308],[-118.477578258996,34.4344388845807],[-118.477533258294,34.4344058843676],[-118.477439258039,34.4343128851597],[-118.47725925848,34.4341408847242],[-118.477179386534,34.4340763957432],[-118.477166683244,34.4340661384699],[-118.477124258809,34.4340318838555],[-118.477120224726,34.4340236137211],[-118.477076084165,34.433933086671],[-118.477075717247,34.433933235064],[-118.477069597666,34.4339280617851],[-118.477066054998,34.4339252295733],[-118.47706330482,34.4339230325311],[-118.477059135779,34.4339198827377],[-118.477059035239,34.4339198065026],[-118.477056845268,34.4339181526855],[-118.477053733709,34.4339159309198],[-118.477050222277,34.433913423137],[-118.477047364845,34.4339114969765],[-118.477043440243,34.4339088510804],[-118.477040867357,34.4339072122917],[-118.477038284641,34.4339055672309],[-118.477036508958,34.4339044364772],[-118.477034724906,34.4339033643561],[-118.477029429545,34.4339001856338],[-118.47700375771,34.4338867247988],[-118.476999900339,34.4338849882849],[-118.476996157498,34.4338833009049],[-118.476994667346,34.4338826297118],[-118.476994515751,34.433882568102],[-118.476987945782,34.4338798758087],[-118.476980678898,34.4338768977642],[-118.476980331067,34.4338767693108],[-118.476973938185,34.4338744098881],[-118.476972776931,34.4338739808159],[-118.476969034258,34.4338727027309],[-118.476968081414,34.4338723765156],[-118.476964779175,34.4338712472551],[-118.476961743417,34.4338702909428],[-118.476956991931,34.4338687932432],[-118.476956717237,34.4338687059728],[-118.476956664918,34.4338686899509],[-118.476952235667,34.4338674109586],[-118.476948524637,34.4338663382983],[-118.476945812319,34.4338656214237],[-118.476940303811,34.4338641717764],[-118.476940253684,34.4338641584504],[-118.476939410363,34.4338639571176],[-118.476934654446,34.4338628254574],[-118.476931966504,34.4338621851171],[-118.476928065347,34.4338613521102],[-118.476923588983,34.4338603960512],[-118.476920981872,34.4338598103864],[-118.476911982821,34.4338577893643],[-118.476871833553,34.4338487731804],[-118.47662590366,34.433793541614],[-118.476624435089,34.4337947392117],[-118.47644427934,34.4339416793102],[-118.476443945206,34.4339414723681],[-118.476443600294,34.4339418541701],[-118.476351332202,34.4340479096506],[-118.47633049472,34.4340353952341],[-118.476293502736,34.4340154840444],[-118.476192436959,34.43396106031],[-118.476006210943,34.4338721498136],[-118.47582833809,34.4337955554832],[-118.475362964874,34.4336070895006],[-118.475053796704,34.4334777755561],[-118.474418937387,34.4332288265916],[-118.474227817557,34.4331536763991],[-118.474077055838,34.4330927512739],[-118.471940536254,34.4322293271434],[-118.471769696561,34.4321602841262],[-118.470692744206,34.4317271973545],[-118.470483343035,34.4316452434248],[-118.470076163362,34.431480575433],[-118.469637436239,34.4313094875849],[-118.469423031063,34.4312199972498],[-118.469331576822,34.4311753357105],[-118.469117000998,34.431055621571],[-118.468904004813,34.430922816084],[-118.468807479872,34.4308599871064],[-118.468719246625,34.4307974839242],[-118.468630977464,34.4307287674449],[-118.468544288368,34.4306463369752],[-118.468449215805,34.4305477833289],[-118.468347413205,34.4304307038258],[-118.468260581643,34.4303228279081],[-118.468120237394,34.4301341195513],[-118.468063385659,34.4300498399466],[-118.468011488169,34.4299617538579],[-118.467957840188,34.4298572115875],[-118.467858739872,34.4296319101273],[-118.467813351496,34.4295207953078],[-118.467774600102,34.4294110324224],[-118.467739298735,34.4293025968028],[-118.467741158741,34.4292794535641],[-118.467723615581,34.4291907083868],[-118.467711319016,34.4290684753312],[-118.467708869037,34.4289276561491],[-118.467714576071,34.4287620773391],[-118.467723683568,34.428612276686],[-118.467752068921,34.4283521684254],[-118.467774656972,34.4282407914538],[-118.467808766586,34.4281142576301],[-118.467859355353,34.4279697963415],[-118.46795757908,34.4277454682878],[-118.467754921819,34.4276799429679],[-118.467634015525,34.4276502924721],[-118.467617109764,34.4276461231368],[-118.467549051505,34.4276319591233],[-118.467509619417,34.4276261357314],[-118.46740906016,34.4276112855121],[-118.46736213361,34.4276053899774],[-118.467293505556,34.4275968914532],[-118.467179039874,34.4275863417396],[-118.467076193389,34.4275791838282],[-118.466978332535,34.4275726872954],[-118.466620201882,34.4275761236225],[-118.466354881412,34.4275716508751],[-118.465991924393,34.4275723587307],[-118.462993951678,34.4275790321705],[-118.462993439036,34.4271795202751],[-118.462992956589,34.4268034463336],[-118.462992260807,34.4260832684954],[-118.462991728475,34.4253889703369],[-118.463046448778,34.4253897919205],[-118.46335151443,34.4253869095967],[-118.463719553298,34.4253779465507],[-118.464026287555,34.4253767735733],[-118.464137347906,34.4253715398952],[-118.464195336388,34.4253637613434],[-118.464253298057,34.4253511740837],[-118.464317847736,34.4253306614359],[-118.464380724047,34.4253074072838],[-118.464532878371,34.4252381278015],[-118.464628774133,34.425189329214],[-118.464742814836,34.4251239728759],[-118.464899791104,34.4250275391801],[-118.464823120114,34.4249557012567],[-118.464766404756,34.4248944348469],[-118.464501044242,34.4245839099313],[-118.464474277631,34.4245414203467],[-118.464455874913,34.4245119511432],[-118.464423940096,34.4244344459161],[-118.464412064082,34.424386060069],[-118.464403181519,34.4242796138777],[-118.464404687786,34.4239550143414],[-118.464395901622,34.4235717805547],[-118.465000431359,34.4235659206881],[-118.466298778538,34.4235656335676],[-118.466298780239,34.4235672977934],[-118.466336240951,34.4235672556557],[-118.466611470088,34.4235669662406],[-118.46682727885,34.4235656175053],[-118.466874223881,34.4235653241354],[-118.467088107725,34.4235650768075],[-118.467304510093,34.4235648203014],[-118.467471033228,34.4235632996678],[-118.46746970172,34.4235604144801],[-118.467378980325,34.4233639203609],[-118.467214907588,34.4230085545574],[-118.467204065989,34.4229852123182],[-118.467194053224,34.4229618389381],[-118.467188203762,34.4229475451021],[-118.467182618199,34.4229331673084],[-118.467177363993,34.4229187071],[-118.46717244113,34.4229041617726],[-118.467164955713,34.4228879783095],[-118.467162813578,34.4228726532633],[-118.467158851351,34.4228579122088],[-118.467155186903,34.4228431150138],[-118.467151821321,34.422828261674],[-118.467148786312,34.422813380015],[-118.467146050017,34.4227984151659],[-118.467143283846,34.4227841364993],[-118.467140185865,34.4227698591106],[-118.467138493146,34.4227626984313],[-118.467136823839,34.4227556386338],[-118.467133129218,34.4227414735297],[-118.467129170547,34.4227273644361],[-118.46712488038,34.422713312514],[-118.46712174967,34.4227036736451],[-118.467120324913,34.4226992877579],[-118.467115439347,34.4226853751616],[-118.467110287707,34.4226715456293],[-118.467104839379,34.4226577722329],[-118.467099124982,34.422644082802],[-118.46709807273,34.4226417140156],[-118.46709838552,34.4226416190514],[-118.466848179308,34.4220989417385],[-118.466597206586,34.4215563479898],[-118.466557671322,34.421467093996],[-118.466528941359,34.4213710603625],[-118.466519980806,34.4213198777545],[-118.46651598891,34.4212848486618],[-118.466510532857,34.421232754646],[-118.466492290766,34.4210244982294],[-118.466484594445,34.4209550600927],[-118.466464878706,34.4208675040625],[-118.466444944545,34.4208099032521],[-118.466430515651,34.4207739505504],[-118.466404827888,34.4207189213974],[-118.466374546097,34.420667414167],[-118.466319870762,34.4205860472299],[-118.466256028832,34.4205155501455],[-118.466192193057,34.4204463277736],[-118.466156991193,34.4204088618657],[-118.466050610217,34.4202955087288],[-118.465985594202,34.4202211917044],[-118.46595652373,34.4201801961155],[-118.465922768738,34.4201261543783],[-118.4659002382,34.4200854518961],[-118.465889798966,34.4200631150064],[-118.46588854704,34.4200604341438],[-118.46586231032,34.420003627355],[-118.465815704293,34.419902715485],[-118.465627622867,34.4194954734569],[-118.465602136454,34.4195097776723],[-118.465716069611,34.4197528303116],[-118.465630195046,34.4197576983245],[-118.465370299411,34.4197724306188],[-118.465285950728,34.4197760610374],[-118.465289309018,34.4197001010895],[-118.465298966558,34.4195042426437],[-118.465314953763,34.4195047655082],[-118.465358039977,34.419501165365],[-118.465505383027,34.4194628166694],[-118.465566623555,34.4194443769383],[-118.465579113893,34.4194387944755],[-118.465593041219,34.4194326096797],[-118.465599195145,34.4194436623102],[-118.46569216001,34.4193912778652],[-118.465847254824,34.4193038834613],[-118.465961056574,34.4192734612985],[-118.466150255261,34.4192228830762],[-118.466409255841,34.4192168830051],[-118.466408457767,34.4191821815021],[-118.466418881449,34.4191813354479],[-118.466413089914,34.418720149774],[-118.466413151537,34.4184350563595],[-118.466415523145,34.4176742268676],[-118.466416365645,34.4172325014095],[-118.466414621323,34.4169209665905],[-118.466413075537,34.4166448883609],[-118.466412228226,34.4164935573031],[-118.466408063699,34.415749369941],[-118.466371610448,34.4146317296248],[-118.466129409705,34.4146403480758],[-118.466129442049,34.4146389352465],[-118.465808719784,34.4146338656892],[-118.465806783293,34.4146338352619],[-118.465408809016,34.4146275124742],[-118.465405583345,34.4146274617444],[-118.465404475663,34.4144710578292],[-118.465403394718,34.4143188549619],[-118.465403117894,34.4142811826893],[-118.465398158362,34.4135832938914],[-118.465397228394,34.4135118526294],[-118.465392813719,34.4129437998545],[-118.465392807917,34.4129431507717],[-118.465392726375,34.412932643696],[-118.465392689258,34.4129277521104],[-118.465392631331,34.4129204985834],[-118.46539102976,34.4127109231197],[-118.465126660084,34.412713943182],[-118.465126625306,34.4127139487246],[-118.464170139025,34.4127136310034],[-118.464170138829,34.4127135958443],[-118.464166823605,34.4127136635256],[-118.464162645778,34.4127137345081],[-118.464119847137,34.4127146366504],[-118.46410051928,34.4127150441787],[-118.464073937333,34.4127153316089],[-118.463577863736,34.4127206698916],[-118.462978530719,34.4127271170805],[-118.46269064104,34.412730213499],[-118.462251151314,34.4127351862328],[-118.46224472221,34.4127357327245],[-118.461930201033,34.4127396076895],[-118.461605904472,34.4127436019852],[-118.461592453707,34.4127437676726],[-118.461591541106,34.4127437783581],[-118.461201014303,34.4127480118958],[-118.460856495306,34.4127517637441],[-118.459224449151,34.4127695335139],[-118.458670797431,34.4127783278659],[-118.457729236317,34.4127902755623],[-118.457470080973,34.4127865374127],[-118.45554122918,34.4128082220061],[-118.454304458741,34.4128221107113],[-118.454108868336,34.412824260402],[-118.453980469547,34.4128259229906],[-118.453210714299,34.4128331228704],[-118.452736293697,34.4128399487349],[-118.452368314525,34.4128430770704],[-118.451595806863,34.4128496666269],[-118.451227790504,34.4128527700034],[-118.451045446127,34.4128543263546],[-118.450866441055,34.4128558411689],[-118.450594571784,34.412858147021],[-118.449928161067,34.4128639287534],[-118.449928317877,34.4129104852015],[-118.449928479249,34.4129558723426],[-118.449928573078,34.4129819055979],[-118.449444832281,34.4130232134005],[-118.449156694084,34.4130434149705],[-118.448945779062,34.4130622842531],[-118.44786491178,34.4133163271437],[-118.44766653471,34.4133564177928],[-118.445964903709,34.4135191424183],[-118.445973467726,34.4135022260976],[-118.445976505385,34.413496225136],[-118.444796271689,34.4136304395908],[-118.444725810525,34.4137523698998],[-118.444617348742,34.4139313767545],[-118.44449895916,34.4141138583434],[-118.444365669099,34.4143001853554],[-118.444352092448,34.4143186092588],[-118.444202718594,34.4145213037592],[-118.444122022733,34.4146222257809],[-118.44407687432,34.4146735297017],[-118.444026450111,34.4147307877175],[-118.443907772149,34.414858994724],[-118.443733006446,34.4150416827662],[-118.443439485864,34.415337108855],[-118.443310843631,34.415463651403],[-118.443183826911,34.4155829611778],[-118.442903252215,34.4158203051089],[-118.442746416109,34.4159452217587],[-118.442566424482,34.4160794796446],[-118.442359947928,34.4162227905946],[-118.441981478922,34.4164762887386],[-118.441938295971,34.4165052176359],[-118.441914650905,34.4165171697743],[-118.441800056568,34.4165855205065],[-118.441696060237,34.4166449190722],[-118.441641513503,34.4166761133288],[-118.441239091337,34.4168973826787],[-118.440997741873,34.4170243065559],[-118.44030492089,34.4173769873415],[-118.439576393534,34.4177329227728],[-118.438823770146,34.4180913066008],[-118.437270286973,34.4188121620377],[-118.43711550261,34.4188815015322],[-118.437127143039,34.4188987401738],[-118.437105250568,34.4189088846895],[-118.436729855188,34.4190808737406],[-118.435970250567,34.4194288846257],[-118.434371249954,34.4201658847286],[-118.433223876528,34.4206895687448],[-118.432180249953,34.4211658852334],[-118.43152133197,34.4214707261393],[-118.430066248847,34.4221438847568],[-118.428767167925,34.4227523051702],[-118.428076249157,34.4230758849523],[-118.427729248951,34.4232358860933],[-118.426241249997,34.4239228864081],[-118.425738247923,34.4241498872742],[-118.425603588349,34.4242111086953],[-118.424724248728,34.4246108867628],[-118.424459921257,34.4247361170947],[-118.424095248414,34.4249088866304],[-118.42399668876,34.424953590178],[-118.423710268057,34.4250835002141],[-118.423710332265,34.4250749489542],[-118.423557104207,34.4251529482612],[-118.423343247797,34.4252498865132],[-118.423274248252,34.4252838869857],[-118.42276424773,34.4255308868364],[-118.421968247616,34.4258918868293],[-118.421861622695,34.4259398018007],[-118.420931248378,34.4263578865343],[-118.420911479227,34.4263670047136],[-118.420144247747,34.4267208870283],[-118.419483248283,34.4270078866096],[-118.419062247464,34.4271978872708],[-118.418657247164,34.4273238873674],[-118.41827624786,34.4274338868012],[-118.418028247687,34.4274838868983],[-118.417712227481,34.4275425879192],[-118.41763524794,34.4275568871201],[-118.417340073945,34.4275925362461],[-118.417221247278,34.4276068871901],[-118.416610247784,34.4276458868274],[-118.415198981018,34.4276174787117],[-118.415197961769,34.4276458912775],[-118.415194687023,34.427727321646],[-118.410623734323,34.4276196374337],[-118.409453207607,34.4276300516976],[-118.409050652373,34.4276564642667],[-118.408259330181,34.4277083717174],[-118.406444731486,34.4279585350671],[-118.406351611982,34.4279713774209],[-118.404771659328,34.4283311634808],[-118.404222081655,34.4284894243803],[-118.404210832239,34.4284926641052],[-118.404210689893,34.4284803712949],[-118.404210691344,34.4284797735747],[-118.403784353919,34.4286057355023],[-118.40364954526,34.4286472714494],[-118.403623172967,34.4286555288784],[-118.403578623477,34.4286698572872],[-118.403477810751,34.4287022754404],[-118.403432855812,34.4287166916911],[-118.403393668103,34.428729258638],[-118.403335755419,34.4287484735198],[-118.403268575963,34.4287710115731],[-118.403205983285,34.428791934125],[-118.403069265965,34.428838474761],[-118.402951222542,34.4288795250933],[-118.402892596437,34.4288999709199],[-118.402813498622,34.4289285588135],[-118.402752003258,34.4289507792979],[-118.402654513074,34.4289859876929],[-118.402586554965,34.4290113785939],[-118.402458053303,34.429059666388],[-118.402148327468,34.429179575798],[-118.402070867254,34.42921055585],[-118.401980768842,34.4292472059929],[-118.401867852314,34.429293037129],[-118.401764201031,34.4293318506056],[-118.399516681903,34.4303441183557],[-118.397656923913,34.4311816804776],[-118.397576145642,34.4312180497597],[-118.397547664435,34.4312308700134],[-118.395591513657,34.4321114135481],[-118.394621727619,34.4325495571545],[-118.393615329774,34.4330034830698],[-118.392804180681,34.433365174819],[-118.392610351843,34.4334458771317],[-118.392409230604,34.4335199205747],[-118.392381503251,34.4335291121144],[-118.392152841173,34.4336049147419],[-118.39213161429,34.433611885476],[-118.391992242813,34.4336527785631],[-118.391712049034,34.4337294698815],[-118.391213373356,34.4338342808482],[-118.391185259166,34.4338392307571],[-118.391148508497,34.4338457005391],[-118.391092201737,34.433853742518],[-118.390876522747,34.4338873768512],[-118.390857557849,34.433889956831],[-118.390846164128,34.4338914621326],[-118.390709969183,34.4339083321378],[-118.390699031627,34.4339098945559],[-118.390593477439,34.43392043617],[-118.390442358807,34.4339355283226],[-118.390377920961,34.4339398953545],[-118.390257594756,34.4339480491748],[-118.390230465939,34.4339492146724],[-118.390073855691,34.4339559406956],[-118.390005457073,34.4339588787171],[-118.389681912911,34.4339609434517],[-118.389594272618,34.4339594119529],[-118.389517569584,34.4339571781416],[-118.389290641032,34.4339460748546],[-118.389171071497,34.4339375856165],[-118.389090661859,34.4339307827483],[-118.389024419431,34.4339247935563],[-118.388535579336,34.4338683484387],[-118.388396348747,34.4338517246871],[-118.388118435961,34.4338186759915],[-118.388106753502,34.4338173015689],[-118.387946825454,34.4337982534863],[-118.387864800358,34.4337884312383],[-118.387048768026,34.4336928292285],[-118.387016820239,34.4336900210103],[-118.386988166605,34.4335889868217],[-118.386780242468,34.4335628897726],[-118.385992955348,34.4335739897481],[-118.38571624381,34.4335778899805],[-118.385613242764,34.4335838898536],[-118.385590638769,34.4335854176723],[-118.385539242702,34.4335888896365],[-118.385182242463,34.4336098897811],[-118.384778243473,34.4336648895217],[-118.384333242912,34.4337468897379],[-118.383914166435,34.4338672700828],[-118.383588241364,34.4339608891467],[-118.382618242408,34.4342518912149],[-118.381351948156,34.4346161326062],[-118.381137241827,34.4346778896208],[-118.380119243479,34.4349828897678],[-118.379783242801,34.4350838902375],[-118.379532242034,34.4351558912164],[-118.378667241932,34.4354028890768],[-118.378408225652,34.4354816345503],[-118.377894242425,34.4356378896459],[-118.377151240579,34.435841891172],[-118.376273240434,34.4360918900745],[-118.375010241623,34.4364598899403],[-118.373650241274,34.4368448906716],[-118.372757241387,34.4371048901788],[-118.372297239366,34.4372688908786],[-118.372107242082,34.4373548919306],[-118.371594241548,34.4375858910197],[-118.371235240766,34.4377648916618],[-118.370813240479,34.438018890948],[-118.370246239004,34.4383958898166],[-118.369581002177,34.4388554679189],[-118.369405240419,34.4389768920318],[-118.368675240398,34.4394438916594],[-118.367437239564,34.4402918919441],[-118.367139248115,34.4404856312267],[-118.366751240632,34.4407378915356],[-118.366281240959,34.4410818907745],[-118.365820238763,34.4414538913982],[-118.365568240256,34.4416938907199],[-118.365180239797,34.4421478928843],[-118.364932238789,34.4424688911601],[-118.364120239475,34.4437058913035],[-118.363876239312,34.4440638921425],[-118.363628238718,34.444402891214],[-118.363412240311,34.4446408920663],[-118.363144239674,34.4449128915832],[-118.362784239704,34.4452188918142],[-118.362559239332,34.4454058923907],[-118.362303240062,34.4455568923948],[-118.361981239976,34.4457608931364],[-118.361639241313,34.4459418924125],[-118.360860240078,34.4463738921877],[-118.360700402787,34.4464565138721],[-118.360690417764,34.4464616750578],[-118.360711736002,34.4466884796443],[-118.36064196229,34.4467253125669],[-118.360642847369,34.4467263971801],[-118.3604402391,34.4468398913801],[-118.360279894794,34.4469298822061],[-118.360244239277,34.4469498929296],[-118.359284873542,34.4474553452487],[-118.359284933737,34.447455424405],[-118.356739546332,34.4487835950455],[-118.355912297166,34.4492535427108],[-118.355257271954,34.4495989455703],[-118.354814731202,34.4498068076764],[-118.354816389549,34.4498090629592],[-118.354759239712,34.4498378932601],[-118.354590820346,34.4499316856405],[-118.354590668275,34.4499314976654],[-118.354268909501,34.4501041796004],[-118.354082217229,34.4502144477636],[-118.353806496695,34.450379837777],[-118.35365628657,34.4504928621529],[-118.35331755098,34.450737148945],[-118.352938744087,34.4510387992978],[-118.352632830737,34.4513104041624],[-118.352332524573,34.4516023484741],[-118.352316195727,34.4512615406267],[-118.35227591052,34.4504206631975],[-118.352248088686,34.4498403119943],[-118.352233424334,34.4495344542266],[-118.352182411442,34.4484766188967],[-118.352001020325,34.4447137786587],[-118.351836140734,34.4412916267139],[-118.351638626097,34.4371869069694],[-118.35163213628,34.4370520461815],[-118.351618273533,34.4365806144871],[-118.351528751744,34.4335365741121],[-118.351527002319,34.4334770674163],[-118.351525880591,34.4334389296582],[-118.351522749917,34.4333323851549],[-118.351514417379,34.4330487655759],[-118.351472590564,34.431640302716],[-118.351471782414,34.431555538736],[-118.351470983255,34.4314716158566],[-118.351443633836,34.4305842211979],[-118.351438722519,34.4304248729273],[-118.351436113058,34.4303402052131],[-118.351429410109,34.4301226530622],[-118.351420301221,34.4298271363758],[-118.352920888518,34.4300257081252],[-118.353079800909,34.4300467363742],[-118.353135339217,34.430054290908],[-118.353189965249,34.4300617209568],[-118.35334260173,34.4300824074233],[-118.353607742048,34.4301180855088],[-118.353679198205,34.4301277011707],[-118.355388713973,34.4303541025251],[-118.355970033802,34.4304317273332],[-118.356013317182,34.4304375071401],[-118.356241887789,34.430468027265],[-118.356340051355,34.4304809932503],[-118.356386991252,34.4304871931146],[-118.360606793456,34.4310482581511],[-118.364901157875,34.4310309930963],[-118.366400043237,34.4310249363432],[-118.369183088007,34.4309994345913],[-118.370695232434,34.4309921304549],[-118.373326554997,34.4309816984198],[-118.378555234373,34.4309607033009],[-118.378759176839,34.4309592562481],[-118.378946433842,34.4307503647035],[-118.377893456635,34.4273409223306],[-118.377109595053,34.4247996195835],[-118.376858175688,34.4239852457527],[-118.376774993775,34.4237158057774],[-118.376776397212,34.4237158059258],[-118.376777212076,34.4237158060993],[-118.376777318697,34.4237158066696],[-118.376777394851,34.4237158064331],[-118.376777537373,34.423715806892],[-118.37677797906,34.423715803717],[-118.376783272744,34.4237157575234],[-118.37678529949,34.4237157404095],[-118.376888572603,34.4237149679121],[-118.378838505584,34.4237004670948],[-118.37913560191,34.4236982559838],[-118.380404275047,34.4237081071941],[-118.383417653465,34.423731451674],[-118.385422342578,34.4237469408375],[-118.386747196966,34.4237571584269],[-118.386747341744,34.4237501467568],[-118.386747499425,34.4237423993962],[-118.386896662501,34.4164563226055],[-118.386929095016,34.4148723289113],[-118.38692910918,34.4148716310806],[-118.387046614631,34.4091321698141],[-118.397744191024,34.4092843458635],[-118.397744267165,34.4092843456138],[-118.397773678951,34.4065938552646],[-118.397828093349,34.4016564553934],[-118.397866428119,34.3994069518349],[-118.397873526407,34.3990909223061],[-118.397875126889,34.3989609971364],[-118.397877987344,34.3987275520096],[-118.397880783924,34.3984996379943],[-118.397881509044,34.3983403707923],[-118.397882560228,34.3982689722386],[-118.397885179812,34.3980463616152],[-118.397906447226,34.3962452487058],[-118.397907162543,34.3961875653674],[-118.397928695291,34.3944208043151],[-118.3979312231,34.3938053264906],[-118.397931497754,34.39374487508],[-118.397936479793,34.3926155873198],[-118.397937561033,34.3923699222528],[-118.397939967325,34.3918187484262],[-118.397944804747,34.3907910764558],[-118.397952155585,34.3892201456335],[-118.397952969771,34.3890435947574],[-118.397954084073,34.3888051003308],[-118.397957355917,34.3884775687791],[-118.397960250562,34.387930789109],[-118.39796033197,34.3875520735284],[-118.39796034951,34.3874719487737],[-118.397961974829,34.3871257374173],[-118.397964326773,34.3866256408987],[-118.3980079222,34.3845046560923],[-118.398007931028,34.3845042278348],[-118.39800794689,34.3845034506607],[-118.398026098391,34.3838127341984],[-118.398038427659,34.3833442288353],[-118.398042481795,34.3831901578287],[-118.39804923344,34.3829335708686],[-118.3980735093,34.3820103746376],[-118.398075186902,34.3819465829062],[-118.398077970544,34.3818407120573],[-118.398078659784,34.3818144985994],[-118.398079284626,34.3817907384265],[-118.398079283446,34.3817900361354],[-118.398079087887,34.3817163156506],[-118.398078766849,34.3815951550633],[-118.398078518336,34.3815010150098],[-118.398078444711,34.3814735364997],[-118.398077502236,34.3811177889222],[-118.398076793193,34.3808502917239],[-118.398076361893,34.3806880621168],[-118.398076270446,34.3806527547437],[-118.398076196827,34.3806252771338],[-118.398076118189,34.3805956106161],[-118.398075951631,34.3805327408935],[-118.398085868992,34.3805378587933],[-118.398084561705,34.3802013511302],[-118.398084509126,34.380187611926],[-118.39808426277,34.3801244278288],[-118.398084218971,34.3801129820979],[-118.398084156528,34.3800969503253],[-118.398084112725,34.3800855036929],[-118.398084003073,34.3800573121857],[-118.398083643259,34.3799651396372],[-118.398083537009,34.3799376603305],[-118.398083332904,34.3798851421417],[-118.398083226662,34.3798576646378],[-118.39808222765,34.3796004873318],[-118.398081759988,34.3794802720203],[-118.398081483484,34.3794094096551],[-118.398081429818,34.3793956704539],[-118.398081349176,34.3793746902205],[-118.398081290257,34.3793598511651],[-118.398081240762,34.3793472127231],[-118.398081217945,34.3793412978338],[-118.398081184008,34.3793323718575],[-118.398081165367,34.3793275586289],[-118.398081111701,34.3793138194277],[-118.398081079459,34.3793054758368],[-118.398080085093,34.3790497238334],[-118.398080031423,34.3790359837304],[-118.398079926644,34.3790092671153],[-118.398079872978,34.3789955279138],[-118.398079194604,34.3788204982216],[-118.398079076657,34.3787901142091],[-118.398078751387,34.3787063095797],[-118.398078622548,34.3786734175353],[-118.398078569975,34.3786596792314],[-118.398078303584,34.3785909327304],[-118.398070800893,34.3785870636401],[-118.398070709684,34.3785527154946],[-118.398070673116,34.3785384578545],[-118.398070644094,34.3785278288641],[-118.398070334284,34.3784108351102],[-118.39807027001,34.3783864515312],[-118.398070027635,34.3782954136206],[-118.398069678325,34.3781633202019],[-118.398068681183,34.3777863226851],[-118.398068254672,34.377625089232],[-118.398066167427,34.3768372815392],[-118.39806048998,34.3746924432322],[-118.398060490607,34.374692346766],[-118.3980684569,34.3739963542503],[-118.398073786255,34.3735307069535],[-118.398085935768,34.3724695008512],[-118.398090105555,34.3721053060774],[-118.398102631223,34.3710111737273],[-118.39810335773,34.3709477123397],[-118.398104541111,34.3708442366531],[-118.398104681676,34.3708320095827],[-118.398104709959,34.3708295086336],[-118.398105700317,34.370742984229],[-118.398123945914,34.3691490908618],[-118.398142510395,34.3675271901511],[-118.398147557846,34.3670862303472],[-118.398149605977,34.3669073032788],[-118.398151863497,34.3667100779763],[-118.398183655413,34.3667103567005],[-118.398335456635,34.3667116898773],[-118.405721649446,34.366776174433],[-118.405761342874,34.3667766212576],[-118.409492022004,34.3668084926848],[-118.409580256654,34.3668091907787],[-118.413263209604,34.3668417880608],[-118.413662688577,34.3668464342053],[-118.415495128828,34.3668677747575],[-118.418845853735,34.3669053606974],[-118.418864405689,34.3669055868875],[-118.419963681158,34.3669183265644],[-118.422196013502,34.366944229934],[-118.422246641687,34.3669448009608],[-118.426663685634,34.3669945144055],[-118.426860384832,34.366996896139],[-118.431129439858,34.3670469390679],[-118.431131301181,34.3670469468724],[-118.431200457112,34.3670472255822],[-118.437691419088,34.3670256748461],[-118.439899923125,34.3670127624201],[-118.448567812089,34.3669765115657],[-118.448664393297,34.3669761045427],[-118.448717443085,34.3669716556302],[-118.448728906761,34.3669706945284],[-118.448746684202,34.3669692033887],[-118.457411314013,34.366242287825],[-118.466158048057,34.3655078436488],[-118.475918618119,34.366281472287],[-118.484787452154,34.3667476741945],[-118.484913565015,34.3609150407254],[-118.484923616884,34.3604501566017],[-118.48494064193,34.3596628364676],[-118.484942073355,34.3595966352957],[-118.484942069652,34.3595845997751],[-118.484942070235,34.3595845132251],[-118.484946866199,34.3592800508829],[-118.484968651119,34.3578970238355],[-118.484995218191,34.3562103349299],[-118.485033245302,34.3537960152178],[-118.485067861838,34.3515979221708],[-118.485008256245,34.3485043749966],[-118.484930988731,34.3444939195301],[-118.484835702097,34.3395464911997],[-118.484800209277,34.3377034655169],[-118.484799533593,34.337668378517],[-118.484794170327,34.3373898911181],[-118.488537537291,34.3375446220824],[-118.489246478801,34.3375739665652],[-118.489387100689,34.3375798546406],[-118.489755754813,34.3375952943032],[-118.491306152287,34.3376592822608],[-118.491958821586,34.3376862498056],[-118.492338077792,34.3377019180488],[-118.492349646587,34.3377024047551],[-118.493699609509,34.3377592499968],[-118.495539740466,34.3378351961408],[-118.498152785477,34.3379429948223],[-118.498864184484,34.3379722738619],[-118.500270299328,34.338030678236],[-118.500414358858,34.3380366610362],[-118.502356649003,34.338117309812],[-118.503821634387,34.3373115896239],[-118.504029199562,34.3371524773195],[-118.504212755327,34.3370156667866],[-118.50426967195,34.3369727798874],[-118.504400547992,34.3368741908975],[-118.505067744323,34.3363715159578],[-118.506499075919,34.3352920479547],[-118.506624461123,34.3351974796197]]]},"properties":{"OBJECTID":10345,"Date":null,"Code":"19SC001","DivisionName":"SANTA CLARITA VALLEY WATER AGENCY DIV 1","division_type":"WATER AGENCY","group_type":"19","District":"SANTA CLARITA VALLEY WATER AGENCY","Shape__Area":1224731132.2275391,"Shape__Length":245166.64142778507,"GlobalID":"82619204-58c3-4c5b-be6b-fd08a9aa7f27","CreationDate":1788987057416,"Creator":"RRCCgis_lacounty","EditDate":1788987057416,"Editor":"RRCCgis_lacounty"}},{"type":"Feature","id":10346,"geometry":{"type":"Polygon","coordinates":[[[-118.461591541106,34.4127437783581],[-118.461592453707,34.4127437676726],[-118.461605904472,34.4127436019852],[-118.461930201033,34.4127396076895],[-118.46224472221,34.4127357327245],[-118.462251151314,34.4127351862328],[-118.46269064104,34.412730213499],[-118.462978530719,34.4127271170805],[-118.463577863736,34.4127206698916],[-118.464073937333,34.4127153316089],[-118.46410051928,34.4127150441787],[-118.464119847137,34.4127146366504],[-118.464162645778,34.4127137345081],[-118.464166823605,34.4127136635256],[-118.464170138829,34.4127135958443],[-118.464170133586,34.4127136310242],[-118.465126625306,34.4127139487246],[-118.465126660084,34.412713943182],[-118.46539102976,34.4127109231197],[-118.465392631331,34.4129204985834],[-118.465392689258,34.4129277521104],[-118.465392726375,34.412932643696],[-118.465392807917,34.4129431507717],[-118.465392813719,34.4129437998545],[-118.465397228394,34.4135118526294],[-118.465398158362,34.4135832938914],[-118.465403117894,34.4142811826893],[-118.465403394718,34.4143188549619],[-118.465404475663,34.4144710578292],[-118.465405583345,34.4146274617444],[-118.465408809016,34.4146275124742],[-118.465806783293,34.4146338352619],[-118.465808719784,34.4146338656892],[-118.466129442049,34.4146389352465],[-118.466129409705,34.4146403480758],[-118.466371610448,34.4146317296248],[-118.466405984824,34.4156856376268],[-118.466408063699,34.415749369941],[-118.466412228226,34.4164935573031],[-118.466413075537,34.4166448883609],[-118.466414621323,34.4169209665905],[-118.466416365645,34.4172325014095],[-118.466415523145,34.4176742268676],[-118.466413151537,34.4184350563595],[-118.466413089914,34.418720149774],[-118.466418881449,34.4191813354479],[-118.466408457767,34.4191821815021],[-118.466409255841,34.4192168830051],[-118.466150255261,34.4192228830762],[-118.465961056574,34.4192734612985],[-118.465847254824,34.4193038834613],[-118.46569216001,34.4193912778652],[-118.465599196233,34.419443662306],[-118.465593041219,34.4194326096797],[-118.465579113893,34.4194387944755],[-118.465566623555,34.4194443769383],[-118.465505383027,34.4194628166694],[-118.465358039977,34.419501165365],[-118.465314953763,34.4195047655082],[-118.465298966558,34.4195042426437],[-118.465289309018,34.4197001010895],[-118.465285950728,34.4197760610374],[-118.465370299411,34.4197724306188],[-118.465630195046,34.4197576983245],[-118.465716069611,34.4197528303116],[-118.465602136454,34.4195097776723],[-118.465627622867,34.4194954734569],[-118.465815704293,34.419902715485],[-118.46586231032,34.420003627355],[-118.46588854704,34.4200604341438],[-118.465889798966,34.4200631150064],[-118.4659002382,34.4200854518961],[-118.465922768738,34.4201261543783],[-118.46595652373,34.4201801961155],[-118.465985594202,34.4202211917044],[-118.466050610217,34.4202955087288],[-118.466156991193,34.4204088618657],[-118.466192193057,34.4204463277736],[-118.466256028832,34.4205155501455],[-118.466319870762,34.4205860472299],[-118.466374546097,34.420667414167],[-118.466404827888,34.4207189213974],[-118.466430515651,34.4207739505504],[-118.466444944545,34.4208099032521],[-118.466464878706,34.4208675040625],[-118.466484594445,34.4209550600927],[-118.466492290766,34.4210244982294],[-118.466510532857,34.421232754646],[-118.46651598891,34.4212848486618],[-118.466519980806,34.4213198777545],[-118.466528941359,34.4213710603625],[-118.466557671322,34.421467093996],[-118.466597206586,34.4215563479898],[-118.466848179308,34.4220989417385],[-118.46709838552,34.4226416190514],[-118.46709807273,34.4226417140156],[-118.467099124982,34.422644082802],[-118.467104839379,34.4226577722329],[-118.467110287707,34.4226715456293],[-118.467115439347,34.4226853751616],[-118.467120324913,34.4226992877579],[-118.46712174967,34.4227036736451],[-118.46712488038,34.422713312514],[-118.467129170547,34.4227273644361],[-118.467133129218,34.4227414735297],[-118.467136823839,34.4227556386338],[-118.467138493146,34.4227626984313],[-118.467140185865,34.4227698591106],[-118.467143283846,34.4227841364993],[-118.467146050017,34.4227984151659],[-118.467148786312,34.422813380015],[-118.467151821321,34.422828261674],[-118.467155186903,34.4228431150138],[-118.467158851351,34.4228579122088],[-118.467162813578,34.4228726532633],[-118.467164955713,34.4228879783095],[-118.46717244113,34.4229041617726],[-118.467177363993,34.4229187071],[-118.467182618199,34.4229331673084],[-118.467188203762,34.4229475451021],[-118.467194053224,34.4229618389381],[-118.467204065989,34.4229852123182],[-118.467214907588,34.4230085545574],[-118.467378980325,34.4233639203609],[-118.46746970172,34.4235604144801],[-118.467471033228,34.4235632996678],[-118.467304510093,34.4235648203014],[-118.467088107725,34.4235650768075],[-118.466874223881,34.4235653241354],[-118.46682727885,34.4235656175053],[-118.466611470088,34.4235669662406],[-118.466336240951,34.4235672556557],[-118.466298780239,34.4235672977934],[-118.466298778538,34.4235656335676],[-118.465000431359,34.4235659206881],[-118.464395901622,34.4235717805547],[-118.464404687786,34.4239550143414],[-118.464403181519,34.4242796138777],[-118.464412064082,34.424386060069],[-118.464423940096,34.4244344459161],[-118.464455874913,34.4245119511432],[-118.464474277631,34.4245414203467],[-118.464501044242,34.4245839099313],[-118.464766404756,34.4248944348469],[-118.464823120114,34.4249557012567],[-118.464899791104,34.4250275391801],[-118.464742814836,34.4251239728759],[-118.464628774133,34.425189329214],[-118.464532878371,34.4252381278015],[-118.464380724047,34.4253074072838],[-118.464317847736,34.4253306614359],[-118.464253298057,34.4253511740837],[-118.464195336388,34.4253637613434],[-118.464137347906,34.4253715398952],[-118.464026287555,34.4253767735733],[-118.463719553298,34.4253779465507],[-118.46335151443,34.4253869095967],[-118.463046448778,34.4253897919205],[-118.462991728475,34.4253889703369],[-118.462992260807,34.4260832684954],[-118.462992956589,34.4268034463336],[-118.462993439036,34.4271795202751],[-118.462993951678,34.4275790321705],[-118.465991924393,34.4275723587307],[-118.466354881412,34.4275716508751],[-118.466620201882,34.4275761236225],[-118.466978332535,34.4275726872954],[-118.467076193389,34.4275791838282],[-118.467179039874,34.4275863417396],[-118.467293505556,34.4275968914532],[-118.46736213361,34.4276053899774],[-118.46740906016,34.4276112855121],[-118.467509619417,34.4276261357314],[-118.467549051505,34.4276319591233],[-118.467617109764,34.4276461231368],[-118.467634015525,34.4276502924721],[-118.467754921819,34.4276799429679],[-118.46795757908,34.4277454682878],[-118.467859355353,34.4279697963415],[-118.467808766586,34.4281142576301],[-118.467774656972,34.4282407914538],[-118.467752068921,34.4283521684254],[-118.467723683568,34.428612276686],[-118.467714576071,34.4287620773391],[-118.467708869037,34.4289276561491],[-118.467711319016,34.4290684753312],[-118.467723615581,34.4291907083868],[-118.467741158741,34.4292794535641],[-118.467739298735,34.4293025968028],[-118.467774600102,34.4294110324224],[-118.467813351496,34.4295207953078],[-118.467858739872,34.4296319101273],[-118.467957840188,34.4298572115875],[-118.468011488169,34.4299617538579],[-118.468063385659,34.4300498399466],[-118.468120237394,34.4301341195513],[-118.468260581643,34.4303228279081],[-118.468347413205,34.4304307038258],[-118.468449215805,34.4305477833289],[-118.468544288368,34.4306463369752],[-118.468630977464,34.4307287674449],[-118.468719246625,34.4307974839242],[-118.468807479872,34.4308599871064],[-118.468904004813,34.430922816084],[-118.469117000998,34.431055621571],[-118.469331576822,34.4311753357105],[-118.469423031063,34.4312199972498],[-118.469637436239,34.4313094875849],[-118.470076163362,34.431480575433],[-118.470483343035,34.4316452434248],[-118.470692744206,34.4317271973545],[-118.471769696561,34.4321602841262],[-118.471940536254,34.4322293271434],[-118.474077055838,34.4330927512739],[-118.474227817557,34.4331536763991],[-118.474418937387,34.4332288265916],[-118.475053796704,34.4334777755561],[-118.475362964874,34.4336070895006],[-118.47582833809,34.4337955554832],[-118.476006210943,34.4338721498136],[-118.476192436959,34.43396106031],[-118.476293502736,34.4340154840444],[-118.47633049472,34.4340353952341],[-118.476351332202,34.4340479096506],[-118.476443600294,34.4339418541701],[-118.476443945206,34.4339414723681],[-118.47644427934,34.4339416793102],[-118.476624435089,34.4337947392117],[-118.47662590366,34.433793541614],[-118.476871833553,34.4338487731804],[-118.476911982821,34.4338577893643],[-118.476920981872,34.4338598103864],[-118.476923588983,34.4338603960512],[-118.476928065347,34.4338613521102],[-118.476931966504,34.4338621851171],[-118.476934654446,34.4338628254574],[-118.476939410363,34.4338639571176],[-118.476940253684,34.4338641584504],[-118.476940303811,34.4338641717764],[-118.476945812319,34.4338656214237],[-118.476948524637,34.4338663382983],[-118.476952235667,34.4338674109586],[-118.476956664918,34.4338686899509],[-118.476956717237,34.4338687059728],[-118.476956991931,34.4338687932432],[-118.476961743417,34.4338702909428],[-118.476964779175,34.4338712472551],[-118.476968081414,34.4338723765156],[-118.476969034258,34.4338727027309],[-118.476972776931,34.4338739808159],[-118.476973938185,34.4338744098881],[-118.476980331067,34.4338767693108],[-118.476980678898,34.4338768977642],[-118.476987945782,34.4338798758087],[-118.476994515751,34.433882568102],[-118.476994667346,34.4338826297118],[-118.476996157498,34.4338833009049],[-118.476999900339,34.4338849882849],[-118.47700375771,34.4338867247988],[-118.477029429545,34.4339001856338],[-118.477034724906,34.4339033643561],[-118.477036508958,34.4339044364772],[-118.477038284641,34.4339055672309],[-118.477040867357,34.4339072122917],[-118.477043440243,34.4339088510804],[-118.477047364845,34.4339114969765],[-118.477050222277,34.433913423137],[-118.477053733709,34.4339159309198],[-118.477056845268,34.4339181526855],[-118.477059035239,34.4339198065026],[-118.477059135779,34.4339198827377],[-118.47706330482,34.4339230325311],[-118.477066054998,34.4339252295733],[-118.477069597666,34.4339280617851],[-118.477075717247,34.433933235064],[-118.477076084165,34.433933086671],[-118.477076243817,34.4339334151031],[-118.477119839368,34.4340228227882],[-118.477120224726,34.4340236137211],[-118.477124258809,34.4340318838555],[-118.477166683244,34.4340661384699],[-118.477179386534,34.4340763957432],[-118.47725925848,34.4341408847242],[-118.477439258039,34.4343128851597],[-118.477533258294,34.4344058843676],[-118.477578258996,34.4344388845807],[-118.477662257799,34.4344318852308],[-118.477906742203,34.4344042820349],[-118.478096257493,34.4343828847792],[-118.478273258009,34.4343808843898],[-118.478586258798,34.4344078833652],[-118.478918257494,34.4344798850485],[-118.478940258165,34.4344858844519],[-118.479183258446,34.4345528843245],[-118.479770258347,34.4347618848472],[-118.479953259183,34.4348268846416],[-118.480211943298,34.4349085045987],[-118.48053325799,34.4350098836923],[-118.480547602133,34.4350143895392],[-118.480559516881,34.4349900964827],[-118.480699071109,34.4350352378626],[-118.481830407435,34.4353927870676],[-118.481940080474,34.4354335596636],[-118.483505131334,34.4359449572495],[-118.483918870283,34.4360872438766],[-118.484088336057,34.4361425422486],[-118.484212918606,34.4361798265711],[-118.48432253867,34.4362096120362],[-118.484418840319,34.4362298393257],[-118.484501815857,34.4362405021915],[-118.484586420904,34.4362456573296],[-118.484669574759,34.4362460076193],[-118.484783703263,34.436237315204],[-118.484914688633,34.4362226403385],[-118.485547517423,34.4361257177064],[-118.486276596026,34.4360297285611],[-118.486475423986,34.4360010947659],[-118.486690810318,34.4359700051522],[-118.486810120347,34.4359554535077],[-118.486912869364,34.4359440505607],[-118.487113458175,34.4359339577214],[-118.487372114289,34.4359281092118],[-118.487486532845,34.4359280074134],[-118.487708742081,34.43592813125],[-118.488116715215,34.4359340444387],[-118.488332352683,34.4359455447947],[-118.488397037744,34.4359473453139],[-118.488576158609,34.4359517925835],[-118.488712072495,34.4359527813666],[-118.489042220389,34.4359499589284],[-118.489130017065,34.4359512620029],[-118.489232876268,34.4359597805581],[-118.489344074254,34.4359758166446],[-118.489447002694,34.4359949962864],[-118.489526726778,34.436016657639],[-118.48958277571,34.4360388264845],[-118.48960318917,34.4360469002867],[-118.489689553185,34.4360702683867],[-118.489794163726,34.4360945769872],[-118.489908720841,34.4361178040594],[-118.490021585482,34.4361352067344],[-118.490091278858,34.4361424845809],[-118.490142702323,34.4361450256133],[-118.490159283214,34.436145644691],[-118.490222295934,34.4361453900866],[-118.490286926733,34.4361375695432],[-118.490353193291,34.4361266672194],[-118.490429366666,34.4361085008153],[-118.490505510888,34.4360848360217],[-118.490692479399,34.4360153830074],[-118.490728856225,34.4359973728638],[-118.490771822519,34.4359717829963],[-118.490837871935,34.4359244394546],[-118.490862641154,34.4359064825436],[-118.490950110958,34.4358357259637],[-118.491025967218,34.435763287182],[-118.491096818219,34.4356857019186],[-118.491187366896,34.4355750938867],[-118.491226831625,34.4355189289631],[-118.491259686914,34.4354665862513],[-118.491302229438,34.4353688661232],[-118.491341663626,34.4353079231509],[-118.491389360865,34.4352407342212],[-118.491448663268,34.4351738579732],[-118.491504745315,34.4351238417207],[-118.491603833501,34.43505438358],[-118.491703014456,34.43500177196],[-118.491850176965,34.4349304166617],[-118.492159304361,34.4347670381955],[-118.492430600669,34.4346560221789],[-118.492551383211,34.4346105488781],[-118.492665522607,34.4345633741923],[-118.492849107184,34.4344815607081],[-118.492936786169,34.4344464989967],[-118.493029458863,34.4344152114871],[-118.493130461505,34.4343893821966],[-118.493153656979,34.4343858539625],[-118.493282875914,34.4343657671127],[-118.493523188085,34.4343428049141],[-118.49379512259,34.4343399647062],[-118.493980862499,34.4343433303598],[-118.494044995806,34.4343335616152],[-118.494044680752,34.4343420815008],[-118.494128346874,34.4343438025618],[-118.494180814589,34.434355992162],[-118.494220706879,34.4343834995609],[-118.494245733406,34.4344287186617],[-118.494251598969,34.4344468228272],[-118.494296353894,34.4346145666699],[-118.494335908496,34.4347794693118],[-118.49443628149,34.4351988761801],[-118.494485869572,34.435404764921],[-118.494507849825,34.4355186933322],[-118.494513961962,34.4355783013367],[-118.494520091104,34.4356407716443],[-118.494521703453,34.4358153707171],[-118.494527108637,34.4358530364427],[-118.49454228797,34.4358882768641],[-118.494572993892,34.4359201156049],[-118.494601295474,34.4359347890017],[-118.494615145176,34.4359399794694],[-118.494660662202,34.4359450426231],[-118.494683701967,34.4359463794147],[-118.494740705744,34.4359466238764],[-118.494925065447,34.4359502109972],[-118.494928823963,34.4355247316545],[-118.495078261004,34.4332625676265],[-118.495114224664,34.4330167327504],[-118.495198949462,34.4327408832625],[-118.495308965494,34.4324822236933],[-118.49541576583,34.4322879810071],[-118.495583330662,34.4320249111361],[-118.495736838222,34.4318185509324],[-118.495926222498,34.4315941529055],[-118.496090825606,34.4314384347904],[-118.496319985399,34.4312466722198],[-118.49667840141,34.431006673536],[-118.496878675081,34.4308954135402],[-118.496992308182,34.4308341223801],[-118.497095672898,34.4307886157971],[-118.49737558426,34.430660093278],[-118.497709154115,34.4305506698712],[-118.497802239314,34.4305195176293],[-118.49824727602,34.4304203698564],[-118.498559734325,34.4303911781945],[-118.498660718091,34.430381102278],[-118.498715124684,34.4303808786206],[-118.498905892287,34.4303785796313],[-118.499167265003,34.4303775044156],[-118.499415284068,34.4303838221098],[-118.499743623893,34.4303921839835],[-118.500910706415,34.4304146563794],[-118.501065061204,34.4304140189235],[-118.501178213666,34.4304067295824],[-118.501573206536,34.4303795178104],[-118.501823477365,34.4303470795905],[-118.501885795532,34.4303390018647],[-118.501998915901,34.4303265965782],[-118.502083224902,34.4303143104352],[-118.502375184587,34.430261194904],[-118.502539966021,34.4302321275469],[-118.50261025277,34.4302197278331],[-118.503285702291,34.4300451849246],[-118.503843827357,34.4298229358126],[-118.504514620529,34.4295200807987],[-118.504990757108,34.4292528155821],[-118.505069983919,34.4291993203871],[-118.505123162968,34.4291649145355],[-118.505341126774,34.4290202127136],[-118.505404315343,34.4289700368487],[-118.505798019973,34.4286567792138],[-118.505862786453,34.4285985034415],[-118.505943633704,34.4285264617311],[-118.506151011499,34.4283416680191],[-118.506199521636,34.4282875050827],[-118.506484135551,34.4279726782113],[-118.506542262356,34.4278935186693],[-118.506623821292,34.4277859340833],[-118.506789323546,34.4275613102915],[-118.506829648617,34.4274997625537],[-118.507046604024,34.4271697033636],[-118.507203475451,34.4269299476245],[-118.507236878977,34.426941959754],[-118.50733742655,34.4269781190902],[-118.5075032876,34.4270377659886],[-118.508045635528,34.4272053379079],[-118.508410494158,34.4272949888122],[-118.508857204732,34.4273692468568],[-118.50975022673,34.4274525038217],[-118.510485087094,34.4274276613109],[-118.51083932579,34.4274044196106],[-118.511219802941,34.4273307705083],[-118.511265078428,34.4273220718994],[-118.511704564116,34.4272376335997],[-118.512241929868,34.4271015749743],[-118.512359802547,34.427071729466],[-118.513499784196,34.4267623846562],[-118.515856359157,34.4260987244727],[-118.517131455749,34.4257543401591],[-118.519349235425,34.4253858309988],[-118.520324818088,34.4252856744063],[-118.521511399793,34.4251724719224],[-118.522754043167,34.4250539072223],[-118.523863474497,34.4249413882949],[-118.525004501803,34.4248404794023],[-118.525447888186,34.4247970690512],[-118.526033797135,34.4247708354389],[-118.52646367779,34.4247499660712],[-118.526911028827,34.4247717791872],[-118.528042305818,34.4248868138629],[-118.528133248104,34.4248960607849],[-118.529257758084,34.4250103968795],[-118.531388182131,34.4252145082152],[-118.532418838624,34.4253166767512],[-118.533785516116,34.4256165115315],[-118.534500436796,34.4258677114468],[-118.537140350459,34.4272188006451],[-118.537206903156,34.4272600244253],[-118.537321810386,34.427337145968],[-118.537390066221,34.4273787452575],[-118.537589748443,34.4274891507542],[-118.537709467438,34.4275411590227],[-118.53782416381,34.4275856616061],[-118.538178106251,34.4277046417978],[-118.538527143321,34.427833287383],[-118.538907793545,34.4279792939737],[-118.539177023253,34.4280739193053],[-118.539399671033,34.4281450614855],[-118.539491040526,34.4281718067677],[-118.539650480716,34.4282119552493],[-118.539889158017,34.4282596420503],[-118.540278062379,34.428337296335],[-118.540347583865,34.4283457162652],[-118.540480510736,34.4283618124423],[-118.540586756377,34.4283809023804],[-118.540998555964,34.4284714831494],[-118.541109771719,34.4284905486619],[-118.541222629973,34.428506532502],[-118.54134003335,34.4285184047781],[-118.541346553701,34.4285190635535],[-118.541405938026,34.4285250678206],[-118.541479807809,34.4285325373095],[-118.541691107714,34.4285506614596],[-118.541776780507,34.4285580041355],[-118.541897866874,34.4285650163647],[-118.54211526376,34.4285675348757],[-118.54218171032,34.4285660010022],[-118.542708485128,34.428553808767],[-118.542891981475,34.4285427408211],[-118.543056388595,34.4285328245745],[-118.543682811611,34.4284734931475],[-118.544402364281,34.4284019304277],[-118.545016947037,34.4283541037805],[-118.545273640547,34.4283309400784],[-118.545397629675,34.4283181767674],[-118.545532068486,34.4283043322728],[-118.545823337254,34.42828430613],[-118.545860592045,34.4282817214729],[-118.545958391193,34.4282778455936],[-118.546018069222,34.4282755160744],[-118.546270110162,34.4282764422571],[-118.546446434883,34.4282828558944],[-118.546497326415,34.4282847064816],[-118.546652762177,34.4282862491562],[-118.546695802045,34.4282866763546],[-118.54683062968,34.4282880132656],[-118.547137972783,34.4283071545355],[-118.547129617232,34.4282866651111],[-118.547175508946,34.4282864581171],[-118.547475597784,34.4282816692837],[-118.547913369071,34.4282796927659],[-118.548342772753,34.4282777524926],[-118.548487035893,34.4282788069051],[-118.548878719491,34.4282892357899],[-118.549193572981,34.4283063040021],[-118.549504076497,34.4283319070283],[-118.549641496407,34.4283456865219],[-118.550029534682,34.4283966595456],[-118.550358040899,34.4284365808257],[-118.550526554862,34.4284554047904],[-118.550867856824,34.4284935636154],[-118.551013900755,34.4285126025344],[-118.551164953529,34.42853733427],[-118.551432258178,34.4285900602755],[-118.551687997428,34.4286486676354],[-118.552649836468,34.4289163276732],[-118.552995384357,34.4290157405145],[-118.553520593762,34.4292025905803],[-118.553806505098,34.4293094963439],[-118.554065762328,34.4294125555112],[-118.554147331383,34.4294449799721],[-118.554518151404,34.4296037051282],[-118.554749325184,34.4297073978749],[-118.55489379403,34.4297787844342],[-118.555250400933,34.4299592309224],[-118.555670886998,34.4301844462518],[-118.555862179981,34.430289941426],[-118.556031982543,34.4303903680907],[-118.556310248605,34.4305928209682],[-118.556497013399,34.4307199061093],[-118.556760995126,34.4308898752601],[-118.556808467913,34.4309207243704],[-118.556916550775,34.4309959574178],[-118.557166844083,34.4311857069691],[-118.557365458302,34.4313438700691],[-118.557557274897,34.4314885031541],[-118.557490596758,34.4315586481342],[-118.557427997382,34.4316251844108],[-118.557026715586,34.4320515771761],[-118.556944495148,34.4321546434516],[-118.556862377941,34.432273179586],[-118.556745866395,34.4324554301323],[-118.556672070465,34.4325790685123],[-118.556595056545,34.4327164898959],[-118.556523027129,34.4328559159206],[-118.556451088429,34.4330094442401],[-118.556347297779,34.4332395888319],[-118.556250657568,34.433443046578],[-118.556163617621,34.4336193924602],[-118.556126837354,34.4337386533105],[-118.556075647449,34.4338999386677],[-118.556032705977,34.4340747363075],[-118.556013717048,34.4341668559175],[-118.555997784797,34.4342291936406],[-118.555978745826,34.4343131761938],[-118.555961129653,34.4344153578755],[-118.555950854729,34.4345716522661],[-118.555938912763,34.4347872718673],[-118.555923712729,34.4350616983701],[-118.555869532013,34.4362011945034],[-118.555821041782,34.4371549909881],[-118.555807902571,34.4373899089232],[-118.555787370303,34.4377570198089],[-118.555786166799,34.4377785369086],[-118.55577462605,34.4379376651668],[-118.55575687522,34.4380958049355],[-118.555732965039,34.4382551827769],[-118.555703004213,34.4384125265099],[-118.555665326374,34.438571527444],[-118.555621135744,34.4387285522703],[-118.555570047809,34.4388859927178],[-118.555511854973,34.4390424225946],[-118.555447891281,34.4391988229662],[-118.555378620785,34.4393551105606],[-118.555136089542,34.4398808503784],[-118.555085874173,34.4399897009601],[-118.55462476716,34.4409730546458],[-118.554234696822,34.4418171208433],[-118.553837176888,34.4426692713345],[-118.553763319979,34.4428351685274],[-118.553706881848,34.4429695270432],[-118.553662119106,34.4428733155358],[-118.553632270666,34.4429398805983],[-118.55351354181,34.443309356515],[-118.553489272005,34.4433848817082],[-118.553478271974,34.4434178803626],[-118.553391452196,34.443885589898],[-118.553385272591,34.4439188811923],[-118.553347756864,34.4441694803374],[-118.553381475612,34.4442458688443],[-118.55341879846,34.4442474070231],[-118.553415259477,34.4443410522873],[-118.553402044587,34.4446907150707],[-118.553380380322,34.4456386979048],[-118.553370664558,34.4459136433475],[-118.553358624406,34.4460528522765],[-118.553340187116,34.446194288324],[-118.553315541073,34.446338302227],[-118.553289569794,34.4464628751155],[-118.553251809187,34.4466262200556],[-118.553212430284,34.4467695915997],[-118.553167442032,34.4469083178403],[-118.553069376056,34.4471749481287],[-118.553013343538,34.4473087247249],[-118.552888877454,34.4475717139662],[-118.552821675416,34.447697103881],[-118.552751522634,34.4478168789052],[-118.552637892424,34.4479935342348],[-118.552593121449,34.4480598000454],[-118.552503749239,34.448183010756],[-118.552407821846,34.4483078172116],[-118.55197189264,34.4488030434941],[-118.551321941,34.4495032783647],[-118.551190983939,34.4496443597586],[-118.551112232481,34.4497291977514],[-118.550733503056,34.4501372479337],[-118.549886399881,34.4510547356407],[-118.549657095982,34.4513079775657],[-118.549550416177,34.4514336517044],[-118.54944983204,34.4515626816105],[-118.549366045916,34.451679710759],[-118.549354692369,34.4516956652613],[-118.549266163205,34.4518297007553],[-118.549182276151,34.4519656633921],[-118.549101135424,34.4521060355759],[-118.549025338596,34.4522479747352],[-118.548954245978,34.4523933301203],[-118.548888488595,34.4525415732894],[-118.548827234461,34.4526947707289],[-118.548770697255,34.4528544622046],[-118.548721766102,34.4530101831493],[-118.54867800334,34.4531700485035],[-118.548641140043,34.4533298555983],[-118.54861187646,34.4534899970483],[-118.54858997187,34.4536496102763],[-118.548575378619,34.4538060810468],[-118.548565365714,34.4539585237792],[-118.548559906296,34.4540965799465],[-118.5485588746,34.4542059472485],[-118.548596179422,34.4545062091863],[-118.548613716427,34.4547355509939],[-118.548633826619,34.4549687262128],[-118.548640143262,34.4550417085492],[-118.548690600756,34.4552781002556],[-118.548744244411,34.455550694936],[-118.548838693123,34.4558326685327],[-118.548931500591,34.4560674982443],[-118.548993993718,34.4562203792819],[-118.549210082589,34.4567490105769],[-118.549425794766,34.4572767137006],[-118.5494881813,34.4574293299091],[-118.549560671848,34.4576868634473],[-118.549645140238,34.4580640387045],[-118.549679405103,34.4583757995843],[-118.54970948615,34.458600315239],[-118.549727300814,34.458733304835],[-118.549734267207,34.4588552177178],[-118.549746119043,34.4590626173366],[-118.549741705154,34.4593378392502],[-118.549792549858,34.4606924828113],[-118.549817311171,34.4613521856626],[-118.549842066076,34.4620116829563],[-118.549852512637,34.4622899919556],[-118.549786768362,34.4622913346971],[-118.549539415586,34.4622964912125],[-118.548729317507,34.462285597981],[-118.548124858687,34.4622774670124],[-118.547965616654,34.4622753237729],[-118.547943991288,34.4622749796644],[-118.547349393076,34.4623105842832],[-118.547056231439,34.46231122911],[-118.546811991578,34.4623109387893],[-118.546486032816,34.4623089289419],[-118.546149775392,34.4623208887816],[-118.545713494473,34.4622560620747],[-118.545407555338,34.4622423538411],[-118.545102472997,34.4621975704731],[-118.544902644255,34.462160021913],[-118.544813107896,34.4621532476859],[-118.544556666444,34.4621328943514],[-118.544406520233,34.4621063389305],[-118.544272012467,34.4620825485168],[-118.543973381029,34.4620558569479],[-118.543872922084,34.4620300517953],[-118.543718982953,34.4619904808307],[-118.54345166466,34.4619159771994],[-118.543202127671,34.461840978685],[-118.542939316594,34.461756145599],[-118.542696606725,34.4616722173507],[-118.542690234791,34.4616700145457],[-118.542603074162,34.4616385287046],[-118.542225831704,34.4615007599517],[-118.542094751635,34.4613622449743],[-118.542026794807,34.46129915977],[-118.541306270847,34.4610448838224],[-118.541131289987,34.460985722025],[-118.541092020691,34.4609723524582],[-118.54104731815,34.4609564990312],[-118.540119270392,34.4606388832793],[-118.539681270422,34.460481883151],[-118.539592270464,34.4604508838533],[-118.539385270239,34.4603788834135],[-118.539000270791,34.4602918838595],[-118.538674702413,34.4602542280712],[-118.538601779944,34.4601712102241],[-118.538586241524,34.4601740487032],[-118.538414398065,34.4602101577401],[-118.53806934937,34.4601902956131],[-118.537781929211,34.4602536466705],[-118.536532652306,34.4601609686193],[-118.535526005482,34.4600862774191],[-118.53522539438,34.4600639662797],[-118.535029404161,34.4600494196904],[-118.534878743034,34.4600412632211],[-118.534712993574,34.4600355368737],[-118.534547100749,34.4600332448784],[-118.534397787445,34.4600341197638],[-118.534333103583,34.4600350915614],[-118.534135766575,34.4600435169652],[-118.533936801681,34.4600567607027],[-118.533820767304,34.4600685926574],[-118.533689827838,34.4600849688774],[-118.533313629047,34.4601374575976],[-118.532237936299,34.4602696274714],[-118.530822383067,34.460429706074],[-118.530644657062,34.4604505929822],[-118.5305817657,34.460458602238],[-118.53024888944,34.4604984959152],[-118.529985330389,34.4605278129826],[-118.529574211357,34.4605670611104],[-118.528943302193,34.4606221043956],[-118.528825393195,34.4606323981133],[-118.528551325228,34.4606563450419],[-118.528187437655,34.4606953286507],[-118.52809374864,34.4607053611742],[-118.527959548678,34.4607197313614],[-118.527729089531,34.4607379107083],[-118.527480350573,34.4607489396674],[-118.527196718763,34.46075292005],[-118.52709718817,34.460751291489],[-118.526931261053,34.4607437630303],[-118.526733754332,34.4607253907275],[-118.526619202993,34.4607100875835],[-118.526489682032,34.4606890181517],[-118.526375091734,34.4606675376317],[-118.526213977124,34.460633198219],[-118.526006309101,34.460582578531],[-118.525913242178,34.4605541291789],[-118.525836768897,34.4605276642556],[-118.525649048875,34.4604572157164],[-118.525529707209,34.4604176521667],[-118.525413744515,34.4603791863641],[-118.525240226189,34.4603032764157],[-118.524879734678,34.4601173205708],[-118.524652738588,34.4600002209732],[-118.524465346078,34.4598967504909],[-118.52438536982,34.4598553541557],[-118.524380321625,34.4598527416857],[-118.524319562826,34.4599712684181],[-118.524136032783,34.460558205618],[-118.524039895999,34.4609134611609],[-118.524039588147,34.4609134886348],[-118.524066489524,34.4611149005745],[-118.524092009556,34.4613060707294],[-118.524107974996,34.4614255930256],[-118.524118818537,34.4615067699379],[-118.524141066955,34.4616733882964],[-118.524145245506,34.4617048599443],[-118.524172054579,34.4619055329911],[-118.524185562657,34.4620065754163],[-118.524195554977,34.4620813226462],[-118.524209574599,34.4621865009008],[-118.524219024559,34.4622573882975],[-118.5242190932,34.4622577450086],[-118.524220625089,34.4622692248408],[-118.524220936808,34.4622713664415],[-118.524249314593,34.4624841222635],[-118.52428246065,34.4627322508133],[-118.524310385064,34.462941408747],[-118.524317774724,34.4629967373392],[-118.524332773435,34.4631090424799],[-118.524347792155,34.4632215801273],[-118.524364945989,34.4633501125837],[-118.524408574128,34.4636767852425],[-118.52441564146,34.4637296513258],[-118.524428897712,34.4638326114624],[-118.52444236596,34.4639336251698],[-118.524450348195,34.4639934895131],[-118.52448955759,34.4642876457556],[-118.524516964508,34.4644934539535],[-118.524539080879,34.4646590738784],[-118.524539910279,34.4646652899782],[-118.524581070456,34.4649738920448],[-118.524621530728,34.4652774350025],[-118.524626897083,34.4653177004657],[-118.524636354801,34.4653886698219],[-118.524637244777,34.4653953418351],[-118.524639262773,34.4653949869224],[-118.524651831851,34.4655048891028],[-118.524701376803,34.465875034154],[-118.524716522227,34.4659883465077],[-118.524738343828,34.4661500748307],[-118.524750330383,34.4662410869652],[-118.524795357417,34.4665838827231],[-118.524821698861,34.4667844710394],[-118.524821806224,34.4667852711373],[-118.524866503696,34.4671178277565],[-118.525002947869,34.4681404453669],[-118.525042794358,34.4684293706013],[-118.52505381955,34.4685104095749],[-118.525074159619,34.4686627754799],[-118.525097973957,34.468841309599],[-118.5251293512,34.46907639216],[-118.525159963852,34.4693056829578],[-118.525181939398,34.4694704883373],[-118.525270091184,34.4701377314674],[-118.525293812821,34.4703136893484],[-118.525307719003,34.4704168385592],[-118.525355119983,34.4707669883719],[-118.525377593172,34.4709318708812],[-118.525378748264,34.470952417246],[-118.525380356068,34.4709648361268],[-118.525424248609,34.4715844578148],[-118.525427083142,34.4716187633284],[-118.525436476182,34.4717503195483],[-118.525440288184,34.4718035836906],[-118.525448881618,34.471923656928],[-118.525530044913,34.4730597194198],[-118.525557923416,34.4734498825438],[-118.525560979774,34.4734924063714],[-118.525605534031,34.474116062083],[-118.525613177378,34.4742231708424],[-118.525625876914,34.4744009018756],[-118.525641178239,34.4746270709529],[-118.525661472437,34.4748989901609],[-118.525673213322,34.4750762376026],[-118.525677240382,34.4751309279208],[-118.525678332046,34.4751517522234],[-118.525678537369,34.475162717588],[-118.525678537097,34.4751737072829],[-118.525678307157,34.4751847015786],[-118.525677846232,34.4751956644195],[-118.525677155655,34.4752066345657],[-118.525676233174,34.4752176003071],[-118.52567361282,34.4752451733386],[-118.525671506585,34.4752584845877],[-118.525669488302,34.4752693468908],[-118.525667267359,34.4752801812225],[-118.525663947696,34.475290967122],[-118.525662092028,34.4753017223398],[-118.525659143048,34.4753124236927],[-118.525655988159,34.4753230997929],[-118.525652608667,34.4753337209706],[-118.525648991498,34.4753442854794],[-118.525645175892,34.4753548012631],[-118.525639861258,34.4753647997474],[-118.525583011414,34.4755087584866],[-118.525554098372,34.4755819764121],[-118.5253510955,34.4760909694133],[-118.52534173493,34.476091054103],[-118.525348544882,34.4760977022864],[-118.525303704314,34.4762048272399],[-118.52518173403,34.4764962068591],[-118.525124285812,34.4766416807257],[-118.525107497591,34.4766840713339],[-118.525106989645,34.4766853501027],[-118.525105407915,34.4766893282001],[-118.525103151986,34.4766948066613],[-118.525101404728,34.4766989486523],[-118.525100177135,34.476701771255],[-118.525098803306,34.4767048820793],[-118.525097467191,34.4767079314363],[-118.525096192748,34.4767107479308],[-118.5250954346,34.4767124010168],[-118.525093894154,34.4767156757394],[-118.525092453743,34.4767187589042],[-118.525091119512,34.4767215891803],[-118.525089505092,34.4767248723367],[-118.525087605621,34.476728700351],[-118.525085311311,34.4767332720352],[-118.52508337774,34.4767370443017],[-118.525080556694,34.476742332279],[-118.525078162974,34.4767468493996],[-118.525064976985,34.4767711153171],[-118.525038933195,34.476819040799],[-118.525031848703,34.4768320418046],[-118.525012594395,34.4768674904404],[-118.524995734317,34.4768985039916],[-118.524926491612,34.4770259205722],[-118.524888490507,34.4770958455609],[-118.524857247607,34.4771533371166],[-118.524796926001,34.4772643648339],[-118.524788036961,34.4772807255275],[-118.524698029952,34.4774463170198],[-118.524667195389,34.4775030016893],[-118.524665326982,34.4775065825421],[-118.524664801971,34.4775075737935],[-118.524664072725,34.4775089788301],[-118.524662868368,34.4775113469547],[-118.524661825622,34.4775134475269],[-118.524660967765,34.4775151740651],[-118.524659133573,34.4775190017901],[-118.524657537714,34.4775224714776],[-118.524657006123,34.477523627738],[-118.524654619156,34.4775290508615],[-118.524652657521,34.4775337310862],[-118.524650762293,34.4775384110238],[-118.524650145585,34.4775400535785],[-118.524648705522,34.4775438877135],[-118.524646519634,34.4775499509578],[-118.524646162911,34.477551043355],[-118.524646043123,34.4775513828493],[-118.524644860826,34.4775550058128],[-118.52464352517,34.4775589963632],[-118.524641901273,34.4775645811688],[-118.524640504404,34.4775693959852],[-118.524639401882,34.4775734125738],[-118.524638728824,34.4775761327044],[-118.524638205488,34.4775782535697],[-118.524637074594,34.4775831231315],[-118.524636719035,34.4775847456252],[-118.524636364564,34.4775863681142],[-118.524636009923,34.4775879635579],[-118.524635688287,34.4775896138525],[-118.524635366475,34.4775912362004],[-118.524635044669,34.4775928594497],[-118.52463475678,34.4775945095984],[-118.524633002592,34.4775953132344],[-118.524632990547,34.4775985840493],[-118.524632968105,34.4776002051032],[-118.524632973298,34.4776010290821],[-118.524632978491,34.4776018530611],[-118.524632954966,34.4776034750213],[-118.524632966915,34.4776053708941],[-118.524632943981,34.4776122686245],[-118.524632929328,34.4776151256469],[-118.524632588283,34.4776874517282],[-118.524632396854,34.4777201250238],[-118.524631884912,34.4778232004389],[-118.524631397139,34.477924928858],[-118.524631253234,34.4779546061524],[-118.524631243762,34.477957766969],[-118.52463091232,34.4780259171047],[-118.524630259165,34.4781606522712],[-118.524629425431,34.4783285736556],[-118.524629347894,34.4783456355074],[-118.524628968775,34.4784248765089],[-118.524623986136,34.479442636173],[-118.524623896541,34.4794608944099],[-118.524623790344,34.4794842914575],[-118.524619794666,34.4803024888104],[-118.524613339653,34.4816238801813],[-118.524612031313,34.4816762631002],[-118.520390299322,34.4816642792227],[-118.520209917077,34.4816637632132],[-118.517238946417,34.4816571051799],[-118.515799326046,34.4816538461077],[-118.512415666515,34.4816464167622],[-118.511761161228,34.481644617976],[-118.511388715478,34.4816437832523],[-118.510105593252,34.4816408925982],[-118.509927180273,34.4816404891646],[-118.509927224037,34.4816387472203],[-118.502492825002,34.4816246416594],[-118.498148296062,34.4815393143442],[-118.4962203707,34.4814976375529],[-118.496220421508,34.4814959334502],[-118.49403053215,34.4814504224348],[-118.493436318169,34.4814379866658],[-118.489706766481,34.4813598664247],[-118.487043706673,34.4813040154025],[-118.485870209784,34.4812793851361],[-118.485218179409,34.4812664409676],[-118.484835802591,34.4812623802687],[-118.481932039925,34.4812315095884],[-118.479489145327,34.4812054833605],[-118.47709700688,34.4811799513522],[-118.476880791517,34.481177627595],[-118.476407353844,34.481172536751],[-118.476404360847,34.4811725043228],[-118.476403726045,34.48125599218],[-118.476403511754,34.4812841757778],[-118.476394841094,34.4824254342496],[-118.476377309004,34.4848295879277],[-118.476363887403,34.4865885302946],[-118.47634941526,34.4884853268199],[-118.476339042676,34.4884851863133],[-118.476228676894,34.4884836900482],[-118.475013037709,34.488467209196],[-118.47449857369,34.4884602329154],[-118.474480596439,34.4884599885477],[-118.472609531379,34.4884345996032],[-118.471844592349,34.4884242938662],[-118.467600738699,34.4883680479399],[-118.467548118249,34.4883673626093],[-118.467519383738,34.4906781322263],[-118.467514995211,34.4910432037772],[-118.467510820499,34.4913870326495],[-118.467506853732,34.4917157447619],[-118.467493627381,34.4928112687387],[-118.467487328032,34.4933330244074],[-118.467470596416,34.4947186017927],[-118.467449985462,34.4957241857859],[-118.466131080612,34.4957272481908],[-118.465220108662,34.4957293540345],[-118.464556985594,34.4957308826504],[-118.46304000477,34.4957343663302],[-118.463028918806,34.495734353618],[-118.46211623001,34.4957363255201],[-118.46194090926,34.4957367033371],[-118.460803053469,34.4957391504702],[-118.459346892179,34.495742267893],[-118.458602670371,34.4957443944485],[-118.458259648877,34.4957366527738],[-118.458225740192,34.4957358873455],[-118.458218986118,34.4957357352361],[-118.458191704097,34.4957351196838],[-118.458191425972,34.4957360249671],[-118.458104365231,34.4957369422046],[-118.458105259975,34.4957335220334],[-118.457989197475,34.4957313770389],[-118.457738256918,34.4957259487084],[-118.454222747613,34.4956497918982],[-118.449859420913,34.4955536779862],[-118.446071934825,34.4954761218092],[-118.445181674258,34.4954576807496],[-118.444766794583,34.4954484298944],[-118.442403064296,34.4954001952179],[-118.441192556946,34.495375475497],[-118.440960235584,34.4953707291603],[-118.440960227206,34.49536914791],[-118.440960180623,34.4953593286324],[-118.440957643987,34.494826125282],[-118.44095632801,34.4945493960005],[-118.440954237732,34.4941100860819],[-118.440951631697,34.4935623313549],[-118.440950328819,34.4932884778717],[-118.440949976121,34.4932143058939],[-118.440946516217,34.4931619856314],[-118.440949071439,34.4930219770835],[-118.440944476731,34.4920571400291],[-118.440938624915,34.4907039505343],[-118.440927462845,34.4884248216903],[-118.440899197466,34.4824611794549],[-118.440895325018,34.4815671179962],[-118.440892312738,34.4811135253118],[-118.440365750136,34.4811365730991],[-118.43971489098,34.4811650588919],[-118.43971474735,34.4811628064903],[-118.438195977244,34.4812277130923],[-118.436911644975,34.481287720931],[-118.436911655658,34.4812878894786],[-118.436473342023,34.4813071309095],[-118.436097862765,34.4813236117326],[-118.435502264654,34.481349752376],[-118.434987937949,34.4813723245304],[-118.434363608611,34.4813997201035],[-118.433842357695,34.4814225898498],[-118.433307835101,34.4814460402415],[-118.432781073899,34.4814691468743],[-118.432655827833,34.4814744589075],[-118.43265581249,34.4814742299738],[-118.432046415867,34.4814969139164],[-118.431993836997,34.4814974571525],[-118.431412162088,34.4815034628344],[-118.431412163378,34.4815024513142],[-118.430034692776,34.4815016648957],[-118.42801775477,34.481500484188],[-118.427912630278,34.4815004220881],[-118.425860116428,34.4814997086777],[-118.425805522747,34.4814996892401],[-118.425805523218,34.4814989301512],[-118.423133548797,34.4814953926543],[-118.421107984412,34.481496711887],[-118.421107998869,34.4814950503195],[-118.419508724665,34.4814859002437],[-118.419169446997,34.4814837754235],[-118.419161846602,34.4814837286452],[-118.418289003342,34.4814783941101],[-118.416520952569,34.4814675701936],[-118.41567466365,34.481462379069],[-118.415499451658,34.4814612633326],[-118.414501692868,34.4814549037672],[-118.413211640077,34.4814636474891],[-118.411457903689,34.4814755115693],[-118.410249943591,34.4814836678467],[-118.410132597408,34.481484459257],[-118.408601971453,34.4814947770587],[-118.406236671346,34.4815106836646],[-118.405763569617,34.48151385725],[-118.405055631054,34.4815187161835],[-118.404634510732,34.4815216037153],[-118.400577136361,34.4815493556233],[-118.397550516132,34.4815699691046],[-118.397024277773,34.4815735323652],[-118.395503976327,34.4815661309355],[-118.393703138856,34.4815573380125],[-118.392638884137,34.4815509756303],[-118.391696787954,34.4815468197114],[-118.391000188323,34.4815437618643],[-118.390564422826,34.4815418381046],[-118.388405226239,34.4815322817808],[-118.388248247859,34.4815304228714],[-118.388072644217,34.4815283438322],[-118.387724375352,34.4815255901026],[-118.387239283463,34.4815217528635],[-118.387156123988,34.4815210949622],[-118.386627088787,34.4815169085996],[-118.386053193558,34.4815123631656],[-118.384464424859,34.4814997672739],[-118.384277256857,34.4814982936447],[-118.383709599438,34.4814926526799],[-118.383815845991,34.4745387878034],[-118.383900613701,34.4689898735002],[-118.383908256198,34.46848283796],[-118.383918720966,34.4677897712211],[-118.383918777768,34.4677860378128],[-118.383920709639,34.4676580543493],[-118.381714521561,34.4676448171877],[-118.380657918782,34.46763846869],[-118.379684181211,34.4676326099691],[-118.379509196519,34.4676315913167],[-118.379508045924,34.4676315822932],[-118.378966650329,34.4676274140877],[-118.37896666908,34.4676272292159],[-118.378953690313,34.4676271254972],[-118.378953687913,34.4676273157271],[-118.378313193216,34.4676223829796],[-118.377118879424,34.4676124156496],[-118.375923737228,34.4676026032118],[-118.374728593584,34.467592394959],[-118.373533418343,34.4675825879351],[-118.372339109999,34.4675735354858],[-118.371157836427,34.4675643881492],[-118.371143970533,34.4675642808992],[-118.371019822396,34.4675634299035],[-118.370953578127,34.4675629760849],[-118.369948903612,34.4675560925504],[-118.369948786051,34.4675560920072],[-118.369941945753,34.4657142408449],[-118.369919147099,34.460165313399],[-118.36989401651,34.4537757196676],[-118.369890809542,34.452987905948],[-118.369890664104,34.4529551664699],[-118.369890764427,34.4529314469401],[-118.369889965658,34.4528640871393],[-118.36773928471,34.4528556576709],[-118.366663766456,34.4528514278276],[-118.366663767467,34.4528506687374],[-118.366663770027,34.4528497672009],[-118.366663772558,34.4528493533915],[-118.365587427985,34.4528455131781],[-118.364859241052,34.4528429096576],[-118.364511872553,34.4528416664561],[-118.364299210231,34.4528409059254],[-118.364298637572,34.4528408589621],[-118.363957792527,34.4528396315522],[-118.363809916451,34.452839099546],[-118.363809646544,34.4528390985522],[-118.363436348459,34.4528377361817],[-118.363356409359,34.4528374481861],[-118.362656918624,34.4528349348384],[-118.362396987882,34.4528339985026],[-118.362360003089,34.4528338655403],[-118.362122865277,34.4528330065979],[-118.361599308911,34.4528311123416],[-118.361281965394,34.4528299633444],[-118.361092115223,34.4528173832559],[-118.361012621452,34.4528121150519],[-118.357477857639,34.4525778347639],[-118.353353731127,34.4523043597422],[-118.35314035187,34.4522902057706],[-118.352638059805,34.4522573183018],[-118.352661880672,34.45222622568],[-118.352361569424,34.4522085969442],[-118.352332524573,34.4516023484741],[-118.352632830737,34.4513104041624],[-118.352938744087,34.4510387992978],[-118.35331755098,34.450737148945],[-118.35365628657,34.4504928621529],[-118.353806496695,34.450379837777],[-118.354082217229,34.4502144477636],[-118.354268909501,34.4501041796004],[-118.354590668275,34.4499314976654],[-118.354590820346,34.4499316856405],[-118.354759239712,34.4498378932601],[-118.354816389549,34.4498090629592],[-118.354814731202,34.4498068076764],[-118.355257271954,34.4495989455703],[-118.355912297166,34.4492535427108],[-118.356739546332,34.4487835950455],[-118.359284933737,34.447455424405],[-118.359284873542,34.4474553452487],[-118.360244239277,34.4469498929296],[-118.360279894794,34.4469298822061],[-118.3604402391,34.4468398913801],[-118.360642847369,34.4467263971801],[-118.36064196229,34.4467253125669],[-118.360711736002,34.4466884796443],[-118.360690417764,34.4464616750578],[-118.360700402787,34.4464565138721],[-118.360860240078,34.4463738921877],[-118.361639241313,34.4459418924125],[-118.361981239976,34.4457608931364],[-118.362303240062,34.4455568923948],[-118.362559239332,34.4454058923907],[-118.362784239704,34.4452188918142],[-118.363144239674,34.4449128915832],[-118.363412240311,34.4446408920663],[-118.363628238718,34.444402891214],[-118.363876239312,34.4440638921425],[-118.364120239475,34.4437058913035],[-118.364932238789,34.4424688911601],[-118.365180239797,34.4421478928843],[-118.365568240256,34.4416938907199],[-118.365820238763,34.4414538913982],[-118.366281240959,34.4410818907745],[-118.366751240632,34.4407378915356],[-118.367139248115,34.4404856312267],[-118.367437239564,34.4402918919441],[-118.368675240398,34.4394438916594],[-118.369405240419,34.4389768920318],[-118.369581002177,34.4388554679189],[-118.370246239004,34.4383958898166],[-118.370813240479,34.438018890948],[-118.371235240766,34.4377648916618],[-118.371594241548,34.4375858910197],[-118.372107242082,34.4373548919306],[-118.372297239366,34.4372688908786],[-118.372757241387,34.4371048901788],[-118.373650241274,34.4368448906716],[-118.375010241623,34.4364598899403],[-118.376273240434,34.4360918900745],[-118.377151240579,34.435841891172],[-118.377894242425,34.4356378896459],[-118.378408225652,34.4354816345503],[-118.378667241932,34.4354028890768],[-118.379532242034,34.4351558912164],[-118.379783242801,34.4350838902375],[-118.380119243479,34.4349828897678],[-118.381137241827,34.4346778896208],[-118.381351948156,34.4346161326062],[-118.382618242408,34.4342518912149],[-118.383588241364,34.4339608891467],[-118.383914166435,34.4338672700828],[-118.384333242912,34.4337468897379],[-118.384778243473,34.4336648895217],[-118.385182242463,34.4336098897811],[-118.385539242702,34.4335888896365],[-118.385590638769,34.4335854176723],[-118.385613242764,34.4335838898536],[-118.38571624381,34.4335778899805],[-118.385992955348,34.4335739897481],[-118.386780242468,34.4335628897726],[-118.386988166605,34.4335889868217],[-118.387016820239,34.4336900210103],[-118.387048768026,34.4336928292285],[-118.387864800358,34.4337884312383],[-118.387946825454,34.4337982534863],[-118.388106753502,34.4338173015689],[-118.388118435961,34.4338186759915],[-118.388396348747,34.4338517246871],[-118.388535579336,34.4338683484387],[-118.389024419431,34.4339247935563],[-118.389090661859,34.4339307827483],[-118.389171071497,34.4339375856165],[-118.389290641032,34.4339460748546],[-118.389517569584,34.4339571781416],[-118.389594272618,34.4339594119529],[-118.389681912911,34.4339609434517],[-118.390005457073,34.4339588787171],[-118.390073855691,34.4339559406956],[-118.390230465939,34.4339492146724],[-118.390257594756,34.4339480491748],[-118.390377920961,34.4339398953545],[-118.390442358807,34.4339355283226],[-118.390593477439,34.43392043617],[-118.390699031627,34.4339098945559],[-118.390709969183,34.4339083321378],[-118.390846164128,34.4338914621326],[-118.390857557849,34.433889956831],[-118.390876522747,34.4338873768512],[-118.391092201737,34.433853742518],[-118.391148508497,34.4338457005391],[-118.391185259166,34.4338392307571],[-118.391213373356,34.4338342808482],[-118.391566601818,34.4337600397341],[-118.391712049034,34.4337294698815],[-118.391992242813,34.4336527785631],[-118.39213161429,34.433611885476],[-118.392152841173,34.4336049147419],[-118.392381503251,34.4335291121144],[-118.392409230604,34.4335199205747],[-118.392610351843,34.4334458771317],[-118.392804180681,34.433365174819],[-118.393615329774,34.4330034830698],[-118.394621727619,34.4325495571545],[-118.395591513657,34.4321114135481],[-118.397545848055,34.4312316873439],[-118.397547664435,34.4312308700134],[-118.397576145642,34.4312180497597],[-118.397656923913,34.4311816804776],[-118.399516681903,34.4303441183557],[-118.401764201031,34.4293318506056],[-118.401867852314,34.429293037129],[-118.401980768842,34.4292472059929],[-118.402070867254,34.42921055585],[-118.402148327468,34.429179575798],[-118.402458053303,34.429059666388],[-118.402586554965,34.4290113785939],[-118.402654513074,34.4289859876929],[-118.402752003258,34.4289507792979],[-118.402813498622,34.4289285588135],[-118.402892596437,34.4288999709199],[-118.402951222542,34.4288795250933],[-118.403069265965,34.428838474761],[-118.403205983285,34.428791934125],[-118.403268575963,34.4287710115731],[-118.403335755419,34.4287484735198],[-118.403393668103,34.428729258638],[-118.403432855812,34.4287166916911],[-118.403477810751,34.4287022754404],[-118.403578623477,34.4286698572872],[-118.403623172967,34.4286555288784],[-118.40364954526,34.4286472714494],[-118.403784353919,34.4286057355023],[-118.404210691344,34.4284797735747],[-118.404210689893,34.4284803712949],[-118.404210832239,34.4284926641052],[-118.404222081655,34.4284894243803],[-118.404771659328,34.4283311634808],[-118.406351611982,34.4279713774209],[-118.406423247225,34.4279614982612],[-118.406444731486,34.4279585350671],[-118.408259330181,34.4277083717174],[-118.408974175123,34.427661481313],[-118.409050652373,34.4276564642667],[-118.409453207607,34.4276300516976],[-118.410623734323,34.4276196374337],[-118.411489558961,34.4276400486909],[-118.415194687023,34.427727321646],[-118.415197961769,34.4276458912775],[-118.415198981018,34.4276174787117],[-118.416610247784,34.4276458868274],[-118.417221247278,34.4276068871901],[-118.417340073945,34.4275925362461],[-118.41763524794,34.4275568871201],[-118.417712227481,34.4275425879192],[-118.418028247687,34.4274838868983],[-118.41827624786,34.4274338868012],[-118.418657247164,34.4273238873674],[-118.419062247464,34.4271978872708],[-118.419483248283,34.4270078866096],[-118.420144247747,34.4267208870283],[-118.420911479227,34.4263670047136],[-118.420931248378,34.4263578865343],[-118.421968247616,34.4258918868293],[-118.42276424773,34.4255308868364],[-118.423274248252,34.4252838869857],[-118.423343247797,34.4252498865132],[-118.423557104207,34.4251529482612],[-118.423710332265,34.4250749489542],[-118.423710268057,34.4250835002141],[-118.42399668876,34.424953590178],[-118.424095248414,34.4249088866304],[-118.424459921257,34.4247361170947],[-118.424724248728,34.4246108867628],[-118.425603588349,34.4242111086953],[-118.425738247923,34.4241498872742],[-118.426241249997,34.4239228864081],[-118.427729248951,34.4232358860933],[-118.428076249157,34.4230758849523],[-118.428767167925,34.4227523051702],[-118.430066248847,34.4221438847568],[-118.43152133197,34.4214707261393],[-118.432180249953,34.4211658852334],[-118.433223876528,34.4206895687448],[-118.434371249954,34.4201658847286],[-118.435970250567,34.4194288846257],[-118.436729855188,34.4190808737406],[-118.437105250568,34.4189088846895],[-118.437127143039,34.4188987401738],[-118.43711550261,34.4188815015322],[-118.437270286973,34.4188121620377],[-118.438823770146,34.4180913066008],[-118.439576393534,34.4177329227728],[-118.44030492089,34.4173769873415],[-118.440997741873,34.4170243065559],[-118.441239091337,34.4168973826787],[-118.441641513503,34.4166761133288],[-118.441696060237,34.4166449190722],[-118.441800056568,34.4165855205065],[-118.441914650905,34.4165171697743],[-118.441938295971,34.4165052176359],[-118.441981478922,34.4164762887386],[-118.442086396184,34.4164060149743],[-118.442255366076,34.4162928397946],[-118.442359947928,34.4162227905946],[-118.442566424482,34.4160794796446],[-118.442746416109,34.4159452217587],[-118.442903252215,34.4158203051089],[-118.443183826911,34.4155829611778],[-118.443310843631,34.415463651403],[-118.443439485864,34.415337108855],[-118.443733006446,34.4150416827662],[-118.443907772149,34.414858994724],[-118.444026450111,34.4147307877175],[-118.44407687432,34.4146735297017],[-118.444122022733,34.4146222257809],[-118.444202718594,34.4145213037592],[-118.444272617424,34.4144264533957],[-118.444352092448,34.4143186092588],[-118.444357094997,34.4143118204115],[-118.444365669099,34.4143001853554],[-118.44449895916,34.4141138583434],[-118.444617348742,34.4139313767545],[-118.444725810525,34.4137523698998],[-118.444796271689,34.4136304395908],[-118.445976505385,34.413496225136],[-118.445964903709,34.4135191424183],[-118.44766653471,34.4133564177928],[-118.44786491178,34.4133163271437],[-118.448945779062,34.4130622842531],[-118.449156694084,34.4130434149705],[-118.449444832281,34.4130232134005],[-118.449928573078,34.4129819055979],[-118.449928479249,34.4129558723426],[-118.449928317877,34.4129104852015],[-118.449928161067,34.4128639287534],[-118.450594571784,34.412858147021],[-118.450866441055,34.4128558411689],[-118.451045446127,34.4128543263546],[-118.451227790504,34.4128527700034],[-118.451595806863,34.4128496666269],[-118.452368314525,34.4128430770704],[-118.452736293697,34.4128399487349],[-118.453210714299,34.4128331228704],[-118.453980469547,34.4128259229906],[-118.454108868336,34.412824260402],[-118.454304458741,34.4128221107113],[-118.45554122918,34.4128082220061],[-118.457470080973,34.4127865374127],[-118.457729236317,34.4127902755623],[-118.458670797431,34.4127783278659],[-118.459224449151,34.4127695335139],[-118.460856495306,34.4127517637441],[-118.461201014303,34.4127480118958],[-118.461591541106,34.4127437783581]]]},"properties":{"OBJECTID":10346,"Date":null,"Code":"19SC002","DivisionName":"SANTA CLARITA VALLEY WATER AGENCY DIV 2","division_type":"WATER AGENCY","group_type":"19","District":"SANTA CLARITA VALLEY WATER AGENCY","Shape__Area":1068436959.046875,"Shape__Length":181107.48314932428,"GlobalID":"89263aeb-9381-49cb-85cb-a4077e266d37","CreationDate":1788987057416,"Creator":"RRCCgis_lacounty","EditDate":1788987057416,"Editor":"RRCCgis_lacounty"}},{"type":"Feature","id":10347,"geometry":{"type":"Polygon","coordinates":[[[-118.50771185736,34.3343773319139],[-118.50881490463,34.334384302444],[-118.511239576271,34.3343995893856],[-118.511350543813,34.3343994231566],[-118.511926863214,34.3343958356802],[-118.512106557057,34.3343941973617],[-118.512350031728,34.3343952290281],[-118.512710786998,34.3343962652643],[-118.513922361986,34.3343997378232],[-118.515533998565,34.3344043393671],[-118.51899830586,34.3344132258172],[-118.519932806553,34.3344156060447],[-118.519910988665,34.3351117972914],[-118.519903407079,34.3353537014755],[-118.519872435733,34.336341873373],[-118.519864118661,34.3366044277822],[-118.519815112791,34.3381513292511],[-118.520129238946,34.3381537398345],[-118.522238682077,34.3381698803462],[-118.522664742676,34.3381731361732],[-118.522678818838,34.3381732440458],[-118.524456794319,34.3381868129797],[-118.525364437698,34.3381936807805],[-118.526344935674,34.338201763378],[-118.528597438015,34.3382186403299],[-118.528598176164,34.3383172458632],[-118.528621203916,34.3383174221812],[-118.528622074075,34.338469416397],[-118.528636811857,34.341040806583],[-118.5286370563,34.3410833032541],[-118.528639311615,34.3414768980638],[-118.528639968139,34.3415915874304],[-118.528649113151,34.3415975995796],[-118.528700490693,34.3416313743445],[-118.528721271366,34.3416450366847],[-118.52888174974,34.3416466840082],[-118.528952287969,34.3416474083935],[-118.529121247023,34.3416485117153],[-118.529125775198,34.3416564318143],[-118.529135384364,34.3416732360498],[-118.529259605934,34.3416716459805],[-118.529266558085,34.3416715561148],[-118.530746847075,34.341651498251],[-118.530761869615,34.3416512954199],[-118.53162834471,34.3416395465255],[-118.532014781163,34.3416343039161],[-118.53287355397,34.3416223193861],[-118.533126951795,34.3416187814959],[-118.534990970945,34.341592929638],[-118.537613727722,34.3415565045723],[-118.537623824632,34.3417376840083],[-118.537650090402,34.3422090050669],[-118.537796321999,34.3448259487992],[-118.53779789121,34.344969467197],[-118.537801625194,34.3453109165711],[-118.538631474093,34.3453150482602],[-118.54159337628,34.3453332642574],[-118.541794598479,34.3453356959987],[-118.541793308919,34.3452999971187],[-118.541736672925,34.343586268608],[-118.541737935218,34.3435871672111],[-118.541725954606,34.3432166818192],[-118.541693151258,34.3422022589135],[-118.541679948524,34.3417789414161],[-118.541675199649,34.3416266526132],[-118.546015370305,34.3417031614738],[-118.546139479491,34.3417053464906],[-118.546153189813,34.3417055885193],[-118.546154679738,34.3410270986132],[-118.546155703418,34.3405604992536],[-118.546156546149,34.3401767821425],[-118.546157813887,34.3395992757968],[-118.546158041688,34.3394953414236],[-118.546159288936,34.3389274861601],[-118.546159607792,34.3387823671394],[-118.546160530724,34.3383619523788],[-118.546160549602,34.338353385843],[-118.54644134319,34.3383560722866],[-118.546854687296,34.3383600270556],[-118.54725369742,34.338363842304],[-118.547905985544,34.338369279918],[-118.548346009601,34.3383729457825],[-118.548970131527,34.3383785357764],[-118.549368160986,34.3383820987787],[-118.549892614804,34.3383867916432],[-118.550530642669,34.3383924980155],[-118.550530041284,34.33852198653],[-118.550529651874,34.3386060507857],[-118.550527547219,34.339059457566],[-118.550513029575,34.3421871061083],[-118.550511585021,34.3424769719236],[-118.550509206385,34.3429544285083],[-118.550505951953,34.3436077321021],[-118.550503940433,34.3440114129246],[-118.550500397966,34.3447223434514],[-118.550497995598,34.3452046206439],[-118.550497114705,34.3453813430697],[-118.550495834932,34.3456448217727],[-118.550491788617,34.3464779927863],[-118.550484723027,34.3479324866899],[-118.55048336386,34.3482122674025],[-118.550481993806,34.3484943516002],[-118.550479737431,34.3489602506468],[-118.550493679058,34.3502049377729],[-118.550495898572,34.3504302797416],[-118.550496354023,34.3525445973398],[-118.551881151999,34.3525489285767],[-118.552003910868,34.3525492656491],[-118.568526913167,34.3525915412946],[-118.568525829147,34.3526079201935],[-118.56944256848,34.3526109747264],[-118.570278253676,34.3526137519311],[-118.572699693085,34.3526217684016],[-118.572671279973,34.3536644817215],[-118.572599797854,34.3562876465679],[-118.572573234291,34.3572725431433],[-118.572557200978,34.3578670148384],[-118.572551424249,34.3580810078977],[-118.572503077607,34.3598719500888],[-118.572472751839,34.3609857640577],[-118.572401430552,34.3636052010313],[-118.572358405808,34.3651852558622],[-118.572334025504,34.3660805968826],[-118.572312360571,34.3668761919482],[-118.572307365504,34.3669559298798],[-118.572294113538,34.3671674743757],[-118.572294125904,34.3671678502603],[-118.572605061565,34.3671697265844],[-118.578449236544,34.3672117602032],[-118.578457686728,34.3672118181467],[-118.580956087197,34.367230120202],[-118.580969545798,34.3672299709534],[-118.585250659008,34.3671806933652],[-118.589630730873,34.3671301251074],[-118.593927764155,34.3670812334917],[-118.593930385648,34.3672863298308],[-118.593930834911,34.367321609521],[-118.593959784605,34.3696067144738],[-118.593970100003,34.3704198467394],[-118.593972692933,34.3706251775868],[-118.593974553349,34.3707727258192],[-118.593977351757,34.3709925452553],[-118.593977698717,34.371020024389],[-118.593980223045,34.3712122146759],[-118.593982912939,34.3714322122431],[-118.593986766517,34.371736160295],[-118.593986915257,34.3717475721987],[-118.593990002972,34.3719915001702],[-118.59399011936,34.3720008134401],[-118.593990269182,34.3720122244368],[-118.593991059802,34.3720758667908],[-118.593991193984,34.3720852358693],[-118.59399132533,34.3720966478579],[-118.593991780595,34.372131999634],[-118.593991897382,34.3721413687976],[-118.593992046124,34.372152780701],[-118.593993771682,34.3722884147916],[-118.593993873061,34.3722979102467],[-118.593994007141,34.3723072649008],[-118.593994139677,34.3723186913082],[-118.593996568737,34.3725104709462],[-118.593999142574,34.3727131044499],[-118.594000653216,34.3728327678554],[-118.59400153482,34.3729020038348],[-118.594003537093,34.373059830748],[-118.594003995972,34.373095840631],[-118.594006752169,34.37331459733],[-118.594010124111,34.3735793188783],[-118.594010289613,34.3735932342833],[-118.594016069154,34.3740491495537],[-118.595678977477,34.3739844468826],[-118.595803577561,34.3739795982149],[-118.596509475215,34.3739521259531],[-118.597760099586,34.3739034444],[-118.598306197187,34.373882183126],[-118.599423049946,34.3738386919371],[-118.601736869598,34.3737485583736],[-118.602465545529,34.3737201639172],[-118.602679162633,34.3737118392727],[-118.602692534531,34.3750568447679],[-118.602694641528,34.3752704739057],[-118.60270572622,34.3763938615934],[-118.602714623837,34.3772956788084],[-118.602719377365,34.3777742033081],[-118.602723904853,34.3781939510119],[-118.602724031468,34.3782069479299],[-118.602724032283,34.3782070606187],[-118.602724631126,34.3782665594889],[-118.602734033032,34.3792010622614],[-118.602742417601,34.3800344151131],[-118.602744071149,34.380198694182],[-118.602745236243,34.3803154328053],[-118.602747233774,34.3805153932351],[-118.602748216719,34.380613862091],[-118.602749787962,34.3807258646901],[-118.602751372229,34.3808389157185],[-118.60275079252,34.380890014453],[-118.602770178583,34.3818427282146],[-118.602821744726,34.3835506567917],[-118.602867416211,34.3846644518075],[-118.604801253398,34.3854508414996],[-118.605015108308,34.3855378102031],[-118.605395922545,34.3856926551776],[-118.605445477558,34.386900213782],[-118.607364197341,34.3867818859079],[-118.60749038163,34.3878602771643],[-118.605593782395,34.3883164541758],[-118.60550511919,34.3883534960194],[-118.605575819876,34.3900761777879],[-118.605581955952,34.3902305065833],[-118.605592282058,34.3904772874896],[-118.605600625379,34.3906806320507],[-118.60561263842,34.3909732119084],[-118.605614381312,34.3910158019969],[-118.605631008698,34.3914210363086],[-118.605635745214,34.3915364461738],[-118.605657457847,34.3920658308504],[-118.605662008286,34.3921788218999],[-118.605662279261,34.3921855794114],[-118.605666528903,34.3922912992181],[-118.605666575724,34.3922913070981],[-118.605840386918,34.3923084984825],[-118.605960869399,34.392320415257],[-118.606155034496,34.3923396203921],[-118.606183519166,34.3923410989658],[-118.606222150624,34.3923428847157],[-118.606270128641,34.3923447057611],[-118.606308522773,34.3923458597872],[-118.606327719141,34.3923463407848],[-118.606356496482,34.3923469388504],[-118.606364813996,34.3923578519014],[-118.606375860598,34.3923752532298],[-118.606386046238,34.3923962911782],[-118.606393834956,34.3924198708415],[-118.606398691187,34.392449361259],[-118.606398693977,34.3924754482834],[-118.606394732944,34.3925012720467],[-118.606383057887,34.3925354511184],[-118.60636816342,34.3925621193089],[-118.606346097904,34.3925873213873],[-118.606347532124,34.3925881842039],[-118.606332371948,34.3926030002358],[-118.60631446481,34.3926208294339],[-118.606299946944,34.3926442573914],[-118.606297136729,34.3926430606714],[-118.606277511205,34.3926804628331],[-118.606272262134,34.3926939833689],[-118.606228662871,34.3928062865475],[-118.606141158683,34.393031680527],[-118.606136813787,34.3930428732612],[-118.606140627737,34.3930977301932],[-118.605912655884,34.393151106768],[-118.605898392403,34.3935553359783],[-118.605897731561,34.3935740850553],[-118.605521772826,34.3938283400076],[-118.605454654533,34.3938737315523],[-118.605134379951,34.3941943898236],[-118.605042930444,34.3942366687274],[-118.60497729877,34.3942670013341],[-118.604695956738,34.394397024147],[-118.604640029229,34.3944228707837],[-118.604621381479,34.3944310641272],[-118.604586292705,34.3944443123521],[-118.604533084052,34.3944595170987],[-118.604475174639,34.3944700355977],[-118.604430643656,34.3944741486373],[-118.604399773056,34.3944750408776],[-118.604360955033,34.3944739036815],[-118.604323413997,34.3944703926582],[-118.60428031492,34.3944633518353],[-118.604240644765,34.394453886792],[-118.604197222955,34.3944399823021],[-118.604144646367,34.394417573181],[-118.604091344561,34.3943873855358],[-118.604051689654,34.3943587129934],[-118.604019110361,34.3943298762717],[-118.60398360302,34.3942880881427],[-118.603982142087,34.3942889419681],[-118.603967047212,34.3942686053327],[-118.603934096227,34.3942211887485],[-118.603821691465,34.3940594366458],[-118.603715591892,34.39390821642],[-118.603656804547,34.3939360719559],[-118.600027472419,34.3956556601185],[-118.599933330661,34.3957002627252],[-118.59994295884,34.3957278798114],[-118.599940208029,34.3957464147032],[-118.599917139943,34.3957699130328],[-118.59987744002,34.3957856357969],[-118.599750919894,34.3958148666667],[-118.59970739265,34.395832998293],[-118.599663890513,34.3958639902778],[-118.599635963207,34.3958929587995],[-118.599635824263,34.3958931470074],[-118.599621282507,34.3959176750499],[-118.599615278767,34.3959356210846],[-118.599610782962,34.395974196863],[-118.599617960176,34.39600883919],[-118.599631348281,34.3960311961416],[-118.599685319145,34.3960962468696],[-118.59969118185,34.3961232298805],[-118.599683907751,34.3961349723788],[-118.599653465123,34.3961701857037],[-118.599634529541,34.3962199615253],[-118.599617341617,34.3962268062819],[-118.599592661761,34.3962062090784],[-118.599565548281,34.3961882347689],[-118.599541850392,34.396184092154],[-118.599435601494,34.3961975049772],[-118.599350247628,34.3962168601721],[-118.599293914459,34.3962428036975],[-118.599259416988,34.3962444310795],[-118.599236009328,34.3962299832461],[-118.599173882916,34.3961587321444],[-118.599154417714,34.3961364078753],[-118.599141229965,34.3961270762634],[-118.599118899128,34.3961112752816],[-118.599082245842,34.3961034867408],[-118.598887729944,34.3961956394735],[-118.59883012514,34.3962229287549],[-118.596983610421,34.3970973758863],[-118.593955233061,34.3985318526501],[-118.593413310604,34.3987884746087],[-118.593440944235,34.3988002947215],[-118.593493803961,34.3988229270679],[-118.593685680237,34.3989050829189],[-118.593715842484,34.3989194717034],[-118.593744296683,34.3989360812269],[-118.593770803641,34.3989547702181],[-118.593795143673,34.398975388295],[-118.593817114305,34.3989977579453],[-118.593836533693,34.3990216970477],[-118.593853237237,34.3990470017596],[-118.593867088599,34.3990734653952],[-118.593911516294,34.3991702572985],[-118.5939326243,34.3992162452334],[-118.59400366979,34.3993710264155],[-118.594055323828,34.3994227914324],[-118.594128412792,34.3997470983374],[-118.594240473254,34.3998920373372],[-118.594476898095,34.4001978327338],[-118.594635521617,34.4004942409984],[-118.594860378348,34.4007391301323],[-118.59503517405,34.4007744631469],[-118.595643434857,34.4012098218515],[-118.595754899014,34.4011297168619],[-118.595770021238,34.4011188493124],[-118.595815887465,34.4010870555854],[-118.595891715622,34.4010344900461],[-118.595941736638,34.4009998152629],[-118.595986149224,34.4009690284241],[-118.595993784726,34.4009637349098],[-118.59602763193,34.4009419297515],[-118.596066809038,34.4009166896564],[-118.596131363633,34.4008751006541],[-118.596164006838,34.4008540694895],[-118.596200635293,34.4008304718675],[-118.596224099709,34.4008153548496],[-118.596300495431,34.4007696722364],[-118.596395688893,34.4007127495641],[-118.596460667337,34.4006738935775],[-118.596687606151,34.4009447371159],[-118.597126489648,34.4011698834256],[-118.597234439313,34.4011201375641],[-118.597955277528,34.401160028811],[-118.59799666532,34.4011481191063],[-118.598088377464,34.4011333016493],[-118.59819210783,34.4011425293616],[-118.598302719275,34.4011869751226],[-118.598365725775,34.4012376906097],[-118.598417331534,34.4013149027417],[-118.598628702368,34.4018030081246],[-118.598666322289,34.4018898815945],[-118.598742632004,34.4019489696433],[-118.598777716021,34.4019456915061],[-118.598823350486,34.4019431870731],[-118.598869069832,34.4019441693674],[-118.598914488942,34.4019486258661],[-118.598959220388,34.4019565251261],[-118.599002886257,34.4019677977932],[-118.599045118232,34.4019823474199],[-118.599157866347,34.4020263409977],[-118.599279964289,34.4020739836865],[-118.59932919296,34.4020954396085],[-118.599375945312,34.4021204102399],[-118.599419859943,34.402148702637],[-118.59946443057,34.4021833584635],[-118.599504741492,34.4022214296372],[-118.599540408369,34.4022625592485],[-118.599571101038,34.4023063621726],[-118.59958508941,34.4023302253393],[-118.599623009742,34.4024039597636],[-118.599735011582,34.402452043187],[-118.599926480563,34.4026334590972],[-118.600036767121,34.40273795479],[-118.600090777201,34.4027615937209],[-118.600129647744,34.4027805185604],[-118.600166292723,34.4028022843417],[-118.600200406277,34.4028267086661],[-118.600231713989,34.4028535954562],[-118.600259954289,34.4028827206235],[-118.600321404691,34.4029752581157],[-118.600345951125,34.4030440558647],[-118.600351516175,34.4030765775795],[-118.600354257243,34.4030925943243],[-118.600353809517,34.4031638949732],[-118.60034042734,34.4032281338675],[-118.600248958459,34.4035247250861],[-118.600228107405,34.4035923393435],[-118.600216773087,34.4036290881916],[-118.600344167075,34.4038482624947],[-118.600547010303,34.4040441756148],[-118.600586042987,34.4040818741141],[-118.600477380132,34.4041663322237],[-118.597687484097,34.4060502442045],[-118.596973234324,34.4065325267002],[-118.598336426579,34.4073389739044],[-118.598370389576,34.4073590630719],[-118.601070721419,34.4089562514539],[-118.602585837302,34.4098522722576],[-118.607569119869,34.4127990547987],[-118.612004418822,34.4154228615094],[-118.612004702614,34.4154232874082],[-118.612018070407,34.4154311922886],[-118.612033755572,34.4154404666358],[-118.612622385523,34.4148126714371],[-118.612623995938,34.4148109539796],[-118.612626993337,34.4148077572985],[-118.613419055998,34.413962971479],[-118.614879245749,34.4131358171264],[-118.615657414893,34.4126949804135],[-118.616116215686,34.4124350619694],[-118.616293032349,34.4123349398852],[-118.617314444716,34.4117562932506],[-118.617650617989,34.4115658366081],[-118.617661668865,34.4115595308379],[-118.619070589416,34.4107555182008],[-118.623072273883,34.4084717515714],[-118.625248736768,34.4072295313141],[-118.625236022973,34.4072294823648],[-118.627009506415,34.4062252182947],[-118.629405072833,34.3998195664534],[-118.627075474585,34.3992117829114],[-118.627078656375,34.3992043314289],[-118.625068870478,34.3986717857456],[-118.617455313117,34.3933190540843],[-118.617344237095,34.3932409536982],[-118.617253235148,34.3931769313981],[-118.616491344231,34.3926412104032],[-118.616405095796,34.391001889588],[-118.616329929288,34.3895851979658],[-118.616329461588,34.38957636612],[-118.616176574737,34.3866946690889],[-118.616177623092,34.3866949684828],[-118.616113180689,34.3854133876526],[-118.615814468252,34.3794722801308],[-118.615712327059,34.3778412236596],[-118.616328800278,34.3778238062022],[-118.617439512217,34.3777924144302],[-118.618246406902,34.377769603288],[-118.619800563958,34.3777261927638],[-118.622643717159,34.3776457218116],[-118.623978310455,34.3776079253563],[-118.624808647489,34.3775842755043],[-118.62653135998,34.3775352533585],[-118.628664699769,34.3774745117641],[-118.631501247125,34.3773949193531],[-118.633139847813,34.3773483690184],[-118.636678090033,34.3772478404687],[-118.636678081627,34.3772473095028],[-118.63763707186,34.3772205231592],[-118.637298857777,34.3669992733871],[-118.637208282336,34.3642717428709],[-118.63697050905,34.3570815925518],[-118.636804956462,34.3520417292754],[-118.636732836308,34.3498898407129],[-118.648333131945,34.3486743988103],[-118.648327369667,34.347590689971],[-118.659039476002,34.3475555300473],[-118.666227032822,34.3517791956432],[-118.670584198342,34.360657278516],[-118.673610067258,34.3668215163011],[-118.677853512942,34.375464534868],[-118.69138967823,34.4031029531798],[-118.691436965577,34.4030963024217],[-118.691437000987,34.4030963752451],[-118.691449374495,34.4031215398978],[-118.691455053457,34.4031330923969],[-118.69146009847,34.4031433547904],[-118.691468055458,34.403159543578],[-118.691498607727,34.4032216951169],[-118.691643239151,34.4035160602561],[-118.6916488651,34.4035275093706],[-118.691843094929,34.4039228143787],[-118.691843733316,34.4039241134721],[-118.692032432983,34.4043081605558],[-118.692041908229,34.4043274446682],[-118.692107272508,34.4044604753581],[-118.692211264988,34.4046720987698],[-118.692229009629,34.4047082090198],[-118.692405535221,34.4050674342044],[-118.692414789332,34.4050862651707],[-118.692584378091,34.405431370907],[-118.692602463834,34.4054681742472],[-118.692737605103,34.4057431783732],[-118.692770074645,34.4058076725804],[-118.69277974719,34.4058270970512],[-118.692811677971,34.4058919351098],[-118.692837418731,34.4059450198957],[-118.692868132659,34.4060076606091],[-118.692900573714,34.406073936401],[-118.692915061848,34.4061035830345],[-118.692932950445,34.4061401882102],[-118.692954439389,34.4061839815806],[-118.69296806568,34.406211748899],[-118.692973511665,34.4062228338542],[-118.692984352715,34.4062448967706],[-118.692991492668,34.4062594267731],[-118.693019505672,34.4063164049393],[-118.693045602118,34.4063694578976],[-118.693479105609,34.4072508185525],[-118.693659907604,34.4076184730738],[-118.693699618801,34.4076991877165],[-118.693747660702,34.4077968335248],[-118.693804353588,34.4079121145678],[-118.694152970425,34.4086199896134],[-118.694436385279,34.4091975460815],[-118.69445401675,34.4092334195483],[-118.694646573996,34.4096251856807],[-118.695206423106,34.4107642033932],[-118.695301693979,34.4109579396874],[-118.695426343743,34.4112114188458],[-118.696230461132,34.4128465775395],[-118.696291892932,34.4129714948015],[-118.697064516528,34.4145425394831],[-118.69719580377,34.4148094919654],[-118.697795085712,34.4160280092907],[-118.697948938749,34.4163407991967],[-118.697979349974,34.4164026190528],[-118.698067115462,34.4165810259025],[-118.69891196131,34.4182983707872],[-118.698969668902,34.4184156711548],[-118.699839934391,34.420184600161],[-118.699902531179,34.4203118330647],[-118.700187548426,34.4208911474412],[-118.70018874715,34.4208935873189],[-118.700139441057,34.4208939043896],[-118.69407614929,34.4211464189247],[-118.690393972128,34.4212994303343],[-118.685186408363,34.4215142222346],[-118.677601022704,34.4218266763709],[-118.669770816369,34.4221501611083],[-118.669697733817,34.4221531782074],[-118.669380038135,34.4221662921983],[-118.657221182662,34.4226675584146],[-118.657215678398,34.4226677847745],[-118.652947503103,34.42284345602],[-118.652186068628,34.4228606861181],[-118.651727328243,34.4230354818206],[-118.651256238725,34.4231913348376],[-118.650579219642,34.4240591937505],[-118.657021558454,34.4239573336841],[-118.657049493623,34.423956891171],[-118.658800920954,34.4239292019404],[-118.658795710536,34.4243154264042],[-118.658793006739,34.4245039854695],[-118.658300981475,34.4245060229164],[-118.657483343276,34.4245094054033],[-118.657277602364,34.4245102553494],[-118.657317507092,34.4246189528179],[-118.657357209584,34.4247271014272],[-118.657449907927,34.4247034618182],[-118.658121795143,34.4254600830113],[-118.658290680918,34.4257529725139],[-118.657895538928,34.4259099338512],[-118.65820099766,34.4264435422387],[-118.658759319969,34.4274175035833],[-118.658697257478,34.427439822945],[-118.658701119613,34.4274549226641],[-118.658711492704,34.4275091383656],[-118.658729271664,34.4276601802121],[-118.658735218934,34.4277834709788],[-118.658737283519,34.4280445143605],[-118.658726060231,34.428512046427],[-118.658701674627,34.4289927331509],[-118.658680708558,34.4294867837985],[-118.658677092641,34.4296043620098],[-118.658735219044,34.4296043114353],[-118.65872827442,34.4302459596642],[-118.658725590845,34.4304939347686],[-118.658720292105,34.4309834079049],[-118.658719019122,34.4311010337869],[-118.65873217437,34.4311011291382],[-118.660807482982,34.4311170949112],[-118.664560256199,34.4311458747307],[-118.667415644597,34.431167695778],[-118.667473541834,34.4311693218596],[-118.667473518065,34.4311727370391],[-118.667467080255,34.4317230208145],[-118.667456824499,34.4325997115207],[-118.66744985288,34.4332349335281],[-118.667444444359,34.4337276849502],[-118.667435765661,34.4345184073609],[-118.667393968006,34.4383267100006],[-118.671512243015,34.438357352046],[-118.672680963147,34.4383694637569],[-118.675976826038,34.4384035305944],[-118.67612565365,34.4384071449737],[-118.676120396151,34.4408189117487],[-118.676119490236,34.441291296053],[-118.676117998739,34.442070323912],[-118.689407422563,34.4421080431639],[-118.693701042394,34.4421399730306],[-118.697173923142,34.4421615277349],[-118.698059957739,34.442167010924],[-118.698075707981,34.4421669761984],[-118.698144432604,34.4457016706151],[-118.698146040089,34.4457843718046],[-118.69814637316,34.445801513667],[-118.698146398561,34.4458028559212],[-118.698146411968,34.4458035464275],[-118.698163662938,34.4466907278457],[-118.698195094791,34.4483071259764],[-118.698215475798,34.4493552645422],[-118.698216357455,34.4494005774175],[-118.698219635184,34.4495691465171],[-118.698233633574,34.450289022425],[-118.69827824474,34.452583012782],[-118.698286664973,34.4530160473739],[-118.698286675654,34.4530165422604],[-118.698286697272,34.4530176925068],[-118.698286711868,34.4530183947259],[-118.69832828605,34.4551561338095],[-118.69834467185,34.4559986138189],[-118.698355584139,34.4565597298751],[-118.698356404317,34.4566018471058],[-118.698356458631,34.4566046893622],[-118.698356477046,34.4566055871943],[-118.698356951473,34.456629969433],[-118.698356951942,34.456630025326],[-118.69835850444,34.4567098832949],[-118.698361499302,34.4568638642408],[-118.698367619355,34.4571785364721],[-118.698396108782,34.4586432916302],[-118.698404689803,34.4590852269464],[-118.698423294691,34.460040897212],[-118.698424336341,34.4600944862061],[-118.698425723788,34.4601658119899],[-118.698425785282,34.4601689904802],[-118.698426251842,34.4601929490318],[-118.698427282383,34.4602459917535],[-118.698428315646,34.4602990993706],[-118.698429460437,34.4603579762271],[-118.698468820643,34.4623814417589],[-118.69848526135,34.4632266238182],[-118.698495937758,34.4637754862386],[-118.698153002677,34.4637702364087],[-118.695061465846,34.4637228627829],[-118.694335636781,34.4637117293346],[-118.694306060141,34.4637112701749],[-118.694228531004,34.4637107193038],[-118.694221148521,34.463710666873],[-118.69420781063,34.4637105718778],[-118.691136933513,34.4636887065603],[-118.690175592609,34.4636818454174],[-118.690059659832,34.4636810171392],[-118.69000785052,34.4636806166345],[-118.690051718398,34.4644273345385],[-118.690097919019,34.4652137575084],[-118.690218070262,34.4672588594075],[-118.690074453066,34.4672577089388],[-118.689862742096,34.4672560113857],[-118.689260756956,34.4672511844391],[-118.687568966061,34.4672376004244],[-118.686103456335,34.4672258232215],[-118.686103129322,34.4672729198612],[-118.686078298729,34.4708486405334],[-118.68605321043,34.4744611112006],[-118.68605313886,34.474471447787],[-118.68602838386,34.4780942417654],[-118.68602357597,34.4788617957799],[-118.686023139462,34.4788618018531],[-118.68602237747,34.478861811569],[-118.686003641021,34.4817170544249],[-118.68600547441,34.4817535132288],[-118.686006707292,34.4818657193542],[-118.686010055133,34.4821661121562],[-118.686015389935,34.4826449683158],[-118.686045715934,34.4853667554974],[-118.686046081482,34.4853994802873],[-118.686059190846,34.4865759303421],[-118.686062848771,34.486904252828],[-118.68608639704,34.4890174442181],[-118.686127095634,34.4926692920019],[-118.686127095947,34.4926693298649],[-118.682954591003,34.4926627436691],[-118.679625488177,34.4926557423757],[-118.679465597048,34.4926554040687],[-118.679172031568,34.4926547811999],[-118.678642839541,34.4926536584279],[-118.677895752173,34.4926520688933],[-118.67789574859,34.4926516289616],[-118.677799383388,34.4926520930975],[-118.677816176122,34.495565316816],[-118.677816657267,34.4956488571515],[-118.677816700367,34.4956923850724],[-118.677816794306,34.4957858724581],[-118.677816799547,34.4957902593232],[-118.677816925599,34.4959156312986],[-118.677816952317,34.4959431100926],[-118.677816975825,34.4959671197782],[-118.677817118581,34.4961091151566],[-118.677817288327,34.4962782214968],[-118.677817319436,34.4963085121691],[-118.677817347649,34.4963359071106],[-118.677784156943,34.4963359202182],[-118.677674772771,34.496335964672],[-118.677342944136,34.4963360990196],[-118.677312076047,34.4963361107598],[-118.676980247396,34.4963362423131],[-118.673593669601,34.4963375461],[-118.673593472518,34.4963375471935],[-118.673159555306,34.4963377072766],[-118.671743458465,34.4963382195416],[-118.669205702398,34.4963390450099],[-118.66920596603,34.4963880791961],[-118.669217514607,34.4985379564386],[-118.669245318212,34.5036711575124],[-118.669245090608,34.5036711569639],[-118.66922005715,34.503671072265],[-118.664888194656,34.5036563024839],[-118.664888194552,34.5036566982601],[-118.664888195777,34.5036575330782],[-118.664888203119,34.503663631046],[-118.66488886828,34.5042545671026],[-118.664891743998,34.5067924104465],[-118.66489211325,34.5071159750922],[-118.664892294019,34.5072746169235],[-118.66489641397,34.5108920546779],[-118.664902679656,34.5108920726581],[-118.666318293709,34.5108961608987],[-118.666417878162,34.510896446519],[-118.669217546352,34.5109044899748],[-118.669283019727,34.5109046808574],[-118.6692839335,34.5109046839347],[-118.669285033499,34.5109046859855],[-118.669285535613,34.5109046913319],[-118.669285983268,34.5109046960767],[-118.669348964154,34.510905347825],[-118.670535061058,34.5109177406678],[-118.670634637504,34.5109187810681],[-118.671701332989,34.5109299151545],[-118.673385988416,34.5109474809285],[-118.673506739762,34.5109487387202],[-118.67353061251,34.5109489876563],[-118.67362925124,34.5109500154766],[-118.673629789293,34.5109500206055],[-118.67363019012,34.5109500255942],[-118.673628963902,34.5109511142432],[-118.673628449203,34.5109515723755],[-118.673628423248,34.510951595058],[-118.673627188377,34.5109526909673],[-118.67353422212,34.5110352737341],[-118.671428883774,34.5129054269719],[-118.671404248061,34.5129273091959],[-118.670069148954,34.5141132007479],[-118.669592762477,34.5145363374934],[-118.669448226493,34.5146647155625],[-118.669281275549,34.5148130021534],[-118.668156120635,34.5158123514419],[-118.666326884467,34.5174369835962],[-118.6655866045,34.518094435374],[-118.665277600026,34.5183688608427],[-118.664926288923,34.5186808570413],[-118.664155940714,34.5193649832538],[-118.663768632844,34.5197089358533],[-118.663370491096,34.520062504468],[-118.66214290484,34.5211526334805],[-118.662134441457,34.5211601479589],[-118.662134407929,34.5211601778924],[-118.66213031631,34.5211638117587],[-118.662642301592,34.5217800569935],[-118.662649246697,34.5217884178178],[-118.664636759589,34.5241805544099],[-118.664907480878,34.5245063773629],[-118.664949235565,34.5245566294178],[-118.664972130055,34.5245841830528],[-118.665281292989,34.524956267115],[-118.665438958416,34.5251460189079],[-118.665662304512,34.5254148151896],[-118.665824554868,34.5256100821992],[-118.668720179328,34.529094756262],[-118.669230416452,34.5297087512112],[-118.669383233525,34.5298926411816],[-118.670174452163,34.5308447300397],[-118.670671519175,34.5314428470388],[-118.671774154135,34.5327693068007],[-118.671780878817,34.5327773942561],[-118.671783597095,34.5327806662243],[-118.671783729111,34.5327808259676],[-118.67178737141,34.5327852053214],[-118.671803273961,34.5328043354218],[-118.673561735871,34.5349196393094],[-118.674013674459,34.5354632660305],[-118.674850380165,34.5364697006844],[-118.676343451401,34.5382655700101],[-118.676703457569,34.5386985707041],[-118.677132154043,34.539214183783],[-118.677474915478,34.5396264348027],[-118.677750522837,34.5399579113724],[-118.677922157583,34.5401643358276],[-118.677865695357,34.5401643164589],[-118.677865718484,34.540164346982],[-118.674037665722,34.5401629755164],[-118.673591915379,34.540162805763],[-118.669200653693,34.5401610788707],[-118.66920183123,34.5403081146886],[-118.669254489604,34.5468791570703],[-118.669281563755,34.5501083292841],[-118.669300170782,34.552377772305],[-118.669302567175,34.5527185915285],[-118.669318136778,34.5549329930552],[-118.669326736383,34.5560182552565],[-118.66932811216,34.5561913549072],[-118.669328290734,34.5562366929903],[-118.669331903789,34.5565553510686],[-118.669352555132,34.5583797110077],[-118.669362659518,34.5592727511433],[-118.669362892322,34.5592932795957],[-118.669352686856,34.5592932564846],[-118.66499794678,34.5592838071817],[-118.663985772892,34.5592815942189],[-118.66259585658,34.5592785196855],[-118.661510688398,34.5592761116852],[-118.660666663174,34.5592742320255],[-118.66063487316,34.5592741605689],[-118.66061124207,34.5592741087514],[-118.66061027431,34.5601931652689],[-118.660610211108,34.5601931656125],[-118.660610173618,34.5602891322552],[-118.660609850336,34.5611135962828],[-118.660609478656,34.5620326547884],[-118.660609085183,34.5629530863574],[-118.660608691702,34.5638735178355],[-118.660608414609,34.564502701115],[-118.660608286208,34.5647925753515],[-118.660607900122,34.5657129795613],[-118.660607520765,34.5666320367528],[-118.660606672718,34.5691440984103],[-118.660606514228,34.569611532216],[-118.660606406088,34.5699327650905],[-118.660606317428,34.5701626221159],[-118.66060622596,34.5704076267001],[-118.660606244456,34.5704393100583],[-118.660606239328,34.5704595152329],[-118.660606286196,34.5705084871257],[-118.660606146769,34.5707831208264],[-118.660605789773,34.5707829073009],[-118.6606057173,34.5708228942666],[-118.660605702151,34.5708576132661],[-118.660605645352,34.5709914803281],[-118.660605633466,34.5710182423838],[-118.66060558807,34.5711213085254],[-118.660605089542,34.5722879257036],[-118.660604944832,34.5726249959006],[-118.660604361,34.5739902082659],[-118.661724482362,34.5739930877825],[-118.665032346673,34.5740015306931],[-118.665359508003,34.5740020207031],[-118.665882323376,34.5740036826986],[-118.666125133874,34.5740044543241],[-118.666019793576,34.5739081593417],[-118.668077545941,34.573919440987],[-118.668139789683,34.573946253839],[-118.66824627219,34.5740088729804],[-118.669460224209,34.574011566361],[-118.669529158559,34.5740117365137],[-118.671346760696,34.5740164081215],[-118.672053658409,34.5740182182781],[-118.672670378612,34.5740195047986],[-118.672721522203,34.573944774],[-118.673101976923,34.5739468413455],[-118.673051200443,34.5740209680488],[-118.678315241732,34.5740338786409],[-118.678334627643,34.5798157158109],[-118.678336003298,34.580225711644],[-118.678338212325,34.5808847899376],[-118.678338396933,34.5809397436254],[-118.678339404686,34.5813930817328],[-118.67835290314,34.5813934454351],[-118.679669142999,34.5814288979799],[-118.680318359223,34.5814463793592],[-118.680541328763,34.5814523820203],[-118.680540039161,34.580933589667],[-118.680537434391,34.5796221671361],[-118.68053377859,34.5777821941509],[-118.68053039335,34.5759482243858],[-118.680529299577,34.5754690502971],[-118.680526201402,34.5741128839271],[-118.680533358897,34.5741131485624],[-118.681631695055,34.5741537318302],[-118.682737143637,34.5741931959987],[-118.682733286256,34.5739382054019],[-118.682714326575,34.5726848755588],[-118.682680299265,34.5704745619243],[-118.684868789437,34.5705352866722],[-118.684881952671,34.5705356515294],[-118.684871670986,34.5699475351789],[-118.684849290029,34.5686674135033],[-118.687020998564,34.5687105670253],[-118.687058692189,34.5687100473809],[-118.687102368022,34.5705189947258],[-118.687103045112,34.5705642650381],[-118.687103554497,34.5705982094242],[-118.687103802853,34.5706162612401],[-118.687105003493,34.5706497112827],[-118.687107340373,34.5707147527685],[-118.687107391072,34.5707202283998],[-118.687111013638,34.571110976954],[-118.687125557486,34.5721081833405],[-118.687132250971,34.5725670451909],[-118.687133781886,34.5726721049006],[-118.687133783532,34.5726723041303],[-118.687145175548,34.5734297165702],[-118.687159073835,34.5743537263224],[-118.687159077523,34.5743622169462],[-118.685506267194,34.5742942507129],[-118.685341840119,34.5742874880659],[-118.684948120796,34.5742732197494],[-118.684946644863,34.5779208457882],[-118.68273977773,34.5778515419769],[-118.682740134206,34.578252651877],[-118.682742511618,34.5809273920595],[-118.682743247133,34.5815104326056],[-118.682744103676,34.5833259775012],[-118.682682821974,34.5833247025975],[-118.680544962965,34.5832802215451],[-118.6805521715,34.5869369167224],[-118.678357749651,34.5869157547616],[-118.678358194889,34.5870427195228],[-118.678364414856,34.5887536488443],[-118.678454990457,34.5961385430481],[-118.678525968134,34.602719922546],[-118.67853227436,34.6033046009203],[-118.678533869049,34.6034523888784],[-118.678521902437,34.6059573686229],[-118.678498941587,34.6107636171345],[-118.676588032635,34.6107427547304],[-118.673935083971,34.6107137415305],[-118.670928521994,34.6106807904496],[-118.669572433731,34.6106659042712],[-118.660646838188,34.61056758614],[-118.660634721675,34.6084335186629],[-118.660622805471,34.6063344486994],[-118.660616507459,34.6052248379304],[-118.660610879756,34.6042335571708],[-118.660605218991,34.6032363164647],[-118.660616125418,34.6024652892787],[-118.660637971051,34.6009208508663],[-118.660707977435,34.5959712754406],[-118.66064102332,34.5959706990605],[-118.660641404798,34.5959448997087],[-118.65852831281,34.5959345201839],[-118.658542643533,34.594329913195],[-118.658560592344,34.5923199835849],[-118.658556279929,34.5923200150638],[-118.656904394559,34.5923058017434],[-118.656352578245,34.5923010494692],[-118.656367749353,34.5909007641549],[-118.656371609777,34.5905444630763],[-118.656372136289,34.5904958632459],[-118.656372240251,34.5904862496675],[-118.656274559232,34.5904854708141],[-118.654166105462,34.5904686317635],[-118.654172105286,34.589799112369],[-118.654174243944,34.5895605541669],[-118.654175379265,34.5894355319607],[-118.654175770623,34.5893924520359],[-118.654176102209,34.5893560446578],[-118.654177878861,34.5891604201635],[-118.654178069549,34.5891394928171],[-118.654181598752,34.5887510026267],[-118.654182486857,34.5886531637793],[-118.653532176794,34.5886479038795],[-118.65322582465,34.5886454253512],[-118.651972678851,34.5886352781729],[-118.649761413146,34.5886173412549],[-118.647448759751,34.5885985411294],[-118.64297936839,34.5885284946306],[-118.642978730611,34.5884318044401],[-118.642970435624,34.5871751609457],[-118.642930589949,34.5811377894303],[-118.642897171067,34.5811374730834],[-118.638569181426,34.5810964636168],[-118.634204986463,34.5810549336433],[-118.634205058413,34.5809989239177],[-118.634209646506,34.5774501447801],[-118.632465362517,34.5774471547226],[-118.632204873717,34.5774467052645],[-118.629896999762,34.5774427062452],[-118.629896923463,34.5774366636848],[-118.629886354164,34.576602973521],[-118.629859097737,34.5744528128111],[-118.629851094865,34.5738215540365],[-118.625487044387,34.5737962543907],[-118.621093829349,34.5738021544614],[-118.616873414323,34.5738076713501],[-118.616564822836,34.5738080690804],[-118.612553849304,34.5738131682593],[-118.612314488334,34.5738134676456],[-118.609516920625,34.5738169406256],[-118.60825432156,34.5738184861573],[-118.608101723305,34.5738186728943],[-118.60725748089,34.5738196987303],[-118.60726999425,34.5727721665304],[-118.60728713602,34.5713372608588],[-118.607346457198,34.5663710243841],[-118.607400452742,34.5618503399932],[-118.607417811383,34.5603968058804],[-118.60742064586,34.5601594611022],[-118.607426122671,34.5597008422703],[-118.607432343326,34.5591799626981],[-118.607432417319,34.559173682266],[-118.605479150662,34.5591699621529],[-118.604733532417,34.5591685332661],[-118.603986170631,34.5591670976528],[-118.603357856913,34.5591658858036],[-118.598632998262,34.5591566670865],[-118.596498198032,34.559152457286],[-118.59390741188,34.5591472970405],[-118.589181326205,34.559137716775],[-118.589180712689,34.559137716144],[-118.58919821053,34.5736765991336],[-118.589198405508,34.5738402255576],[-118.589015560578,34.5738393972473],[-118.584911750362,34.5738207376065],[-118.580559372483,34.5738007967153],[-118.572931334777,34.5737654709867],[-118.571692331513,34.5737596882081],[-118.569084995015,34.5737474779278],[-118.565757235376,34.5737318136466],[-118.565058895936,34.5737285141772],[-118.560098656096,34.5737049660426],[-118.559042398675,34.5736999256681],[-118.557444252808,34.5736922811934],[-118.557270458322,34.5736914492492],[-118.557089712186,34.5736905831139],[-118.554108416817,34.5736762655678],[-118.554068441047,34.5736760746108],[-118.554042045813,34.5609518583011],[-118.554038120298,34.5590590979421],[-118.554063730193,34.5590591740845],[-118.554631076286,34.5590605152857],[-118.557385141,34.5590671461148],[-118.557643876388,34.5590677907758],[-118.557643439392,34.5590681128239],[-118.557873341282,34.5590689731721],[-118.559109674046,34.5590718357269],[-118.559831207388,34.559073475264],[-118.561163296934,34.5590764914089],[-118.56138171031,34.5590773891646],[-118.561572678437,34.559078172676],[-118.56350689329,34.5590825445479],[-118.563509405923,34.5588017311609],[-118.563516936888,34.5579598904975],[-118.563547695957,34.5545216693883],[-118.563554528055,34.5537585134119],[-118.563579906059,34.5509234648578],[-118.563611872343,34.5473519138149],[-118.563674712012,34.5403302507369],[-118.563675761433,34.5402129315618],[-118.563677592659,34.53999314265],[-118.563680331941,34.5396623468199],[-118.563681327562,34.5395383772986],[-118.563682082728,34.5394480539969],[-118.563683281966,34.5394468908671],[-118.56373055418,34.5336020047509],[-118.563725701672,34.5335996950126],[-118.563735759163,34.5329702563944],[-118.5675904371,34.5329630272556],[-118.567590722705,34.532962735628],[-118.571983703326,34.5329546119408],[-118.571985978333,34.5324559363896],[-118.571999739571,34.5274735293892],[-118.572008480428,34.5274680276453],[-118.57200929392,34.527279473881],[-118.572011103766,34.5268654351372],[-118.572015023741,34.5259688758332],[-118.572015135231,34.5259427921912],[-118.572016309447,34.5256680872246],[-118.572017341745,34.5253933378425],[-118.572018138152,34.5251812352081],[-118.572023120343,34.5238549366317],[-118.572030103231,34.5219958725887],[-118.572035960378,34.5204624686035],[-118.572043661762,34.5184461300534],[-118.572044129246,34.518323709667],[-118.572052004918,34.5183236797801],[-118.572157840202,34.5183232803525],[-118.572355675243,34.5183225338085],[-118.572559118331,34.518321765009],[-118.57710651314,34.5183044995537],[-118.580140394764,34.5182928864327],[-118.580337159268,34.5182923222229],[-118.580569209151,34.5182916340852],[-118.582217774929,34.5182847548163],[-118.587469709516,34.5182644417593],[-118.588881714573,34.5182591552905],[-118.589006251672,34.5182586883523],[-118.590090866782,34.518254615591],[-118.590092629454,34.5182551290137],[-118.590370290242,34.5183378375597],[-118.59036919781,34.518254031821],[-118.590371618165,34.5182086242431],[-118.590380184762,34.5180479428708],[-118.59039798028,34.5177207764306],[-118.59041083836,34.5174849214555],[-118.590422949544,34.5172627752166],[-118.590548248351,34.5149623709716],[-118.590568074746,34.5145983596664],[-118.590764210628,34.5109971725905],[-118.590764600667,34.5109899836639],[-118.590955024708,34.5050403058644],[-118.590969011733,34.5046032567987],[-118.590980283969,34.5042510354957],[-118.59099874917,34.5036740644586],[-118.591018235479,34.5036740489423],[-118.59136742304,34.5036737641195],[-118.592117298461,34.5036731494757],[-118.595026332542,34.5036714792401],[-118.596453717415,34.5036706340741],[-118.596588779061,34.5036705502039],[-118.596695994746,34.5036710132321],[-118.596737585539,34.5036711658376],[-118.596804504102,34.5036714689053],[-118.596936509932,34.5036713699178],[-118.597883186063,34.503670759866],[-118.599577496491,34.5036696505362],[-118.599585520587,34.5033225460527],[-118.599592619609,34.5030154283066],[-118.599650817392,34.5004978147596],[-118.599655431301,34.5002981902476],[-118.599655818099,34.5002814468261],[-118.599655939298,34.5002762028979],[-118.599660648978,34.5000868500024],[-118.599662296444,34.5000206457307],[-118.599668068612,34.499766877388],[-118.599668861764,34.4997320255221],[-118.599685661317,34.4989942143173],[-118.599692195981,34.4987072557618],[-118.599725838006,34.4972592010024],[-118.599746258357,34.4963716708438],[-118.599731261891,34.4957494175564],[-118.599658527418,34.4927312916039],[-118.599652895453,34.4925001692153],[-118.599628258152,34.4914889902161],[-118.599607696535,34.4906450620033],[-118.599603300081,34.4904646394666],[-118.599598623509,34.4902696648131],[-118.599575008222,34.4892970933645],[-118.599575067015,34.4892970930741],[-118.599569940765,34.4890909154284],[-118.599978937292,34.4890913955766],[-118.59998202829,34.4890913802998],[-118.599982255841,34.4890913791751],[-118.600290888321,34.4890907324037],[-118.600305821993,34.4890906865047],[-118.602867239461,34.4890930271924],[-118.603873087695,34.4890939329065],[-118.603842304421,34.4867584348033],[-118.603841159435,34.4866706984482],[-118.603841010188,34.4866592812294],[-118.603840458034,34.4866169406042],[-118.603839167314,34.4865181205802],[-118.603825848493,34.4854644536486],[-118.603825828558,34.4854617058639],[-118.603794926926,34.4831335362338],[-118.603781295854,34.4821064613919],[-118.603781056973,34.4820883885672],[-118.603780852966,34.482073021983],[-118.603777965976,34.4818555829229],[-118.603777819461,34.4818445398238],[-118.603774916082,34.4818445677885],[-118.603771959358,34.4818445960184],[-118.603770139145,34.4818446104814],[-118.599874981595,34.4818738520709],[-118.599397410029,34.4818774283269],[-118.599395531019,34.481877442113],[-118.599393655166,34.4818774405575],[-118.595162616363,34.4818718255417],[-118.595028030217,34.4818716442226],[-118.594984692635,34.4818715717697],[-118.593183915281,34.481868551593],[-118.592844672646,34.4818680154907],[-118.592050840898,34.4818669116869],[-118.591752181634,34.4818661691716],[-118.591206372059,34.4818659159031],[-118.590660552935,34.4818643142333],[-118.589103965652,34.4818545393733],[-118.587372219929,34.4818436413337],[-118.587371722408,34.4818436437411],[-118.58627561786,34.4818376492061],[-118.585818455342,34.4818344426634],[-118.585561268545,34.4818326337086],[-118.585361425874,34.4818312617053],[-118.584083922309,34.4818228791906],[-118.584003395384,34.4818226067214],[-118.581992565322,34.4818157763129],[-118.581895342717,34.4818154454598],[-118.581883764912,34.4818153720413],[-118.581529081622,34.4818131131259],[-118.580440066749,34.481806170968],[-118.58043435733,34.4818061351618],[-118.580326563118,34.4818054479116],[-118.579813881122,34.4818021776534],[-118.579806512435,34.4818021299095],[-118.57435101003,34.4817671817152],[-118.57376173912,34.4817633918064],[-118.573687981598,34.4817629182203],[-118.573633893481,34.4817625716131],[-118.573125029158,34.4817592947325],[-118.573125181471,34.4817630741511],[-118.57313335054,34.4819656917142],[-118.573167193085,34.4828050731667],[-118.57317006709,34.4828763466962],[-118.573174541574,34.482987311774],[-118.57317944644,34.4831089165409],[-118.573181006249,34.4831476030694],[-118.573203240093,34.483699024891],[-118.573254166121,34.4849620191095],[-118.573268762981,34.4853240165985],[-118.573271832866,34.4854001511653],[-118.573272128463,34.4854075017881],[-118.573261988758,34.4854074784517],[-118.573260318586,34.485407474619],[-118.572736516404,34.4854062977066],[-118.571347233687,34.4854031657052],[-118.570563056956,34.4854013907502],[-118.570486932444,34.4854012175253],[-118.570051689666,34.4854002294513],[-118.569979579446,34.4854000650045],[-118.569505969577,34.4853989882635],[-118.568883751562,34.4853975712408],[-118.568888724287,34.4855209211814],[-118.568919588489,34.4862864699119],[-118.568922657548,34.486362582931],[-118.568925224659,34.4864262670385],[-118.568957498489,34.4872267084097],[-118.568987268732,34.4879650367005],[-118.568996245727,34.4881876791002],[-118.569030873391,34.4890465035068],[-118.56712818052,34.4890424648574],[-118.566997379033,34.4890421860418],[-118.564637153417,34.4890371323682],[-118.560439321939,34.4890280313933],[-118.560171406111,34.4890274450639],[-118.560125427666,34.4890273452884],[-118.560100709401,34.4890272907502],[-118.560081776009,34.489027249185],[-118.560082805453,34.4890880015272],[-118.560084439948,34.4891844626483],[-118.56012680039,34.4916849243402],[-118.560127948728,34.4917526548943],[-118.560128111271,34.4917622455641],[-118.560120995788,34.4917638705031],[-118.560120954474,34.491763879709],[-118.560107277947,34.4917670008129],[-118.560100585268,34.4917719116943],[-118.560086378581,34.4917828145783],[-118.560086063475,34.4917830738708],[-118.559966967474,34.4918106882203],[-118.559981799529,34.491795630902],[-118.559602683876,34.491882129559],[-118.558936796776,34.492034055762],[-118.558617652834,34.4921068594765],[-118.558517433751,34.4921297047724],[-118.558515292017,34.4921301933402],[-118.55850036759,34.4920833443762],[-118.558474287575,34.4919875853275],[-118.558460113321,34.4919236858035],[-118.55845415078,34.491892681535],[-118.55844839341,34.4918593125006],[-118.558446107379,34.4918550091769],[-118.558401504677,34.4918599284641],[-118.558399311207,34.4918601702476],[-118.558355049053,34.4918650518899],[-118.55834258676,34.4918664272497],[-118.558342372412,34.4918664498723],[-118.558017665903,34.4919360302694],[-118.557746914912,34.4919940485722],[-118.556909123799,34.4921735694071],[-118.556364017293,34.4921890662031],[-118.556275828071,34.4921605933051],[-118.556201961908,34.4921367445007],[-118.55619504047,34.4921345097556],[-118.556162862282,34.4921241209509],[-118.555788399654,34.4925250259783],[-118.555621344949,34.492345629973],[-118.555619964936,34.4923473564153],[-118.555618267448,34.492345564723],[-118.555594853485,34.4923208454455],[-118.555411475676,34.492127245364],[-118.555157026372,34.4918586081273],[-118.555154683491,34.4918542445998],[-118.554949428184,34.4916383533735],[-118.554817987127,34.4915000981294],[-118.554776506925,34.4914564668454],[-118.554710738918,34.4913872870758],[-118.554669682095,34.4913441027847],[-118.554664371666,34.4913385159019],[-118.554811728261,34.4911611410378],[-118.554916762705,34.4910347103935],[-118.555002988101,34.4909309139081],[-118.555005336355,34.4909280876825],[-118.55520203813,34.4906913307841],[-118.555198032969,34.4906892999149],[-118.554705638029,34.4904396505593],[-118.55550150405,34.4894923524493],[-118.554977240467,34.489025673211],[-118.554778628455,34.4881645243677],[-118.555303991928,34.4876140824738],[-118.555324179399,34.4875929302915],[-118.555371129224,34.4875437396703],[-118.555373924914,34.4870941679065],[-118.555374952069,34.4869289453668],[-118.5553771915,34.4865689732898],[-118.555418789031,34.4865056909089],[-118.555435090024,34.4864808926522],[-118.555546273106,34.4853660768221],[-118.555536819369,34.4853660587827],[-118.555537018798,34.4853641294884],[-118.555538408413,34.485170235573],[-118.555548647121,34.4836221137045],[-118.555549194378,34.4835396839144],[-118.555549725393,34.4834572677211],[-118.55555927262,34.4820122735194],[-118.555561162642,34.4817261773274],[-118.555562857511,34.4817137446219],[-118.55423678672,34.4817121327635],[-118.553357074885,34.481710958858],[-118.552233075307,34.4817102041258],[-118.551148043947,34.4817080026138],[-118.549360413117,34.4817055753551],[-118.546829504858,34.4817020955004],[-118.546730358049,34.4817019543076],[-118.546664434817,34.4817017625831],[-118.546631248433,34.4817016740303],[-118.546134363178,34.481700232369],[-118.544675223574,34.4816986071223],[-118.544503520954,34.4816989023509],[-118.544392352462,34.4816977223182],[-118.541856264805,34.4816948372497],[-118.541677652191,34.4816974699579],[-118.541548089031,34.4816944446301],[-118.541447524719,34.4816944614119],[-118.539979288291,34.4817042174836],[-118.538989758033,34.4817107898549],[-118.538514214762,34.481710845896],[-118.537822543037,34.4817114855359],[-118.53396863803,34.4817021670033],[-118.533779244491,34.4817015088542],[-118.533419383154,34.4817008333357],[-118.533386484193,34.4817007398988],[-118.532851769085,34.4816992568308],[-118.531217816004,34.4816947409346],[-118.529016080519,34.4816886228616],[-118.526900540344,34.4816832176502],[-118.526100298951,34.4816811640512],[-118.525688159369,34.4816801043837],[-118.524612031313,34.4816762631002],[-118.524613339653,34.4816238801813],[-118.524619794666,34.4803024888104],[-118.524623790344,34.4794842914575],[-118.524623896541,34.4794608944099],[-118.524623986136,34.479442636173],[-118.524628968775,34.4784248765089],[-118.524629347894,34.4783456355074],[-118.524629425431,34.4783285736556],[-118.524630259165,34.4781606522712],[-118.524630321092,34.4781478502312],[-118.52463091232,34.4780259171047],[-118.524631243762,34.477957766969],[-118.524631253234,34.4779546061524],[-118.524631397139,34.477924928858],[-118.524631884912,34.4778232004389],[-118.524632396854,34.4777201250238],[-118.524632588283,34.4776874517282],[-118.524632929328,34.4776151256469],[-118.524632943981,34.4776122686245],[-118.524632966915,34.4776053708941],[-118.524632954966,34.4776034750213],[-118.524632978491,34.4776018530611],[-118.524632973298,34.4776010290821],[-118.524632968105,34.4776002051032],[-118.524632990547,34.4775985840493],[-118.524633002592,34.4775953132344],[-118.52463475678,34.4775945095984],[-118.524635044669,34.4775928594497],[-118.524635366475,34.4775912362004],[-118.524635688287,34.4775896138525],[-118.524636009923,34.4775879635579],[-118.524636364564,34.4775863681142],[-118.524636719035,34.4775847456252],[-118.524637074594,34.4775831231315],[-118.524638205488,34.4775782535697],[-118.524638728824,34.4775761327044],[-118.524639401882,34.4775734125738],[-118.524640504404,34.4775693959852],[-118.524641901273,34.4775645811688],[-118.52464352517,34.4775589963632],[-118.524644860826,34.4775550058128],[-118.524646043123,34.4775513828493],[-118.524646162911,34.477551043355],[-118.524646519634,34.4775499509578],[-118.524648705522,34.4775438877135],[-118.524650145585,34.4775400535785],[-118.524650762293,34.4775384110238],[-118.524652657521,34.4775337310862],[-118.524654619156,34.4775290508615],[-118.524657006123,34.477523627738],[-118.524657537714,34.4775224714776],[-118.524659133573,34.4775190017901],[-118.524660967765,34.4775151740651],[-118.524661825622,34.4775134475269],[-118.524662868368,34.4775113469547],[-118.524664072725,34.4775089788301],[-118.524664801971,34.4775075737935],[-118.524665326982,34.4775065825421],[-118.524667195389,34.4775030016893],[-118.524698029952,34.4774463170198],[-118.524788036961,34.4772807255275],[-118.524796926001,34.4772643648339],[-118.524857247607,34.4771533371166],[-118.524888490507,34.4770958455609],[-118.524926491612,34.4770259205722],[-118.524995734317,34.4768985039916],[-118.525012594395,34.4768674904404],[-118.525031848703,34.4768320418046],[-118.525038933195,34.476819040799],[-118.525064976985,34.4767711153171],[-118.525078162974,34.4767468493996],[-118.525080556694,34.476742332279],[-118.52508337774,34.4767370443017],[-118.525085311311,34.4767332720352],[-118.525087605621,34.476728700351],[-118.525089505092,34.4767248723367],[-118.525091119512,34.4767215891803],[-118.525092453743,34.4767187589042],[-118.525093894154,34.4767156757394],[-118.5250954346,34.4767124010168],[-118.525096192748,34.4767107479308],[-118.525097467191,34.4767079314363],[-118.525098803306,34.4767048820793],[-118.525100177135,34.476701771255],[-118.525101404728,34.4766989486523],[-118.525103151986,34.4766948066613],[-118.525105407915,34.4766893282001],[-118.525106989645,34.4766853501027],[-118.525107497591,34.4766840713339],[-118.525124285812,34.4766416807257],[-118.52518173403,34.4764962068591],[-118.525303704314,34.4762048272399],[-118.525348544882,34.4760977022864],[-118.52534173493,34.476091054103],[-118.5253510955,34.4760909694133],[-118.525554098372,34.4755819764121],[-118.525583011414,34.4755087584866],[-118.525639861258,34.4753647997474],[-118.525645175892,34.4753548012631],[-118.525648991498,34.4753442854794],[-118.525652608667,34.4753337209706],[-118.525655988159,34.4753230997929],[-118.525659143048,34.4753124236927],[-118.525662092028,34.4753017223398],[-118.525663947696,34.475290967122],[-118.525667267359,34.4752801812225],[-118.525669488302,34.4752693468908],[-118.525671506585,34.4752584845877],[-118.52567361282,34.4752451733386],[-118.525676233174,34.4752176003071],[-118.525677155655,34.4752066345657],[-118.525677846232,34.4751956644195],[-118.525678307157,34.4751847015786],[-118.525678537097,34.4751737072829],[-118.525678537369,34.475162717588],[-118.525678332046,34.4751517522234],[-118.525677240382,34.4751309279208],[-118.525673213322,34.4750762376026],[-118.525661472437,34.4748989901609],[-118.525641178239,34.4746270709529],[-118.525625876914,34.4744009018756],[-118.525613177378,34.4742231708424],[-118.525605534031,34.474116062083],[-118.525560979774,34.4734924063714],[-118.525557923416,34.4734498825438],[-118.525530044913,34.4730597194198],[-118.525448881618,34.471923656928],[-118.525440288184,34.4718035836906],[-118.525436476182,34.4717503195483],[-118.525427083142,34.4716187633284],[-118.525424248609,34.4715844578148],[-118.525380356068,34.4709648361268],[-118.525378748264,34.470952417246],[-118.525377593172,34.4709318708812],[-118.525355119983,34.4707669883719],[-118.525307719003,34.4704168385592],[-118.525293812821,34.4703136893484],[-118.525270091184,34.4701377314674],[-118.525181939398,34.4694704883373],[-118.525159963852,34.4693056829578],[-118.5251293512,34.46907639216],[-118.525097973957,34.468841309599],[-118.525074159619,34.4686627754799],[-118.52505381955,34.4685104095749],[-118.52504279323,34.4684293642954],[-118.525002947869,34.4681404453669],[-118.524866503696,34.4671178277565],[-118.524821698861,34.4667844710394],[-118.524795357417,34.4665838827231],[-118.524750330383,34.4662410869652],[-118.524738343828,34.4661500748307],[-118.524716522227,34.4659883465077],[-118.524701376803,34.465875034154],[-118.524651831851,34.4655048891028],[-118.524639262773,34.4653949869224],[-118.524637244777,34.4653953418351],[-118.524636354801,34.4653886698219],[-118.524626897083,34.4653177004657],[-118.524621530728,34.4652774350025],[-118.524581070456,34.4649738920448],[-118.524539910279,34.4646652899782],[-118.524539080879,34.4646590738784],[-118.524516964508,34.4644934539535],[-118.52448955759,34.4642876457556],[-118.524450348195,34.4639934895131],[-118.52444236596,34.4639336251698],[-118.524428897712,34.4638326114624],[-118.52441564146,34.4637296513258],[-118.524408574128,34.4636767852425],[-118.524364945989,34.4633501125837],[-118.524347792155,34.4632215801273],[-118.524332773435,34.4631090424799],[-118.524317774724,34.4629967373392],[-118.524310385064,34.462941408747],[-118.52428246065,34.4627322508133],[-118.524249314593,34.4624841222635],[-118.524220936808,34.4622713664415],[-118.524220625089,34.4622692248408],[-118.5242190932,34.4622577450086],[-118.524219024559,34.4622573882975],[-118.524209574599,34.4621865009008],[-118.524195554977,34.4620813226462],[-118.524185562657,34.4620065754163],[-118.524172054579,34.4619055329911],[-118.524145245506,34.4617048599443],[-118.524141066955,34.4616733882964],[-118.524118818537,34.4615067699379],[-118.524107974996,34.4614255930256],[-118.524092009556,34.4613060707294],[-118.524066489524,34.4611149005745],[-118.524039588147,34.4609134886348],[-118.524039895999,34.4609134611609],[-118.524136032783,34.460558205618],[-118.524319562826,34.4599712684181],[-118.524380321625,34.4598527416857],[-118.52438536982,34.4598553541557],[-118.524465346078,34.4598967504909],[-118.524652738588,34.4600002209732],[-118.524879734678,34.4601173205708],[-118.525240226189,34.4603032764157],[-118.525413744515,34.4603791863641],[-118.525529707209,34.4604176521667],[-118.525649048875,34.4604572157164],[-118.525836768897,34.4605276642556],[-118.525913242178,34.4605541291789],[-118.526006309101,34.460582578531],[-118.526213977124,34.460633198219],[-118.526375091734,34.4606675376317],[-118.526489682032,34.4606890181517],[-118.526619202993,34.4607100875835],[-118.526733754332,34.4607253907275],[-118.526931261053,34.4607437630303],[-118.52709718817,34.460751291489],[-118.527196718763,34.46075292005],[-118.527480350573,34.4607489396674],[-118.527729089531,34.4607379107083],[-118.527959548678,34.4607197313614],[-118.52809374864,34.4607053611742],[-118.528187437655,34.4606953286507],[-118.528551325228,34.4606563450419],[-118.528825393195,34.4606323981133],[-118.528943302193,34.4606221043956],[-118.529574211357,34.4605670611104],[-118.529985330389,34.4605278129826],[-118.53024888944,34.4604984959152],[-118.5305817657,34.460458602238],[-118.530644657062,34.4604505929822],[-118.530822383067,34.460429706074],[-118.532237936299,34.4602696274714],[-118.533313629047,34.4601374575976],[-118.533689827838,34.4600849688774],[-118.533820767304,34.4600685926574],[-118.533936801681,34.4600567607027],[-118.534135766575,34.4600435169652],[-118.534333103583,34.4600350915614],[-118.534397787445,34.4600341197638],[-118.534547100749,34.4600332448784],[-118.534712993574,34.4600355368737],[-118.534878743034,34.4600412632211],[-118.535029404161,34.4600494196904],[-118.53522539438,34.4600639662797],[-118.535526005482,34.4600862774191],[-118.536532652306,34.4601609686193],[-118.537781929211,34.4602536466705],[-118.53806934937,34.4601902956131],[-118.538414398065,34.4602101577401],[-118.538586241524,34.4601740487032],[-118.538601779944,34.4601712102241],[-118.538674702413,34.4602542280712],[-118.539000270791,34.4602918838595],[-118.539385270239,34.4603788834135],[-118.539592270464,34.4604508838533],[-118.539681270422,34.460481883151],[-118.540119270392,34.4606388832793],[-118.54104731815,34.4609564990312],[-118.541092020691,34.4609723524582],[-118.541131289987,34.460985722025],[-118.541306270847,34.4610448838224],[-118.542026794807,34.46129915977],[-118.542094751635,34.4613622449743],[-118.542225831704,34.4615007599517],[-118.542603074162,34.4616385287046],[-118.542690234791,34.4616700145457],[-118.542696606725,34.4616722173507],[-118.542939316594,34.461756145599],[-118.543202127671,34.461840978685],[-118.54345166466,34.4619159771994],[-118.543718982953,34.4619904808307],[-118.543872922084,34.4620300517953],[-118.543973381029,34.4620558569479],[-118.544272012467,34.4620825485168],[-118.544556666444,34.4621328943514],[-118.544813107896,34.4621532476859],[-118.544902644255,34.462160021913],[-118.545102472997,34.4621975704731],[-118.545407555338,34.4622423538411],[-118.545713494473,34.4622560620747],[-118.546149775392,34.4623208887816],[-118.546486032816,34.4623089289419],[-118.546811991578,34.4623109387893],[-118.547056231439,34.46231122911],[-118.547349393076,34.4623105842832],[-118.547943991288,34.4622749796644],[-118.547965616654,34.4622753237729],[-118.548124858687,34.4622774670124],[-118.548729317507,34.462285597981],[-118.549539415586,34.4622964912125],[-118.549786768362,34.4622913346971],[-118.549852512637,34.4622899919556],[-118.54985074408,34.4622428830136],[-118.549842066076,34.4620116829563],[-118.549817311171,34.4613521856626],[-118.549792549858,34.4606924828113],[-118.549741705154,34.4593378392502],[-118.549746119043,34.4590626173366],[-118.549742797659,34.4590044941413],[-118.549734267207,34.4588552177178],[-118.549727300814,34.458733304835],[-118.54970948615,34.458600315239],[-118.549679405103,34.4583757995843],[-118.549645140238,34.4580640387045],[-118.549560671848,34.4576868634473],[-118.5494881813,34.4574293299091],[-118.549425794766,34.4572767137006],[-118.549425741669,34.4572765841198],[-118.549210082589,34.4567490105769],[-118.548931500591,34.4560674982443],[-118.548838693123,34.4558326685327],[-118.548744244411,34.455550694936],[-118.548690600756,34.4552781002556],[-118.548640143262,34.4550417085492],[-118.548633826619,34.4549687262128],[-118.548613716427,34.4547355509939],[-118.548596179422,34.4545062091863],[-118.5485588746,34.4542059472485],[-118.548559906296,34.4540965799465],[-118.548565365714,34.4539585237792],[-118.548575378619,34.4538060810468],[-118.54858997187,34.4536496102763],[-118.54861187646,34.4534899970483],[-118.548641140043,34.4533298555983],[-118.54867800334,34.4531700485035],[-118.548721766102,34.4530101831493],[-118.548770697255,34.4528544622046],[-118.548827234461,34.4526947707289],[-118.548888488595,34.4525415732894],[-118.548954245978,34.4523933301203],[-118.549025338596,34.4522479747352],[-118.549101135424,34.4521060355759],[-118.549182276151,34.4519656633921],[-118.549266163205,34.4518297007553],[-118.549354692369,34.4516956652613],[-118.549366045916,34.451679710759],[-118.54944983204,34.4515626816105],[-118.549550416177,34.4514336517044],[-118.549657095982,34.4513079775657],[-118.549886399881,34.4510547356407],[-118.550733503056,34.4501372479337],[-118.551112232481,34.4497291977514],[-118.551190983939,34.4496443597586],[-118.551321941,34.4495032783647],[-118.55197189264,34.4488030434941],[-118.552407821846,34.4483078172116],[-118.552503749239,34.448183010756],[-118.552593121449,34.4480598000454],[-118.552637892424,34.4479935342348],[-118.552751522634,34.4478168789052],[-118.552821675416,34.447697103881],[-118.552888877454,34.4475717139662],[-118.553013343538,34.4473087247249],[-118.553069376056,34.4471749481287],[-118.553167442032,34.4469083178403],[-118.553212430284,34.4467695915997],[-118.553251809187,34.4466262200556],[-118.553289569794,34.4464628751155],[-118.553315541073,34.446338302227],[-118.553340187116,34.446194288324],[-118.553358624406,34.4460528522765],[-118.553370664558,34.4459136433475],[-118.553380380322,34.4456386979048],[-118.553402044587,34.4446907150707],[-118.553415259477,34.4443410522873],[-118.55341849768,34.4442553653604],[-118.55341879846,34.4442474070231],[-118.553381475612,34.4442458688443],[-118.553347756864,34.4441694803374],[-118.553385272591,34.4439188811923],[-118.553391452196,34.443885589898],[-118.553478271974,34.4434178803626],[-118.553489272005,34.4433848817082],[-118.55351354181,34.443309356515],[-118.553632270666,34.4429398805983],[-118.553662119106,34.4428733155358],[-118.553706881848,34.4429695270432],[-118.553763319979,34.4428351685274],[-118.553837176888,34.4426692713345],[-118.554234696822,34.4418171208433],[-118.55462476716,34.4409730546458],[-118.555085874173,34.4399897009601],[-118.555136089542,34.4398808503784],[-118.555378620785,34.4393551105606],[-118.555447891281,34.4391988229662],[-118.555511854973,34.4390424225946],[-118.555570047809,34.4388859927178],[-118.555621135744,34.4387285522703],[-118.555665326374,34.438571527444],[-118.555703004213,34.4384125265099],[-118.555732965039,34.4382551827769],[-118.55575687522,34.4380958049355],[-118.55577462605,34.4379376651668],[-118.555786166799,34.4377785369086],[-118.555787370303,34.4377570198089],[-118.555807902571,34.4373899089232],[-118.555821041782,34.4371549909881],[-118.555869532013,34.4362011945034],[-118.555923712729,34.4350616983701],[-118.555938912763,34.4347872718673],[-118.555950854729,34.4345716522661],[-118.555961129653,34.4344153578755],[-118.555978745826,34.4343131761938],[-118.555997784797,34.4342291936406],[-118.556013717048,34.4341668559175],[-118.556032705977,34.4340747363075],[-118.556075647449,34.4338999386677],[-118.556126837354,34.4337386533105],[-118.556163617621,34.4336193924602],[-118.556250657568,34.433443046578],[-118.556347297779,34.4332395888319],[-118.556451088429,34.4330094442401],[-118.556523027129,34.4328559159206],[-118.556595056545,34.4327164898959],[-118.556672070465,34.4325790685123],[-118.556745866395,34.4324554301323],[-118.556862377941,34.432273179586],[-118.556944495148,34.4321546434516],[-118.557026715586,34.4320515771761],[-118.557427997382,34.4316251844108],[-118.557490596758,34.4315586481342],[-118.557557274897,34.4314885031541],[-118.557683536167,34.4315824346131],[-118.55774185115,34.4316230548714],[-118.55780344028,34.4316588241973],[-118.557870007319,34.4316945985482],[-118.5579564802,34.4317319861185],[-118.558026908446,34.4317581187067],[-118.558937271433,34.4324968788318],[-118.559383271874,34.4328588794745],[-118.559508271673,34.4329608791186],[-118.56086612729,34.4340592644037],[-118.561057271638,34.4342138796261],[-118.561315685417,34.4344172675538],[-118.561703878928,34.4347227987895],[-118.561907272702,34.4348828796867],[-118.562146329636,34.4350713530158],[-118.56225227099,34.4351548799987],[-118.562425481996,34.435291113593],[-118.562697272423,34.4355048790936],[-118.562833111152,34.4355926997597],[-118.563226271876,34.4358468794499],[-118.563876643747,34.4362683474796],[-118.564246273694,34.4365078795791],[-118.564307273347,34.4365478801819],[-118.564392273176,34.4366038795884],[-118.564582544555,34.4367288498772],[-118.564966271805,34.4369808798258],[-118.564986272558,34.4369938797201],[-118.565700274107,34.4374888794504],[-118.566268273076,34.4379228787387],[-118.568451328651,34.4392444523267],[-118.571161273444,34.4408848797208],[-118.57177327363,34.441254878633],[-118.572300273906,34.4415738805686],[-118.572573329105,34.4417341523832],[-118.572573378094,34.4416926895134],[-118.572616312588,34.4417163199467],[-118.572707975247,34.441772301044],[-118.572942330649,34.4419154911513],[-118.573494064681,34.4422122654103],[-118.573935153125,34.4424365513669],[-118.574378610539,34.4426390307299],[-118.574685775722,34.4427430976196],[-118.574834316613,34.4427934201015],[-118.574906296713,34.4428186944518],[-118.575136551485,34.442899571031],[-118.575269263048,34.4429391982431],[-118.575479618462,34.4430019403236],[-118.575478451239,34.4430043619822],[-118.575519275314,34.4429878793487],[-118.575536275471,34.4429488802061],[-118.575559274595,34.4428978801762],[-118.575836390862,34.4429590274389],[-118.575985274484,34.4429918786854],[-118.576088274309,34.4430108791196],[-118.576436276572,34.4430688792221],[-118.576835275683,34.4431188790482],[-118.576977276314,34.4431308803756],[-118.577409276484,34.4431558794892],[-118.577693275893,34.443163879242],[-118.577972275059,34.4431638793609],[-118.578121276353,34.4431548798268],[-118.578571276349,34.4431108790534],[-118.579075276096,34.4430168792169],[-118.57923627538,34.4429948794638],[-118.579578315439,34.4429326464307],[-118.579945276839,34.4428658793777],[-118.581245275106,34.4425378804271],[-118.582326485932,34.4422940035848],[-118.585851275598,34.4414988786701],[-118.586527584382,34.4414369848953],[-118.58674727746,34.4414168785231],[-118.587073828772,34.4413880344998],[-118.587664276669,34.4413358780384],[-118.588479277301,34.4413358782296],[-118.588701506885,34.4413358792628],[-118.589026108842,34.441335878769],[-118.589172278156,34.4413358794532],[-118.58966727703,34.4413918790682],[-118.589716131432,34.441397661192],[-118.590087576775,34.4414416317199],[-118.590157277516,34.4414498780551],[-118.590219620267,34.441459388943],[-118.590334277177,34.4414768781199],[-118.590558277201,34.4415128791167],[-118.590999277091,34.4415878791331],[-118.591440277271,34.4416638791587],[-118.591661277715,34.4417028786431],[-118.591881277175,34.4417398784876],[-118.592324276889,34.441815878174],[-118.592766277981,34.4418928791291],[-118.59298627873,34.4419358785142],[-118.593204278148,34.4419818785934],[-118.593838278163,34.4421308784869],[-118.594041278865,34.4421838779042],[-118.594433278504,34.4422938786417],[-118.594996277582,34.4424658787312],[-118.595178278653,34.4425238781983],[-118.595541278723,34.4426458782741],[-118.595885279274,34.4427528779147],[-118.596057278287,34.442809879406],[-118.596565278727,34.4429778790467],[-118.596733277625,34.4430318790951],[-118.596896280166,34.4430848775407],[-118.597059279024,34.4431368777823],[-118.597530279488,34.4432918785719],[-118.597829277864,34.4433898779078],[-118.597974278802,34.443434878605],[-118.598026170252,34.4434516051404],[-118.598489279571,34.4436008784768],[-118.59869727949,34.4436718789618],[-118.598903278499,34.4437608782845],[-118.599154279218,34.4438048782827],[-118.599438279446,34.4438038784728],[-118.599631279334,34.4438548777944],[-118.599957279577,34.4439188784371],[-118.600329280135,34.4439588788173],[-118.601049279363,34.444006877723],[-118.601936279434,34.4440028788848],[-118.603034279495,34.4438568774327],[-118.6030722806,34.4438518788388],[-118.603965279813,34.4436438782293],[-118.604056279742,34.4436148770511],[-118.604193279574,34.4435698788143],[-118.604880279137,34.4433468785452],[-118.604978280541,34.4433068772399],[-118.605045161847,34.4432798139814],[-118.605045279841,34.4432798783039],[-118.605193158872,34.4432198158451],[-118.605193280116,34.4432198783481],[-118.605349154605,34.443156163346],[-118.604830064059,34.442885724468],[-118.604219674032,34.4425681773665],[-118.603838655243,34.4423723630124],[-118.60374803365,34.442325790589],[-118.603113353776,34.4419926161337],[-118.601607199569,34.4412106453729],[-118.600209606555,34.4404833635364],[-118.599423448443,34.4400770686515],[-118.599043717711,34.4398800086626],[-118.598735037393,34.4397140813422],[-118.598506086437,34.4395849727981],[-118.598179928894,34.4393905073096],[-118.597916175259,34.4392257880432],[-118.597685334658,34.4390737881664],[-118.597407630587,34.4388905314537],[-118.597008296999,34.4386082615868],[-118.596728673224,34.4383978196378],[-118.596475042649,34.4381986997093],[-118.596184852587,34.4379596845821],[-118.595917202154,34.437732008508],[-118.595439274494,34.4373278951082],[-118.595283886369,34.4371938387263],[-118.594590469661,34.436607586324],[-118.59389181792,34.4360127684455],[-118.592207822018,34.4345823606938],[-118.591632623698,34.4340971295716],[-118.591174856286,34.4337043507078],[-118.590750865315,34.4333486166992],[-118.590467576995,34.4331038295949],[-118.590036964235,34.4327418839781],[-118.589308622251,34.4321236504807],[-118.588476241678,34.4314149556345],[-118.58812658634,34.4311214980684],[-118.587936116475,34.4309492869765],[-118.587770920418,34.4307926561495],[-118.58765264264,34.4306758712587],[-118.587534344995,34.4305562230599],[-118.587400330806,34.4304123210012],[-118.587271509294,34.4302698253021],[-118.587170504849,34.4301529563208],[-118.587092104889,34.4300574453205],[-118.586966627874,34.4298991895277],[-118.586907379208,34.4298250541033],[-118.586837626391,34.4297309327478],[-118.586764388037,34.429632534179],[-118.586680646752,34.4295141496446],[-118.586588158425,34.4293800646654],[-118.586493822837,34.4292288142177],[-118.586402992302,34.4290847022732],[-118.586308566711,34.4289205709192],[-118.586193052961,34.4287050184098],[-118.586055526414,34.4284463649529],[-118.58572212304,34.4278082147736],[-118.584990435395,34.4264119808111],[-118.583328799668,34.4232448636334],[-118.583169225887,34.4229394887487],[-118.582951871629,34.4225242944159],[-118.582913939392,34.4224510075276],[-118.582560932704,34.4217776556775],[-118.582245850467,34.4211756804837],[-118.58192202839,34.42055800281],[-118.581620083416,34.4199810095409],[-118.580955005121,34.4187187792469],[-118.580801891647,34.4184272071343],[-118.580370134325,34.4176050066863],[-118.580194240113,34.4172702328293],[-118.57993023709,34.4167650895932],[-118.579753633177,34.4164105197704],[-118.579566723142,34.4160226040928],[-118.579419143483,34.4157022446632],[-118.579223204684,34.4152571237954],[-118.579069541124,34.4148893233037],[-118.579005123614,34.4147314835895],[-118.578943588529,34.4145743459047],[-118.578778000042,34.4141469695947],[-118.578588875755,34.4136457601166],[-118.578528764819,34.4134862299494],[-118.578086792531,34.4123414701741],[-118.578022424111,34.4121903092084],[-118.578000491075,34.4121403214629],[-118.577643466795,34.4112904600624],[-118.577386267642,34.4107239759319],[-118.5766860732,34.4091501277185],[-118.576613898305,34.4089844603742],[-118.576319747871,34.4083292136055],[-118.576319684908,34.4083292319355],[-118.57630743399,34.4083014505894],[-118.576079946198,34.4077922235496],[-118.575698296451,34.4069381793179],[-118.57551417384,34.4065311621277],[-118.575247574885,34.4059327548345],[-118.574723225501,34.4047656654095],[-118.574400555114,34.4040473015545],[-118.57422168488,34.4036488446867],[-118.573951650088,34.4030504507996],[-118.573848034799,34.4027976191146],[-118.57355303487,34.4020834151879],[-118.573321714475,34.4015226843481],[-118.57318604114,34.4011938000422],[-118.572984175729,34.4007138723344],[-118.572680391069,34.3999753770014],[-118.572622470723,34.399838255746],[-118.572414504023,34.39897193128],[-118.572371759787,34.3987718693337],[-118.572369904479,34.3987631863383],[-118.572000300819,34.3972378414026],[-118.571266871357,34.3941870449981],[-118.571099065987,34.39421523778],[-118.57077623983,34.3942696530037],[-118.57066909528,34.3942834324904],[-118.570492986209,34.3942943431112],[-118.570421756431,34.3943008609803],[-118.57036875942,34.3943059218021],[-118.570312409253,34.3943061868492],[-118.570044027679,34.3943249802018],[-118.569954606039,34.3943367211972],[-118.569891708323,34.3943486935791],[-118.56985693555,34.3943547125081],[-118.569830418384,34.3943548371248],[-118.569734417339,34.3943734768129],[-118.569678137846,34.3943844037541],[-118.569416498953,34.3944192971072],[-118.569290614742,34.3944315640398],[-118.569201195056,34.3944433044693],[-118.569111816683,34.3944612562537],[-118.568995912932,34.3944786193259],[-118.568871763537,34.3945025589436],[-118.568601922073,34.3945491648693],[-118.568292299794,34.3945963118456],[-118.567994198315,34.3946320545706],[-118.567836911338,34.3946561483448],[-118.567795507372,34.3946618434289],[-118.567560355675,34.3946917972161],[-118.567422943586,34.3947147507353],[-118.566805092773,34.3947705400766],[-118.566428874855,34.3947740272364],[-118.566297962544,34.3947780726621],[-118.565766097018,34.3948042451947],[-118.565580475559,34.3948068366769],[-118.565374946219,34.3948060696023],[-118.565268437564,34.394805440138],[-118.565122984106,34.3948017483469],[-118.564953905998,34.3947991013512],[-118.564537858002,34.3947952142027],[-118.563589842328,34.3948020114417],[-118.563168838333,34.3948005326143],[-118.563110828197,34.3948004747635],[-118.562525700983,34.3947939029679],[-118.562257924833,34.3947934572278],[-118.562219810621,34.3947933941434],[-118.561824583871,34.394792344674],[-118.561759948522,34.3947926441326],[-118.561360513951,34.3947944939669],[-118.560664433771,34.394802523277],[-118.560540131987,34.3948030979529],[-118.560117493729,34.3948050509542],[-118.559678271075,34.3948053733167],[-118.559131293014,34.3948024000309],[-118.558511386139,34.3948000910743],[-118.557799254426,34.3947892869979],[-118.557626211521,34.3947866615474],[-118.55752178042,34.3947850826311],[-118.557119066436,34.3947920723496],[-118.556885424456,34.394800366929],[-118.556663439439,34.3948175219716],[-118.556459366243,34.3948466795532],[-118.556390217242,34.3948565576937],[-118.556335597059,34.394865461286],[-118.556025972774,34.3949159369513],[-118.555830687882,34.3949601115948],[-118.555729781919,34.3949894269759],[-118.555516441863,34.3950608301255],[-118.555388212145,34.3951083462703],[-118.555093177775,34.3952176701538],[-118.555071787081,34.395226437281],[-118.55489317322,34.3952996457173],[-118.554496464308,34.3954622131207],[-118.554273367055,34.395562156362],[-118.554162692614,34.3956186649544],[-118.553931471461,34.3957423353509],[-118.553708571248,34.3958714883361],[-118.55348258278,34.3960132603325],[-118.553370235636,34.3960894266916],[-118.553246522906,34.3961799882983],[-118.553193757528,34.3962207586481],[-118.553107678363,34.3962872666317],[-118.553066091149,34.3962151573409],[-118.552802376917,34.3959384647483],[-118.552518668661,34.3956464193153],[-118.552433526772,34.3955544255601],[-118.552276449079,34.3953624279474],[-118.552085831428,34.3951108495265],[-118.552050715291,34.3950642952223],[-118.551885148725,34.3948410928935],[-118.551786519129,34.3947137665252],[-118.551585936965,34.394458084682],[-118.551574225316,34.3944426873686],[-118.551224977053,34.3940131862755],[-118.551072420422,34.3938165596918],[-118.5508053858,34.3934723822982],[-118.550659903788,34.3932779435541],[-118.550171541523,34.3926124187469],[-118.550107987058,34.3925251351325],[-118.549919036301,34.3922735106024],[-118.549761898475,34.3920747006945],[-118.549703435409,34.3920007446872],[-118.549322454037,34.3915318936619],[-118.549248914147,34.3914381114615],[-118.549044912212,34.3911652647949],[-118.548966355718,34.3910646354069],[-118.548900388237,34.390984437372],[-118.548887830178,34.3909691716509],[-118.548837729239,34.3909120199404],[-118.548734252235,34.3908018846732],[-118.54860585274,34.3906836193051],[-118.54831083354,34.3904307727442],[-118.548169191391,34.3903143013631],[-118.547622310923,34.3898180254254],[-118.547282249526,34.3895193507865],[-118.547172181225,34.3894154303117],[-118.547052075819,34.3892971276823],[-118.546851803198,34.3890850684798],[-118.546800002434,34.3890207239028],[-118.546715935816,34.3889097862695],[-118.546694684993,34.3888817432291],[-118.546450865162,34.388570568793],[-118.546371691464,34.3886348528751],[-118.546282941553,34.3885198637924],[-118.5460034594,34.3881577480563],[-118.545845950748,34.3879536661778],[-118.545683264972,34.3877428755984],[-118.54565707689,34.3877089017306],[-118.545646265826,34.3876948764464],[-118.545610265034,34.3876478753028],[-118.545533265439,34.3875478758906],[-118.545368205325,34.3873308010234],[-118.545295264213,34.3872348752949],[-118.545009768489,34.3868596515974],[-118.544910266359,34.3867288761043],[-118.544862264989,34.3866668756633],[-118.544518264524,34.3862218748909],[-118.544466265141,34.386155874988],[-118.544411246342,34.3860852691307],[-118.544173736669,34.3857804771669],[-118.544053264593,34.3856258745357],[-118.543911165854,34.3854441116521],[-118.543727264477,34.3852088755271],[-118.543611278638,34.3850536032317],[-118.54360326492,34.3850428756784],[-118.543275265305,34.3846048749432],[-118.542738264367,34.3839058748192],[-118.542444264768,34.3835088749364],[-118.54215726443,34.3831098749848],[-118.541968264848,34.3827768743901],[-118.541747264756,34.3823398751228],[-118.541674263806,34.3821308754676],[-118.541619263796,34.3819728738956],[-118.541431263799,34.3814858741731],[-118.541422264039,34.3814648751285],[-118.54130126446,34.3811668750056],[-118.541107264069,34.3807348747647],[-118.541078263279,34.3806758749016],[-118.540741264366,34.3799708759017],[-118.540684264171,34.3798548738476],[-118.540649308401,34.3797839640512],[-118.540318758967,34.3798031033546],[-118.539978457153,34.3798228062829],[-118.539828633079,34.379831083397],[-118.539335716192,34.3798583156777],[-118.539294562695,34.3798603667385],[-118.538945847745,34.3798777637928],[-118.538547164468,34.3798976509955],[-118.538517364891,34.3798991392815],[-118.538270504675,34.3799114660378],[-118.538128599456,34.3799193822378],[-118.538096567247,34.3799211697245],[-118.537781819012,34.3799390536599],[-118.537679650722,34.3799456372875],[-118.536945305173,34.3799929095476],[-118.536726668666,34.380009681665],[-118.536259574164,34.3800450803715],[-118.535578742832,34.3800858707762],[-118.534882909741,34.380112984078],[-118.534538307713,34.3801265124458],[-118.534173865624,34.3801477173132],[-118.53378463028,34.3801782827481],[-118.533412009678,34.3802159726254],[-118.533080829962,34.3802555707179],[-118.533041087713,34.3802591785217],[-118.532807557629,34.3802797801861],[-118.532627088116,34.3803059947852],[-118.532397723783,34.3803470594332],[-118.532221590748,34.3803857488198],[-118.532036309383,34.3804349891451],[-118.531892422986,34.3804799347617],[-118.531826269727,34.3805004870714],[-118.531634492103,34.3805734567488],[-118.531475884938,34.3806479999497],[-118.531384703227,34.38069788874],[-118.531302497001,34.3807428851412],[-118.530970503891,34.380915738458],[-118.53095397534,34.3809237110348],[-118.530788790848,34.3810065195],[-118.530449456817,34.3811711670538],[-118.530065176038,34.3813576435081],[-118.529866933309,34.3814539912095],[-118.529837204097,34.3814683672603],[-118.529826261199,34.3814128757533],[-118.529813262006,34.3813508760036],[-118.529782261688,34.381252875311],[-118.529753355134,34.3812004508957],[-118.529723262739,34.3811458751726],[-118.529632263419,34.3810058760225],[-118.529592261247,34.380944875915],[-118.529541317716,34.3808766625867],[-118.529361318886,34.3806356476924],[-118.529297262417,34.3805498754384],[-118.529226366097,34.3804546262763],[-118.529166261784,34.3803738754047],[-118.528645261954,34.3796978761042],[-118.528512840969,34.3795268941207],[-118.52809926132,34.3789928754836],[-118.527997262601,34.3788608746029],[-118.527804525561,34.3786202040845],[-118.527804262508,34.3786198743647],[-118.527532261731,34.3782798760852],[-118.526952261054,34.3775328749137],[-118.52669526199,34.3772018745383],[-118.526453226169,34.3768812989559],[-118.526393260559,34.376801875886],[-118.52631726054,34.3767028751525],[-118.526330894757,34.376695675768],[-118.526330415351,34.376690699549],[-118.526330239943,34.3766908166091],[-118.526080031279,34.3764308520016],[-118.526031682334,34.3763843485392],[-118.525975047087,34.376338211874],[-118.525888481303,34.3762746953247],[-118.525806944212,34.3762207817376],[-118.525723782723,34.376172721623],[-118.525660612829,34.3761403508063],[-118.52553599977,34.3760869763112],[-118.525469552739,34.3760621790092],[-118.52539646368,34.3760329559509],[-118.525242856742,34.3759709943315],[-118.525220359612,34.3759619438808],[-118.524899691945,34.3758262680912],[-118.524306372181,34.3755611243836],[-118.524343907449,34.3756124705893],[-118.524119260074,34.3755198757693],[-118.523950261442,34.3754498760263],[-118.523820343799,34.3753953615185],[-118.523695260208,34.3753428751886],[-118.523409260352,34.3752228758364],[-118.523300960711,34.3751750226703],[-118.523233889263,34.3750876050225],[-118.523225145032,34.3750768504361],[-118.523204714197,34.3750676185007],[-118.523026902108,34.3749869930082],[-118.523008062406,34.3749793778473],[-118.522352404711,34.3747106304459],[-118.521991882815,34.3745603641243],[-118.521909570008,34.3745254962863],[-118.521563227494,34.3743787837235],[-118.521262494488,34.3742502393255],[-118.520740791197,34.3740271561487],[-118.520665760928,34.373994531672],[-118.520285528805,34.3738291990909],[-118.519684050288,34.3735679832592],[-118.519372424478,34.3734508276602],[-118.519323633476,34.3734324848125],[-118.519139222012,34.3733556494455],[-118.51893981577,34.3732647815223],[-118.518633953178,34.3731094579438],[-118.518281464988,34.3729158669749],[-118.517973841286,34.3727426879746],[-118.517775920947,34.3726243599298],[-118.517365017345,34.3723695885271],[-118.517203710975,34.3722695731188],[-118.516730830539,34.3719808451654],[-118.516327151948,34.3717343678847],[-118.515741588257,34.3713621268021],[-118.515355677949,34.3711219554081],[-118.514993093196,34.3709016014035],[-118.51477023744,34.3707679030959],[-118.514377741027,34.370532890838],[-118.514174851656,34.3704135322445],[-118.513885483415,34.370242325507],[-118.513431512951,34.3699794391618],[-118.513388711455,34.3699543575113],[-118.513373311659,34.369945334315],[-118.513288262292,34.3698943085455],[-118.513242353506,34.3698667472452],[-118.513102230917,34.3697826273145],[-118.512887478092,34.3696461406701],[-118.512821036042,34.369603912399],[-118.512745975258,34.3695558046486],[-118.512633109173,34.3694806374662],[-118.512390194186,34.3693184976425],[-118.512247158175,34.3692254764285],[-118.51223392692,34.3692168631402],[-118.512143363682,34.3691579073953],[-118.512077438525,34.369115097747],[-118.511758026365,34.3689062320738],[-118.511380508837,34.3686790633396],[-118.511222540014,34.3685862400506],[-118.510886617941,34.368388851598],[-118.510740901256,34.3683021029057],[-118.510731298705,34.3682963861362],[-118.510409340171,34.3681047218091],[-118.510264627669,34.3680129494514],[-118.509774211271,34.3676924394866],[-118.509576029834,34.3675629138286],[-118.50943118517,34.3674682461952],[-118.508975376152,34.3671702856177],[-118.508364544595,34.3667709220662],[-118.508271697346,34.3667102186284],[-118.507781244165,34.366436469936],[-118.507699420946,34.3663927526574],[-118.507664617563,34.3663741635407],[-118.5075917462,34.3663352319315],[-118.507487019268,34.3662790087053],[-118.507361375799,34.3662157850396],[-118.507252707642,34.3661666308475],[-118.507244404797,34.3661628836362],[-118.507210852875,34.3661492818756],[-118.507187605679,34.3661398435703],[-118.507148233636,34.3661238509218],[-118.507071708294,34.3661004019929],[-118.506987078177,34.3660791271677],[-118.506743090319,34.3660083479412],[-118.506590373617,34.3659619421726],[-118.506315523847,34.3658733405221],[-118.505642449315,34.3656570941503],[-118.505116903914,34.3655231177594],[-118.505082424166,34.3655143632465],[-118.503525271474,34.3651190023327],[-118.504126649808,34.3640453402047],[-118.504940438387,34.3625797486726],[-118.505193786949,34.362142177734],[-118.505711908512,34.3612550609848],[-118.50581150714,34.3610781312533],[-118.50612371234,34.3603874679109],[-118.506272937437,34.3598573022401],[-118.506326426997,34.3596662527139],[-118.506457147048,34.358931026055],[-118.50649715904,34.3584156273876],[-118.506490523344,34.3582701502899],[-118.50644498162,34.3574020816553],[-118.506389646491,34.3568155225756],[-118.506244832832,34.3561768595307],[-118.506010501713,34.3554789368502],[-118.505430812811,34.3537949298566],[-118.505026767565,34.3526158761582],[-118.504543741297,34.3512153153361],[-118.504455875572,34.3509532952578],[-118.504303614037,34.3505054869875],[-118.50415090699,34.3499837361109],[-118.50408924459,34.3497740835661],[-118.503970199917,34.3491114576141],[-118.503944972234,34.3487442212381],[-118.503893567139,34.347852322868],[-118.503950282172,34.347243828225],[-118.50398550596,34.3468858823289],[-118.504027503016,34.3466972669643],[-118.504108838031,34.3463558266478],[-118.5042378205,34.3458090498975],[-118.504331190235,34.3455558164612],[-118.504529158456,34.3450039813093],[-118.504583048262,34.3448595069852],[-118.504688578017,34.3445765836042],[-118.504677420289,34.3445759439997],[-118.506002905247,34.3413721709069],[-118.506019041693,34.3413724848773],[-118.506023157838,34.3413624858399],[-118.506999823267,34.3389897966466],[-118.507084126674,34.3387842353587],[-118.5066853695,34.3356727657093],[-118.506624461123,34.3351974796197],[-118.507156809285,34.3347959650455],[-118.507195788261,34.3347665631433],[-118.507218075935,34.3347497643104],[-118.50725467902,34.3347221249284],[-118.507344168045,34.3346546522402],[-118.507351897583,34.3346488175636],[-118.507352776016,34.3346481548596],[-118.507364339529,34.3346394327235],[-118.507463138208,34.3345648970651],[-118.507478824502,34.3345530680734],[-118.507536198432,34.3345098017644],[-118.50753631208,34.3345097255589],[-118.507584687396,34.3344732368325],[-118.507585689149,34.3344724807516],[-118.507659581106,34.3344167553209],[-118.50771185736,34.3343773319139]],[[-118.647685113071,34.4311637182067],[-118.647685112441,34.4311751101053],[-118.647684935476,34.4381772555701],[-118.64768493923,34.4382157946848],[-118.649843141511,34.4382265461042],[-118.649886087327,34.4311581136205],[-118.647685113071,34.4311637182067]],[[-118.641093070611,34.438190842815],[-118.64109306527,34.4381917038159],[-118.641051145707,34.4381915493806],[-118.641040747384,34.4409110875531],[-118.641037279273,34.4418176422442],[-118.641067771926,34.441817859777],[-118.641071037752,34.4418178830902],[-118.641128443806,34.4418182910668],[-118.641516740819,34.4418210518811],[-118.644996355905,34.4418457331209],[-118.645471227544,34.4418490938343],[-118.645471245956,34.4418274621365],[-118.645471246848,34.4418268752279],[-118.645471377178,34.4416738143305],[-118.645472000671,34.4408995432312],[-118.64547370421,34.4382074480394],[-118.645429891779,34.4382077821037],[-118.644991559162,34.438205865189],[-118.641309627871,34.4381917186268],[-118.641093070611,34.438190842815]]]},"properties":{"OBJECTID":10347,"Date":null,"Code":"19SC003","DivisionName":"SANTA CLARITA VLY WATER AGENCY DIV 3","division_type":"WATER AGENCY","group_type":"19","District":"SANTA CLARITA VALLEY WATER AGENCY","Shape__Area":2809164704.0146484,"Shape__Length":540888.45590130461,"GlobalID":"a97147d4-5237-4501-a210-f801a56ce64c","CreationDate":1788987057416,"Creator":"RRCCgis_lacounty","EditDate":1788987057416,"Editor":"RRCCgis_lacounty"}}]}