{"type":"FeatureCollection","crs":{"type":"name","properties":{"name":"EPSG:4326"}},"features":[{"type":"Feature","id":10490,"geometry":{"type":"Polygon","coordinates":[[[-118.576319747871,34.4083292136055],[-118.57632207232,34.4083343936283],[-118.576613898305,34.4089844603742],[-118.576781202362,34.4089865037672],[-118.577868464574,34.4089693474704],[-118.579621613138,34.4089683379404],[-118.579416295807,34.4098331254123],[-118.579414905706,34.4098329778902],[-118.57929192552,34.4103609763634],[-118.579116640198,34.4111135312753],[-118.579057207943,34.4113557505821],[-118.579001644627,34.4115985995917],[-118.578949958704,34.4118420376998],[-118.578927856113,34.4120009486083],[-118.578913437469,34.4121604638288],[-118.578906726079,34.4123203308217],[-118.578907729992,34.4124802926111],[-118.578916449636,34.4126400913544],[-118.578924575343,34.4127189589678],[-118.578932871337,34.4127994746844],[-118.578956968339,34.4129581866883],[-118.57898845396,34.4131214576632],[-118.579028147354,34.4132834949035],[-118.579075972624,34.4134440147787],[-118.579131853915,34.4136027399673],[-118.579195685983,34.4137593905819],[-118.579527483884,34.4145557713917],[-118.579729900858,34.4150367105633],[-118.58000255528,34.4156880922656],[-118.580204509089,34.4159510242473],[-118.58057151781,34.4164821034443],[-118.581558730449,34.417910611651],[-118.581593517915,34.4178867091048],[-118.585598999248,34.4151343866178],[-118.589710401449,34.4123089546997],[-118.594579495092,34.4089671882193],[-118.598438677964,34.4089482067468],[-118.59965090418,34.4089422190394],[-118.599669513439,34.408957023195],[-118.601070721419,34.4089562514539],[-118.601779070711,34.4089558535362],[-118.601778823358,34.4089550406715],[-118.601788054948,34.4089550155997],[-118.601842874494,34.408954863475],[-118.601978937878,34.408954486594],[-118.602448206377,34.4089531850724],[-118.602456488384,34.4089531637652],[-118.602575179581,34.4089528337452],[-118.602679786817,34.4089525429462],[-118.602683675465,34.4089525326373],[-118.603172658,34.4089511727157],[-118.603446334755,34.4089504108095],[-118.603943724359,34.4089490257813],[-118.606338209415,34.4089423249958],[-118.607565751131,34.4089388727037],[-118.607565847937,34.4089388722186],[-118.607590597113,34.4089388032244],[-118.607588206797,34.4093682745794],[-118.607585391862,34.4098746558782],[-118.607583365401,34.4102388817076],[-118.607582789238,34.4103421408802],[-118.607582481209,34.4103975980619],[-118.607581858351,34.4105096682352],[-118.607574914803,34.4117578659312],[-118.60757356514,34.4120004234729],[-118.607571585553,34.4123561754293],[-118.607569119869,34.4127990547987],[-118.607570788881,34.4148860187685],[-118.607646694738,34.4148826147335],[-118.607660814358,34.415338739334],[-118.607571334438,34.4155657747349],[-118.607441803041,34.4158944259612],[-118.607571623707,34.4159253639277],[-118.607571892825,34.4162611597311],[-118.607572368199,34.4168723763041],[-118.60757252849,34.4170488729699],[-118.607572917526,34.4175357917297],[-118.607341550908,34.4174972691345],[-118.607341633215,34.4174969198259],[-118.607340888241,34.417496800045],[-118.607329312688,34.4175377429084],[-118.607326079255,34.4175487443806],[-118.607323079353,34.4175589504254],[-118.607256083913,34.4177575411214],[-118.607258502468,34.4177581682055],[-118.607180551222,34.4179416001966],[-118.607119043227,34.4180498550421],[-118.607108041653,34.4180944976392],[-118.607119573422,34.4181226004631],[-118.607150824011,34.4181365234065],[-118.60712590371,34.4182140896464],[-118.607127113649,34.4182142693076],[-118.607126801061,34.4182157115353],[-118.60712674423,34.4182159741683],[-118.607573512532,34.418282429984],[-118.607574972492,34.4201120556513],[-118.607576373479,34.421908082766],[-118.607576431564,34.4219081410752],[-118.607629222365,34.4219608385706],[-118.607648107003,34.4219796898549],[-118.607647014613,34.4219893679622],[-118.607630427574,34.4220007780179],[-118.607607468985,34.4220165726288],[-118.607689404446,34.4220983655885],[-118.607704895107,34.4221138296482],[-118.607726497344,34.422098968599],[-118.607744441845,34.4220866258461],[-118.60775928129,34.422090669734],[-118.607771014091,34.4221023823689],[-118.607756865906,34.4221121150752],[-118.607576678127,34.4222360664106],[-118.607576628328,34.4222361000171],[-118.607535263954,34.4222645542896],[-118.607356663543,34.4223874127892],[-118.607178063694,34.4225102710193],[-118.606998188125,34.4226340062555],[-118.606957769465,34.4226618091909],[-118.606957621515,34.4226616611769],[-118.606957261046,34.422661910003],[-118.607577437744,34.4232737309909],[-118.607577567147,34.4234391288678],[-118.607606886901,34.4234681657895],[-118.607612833801,34.4234744567047],[-118.607616177354,34.4234789720029],[-118.607620331002,34.4234855171198],[-118.607623492737,34.4234928479398],[-118.6076251433,34.4234980884436],[-118.607626208211,34.4235020895576],[-118.607626930354,34.4235063799801],[-118.607627072123,34.423510005268],[-118.607627214581,34.4235137252144],[-118.607626787609,34.4235203681045],[-118.607624889935,34.4235286790005],[-118.607622632776,34.4235349875715],[-118.607620254422,34.4235403420176],[-118.607616953921,34.423545606421],[-118.607612734054,34.4235511621197],[-118.607608851783,34.4235555702686],[-118.607604505458,34.4235595993899],[-118.607599582933,34.4235635358339],[-118.607590874665,34.4235693042397],[-118.607577907745,34.4235781456926],[-118.607586093619,34.4268920682323],[-118.607585932271,34.4293006001345],[-118.607585580185,34.4293003611866],[-118.607530979371,34.4292632757042],[-118.607113209278,34.4295133179831],[-118.607004919937,34.4296882079381],[-118.606962192021,34.4298948303645],[-118.60685749851,34.4299961986795],[-118.606857666842,34.430000784876],[-118.606857914795,34.4300074883933],[-118.606863972856,34.430172181278],[-118.606906048362,34.4302779270478],[-118.606915923579,34.4303027439351],[-118.606932251209,34.4303441845019],[-118.606937593598,34.4303677943645],[-118.606940491833,34.4303962721532],[-118.60693768097,34.4304393573188],[-118.606924527227,34.4304860246642],[-118.606904783229,34.4305244794885],[-118.606877896034,34.4305597686743],[-118.606851554349,34.4305852607882],[-118.606802345664,34.4306193066025],[-118.606726802041,34.430650212422],[-118.606642597315,34.4306549411005],[-118.606536220907,34.4306609156183],[-118.606398877734,34.4307974869417],[-118.606415525035,34.4310638197737],[-118.60672128406,34.431595136554],[-118.606886101989,34.4318815384297],[-118.607046198562,34.4320036886023],[-118.607585750184,34.4320132349057],[-118.607585658165,34.4333870929329],[-118.607586439822,34.4343549647902],[-118.607587884516,34.4361334983134],[-118.603786109424,34.4347851878321],[-118.603704198353,34.4347561340428],[-118.603623476432,34.4347275043163],[-118.603622564443,34.4347271806934],[-118.599524270569,34.4332734969015],[-118.599469844438,34.433254190721],[-118.593989638967,34.4321270691002],[-118.593947476382,34.4320694940476],[-118.593099298457,34.4309109829081],[-118.592083676872,34.4295237259493],[-118.591143120718,34.4282389541338],[-118.591081611367,34.4281549328362],[-118.591066616512,34.4281514096572],[-118.587811619798,34.4273850338977],[-118.586914662282,34.4271744436112],[-118.58652701327,34.4270114621175],[-118.585184753653,34.4264465777374],[-118.584990435395,34.4264119808111],[-118.584455798324,34.4263881292989],[-118.583045137978,34.4258749792091],[-118.581371663426,34.4258795574547],[-118.580248856348,34.425882617506],[-118.579289900421,34.4258852219694],[-118.579170925125,34.4259227883603],[-118.579167338324,34.4259239197883],[-118.578824501437,34.4260318179369],[-118.578820403636,34.426033157344],[-118.57861738144,34.4260994974521],[-118.577663349245,34.4264084500844],[-118.577063663656,34.4266026470691],[-118.576867161364,34.426585445439],[-118.576247754238,34.4265312057463],[-118.575799953744,34.4264924834299],[-118.575768180915,34.426489735795],[-118.575627492481,34.4264777089168],[-118.575308290583,34.4264509193939],[-118.574796045148,34.4264081995614],[-118.574799471024,34.4264129037869],[-118.574128659069,34.4263595414576],[-118.574122521444,34.4263503387461],[-118.573691284073,34.4263149173434],[-118.572820343191,34.4262433508268],[-118.572577897142,34.4262234273984],[-118.572566168644,34.4262224640196],[-118.572565306615,34.4262224130946],[-118.572565509838,34.4265022002672],[-118.572567037663,34.4286065896484],[-118.572567144918,34.4288578543429],[-118.572567143839,34.4288580139203],[-118.57256723794,34.4290947034937],[-118.572567258275,34.4291435595922],[-118.572567271507,34.4291874257065],[-118.572603632199,34.429186513917],[-118.572656553355,34.4291830356937],[-118.572681016619,34.4291803886866],[-118.572747697821,34.4291715173683],[-118.572795505133,34.4291627964388],[-118.572869684166,34.4291455900825],[-118.572921538658,34.4291305112705],[-118.572963209872,34.4291164641135],[-118.572963628128,34.4291896003819],[-118.572964488144,34.4293394474084],[-118.572818162494,34.4294514262087],[-118.57256599148,34.4296449068209],[-118.572567252968,34.4298447107216],[-118.572567322763,34.4308263184573],[-118.572567307257,34.4308428969269],[-118.572567898771,34.4312964402515],[-118.572567340604,34.4312964401813],[-118.572567325197,34.4315668964645],[-118.572567351035,34.4316140206731],[-118.572567351425,34.4316140774681],[-118.572528505631,34.4316425258487],[-118.572443973016,34.4317044331503],[-118.572509463776,34.431765842534],[-118.572567341431,34.4318201142717],[-118.572567342285,34.4318602805217],[-118.572567342219,34.4318738820365],[-118.572567349546,34.4322940441096],[-118.572567320379,34.4323561160868],[-118.572567195172,34.4323736723404],[-118.572568020007,34.4332805649391],[-118.572567801305,34.4332805650697],[-118.572567803322,34.4332813331711],[-118.572606859533,34.4333183553293],[-118.572635138836,34.4333457827837],[-118.572592859158,34.4333760964424],[-118.572575570053,34.4333884921603],[-118.572567287566,34.4333944940279],[-118.572567419445,34.433442640075],[-118.572567422948,34.4334471062807],[-118.572567771062,34.43385558817],[-118.572568263108,34.434263164224],[-118.572568753158,34.4343880980257],[-118.572568906591,34.4348133674552],[-118.572570653429,34.4348184979803],[-118.572571098071,34.4348204991004],[-118.572571983636,34.4348236439949],[-118.572572440187,34.434827219145],[-118.572572905111,34.4348320122341],[-118.572573016749,34.4348355890121],[-118.572572954793,34.4348392387324],[-118.572572218651,34.4348453248872],[-118.572571634459,34.4348481900292],[-118.572570882186,34.4348517717861],[-118.572568923075,34.4348578646144],[-118.572569043763,34.4351936970579],[-118.572569073238,34.4352340696159],[-118.572570225069,34.4367983244496],[-118.572570507828,34.4368972200746],[-118.572570532199,34.4369007648086],[-118.572570765907,34.4369782815829],[-118.57259051303,34.4369950498566],[-118.572656336836,34.43705094468],[-118.572570424072,34.4371265547072],[-118.572570294289,34.4371266698151],[-118.572570326029,34.4371312864434],[-118.57257048792,34.4371823722532],[-118.572568242067,34.4371823765418],[-118.572567027464,34.4382096626831],[-118.572572879968,34.4403833817144],[-118.572572747211,34.4403833814394],[-118.57257296606,34.4407137039919],[-118.572573956374,34.4412532482596],[-118.572574087502,34.4412533278777],[-118.572573896377,34.4412535433457],[-118.572573329105,34.4417341523832],[-118.572573003913,34.4419801250618],[-118.572574123655,34.4419801251867],[-118.572574310797,34.442259937379],[-118.572574354406,34.4423240473477],[-118.572574389468,34.4424063810466],[-118.572574523296,34.4426232039212],[-118.572574785478,34.4430476648168],[-118.572574947612,34.4432238146611],[-118.572574949021,34.4432259188441],[-118.572575104408,34.4434704080021],[-118.572576556121,34.4435944960511],[-118.57257501748,34.44359450782],[-118.572575286055,34.444022904771],[-118.572575340381,34.4441230752973],[-118.572575393328,34.4444417696083],[-118.57257541484,34.4448024225357],[-118.572575451772,34.4454281987358],[-118.572575915938,34.4460869881081],[-118.572575491653,34.4460871650087],[-118.572394073127,34.4461627503673],[-118.572015034269,34.4463384490569],[-118.571744522513,34.4464100719543],[-118.571603163252,34.4464474972834],[-118.571369402025,34.4465001130795],[-118.571205782156,34.4465279800876],[-118.571242537993,34.4466605025785],[-118.571301623878,34.446894252756],[-118.57136118867,34.4470843499954],[-118.571456686,34.4473225435984],[-118.571545529269,34.447533954034],[-118.571614326741,34.4476542917469],[-118.571677290028,34.447743527715],[-118.571761410504,34.4478627455616],[-118.571859338222,34.4479829458633],[-118.57219627472,34.4483298801395],[-118.572373448872,34.4484342079582],[-118.572739724199,34.4486498853991],[-118.571963878745,34.4495001078433],[-118.571962952521,34.4495010443992],[-118.571966001933,34.4495031107735],[-118.571966993618,34.449503782252],[-118.572100761149,34.4495944205776],[-118.572105381746,34.4495975514685],[-118.572307274128,34.4496297777677],[-118.572504689999,34.4496612901001],[-118.572575987757,34.4496726709612],[-118.572575818639,34.4496733993],[-118.572586209682,34.4503916142558],[-118.572602849039,34.450432191472],[-118.572635814981,34.4504681749338],[-118.572657968703,34.4505177622291],[-118.572659036975,34.4505175408183],[-118.572674032506,34.4505673728531],[-118.572674670258,34.4505673743509],[-118.572658683232,34.4506216583524],[-118.572626214257,34.450657950618],[-118.57262534132,34.4506571415507],[-118.572603255653,34.4506706281984],[-118.572580488571,34.4506798222313],[-118.57258049407,34.4506898013241],[-118.57257735434,34.4506898026169],[-118.572581988311,34.4513636935506],[-118.572593289588,34.4513619967188],[-118.572659278348,34.4513520830308],[-118.572785311127,34.4513331517896],[-118.572835995579,34.4513255379472],[-118.572954707191,34.4513077058077],[-118.572976610659,34.4513044172482],[-118.572998710891,34.4513010971032],[-118.573026743875,34.4512968861657],[-118.573041294712,34.4512946997372],[-118.573091558379,34.4512871490795],[-118.573096618125,34.4512863895276],[-118.573404627355,34.451240121667],[-118.573966192392,34.4511557638964],[-118.573955557491,34.4512410230234],[-118.573849551797,34.4520908592877],[-118.57383800185,34.4521834504215],[-118.573673963524,34.4524571124417],[-118.57365175905,34.4524941552094],[-118.57356842604,34.4526331533122],[-118.573190883552,34.4532630221954],[-118.57320997159,34.4533033055758],[-118.573302264604,34.4534980848573],[-118.573714360374,34.4543677840502],[-118.573708188752,34.4543732107333],[-118.573687380508,34.4543915111498],[-118.57323531298,34.4547890789531],[-118.573210522989,34.454770177228],[-118.573173411056,34.4547429476012],[-118.573117302028,34.4547037063536],[-118.573080334127,34.4546790517103],[-118.573056085537,34.4546633739988],[-118.572984079749,34.4546190076947],[-118.572930664248,34.4545881045823],[-118.572921434023,34.4545830517722],[-118.572873992707,34.4545570806863],[-118.572674064433,34.454460902681],[-118.572607331436,34.4545348218087],[-118.572584283995,34.4546130776164],[-118.572582587718,34.4546223236727],[-118.572582708755,34.4548531067204],[-118.572582762391,34.4549542823854],[-118.572582965213,34.4550564192858],[-118.572582837428,34.4550957620718],[-118.572582913012,34.4552430188047],[-118.572582928559,34.455271235043],[-118.572582990933,34.4553906154045],[-118.572584415167,34.4555310916199],[-118.572583082684,34.4555615887968],[-118.572583081938,34.4555627463741],[-118.572583140658,34.4556747900405],[-118.572583274394,34.4559284684482],[-118.572583408059,34.4559708535874],[-118.572596569518,34.4559708302497],[-118.572761679658,34.4559724924006],[-118.572746525803,34.4560195655667],[-118.572726753964,34.4560878376345],[-118.572703672594,34.4561675360739],[-118.572683070395,34.4562386762359],[-118.572651435249,34.4562941366368],[-118.572574455025,34.4564302831028],[-118.572651817555,34.4571452219347],[-118.572658351376,34.4572379908213],[-118.572626712329,34.4573529193183],[-118.572562977287,34.4575168409204],[-118.572584163807,34.4576451901511],[-118.572584196177,34.4577075051409],[-118.572584200414,34.4577146101344],[-118.572584257564,34.4578257919208],[-118.572584333419,34.4579748282565],[-118.572584381173,34.458067234675],[-118.572582162235,34.4580691771387],[-118.572502593075,34.4581388338707],[-118.572404108005,34.458204137002],[-118.572340971813,34.4582455439816],[-118.57241037293,34.4582885345878],[-118.572412653201,34.4582899707986],[-118.572435566259,34.4583043945901],[-118.572457221879,34.4583181346333],[-118.572467846388,34.4583251958368],[-118.57250870962,34.4583534339298],[-118.572537339185,34.4583737439138],[-118.57258455866,34.4584092544419],[-118.572584560193,34.4584113766528],[-118.572584568666,34.4584282768254],[-118.572584629713,34.4585450895875],[-118.572589369751,34.4585414574678],[-118.572663749754,34.4584844629164],[-118.572669418741,34.4584801196047],[-118.572671619511,34.4584820222805],[-118.572672042236,34.4584824007342],[-118.572672255757,34.4584825872463],[-118.572672747378,34.4584830131564],[-118.572677091018,34.4584867872272],[-118.572678322887,34.4584878659628],[-118.57268086332,34.458490096998],[-118.572680938882,34.4584901642567],[-118.57269911533,34.4585064873517],[-118.5726991608,34.4585064519771],[-118.572704585675,34.4585113992532],[-118.572736300893,34.4585427754193],[-118.572736508032,34.4585429835982],[-118.572741991529,34.458548857376],[-118.572776105203,34.458585395231],[-118.572779298153,34.4585888150162],[-118.572688172172,34.4586445706207],[-118.572584715199,34.4587078707025],[-118.572584718146,34.4587133637534],[-118.572584722553,34.458722709065],[-118.572584815092,34.4588979106193],[-118.572583579065,34.4588984438505],[-118.572584816856,34.4589008577354],[-118.572587994072,34.4589070534321],[-118.572655892892,34.4590394681282],[-118.572700867384,34.4591881104567],[-118.572700914934,34.4591885357577],[-118.57271585956,34.4593264643906],[-118.572717408741,34.4593407590614],[-118.572717318533,34.4593418855068],[-118.572714706758,34.459374382012],[-118.572705113626,34.459493706032],[-118.572689977351,34.4595491291276],[-118.572664275253,34.4596432392496],[-118.57263516737,34.459704264607],[-118.572633859459,34.4597070078447],[-118.572598111041,34.4597819509007],[-118.572585287677,34.4598016279481],[-118.572563986805,34.4598343090934],[-118.572561217707,34.4598385584804],[-118.572509266024,34.4599182704567],[-118.57241800328,34.4600555317353],[-118.572428999182,34.460060538391],[-118.572585459668,34.4601317690462],[-118.572736728722,34.4602006367323],[-118.572737670977,34.460201065023],[-118.57269873061,34.4602596269185],[-118.572646402838,34.4603383237916],[-118.572585615034,34.4604297388716],[-118.572555127912,34.4604755888315],[-118.57246077113,34.4606177294246],[-118.57243965353,34.4606492421901],[-118.57243660888,34.4606537867747],[-118.572430379357,34.46066306142],[-118.572406341481,34.4606972655189],[-118.572345785048,34.4607741231688],[-118.572336825735,34.4607835576341],[-118.572244701745,34.4608805737184],[-118.572255946735,34.4608883929117],[-118.572406731308,34.4609941271355],[-118.572585977429,34.4611234003419],[-118.572593520686,34.461128840685],[-118.572740511513,34.4612348439251],[-118.572735725035,34.4612376008762],[-118.572586082185,34.461323800662],[-118.572500803547,34.461372924753],[-118.572501047181,34.4613732157016],[-118.572316043456,34.4614815406945],[-118.57250302867,34.4616613744732],[-118.57271633061,34.4618093361536],[-118.572846694249,34.461901521446],[-118.572767526997,34.4619653894535],[-118.57252744437,34.4622107324187],[-118.572526120616,34.4622116528221],[-118.572426811797,34.4621135193191],[-118.572423337823,34.4621100873275],[-118.572415914239,34.4621027504775],[-118.572414906958,34.4621039488634],[-118.572410675904,34.4621089768569],[-118.572276824523,34.4622680153464],[-118.572241950244,34.4623094512465],[-118.57224010948,34.4623116398421],[-118.572231343938,34.462322054256],[-118.57211620312,34.4624588698063],[-118.572110320881,34.4624585170886],[-118.572101799144,34.4624580055217],[-118.571761303332,34.4624375775605],[-118.571761485697,34.4624390903814],[-118.57181273524,34.4628655263856],[-118.571858351456,34.4632450612158],[-118.571879293596,34.4632485668746],[-118.572093938087,34.4632844965725],[-118.572587198417,34.463367062587],[-118.572587198761,34.4633686952683],[-118.572588629453,34.4655891866492],[-118.572589026883,34.4662056382939],[-118.572589059384,34.4662693957007],[-118.572589083325,34.4663586549092],[-118.572589093665,34.466391177788],[-118.572589042323,34.4665581182384],[-118.572588493251,34.4671554923829],[-118.572589565377,34.4671554837185],[-118.57259088505,34.4695704615789],[-118.572591061328,34.4698944142633],[-118.572591065629,34.469901211826],[-118.572591110752,34.4699850039938],[-118.572575284174,34.4700001757849],[-118.572344985446,34.470220943872],[-118.570855524308,34.470674224469],[-118.570840216554,34.4706720967198],[-118.570808231433,34.4706676520236],[-118.570785705104,34.4706645214505],[-118.570766770092,34.4706618905643],[-118.570719355199,34.470655301529],[-118.570299143819,34.4705969063278],[-118.570024373098,34.4705587197761],[-118.569956675526,34.4705493110362],[-118.569956324169,34.4705439413345],[-118.569955309755,34.4705438000495],[-118.5697053765,34.4705090445817],[-118.56970074121,34.4705279417993],[-118.569683668816,34.47060437302],[-118.569643743403,34.4707831249468],[-118.569742385411,34.4709000211822],[-118.569844068759,34.471020519119],[-118.569850811368,34.4710742758028],[-118.569859690951,34.4711450641869],[-118.56999679014,34.4713073667117],[-118.569998090392,34.4713349439998],[-118.570036442785,34.4721483973597],[-118.570054961287,34.4725411456365],[-118.569905272871,34.4727310719616],[-118.569632905815,34.4730766534124],[-118.569283914371,34.4735194501496],[-118.569310996923,34.4735489647142],[-118.568940264954,34.4740157071211],[-118.568898177025,34.474068694727],[-118.567882154133,34.4753478093962],[-118.567853921206,34.47533303099],[-118.566932243208,34.4765018925991],[-118.565588714281,34.4782056722074],[-118.564823838416,34.4776530217817],[-118.564803928473,34.4776386366742],[-118.564790716255,34.4776498140826],[-118.564189295609,34.4781585841812],[-118.563761308287,34.4785206450048],[-118.563442796757,34.4787900682892],[-118.563244313135,34.478957964593],[-118.562436365418,34.4796413953988],[-118.562410899857,34.4796629347663],[-118.562235098976,34.4798116405965],[-118.56213364004,34.4798974606229],[-118.562126495567,34.4799035033414],[-118.561834466274,34.4799796548414],[-118.561765264678,34.4798806611409],[-118.561757372843,34.4798685621028],[-118.561754702334,34.4799013118999],[-118.561746452094,34.479941123098],[-118.561734481993,34.4799759579083],[-118.561710797285,34.4800225109873],[-118.561691295441,34.4800510212194],[-118.561616695546,34.4801248901816],[-118.561569283474,34.4801615243377],[-118.561244153383,34.4798792086824],[-118.560874390341,34.479396947737],[-118.560276282353,34.4786168549099],[-118.559640642011,34.4789143169297],[-118.559555285866,34.4789542616813],[-118.559291049056,34.4786814047819],[-118.559183758449,34.478570615438],[-118.559355751088,34.4781246801819],[-118.559362778917,34.4781064566232],[-118.559440944196,34.477903791038],[-118.559387407456,34.4778333123606],[-118.559386291508,34.4778318425924],[-118.559232646602,34.4776295817027],[-118.559036473454,34.4774553748316],[-118.559030460926,34.4774500356857],[-118.558896911547,34.4775436440282],[-118.558702011174,34.4776802538663],[-118.558698383393,34.4776771124878],[-118.558391481459,34.4774113458515],[-118.558392094823,34.4774034618113],[-118.558392955787,34.477392403229],[-118.558396375503,34.4773484656156],[-118.558398252653,34.4773243337076],[-118.558414889266,34.4771106023998],[-118.558426553586,34.4769607496846],[-118.558429082267,34.4769282602531],[-118.558429423085,34.4769238898466],[-118.558244232289,34.4767630072474],[-118.557928547474,34.4764887567257],[-118.557928522291,34.4764887352045],[-118.557921611679,34.4764827311932],[-118.557845867758,34.4764169364156],[-118.557825682388,34.4763994014716],[-118.557693653129,34.4762847054611],[-118.55769155013,34.4762863658344],[-118.557501090023,34.4762295227198],[-118.557639211904,34.4760399941072],[-118.557782227286,34.4756353140455],[-118.557783805926,34.4756356592911],[-118.557851275855,34.4754238842499],[-118.557874237477,34.4752491685005],[-118.557873229708,34.475248237339],[-118.557855179753,34.4752340048244],[-118.5578631596,34.4751929492033],[-118.557844231443,34.4747447064017],[-118.557729596986,34.4742705298932],[-118.557600721712,34.4740469562115],[-118.55759621444,34.4740335611737],[-118.557593953036,34.4740268416027],[-118.557551984925,34.47390213121],[-118.55727893052,34.4735473581766],[-118.557102378749,34.4733371887127],[-118.556910171286,34.4731666501927],[-118.555456835495,34.4721669218444],[-118.55524981906,34.47202403185],[-118.555082628403,34.4719094875488],[-118.554946454759,34.4720282681595],[-118.554731957659,34.4722558531848],[-118.554588843484,34.4723906817809],[-118.55427783504,34.4727230650387],[-118.553930274873,34.4730598848744],[-118.553782275133,34.4732348837564],[-118.553633273175,34.4733998844933],[-118.553492273741,34.4735628841044],[-118.553472274703,34.4735868849127],[-118.553355274188,34.4737338835632],[-118.553319740783,34.4737703323411],[-118.552962417008,34.4740616960867],[-118.552755591268,34.4741823484926],[-118.552516966786,34.4742639682],[-118.552393286581,34.4742405890899],[-118.552269562038,34.4742106802387],[-118.552179672492,34.4741305560072],[-118.552134546794,34.4740632886208],[-118.552135419851,34.4740629600966],[-118.552124373256,34.4740408839771],[-118.552081357838,34.4739459487826],[-118.552069081624,34.4739188548986],[-118.552029719565,34.4738376929457],[-118.551979176829,34.473746552252],[-118.551926394852,34.4736627836536],[-118.551885462423,34.4736039850569],[-118.551861281517,34.4735678713331],[-118.55184953346,34.4735478475666],[-118.5518472904,34.4735487493831],[-118.551791321221,34.4734314698385],[-118.551750962381,34.473290176341],[-118.551732031993,34.4732097300845],[-118.55167306041,34.4730358738832],[-118.551627805902,34.4729490165385],[-118.551587923491,34.4728795479101],[-118.551563779996,34.4728056551348],[-118.55155017752,34.4727360661626],[-118.55156014276,34.4726533113563],[-118.551598972245,34.4725638964561],[-118.551601843662,34.4725650067188],[-118.55160726424,34.4725553933578],[-118.55162900292,34.4725244629641],[-118.551654216738,34.4724954000779],[-118.551682670102,34.4724684645083],[-118.551684290512,34.4724670768929],[-118.551710924456,34.4724461610218],[-118.55174252588,34.4724233194229],[-118.551776415343,34.4723953656273],[-118.552031337987,34.4721850836712],[-118.552038384519,34.4721791997575],[-118.552102430862,34.4721182892208],[-118.55211920625,34.472100298508],[-118.5522342785,34.4719768876488],[-118.552258375886,34.4719484409545],[-118.552259816176,34.4719492773362],[-118.552330122916,34.471851011935],[-118.552360981348,34.4717485734173],[-118.552359771198,34.4717484608237],[-118.55237245927,34.471654901272],[-118.55237268128,34.4716383228348],[-118.552372564559,34.4716307396531],[-118.55236240441,34.471179665852],[-118.552362121779,34.4711500309749],[-118.552365195802,34.4710702870234],[-118.552373521012,34.4709931633747],[-118.552374366285,34.4709932460751],[-118.552434882428,34.470607718535],[-118.552577572266,34.4699323348025],[-118.552603577784,34.4698908620775],[-118.552676192163,34.4697447018018],[-118.552717864606,34.4696879217618],[-118.552764936837,34.4696528819774],[-118.552900237728,34.4696522656771],[-118.552907711141,34.4696608719446],[-118.552894150158,34.4694738777826],[-118.55320197401,34.4694724750844],[-118.553202488246,34.469465825721],[-118.553227171033,34.4691465913621],[-118.553253385523,34.4689736736944],[-118.553306828652,34.4687808017153],[-118.553366962116,34.4685652382123],[-118.553415740434,34.4683615672186],[-118.55347128303,34.4682640563024],[-118.552877140103,34.4681735438059],[-118.551269119843,34.4679499951159],[-118.551269156872,34.4679498335728],[-118.55127113756,34.467933989109],[-118.551270106352,34.4678931650634],[-118.551260560143,34.4678614572534],[-118.55123991566,34.467826996077],[-118.551239421065,34.4678272633748],[-118.55122008248,34.4678001482837],[-118.551140439852,34.4677597055943],[-118.551139626266,34.4677616088238],[-118.551093581591,34.4677530135191],[-118.55109385137,34.467750849511],[-118.551036359915,34.4677488440956],[-118.550943498029,34.4677787350695],[-118.550877990009,34.4678062353553],[-118.550877450473,34.4678051397344],[-118.550713490888,34.4678605700676],[-118.550687966621,34.4678691963785],[-118.548424900868,34.4675545405023],[-118.548424824268,34.467554644525],[-118.547960154967,34.4674899793114],[-118.547960187283,34.4674899277779],[-118.548221240692,34.4670755419139],[-118.548769257805,34.4662056242021],[-118.548746042962,34.466202257359],[-118.548630311948,34.4661861283298],[-118.548524371528,34.4662257635788],[-118.548379081978,34.4662801426461],[-118.548065959382,34.4663973232329],[-118.548059348698,34.4663997710036],[-118.548075078693,34.4661082832106],[-118.548519468361,34.4657214651028],[-118.548923742826,34.4650584115415],[-118.548977424294,34.4648709982614],[-118.549088253404,34.4644871099297],[-118.549253006784,34.4639151713783],[-118.549239757241,34.4636462961016],[-118.549209224197,34.4630084969486],[-118.549680262959,34.4626695686766],[-118.549676116145,34.4625327641107],[-118.549673935106,34.4624609179981],[-118.549673901925,34.4624463304012],[-118.549790883989,34.462443334786],[-118.549786768362,34.4622913346971],[-118.549852512637,34.4622899919556],[-118.54985074408,34.4622428830136],[-118.549923272773,34.4622428834342],[-118.550040273326,34.4622438840008],[-118.550111272819,34.4622448829293],[-118.55016227202,34.4622448825313],[-118.550856273228,34.46225188202],[-118.5509145928,34.4622623284294],[-118.550949707661,34.4621987432775],[-118.551028123038,34.4620614836517],[-118.551036681533,34.4620465261785],[-118.551048940968,34.4620250256829],[-118.551063464771,34.4619998050846],[-118.551093928829,34.4619622521149],[-118.551219933244,34.4618089777312],[-118.551839345882,34.4610554033587],[-118.552006560415,34.4608984355608],[-118.552111470748,34.4607997675362],[-118.552227405905,34.4606908204251],[-118.552357350901,34.4605687371648],[-118.552481037436,34.4604524484783],[-118.552752041944,34.4601968568595],[-118.552841758414,34.4600881989598],[-118.552847198125,34.460081610997],[-118.552861196528,34.4600644369742],[-118.552942936987,34.4599648225794],[-118.553100430046,34.4597726537932],[-118.553132949681,34.4597108846886],[-118.553671639498,34.4586870915046],[-118.55395909201,34.4581407677382],[-118.55400111842,34.4580593465793],[-118.554015879957,34.4580341064967],[-118.554028196328,34.4580133518994],[-118.554034258969,34.4580030917854],[-118.554668608363,34.4569294872332],[-118.55497036202,34.4564181923781],[-118.556199012267,34.4535998266756],[-118.55626368366,34.4534514726889],[-118.556266012546,34.4534420021901],[-118.55646561951,34.4529883389394],[-118.556600374667,34.4524961111933],[-118.556667249749,34.4522506207187],[-118.556717843423,34.4520648929373],[-118.556825663668,34.451669399843],[-118.556878341075,34.4512350735982],[-118.55690208847,34.4510389227501],[-118.556907805538,34.4509912791453],[-118.556989150701,34.4503126959148],[-118.556994736841,34.4500087748498],[-118.55699616293,34.4498772205641],[-118.556995154629,34.4498616826984],[-118.557005190311,34.4493979410927],[-118.557006930804,34.4493036305484],[-118.557028087398,34.449098229148],[-118.55712127188,34.4481471397083],[-118.557179818401,34.447557913929],[-118.557220125971,34.4471524320675],[-118.557220927772,34.4471388981184],[-118.557233377386,34.4470210001435],[-118.557289739802,34.446715598056],[-118.557360944729,34.4463289632762],[-118.557473838017,34.4457236692313],[-118.557495456476,34.4456104828924],[-118.557472689054,34.4456076367709],[-118.557284053382,34.4455842745214],[-118.557482591967,34.4445426027649],[-118.55748433254,34.4445303257482],[-118.557513750574,34.4443600236333],[-118.557508271544,34.4443598802219],[-118.55697027277,34.4443468807378],[-118.556426272524,34.4443328804427],[-118.554295621913,34.444278080248],[-118.554297402696,34.4442820740353],[-118.554280442813,34.4442807532315],[-118.554221726134,34.4442761783997],[-118.553899271592,34.4442678818507],[-118.553469271776,34.4442568809344],[-118.55341849768,34.4442553653604],[-118.55341879846,34.4442474070231],[-118.553381475612,34.4442458688443],[-118.553347756864,34.4441694803374],[-118.553385272591,34.4439188811923],[-118.553391452196,34.443885589898],[-118.553478271974,34.4434178803626],[-118.553489272005,34.4433848817082],[-118.55351354181,34.443309356515],[-118.553632270666,34.4429398805983],[-118.553662119106,34.4428733155358],[-118.553706881848,34.4429695270432],[-118.553763319979,34.4428351685274],[-118.553837176888,34.4426692713345],[-118.554234696822,34.4418171208433],[-118.55462476716,34.4409730546458],[-118.555085874173,34.4399897009601],[-118.555136089542,34.4398808503784],[-118.555378620785,34.4393551105606],[-118.555447891281,34.4391988229662],[-118.555511854973,34.4390424225946],[-118.555570047809,34.4388859927178],[-118.555621135744,34.4387285522703],[-118.555665326374,34.438571527444],[-118.555703004213,34.4384125265099],[-118.555732965039,34.4382551827769],[-118.55575687522,34.4380958049355],[-118.55577462605,34.4379376651668],[-118.555786166799,34.4377785369086],[-118.555787370303,34.4377570198089],[-118.555807902571,34.4373899089232],[-118.555821041782,34.4371549909881],[-118.555869532013,34.4362011945034],[-118.555923712729,34.4350616983701],[-118.555938912763,34.4347872718673],[-118.555950854729,34.4345716522661],[-118.555961129653,34.4344153578755],[-118.555978745826,34.4343131761938],[-118.555997784797,34.4342291936406],[-118.556013717048,34.4341668559175],[-118.556032705977,34.4340747363075],[-118.556075647449,34.4338999386677],[-118.556126837354,34.4337386533105],[-118.556163617621,34.4336193924602],[-118.556250657568,34.433443046578],[-118.556347297779,34.4332395888319],[-118.556451088429,34.4330094442401],[-118.556523027129,34.4328559159206],[-118.556595056545,34.4327164898959],[-118.556672070465,34.4325790685123],[-118.556745866395,34.4324554301323],[-118.556862377941,34.432273179586],[-118.556944495148,34.4321546434516],[-118.557026715586,34.4320515771761],[-118.557427997382,34.4316251844108],[-118.557490596758,34.4315586481342],[-118.557557274897,34.4314885031541],[-118.557365458302,34.4313438700691],[-118.557166844083,34.4311857069691],[-118.556916550775,34.4309959574178],[-118.556808467913,34.4309207243704],[-118.556760995126,34.4308898752601],[-118.556497013399,34.4307199061093],[-118.556310248605,34.4305928209682],[-118.556031982543,34.4303903680907],[-118.555862179981,34.430289941426],[-118.555670886998,34.4301844462518],[-118.555250400933,34.4299592309224],[-118.55489379403,34.4297787844342],[-118.554749325184,34.4297073978749],[-118.554518151404,34.4296037051282],[-118.554147331383,34.4294449799721],[-118.554065762328,34.4294125555112],[-118.553806505098,34.4293094963439],[-118.553520593762,34.4292025905803],[-118.552995384357,34.4290157405145],[-118.552649836468,34.4289163276732],[-118.551687997428,34.4286486676354],[-118.551432258178,34.4285900602755],[-118.551164953529,34.42853733427],[-118.551013900755,34.4285126025344],[-118.550867856824,34.4284935636154],[-118.550526554862,34.4284554047904],[-118.550358040899,34.4284365808257],[-118.550029534682,34.4283966595456],[-118.549641496407,34.4283456865219],[-118.549504076497,34.4283319070283],[-118.549193572981,34.4283063040021],[-118.548878719491,34.4282892357899],[-118.548487035893,34.4282788069051],[-118.548342772753,34.4282777524926],[-118.547913369071,34.4282796927659],[-118.547475597784,34.4282816692837],[-118.547175508946,34.4282864581171],[-118.547129617232,34.4282866651111],[-118.547137972783,34.4283071545355],[-118.54683062968,34.4282880132656],[-118.546695802045,34.4282866763546],[-118.546652762177,34.4282862491562],[-118.546497326415,34.4282847064816],[-118.546446434883,34.4282828558944],[-118.546270110162,34.4282764422571],[-118.546018069222,34.4282755160744],[-118.545958391193,34.4282778455936],[-118.545860592045,34.4282817214729],[-118.545823337254,34.42828430613],[-118.545532068486,34.4283043322728],[-118.545397629675,34.4283181767674],[-118.545273640547,34.4283309400784],[-118.545016947037,34.4283541037805],[-118.544402364281,34.4284019304277],[-118.543682811611,34.4284734931475],[-118.543056388595,34.4285328245745],[-118.542891981475,34.4285427408211],[-118.542708485128,34.428553808767],[-118.54218171032,34.4285660010022],[-118.54211526376,34.4285675348757],[-118.541897866874,34.4285650163647],[-118.541776780507,34.4285580041355],[-118.541691107714,34.4285506614596],[-118.541479807809,34.4285325373095],[-118.541405938026,34.4285250678206],[-118.541346553701,34.4285190635535],[-118.541222629973,34.428506532502],[-118.541109771719,34.4284905486619],[-118.540998555964,34.4284714831494],[-118.540586756377,34.4283809023804],[-118.540480510736,34.4283618124423],[-118.540347583865,34.4283457162652],[-118.540278062379,34.428337296335],[-118.539889158017,34.4282596420503],[-118.539650480716,34.4282119552493],[-118.539491040526,34.4281718067677],[-118.539399671033,34.4281450614855],[-118.539177023253,34.4280739193053],[-118.538907793545,34.4279792939737],[-118.538527143321,34.427833287383],[-118.538178106251,34.4277046417978],[-118.53782416381,34.4275856616061],[-118.537709467438,34.4275411590227],[-118.537589748443,34.4274891507542],[-118.537390066221,34.4273787452575],[-118.537321810386,34.427337145968],[-118.537206903156,34.4272600244253],[-118.537140350459,34.4272188006451],[-118.537229524859,34.4271065610378],[-118.537671689545,34.4265692601448],[-118.537829540503,34.4263738445494],[-118.538329860839,34.4257401605187],[-118.538663597658,34.425345482449],[-118.538976600294,34.4249908264629],[-118.539173815497,34.4247613498727],[-118.539286021246,34.4246367282983],[-118.539598042265,34.4242900680645],[-118.539921224316,34.4239310197888],[-118.540146882641,34.4236803424315],[-118.540331659968,34.4234750669811],[-118.540347546907,34.4234574189327],[-118.540428009521,34.4233832515892],[-118.540505707824,34.4233072835167],[-118.540650288436,34.4231586382595],[-118.540713044696,34.4230845243987],[-118.540777598068,34.4230015223467],[-118.540969284028,34.4227280777859],[-118.54102051523,34.4226626717252],[-118.541153789419,34.4224840929406],[-118.54123248462,34.4223680592143],[-118.541311272553,34.4222450678546],[-118.541386727874,34.4221200565456],[-118.541441063271,34.4220205024246],[-118.54153076798,34.4218332735999],[-118.541691135179,34.4214626115097],[-118.541821118033,34.4211608884835],[-118.541879807146,34.4209925958881],[-118.541991385754,34.420568674796],[-118.542040236522,34.4203501058366],[-118.542059258458,34.4202419444704],[-118.542068456852,34.4201690897549],[-118.542073354491,34.420130294526],[-118.542091515851,34.4198436054496],[-118.542101197323,34.4196905315306],[-118.542103516501,34.4196540584647],[-118.542103136194,34.4195548332955],[-118.542093727919,34.4194036829269],[-118.54209113208,34.41936220395],[-118.542088434306,34.4193189358756],[-118.542075830317,34.4191961044711],[-118.54206094545,34.4190761726868],[-118.542059943187,34.4190680984844],[-118.542021898167,34.4188317581352],[-118.542000909101,34.4187203136514],[-118.541913903068,34.4182715354588],[-118.541715436795,34.417342068156],[-118.541690937093,34.4172254662657],[-118.541681327801,34.4171800933012],[-118.541637935148,34.4169521952567],[-118.541614105673,34.4168270428738],[-118.54158513898,34.4166449308102],[-118.541543820254,34.4163899160196],[-118.541510635755,34.4161868034062],[-118.541466569401,34.4159406287122],[-118.541445266149,34.4158216243211],[-118.541407594147,34.4156373269735],[-118.541336018554,34.4153384854551],[-118.541328723293,34.4153016189616],[-118.541326013744,34.4152879294785],[-118.541246884597,34.4148880889418],[-118.54117225403,34.4145109713779],[-118.541135843934,34.4143269973671],[-118.541040918012,34.4138473914453],[-118.540987064764,34.4135752057569],[-118.540600446928,34.4114275506751],[-118.540587559218,34.4113570302924],[-118.540181771516,34.4091687294214],[-118.54015108586,34.4091732385542],[-118.54010316643,34.4089424408656],[-118.540134888108,34.4089380190873],[-118.54031144878,34.4089134103637],[-118.540321565378,34.4089121491172],[-118.540415897708,34.4089003162347],[-118.540585754394,34.4088780503313],[-118.540614995326,34.4089714239499],[-118.54063122483,34.4090227555221],[-118.540631817451,34.4090252384218],[-118.540632589446,34.4090277051957],[-118.54064118692,34.4090551764135],[-118.541004251215,34.4102154528863],[-118.541344013642,34.4113016140038],[-118.541348798083,34.411316905277],[-118.541352594993,34.4113290428692],[-118.541175408259,34.4113512893389],[-118.542049013459,34.4124162104477],[-118.542247685819,34.412658789098],[-118.543359404436,34.4140121686354],[-118.543442656737,34.4141183132881],[-118.543520602892,34.4142429686066],[-118.544054857971,34.4143953069937],[-118.544856635068,34.4146266811554],[-118.544906408897,34.4146410444364],[-118.545027061133,34.4146761978297],[-118.545365030572,34.414771987969],[-118.545636627748,34.4148489649679],[-118.545955524438,34.4149392524352],[-118.546781057338,34.4151794114744],[-118.547083364748,34.4152676855131],[-118.547933802039,34.4155128848001],[-118.548074987411,34.4155534679373],[-118.548528499178,34.4156922470883],[-118.54888729041,34.4157971073303],[-118.548934070726,34.4158098056492],[-118.54932409835,34.4159156799015],[-118.549734276412,34.4160199668236],[-118.549797898921,34.4158633823187],[-118.549982399092,34.4154331872213],[-118.55002640925,34.415318949334],[-118.550062358334,34.4152394554192],[-118.550108182685,34.4151492533054],[-118.550165576374,34.4150535047188],[-118.550227919551,34.4149542969853],[-118.5502952429,34.4148564432722],[-118.550374124012,34.4147513085379],[-118.550456373897,34.4146540721676],[-118.550543616221,34.4145595609682],[-118.550728060638,34.4143725531683],[-118.551054603679,34.4140603646061],[-118.551108697279,34.4140215104298],[-118.55117800475,34.4139724195382],[-118.551260534788,34.413917776335],[-118.551531301247,34.4137492504308],[-118.551709639412,34.4136419612948],[-118.551800477084,34.4135907066781],[-118.551893004106,34.4135435706485],[-118.551995349177,34.4134971913318],[-118.552109555523,34.4134491568013],[-118.552221992812,34.4134050383878],[-118.552395641938,34.4133413779148],[-118.552463471247,34.4133190840406],[-118.552662068768,34.4132680329561],[-118.55297656711,34.4131944673438],[-118.553140419281,34.4131535403952],[-118.553287759755,34.4131226442434],[-118.553451722121,34.4130981838783],[-118.55363067531,34.4130849989262],[-118.553817946669,34.4130752169009],[-118.554474349403,34.4130612226417],[-118.554541920708,34.4130609137081],[-118.554721357389,34.413060093147],[-118.555028078219,34.4130638566224],[-118.555933400737,34.4130868339603],[-118.556283223616,34.4130907239457],[-118.557045831068,34.4130923922959],[-118.557349254508,34.413098192608],[-118.557467475073,34.4131016088403],[-118.557893121247,34.4131139158197],[-118.558128563963,34.4131183256621],[-118.558810100078,34.4131440403022],[-118.559919529609,34.4131962714138],[-118.560063807183,34.4132031601576],[-118.560557972844,34.4132228603411],[-118.56100871542,34.413195360952],[-118.561293780691,34.4131834074746],[-118.561570368341,34.4131436593593],[-118.561648654978,34.4131300135727],[-118.561888293287,34.4130882432881],[-118.562027362511,34.4130604770191],[-118.56215813441,34.4130310180935],[-118.562283908709,34.4129984772945],[-118.56240630974,34.4129577353777],[-118.56253364522,34.4129104315857],[-118.562670835674,34.4128500267488],[-118.562804676614,34.4127844732815],[-118.5630475119,34.412657300171],[-118.56323420989,34.4125630049752],[-118.563273250822,34.4125404555721],[-118.563341548026,34.4125010088497],[-118.563575959232,34.4123539515822],[-118.563688172482,34.4122775069613],[-118.56379537854,34.4121956167738],[-118.563894269202,34.4121106593488],[-118.563989821764,34.4120219245884],[-118.564174120094,34.4118190937411],[-118.564318806226,34.4116415412774],[-118.564544001273,34.4113577848948],[-118.564745908883,34.4110628249057],[-118.564806580047,34.410964992194],[-118.564827565493,34.4109329087424],[-118.564993646245,34.4106789972846],[-118.565024787673,34.4106287284108],[-118.565101926757,34.4105143323697],[-118.565184045838,34.4104009561516],[-118.565277698816,34.4102775541887],[-118.565310508251,34.4102365371774],[-118.565374685292,34.4101565220852],[-118.565565460137,34.4099320354461],[-118.565654326314,34.409835773818],[-118.56578772061,34.4097056706616],[-118.56600516524,34.4095023289178],[-118.566067785557,34.4094477675734],[-118.566137033736,34.409391800409],[-118.566158048548,34.4093761759926],[-118.566212904893,34.409335471419],[-118.566292108398,34.4092811588915],[-118.566376292211,34.4092282240461],[-118.566511712032,34.4091523544605],[-118.566650501869,34.4090843799874],[-118.566787674826,34.4090226037839],[-118.566921594275,34.4089701221813],[-118.567047277844,34.4089259000787],[-118.567250757387,34.4088638060953],[-118.567363271507,34.4088327220939],[-118.567649549671,34.4087568350669],[-118.567735612294,34.4087368642938],[-118.567924350095,34.4087016346517],[-118.568000398296,34.4086910054607],[-118.568152913766,34.4086717112307],[-118.568401454865,34.4086543838248],[-118.568517480557,34.4086521414826],[-118.568723074154,34.408656670624],[-118.569145924418,34.408675623424],[-118.569237128302,34.4086796778346],[-118.569341646405,34.4086915554428],[-118.569454495959,34.4087092132813],[-118.569678613522,34.4087566031842],[-118.569794870768,34.4087886765503],[-118.570099383636,34.4088783947802],[-118.570125423504,34.4088860517581],[-118.570248304393,34.4089160542699],[-118.570638447125,34.4089994048036],[-118.570688282643,34.4090153006597],[-118.570811294393,34.4090629153726],[-118.570831225954,34.409070629798],[-118.57094751196,34.4091061349913],[-118.571093664477,34.4091449613509],[-118.571142945145,34.4091549473349],[-118.571267966416,34.4091801903259],[-118.571526904273,34.4092819640823],[-118.571854216172,34.4093354340517],[-118.57193713607,34.4093402088633],[-118.572136086776,34.4093430389086],[-118.572270337689,34.4093400119136],[-118.572517269477,34.4093295579152],[-118.572616696295,34.4093235954301],[-118.572679653118,34.4093181575827],[-118.572749236067,34.4093123332035],[-118.572881757467,34.4092976135127],[-118.573044064367,34.4092755469341],[-118.573062917078,34.4092726585714],[-118.573143421948,34.4092603255276],[-118.573255986197,34.4092367627733],[-118.573421456946,34.409192697581],[-118.573572037768,34.4091525007714],[-118.574197430252,34.4089733183005],[-118.574578035115,34.4088760272872],[-118.574708734413,34.4088376262603],[-118.575057810082,34.4087356716206],[-118.575074295283,34.4087218557834],[-118.57540352161,34.4086258461608],[-118.575542469558,34.4085822401712],[-118.575933272537,34.408453875392],[-118.576042272108,34.4084168759895],[-118.576092140091,34.4083996135296],[-118.576172272821,34.4083718756181],[-118.576198985517,34.4083641478211],[-118.576200026585,34.4083638471697],[-118.576319684902,34.408329231034],[-118.576319747871,34.4083292136055]]]},"properties":{"OBJECTID":10490,"Date":null,"Code":"1363001","DivisionName":"SAUGUS UNION ELEMENTARY TA1","division_type":"ELEMENTARY SCHOOL","group_type":"13","District":"SAUGUS UNION ELEMENTARY","Shape__Area":222082757.61328125,"Shape__Length":114423.90654777116,"GlobalID":"5cc18983-d4ff-4ffa-89e4-daab9bb9ac83","CreationDate":1788987057416,"Creator":"RRCCgis_lacounty","EditDate":1788987057416,"Editor":"RRCCgis_lacounty"}},{"type":"Feature","id":10491,"geometry":{"type":"Polygon","coordinates":[[[-118.527437793006,34.441956946819],[-118.527839332888,34.4418499949302],[-118.528653506064,34.4415992904051],[-118.52919420762,34.4414425731214],[-118.529405796566,34.4416188775891],[-118.529341532309,34.4418221135689],[-118.529135537,34.4425262074623],[-118.530302928321,34.4428228790343],[-118.530332868239,34.4428303021385],[-118.530726402346,34.4429293613391],[-118.531046658803,34.4430085284853],[-118.531177661272,34.4430416454246],[-118.531365254366,34.4430890859201],[-118.531680541165,34.4431668884031],[-118.532001618968,34.4432474332939],[-118.532334015487,34.4433318511612],[-118.532348513832,34.4433300205378],[-118.532698234859,34.4432820384446],[-118.533099763656,34.4432267704927],[-118.533629436404,34.4433025186662],[-118.533796651218,34.4433269648113],[-118.533781087632,34.443262427405],[-118.533759480708,34.4431570499521],[-118.533739128541,34.4430577866021],[-118.533859070456,34.4430428334242],[-118.534132902998,34.4430079026561],[-118.534385977116,34.4429782600561],[-118.534395692142,34.4430185601065],[-118.534437297766,34.443191105758],[-118.534464700194,34.4433263209479],[-118.534511406282,34.4436263222094],[-118.534586309507,34.4441862292618],[-118.534614306695,34.4444138285004],[-118.534661831097,34.4450995744108],[-118.534702790706,34.445538011006],[-118.534731081082,34.4458116557581],[-118.534763320322,34.4461831646555],[-118.53481598763,34.4468946338243],[-118.534841323547,34.4472239136095],[-118.534898019756,34.4480470156412],[-118.534905351888,34.4481555201175],[-118.53495969346,34.44886973324],[-118.535000836325,34.4493356512387],[-118.535088002142,34.4502534151989],[-118.53515795715,34.4508160661335],[-118.535170298295,34.450898337235],[-118.535418836975,34.4508911761694],[-118.535778597509,34.4508679486128],[-118.536229538752,34.4508384787286],[-118.536443166135,34.4508281783329],[-118.536914370197,34.4508048233916],[-118.536892292307,34.4504759218358],[-118.536846543637,34.4498131979438],[-118.536799512153,34.4489484995882],[-118.536772154101,34.4485642643223],[-118.536768224803,34.4484681022501],[-118.536767943654,34.4484244871874],[-118.536766696394,34.4482755670885],[-118.536769659914,34.4482062078367],[-118.53678057416,34.4481108329493],[-118.53680333897,34.4480025398133],[-118.536817622908,34.4479480950701],[-118.536850882094,34.4478547173838],[-118.536894843546,34.4477666366365],[-118.536917907022,34.4477308617054],[-118.536935756569,34.4477084083993],[-118.536984893503,34.4476533892815],[-118.537130285929,34.4475181374061],[-118.537393927113,34.4472531679705],[-118.537802669621,34.4468553238926],[-118.538531222363,34.4461592835995],[-118.538626809894,34.4460650842169],[-118.53880308665,34.4458829467373],[-118.538921752648,34.4457687179766],[-118.539004237611,34.4456999998073],[-118.539053749005,34.4456640510684],[-118.539119811018,34.4456215124666],[-118.539278396833,34.445522921617],[-118.539603841705,34.4453315399422],[-118.539700590885,34.4454142231537],[-118.5397439887,34.4454559253967],[-118.53978407671,34.4455000611707],[-118.539934508429,34.4456800614974],[-118.54005311797,34.445812462433],[-118.540181646307,34.445941044362],[-118.540152176842,34.4459596516418],[-118.540272268984,34.4460728818082],[-118.540444270191,34.4461798827324],[-118.540601269596,34.4462518813982],[-118.540871269832,34.4462918828216],[-118.540975269795,34.4462828816244],[-118.541075268705,34.4462608818003],[-118.54169826984,34.4461208827471],[-118.542035269627,34.4461078813319],[-118.542044269297,34.4467058815277],[-118.542037270309,34.446999881227],[-118.542550305997,34.4470117126224],[-118.542550474479,34.4470945269899],[-118.542550684279,34.447201721417],[-118.542550842116,34.4472882465542],[-118.542551119909,34.4474242492663],[-118.542535628776,34.4474586805878],[-118.542508005582,34.4475201428208],[-118.542463391582,34.4476193841569],[-118.542389009533,34.447784824022],[-118.542321815672,34.4479343033687],[-118.542312196519,34.4479556884284],[-118.542269230798,34.4480512575762],[-118.542254404752,34.448084245232],[-118.542187642591,34.4482327435014],[-118.542120027137,34.4483826014543],[-118.542117446009,34.4483883215135],[-118.542050566081,34.4485365245243],[-118.541965574965,34.4487248618399],[-118.5419268315,34.4488128246704],[-118.542132568932,34.4488589180151],[-118.542576571278,34.4489583607268],[-118.543008751673,34.4490551320847],[-118.543217768396,34.449101922935],[-118.543002623929,34.4495241322952],[-118.542702663588,34.4493720598852],[-118.542666188424,34.4493790097847],[-118.542528088377,34.4494111342236],[-118.542521307381,34.4494161563482],[-118.542041500046,34.4496877887629],[-118.54217928448,34.4498547939719],[-118.54219075541,34.4498685614602],[-118.542204618555,34.4498840248656],[-118.542219083026,34.4498990771864],[-118.542234201903,34.4499136803208],[-118.542249917771,34.4499278750942],[-118.542266231096,34.4499415659414],[-118.542283102037,34.449954817951],[-118.542300534376,34.4499675436567],[-118.542318491159,34.4499797504358],[-118.542336944192,34.44999145374],[-118.542355887541,34.4500025778669],[-118.542375298738,34.4500131824178],[-118.542395130572,34.4500232035947],[-118.542415397249,34.450032650349],[-118.542436018033,34.4500414914878],[-118.54245703861,34.450049724102],[-118.542478351239,34.4500573477715],[-118.542499993885,34.4500643433943],[-118.542521922051,34.4500707301014],[-118.54254412015,34.45007645387],[-118.542568936239,34.4500821109346],[-118.542591261015,34.4500873995878],[-118.542613458053,34.4500931260532],[-118.542635490186,34.450099265254],[-118.542657326034,34.4501058443766],[-118.54267896976,34.4501128345536],[-118.542700410729,34.4501202736969],[-118.542721621284,34.4501280925122],[-118.542742640818,34.4501363241803],[-118.542763397512,34.4501449699239],[-118.542783889168,34.450154026147],[-118.542804148285,34.4501634701658],[-118.542824116093,34.450173301342],[-118.542843821981,34.4501835204456],[-118.542863227806,34.4501941195336],[-118.542882339998,34.4502050832514],[-118.542901121664,34.4502164279916],[-118.542919574673,34.4502281068663],[-118.542937667818,34.4502401741075],[-118.542955458373,34.450252567253],[-118.542972857329,34.450265321861],[-118.542989927594,34.4502784051951],[-118.543006602654,34.4502917977192],[-118.543022879398,34.4503055228873],[-118.543038790262,34.4503195480992],[-118.543054275579,34.4503339024711],[-118.543069370956,34.4503485389639],[-118.543084058012,34.4503634756909],[-118.543098290896,34.4503786912205],[-118.543112095529,34.4503941547847],[-118.543125463549,34.4504099196115],[-118.543127629304,34.4504125973964],[-118.543492271624,34.4502308828346],[-118.54367726896,34.4501938817339],[-118.543928269804,34.4501638824279],[-118.544446382433,34.4500849786796],[-118.544670269488,34.450050882106],[-118.544762269893,34.4500378809461],[-118.544851271226,34.4500438822396],[-118.544921271523,34.4500818822807],[-118.545113270379,34.4503948815853],[-118.545329271445,34.4507928822369],[-118.545390270859,34.4510268812589],[-118.545329964384,34.4515043912687],[-118.545332318426,34.4515045627994],[-118.545827970096,34.451540721627],[-118.545914887993,34.4515470659892],[-118.545936821369,34.4515485035261],[-118.54595875894,34.451549750816],[-118.54598072573,34.4515508068448],[-118.546002720456,34.4515516418676],[-118.54602471827,34.4515522839438],[-118.546046717032,34.4515527384922],[-118.546068711033,34.4515529649695],[-118.546090701652,34.4515530075445],[-118.546112725806,34.4515528534298],[-118.546134715852,34.4515524767851],[-118.546156709003,34.4515519098984],[-118.54617866281,34.4515511520591],[-118.546200646746,34.4515501759086],[-118.546222598902,34.4515490006575],[-118.546244553129,34.4515476432829],[-118.546266465592,34.4515460580037],[-118.546288350711,34.4515442862255],[-118.546310226928,34.4515423188503],[-118.546332076853,34.4515401595622],[-118.546353888298,34.4515377750594],[-118.546375698534,34.4515352066448],[-118.546397441118,34.4515324456021],[-118.546419148491,34.4515294602317],[-118.546440786053,34.4515262849475],[-118.546462427812,34.451522920318],[-118.546483996466,34.4515193612821],[-118.546505531185,34.4515156067618],[-118.546526213292,34.4515117812503],[-118.546548436547,34.4515074745857],[-118.546569808602,34.4515031465081],[-118.546591104103,34.4514985960922],[-118.546612335245,34.4514938575413],[-118.54663353228,34.4514888973625],[-118.546654629208,34.4514837744529],[-118.546675694408,34.4514784605569],[-118.546696659281,34.4514729505744],[-118.546717553052,34.4514672200323],[-118.546738377199,34.4514613284253],[-118.546759098867,34.4514552443476],[-118.546779756169,34.4514489712339],[-118.54680034691,34.4514425063894],[-118.546820806841,34.4514358437929],[-118.546841228525,34.4514289920427],[-118.546861516346,34.4514219750098],[-118.546881734353,34.4514147680638],[-118.546901820514,34.4514073714847],[-118.546921838979,34.4513997759678],[-118.546941727963,34.4513920196562],[-118.546961544945,34.4513840716388],[-118.546979141273,34.4513768746911],[-118.546998960626,34.451368957309],[-118.547018881316,34.4513612251833],[-118.54703893388,34.4513536880931],[-118.547059050662,34.4513463183958],[-118.547076528308,34.451340109151],[-118.547096815916,34.4513330659349],[-118.547117203809,34.4513262133888],[-118.547137690756,34.4513195298815],[-118.547158247636,34.4513130552117],[-118.547178905783,34.4513067549798],[-118.547199633732,34.4513006437521],[-118.54722045998,34.4512947520525],[-118.547241350447,34.4512890277453],[-118.547262313958,34.4512834888216],[-118.547283339712,34.4512781479515],[-118.5473044409,34.4512730249092],[-118.54732563675,34.4512680646143],[-118.54734687303,34.451263295259],[-118.547368165181,34.4512587474258],[-118.547389532433,34.4512543669359],[-118.547410937013,34.4512502017409],[-118.547432404896,34.4512462300868],[-118.547453945865,34.4512424501264],[-118.547475510967,34.4512388647851],[-118.547497118844,34.4512354956157],[-118.547518792047,34.4512322965379],[-118.547540496025,34.4512293091785],[-118.547562238319,34.4512265217833],[-118.547584015729,34.4512239442836],[-118.547605830177,34.4512215379048],[-118.547627675448,34.4512193504563],[-118.547649552677,34.4512173891451],[-118.547671437467,34.4512155846632],[-118.547693349828,34.4512140009292],[-118.54771530264,34.451212610839],[-118.547737255822,34.4512114425211],[-118.547759238514,34.4512104588809],[-118.547781193121,34.4512096728],[-118.547803185992,34.4512090785695],[-118.547825208641,34.4512087095848],[-118.547863686627,34.4512085358589],[-118.547885710646,34.4512087059756],[-118.547907705493,34.4512090736565],[-118.547929672262,34.4512096397981],[-118.54795166982,34.4512104194608],[-118.547973632896,34.4512114165456],[-118.547995606893,34.4512125848688],[-118.548017539849,34.4512139661361],[-118.548039445805,34.4512155440562],[-118.548061346691,34.4512173437731],[-118.548083220529,34.451219332931],[-118.548105061902,34.4512215151602],[-118.548126875139,34.4512238868353],[-118.54814864847,34.4512264786616],[-118.54817039372,34.4512292680473],[-118.548192105417,34.4512322505094],[-118.548213786801,34.4512354224272],[-118.548235404162,34.4512387875592],[-118.548256958764,34.4512423729458],[-118.548278512432,34.4512461467538],[-118.548299966164,34.4512501139383],[-118.548321394008,34.4512542813771],[-118.548342744734,34.4512586366802],[-118.548364041374,34.4512632067896],[-118.548385302172,34.4512679528568],[-118.548406462083,34.4512729130403],[-118.548427599122,34.4512780356001],[-118.548448625557,34.4512833840403],[-118.548469593191,34.4512888923144],[-118.548490465432,34.4512946227941],[-118.548511299597,34.4513005202265],[-118.548532039416,34.451306633549],[-118.548552680258,34.4513129204104],[-118.548573226534,34.4513193898062],[-118.548593704483,34.4513260596485],[-118.548614117298,34.4513329191044],[-118.548634394081,34.4513399441531],[-118.548654610124,34.4513471651065],[-118.548675894613,34.4513550050883],[-118.548695910598,34.4513625839478],[-118.548715831888,34.4513703255087],[-118.54873562496,34.4513782623781],[-118.548755312615,34.451386386339],[-118.548774905635,34.4513946820166],[-118.548794403038,34.451403165643],[-118.548813736121,34.4514118158922],[-118.548832996459,34.4514206566916],[-118.548851927608,34.4514295828197],[-118.549354692369,34.4516956652613],[-118.549366045916,34.451679710759],[-118.54944983204,34.4515626816105],[-118.549550416177,34.4514336517044],[-118.549657095982,34.4513079775657],[-118.549886399881,34.4510547356407],[-118.550733503056,34.4501372479337],[-118.551112232481,34.4497291977514],[-118.551190983939,34.4496443597586],[-118.551321941,34.4495032783647],[-118.55197189264,34.4488030434941],[-118.552407821846,34.4483078172116],[-118.552503749239,34.448183010756],[-118.552593121449,34.4480598000454],[-118.552637892424,34.4479935342348],[-118.552751522634,34.4478168789052],[-118.552821675416,34.447697103881],[-118.552888877454,34.4475717139662],[-118.553013343538,34.4473087247249],[-118.553069376056,34.4471749481287],[-118.553167442032,34.4469083178403],[-118.553212430284,34.4467695915997],[-118.553251809187,34.4466262200556],[-118.553289569794,34.4464628751155],[-118.553315541073,34.446338302227],[-118.553340187116,34.446194288324],[-118.553358624406,34.4460528522765],[-118.553370664558,34.4459136433475],[-118.553380380322,34.4456386979048],[-118.553402044587,34.4446907150707],[-118.553415259477,34.4443410522873],[-118.55341849768,34.4442553653604],[-118.553469271776,34.4442568809344],[-118.553899271592,34.4442678818507],[-118.554221726134,34.4442761783997],[-118.554280442813,34.4442807532315],[-118.554297402696,34.4442820740353],[-118.554295621913,34.444278080248],[-118.556426272524,34.4443328804427],[-118.55697027277,34.4443468807378],[-118.557508271544,34.4443598802219],[-118.557513750574,34.4443600236333],[-118.55748433254,34.4445303257482],[-118.557482591967,34.4445426027649],[-118.557284053382,34.4455842745214],[-118.557472689054,34.4456076367709],[-118.557495456476,34.4456104828924],[-118.557473838017,34.4457236692313],[-118.557360944729,34.4463289632762],[-118.557289739802,34.446715598056],[-118.557233377386,34.4470210001435],[-118.557220927772,34.4471388981184],[-118.557220125971,34.4471524320675],[-118.557179818401,34.447557913929],[-118.55712127188,34.4481471397083],[-118.557028087398,34.449098229148],[-118.557006930804,34.4493036305484],[-118.557005190311,34.4493979410927],[-118.556995154629,34.4498616826984],[-118.55699616293,34.4498772205641],[-118.556994736841,34.4500087748498],[-118.556989150701,34.4503126959148],[-118.556907805538,34.4509912791453],[-118.55690208847,34.4510389227501],[-118.556878341075,34.4512350735982],[-118.556825663668,34.451669399843],[-118.556717843423,34.4520648929373],[-118.556667249749,34.4522506207187],[-118.556600374667,34.4524961111933],[-118.55646561951,34.4529883389394],[-118.556266012546,34.4534420021901],[-118.55626368366,34.4534514726889],[-118.556199012267,34.4535998266756],[-118.55497036202,34.4564181923781],[-118.554668608363,34.4569294872332],[-118.554034258969,34.4580030917854],[-118.554028196328,34.4580133518994],[-118.554015879957,34.4580341064967],[-118.55400111842,34.4580593465793],[-118.55395909201,34.4581407677382],[-118.553671639498,34.4586870915046],[-118.553132949681,34.4597108846886],[-118.553100430046,34.4597726537932],[-118.552942936987,34.4599648225794],[-118.552861196528,34.4600644369742],[-118.552847198125,34.460081610997],[-118.552841758414,34.4600881989598],[-118.552752041944,34.4601968568595],[-118.552481037436,34.4604524484783],[-118.552357350901,34.4605687371648],[-118.552227405905,34.4606908204251],[-118.552111470748,34.4607997675362],[-118.552006560415,34.4608984355608],[-118.551839345882,34.4610554033587],[-118.551219933244,34.4618089777312],[-118.551093928829,34.4619622521149],[-118.551063464771,34.4619998050846],[-118.551048940968,34.4620250256829],[-118.551036681533,34.4620465261785],[-118.551028123038,34.4620614836517],[-118.550949707661,34.4621987432775],[-118.5509145928,34.4622623284294],[-118.550856273228,34.46225188202],[-118.55016227202,34.4622448825313],[-118.550111272819,34.4622448829293],[-118.550040273326,34.4622438840008],[-118.549923272773,34.4622428834342],[-118.54985074408,34.4622428830136],[-118.549852512637,34.4622899919556],[-118.549786768362,34.4622913346971],[-118.549790883989,34.462443334786],[-118.549673901925,34.4624463304012],[-118.549673935106,34.4624609179981],[-118.549676116145,34.4625327641107],[-118.549680262959,34.4626695686766],[-118.549209224197,34.4630084969486],[-118.549239757241,34.4636462961016],[-118.549253006784,34.4639151713783],[-118.549088253404,34.4644871099297],[-118.548977424294,34.4648709982614],[-118.548923742826,34.4650584115415],[-118.548519468361,34.4657214651028],[-118.548075078693,34.4661082832106],[-118.548059348698,34.4663997710036],[-118.548065959382,34.4663973232329],[-118.548379081978,34.4662801426461],[-118.548524371528,34.4662257635788],[-118.548630311948,34.4661861283298],[-118.548746042962,34.466202257359],[-118.548769257805,34.4662056242021],[-118.548221240692,34.4670755419139],[-118.547960187283,34.4674899277779],[-118.547960154967,34.4674899793114],[-118.548424824268,34.467554644525],[-118.548424900868,34.4675545405023],[-118.550687966621,34.4678691963785],[-118.550713490888,34.4678605700676],[-118.550877450473,34.4678051397344],[-118.550877990009,34.4678062353553],[-118.550943498029,34.4677787350695],[-118.551036359915,34.4677488440956],[-118.55109385137,34.467750849511],[-118.551093581591,34.4677530135191],[-118.551139626266,34.4677616088238],[-118.551140439852,34.4677597055943],[-118.55122008248,34.4678001482837],[-118.551239421065,34.4678272633748],[-118.55123991566,34.467826996077],[-118.551260560143,34.4678614572534],[-118.551270106352,34.4678931650634],[-118.55127113756,34.467933989109],[-118.551269156872,34.4679498335728],[-118.551269119843,34.4679499951159],[-118.552877140103,34.4681735438059],[-118.55347128303,34.4682640563024],[-118.553415740434,34.4683615672186],[-118.553366962116,34.4685652382123],[-118.553306828652,34.4687808017153],[-118.553253385523,34.4689736736944],[-118.553227171033,34.4691465913621],[-118.55320197401,34.4694724750844],[-118.552894150158,34.4694738777826],[-118.552907711141,34.4696608719446],[-118.552900237728,34.4696522656771],[-118.552764936837,34.4696528819774],[-118.552717864606,34.4696879217618],[-118.552676192163,34.4697447018018],[-118.552603577784,34.4698908620775],[-118.552577572266,34.4699323348025],[-118.552434882428,34.470607718535],[-118.552374366285,34.4709932460751],[-118.552373521012,34.4709931633747],[-118.552365195802,34.4710702870234],[-118.552362121779,34.4711500309749],[-118.55236240441,34.471179665852],[-118.552372564559,34.4716307396531],[-118.55237268128,34.4716383228348],[-118.55237245927,34.471654901272],[-118.552359771198,34.4717484608237],[-118.552360981348,34.4717485734173],[-118.552330122916,34.471851011935],[-118.552259816176,34.4719492773362],[-118.552258375886,34.4719484409545],[-118.5522342785,34.4719768876488],[-118.55211920625,34.472100298508],[-118.552102430862,34.4721182892208],[-118.552038384519,34.4721791997575],[-118.552031337987,34.4721850836712],[-118.551776415343,34.4723953656273],[-118.55174252588,34.4724233194229],[-118.551710924456,34.4724461610218],[-118.551684290512,34.4724670768929],[-118.551682670102,34.4724684645083],[-118.551654216738,34.4724954000779],[-118.55162900292,34.4725244629641],[-118.55160726424,34.4725553933578],[-118.551601843662,34.4725650067188],[-118.551598972245,34.4725638964561],[-118.55156014276,34.4726533113563],[-118.55155017752,34.4727360661626],[-118.551563779996,34.4728056551348],[-118.551587923491,34.4728795479101],[-118.551627805902,34.4729490165385],[-118.55167306041,34.4730358738832],[-118.551732031993,34.4732097300845],[-118.551750962381,34.473290176341],[-118.551791321221,34.4734314698385],[-118.5518472904,34.4735487493831],[-118.55184953346,34.4735478475666],[-118.551861281517,34.4735678713331],[-118.551885462423,34.4736039850569],[-118.551926394852,34.4736627836536],[-118.551979176829,34.473746552252],[-118.552029719565,34.4738376929457],[-118.552069081624,34.4739188548986],[-118.552081357838,34.4739459487826],[-118.552124373256,34.4740408839771],[-118.552135419851,34.4740629600966],[-118.552134546794,34.4740632886208],[-118.552179672492,34.4741305560072],[-118.552269562038,34.4742106802387],[-118.552393286581,34.4742405890899],[-118.552516966786,34.4742639682],[-118.552755591268,34.4741823484926],[-118.552962417008,34.4740616960867],[-118.553319740783,34.4737703323411],[-118.553355274188,34.4737338835632],[-118.553472274703,34.4735868849127],[-118.553492273741,34.4735628841044],[-118.553633273175,34.4733998844933],[-118.553782275133,34.4732348837564],[-118.553930274873,34.4730598848744],[-118.55427783504,34.4727230650387],[-118.554588843484,34.4723906817809],[-118.554731957659,34.4722558531848],[-118.554946454759,34.4720282681595],[-118.555082628403,34.4719094875488],[-118.55524981906,34.47202403185],[-118.555456835495,34.4721669218444],[-118.556910171286,34.4731666501927],[-118.557102378749,34.4733371887127],[-118.55727893052,34.4735473581766],[-118.557551984925,34.47390213121],[-118.557593953036,34.4740268416027],[-118.557600721712,34.4740469562115],[-118.557729596986,34.4742705298932],[-118.557844231443,34.4747447064017],[-118.5578631596,34.4751929492033],[-118.557855179753,34.4752340048244],[-118.557873229708,34.475248237339],[-118.557874237477,34.4752491685005],[-118.557851275855,34.4754238842499],[-118.557783805926,34.4756356592911],[-118.557782227286,34.4756353140455],[-118.557639211904,34.4760399941072],[-118.557501090023,34.4762295227198],[-118.55769155013,34.4762863658344],[-118.557693653129,34.4762847054611],[-118.557825682388,34.4763994014716],[-118.557845867758,34.4764169364156],[-118.557921611679,34.4764827311932],[-118.557928522291,34.4764887352045],[-118.557928547474,34.4764887567257],[-118.558244232289,34.4767630072474],[-118.558429423085,34.4769238898466],[-118.558429082267,34.4769282602531],[-118.558426553586,34.4769607496846],[-118.558414889266,34.4771106023998],[-118.558398252653,34.4773243337076],[-118.558396375503,34.4773484656156],[-118.558392955787,34.477392403229],[-118.558392094823,34.4774034618113],[-118.558391481459,34.4774113458515],[-118.558698383393,34.4776771124878],[-118.558702011174,34.4776802538663],[-118.558896911547,34.4775436440282],[-118.559030460926,34.4774500356857],[-118.559036473454,34.4774553748316],[-118.559232646602,34.4776295817027],[-118.559386291508,34.4778318425924],[-118.559387407456,34.4778333123606],[-118.559440944196,34.477903791038],[-118.559362778917,34.4781064566232],[-118.559355751088,34.4781246801819],[-118.559183758449,34.478570615438],[-118.559291049056,34.4786814047819],[-118.559555285866,34.4789542616813],[-118.559640642011,34.4789143169297],[-118.560276282353,34.4786168549099],[-118.560874390341,34.479396947737],[-118.561244153383,34.4798792086824],[-118.561569283474,34.4801615243377],[-118.561616695546,34.4801248901816],[-118.561691295441,34.4800510212194],[-118.561710797285,34.4800225109873],[-118.561734481993,34.4799759579083],[-118.561746452094,34.479941123098],[-118.561754702334,34.4799013118999],[-118.561757372843,34.4798685621028],[-118.561765264678,34.4798806611409],[-118.561834466274,34.4799796548414],[-118.562126495567,34.4799035033414],[-118.56213364004,34.4798974606229],[-118.562235098976,34.4798116405965],[-118.562410899857,34.4796629347663],[-118.562436365418,34.4796413953988],[-118.563244313135,34.478957964593],[-118.563442796757,34.4787900682892],[-118.563761308287,34.4785206450048],[-118.564189295609,34.4781585841812],[-118.564790716255,34.4776498140826],[-118.564803928473,34.4776386366742],[-118.564823838416,34.4776530217817],[-118.565588714281,34.4782056722074],[-118.566932243208,34.4765018925991],[-118.567853921206,34.47533303099],[-118.567882154133,34.4753478093962],[-118.568898177025,34.474068694727],[-118.568940264954,34.4740157071211],[-118.569310996923,34.4735489647142],[-118.569283914371,34.4735194501496],[-118.569632905815,34.4730766534124],[-118.569905272871,34.4727310719616],[-118.570054961287,34.4725411456365],[-118.570036442785,34.4721483973597],[-118.569998090392,34.4713349439998],[-118.56999679014,34.4713073667117],[-118.569937093689,34.4712366952712],[-118.571100453549,34.4711028389481],[-118.571425365511,34.4711070344021],[-118.571886347415,34.4711296707222],[-118.57225985454,34.4711641663768],[-118.572525149353,34.4712106218016],[-118.572746837673,34.4712820900053],[-118.572982902223,34.4713687727768],[-118.573194211221,34.4714361961922],[-118.573465543078,34.4715644372629],[-118.573638283647,34.4716795476804],[-118.573819713743,34.4718017722631],[-118.573929218138,34.4718935663852],[-118.574111793637,34.4720565742178],[-118.574535442524,34.4724696151203],[-118.574016969117,34.4728406009334],[-118.573995457792,34.4728535829131],[-118.573984259559,34.4728586448059],[-118.573967018264,34.4728644510951],[-118.5739515045,34.4728702492126],[-118.573932530739,34.4728753487713],[-118.573903192354,34.4728812122544],[-118.57388593131,34.4728841553469],[-118.573872131361,34.4728877987933],[-118.573861792498,34.4728921416935],[-118.573848876588,34.4728986433344],[-118.57381965657,34.4729216804994],[-118.57363141357,34.4730649733501],[-118.573532555902,34.4731391465118],[-118.573514874182,34.4732064963704],[-118.573416091272,34.473291403671],[-118.573342731143,34.4733039146588],[-118.573274139927,34.4733815237268],[-118.573237301683,34.4734274957458],[-118.573013909361,34.4737664643195],[-118.572914167242,34.4739059312763],[-118.57286314732,34.4739686665634],[-118.572822339368,34.4740199915762],[-118.572774612573,34.4740628270068],[-118.573021003957,34.474315091167],[-118.573057631879,34.4743551952551],[-118.573085590135,34.4743858074269],[-118.573120644113,34.4744241897819],[-118.573208623624,34.4745205235443],[-118.573217351955,34.474530146788],[-118.573059809981,34.4746236749836],[-118.573025258252,34.4746441875799],[-118.572937025448,34.4746965695362],[-118.573027520042,34.4748192001758],[-118.573038489193,34.4748372692594],[-118.573061933267,34.4748852969817],[-118.573100314842,34.4749639280258],[-118.573110077764,34.4749900499075],[-118.573149772425,34.4751505982007],[-118.573156451216,34.4753144135908],[-118.57313337471,34.4754635211908],[-118.573130049937,34.4754767849593],[-118.573087579492,34.4756462885134],[-118.573068719106,34.4757215620436],[-118.5730508048,34.47579305457],[-118.573045396858,34.4758142959443],[-118.573040621752,34.4758324249336],[-118.572995500152,34.4759853256609],[-118.572933923291,34.4761565087554],[-118.57286182481,34.4763240929591],[-118.573047748136,34.4763835623172],[-118.573074158845,34.4763920094257],[-118.573172680554,34.4764235225969],[-118.573115111363,34.4765898564237],[-118.573083104582,34.4766025379932],[-118.573076033033,34.4766229704306],[-118.573051749534,34.476693128999],[-118.573059603804,34.4773003212989],[-118.57308157891,34.4773064453553],[-118.573167630553,34.4773304246759],[-118.573110053946,34.477472214211],[-118.57308609588,34.477863071822],[-118.573070222944,34.4781220335429],[-118.573072921607,34.4783309048035],[-118.573078877874,34.4787917182424],[-118.573086416958,34.4793750527887],[-118.573088118305,34.4795064183179],[-118.573089601966,34.4796210289341],[-118.573091007174,34.479729620367],[-118.573094173166,34.4799740955384],[-118.573094435327,34.4799944626922],[-118.57309666962,34.480167020461],[-118.57309776672,34.4802518894376],[-118.573106472704,34.4809249716665],[-118.573106611255,34.4809356073274],[-118.573104530943,34.4809416421107],[-118.573106744728,34.4809459797639],[-118.573109822723,34.4811839859083],[-118.573110466867,34.4812342146169],[-118.573114688441,34.4813864243467],[-118.573122894273,34.4816823019717],[-118.573124651135,34.4817456616964],[-118.573124852349,34.4817529063861],[-118.573125029158,34.4817592947325],[-118.573125181471,34.4817630741511],[-118.57313335054,34.4819656917142],[-118.573167193085,34.4828050731667],[-118.57317006709,34.4828763466962],[-118.573174541574,34.482987311774],[-118.57317944644,34.4831089165409],[-118.573181006249,34.4831476030694],[-118.573203240093,34.483699024891],[-118.573254166121,34.4849620191095],[-118.573268762981,34.4853240165985],[-118.573271832866,34.4854001511653],[-118.573272128463,34.4854075017881],[-118.573290262572,34.4860938161076],[-118.573368339623,34.4890486437419],[-118.573435727949,34.4913623920422],[-118.573458181534,34.4921330295719],[-118.573465416959,34.492381607982],[-118.573466035393,34.4924027785018],[-118.573525705795,34.494451083224],[-118.573580626105,34.4963369760726],[-118.573580835955,34.4963441990754],[-118.572646589461,34.4963581511377],[-118.571784673824,34.4963710197243],[-118.570622712496,34.4963898635844],[-118.570439012356,34.4963928454597],[-118.56915807079,34.4964117799065],[-118.567433236666,34.4964370261547],[-118.567432969914,34.4964370301061],[-118.5657738279,34.4964621016884],[-118.565771471769,34.4964621370098],[-118.565548043012,34.4964652839958],[-118.565545810988,34.4964653151284],[-118.565545837476,34.4964708152631],[-118.564939170403,34.4964801803988],[-118.564938549789,34.4964801886959],[-118.562867197518,34.496443179567],[-118.56260461676,34.4964384853073],[-118.562570530234,34.4964378787607],[-118.561836228521,34.49642550409],[-118.560236176445,34.4963953871348],[-118.560206602673,34.4963948303214],[-118.560206611534,34.496395337844],[-118.560206723792,34.4964019852347],[-118.560200650287,34.4964018753249],[-118.560200502177,34.4964018724022],[-118.557922962384,34.496360932202],[-118.555586779786,34.4963188933123],[-118.555518708146,34.4963176676919],[-118.555469316541,34.4963167784858],[-118.555468137533,34.4964535293624],[-118.555465286745,34.496459393357],[-118.555464120331,34.4965926489293],[-118.555466979272,34.4965881687513],[-118.55546141589,34.4972340175177],[-118.555447689607,34.4987947425316],[-118.555445764654,34.4990135624527],[-118.555445543538,34.4990386774734],[-118.555444770804,34.4990847457466],[-118.555444395589,34.499169325697],[-118.555437155233,34.4999925685384],[-118.555437109734,34.4999978246844],[-118.555419191827,34.5017722236819],[-118.555413204546,34.5024465255642],[-118.555409205814,34.502896673806],[-118.555401997552,34.5036716355377],[-118.553249628261,34.503656236307],[-118.553118511687,34.5036552397719],[-118.552948392134,34.5036539537315],[-118.551833495357,34.5036454957805],[-118.546787435542,34.5036070369533],[-118.546799038415,34.5039424223505],[-118.546823383952,34.5050371659841],[-118.546854398801,34.5065290404442],[-118.546864873047,34.5070167131281],[-118.546869515779,34.507268944501],[-118.546869674687,34.5072777129878],[-118.546773511302,34.5109450198494],[-118.546745770541,34.5133657500713],[-118.546745505382,34.5133888773528],[-118.546704382286,34.5169771061386],[-118.546691456749,34.5181048635804],[-118.545753124843,34.5181037542803],[-118.545462816373,34.5181034096986],[-118.543556033387,34.5181011292885],[-118.542187287827,34.5180994741436],[-118.537683485626,34.5180939430717],[-118.537683329836,34.5181177008993],[-118.537677873583,34.5189495160425],[-118.537659238614,34.5217908162158],[-118.537635753363,34.5254877396739],[-118.537581179661,34.5305481503522],[-118.537555260221,34.5329514192027],[-118.537496123536,34.5384379665953],[-118.53748527275,34.5394446753094],[-118.537484139355,34.5395498247335],[-118.537398819053,34.5395770695935],[-118.537309659975,34.5396121548409],[-118.53724020197,34.5396709244022],[-118.537238262729,34.5397540809826],[-118.537308970595,34.53981103515],[-118.53739006723,34.5398672464347],[-118.537421406972,34.5399318682037],[-118.537427178495,34.5399437698949],[-118.537425677806,34.5400330594401],[-118.537367962131,34.5400905330086],[-118.537272703847,34.5401291891161],[-118.537180874409,34.5401581205199],[-118.536740967449,34.5401574263466],[-118.528521593737,34.5401441650875],[-118.528480043518,34.5421882375861],[-118.528449236711,34.5437037321858],[-118.528417540608,34.5452809309781],[-118.52837772876,34.5472619203096],[-118.528328894356,34.5496782275753],[-118.528313199016,34.5504547525779],[-118.528305537089,34.550833850221],[-118.528282079988,34.5519944423737],[-118.528266976116,34.5527417398011],[-118.528246853207,34.5537372827624],[-118.528234235692,34.5543614702268],[-118.528232536268,34.5544455982025],[-118.528221702062,34.5549815670558],[-118.528210998146,34.5555111362727],[-118.528193707804,34.556366456653],[-118.528189645925,34.5565674282517],[-118.528189091989,34.5565948190451],[-118.528182413821,34.5569251620943],[-118.528145210056,34.558765561621],[-118.528140613852,34.5589929357939],[-118.526584113938,34.5589887282714],[-118.523689429067,34.5589808497171],[-118.519238180203,34.5589686008477],[-118.519107686078,34.5589682407042],[-118.5188904516,34.5589676414653],[-118.518909188926,34.5660629321598],[-118.518928836011,34.5735018441311],[-118.518928823385,34.5735050599238],[-118.518929236653,34.573656491779],[-118.518949705761,34.5812813414533],[-118.518966772065,34.5876377982604],[-118.51896777631,34.5880109894619],[-118.518970599722,34.5884632454838],[-118.518970597551,34.5884635961856],[-118.518895086227,34.598416822239],[-118.518866147051,34.6022307317645],[-118.518866091277,34.6022380397382],[-118.518867716668,34.6024770956389],[-118.500465676774,34.6023219180863],[-118.499378606532,34.6023126683653],[-118.489413039295,34.6022274135955],[-118.489001458474,34.6022238744631],[-118.488346795776,34.6022182437249],[-118.483418368497,34.6021757357681],[-118.483264926215,34.6021744084972],[-118.481817600415,34.6021618879258],[-118.481426163019,34.6021584993391],[-118.479692474551,34.6021434739222],[-118.465216823325,34.6020170496676],[-118.465216806406,34.6020140269377],[-118.447899690962,34.60201153361],[-118.44793257759,34.6019236703188],[-118.447996382487,34.6017390033863],[-118.448109109624,34.6013830712542],[-118.44825379223,34.6007903823792],[-118.448289477757,34.6006281270342],[-118.448299172399,34.6005776116321],[-118.448355787991,34.6002930042566],[-118.448397725216,34.6000579101228],[-118.44842660372,34.5998671557692],[-118.448447385817,34.5997169915148],[-118.44846621662,34.5995115199495],[-118.448480137286,34.599319454951],[-118.448492314996,34.5991133191566],[-118.448499510406,34.5989072053445],[-118.448503165887,34.5986598889365],[-118.448500684296,34.598509119017],[-118.448491414325,34.5983305469491],[-118.448460503654,34.5978363787553],[-118.448444587329,34.597657500333],[-118.448440897075,34.5975888181811],[-118.448440600594,34.5975338644649],[-118.448445213678,34.5974658386372],[-118.448466147359,34.5973434829405],[-118.448487235776,34.5972486040733],[-118.448516636846,34.5971547096401],[-118.448549368324,34.5970622092793],[-118.448585434648,34.59697172502],[-118.448647884561,34.5968444091647],[-118.448805828501,34.5965559845019],[-118.448869941823,34.5964293511429],[-118.448947127456,34.596262137155],[-118.449122740994,34.5958616780758],[-118.449265616701,34.5955533929765],[-118.44936908308,34.5953297456055],[-118.449585980599,34.5948834612851],[-118.44975374499,34.5945685492913],[-118.449816265002,34.5944556568412],[-118.449868964049,34.594369255799],[-118.449916750643,34.5942969474406],[-118.449967874377,34.5942266920905],[-118.450022336726,34.5941591658787],[-118.450095026968,34.5940826471016],[-118.450174386,34.5940102226252],[-118.450247172521,34.593952937321],[-118.450324982247,34.5939014544752],[-118.450392893858,34.5938637789692],[-118.450480737618,34.5938246276927],[-118.450571935074,34.5937909866303],[-118.450683069261,34.5937579269847],[-118.450842346186,34.5937178524565],[-118.450923664154,34.5937010611158],[-118.451019937746,34.5936842160308],[-118.451167691174,34.5936633907114],[-118.451513036967,34.5936215769486],[-118.451928170581,34.5935812336679],[-118.452092550719,34.5935624071786],[-118.452253562059,34.5935367450564],[-118.452318282141,34.5935224080705],[-118.452381320794,34.5935049968148],[-118.452444339427,34.593484513221],[-118.452504023448,34.593461266229],[-118.452621696474,34.5934086174815],[-118.452717770402,34.5933550357595],[-118.452827052901,34.5932873076876],[-118.452931363022,34.5932219816635],[-118.452986751381,34.5931905105475],[-118.45302742976,34.5931673566623],[-118.453439975716,34.592958356995],[-118.453555977645,34.5929029693424],[-118.453671982785,34.5928499958367],[-118.453836093938,34.5927834352075],[-118.453955483403,34.5927403970657],[-118.454001919334,34.5927258011138],[-118.454081546989,34.5927042070614],[-118.454162856895,34.5926860396593],[-118.454245847133,34.5926709464166],[-118.454312249258,34.5926617704919],[-118.454348723528,34.5926581867446],[-118.454324268217,34.5926169028954],[-118.454192910627,34.5925448692318],[-118.453285431122,34.5927450415098],[-118.452997340806,34.592646331692],[-118.452882267826,34.5926069034014],[-118.45231026608,34.5923129029238],[-118.452012267212,34.5921479028248],[-118.451800248263,34.592130398352],[-118.451658267155,34.5922159023872],[-118.451632267388,34.5923309031202],[-118.451576266974,34.5924309031293],[-118.451452267325,34.5924769031243],[-118.451365267167,34.5924699022785],[-118.451242266879,34.5922769027174],[-118.451124265915,34.592110903027],[-118.451088267092,34.5919809031303],[-118.450922268071,34.5918559030864],[-118.450791071522,34.5917279655121],[-118.450761267636,34.5916989028583],[-118.450802266527,34.5915829027868],[-118.450917267155,34.5912479032115],[-118.450943266631,34.5910849020884],[-118.451030266348,34.5908739030668],[-118.451143267571,34.5907419023326],[-118.451414268043,34.5905869030039],[-118.451718266925,34.5904089034574],[-118.451999266811,34.5902739028345],[-118.452098266928,34.5901899033153],[-118.452154267698,34.5900619027152],[-118.452089267943,34.5899239026905],[-118.451932266762,34.5897469033074],[-118.451747268515,34.5895979026194],[-118.451607267111,34.5895209020637],[-118.451438265838,34.5894989026272],[-118.451233266767,34.5895409029987],[-118.451076266842,34.5896419024863],[-118.451015862354,34.5897023067222],[-118.450831265557,34.5898869025784],[-118.450580267158,34.5900969030446],[-118.45049926761,34.5901529037107],[-118.450442267739,34.5901819023031],[-118.450354478364,34.5902000010839],[-118.450152401053,34.5902416597399],[-118.450117266527,34.5902489028514],[-118.449779267198,34.5904279022901],[-118.449759819178,34.5904359112383],[-118.449660267637,34.5904769029658],[-118.449381267037,34.5905119022831],[-118.449147266448,34.5905469032634],[-118.449004266811,34.5906279030823],[-118.448943266077,34.5907079030125],[-118.448933076378,34.5907463994912],[-118.4489252669,34.5907759026295],[-118.449002844174,34.5908595890564],[-118.449052266336,34.5909129026717],[-118.449120273943,34.5909597224613],[-118.449251266999,34.591049902425],[-118.449243266529,34.591120902351],[-118.449197266765,34.5912049028966],[-118.449064266917,34.5912859036834],[-118.448864266791,34.5913759028221],[-118.448750853384,34.5913687695638],[-118.448705266001,34.5913659024459],[-118.448617267511,34.5912999033526],[-118.448594807124,34.5913151813674],[-118.448603827002,34.5913038926013],[-118.448567159973,34.5912316899682],[-118.448597389684,34.5910612695688],[-118.448703185582,34.5907956978653],[-118.448774963455,34.590615521033],[-118.448884815715,34.5904476697643],[-118.449074616478,34.5903439249181],[-118.449228266616,34.5902239030201],[-118.449359266882,34.5900599028713],[-118.449597266876,34.5899179023914],[-118.449909266682,34.5896759022909],[-118.450147266291,34.589456903688],[-118.450397266442,34.5892119026688],[-118.450595267877,34.5889839027523],[-118.450708266389,34.5888429025202],[-118.450777266271,34.5886919025306],[-118.450822266382,34.5885399024832],[-118.45082726722,34.5882389023668],[-118.450687267209,34.5881849021353],[-118.45058426662,34.588078902824],[-118.450538498096,34.5879741084778],[-118.450439265861,34.5877469027925],[-118.45031526719,34.5875299029423],[-118.450284266533,34.5873949024308],[-118.450410266371,34.587170902679],[-118.450597265973,34.5868789021504],[-118.450691267023,34.5867789022495],[-118.450915265339,34.5866809028399],[-118.451197267039,34.586621902039],[-118.451503267555,34.5865509023463],[-118.451747266348,34.5864969024333],[-118.45195326701,34.5864589028826],[-118.452124266039,34.5863659025052],[-118.452297267531,34.5862319022921],[-118.452380266753,34.5861679018624],[-118.452388266588,34.5860569021125],[-118.452300266609,34.5859709027218],[-118.452126266125,34.5859129026075],[-118.452077267495,34.5858539018479],[-118.452065265763,34.5856909019772],[-118.452089266231,34.5854559016681],[-118.452064267034,34.5853569013079],[-118.451986265941,34.585282902501],[-118.451874266993,34.5852329023187],[-118.451744267529,34.5852219029139],[-118.451650265752,34.5852239029566],[-118.451639267121,34.5852239023585],[-118.451505267381,34.5852609019014],[-118.451272266292,34.5853669016951],[-118.450981267759,34.5855339030879],[-118.450772267329,34.5856749018392],[-118.450674267663,34.5858309028774],[-118.450562265645,34.5860269021168],[-118.450434266482,34.5860839027979],[-118.450333265921,34.5860729016859],[-118.45025026531,34.5860069023612],[-118.450057266548,34.5856469025918],[-118.450040265512,34.5855119024399],[-118.450071265502,34.5853649019985],[-118.450065266402,34.5852899032767],[-118.450015264968,34.5851909022285],[-118.449950266981,34.5850569028535],[-118.449950266456,34.5850129014375],[-118.449978265431,34.5849849029272],[-118.450021265625,34.5849569020554],[-118.4501762676,34.5850099026923],[-118.4502912654,34.5850489019857],[-118.450488266197,34.5850349024662],[-118.450630267053,34.5849219032332],[-118.4507372671,34.584773901381],[-118.450885266246,34.5846809014711],[-118.451100266947,34.5846269022194],[-118.451277266328,34.5845699018942],[-118.451368265976,34.5845399021363],[-118.451596265619,34.5844379018392],[-118.451762266645,34.5843249022385],[-118.451795266496,34.584256901368],[-118.451917266743,34.5841209023363],[-118.452062266147,34.5839129024175],[-118.45205026789,34.5837579016919],[-118.45199126706,34.5836399029005],[-118.451835266318,34.5835539018075],[-118.451771265199,34.5834849029284],[-118.451747266436,34.5834589021209],[-118.451734265946,34.5832409013968],[-118.451693266112,34.5830869018268],[-118.45159526598,34.5829889019699],[-118.451441266672,34.5829229021902],[-118.451304267495,34.5828099014038],[-118.451100267025,34.5827129023469],[-118.450956267117,34.5826989024276],[-118.450692266583,34.5827019020298],[-118.450615265544,34.5826989024103],[-118.450528266381,34.5826759026027],[-118.450460266461,34.5826129021519],[-118.450509267141,34.582401901666],[-118.450473266985,34.582235901032],[-118.4504462666,34.5820889026431],[-118.450469266268,34.5820059018108],[-118.450545266159,34.5820049024791],[-118.450711266797,34.5820899026137],[-118.450774265835,34.5821409023983],[-118.450876266181,34.5822109021646],[-118.450981266339,34.5821979012038],[-118.451037265833,34.5821059023306],[-118.451028266069,34.5818239021076],[-118.451007265568,34.5817099015762],[-118.450942266541,34.5815749010971],[-118.450886266075,34.5813849023625],[-118.450971265435,34.5813449011274],[-118.451096266398,34.5813159013755],[-118.451282265426,34.5812579011602],[-118.451349265587,34.5812569022864],[-118.45140226739,34.5812839025226],[-118.451500267537,34.5813779015952],[-118.451612265806,34.581467902615],[-118.451671266586,34.5815309016166],[-118.451682266795,34.5816019023948],[-118.451731265567,34.5816809008707],[-118.45184726633,34.5817429017807],[-118.451983265524,34.5818129022296],[-118.45212726626,34.5818269027283],[-118.452236266523,34.5817699014892],[-118.452273266738,34.5816669020541],[-118.452312266184,34.581419901516],[-118.452356266979,34.5812209009621],[-118.452274265972,34.5811429009303],[-118.452141267182,34.5809889021329],[-118.452034266731,34.5806329018185],[-118.452098267709,34.5804579020718],[-118.452226266677,34.5803169021333],[-118.452338267841,34.5801369022936],[-118.452297267172,34.5799989021751],[-118.452343266472,34.5798989010187],[-118.452414266216,34.5798419012963],[-118.452567267108,34.5798169013068],[-118.452696265446,34.5797909023993],[-118.45279426738,34.5796079008158],[-118.452839266623,34.5794249019277],[-118.452893265602,34.579228901096],[-118.453015265429,34.5790569013021],[-118.453277265925,34.5789229003938],[-118.453446267143,34.5787429005376],[-118.453444266441,34.5785959023171],[-118.453332265693,34.5785089005315],[-118.45311926595,34.5784439018582],[-118.452879266976,34.5784149011099],[-118.452681265663,34.5783579008709],[-118.452460265927,34.5783689020518],[-118.452369267234,34.578357900577],[-118.45228826702,34.5783239009753],[-118.452268265223,34.5783149016013],[-118.451943266995,34.5781569019775],[-118.451831266595,34.5780469019018],[-118.451712265923,34.5778579021789],[-118.45171126538,34.577789901433],[-118.451834264918,34.5776969021104],[-118.451995266876,34.5775719015567],[-118.452094267364,34.5774679007068],[-118.452168266147,34.5772849014202],[-118.452214266751,34.5771409015155],[-118.452269264653,34.5770009024154],[-118.452411265808,34.5768769014739],[-118.452596266681,34.5767909016348],[-118.452710266294,34.5766979015678],[-118.452779265662,34.5765149006763],[-118.452789266668,34.5762889006308],[-118.452796265627,34.5761539014409],[-118.45291026528,34.5760409018193],[-118.453075265741,34.5759039018656],[-118.453305266955,34.5758289002945],[-118.453592266653,34.5757548999005],[-118.453682266074,34.5757099016549],[-118.453705265397,34.5756659008644],[-118.453709265992,34.5755939021238],[-118.453649267159,34.5755079009711],[-118.453542265466,34.5754179002714],[-118.453487266357,34.5753189011699],[-118.453447266722,34.5751849012895],[-118.45333826549,34.5750349016805],[-118.453183265838,34.5749219006831],[-118.45305626656,34.5747959015371],[-118.453006265688,34.574697900497],[-118.453011265385,34.5744319004753],[-118.453032265931,34.574240901503],[-118.453073266126,34.5741369014462],[-118.45319226645,34.5740759006897],[-118.453311265391,34.5739679007815],[-118.453481266894,34.5738069010896],[-118.453723265559,34.5736569004823],[-118.454157266337,34.5734969017062],[-118.454419264969,34.5733659002558],[-118.454676265485,34.5732279003908],[-118.454687009685,34.5732237176967],[-118.455105267058,34.5730609012666],[-118.455406265929,34.5729779000945],[-118.455648265997,34.5728159008616],[-118.45592026632,34.5726819007517],[-118.455996265936,34.5726689005228],[-118.456294265565,34.5726769008241],[-118.456621265435,34.5727209009943],[-118.456657266332,34.5727139006212],[-118.456707266705,34.5727038996466],[-118.456803266961,34.5726709001033],[-118.456907266187,34.5726219017466],[-118.457012265987,34.5725539008593],[-118.457082267107,34.5724609006972],[-118.4570572672,34.5723898997893],[-118.456994267547,34.5723669008946],[-118.456893267503,34.5723799001887],[-118.456842267633,34.5724319006055],[-118.456769265343,34.5724649011861],[-118.456680265992,34.5725059006459],[-118.45648226648,34.5724799009301],[-118.456289265508,34.5724309005209],[-118.456187265891,34.5723569006853],[-118.45615226755,34.5722979003264],[-118.456075265898,34.5719849004802],[-118.456000266784,34.5718549002642],[-118.455964266369,34.5717089004073],[-118.455920265417,34.5716619005643],[-118.45589126685,34.5716539001676],[-118.455834266709,34.5716629002332],[-118.45579126579,34.571698901544],[-118.455744266324,34.5717429008145],[-118.455678264846,34.571787899891],[-118.455639266054,34.5717959010881],[-118.455538266412,34.5717689005214],[-118.455436265344,34.5717069002226],[-118.45536926584,34.5716879011078],[-118.455298264922,34.5717319008935],[-118.455227265862,34.5718088999473],[-118.455080266478,34.5719409014862],[-118.454994265475,34.5719499006755],[-118.454883265988,34.5719118996709],[-118.45472226631,34.5717629000498],[-118.454506266009,34.5715079003227],[-118.454351265754,34.5713858999948],[-118.454220266419,34.5712969001297],[-118.454088266329,34.5711629007779],[-118.453948265931,34.5711329001158],[-118.453838265821,34.5711579009086],[-118.453536265974,34.5712289009052],[-118.453339265567,34.5712068996166],[-118.453073265743,34.5710919009392],[-118.452759265815,34.5709479000647],[-118.452571265384,34.5709149014912],[-118.452474266503,34.5708919006653],[-118.452464266234,34.5708489010375],[-118.452482265659,34.5708049010387],[-118.452506266635,34.5708039011285],[-118.452612265646,34.5708029005385],[-118.452757265272,34.5708369003919],[-118.45291126617,34.5708869000953],[-118.453041266266,34.5709008993514],[-118.453218264593,34.5708749002511],[-118.453396265512,34.5708569008656],[-118.453572265923,34.5707479000209],[-118.453786266264,34.5706619008972],[-118.453948265989,34.5706089002544],[-118.454130265821,34.5705789000151],[-118.454225267036,34.5705179013421],[-118.454306265498,34.5704499014359],[-118.454363266053,34.5704409002786],[-118.454464267031,34.5704719009661],[-118.454532265076,34.5705099000307],[-118.454693265828,34.5706319002197],[-118.45479426613,34.5706659000007],[-118.454837265693,34.5706218998364],[-118.454830264796,34.570534901195],[-118.454580266095,34.57022390095],[-118.454423267107,34.5700309006801],[-118.454239265645,34.5699189001535],[-118.454219266053,34.5698589001708],[-118.454218265861,34.5697999001756],[-118.454249266241,34.5696919009206],[-118.454330266292,34.5696399003001],[-118.454354265745,34.5696339001862],[-118.454516265444,34.5695898995706],[-118.454939266734,34.5695849007665],[-118.455351265558,34.5695649007201],[-118.455345266447,34.5695029002632],[-118.455382266697,34.5693829005999],[-118.455524265303,34.5692899010192],[-118.455638266761,34.5692369004242],[-118.456051265375,34.5692198999235],[-118.456289266119,34.5691299008803],[-118.456521265526,34.5689569000044],[-118.456736267245,34.5688668999362],[-118.456950266221,34.5687848997604],[-118.457020266801,34.5686769000539],[-118.457220266103,34.5682658999184],[-118.457349266281,34.5679939001895],[-118.457442266145,34.5678178992544],[-118.457501265862,34.5676308996682],[-118.457448265726,34.5675908994087],[-118.457361266278,34.5675889000686],[-118.457272267084,34.5676968993643],[-118.457186266043,34.567721899449],[-118.457076265628,34.5677628998217],[-118.457063267084,34.5678268991249],[-118.456971266538,34.5680658998171],[-118.456853266208,34.5681788995185],[-118.45657726676,34.5682769010441],[-118.456069265513,34.5683148994152],[-118.455825266558,34.5683808994768],[-118.455653264828,34.5684469004493],[-118.455503265375,34.5683969009384],[-118.455117266854,34.5682748999971],[-118.454976265851,34.5681848998382],[-118.454807266062,34.5681319000253],[-118.454581265524,34.5680949006938],[-118.454317265792,34.5681059003429],[-118.454264265226,34.5681019010035],[-118.454177266874,34.5680518996164],[-118.454301265722,34.5680099002378],[-118.454507266981,34.5679479002775],[-118.45478426631,34.5679168999657],[-118.45498126456,34.5679299008036],[-118.455179266732,34.567991899819],[-118.455353265111,34.5679899001303],[-118.455457265752,34.5679369011068],[-118.455642265892,34.5677958999799],[-118.455909265737,34.5676849001241],[-118.45607126676,34.5676239000966],[-118.456118265973,34.5675519002806],[-118.456171266209,34.5672889002643],[-118.456162265289,34.5670789009137],[-118.456112265026,34.5669408996077],[-118.456177265284,34.5668088998641],[-118.456306265063,34.5667789005519],[-118.456588265515,34.5667518999202],[-118.456708265447,34.5667228995285],[-118.456925267122,34.566505899465],[-118.456984266696,34.5663108999916],[-118.457109266131,34.5660389001717],[-118.457150265875,34.565911899865],[-118.457115265393,34.5658568989129],[-118.457061266599,34.5657578993732],[-118.457068265045,34.5656389008829],[-118.45714626708,34.5654358991311],[-118.457244266258,34.5652518992002],[-118.457315265137,34.5652109003007],[-118.457386265287,34.565174900299],[-118.457508265264,34.5652608988501],[-118.45773626647,34.565388900235],[-118.457992266332,34.5654808997266],[-118.458113267209,34.5655348991779],[-118.458192265525,34.565644899032],[-118.45834426644,34.5658259005869],[-118.458465266903,34.5658958999178],[-118.458643267207,34.5658978993902],[-118.458915266596,34.5658308989663],[-118.459169265895,34.5658008995435],[-118.459307267339,34.5657468996349],[-118.459415265771,34.5655829000982],[-118.459504266078,34.5654699002402],[-118.459723265723,34.5653488997522],[-118.459946266492,34.5652548996597],[-118.460036266234,34.5651428990159],[-118.460034266269,34.5650229003518],[-118.459966265915,34.5649729005807],[-118.459869267637,34.5649378991756],[-118.459769266211,34.5649869003501],[-118.459669265392,34.5650038991757],[-118.459611266035,34.5649928991214],[-118.459581265966,34.5649178995007],[-118.459707266926,34.564737899876],[-118.459972266617,34.5645159003416],[-118.460146266319,34.5643078993374],[-118.460250266138,34.5641948989005],[-118.460403266557,34.5641338991822],[-118.460560267214,34.5640838989171],[-118.460892266105,34.56384990013],[-118.460967266244,34.563709899361],[-118.461007266347,34.5635388990408],[-118.460972266727,34.5634518987088],[-118.460814267146,34.5632558992558],[-118.460654266245,34.5631658992696],[-118.460558266147,34.563182899899],[-118.460400265727,34.5632208992779],[-118.460237266939,34.563226899787],[-118.460126266269,34.5631688996769],[-118.460038265706,34.563077898675],[-118.460085266301,34.5629898997319],[-118.46015026677,34.5628939001007],[-118.460154266194,34.5628298984415],[-118.460134266975,34.5627788983802],[-118.460090265796,34.5627399001288],[-118.460013266088,34.5627448985243],[-118.45987026648,34.5628058986842],[-118.459746266372,34.5628228991662],[-118.459673265321,34.562791898818],[-118.459685265797,34.5626688982707],[-118.459707265976,34.5625338993786],[-118.459690266935,34.5624108994579],[-118.459602265534,34.5622648998125],[-118.459452265804,34.5619258993514],[-118.459387265364,34.5618068997376],[-118.459251266151,34.5616738991551],[-118.459143265398,34.5615758988406],[-118.45906826657,34.5613708990561],[-118.459080265548,34.5612628990052],[-118.459098266042,34.5611598995631],[-118.459067266518,34.5610568995479],[-118.458984265857,34.5609668985068],[-118.458915265933,34.5608718996729],[-118.45890626522,34.5606138987432],[-118.458870265869,34.5604708998347],[-118.458789265944,34.5602578980643],[-118.458646265599,34.5600448995039],[-118.458534265919,34.5599588994912],[-118.458341266198,34.5598858984119],[-118.458174265203,34.5596498991103],[-118.458022265298,34.559472899126],[-118.458039265503,34.5593738991476],[-118.458178265053,34.5593208991781],[-118.458398265237,34.5592898989683],[-118.458545265953,34.5592168987422],[-118.458639265488,34.5590848989741],[-118.458719266053,34.5589648989742],[-118.458870265099,34.5588598990005],[-118.458891254123,34.5588439357849],[-118.458935844104,34.5588100224356],[-118.45908326609,34.5586978992441],[-118.459210264586,34.5585339000617],[-118.459249265471,34.5583188988354],[-118.459320266128,34.5582628991509],[-118.45949726695,34.5582048983809],[-118.459592265826,34.5581358979549],[-118.459619265677,34.558043899004],[-118.459553264743,34.5578588990702],[-118.45944326466,34.5575898983344],[-118.459307265529,34.5574688988642],[-118.459045265077,34.557300899329],[-118.458913266387,34.5571678985453],[-118.458925266084,34.5570758987006],[-118.458977265657,34.5570278980751],[-118.459092265957,34.556990898682],[-118.45928926508,34.5569878985192],[-118.459595266063,34.5569688993102],[-118.459950264902,34.5569288985651],[-118.460277266123,34.5569128986409],[-118.460411265306,34.5568998994096],[-118.460573266258,34.5568778985477],[-118.460731266533,34.5568398988727],[-118.460908265033,34.5568228991397],[-118.461105265433,34.5568038984849],[-118.461316266055,34.5567968986283],[-118.461450265408,34.5567998984947],[-118.461604265752,34.5568338977523],[-118.461754266684,34.5568638984308],[-118.461960266627,34.556864898554],[-118.462152266021,34.5568828975292],[-118.462383265492,34.5568838983016],[-118.462537265386,34.5569378984909],[-118.46274526675,34.5570188981078],[-118.462799266228,34.5570768984161],[-118.462830266413,34.5571958986795],[-118.462954265737,34.5573768976008],[-118.463085266801,34.5575028983882],[-118.463362265573,34.5576858983089],[-118.463516267269,34.5577198987499],[-118.463622267036,34.5577108982814],[-118.463798267171,34.5576568987125],[-118.463904265738,34.557647898002],[-118.463996265133,34.5576978986049],[-118.464036266519,34.5578128992825],[-118.464133266707,34.5581578980557],[-118.464251266638,34.558326898552],[-118.464546266512,34.5584338979512],[-118.464900267414,34.5586208983978],[-118.465112267039,34.5587178987526],[-118.465202781126,34.5587262537283],[-118.465372267771,34.5587418988107],[-118.465640267768,34.5586908987354],[-118.465821266093,34.5585658983112],[-118.465866266719,34.5583828994317],[-118.465835267668,34.5582598989722],[-118.465766267123,34.5581618983021],[-118.465678267033,34.5580798985402],[-118.465705266873,34.557974897334],[-118.465757266587,34.5576848986256],[-118.465807265546,34.5575178988665],[-118.465957266537,34.5572978981543],[-118.466031438503,34.5572347467962],[-118.466132266512,34.5571488991316],[-118.466249266739,34.5570158991141],[-118.466280266268,34.5568248986563],[-118.4664042671,34.5567878983538],[-118.466486267065,34.5568108987568],[-118.466564267045,34.5568888984184],[-118.466638265562,34.5570118985478],[-118.466789267407,34.5571248988044],[-118.466973266802,34.5572138987933],[-118.467188266635,34.5574608985076],[-118.467384267997,34.5576578984784],[-118.467524266912,34.5577188978708],[-118.467648266827,34.5576658987645],[-118.467832266481,34.5575168987108],[-118.468037267476,34.5574188978273],[-118.468190266481,34.5573898986112],[-118.468302267582,34.5574238979698],[-118.468404266999,34.5575018986073],[-118.468509267083,34.5574888976634],[-118.468622266528,34.5573648980742],[-118.468670268009,34.5570778984276],[-118.46872926818,34.5568708990446],[-118.468856266659,34.5567468984062],[-118.468967267279,34.5567888975321],[-118.469102267024,34.5568188983691],[-118.469184267799,34.5568138974128],[-118.469297266076,34.5567328980854],[-118.46944026758,34.5566918987517],[-118.469604267364,34.5567018984507],[-118.469855266898,34.5567698982406],[-118.470032267069,34.556743897906],[-118.470386266406,34.5566728977437],[-118.470677267719,34.5565818977932],[-118.470691267204,34.5564858988369],[-118.470740267264,34.5564218973017],[-118.470787267231,34.5563658982138],[-118.470868268385,34.5563258983109],[-118.470935267893,34.5563248984772],[-118.470989267519,34.5563438970309],[-118.471037268072,34.5563708982109],[-118.471081267167,34.5563868991616],[-118.471913267057,34.5559638971683],[-118.472317268022,34.5557678982007],[-118.472676267902,34.5556488981734],[-118.472882268337,34.5556498977954],[-118.472959267141,34.5556488975905],[-118.473074267973,34.5556158976096],[-118.473415267481,34.5554138972087],[-118.473677267215,34.5552868978798],[-118.473911268013,34.5552408973908],[-118.474238268991,34.5552768985546],[-118.474430267547,34.5552738978496],[-118.474782268931,34.5550798985336],[-118.475514268206,34.5546698982192],[-118.475695268897,34.5545398965987],[-118.475804269144,34.5545048971975],[-118.475912268543,34.5543768976264],[-118.475911268116,34.5543128968973],[-118.475851268105,34.554182896754],[-118.475858268002,34.5539798973556],[-118.475822267717,34.5538898967003],[-118.475614267906,34.5537768972612],[-118.475319268121,34.5536418971894],[-118.475224268592,34.5537058975402],[-118.475117267875,34.5538778969254],[-118.474979267626,34.5539388972787],[-118.47485326816,34.5539318981453],[-118.474447267343,34.5537588977633],[-118.474283267712,34.5537248970158],[-118.47413526771,34.5537738982893],[-118.473940267645,34.55385189727],[-118.47384926834,34.5538648979116],[-118.47380526777,34.5538178972394],[-118.473813267038,34.5537268967945],[-118.473821266327,34.5536228981652],[-118.473791269036,34.553567897736],[-118.47373326771,34.5535288976749],[-118.473642267732,34.5535378971992],[-118.473571266334,34.5536018973529],[-118.473438267862,34.5536758971786],[-118.473356267606,34.5536648971531],[-118.47332126683,34.5535778966522],[-118.473244267123,34.5533288970932],[-118.473280267147,34.5531968980519],[-118.47331726773,34.5530978981162],[-118.473527266763,34.5530388962915],[-118.473905268069,34.5529668979091],[-118.47401926696,34.5528828971537],[-118.47401226759,34.5527718971803],[-118.474004267043,34.552600897425],[-118.474056266056,34.5525528983948],[-118.47419626776,34.5525748973559],[-118.47432226819,34.5526408974501],[-118.474421268303,34.5525598983473],[-118.474476267417,34.5524168982579],[-118.474569267604,34.5522808969934],[-118.474674268934,34.5521798973471],[-118.474808268357,34.5521468971881],[-118.475153268297,34.5521268967088],[-118.47529226849,34.5521008966306],[-118.475367268392,34.55203289777],[-118.475366268412,34.5519688970209],[-118.475331267741,34.5518548964068],[-118.475299266851,34.5516958970504],[-118.475332268195,34.5516558979948],[-118.475404267398,34.5516548968544],[-118.475490268078,34.5516738970975],[-118.475597267458,34.5517518974152],[-118.475714267542,34.5518098978159],[-118.475852268105,34.5517688969279],[-118.475927268263,34.551668896284],[-118.475974268548,34.5515928975096],[-118.476021268679,34.5515798981831],[-118.476094268241,34.5516188969829],[-118.476279267179,34.5517598969938],[-118.476399267117,34.5517738968685],[-118.476551268455,34.5516928973164],[-118.476762268026,34.551662897018],[-118.476895268463,34.5516248968085],[-118.476956266936,34.551532896526],[-118.476974267251,34.551194897313],[-118.47700326804,34.5509288966637],[-118.477059268196,34.5508568973473],[-118.477137267894,34.5508358965226],[-118.477248267685,34.5509138968123],[-118.477438269024,34.5510498962958],[-118.477636268096,34.5511468965194],[-118.477839267726,34.5511958966867],[-118.478016267452,34.5511978977401],[-118.478208267714,34.5511598974208],[-118.478437267829,34.5511298963712],[-118.478625267669,34.5511588962652],[-118.478827268159,34.5511918966492],[-118.478962267575,34.5512068968689],[-118.479081267301,34.5511418973895],[-118.479103267269,34.5510538966041],[-118.479066268892,34.5508558971942],[-118.479069268792,34.5507728963665],[-118.479093267248,34.5507448977219],[-118.479203268613,34.55074689709],[-118.479438269517,34.5507398963311],[-118.479606269594,34.5507188966115],[-118.479711269671,34.5507208963314],[-118.479904268467,34.5507508977373],[-118.48014026867,34.5508348970374],[-118.480208267641,34.5508218969346],[-118.48025826748,34.5506588964527],[-118.48029026838,34.5505468960702],[-118.480349268398,34.5503718967227],[-118.480288267954,34.5501938973375],[-118.480281269595,34.5500708974553],[-118.480281267404,34.5497808966071],[-118.480163268916,34.5496358965256],[-118.480021267687,34.5494988966483],[-118.479928268167,34.549376897341],[-118.479980267885,34.5493208974022],[-118.480057267654,34.5493108963493],[-118.480085267878,34.5493078972138],[-118.480244268622,34.549344895733],[-118.480409268743,34.5494348962388],[-118.480593268936,34.5495398975672],[-118.480740268988,34.5496928971036],[-118.480819268829,34.5498148962075],[-118.48095926793,34.5498568967353],[-118.481079269268,34.5498548962126],[-118.481208268216,34.5498618968219],[-118.48149926761,34.5499968966839],[-118.481881268956,34.5501988959934],[-118.482070269292,34.5502998968258],[-118.482176269627,34.5502938957175],[-118.482227269756,34.5501988960941],[-118.482219269372,34.550047896207],[-118.482283268246,34.5495868968659],[-118.482364268571,34.549287895391],[-118.482393269359,34.549013896801],[-118.482478267934,34.5488888954108],[-118.48250126931,34.5488868973316],[-118.482607269644,34.5488798969489],[-118.482684269124,34.5489108965102],[-118.482851268566,34.5490748965023],[-118.482883268761,34.5493008962432],[-118.482942267957,34.5496178968067],[-118.482980269629,34.5498638964347],[-118.482944268784,34.5500468968564],[-118.482990269826,34.5501728959825],[-118.483131269322,34.550270896399],[-118.483236269666,34.5502778974369],[-118.483302269023,34.5501738972664],[-118.483319269206,34.5500458968668],[-118.483360269429,34.5499618963875],[-118.483427268033,34.5499458963773],[-118.483567269064,34.5499918966704],[-118.483767269696,34.5501558965615],[-118.483883268891,34.550193896368],[-118.484066269009,34.5502478971415],[-118.484076972164,34.5502630704403],[-118.484224269008,34.5504718960671],[-118.484360268887,34.5506008977135],[-118.484462269621,34.5506788975673],[-118.484592269974,34.550681896838],[-118.484659268543,34.5506648963594],[-118.484814268628,34.5505048963201],[-118.484924268707,34.5504668970404],[-118.485118270696,34.5505208964922],[-118.48519426876,34.5505198970168],[-118.485256269325,34.5504668957186],[-118.485344270173,34.5503108958092],[-118.48545826826,34.5502468963031],[-118.48553527035,34.5502338960013],[-118.485650269549,34.5502478968071],[-118.485940269812,34.5503638967148],[-118.486056269901,34.5503898960442],[-118.486128269606,34.5503848965863],[-118.486179269489,34.550316896879],[-118.486183269392,34.5502538966923],[-118.486120268238,34.5502108963138],[-118.486018269972,34.5501718969275],[-118.485776269624,34.5500518963367],[-118.485558268373,34.5499238956727],[-118.485384269431,34.5498538969668],[-118.485195268052,34.5497608960061],[-118.485165268283,34.5496588955121],[-118.485216268331,34.5495988963423],[-118.485245267939,34.5495938969496],[-118.485384268869,34.5495998957535],[-118.485581269784,34.5495978959415],[-118.485725270038,34.5495878957336],[-118.485835269738,34.5495668965898],[-118.485891269807,34.5494748964194],[-118.485897269171,34.5493038962919],[-118.485906269443,34.5492328958038],[-118.485924268808,34.549192896142],[-118.485977270131,34.5491838960598],[-118.486092268536,34.5491828959615],[-118.486159269104,34.5491938960249],[-118.48633226883,34.5491918963768],[-118.486484270007,34.5491108960386],[-118.486697269355,34.5489448969185],[-118.486901269427,34.5487878964561],[-118.487190269383,34.548600895503],[-118.487771268559,34.5482928963955],[-118.488318270722,34.54801989495],[-118.488741268984,34.5478398964383],[-118.489165269417,34.5476208960034],[-118.48945126976,34.5475218960304],[-118.489574270984,34.5474168955106],[-118.489710270747,34.5472608954308],[-118.489783269561,34.547064895178],[-118.48987527082,34.5468218956244],[-118.489949270326,34.546677896655],[-118.490100270148,34.546521896023],[-118.490490270008,34.5463178951261],[-118.490628269698,34.5462168961329],[-118.49092127032,34.5459908961513],[-118.491278269762,34.5458358959816],[-118.491574269642,34.5457408965673],[-118.491779270336,34.5456588952317],[-118.492107269739,34.5454918952951],[-118.493003270446,34.5451078957686],[-118.493136269758,34.5450388958327],[-118.493432270148,34.5449438954673],[-118.493766270075,34.544872894524],[-118.494014269969,34.5447818958767],[-118.494261270309,34.5447218952645],[-118.494272269749,34.5447188962082],[-118.494363269593,34.544682895786],[-118.494462270978,34.5445858951994],[-118.49455927089,34.5444018945597],[-118.494709271368,34.5439158956268],[-118.494832269423,34.5437588950695],[-118.494854268934,34.5437308950938],[-118.494982270836,34.5436068951089],[-118.495210271,34.5434728951317],[-118.495231269801,34.5433538954689],[-118.495129270234,34.543271895501],[-118.494917271487,34.5432378955762],[-118.494748269736,34.54317689615],[-118.494718269535,34.5430578951197],[-118.494714270059,34.5428838942411],[-118.49466426973,34.5427248954768],[-118.494643270507,34.5426218950267],[-118.494703270598,34.5425138957251],[-118.494822270781,34.542472894632],[-118.494975270345,34.5424268947585],[-118.495193271242,34.5423058949736],[-118.495487270293,34.5420678957185],[-118.495814269647,34.5418178951532],[-118.496082270934,34.5416298955419],[-118.496321270704,34.5414618942986],[-118.496629269938,34.5412468942833],[-118.496910270708,34.5411048941702],[-118.497095269518,34.5409838952065],[-118.497236269908,34.5408268941894],[-118.497832270036,34.5403948944056],[-118.498350416619,34.5400036427656],[-118.498420270613,34.5399508954026],[-118.498959271429,34.5394878940685],[-118.499334270842,34.5392608938113],[-118.500374270355,34.5384378940479],[-118.500835270664,34.538114893571],[-118.501267272444,34.5378638942742],[-118.501456271192,34.5376978939662],[-118.501785115718,34.5376391149664],[-118.501870270782,34.5376238933668],[-118.501959388506,34.5372971478672],[-118.502010063488,34.5371475526463],[-118.50216848023,34.5369036125294],[-118.502317148717,34.5367536120057],[-118.502424503359,34.5365952465283],[-118.502493383216,34.5360443689927],[-118.502424686151,34.5357714903201],[-118.502362099271,34.5356565087213],[-118.502232156562,34.5354905880268],[-118.502122869609,34.5353288505385],[-118.502085814569,34.5351710813233],[-118.502121091912,34.5350343540622],[-118.502197758884,34.5349187966299],[-118.502434023003,34.5347556293205],[-118.502557208084,34.5346569523546],[-118.502700584755,34.5344856322402],[-118.502966424368,34.5340961292318],[-118.503033031202,34.5340232948409],[-118.503125039013,34.5338863323028],[-118.503289377963,34.5337704118692],[-118.503942221871,34.5334134469278],[-118.504168344349,34.5332801958009],[-118.504362926969,34.5330489069475],[-118.50442955871,34.5329803395043],[-118.504988807825,34.5324999813476],[-118.505486914487,34.5321436521371],[-118.505789974605,34.5319417869783],[-118.506010336115,34.5317103880701],[-118.506261535815,34.5314617879784],[-118.506723140822,34.5310415828294],[-118.506887002102,34.5308488321132],[-118.507205005142,34.5305615370952],[-118.507399052303,34.5302448824833],[-118.507593592799,34.5300093206596],[-118.507726714643,34.5298508426231],[-118.507787767456,34.5297140058441],[-118.507977069603,34.5294656608776],[-118.508156682904,34.5293197923068],[-118.508500619034,34.5290579941233],[-118.508895548758,34.5287020825989],[-118.509870920419,34.5279681350787],[-118.510019323551,34.5277797127534],[-118.51011133804,34.5276470134729],[-118.510547457815,34.5272823868874],[-118.510953890436,34.5271227551058],[-118.510995172595,34.52712684926],[-118.511231816986,34.5270319537502],[-118.511497749198,34.5266680399568],[-118.511619285248,34.5263047339222],[-118.511629021934,34.5262107932701],[-118.51170047857,34.5261491206527],[-118.511686270638,34.5261378924708],[-118.511677272171,34.5261008919716],[-118.511666270919,34.5260628929017],[-118.511704271451,34.525966893073],[-118.511821271294,34.525803892275],[-118.511867272231,34.5256908928038],[-118.511860271516,34.5255228926513],[-118.511860732921,34.525511666672],[-118.511863272088,34.5254498922259],[-118.511898271067,34.5253968925819],[-118.512000272566,34.5253198921559],[-118.51246427137,34.5251688925991],[-118.512574271747,34.5251148910971],[-118.512656272135,34.5250148926806],[-118.512706271279,34.5249018922268],[-118.512704271114,34.5247798922451],[-118.512694272809,34.5247008919971],[-118.512648272445,34.5245688922765],[-118.512521272194,34.524391891989],[-118.512489270787,34.5243398925119],[-118.512494272483,34.5241748915934],[-118.512488271534,34.5241058922472],[-118.512442271966,34.5239908916723],[-118.512156271512,34.5236108928534],[-118.51209427294,34.5234838926464],[-118.512081271127,34.5234108920604],[-118.512086270768,34.5233678914818],[-118.512105272194,34.5233518921591],[-118.512123271832,34.5233378921416],[-118.512219271688,34.5233368922762],[-118.512431272088,34.5233638921588],[-118.51267527037,34.5234198922177],[-118.51282327241,34.5234118919413],[-118.512953271383,34.5233478915122],[-118.513316270621,34.5231518916219],[-118.513516271444,34.5230328917008],[-118.513600272173,34.5229828919796],[-118.513741272687,34.5228028912893],[-118.513893271711,34.5226258919604],[-118.514098271857,34.5225078922456],[-118.514407271414,34.5223988925277],[-118.514669272895,34.522299892627],[-118.514866271002,34.5221748926854],[-118.516058272881,34.5212858918607],[-118.516652271659,34.5208528922652],[-118.516936271225,34.5206548906398],[-118.516986272043,34.5205748906265],[-118.517015273083,34.5204228918889],[-118.517012272279,34.5202668913661],[-118.516988272258,34.5202378912623],[-118.516858272393,34.5201368909124],[-118.516734273156,34.5200798919897],[-118.516605270954,34.5200408907231],[-118.51618527179,34.5199578913987],[-118.516065271083,34.5199388913995],[-118.515977272194,34.5199068913923],[-118.51594027311,34.519867890651],[-118.515955271706,34.5198048902486],[-118.515990271161,34.5197518911769],[-118.516117270971,34.5197078914658],[-118.51634027202,34.519704891639],[-118.516480271656,34.5197058920188],[-118.516607271153,34.5196818913278],[-118.516686272912,34.5196378905454],[-118.516843272901,34.5195098922259],[-118.51710627137,34.5192598909531],[-118.517262271807,34.5191128920921],[-118.517343272549,34.5189138913758],[-118.51736127151,34.5188308910932],[-118.517270272197,34.5186698913947],[-118.51719327116,34.5186018915159],[-118.517092271957,34.5184838903594],[-118.51706627108,34.5184088901195],[-118.517060271946,34.5182998909665],[-118.517086272722,34.5181708912543],[-118.517298272806,34.517973891223],[-118.517633271488,34.5177648910188],[-118.517833271582,34.5176008902985],[-118.517880271715,34.5175438916893],[-118.517885271832,34.5174078917167],[-118.51782827197,34.517286891641],[-118.517689271936,34.5171498909878],[-118.517636271671,34.5170818918411],[-118.517625271423,34.5168898912286],[-118.517655271643,34.516773890613],[-118.51772027077,34.5166578913381],[-118.517842270834,34.5165378904921],[-118.517970271169,34.5163248918484],[-118.518170272376,34.515962890203],[-118.518207271404,34.5158008914584],[-118.518221272627,34.5156578914211],[-118.518239271841,34.5155688903916],[-118.518328272503,34.5154288905803],[-118.518454271455,34.5153158913386],[-118.51861927168,34.5152078902699],[-118.518828272627,34.5150998912118],[-118.518899271292,34.5150158906961],[-118.518905270782,34.5149008911216],[-118.519059271668,34.5144138908005],[-118.519190272729,34.5139568905474],[-118.519257273138,34.5136648914242],[-118.518769271979,34.5136028901109],[-118.518636271031,34.5135598908813],[-118.518580270776,34.5134698904771],[-118.51839927215,34.5132608907454],[-118.517977271347,34.5130778895858],[-118.517843271057,34.512970890517],[-118.517746270691,34.5129148899809],[-118.517646272093,34.5128868910561],[-118.517485271376,34.5128248911756],[-118.517384271132,34.5127688902679],[-118.517282271278,34.5126578902743],[-118.517229271439,34.5124548912884],[-118.517227270605,34.5123458912813],[-118.51730327181,34.5122688905821],[-118.517461272188,34.5122368910101],[-118.517798271927,34.512258890636],[-118.517866271875,34.5122208905435],[-118.517851270754,34.5121608900626],[-118.517745272605,34.5120788898993],[-118.517407270827,34.5120008895344],[-118.517119270974,34.511943890114],[-118.517029271073,34.5119108905887],[-118.516935270978,34.5118068908801],[-118.516843271096,34.5114958894266],[-118.516760271156,34.5111878913603],[-118.516725271983,34.5110108904921],[-118.5165152717,34.5107308905306],[-118.516496931386,34.5106899768595],[-118.516463271286,34.5106148909271],[-118.516413271247,34.5103938905667],[-118.516346271321,34.5102018907795],[-118.516180271896,34.5100988899016],[-118.515914270092,34.5099698898699],[-118.51574227035,34.5097648903996],[-118.515622270301,34.5095748904237],[-118.515530271804,34.5092108905699],[-118.515302270507,34.5089368906855],[-118.514779270887,34.5082478903362],[-118.514507270979,34.5079268902779],[-118.514403271151,34.5078048904486],[-118.513938271478,34.5072258898084],[-118.513594270253,34.5067158899577],[-118.513461270786,34.5064758898415],[-118.5132822713,34.5060378897564],[-118.51320026989,34.5057868896439],[-118.513195269939,34.5052828893478],[-118.513167269227,34.5051378892062],[-118.513053269469,34.505011889816],[-118.5130092701,34.5049418888593],[-118.512982270747,34.5048348893685],[-118.513026270336,34.5046648902476],[-118.513035269586,34.5046448905307],[-118.513100269809,34.5044968901448],[-118.513212270002,34.5042858895392],[-118.513204270355,34.5041578906625],[-118.513199269288,34.5040698890442],[-118.513079270626,34.5035888904122],[-118.512850269455,34.5030058904291],[-118.512357270829,34.5023198901263],[-118.512151268841,34.5020198895604],[-118.511944270147,34.501718889442],[-118.511490269497,34.5010708901773],[-118.511171270073,34.5006988907564],[-118.510748269909,34.5003178890142],[-118.510618269014,34.5002018895092],[-118.510462268827,34.500009890134],[-118.510160269276,34.4996418887985],[-118.510017268443,34.4993778893525],[-118.509769269325,34.4990028887878],[-118.509471270118,34.4986388888643],[-118.509445268086,34.4985878892793],[-118.509324267863,34.4983518892995],[-118.509267267973,34.4981268889929],[-118.509251268347,34.4979748894548],[-118.509216268123,34.4976448892749],[-118.509238268647,34.4963248896238],[-118.509241105799,34.4962892185594],[-118.509287912205,34.4962887589735],[-118.509290530031,34.4957101452671],[-118.509290859701,34.4956371505068],[-118.509290956718,34.49561546016],[-118.509301567085,34.4932697023679],[-118.509304483579,34.4926248057621],[-118.509304484784,34.4926242909826],[-118.509307284786,34.4920080500087],[-118.509308922343,34.491647563955],[-118.509310456063,34.491309789709],[-118.509313561805,34.4906259162839],[-118.509315162901,34.4902096624942],[-118.509317570184,34.4901096572081],[-118.509363158126,34.4897172888405],[-118.509436596074,34.4893323980758],[-118.509507534172,34.4889606052797],[-118.509635573002,34.4882914774271],[-118.509797646361,34.4874444703608],[-118.50985962231,34.4871205790553],[-118.509910795063,34.4867897606387],[-118.509930011972,34.4865891575748],[-118.509941396332,34.4863503624516],[-118.509938319901,34.4860559692874],[-118.509928277022,34.4858899573941],[-118.509912163212,34.4856864330091],[-118.509881589092,34.4853002675786],[-118.509855225686,34.4849637336181],[-118.509853106847,34.4849366938507],[-118.509848911598,34.4848831415337],[-118.509823683492,34.484561098522],[-118.50981174984,34.4844087653741],[-118.509798826411,34.4839655985073],[-118.509817179643,34.4836396932808],[-118.509874405096,34.4832282343447],[-118.509936046442,34.4828982688516],[-118.509976516018,34.4826816373386],[-118.51001630325,34.4823819315739],[-118.510017819853,34.4823615036927],[-118.509887000175,34.4822028913584],[-118.509422737374,34.4816399900822],[-118.509427980749,34.4816400230705],[-118.509897231899,34.4816404157324],[-118.509923036594,34.4816404741165],[-118.509927180257,34.48164048646],[-118.510105593252,34.4816408925982],[-118.511388717655,34.4816437832431],[-118.511390556832,34.4812260008699],[-118.511390556505,34.4812259476808],[-118.511390235604,34.481225636201],[-118.511342084003,34.4811712656893],[-118.510274125145,34.477870884162],[-118.509265187805,34.4747526540167],[-118.509088408092,34.4742062706825],[-118.509083484104,34.4741911005071],[-118.509067102262,34.4741406301878],[-118.509022055766,34.4740019145396],[-118.508931090049,34.4737217921683],[-118.508767897721,34.472490667769],[-118.508621026602,34.4713826420951],[-118.507915853462,34.4692043882413],[-118.507663993919,34.4684263722119],[-118.507616171135,34.4682786414647],[-118.507619377753,34.4682636175253],[-118.507721908882,34.4677834701963],[-118.507866789847,34.4671047802779],[-118.507874082328,34.4670706141049],[-118.507898841543,34.466954642729],[-118.507922001653,34.4668461607655],[-118.508530121873,34.4639974091344],[-118.508613196669,34.4636082304821],[-118.50938756214,34.4599787913544],[-118.509412871781,34.4598609673308],[-118.509438842114,34.4597397796088],[-118.511389621127,34.4597748779611],[-118.51171985493,34.4597808225694],[-118.511750969571,34.4597813828382],[-118.512928474044,34.4597482458163],[-118.513193844331,34.4597440153843],[-118.513509004406,34.4597437288657],[-118.513840796823,34.4597508989133],[-118.514073074938,34.4597595291238],[-118.514768285996,34.459790928742],[-118.514983973253,34.4597986160642],[-118.515363877817,34.4598079983862],[-118.515427977349,34.4598089873968],[-118.515887349737,34.4598161598442],[-118.516313577886,34.4598228134543],[-118.516591471396,34.4598271499925],[-118.516778910724,34.4598277258705],[-118.516908296769,34.4598278617839],[-118.517273250041,34.4598324921294],[-118.517372765558,34.4598317352332],[-118.517522022943,34.4598262927238],[-118.517702724917,34.4598100507396],[-118.517899941213,34.4597824183448],[-118.518095446493,34.4597455314723],[-118.518208081738,34.4597199599435],[-118.518319041297,34.4596916773411],[-118.518504467498,34.4596355670691],[-118.518640183132,34.4595869019864],[-118.518746084861,34.4595459208605],[-118.518901613572,34.4594820547615],[-118.519075223883,34.4594145392416],[-118.519378468428,34.4593286571031],[-118.519676704387,34.4592533787643],[-118.51989083611,34.4592038292114],[-118.520152343615,34.4591554880245],[-118.520207056592,34.4591453735802],[-118.520234576385,34.4591400627684],[-118.520279290746,34.4591314345115],[-118.520375352069,34.4591129414506],[-118.520505435374,34.4590933377489],[-118.520661038853,34.4590736271203],[-118.520933632422,34.4590523178733],[-118.521217102739,34.4590356032983],[-118.521426839748,34.4590309924643],[-118.521535251412,34.4590311856128],[-118.521645007978,34.459033404942],[-118.521866801469,34.4590422059383],[-118.521978512771,34.4590494498267],[-118.522204792413,34.4590698246426],[-118.522320456002,34.4590831762343],[-118.522431298988,34.459099461327],[-118.522555165114,34.4591197877148],[-118.522674836221,34.4591426563413],[-118.52279513784,34.4591702461747],[-118.522916122851,34.4592017888778],[-118.52315872016,34.4592738955794],[-118.523279105797,34.4593151437216],[-118.523396791881,34.4593603070327],[-118.523512110963,34.4594086114706],[-118.523624398359,34.4594597624039],[-118.523642506621,34.4594684778351],[-118.52365221856,34.4594731599682],[-118.523734877048,34.4595130044861],[-118.523844708561,34.4595695786287],[-118.523948019124,34.4596227991712],[-118.524046859444,34.4596775336745],[-118.524118868408,34.459717410397],[-118.524239566231,34.4597798846754],[-118.524380321625,34.4598527416857],[-118.52438536982,34.4598553541557],[-118.524383812951,34.4597401925492],[-118.524385152501,34.4596632461958],[-118.524384821178,34.4596521154787],[-118.524382500526,34.4595739795894],[-118.524334059773,34.458028046218],[-118.524321674978,34.4576327803792],[-118.524265310416,34.4560625539868],[-118.524265359498,34.4560598049952],[-118.524238716284,34.455223852032],[-118.524150643811,34.4524604707528],[-118.524149529708,34.4524231799626],[-118.524147030284,34.4523395715814],[-118.524142581084,34.452191205344],[-118.524139879953,34.4520994100913],[-118.524141207001,34.4520664505482],[-118.524145591624,34.452031842413],[-118.524184071171,34.4518422095815],[-118.524200478346,34.451761103321],[-118.52421222331,34.4517031821431],[-118.524288953182,34.4513247972994],[-118.524308693186,34.4512261652016],[-118.524165731178,34.4512240115329],[-118.524087995043,34.4512338954703],[-118.523992608927,34.4512405126859],[-118.523883127003,34.4512554162917],[-118.52363726689,34.4512888832127],[-118.523484988922,34.4513499133619],[-118.523230847755,34.4514914975162],[-118.522992266303,34.451649882692],[-118.522750267104,34.4517878839859],[-118.522574266556,34.4518618845921],[-118.522254267133,34.4519138843839],[-118.522023191933,34.4518938080369],[-118.521873266904,34.4518808839339],[-118.521764641066,34.4518455475109],[-118.521847105133,34.4517708081413],[-118.521951492825,34.4516696486886],[-118.522059075849,34.4515650684961],[-118.522166625955,34.4514604883478],[-118.522275005231,34.4513559324809],[-118.522382522147,34.4512513522802],[-118.522490071442,34.4511467718429],[-118.52259758673,34.4510421914547],[-118.522705101747,34.4509376109704],[-118.52281361985,34.4508342350255],[-118.523129380562,34.4510563321982],[-118.523387409769,34.4507484730774],[-118.523501268938,34.4506137207861],[-118.523076090997,34.450372558239],[-118.523173027114,34.4502580483478],[-118.523267352971,34.4501452255875],[-118.523360186918,34.4500324641804],[-118.523453684397,34.4499198648187],[-118.523754699941,34.4502396566327],[-118.524090939488,34.449836546536],[-118.524239478339,34.4499050138532],[-118.524250161692,34.4498527579889],[-118.524294471953,34.4496356211011],[-118.524333877114,34.4494404334308],[-118.524344578929,34.4493893999578],[-118.524440555636,34.4489141095843],[-118.524757378979,34.449010509503],[-118.524779811337,34.448901514235],[-118.52487655925,34.4484314815113],[-118.524914852389,34.448239046317],[-118.524950381144,34.4480659411668],[-118.524974994797,34.4479450100045],[-118.524978147591,34.4479291464702],[-118.525000393208,34.4478172057407],[-118.525029096872,34.4476770217087],[-118.525058628926,34.4475313662711],[-118.525066708319,34.4474923930932],[-118.525074531518,34.4474405777499],[-118.525077216988,34.4473884041915],[-118.52507474628,34.4473362240972],[-118.525074234238,34.4473316474147],[-118.525073828161,34.4473279979536],[-118.52507368867,34.447326758946],[-118.525051895483,34.4471315779779],[-118.52503534698,34.4469856387128],[-118.525028222237,34.4469228135907],[-118.525005704317,34.4467236347313],[-118.524976472912,34.4464695264096],[-118.524965919984,34.4463902513726],[-118.525029267368,34.4463798827821],[-118.52525726591,34.4463428832449],[-118.525468267496,34.4463088832739],[-118.525484472053,34.4463069243775],[-118.525486636725,34.4463143661933],[-118.525501957099,34.4463775064943],[-118.525547574694,34.4465098878209],[-118.52558297626,34.4466017893632],[-118.525682302742,34.4468352777746],[-118.525704210505,34.4468884194278],[-118.525710481964,34.4469039175976],[-118.525865267354,34.4468678832221],[-118.525972266281,34.4468348830231],[-118.526095266092,34.4467788827964],[-118.526194267273,34.446709882704],[-118.526297266663,34.4466348834989],[-118.526324267648,34.4466058829817],[-118.526373267384,34.446550882303],[-118.526471266868,34.44637688268],[-118.526518267919,34.4462028825118],[-118.526509267275,34.4459598829087],[-118.526586266793,34.4457088830972],[-118.52670726752,34.445530882494],[-118.526881266839,34.445361882455],[-118.527386266677,34.4450448821182],[-118.527715267498,34.4448128829639],[-118.527947266949,34.4446058826939],[-118.528124267977,34.444381882214],[-118.528300268148,34.444068882609],[-118.528308239206,34.4440333652558],[-118.528314988993,34.4440032903821],[-118.52833374619,34.4440095987905],[-118.528357340445,34.4439438678478],[-118.528375161013,34.4438768232633],[-118.528377205186,34.4438652431493],[-118.528384765773,34.4438221537758],[-118.528391054947,34.4437671705676],[-118.528395504923,34.4436843847923],[-118.528395310851,34.4436537992324],[-118.528394894677,34.4435882107089],[-118.528389307045,34.4434917003917],[-118.528373591773,34.4433677842161],[-118.528354837479,34.4432871315515],[-118.528342978312,34.4432473425233],[-118.528307572961,34.4431561296456],[-118.528282369625,34.4431043866524],[-118.528233712668,34.4430163092949],[-118.528168430886,34.4429204176549],[-118.52812329145,34.4428639526207],[-118.528039830043,34.4427784436966],[-118.527912661965,34.4426564242736],[-118.527886322651,34.442630726102],[-118.52779449257,34.4425332152127],[-118.527705966547,34.4424336605262],[-118.527669186816,34.4423877925788],[-118.527620648459,34.4423168914225],[-118.527575404167,34.4422432496786],[-118.527489782924,34.442079076341],[-118.527466239785,34.4420276586266],[-118.52744265316,34.4419693704918],[-118.527437793006,34.441956946819]]]},"properties":{"OBJECTID":10491,"Date":null,"Code":"1363002","DivisionName":"SAUGUS UNION ELEMENTARY TA2","division_type":"ELEMENTARY SCHOOL","group_type":"13","District":"SAUGUS UNION ELEMENTARY","Shape__Area":824821371.16308594,"Shape__Length":233121.97946214865,"GlobalID":"c72a38b3-3277-4cec-a37e-a98d78de09a6","CreationDate":1788987057416,"Creator":"RRCCgis_lacounty","EditDate":1788987057416,"Editor":"RRCCgis_lacounty"}},{"type":"Feature","id":10492,"geometry":{"type":"Polygon","coordinates":[[[-118.533512843815,34.4318671058506],[-118.533551647948,34.4318348260554],[-118.533615848917,34.4317717516341],[-118.533675000984,34.431712711228],[-118.533698175104,34.4316856821771],[-118.533720361081,34.4316598132393],[-118.53381576069,34.4315485702687],[-118.53400335117,34.431319059923],[-118.53412151874,34.4311652919598],[-118.534338516703,34.4308716037158],[-118.534501033334,34.4306516916937],[-118.534523950015,34.4306260032989],[-118.534689076395,34.430441087098],[-118.534955383863,34.4301266776171],[-118.535041276179,34.4300140809039],[-118.535154905087,34.4298577697539],[-118.535200402498,34.4297952196375],[-118.535218324463,34.4297700012079],[-118.535294170783,34.4296617020841],[-118.535422247629,34.4294657873107],[-118.535765350159,34.4289919094268],[-118.536024143125,34.4286557450755],[-118.53606029061,34.428608844252],[-118.536155022809,34.4284887528509],[-118.536176274561,34.4284618399943],[-118.536518997983,34.4280275336576],[-118.53683363376,34.4276199459754],[-118.536972846546,34.4274396453368],[-118.53712679373,34.4272347682981],[-118.537140350459,34.4272188006451],[-118.537206903156,34.4272600244253],[-118.537321810386,34.427337145968],[-118.537390066221,34.4273787452575],[-118.537589748443,34.4274891507542],[-118.537709467438,34.4275411590227],[-118.53782416381,34.4275856616061],[-118.538178106251,34.4277046417978],[-118.538527143321,34.427833287383],[-118.538907793545,34.4279792939737],[-118.539177023253,34.4280739193053],[-118.539399671033,34.4281450614855],[-118.539491040526,34.4281718067677],[-118.539650480716,34.4282119552493],[-118.539889158017,34.4282596420503],[-118.540278062379,34.428337296335],[-118.540347583865,34.4283457162652],[-118.540480510736,34.4283618124423],[-118.540586756377,34.4283809023804],[-118.540998555964,34.4284714831494],[-118.541109771719,34.4284905486619],[-118.541222629973,34.428506532502],[-118.54134003335,34.4285184047781],[-118.541346553701,34.4285190635535],[-118.541405938026,34.4285250678206],[-118.541479807809,34.4285325373095],[-118.541691107714,34.4285506614596],[-118.541776780507,34.4285580041355],[-118.541897866874,34.4285650163647],[-118.54211526376,34.4285675348757],[-118.54218171032,34.4285660010022],[-118.542708485128,34.428553808767],[-118.542891981475,34.4285427408211],[-118.543056388595,34.4285328245745],[-118.543682811611,34.4284734931475],[-118.544402364281,34.4284019304277],[-118.545016947037,34.4283541037805],[-118.545273640547,34.4283309400784],[-118.545397629675,34.4283181767674],[-118.545532068486,34.4283043322728],[-118.545823337254,34.42828430613],[-118.545860592045,34.4282817214729],[-118.545958391193,34.4282778455936],[-118.546018069222,34.4282755160744],[-118.546270110162,34.4282764422571],[-118.546446434883,34.4282828558944],[-118.546497326415,34.4282847064816],[-118.546652762177,34.4282862491562],[-118.546695802045,34.4282866763546],[-118.54683062968,34.4282880132656],[-118.547137972783,34.4283071545355],[-118.547129617232,34.4282866651111],[-118.547175508946,34.4282864581171],[-118.547475597784,34.4282816692837],[-118.547913369071,34.4282796927659],[-118.548342772753,34.4282777524926],[-118.548487035893,34.4282788069051],[-118.548878719491,34.4282892357899],[-118.549193572981,34.4283063040021],[-118.549504076497,34.4283319070283],[-118.549641496407,34.4283456865219],[-118.550029534682,34.4283966595456],[-118.550358040899,34.4284365808257],[-118.550526554862,34.4284554047904],[-118.550867856824,34.4284935636154],[-118.551013900755,34.4285126025344],[-118.551164953529,34.42853733427],[-118.551432258178,34.4285900602755],[-118.551687997428,34.4286486676354],[-118.552649836468,34.4289163276732],[-118.552995384357,34.4290157405145],[-118.553520593762,34.4292025905803],[-118.553806505098,34.4293094963439],[-118.554065762328,34.4294125555112],[-118.554147331383,34.4294449799721],[-118.554518151404,34.4296037051282],[-118.554749325184,34.4297073978749],[-118.55489379403,34.4297787844342],[-118.555250400933,34.4299592309224],[-118.555670886998,34.4301844462518],[-118.555862179981,34.430289941426],[-118.556031982543,34.4303903680907],[-118.556310248605,34.4305928209682],[-118.556497013399,34.4307199061093],[-118.556760995126,34.4308898752601],[-118.556808467913,34.4309207243704],[-118.556916550775,34.4309959574178],[-118.557166844083,34.4311857069691],[-118.557365458302,34.4313438700691],[-118.557557274897,34.4314885031541],[-118.557490596758,34.4315586481342],[-118.557427997382,34.4316251844108],[-118.557026715586,34.4320515771761],[-118.556944495148,34.4321546434516],[-118.556862377941,34.432273179586],[-118.556745866395,34.4324554301323],[-118.556672070465,34.4325790685123],[-118.556595056545,34.4327164898959],[-118.556523027129,34.4328559159206],[-118.556451088429,34.4330094442401],[-118.556347297779,34.4332395888319],[-118.556250657568,34.433443046578],[-118.556163617621,34.4336193924602],[-118.556126837354,34.4337386533105],[-118.556075647449,34.4338999386677],[-118.556032705977,34.4340747363075],[-118.556013717048,34.4341668559175],[-118.555997784797,34.4342291936406],[-118.555978745826,34.4343131761938],[-118.555961129653,34.4344153578755],[-118.555950854729,34.4345716522661],[-118.555938912763,34.4347872718673],[-118.555923712729,34.4350616983701],[-118.555869532013,34.4362011945034],[-118.555821041782,34.4371549909881],[-118.555807902571,34.4373899089232],[-118.555787370303,34.4377570198089],[-118.555786166799,34.4377785369086],[-118.55577462605,34.4379376651668],[-118.55575687522,34.4380958049355],[-118.555732965039,34.4382551827769],[-118.555703004213,34.4384125265099],[-118.555665326374,34.438571527444],[-118.555621135744,34.4387285522703],[-118.555570047809,34.4388859927178],[-118.555511854973,34.4390424225946],[-118.555447891281,34.4391988229662],[-118.555378620785,34.4393551105606],[-118.555136089542,34.4398808503784],[-118.555085874173,34.4399897009601],[-118.55462476716,34.4409730546458],[-118.554234696822,34.4418171208433],[-118.553837176888,34.4426692713345],[-118.553763319979,34.4428351685274],[-118.553706881848,34.4429695270432],[-118.553662119106,34.4428733155358],[-118.553632270666,34.4429398805983],[-118.55351354181,34.443309356515],[-118.553489272005,34.4433848817082],[-118.553478271974,34.4434178803626],[-118.553391452196,34.443885589898],[-118.553385272591,34.4439188811923],[-118.553347756864,34.4441694803374],[-118.553381475612,34.4442458688443],[-118.55341879846,34.4442474070231],[-118.553415259477,34.4443410522873],[-118.553402044587,34.4446907150707],[-118.553380380322,34.4456386979048],[-118.553370664558,34.4459136433475],[-118.553358624406,34.4460528522765],[-118.553340187116,34.446194288324],[-118.553315541073,34.446338302227],[-118.553289569794,34.4464628751155],[-118.553251809187,34.4466262200556],[-118.553212430284,34.4467695915997],[-118.553167442032,34.4469083178403],[-118.553069376056,34.4471749481287],[-118.553013343538,34.4473087247249],[-118.552888877454,34.4475717139662],[-118.552821675416,34.447697103881],[-118.552751522634,34.4478168789052],[-118.552637892424,34.4479935342348],[-118.552593121449,34.4480598000454],[-118.552503749239,34.448183010756],[-118.552407821846,34.4483078172116],[-118.55197189264,34.4488030434941],[-118.551321941,34.4495032783647],[-118.551190983939,34.4496443597586],[-118.551112232481,34.4497291977514],[-118.550733503056,34.4501372479337],[-118.549886399881,34.4510547356407],[-118.549657095982,34.4513079775657],[-118.549550416177,34.4514336517044],[-118.54944983204,34.4515626816105],[-118.549366045916,34.451679710759],[-118.549354692369,34.4516956652613],[-118.548851927608,34.4514295828197],[-118.548832996459,34.4514206566916],[-118.548813736121,34.4514118158922],[-118.548794403038,34.451403165643],[-118.548774905635,34.4513946820166],[-118.548755312615,34.451386386339],[-118.54873562496,34.4513782623781],[-118.548715831888,34.4513703255087],[-118.548695910598,34.4513625839478],[-118.548675894613,34.4513550050883],[-118.548654610124,34.4513471651065],[-118.548634394081,34.4513399441531],[-118.548614117298,34.4513329191044],[-118.548593704483,34.4513260596485],[-118.548573226534,34.4513193898062],[-118.548552680258,34.4513129204104],[-118.548532039416,34.451306633549],[-118.548511299597,34.4513005202265],[-118.548490465432,34.4512946227941],[-118.548469593191,34.4512888923144],[-118.548448625557,34.4512833840403],[-118.548427599122,34.4512780356001],[-118.548406462083,34.4512729130403],[-118.548385302172,34.4512679528568],[-118.548364041374,34.4512632067896],[-118.548342744734,34.4512586366802],[-118.548321394008,34.4512542813771],[-118.548299966164,34.4512501139383],[-118.548278512432,34.4512461467538],[-118.548256958764,34.4512423729458],[-118.548235404162,34.4512387875592],[-118.548213786801,34.4512354224272],[-118.548192105417,34.4512322505094],[-118.54817039372,34.4512292680473],[-118.54814864847,34.4512264786616],[-118.548126875139,34.4512238868353],[-118.548105061902,34.4512215151602],[-118.548083220529,34.451219332931],[-118.548061346691,34.4512173437731],[-118.548039445805,34.4512155440562],[-118.548017539849,34.4512139661361],[-118.547995606893,34.4512125848688],[-118.547973632896,34.4512114165456],[-118.54795166982,34.4512104194608],[-118.547929672262,34.4512096397981],[-118.547907705493,34.4512090736565],[-118.547885710646,34.4512087059756],[-118.547863686627,34.4512085358589],[-118.547825208641,34.4512087095848],[-118.547803185992,34.4512090785695],[-118.547781193121,34.4512096728],[-118.547759238514,34.4512104588809],[-118.547737255822,34.4512114425211],[-118.54771530264,34.451212610839],[-118.547693349828,34.4512140009292],[-118.547671437467,34.4512155846632],[-118.547649552677,34.4512173891451],[-118.547627675448,34.4512193504563],[-118.547605830177,34.4512215379048],[-118.547584015729,34.4512239442836],[-118.547562238319,34.4512265217833],[-118.547540496025,34.4512293091785],[-118.547518792047,34.4512322965379],[-118.547497118844,34.4512354956157],[-118.547475510967,34.4512388647851],[-118.547453945865,34.4512424501264],[-118.547432404896,34.4512462300868],[-118.547410937013,34.4512502017409],[-118.547389532433,34.4512543669359],[-118.547368165181,34.4512587474258],[-118.54734687303,34.451263295259],[-118.54732563675,34.4512680646143],[-118.5473044409,34.4512730249092],[-118.547283339712,34.4512781479515],[-118.547262313958,34.4512834888216],[-118.547241350447,34.4512890277453],[-118.54722045998,34.4512947520525],[-118.547199633732,34.4513006437521],[-118.547178905783,34.4513067549798],[-118.547158247636,34.4513130552117],[-118.547137690756,34.4513195298815],[-118.547117203809,34.4513262133888],[-118.547096815916,34.4513330659349],[-118.547076528308,34.451340109151],[-118.547059050662,34.4513463183958],[-118.54703893388,34.4513536880931],[-118.547018881316,34.4513612251833],[-118.546998960626,34.451368957309],[-118.546979141273,34.4513768746911],[-118.546961544945,34.4513840716388],[-118.546941727963,34.4513920196562],[-118.546921838979,34.4513997759678],[-118.546901820514,34.4514073714847],[-118.546881734353,34.4514147680638],[-118.546861516346,34.4514219750098],[-118.546841228525,34.4514289920427],[-118.546820806841,34.4514358437929],[-118.54680034691,34.4514425063894],[-118.546779756169,34.4514489712339],[-118.546759098867,34.4514552443476],[-118.54675159749,34.4514574472445],[-118.546738377199,34.4514613284253],[-118.546717553052,34.4514672200323],[-118.546696659281,34.4514729505744],[-118.546675694408,34.4514784605569],[-118.546654629208,34.4514837744529],[-118.54663353228,34.4514888973625],[-118.546612335245,34.4514938575413],[-118.546591104103,34.4514985960922],[-118.546569808602,34.4515031465081],[-118.546548436547,34.4515074745857],[-118.546526213292,34.4515117812503],[-118.546505531185,34.4515156067618],[-118.546483996466,34.4515193612821],[-118.546462427812,34.451522920318],[-118.546440786053,34.4515262849475],[-118.546419148491,34.4515294602317],[-118.546397441118,34.4515324456021],[-118.546375698534,34.4515352066448],[-118.546353888298,34.4515377750594],[-118.546332076853,34.4515401595622],[-118.546310226928,34.4515423188503],[-118.546288350711,34.4515442862255],[-118.546266465592,34.4515460580037],[-118.546244553129,34.4515476432829],[-118.546222598902,34.4515490006575],[-118.546200646746,34.4515501759086],[-118.54617866281,34.4515511520591],[-118.546156709003,34.4515519098984],[-118.546134715852,34.4515524767851],[-118.546112725806,34.4515528534298],[-118.546090701652,34.4515530075445],[-118.546068711033,34.4515529649695],[-118.546046717032,34.4515527384922],[-118.54602471827,34.4515522839438],[-118.546002720456,34.4515516418676],[-118.54598072573,34.4515508068448],[-118.54595875894,34.451549750816],[-118.545936821369,34.4515485035261],[-118.545914887993,34.4515470659892],[-118.545827970096,34.451540721627],[-118.545332318426,34.4515045627994],[-118.545329964384,34.4515043912687],[-118.545390270859,34.4510268812589],[-118.545329271445,34.4507928822369],[-118.545113270379,34.4503948815853],[-118.544921271523,34.4500818822807],[-118.544851271226,34.4500438822396],[-118.544762269893,34.4500378809461],[-118.544670269488,34.450050882106],[-118.544446382433,34.4500849786796],[-118.543928269804,34.4501638824279],[-118.54367726896,34.4501938817339],[-118.543492271624,34.4502308828346],[-118.543127629304,34.4504125973964],[-118.543125463549,34.4504099196115],[-118.543112095529,34.4503941547847],[-118.543098290896,34.4503786912205],[-118.543084058012,34.4503634756909],[-118.543069370956,34.4503485389639],[-118.543054275579,34.4503339024711],[-118.543038790262,34.4503195480992],[-118.543022879398,34.4503055228873],[-118.543006602654,34.4502917977192],[-118.542989927594,34.4502784051951],[-118.542972857329,34.450265321861],[-118.542955458373,34.450252567253],[-118.542937667818,34.4502401741075],[-118.542919574673,34.4502281068663],[-118.542901121664,34.4502164279916],[-118.542882339998,34.4502050832514],[-118.542863227806,34.4501941195336],[-118.542843821981,34.4501835204456],[-118.542824116093,34.450173301342],[-118.542804148285,34.4501634701658],[-118.542783889168,34.450154026147],[-118.542763397512,34.4501449699239],[-118.542742640818,34.4501363241803],[-118.542721621284,34.4501280925122],[-118.542700410729,34.4501202736969],[-118.54267896976,34.4501128345536],[-118.542657326034,34.4501058443766],[-118.542635490186,34.450099265254],[-118.542613458053,34.4500931260532],[-118.542591261015,34.4500873995878],[-118.542568936239,34.4500821109346],[-118.54254412015,34.45007645387],[-118.542521922051,34.4500707301014],[-118.542499993885,34.4500643433943],[-118.542478351239,34.4500573477715],[-118.54245703861,34.450049724102],[-118.542436018033,34.4500414914878],[-118.542415397249,34.450032650349],[-118.542395130572,34.4500232035947],[-118.542375298738,34.4500131824178],[-118.542355887541,34.4500025778669],[-118.542336944192,34.44999145374],[-118.542318491159,34.4499797504358],[-118.542300534376,34.4499675436567],[-118.542283102037,34.449954817951],[-118.542266231096,34.4499415659414],[-118.542249917771,34.4499278750942],[-118.542234201903,34.4499136803208],[-118.542219083026,34.4498990771864],[-118.542204618555,34.4498840248656],[-118.54219075541,34.4498685614602],[-118.54217928448,34.4498547939719],[-118.542041500046,34.4496877887629],[-118.542521307381,34.4494161563482],[-118.542528088377,34.4494111342236],[-118.542666188424,34.4493790097847],[-118.542702663588,34.4493720598852],[-118.543002623929,34.4495241322952],[-118.54321776949,34.4491019238317],[-118.543008751673,34.4490551320847],[-118.542576571278,34.4489583607268],[-118.542132568932,34.4488589180151],[-118.5419268315,34.4488128246704],[-118.541965574965,34.4487248618399],[-118.542050566081,34.4485365245243],[-118.542117446009,34.4483883215135],[-118.542120027137,34.4483826014543],[-118.542187642591,34.4482327435014],[-118.542254404752,34.448084245232],[-118.542269230798,34.4480512575762],[-118.542312196519,34.4479556884284],[-118.542321815672,34.4479343033687],[-118.542389009533,34.447784824022],[-118.542463391582,34.4476193841569],[-118.542508005582,34.4475201428208],[-118.542535628776,34.4474586805878],[-118.542551119909,34.4474242492663],[-118.542550842116,34.4472882465542],[-118.542550684279,34.447201721417],[-118.542550474479,34.4470945269899],[-118.542550305997,34.4470117126224],[-118.542037270309,34.446999881227],[-118.542044269297,34.4467058815277],[-118.542035269627,34.4461078813319],[-118.54169826984,34.4461208827471],[-118.541075268705,34.4462608818003],[-118.540975269795,34.4462828816244],[-118.540871269832,34.4462918828216],[-118.540601269596,34.4462518813982],[-118.540444270191,34.4461798827324],[-118.540272268984,34.4460728818082],[-118.540152176842,34.4459596516418],[-118.540181646307,34.445941044362],[-118.54005311797,34.445812462433],[-118.539934508429,34.4456800614974],[-118.53978407671,34.4455000611707],[-118.5397439887,34.4454559253967],[-118.539700590885,34.4454142231537],[-118.539603841705,34.4453315399422],[-118.539278396833,34.445522921617],[-118.539119811018,34.4456215124666],[-118.539053749005,34.4456640510684],[-118.539004237611,34.4456999998073],[-118.538921752648,34.4457687179766],[-118.53880308665,34.4458829467373],[-118.538626809894,34.4460650842169],[-118.538531222363,34.4461592835995],[-118.537802669621,34.4468553238926],[-118.537393927113,34.4472531679705],[-118.537130285929,34.4475181374061],[-118.536984893503,34.4476533892815],[-118.536935756569,34.4477084083993],[-118.536917907022,34.4477308617054],[-118.536894843546,34.4477666366365],[-118.536850882094,34.4478547173838],[-118.536817622908,34.4479480950701],[-118.53680333897,34.4480025398133],[-118.53678057416,34.4481108329493],[-118.536769659914,34.4482062078367],[-118.536766696394,34.4482755670885],[-118.536767943654,34.4484244871874],[-118.536768224803,34.4484681022501],[-118.536772154101,34.4485642643223],[-118.536799512153,34.4489484995882],[-118.536846543637,34.4498131979438],[-118.536892292307,34.4504759218358],[-118.536914370197,34.4508048233916],[-118.536443166135,34.4508281783329],[-118.536229538752,34.4508384787286],[-118.535778597509,34.4508679486128],[-118.535418836975,34.4508911761694],[-118.535170298295,34.450898337235],[-118.53515795715,34.4508160661335],[-118.535088002142,34.4502534151989],[-118.535000836325,34.4493356512387],[-118.53495969346,34.44886973324],[-118.534905351888,34.4481555201175],[-118.534898019756,34.4480470156412],[-118.534881021607,34.447800246457],[-118.534841323547,34.4472239136095],[-118.53481598763,34.4468946338243],[-118.534763320322,34.4461831646555],[-118.534731081082,34.4458116557581],[-118.534702790706,34.445538011006],[-118.534661831097,34.4450995744108],[-118.534614306695,34.4444138285004],[-118.534586309507,34.4441862292618],[-118.534511406282,34.4436263222094],[-118.534464700194,34.4433263209479],[-118.534437297766,34.443191105758],[-118.534395692142,34.4430185601065],[-118.534385977116,34.4429782600561],[-118.534132902998,34.4430079026561],[-118.533859070456,34.4430428334242],[-118.533739128541,34.4430577866021],[-118.533759480708,34.4431570499521],[-118.533781087632,34.443262427405],[-118.533796651218,34.4433269648113],[-118.533629436404,34.4433025186662],[-118.533099763656,34.4432267704927],[-118.532698234859,34.4432820384446],[-118.532348513832,34.4433300205378],[-118.532334015487,34.4433318511612],[-118.532001618968,34.4432474332939],[-118.531680541165,34.4431668884031],[-118.531365254366,34.4430890859201],[-118.531177661272,34.4430416454246],[-118.531046658803,34.4430085284853],[-118.530726402346,34.4429293613391],[-118.530332868239,34.4428303021385],[-118.530302928321,34.4428228790343],[-118.529135537,34.4425262074623],[-118.529341532309,34.4418221135689],[-118.529405796566,34.4416188775891],[-118.52919420762,34.4414425731214],[-118.528653506064,34.4415992904051],[-118.527839332888,34.4418499949302],[-118.527437793006,34.441956946819],[-118.52744265316,34.4419693704918],[-118.527466239785,34.4420276586266],[-118.527489782924,34.442079076341],[-118.527575404167,34.4422432496786],[-118.527620648459,34.4423168914225],[-118.527669186816,34.4423877925788],[-118.527705966547,34.4424336605262],[-118.52779449257,34.4425332152127],[-118.527886322651,34.442630726102],[-118.527912661965,34.4426564242736],[-118.528039830043,34.4427784436966],[-118.52812329145,34.4428639526207],[-118.528168430886,34.4429204176549],[-118.528233712668,34.4430163092949],[-118.528282369625,34.4431043866524],[-118.528307572961,34.4431561296456],[-118.528342978312,34.4432473425233],[-118.528354837479,34.4432871315515],[-118.528373591773,34.4433677842161],[-118.528389307045,34.4434917003917],[-118.528394894677,34.4435882107089],[-118.528395310851,34.4436537992324],[-118.528395504923,34.4436843847923],[-118.528391054947,34.4437671705676],[-118.528384765773,34.4438221537758],[-118.528377205186,34.4438652431493],[-118.528375161013,34.4438768232633],[-118.528357340445,34.4439438678478],[-118.52833374619,34.4440095987905],[-118.528314988993,34.4440032903821],[-118.528308239206,34.4440333652558],[-118.528300268148,34.444068882609],[-118.528124267977,34.444381882214],[-118.527947266949,34.4446058826939],[-118.527715267498,34.4448128829639],[-118.527386266677,34.4450448821182],[-118.526881266839,34.445361882455],[-118.52670726752,34.445530882494],[-118.526586266793,34.4457088830972],[-118.526509267275,34.4459598829087],[-118.526518267919,34.4462028825118],[-118.526471266868,34.44637688268],[-118.526373267384,34.446550882303],[-118.526324267648,34.4466058829817],[-118.526297266663,34.4466348834989],[-118.526194267273,34.446709882704],[-118.526095266092,34.4467788827964],[-118.525972266281,34.4468348830231],[-118.525865267354,34.4468678832221],[-118.525710481964,34.4469039175976],[-118.525704210505,34.4468884194278],[-118.525682302742,34.4468352777746],[-118.52558297626,34.4466017893632],[-118.525547574694,34.4465098878209],[-118.525501957099,34.4463775064943],[-118.525486636725,34.4463143661933],[-118.525484472053,34.4463069243775],[-118.525468267496,34.4463088832739],[-118.52525726591,34.4463428832449],[-118.525029267368,34.4463798827821],[-118.524965919984,34.4463902513726],[-118.524976472912,34.4464695264096],[-118.525005704317,34.4467236347313],[-118.525028222237,34.4469228135907],[-118.52503534698,34.4469856387128],[-118.525051895483,34.4471315779779],[-118.52507368867,34.447326758946],[-118.525073828161,34.4473279979536],[-118.525074234238,34.4473316474147],[-118.52507474628,34.4473362240972],[-118.525077216988,34.4473884041915],[-118.525074531518,34.4474405777499],[-118.525066708319,34.4474923930932],[-118.525058628926,34.4475313662711],[-118.525029096872,34.4476770217087],[-118.525000393208,34.4478172057407],[-118.524978147591,34.4479291464702],[-118.524974994797,34.4479450100045],[-118.524950381144,34.4480659411668],[-118.524914852389,34.448239046317],[-118.52487655925,34.4484314815113],[-118.524779811337,34.448901514235],[-118.524757378979,34.449010509503],[-118.524440555636,34.4489141095843],[-118.524344578929,34.4493893999578],[-118.524333877114,34.4494404334308],[-118.524294471953,34.4496356211011],[-118.524250161692,34.4498527579889],[-118.524239478339,34.4499050138532],[-118.524090939488,34.449836546536],[-118.523754699941,34.4502396566327],[-118.523453684397,34.4499198648187],[-118.523360186918,34.4500324641804],[-118.523267352971,34.4501452255875],[-118.523173027114,34.4502580483478],[-118.523076090997,34.450372558239],[-118.523501268938,34.4506137207861],[-118.523387409769,34.4507484730774],[-118.523129380562,34.4510563321982],[-118.52281361985,34.4508342350255],[-118.522705101747,34.4509376109704],[-118.52259758673,34.4510421914547],[-118.522490071442,34.4511467718429],[-118.522382522147,34.4512513522802],[-118.522275005231,34.4513559324809],[-118.522166625955,34.4514604883478],[-118.522059075849,34.4515650684961],[-118.521951492825,34.4516696486886],[-118.521847105133,34.4517708081413],[-118.521764641066,34.4518455475109],[-118.521873266904,34.4518808839339],[-118.522023191933,34.4518938080369],[-118.522254267133,34.4519138843839],[-118.522574266556,34.4518618845921],[-118.522750267104,34.4517878839859],[-118.522992266303,34.451649882692],[-118.523230847755,34.4514914975162],[-118.523484988922,34.4513499133619],[-118.52363726689,34.4512888832127],[-118.523883127003,34.4512554162917],[-118.523992608927,34.4512405126859],[-118.524087995043,34.4512338954703],[-118.524165731178,34.4512240115329],[-118.524308693186,34.4512261652016],[-118.524288953182,34.4513247972994],[-118.52421222331,34.4517031821431],[-118.524200478346,34.451761103321],[-118.524184071171,34.4518422095815],[-118.524145591624,34.452031842413],[-118.524141207001,34.4520664505482],[-118.524139879953,34.4520994100913],[-118.524142581084,34.452191205344],[-118.524147030284,34.4523395715814],[-118.524149529708,34.4524231799626],[-118.524150643811,34.4524604707528],[-118.524238716284,34.455223852032],[-118.524265359498,34.4560598049952],[-118.524265310416,34.4560625539868],[-118.524321674978,34.4576327803792],[-118.524334059773,34.458028046218],[-118.524382500526,34.4595739795894],[-118.524384821178,34.4596521154787],[-118.524385152501,34.4596632461958],[-118.524383812951,34.4597401925492],[-118.52438536982,34.4598553541557],[-118.524239566231,34.4597798846754],[-118.524118868408,34.459717410397],[-118.524050591555,34.4596796001025],[-118.524046859444,34.4596775336745],[-118.523948019124,34.4596227991712],[-118.523844708561,34.4595695786287],[-118.523734877048,34.4595130044861],[-118.52365221856,34.4594731599682],[-118.523642506621,34.4594684778351],[-118.523624398359,34.4594597624039],[-118.523512110963,34.4594086114706],[-118.523396791881,34.4593603070327],[-118.523279105797,34.4593151437216],[-118.52315872016,34.4592738955794],[-118.522916122851,34.4592017888778],[-118.52279513784,34.4591702461747],[-118.522674836221,34.4591426563413],[-118.522555165114,34.4591197877148],[-118.522431298988,34.459099461327],[-118.522320456002,34.4590831762343],[-118.522204792413,34.4590698246426],[-118.521978512771,34.4590494498267],[-118.521866801469,34.4590422059383],[-118.521645007978,34.459033404942],[-118.521535251412,34.4590311856128],[-118.521426839748,34.4590309924643],[-118.521217102739,34.4590356032983],[-118.520933632422,34.4590523178733],[-118.520661038853,34.4590736271203],[-118.520505435374,34.4590933377489],[-118.520375352069,34.4591129414506],[-118.520279290746,34.4591314345115],[-118.520234576385,34.4591400627684],[-118.520207056592,34.4591453735802],[-118.520152343615,34.4591554880245],[-118.51989083611,34.4592038292114],[-118.519676704387,34.4592533787643],[-118.519378468428,34.4593286571031],[-118.519075223883,34.4594145392416],[-118.518901613572,34.4594820547615],[-118.518746084861,34.4595459208605],[-118.518640183132,34.4595869019864],[-118.518504467498,34.4596355670691],[-118.518319041297,34.4596916773411],[-118.518208081738,34.4597199599435],[-118.518095446493,34.4597455314723],[-118.517899941213,34.4597824183448],[-118.517702724917,34.4598100507396],[-118.517522022943,34.4598262927238],[-118.517372765558,34.4598317352332],[-118.517273250041,34.4598324921294],[-118.516908296769,34.4598278617839],[-118.516778910724,34.4598277258705],[-118.516591471396,34.4598271499925],[-118.516313577886,34.4598228134543],[-118.515887349737,34.4598161598442],[-118.515427977349,34.4598089873968],[-118.515363877817,34.4598079983862],[-118.514983973253,34.4597986160642],[-118.514768285996,34.459790928742],[-118.514073074938,34.4597595291238],[-118.513840796823,34.4597508989133],[-118.513509004406,34.4597437288657],[-118.513193844331,34.4597440153843],[-118.512928474044,34.4597482458163],[-118.511750969571,34.4597813828382],[-118.511389621127,34.4597748779611],[-118.509438842114,34.4597397796088],[-118.509412871781,34.4598609673308],[-118.509243265836,34.4598978856794],[-118.508841265214,34.4600568851002],[-118.508651787334,34.4601513379858],[-118.508497092427,34.4602503769811],[-118.508270006962,34.4604112090059],[-118.508257546632,34.4604185050169],[-118.508033480811,34.4605716978723],[-118.507026193276,34.4612603603388],[-118.506922054566,34.4613315567643],[-118.506900834689,34.4613439269942],[-118.506887207291,34.4613517578395],[-118.50687353055,34.4613595293881],[-118.506859804465,34.4613672416401],[-118.506846027944,34.4613748936984],[-118.506832205345,34.4613824864464],[-118.506818333397,34.4613900189961],[-118.506804415361,34.4613974904323],[-118.506790449065,34.4614049016658],[-118.506776436685,34.4614122526873],[-118.506762377123,34.4614195416984],[-118.506748271472,34.461426769596],[-118.506734120821,34.4614339363756],[-118.50671992517,34.4614410420371],[-118.506705684508,34.4614480847776],[-118.506691398845,34.4614550664],[-118.50667706926,34.4614619850966],[-118.506662696846,34.4614688417646],[-118.506648279421,34.4614756355115],[-118.506633821344,34.4614823672204],[-118.506619319338,34.4614890351022],[-118.506604775587,34.4614956400492],[-118.506590190091,34.4615021820612],[-118.506575563936,34.4615086611339],[-118.506560897114,34.4615150754642],[-118.506546188546,34.4615214268595],[-118.506531441486,34.4615277135033],[-118.506516653758,34.4615339354046],[-118.506501826456,34.4615400934604],[-118.506486960668,34.4615461876661],[-118.506472057477,34.4615522171157],[-118.506457114701,34.4615581809166],[-118.506442134523,34.4615640799614],[-118.506427119112,34.4615699133394],[-118.50641206521,34.4615756819657],[-118.506396974989,34.4615813849298],[-118.506381848448,34.4615870222315],[-118.506366687763,34.4615925938619],[-118.506351491842,34.4615980989239],[-118.506336260695,34.4616035392206],[-118.506320995394,34.4616089120427],[-118.506305695945,34.461614218292],[-118.506290363436,34.4616194579638],[-118.506274997867,34.461624631058],[-118.506259599239,34.4616297375747],[-118.506244168633,34.4616347766079],[-118.506228706056,34.4616397490589],[-118.506213213679,34.4616446540173],[-118.506197689325,34.461649491492],[-118.506182134083,34.4616542614785],[-118.506166549041,34.4616589639723],[-118.506150935282,34.4616635980673],[-118.506135291723,34.4616681646696],[-118.506119619447,34.461672662873],[-118.50610391846,34.4616770935792],[-118.506088190927,34.4616814549759],[-118.506072435772,34.4616857488708],[-118.506056651894,34.4616899734652],[-118.506040843653,34.4616941296427],[-118.506025007779,34.4616982165152],[-118.506009146458,34.4617022358768],[-118.505993260764,34.4617061850182],[-118.505977348525,34.4617100648502],[-118.505961413011,34.4617138762606],[-118.505945454217,34.4617176183478],[-118.505929471049,34.461721290215],[-118.505913464601,34.461724892759],[-118.505897435962,34.4617284259752],[-118.505881385132,34.4617318898638],[-118.505865313193,34.4617352835186],[-118.505849219063,34.4617386078457],[-118.50583310382,34.4617418610376],[-118.50581696965,34.461745044888],[-118.505800814372,34.4617481585047],[-118.505784640157,34.461751200977],[-118.505768445928,34.4617541741125],[-118.50575223385,34.461757076099],[-118.50573600393,34.4617599078381],[-118.505719755079,34.4617626693343],[-118.505703490556,34.4617653596725],[-118.505687208184,34.4617679788617],[-118.505670909064,34.4617705287004],[-118.505654594268,34.4617730064796],[-118.505638264888,34.4617754130962],[-118.505621919843,34.4617777494562],[-118.505605560209,34.4617800137521],[-118.505589186004,34.4617822086885],[-118.505572799382,34.4617843306501],[-118.505556398177,34.4617863814491],[-118.505539984572,34.4617883619779],[-118.505523559644,34.461790270429],[-118.505507121216,34.4617921068115],[-118.505490672565,34.4617938729147],[-118.505474212592,34.46179556694],[-118.505457742389,34.4617971897847],[-118.505441261953,34.461798740547],[-118.505424772371,34.4618002192225],[-118.50540827256,34.4618016267172],[-118.505391764697,34.461802963022],[-118.505375247689,34.46180422724],[-118.505358723712,34.461805419362],[-118.505342192766,34.4618065393882],[-118.505325654852,34.4618075873185],[-118.505309109974,34.4618085640543],[-118.505292559217,34.4618094686897],[-118.505276002579,34.4618103012245],[-118.505259442238,34.46181106165],[-118.505242877111,34.4618117508719],[-118.505226306098,34.4618123670918],[-118.505209732471,34.4618129111977],[-118.505193156235,34.461813384091],[-118.505176576295,34.4618137848748],[-118.505159994824,34.4618141126384],[-118.505143410738,34.4618143682881],[-118.50512682622,34.4618145527161],[-118.505110240176,34.4618146650255],[-118.505093652601,34.4618147043147],[-118.50507706677,34.4618146723734],[-118.505060480502,34.4618145683088],[-118.505043895968,34.4618143912106],[-118.50502731209,34.4618141428863],[-118.505010729947,34.4618138215282],[-118.504994149553,34.461813429841],[-118.504977573065,34.4618129642095],[-118.504960999411,34.4618124273428],[-118.504944428584,34.4618118183394],[-118.504927862768,34.4618111380918],[-118.504911300863,34.4618103848013],[-118.504894745052,34.4618095593607],[-118.504878193162,34.4618086626803],[-118.504861648455,34.4618076938451],[-118.504845108752,34.461806652864],[-118.50482857732,34.4618055397237],[-118.504812051987,34.4618043553346],[-118.50479553493,34.4618030996878],[-118.504779026138,34.46180177098],[-118.504762526711,34.4618003710099],[-118.504746034466,34.461798898885],[-118.504729553762,34.4617973554887],[-118.504713082422,34.4617957408301],[-118.504696620442,34.4617940540077],[-118.504680170009,34.4617922968154],[-118.504663732195,34.4617904665441],[-118.504647303745,34.4617885650106],[-118.504630890108,34.4617865930937],[-118.504614488007,34.4617845490038],[-118.504598099624,34.4617824336336],[-118.504581723877,34.461780247889],[-118.504565362932,34.461777989958],[-118.50454901571,34.4617756616481],[-118.504532684385,34.4617732620487],[-118.504516368954,34.46177079116],[-118.504500068337,34.4617682498879],[-118.504483784708,34.4617656382233],[-118.504467518064,34.4617629552648],[-118.504451267316,34.461760201017],[-118.504435034646,34.4617573763721],[-118.504418821147,34.4617544822274],[-118.504402625721,34.4617515167842],[-118.504386449462,34.4617484809396],[-118.504370292369,34.4617453746936],[-118.504354154449,34.4617421989476],[-118.504338037872,34.4617389527913],[-118.50432194155,34.461735636229],[-118.50430586766,34.4617322492517],[-118.504289814036,34.4617287936716],[-118.504273783932,34.4617252676719],[-118.504257774089,34.4617216721679],[-118.50424178995,34.4617180071369],[-118.504225828247,34.4617142725925],[-118.504209888983,34.4617104685347],[-118.504193975426,34.4617065958515],[-118.504178086485,34.4617026536459],[-118.504162223246,34.4616986419133],[-118.504146384633,34.4616945624613],[-118.504130572811,34.4616904134779],[-118.504114786693,34.4616861949676],[-118.50409902847,34.4616819096259],[-118.50408329704,34.4616775547528],[-118.5040675935,34.4616731321468],[-118.504051918929,34.4616686400003],[-118.504036272254,34.4616640810225],[-118.504020655647,34.4616594543028],[-118.50400506692,34.4616547580472],[-118.503989509361,34.4616499958483],[-118.503973981864,34.4616451650059],[-118.503958485529,34.4616402673188],[-118.503943020356,34.4616353027867],[-118.503927586339,34.4616302705083],[-118.503912184567,34.461625170479],[-118.50389681614,34.4616200044974],[-118.503881478874,34.461614771671],[-118.50386617713,34.4616094728832],[-118.50385090763,34.4616041063447],[-118.503835672564,34.4615986738492],[-118.503820473019,34.4615931753925],[-118.503804487557,34.4615873060602],[-118.503790179403,34.4615819805997],[-118.503775085334,34.4615762842636],[-118.503760027879,34.4615705228632],[-118.503745007034,34.4615646954971],[-118.503730023898,34.4615588039637],[-118.503715077373,34.4615528464645],[-118.503700169639,34.4615468238921],[-118.503685299614,34.4615407371525],[-118.503670469471,34.4615345853352],[-118.503655678124,34.4615283693461],[-118.503640925581,34.4615220900869],[-118.503626212919,34.46151574575],[-118.50331150473,34.4613779763201],[-118.502871782838,34.4611854791034],[-118.502589704027,34.4610619736899],[-118.502213325631,34.4609056039446],[-118.502033761464,34.4608352393684],[-118.501865868803,34.460774447425],[-118.501666393637,34.4607058991982],[-118.501463649321,34.460643880437],[-118.501354008082,34.4606147856911],[-118.501242713841,34.4605888034566],[-118.501031805874,34.4605477648241],[-118.500885683491,34.4605243295399],[-118.5008109827,34.4605139817167],[-118.500754532381,34.4605063145283],[-118.50060681231,34.4604897515799],[-118.500490637074,34.4604802742319],[-118.500308114509,34.4604707214282],[-118.500177069955,34.4604702266556],[-118.500142222774,34.4604672807228],[-118.50002348932,34.4604675040536],[-118.499992932144,34.4604675461138],[-118.49986025498,34.4604704979771],[-118.499727594178,34.4604765400842],[-118.4996115242,34.4604845827627],[-118.499512058177,34.460493912893],[-118.499381113495,34.4605102547883],[-118.499266756573,34.4605279103496],[-118.499137510405,34.4605514455405],[-118.498991726949,34.4605819281943],[-118.498895666151,34.4606046550265],[-118.498738328052,34.4606478964961],[-118.49839558356,34.460750279947],[-118.497860746512,34.4609087714273],[-118.497745115932,34.4609456541694],[-118.497726447987,34.460951607831],[-118.497582613314,34.4609974916027],[-118.497430330166,34.4610537702533],[-118.497117589719,34.4611797311017],[-118.497041439577,34.4612064849868],[-118.496948725261,34.4612357281733],[-118.496791391015,34.4612772460649],[-118.496630695581,34.4613129328675],[-118.496372236157,34.4613634502147],[-118.496143564477,34.4614038896005],[-118.495931421142,34.4614356748092],[-118.495734157765,34.4614574288082],[-118.495518628634,34.4614765155078],[-118.495402575278,34.4614845405618],[-118.495220146067,34.4614911297825],[-118.495054240257,34.4614883673373],[-118.494807000911,34.4614725530573],[-118.494757202804,34.4614675966164],[-118.494559693162,34.4614481388286],[-118.494345544841,34.461421183735],[-118.494116430773,34.461387087754],[-118.493986923105,34.4613642625827],[-118.493873976611,34.461341355452],[-118.493777649829,34.4613194299789],[-118.493634774685,34.4612829113446],[-118.493525105748,34.4612517550535],[-118.493402142799,34.4612134359425],[-118.493204325943,34.4611417766352],[-118.492981497021,34.4610485574813],[-118.492662145358,34.4609028449802],[-118.492432573136,34.4607911103675],[-118.49223787182,34.4606864488527],[-118.492209130324,34.4606690450375],[-118.492209678981,34.4607077230868],[-118.492208262346,34.4607068858992],[-118.492098262981,34.4606418870144],[-118.492008262307,34.4605858871918],[-118.491995262795,34.460577885599],[-118.49189326273,34.4605108860515],[-118.491796262734,34.4604408874905],[-118.491754362131,34.4604085092414],[-118.491708263954,34.4603728862395],[-118.491614334706,34.460289616245],[-118.491567263468,34.4602478856392],[-118.491513263153,34.4601898869688],[-118.491475715585,34.4601459297334],[-118.49149314863,34.4601333710937],[-118.491574080674,34.4600743075059],[-118.491695323754,34.4599641123685],[-118.491751978644,34.4599037956248],[-118.49179309479,34.4598478196013],[-118.491828892324,34.4597661353653],[-118.491846219038,34.4596386875324],[-118.492024566669,34.4596380790497],[-118.492212138284,34.4596372372597],[-118.492212154627,34.4596182770508],[-118.492654421226,34.4595973031802],[-118.492682604451,34.4595954551139],[-118.492820229839,34.4595863209056],[-118.492986020051,34.4595722381064],[-118.493282756461,34.4595428665784],[-118.493511490554,34.4595137735959],[-118.493624159602,34.4594927062986],[-118.49381464377,34.4594465887096],[-118.493882569488,34.4594332571818],[-118.494008442946,34.4594004591287],[-118.494102772052,34.4593643509379],[-118.494312958235,34.4592838093367],[-118.494488308213,34.4592037627264],[-118.494630536151,34.4591324262545],[-118.494671864273,34.4591095860365],[-118.494751189295,34.4590601345027],[-118.494828840474,34.4590076055965],[-118.494941149143,34.4589260853264],[-118.495055155379,34.4588366741171],[-118.49513543824,34.4589015166143],[-118.495281650754,34.4590263061059],[-118.495328628561,34.4590157268971],[-118.495386505864,34.4590017143127],[-118.495428944212,34.4589926474366],[-118.49547123793,34.4589863470402],[-118.495513296168,34.4589739478163],[-118.495555041617,34.4589538002749],[-118.495762998818,34.4588789773671],[-118.495858898829,34.4588380354787],[-118.495988833144,34.4587755601266],[-118.496118497747,34.4587043850387],[-118.496233909827,34.4586327055368],[-118.496370702427,34.4585360588557],[-118.496454960366,34.4584684832322],[-118.496453613898,34.4584673672332],[-118.496518295449,34.458413778705],[-118.496548266144,34.4583938160287],[-118.496634645059,34.4583092683477],[-118.496662215584,34.4582763180588],[-118.496689206607,34.4582463929769],[-118.496724245061,34.4582086033281],[-118.496786570424,34.4581337652396],[-118.496845283823,34.4580560948642],[-118.496885686956,34.4579966292718],[-118.496935648464,34.457916957221],[-118.49694628798,34.4578041687821],[-118.497028874666,34.45764024911],[-118.497135588337,34.4574723287025],[-118.497152384868,34.4574120987594],[-118.497151250658,34.4574118969549],[-118.497166734232,34.4573521556105],[-118.497180018834,34.4572852353466],[-118.497195223658,34.4571811910796],[-118.497203858718,34.4570776461318],[-118.497204367886,34.4569128527372],[-118.497202586937,34.4568812603833],[-118.497200241294,34.4568496964876],[-118.497192451937,34.4567616864428],[-118.497178885258,34.4565954397453],[-118.497161105796,34.4563843932691],[-118.497135594737,34.4560789338068],[-118.497129626423,34.4559951282579],[-118.497127931788,34.4559566568463],[-118.497124211555,34.4558780556551],[-118.497122617348,34.4558055455301],[-118.497121954337,34.4557834552644],[-118.497122308029,34.4556425423134],[-118.497124998117,34.4555486086219],[-118.49712928311,34.4554607690736],[-118.497135080744,34.4553760011632],[-118.497135266123,34.4553736915762],[-118.497142594068,34.4552898513843],[-118.497151334417,34.4552092482213],[-118.497151515037,34.455206141698],[-118.497161233791,34.4551280894715],[-118.497172345155,34.4550501424265],[-118.497185747137,34.4549668534234],[-118.497200677166,34.4548837519869],[-118.497217392687,34.4547998453747],[-118.497232715742,34.4547297162933],[-118.49723566829,34.4547162073345],[-118.49723887977,34.4547026828899],[-118.497254211155,34.4546381459844],[-118.497274082516,34.4545605750303],[-118.497296615124,34.4544786784259],[-118.497320673316,34.4543971082301],[-118.497345742408,34.4543173396576],[-118.497372383735,34.4542376917512],[-118.497401536437,34.4541554163916],[-118.497432280408,34.4540735347821],[-118.497465760597,34.4539891365845],[-118.497500916212,34.4539051939946],[-118.497574846725,34.4537416294167],[-118.497617508384,34.4536538677669],[-118.497661912895,34.4535667399439],[-118.497708042941,34.4534802631457],[-118.497773928828,34.4533633010624],[-118.497824357674,34.4532784852392],[-118.497869085649,34.4532065729979],[-118.49787664648,34.4531944163464],[-118.497927443593,34.453116255893],[-118.497930764904,34.4531111170444],[-118.498017972365,34.4529839223684],[-118.498076567248,34.4529027024957],[-118.498136923615,34.4528223264105],[-118.498345926228,34.4525908937425],[-118.498551216096,34.4523635698254],[-118.49856193196,34.4523525342965],[-118.498578943818,34.4523351531448],[-118.49864410324,34.4522689742544],[-118.498669592999,34.452243592297],[-118.498686716875,34.4522267506884],[-118.498695270706,34.4522183393826],[-118.498703905202,34.4522099502831],[-118.498721133105,34.4521932173276],[-118.498856699896,34.4520664191763],[-118.498989759575,34.4519493740577],[-118.499096014407,34.4518607472113],[-118.499374480392,34.4516465050394],[-118.499515268712,34.4515472066794],[-118.499517299989,34.4515458388041],[-118.499606096187,34.4514860377998],[-118.499688963918,34.4514321625851],[-118.499775131709,34.45137799695],[-118.499846840218,34.4513361606947],[-118.499845801168,34.4513349379871],[-118.499921819923,34.4512912150515],[-118.499921106325,34.4512903633373],[-118.500012851349,34.4512378270653],[-118.500067337947,34.4512075201412],[-118.500094316388,34.4511927554212],[-118.50012138147,34.4511781030297],[-118.500131681846,34.4511726035895],[-118.50016401059,34.451155342992],[-118.500213579995,34.451129359292],[-118.500535162021,34.4509728331904],[-118.500538055043,34.4509716204131],[-118.501044880223,34.4507590601215],[-118.501048385506,34.4507572326622],[-118.501098934211,34.45073998673],[-118.501152686184,34.4507202825862],[-118.501228407826,34.45069448255],[-118.501343700165,34.4506564573523],[-118.501436999932,34.4506272461751],[-118.501531306252,34.4505996526253],[-118.501536272438,34.4505982581605],[-118.501538751932,34.4505968730724],[-118.501724487307,34.4505433735895],[-118.501912474606,34.4504892325306],[-118.502099733256,34.4504353962085],[-118.502287618032,34.4503811179571],[-118.502476100932,34.4503268080876],[-118.502664053517,34.4502726660032],[-118.502854753255,34.4502177152855],[-118.503042705178,34.4501635446674],[-118.503091283532,34.450149576836],[-118.503230791286,34.4501096481683],[-118.503271188201,34.4500977201089],[-118.503418072572,34.4500544357709],[-118.503606393648,34.4500011426418],[-118.503708813699,34.4499713590499],[-118.503788899647,34.4499472873658],[-118.503975703559,34.4498888422827],[-118.504175879731,34.4498186655775],[-118.504364505396,34.449750784979],[-118.504547677854,34.4496783127087],[-118.504732183524,34.4496023132214],[-118.50491221209,34.4495226123511],[-118.505003625811,34.4494821406935],[-118.50509325671,34.4494389555573],[-118.505115649405,34.4494284198688],[-118.505137767505,34.4494174688104],[-118.505268175521,34.4493530431182],[-118.505436883451,34.4492659193916],[-118.505603598333,34.4491739453645],[-118.505778039669,34.4490699809473],[-118.505788498207,34.4490637492197],[-118.505897202205,34.4489950967688],[-118.505943897062,34.4489656067118],[-118.50610452869,34.4488650783532],[-118.506263374721,34.4487657292245],[-118.506334749214,34.4487205133498],[-118.506436628474,34.4486571619644],[-118.506620551115,34.4485416153053],[-118.506689735534,34.4484963831206],[-118.506774479999,34.4484409770026],[-118.507091633683,34.4482413098619],[-118.508563214419,34.447313177557],[-118.508641266097,34.4476210742622],[-118.508684371276,34.4477911114084],[-118.508793828866,34.4482238614912],[-118.508813963242,34.4483035448423],[-118.508928875351,34.4482913014929],[-118.509026636898,34.4482761116474],[-118.509107799807,34.4482603179231],[-118.509185615624,34.4482380101782],[-118.509245169176,34.4482133719334],[-118.509288164576,34.4481915447272],[-118.509341037044,34.4481590478526],[-118.509379020078,34.4481320965965],[-118.509471408648,34.4480527009149],[-118.509514277873,34.448010275894],[-118.509568087152,34.4479491512601],[-118.509711922415,34.4477863276735],[-118.509683279341,34.4476643315175],[-118.509574610334,34.4472300183349],[-118.509534650791,34.4470708227599],[-118.509454288206,34.4467506601101],[-118.509819504168,34.4465205852385],[-118.510225407925,34.4462618424519],[-118.510227787279,34.4462603205725],[-118.510588114892,34.4460360887341],[-118.510606171443,34.4460248256023],[-118.510674694014,34.4459813167377],[-118.510685729972,34.4459744276389],[-118.510726535509,34.4459485359957],[-118.511041653754,34.4457501029868],[-118.511229327776,34.4456315376628],[-118.51129411851,34.4455902114582],[-118.51129766341,34.4458650131996],[-118.511998256894,34.4454211325649],[-118.51199951322,34.4454203312081],[-118.51233869621,34.44520923577],[-118.512558848009,34.4450824742078],[-118.512753825383,34.4449702080334],[-118.512957293947,34.4448530517798],[-118.513032482394,34.4448101624942],[-118.51302870995,34.4447886786383],[-118.513024888118,34.4447600611446],[-118.512995678951,34.4445425522885],[-118.512988291312,34.4444751117404],[-118.513163300182,34.444362315375],[-118.513199296085,34.4443420156208],[-118.513199923976,34.4443416613664],[-118.51337134524,34.444249998331],[-118.513375107838,34.4442479864121],[-118.513537084093,34.4441166099145],[-118.513605390762,34.4440585341872],[-118.51367395181,34.443999549498],[-118.513744451162,34.4439376157545],[-118.513813488719,34.4438754681854],[-118.513871901831,34.4438221050562],[-118.513929122588,34.4437691580489],[-118.513985642433,34.4437154999676],[-118.514039841907,34.4436621537046],[-118.514093968482,34.4436077628465],[-118.514147164335,34.4435531568347],[-118.514250724135,34.4434425025665],[-118.514354406395,34.4433284633256],[-118.514453008307,34.443214365299],[-118.514548613664,34.4430986039445],[-118.5146417501,34.4429806270947],[-118.514731892162,34.4428609860194],[-118.514817863424,34.4427408964788],[-118.514896669569,34.4426204171677],[-118.514971142186,34.4425057224164],[-118.515101415454,34.4422958148876],[-118.515232775449,34.4420641449453],[-118.515277593593,34.4419776668643],[-118.515282100364,34.4419689731512],[-118.515435292022,34.4416665443128],[-118.515571389566,34.4413950519746],[-118.515691280705,34.4411596780557],[-118.515771601027,34.441009158867],[-118.515813980739,34.4409297382448],[-118.515871963193,34.4408182846234],[-118.51592563516,34.4407140138048],[-118.516223515958,34.4401352871304],[-118.51615350719,34.4400682132462],[-118.516174053412,34.4399693193502],[-118.516212880236,34.43985211682],[-118.516336144809,34.4396830592433],[-118.516648906929,34.4390918602872],[-118.516738643714,34.4389838041159],[-118.517306304101,34.4384945098021],[-118.517497041731,34.4381662730466],[-118.517393645943,34.4380632051249],[-118.517336944908,34.4380066754197],[-118.517277573137,34.4379484811206],[-118.517293131159,34.437937264592],[-118.517415166094,34.4378432648632],[-118.517448272724,34.4378177571552],[-118.517513554444,34.4377618314143],[-118.51753569743,34.4377428615055],[-118.517628042065,34.4376596714076],[-118.517888501524,34.4374095484768],[-118.518084694671,34.4372249345611],[-118.5182233099,34.4371164864105],[-118.518484136798,34.4369257673064],[-118.518626016379,34.4368080486704],[-118.518721720377,34.4367320700754],[-118.518830673032,34.4366522473938],[-118.518946252049,34.4365724215117],[-118.519073453406,34.436493892686],[-118.51922715099,34.4364104685823],[-118.519380921119,34.4363376793899],[-118.519531422586,34.4362738301051],[-118.519806053116,34.4361702978495],[-118.520117042555,34.4360476975773],[-118.520289048443,34.4359748308469],[-118.520451114392,34.4359037320532],[-118.52085455309,34.4357151446962],[-118.520983745898,34.4356588903671],[-118.521160495949,34.4355819342889],[-118.521322608738,34.4355180364923],[-118.521507895325,34.4354485440007],[-118.521873568326,34.4353205680654],[-118.522035690784,34.4352587274754],[-118.522181218011,34.4351948989907],[-118.522432487691,34.435069803701],[-118.522715224946,34.4349384202245],[-118.522845922109,34.434889413881],[-118.523123954249,34.4348013279638],[-118.52322155812,34.4347648275753],[-118.52331418748,34.4347266437613],[-118.523423283202,34.434672256745],[-118.523591090099,34.4346343812173],[-118.523600949302,34.434631622337],[-118.523677962472,34.4346147737813],[-118.523742737775,34.4346001507124],[-118.524213150402,34.4344939978302],[-118.524357342401,34.434482466095],[-118.524412479844,34.4344859096387],[-118.52457640523,34.4344581323034],[-118.524794627713,34.4344104519631],[-118.525147646589,34.4343383863438],[-118.525448873011,34.434284896605],[-118.525724236461,34.434241746126],[-118.52662493275,34.4341118210434],[-118.527020864968,34.4340509644952],[-118.527127347553,34.4340341245551],[-118.528133967809,34.4338725978984],[-118.528215360735,34.4338603306324],[-118.528761936014,34.4337779427176],[-118.529383172974,34.4336890906986],[-118.529747593423,34.4336278146022],[-118.529943250064,34.4335890892222],[-118.530152259368,34.4335433606387],[-118.530464721655,34.4334679939331],[-118.530695386607,34.4334177152244],[-118.530814588856,34.4333869669923],[-118.530947997532,34.433348817058],[-118.53109063037,34.4333063451979],[-118.531219963591,34.4332640404934],[-118.531323502056,34.4332275625661],[-118.53142459635,34.4331876297503],[-118.531467788257,34.4331685353148],[-118.531524009132,34.4331438907171],[-118.531729148711,34.4330472548685],[-118.531934248277,34.4329454503363],[-118.532202082975,34.4328162547337],[-118.532267896611,34.432781700386],[-118.532347066872,34.4327363663174],[-118.532512467696,34.4326292130863],[-118.532589789236,34.4325745470526],[-118.532667188954,34.4325168090902],[-118.532971020297,34.4322702512349],[-118.533170185057,34.4321197732575],[-118.533198754054,34.4320981884137],[-118.533307676378,34.4320179191129],[-118.533411876886,34.4319453777128],[-118.533492668986,34.4318838883314],[-118.533512843815,34.4318671058506]]]},"properties":{"OBJECTID":10492,"Date":null,"Code":"1363003","DivisionName":"SAUGUS UNION ELEMENTARY TA3","division_type":"ELEMENTARY SCHOOL","group_type":"13","District":"SAUGUS UNION ELEMENTARY","Shape__Area":105758518.2890625,"Shape__Length":69859.066444843615,"GlobalID":"9ee976a0-eb5c-46e9-b6e1-bbd7a85b44c7","CreationDate":1788987057416,"Creator":"RRCCgis_lacounty","EditDate":1788987057416,"Editor":"RRCCgis_lacounty"}},{"type":"Feature","id":10493,"geometry":{"type":"Polygon","coordinates":[[[-118.501334575165,34.3940904405331],[-118.50224824706,34.3940960436365],[-118.503010348282,34.3941004782576],[-118.510055002743,34.3941454208343],[-118.51203303787,34.3941579657227],[-118.511829002408,34.3999503333338],[-118.511550736607,34.4078589510223],[-118.511538954413,34.408193791037],[-118.511536409609,34.4082684544527],[-118.51151675551,34.4088433799379],[-118.511514865996,34.4088984610041],[-118.511510659739,34.4090214213549],[-118.511928808809,34.4090243558415],[-118.511952939461,34.4090245343595],[-118.51202249537,34.4090250232581],[-118.512263495619,34.409026705652],[-118.513862279768,34.409037548207],[-118.5139168175,34.4090379193434],[-118.514934715775,34.4090448033449],[-118.525524503708,34.4091138598219],[-118.535824208161,34.4091836243658],[-118.53632814688,34.4091870044262],[-118.537184542889,34.4091954597803],[-118.537191480865,34.4091941542744],[-118.537171885237,34.4090879136471],[-118.538454187165,34.4089227892965],[-118.538463415465,34.4089722409756],[-118.538663933399,34.4089705265261],[-118.538670590503,34.4090058652087],[-118.538675150112,34.4090300521626],[-118.538693673288,34.4091284395113],[-118.539031102649,34.4090850268351],[-118.539008733239,34.4089658608449],[-118.539171222289,34.4089468328353],[-118.539336949221,34.408927425987],[-118.53950188149,34.4089081053883],[-118.539663308431,34.4088892076584],[-118.539676527302,34.4089606543541],[-118.539878679141,34.4089655082494],[-118.540012421444,34.4089641798629],[-118.540010625914,34.4089553392584],[-118.54010316643,34.4089424408656],[-118.540148091308,34.4091588155569],[-118.54015108586,34.4091732385542],[-118.540181771516,34.4091687294214],[-118.540587559218,34.4113570302924],[-118.540600446928,34.4114275506751],[-118.540987064764,34.4135752057569],[-118.541040918012,34.4138473914453],[-118.541135843934,34.4143269973671],[-118.54117225403,34.4145109713779],[-118.541246884597,34.4148880889418],[-118.541326013744,34.4152879294785],[-118.541328723293,34.4153016189616],[-118.541336018554,34.4153384854551],[-118.541407594147,34.4156373269735],[-118.541445266149,34.4158216243211],[-118.541466569401,34.4159406287122],[-118.541468004149,34.415948644193],[-118.541510635755,34.4161868034062],[-118.541543820254,34.4163899160196],[-118.54158513898,34.4166449308102],[-118.541614105673,34.4168270428738],[-118.541637935148,34.4169521952567],[-118.541681327801,34.4171800933012],[-118.541690937093,34.4172254662657],[-118.541715436795,34.417342068156],[-118.541913903068,34.4182715354588],[-118.542000909101,34.4187203136514],[-118.542021898167,34.4188317581352],[-118.542059943187,34.4190680984844],[-118.54206094545,34.4190761726868],[-118.542075830317,34.4191961044711],[-118.542088434306,34.4193189358756],[-118.54209113208,34.41936220395],[-118.542093727919,34.4194036829269],[-118.542103136194,34.4195548332955],[-118.542103516501,34.4196540584647],[-118.542101197323,34.4196905315306],[-118.542091515851,34.4198436054496],[-118.542073354491,34.420130294526],[-118.542068456852,34.4201690897549],[-118.542059258458,34.4202419444704],[-118.542040236522,34.4203501058366],[-118.541991385754,34.420568674796],[-118.541879807146,34.4209925958881],[-118.541821118033,34.4211608884835],[-118.541691135179,34.4214626115097],[-118.54153076798,34.4218332735999],[-118.541441063271,34.4220205024246],[-118.541386727874,34.4221200565456],[-118.541311272553,34.4222450678546],[-118.54123248462,34.4223680592143],[-118.541153789419,34.4224840929406],[-118.54102051523,34.4226626717252],[-118.540969284028,34.4227280777859],[-118.540777598068,34.4230015223467],[-118.540713044696,34.4230845243987],[-118.540650288436,34.4231586382595],[-118.540505707824,34.4233072835167],[-118.540428009521,34.4233832515892],[-118.540347546907,34.4234574189327],[-118.540331659968,34.4234750669811],[-118.540325868169,34.4234815009099],[-118.540317946305,34.4234903018475],[-118.540146882641,34.4236803424315],[-118.539921224316,34.4239310197888],[-118.539598042265,34.4242900680645],[-118.539286021246,34.4246367282983],[-118.539173815497,34.4247613498727],[-118.538976600294,34.4249908264629],[-118.538663597658,34.425345482449],[-118.538329860839,34.4257401605187],[-118.537829540503,34.4263738445494],[-118.537671689545,34.4265692601448],[-118.537229524859,34.4271065610378],[-118.537140350459,34.4272188006451],[-118.53712679373,34.4272347682981],[-118.536972846546,34.4274396453368],[-118.53683363376,34.4276199459754],[-118.536518997983,34.4280275336576],[-118.536176274561,34.4284618399943],[-118.536155022809,34.4284887528509],[-118.53606029061,34.428608844252],[-118.536024143125,34.4286557450755],[-118.535765350159,34.4289919094268],[-118.535422247629,34.4294657873107],[-118.535294170783,34.4296617020841],[-118.535218324463,34.4297700012079],[-118.535200402498,34.4297952196375],[-118.535154905087,34.4298577697539],[-118.535041276179,34.4300140809039],[-118.534955383863,34.4301266776171],[-118.534689076395,34.430441087098],[-118.534523950015,34.4306260032989],[-118.534501033334,34.4306516916937],[-118.534338516703,34.4308716037158],[-118.53412151874,34.4311652919598],[-118.53400335117,34.431319059923],[-118.53381576069,34.4315485702687],[-118.533720361081,34.4316598132393],[-118.533698175104,34.4316856821771],[-118.533675000984,34.431712711228],[-118.533615848917,34.4317717516341],[-118.533551647948,34.4318348260554],[-118.533512843815,34.4318671058506],[-118.533492668986,34.4318838883314],[-118.533411876886,34.4319453777128],[-118.533307676378,34.4320179191129],[-118.533198754054,34.4320981884137],[-118.532971020297,34.4322702512349],[-118.532667188954,34.4325168090902],[-118.532589789236,34.4325745470526],[-118.532512467696,34.4326292130863],[-118.532347066872,34.4327363663174],[-118.532267896611,34.432781700386],[-118.532202082975,34.4328162547337],[-118.531934248277,34.4329454503363],[-118.531729148711,34.4330472548685],[-118.531524009132,34.4331438907171],[-118.531467788257,34.4331685353148],[-118.53142459635,34.4331876297503],[-118.531323502056,34.4332275625661],[-118.531219963591,34.4332640404934],[-118.53109063037,34.4333063451979],[-118.530947997532,34.433348817058],[-118.530814588856,34.4333869669923],[-118.530695386607,34.4334177152244],[-118.530464721655,34.4334679939331],[-118.530152259368,34.4335433606387],[-118.529943250064,34.4335890892222],[-118.529747593423,34.4336278146022],[-118.529383172974,34.4336890906986],[-118.528761936014,34.4337779427176],[-118.528215360735,34.4338603306324],[-118.528133967809,34.4338725978984],[-118.527127347553,34.4340341245551],[-118.527020864968,34.4340509644952],[-118.52662493275,34.4341118210434],[-118.525724236461,34.434241746126],[-118.525448873011,34.434284896605],[-118.525147646589,34.4343383863438],[-118.524794627713,34.4344104519631],[-118.52457640523,34.4344581323034],[-118.524412479844,34.4344859096387],[-118.524357342401,34.434482466095],[-118.524213150402,34.4344939978302],[-118.523742737775,34.4346001507124],[-118.523677962472,34.4346147737813],[-118.523600949302,34.434631622337],[-118.523591090099,34.4346343812173],[-118.523423283202,34.434672256745],[-118.52331418748,34.4347266437613],[-118.52322155812,34.4347648275753],[-118.523123954249,34.4348013279638],[-118.522845922109,34.434889413881],[-118.522715224946,34.4349384202245],[-118.522432487691,34.435069803701],[-118.522181218011,34.4351948989907],[-118.522035690784,34.4352587274754],[-118.521873568326,34.4353205680654],[-118.521507895325,34.4354485440007],[-118.521322608738,34.4355180364923],[-118.521160495949,34.4355819342889],[-118.520983745898,34.4356588903671],[-118.52085455309,34.4357151446962],[-118.520451114392,34.4359037320532],[-118.520289048443,34.4359748308469],[-118.520117042555,34.4360476975773],[-118.519806053116,34.4361702978495],[-118.519531422586,34.4362738301051],[-118.519380921119,34.4363376793899],[-118.51922715099,34.4364104685823],[-118.519073453406,34.436493892686],[-118.518946252049,34.4365724215117],[-118.518830673032,34.4366522473938],[-118.518721720377,34.4367320700754],[-118.518626016379,34.4368080486704],[-118.518484136798,34.4369257673064],[-118.5182233099,34.4371164864105],[-118.518084694671,34.4372249345611],[-118.517888501524,34.4374095484768],[-118.517628042065,34.4376596714076],[-118.51753569743,34.4377428615055],[-118.517448272724,34.4378177571552],[-118.517415166094,34.4378432648632],[-118.517293131159,34.437937264592],[-118.517277573137,34.4379484811206],[-118.517336944908,34.4380066754197],[-118.517393645943,34.4380632051249],[-118.517497041731,34.4381662730466],[-118.517306304101,34.4384945098021],[-118.516738643714,34.4389838041159],[-118.516648906929,34.4390918602872],[-118.516336144809,34.4396830592433],[-118.516212880236,34.43985211682],[-118.516174053412,34.4399693193502],[-118.51615350719,34.4400682132462],[-118.516223515958,34.4401352871304],[-118.51592563516,34.4407140138048],[-118.515871963193,34.4408182846234],[-118.515813980739,34.4409297382448],[-118.515771601027,34.441009158867],[-118.515691280705,34.4411596780557],[-118.515571389566,34.4413950519746],[-118.515435292022,34.4416665443128],[-118.515282100364,34.4419689731512],[-118.515277593593,34.4419776668643],[-118.515232775449,34.4420641449453],[-118.515101415454,34.4422958148876],[-118.514971142186,34.4425057224164],[-118.514896669569,34.4426204171677],[-118.514817863424,34.4427408964788],[-118.514731892162,34.4428609860194],[-118.5146417501,34.4429806270947],[-118.514548613664,34.4430986039445],[-118.514453008307,34.443214365299],[-118.514354406395,34.4433284633256],[-118.514250724135,34.4434425025665],[-118.514147164335,34.4435531568347],[-118.514093968482,34.4436077628465],[-118.514039841907,34.4436621537046],[-118.513985642433,34.4437154999676],[-118.513929122588,34.4437691580489],[-118.513871901831,34.4438221050562],[-118.513813488719,34.4438754681854],[-118.513744451162,34.4439376157545],[-118.51367395181,34.443999549498],[-118.513605390762,34.4440585341872],[-118.513537084093,34.4441166099145],[-118.513375107838,34.4442479864121],[-118.51337134524,34.444249998331],[-118.513199923976,34.4443416613664],[-118.513199296085,34.4443420156208],[-118.513163300182,34.444362315375],[-118.512988291312,34.4444751117404],[-118.512995678951,34.4445425522885],[-118.513024888118,34.4447600611446],[-118.51302870995,34.4447886786383],[-118.513032482394,34.4448101624942],[-118.512957293947,34.4448530517798],[-118.512753825383,34.4449702080334],[-118.512558848009,34.4450824742078],[-118.51233869621,34.44520923577],[-118.51199951322,34.4454203312081],[-118.511998256894,34.4454211325649],[-118.51129766341,34.4458650131996],[-118.51129411851,34.4455902114582],[-118.511229327776,34.4456315376628],[-118.511041653754,34.4457501029868],[-118.510726535509,34.4459485359957],[-118.510685729972,34.4459744276389],[-118.510674694014,34.4459813167377],[-118.510606171443,34.4460248256023],[-118.510588114892,34.4460360887341],[-118.510227787279,34.4462603205725],[-118.510225407925,34.4462618424519],[-118.509819504168,34.4465205852385],[-118.509454288206,34.4467506601101],[-118.509534650791,34.4470708227599],[-118.509574610334,34.4472300183349],[-118.509683279341,34.4476643315175],[-118.509711922415,34.4477863276735],[-118.509568087152,34.4479491512601],[-118.509514277873,34.448010275894],[-118.509471408648,34.4480527009149],[-118.509379020078,34.4481320965965],[-118.509341037044,34.4481590478526],[-118.509288164576,34.4481915447272],[-118.509245169176,34.4482133719334],[-118.509185615624,34.4482380101782],[-118.509107799807,34.4482603179231],[-118.509026636898,34.4482761116474],[-118.508928875351,34.4482913014929],[-118.508813963242,34.4483035448423],[-118.508793828866,34.4482238614912],[-118.508684371276,34.4477911114084],[-118.508641266097,34.4476210742622],[-118.508563214419,34.447313177557],[-118.507091633683,34.4482413098619],[-118.506774479999,34.4484409770026],[-118.506689735534,34.4484963831206],[-118.506620551115,34.4485416153053],[-118.506436628474,34.4486571619644],[-118.506334749214,34.4487205133498],[-118.506263374721,34.4487657292245],[-118.50610452869,34.4488650783532],[-118.505943897062,34.4489656067118],[-118.505897202205,34.4489950967688],[-118.505788498207,34.4490637492197],[-118.505778039669,34.4490699809473],[-118.505603598333,34.4491739453645],[-118.505436883451,34.4492659193916],[-118.505268175521,34.4493530431182],[-118.505137767505,34.4494174688104],[-118.505115649405,34.4494284198688],[-118.50509325671,34.4494389555573],[-118.505003625811,34.4494821406935],[-118.50491221209,34.4495226123511],[-118.504732183524,34.4496023132214],[-118.504547677854,34.4496783127087],[-118.504364505396,34.449750784979],[-118.504175879731,34.4498186655775],[-118.503975703559,34.4498888422827],[-118.503788899647,34.4499472873658],[-118.503708813699,34.4499713590499],[-118.503606393648,34.4500011426418],[-118.503418072572,34.4500544357709],[-118.503271188201,34.4500977201089],[-118.503230791286,34.4501096481683],[-118.503091283532,34.450149576836],[-118.503042705178,34.4501635446674],[-118.502854753255,34.4502177152855],[-118.502664053517,34.4502726660032],[-118.502476100932,34.4503268080876],[-118.502287618032,34.4503811179571],[-118.502099733256,34.4504353962085],[-118.501912474606,34.4504892325306],[-118.501724487307,34.4505433735895],[-118.501538751932,34.4505968730724],[-118.501536272438,34.4505982581605],[-118.501531306252,34.4505996526253],[-118.501436999932,34.4506272461751],[-118.501343700165,34.4506564573523],[-118.501228407826,34.45069448255],[-118.501152686184,34.4507202825862],[-118.501098934211,34.45073998673],[-118.501048385506,34.4507572326622],[-118.501044880223,34.4507590601215],[-118.500538055043,34.4509716204131],[-118.500535162021,34.4509728331904],[-118.500213579995,34.451129359292],[-118.50016401059,34.451155342992],[-118.500131681846,34.4511726035895],[-118.50012138147,34.4511781030297],[-118.500094316388,34.4511927554212],[-118.500067337947,34.4512075201412],[-118.500012851349,34.4512378270653],[-118.499921106325,34.4512903633373],[-118.499921819923,34.4512912150515],[-118.499845801168,34.4513349379871],[-118.499846840218,34.4513361606947],[-118.499775131709,34.45137799695],[-118.499688963918,34.4514321625851],[-118.499606096187,34.4514860377998],[-118.499517299989,34.4515458388041],[-118.499515268712,34.4515472066794],[-118.499374480392,34.4516465050394],[-118.499096014407,34.4518607472113],[-118.498989759575,34.4519493740577],[-118.498856699896,34.4520664191763],[-118.498721133105,34.4521932173276],[-118.498703905202,34.4522099502831],[-118.498695270706,34.4522183393826],[-118.498686716875,34.4522267506884],[-118.498669592999,34.452243592297],[-118.49864410324,34.4522689742544],[-118.498578943818,34.4523351531448],[-118.49856193196,34.4523525342965],[-118.498551216096,34.4523635698254],[-118.498345926228,34.4525908937425],[-118.498136923615,34.4528223264105],[-118.498076567248,34.4529027024957],[-118.498017972365,34.4529839223684],[-118.497930763826,34.4531111188519],[-118.497927443593,34.453116255893],[-118.49787664648,34.4531944163464],[-118.497869085649,34.4532065729979],[-118.497824357674,34.4532784852392],[-118.497773928828,34.4533633010624],[-118.497708042941,34.4534802631457],[-118.497661912895,34.4535667399439],[-118.497617508384,34.4536538677669],[-118.497574846725,34.4537416294167],[-118.497500916212,34.4539051939946],[-118.497465760597,34.4539891365845],[-118.497432280408,34.4540735347821],[-118.497401536437,34.4541554163916],[-118.497372383735,34.4542376917512],[-118.497345742408,34.4543173396576],[-118.497320673316,34.4543971082301],[-118.497296615124,34.4544786784259],[-118.497274082516,34.4545605750303],[-118.497254211155,34.4546381459844],[-118.49723887977,34.4547026828899],[-118.49723566829,34.4547162073345],[-118.497232715742,34.4547297162933],[-118.497217392687,34.4547998453747],[-118.497200677166,34.4548837519869],[-118.497185747137,34.4549668534234],[-118.497172345155,34.4550501424265],[-118.497161233791,34.4551280894715],[-118.497151515037,34.455206141698],[-118.497151334417,34.4552092482213],[-118.497142594068,34.4552898513843],[-118.497135266123,34.4553736915762],[-118.497135080744,34.4553760011632],[-118.49712928311,34.4554607690736],[-118.497124998117,34.4555486086219],[-118.497122308029,34.4556425423134],[-118.497121954337,34.4557834552644],[-118.497122617348,34.4558055455301],[-118.497124211555,34.4558780556551],[-118.497127931788,34.4559566568463],[-118.497129620981,34.4559951282802],[-118.497135594737,34.4560789338068],[-118.497161105796,34.4563843932691],[-118.497178885258,34.4565954397453],[-118.497192451937,34.4567616864428],[-118.497200241294,34.4568496964876],[-118.497202586937,34.4568812603833],[-118.497204367886,34.4569128527372],[-118.497203858718,34.4570776461318],[-118.497195223658,34.4571811910796],[-118.497180018834,34.4572852353466],[-118.497166734232,34.4573521556105],[-118.497151250658,34.4574118969549],[-118.497152384868,34.4574120987594],[-118.497135588337,34.4574723287025],[-118.497028874666,34.45764024911],[-118.49694628798,34.4578041687821],[-118.496935648464,34.457916957221],[-118.496885686956,34.4579966292718],[-118.496845283823,34.4580560948642],[-118.496786570424,34.4581337652396],[-118.496724245061,34.4582086033281],[-118.496689206607,34.4582463929769],[-118.496662215584,34.4582763180588],[-118.496634645059,34.4583092683477],[-118.496548266144,34.4583938160287],[-118.496518295449,34.458413778705],[-118.496453613898,34.4584673672332],[-118.496454960366,34.4584684832322],[-118.496370702427,34.4585360588557],[-118.496233909827,34.4586327055368],[-118.496118497747,34.4587043850387],[-118.495988833144,34.4587755601266],[-118.495858898829,34.4588380354787],[-118.495762998818,34.4588789773671],[-118.495555041617,34.4589538002749],[-118.495513296168,34.4589739478163],[-118.49547123793,34.4589863470402],[-118.495428944212,34.4589926474366],[-118.495386505864,34.4590017143127],[-118.495328628561,34.4590157268971],[-118.495281650754,34.4590263061059],[-118.49513543824,34.4589015166143],[-118.495055155379,34.4588366741171],[-118.494941149143,34.4589260853264],[-118.494828840474,34.4590076055965],[-118.494751189295,34.4590601345027],[-118.494671864273,34.4591095860365],[-118.494630536151,34.4591324262545],[-118.494488308213,34.4592037627264],[-118.494312958235,34.4592838093367],[-118.494102772052,34.4593643509379],[-118.494008442946,34.4594004591287],[-118.493882569488,34.4594332571818],[-118.49381464377,34.4594465887096],[-118.493624159602,34.4594927062986],[-118.493511490554,34.4595137735959],[-118.493282756461,34.4595428665784],[-118.492986020051,34.4595722381064],[-118.492820229839,34.4595863209056],[-118.492682604451,34.4595954551139],[-118.492654421226,34.4595973031802],[-118.492212154627,34.4596182770508],[-118.492123772132,34.4596224525923],[-118.492098029328,34.4596230501232],[-118.492035870348,34.4596245417758],[-118.491941339017,34.4596266244139],[-118.491792027547,34.4596234693069],[-118.49161098384,34.4596214775302],[-118.491445163359,34.4595912103573],[-118.491265845863,34.4595613500976],[-118.491121340422,34.4595293202428],[-118.491011686723,34.4594981643322],[-118.490905299079,34.4594601209212],[-118.490519519677,34.4592988694328],[-118.490005532939,34.4590539664489],[-118.48997372157,34.4590375833175],[-118.489953953863,34.4590273856536],[-118.489830444801,34.4589712499476],[-118.489670684506,34.4588986361307],[-118.48969718131,34.4579810967011],[-118.489704948817,34.4576851488315],[-118.489715838761,34.4573086940653],[-118.489736181726,34.4569773030389],[-118.489792454868,34.4560392361694],[-118.489792769476,34.456038693078],[-118.490792656453,34.4543136683684],[-118.490982694107,34.4539861216779],[-118.491141448866,34.453714015784],[-118.491291379542,34.4534605458383],[-118.491415319912,34.4532478004501],[-118.491443066654,34.4532002025062],[-118.491443505772,34.4529762516908],[-118.491444089844,34.4528061795343],[-118.491443978505,34.4527366068397],[-118.49144415153,34.4526366621314],[-118.491444380274,34.4525061443911],[-118.491437808902,34.452466295275],[-118.491421945172,34.4523699639487],[-118.491408840502,34.4522904386533],[-118.491382175138,34.4521284211539],[-118.491363597086,34.4520156415115],[-118.491346426419,34.4519113711513],[-118.49132901757,34.4518056448742],[-118.491312714418,34.451706731514],[-118.491290109601,34.4515693815376],[-118.4912556722,34.4515005455296],[-118.491218644627,34.451426532573],[-118.491136975031,34.4512632248974],[-118.490783662447,34.4509531817955],[-118.490719742958,34.4509019320913],[-118.490626261851,34.4509778847694],[-118.490482261507,34.4511398856228],[-118.490391262284,34.451241886011],[-118.489687012548,34.4509419464966],[-118.48990685602,34.4505860594984],[-118.489995622488,34.4504471633042],[-118.489812476567,34.4503452568364],[-118.489501342262,34.4501774901717],[-118.489384128662,34.4501119860388],[-118.48927017334,34.4500421827641],[-118.489160853807,34.4499706288484],[-118.488963606672,34.4498273524809],[-118.488744963844,34.4496442628034],[-118.48865053651,34.4495686816958],[-118.488650272373,34.4495689207644],[-118.488650035563,34.4495671402877],[-118.488660261553,34.4495588852326],[-118.488747875584,34.4494901014472],[-118.488995261669,34.449295886235],[-118.489193261596,34.4491208847781],[-118.48931926139,34.4489848852263],[-118.489374261917,34.448925885219],[-118.489468260563,34.4487648861214],[-118.489539886788,34.4485815750009],[-118.489586261872,34.4484628857887],[-118.489642555826,34.448336891972],[-118.489670260742,34.4482748853689],[-118.489705260849,34.4481968849567],[-118.489805261356,34.4479678848125],[-118.489963261604,34.4477428848902],[-118.490039261004,34.4476448859689],[-118.490071260941,34.44760288589],[-118.490075262393,34.4475978842462],[-118.490117261712,34.4475448856233],[-118.490140053321,34.447519061078],[-118.490110027716,34.4475004448854],[-118.490006794107,34.4474314788896],[-118.489899474818,34.4473555730676],[-118.48978029675,34.4472712847782],[-118.489740833851,34.4472446820362],[-118.48948058357,34.4470691514756],[-118.489456999985,34.4470522671249],[-118.489442955501,34.4470449312014],[-118.489429645665,34.4470374237262],[-118.489416365256,34.447029923343],[-118.48940178154,34.4470319357909],[-118.489388081741,34.4470149205054],[-118.489374742353,34.4470077530216],[-118.4893598013,34.4470002539209],[-118.489346460946,34.4469931062716],[-118.489331526237,34.4469859452171],[-118.489318183722,34.4469787993765],[-118.489303247877,34.4469716293077],[-118.489289907321,34.4469648161221],[-118.489274968386,34.4469576749114],[-118.489259970536,34.4469505077919],[-118.489246690927,34.4469436943558],[-118.489231694318,34.4469365524707],[-118.489218415802,34.4469297390272],[-118.489203416863,34.4469225701021],[-118.489188484261,34.4469157633243],[-118.489175140681,34.4469086174723],[-118.489160171073,34.4469018090372],[-118.489146864333,34.446894635086],[-118.489131931687,34.4468878192861],[-118.48911693701,34.4468813733633],[-118.489101969329,34.4468748912685],[-118.489087037513,34.4468687714438],[-118.489072044728,34.4468626464539],[-118.489057115013,34.4468568836245],[-118.489042122232,34.4468507586308],[-118.489027192358,34.4468449678509],[-118.489012200611,34.4468392034629],[-118.488997271802,34.4468334081672],[-118.488982284184,34.4468279755234],[-118.488967359349,34.4468232268889],[-118.48895071619,34.4468184797677],[-118.488935794639,34.4468137338207],[-118.488920808804,34.4468093451382],[-118.48890419482,34.4468049323623],[-118.488889274575,34.4467998519352],[-118.488874278584,34.446793732343],[-118.488859347872,34.4467876097814],[-118.488844353033,34.4467811295674],[-118.488829421247,34.4467750088095],[-118.488816083984,34.4467681883464],[-118.488801149157,34.4467617340298],[-118.4887861535,34.4467549274566],[-118.488771216603,34.4467481197434],[-118.488757877264,34.446740944078],[-118.488744593922,34.4467331109675],[-118.488729595065,34.4467259428852],[-118.488716314703,34.4467188021375],[-118.48870131794,34.4467119901492],[-118.488686384083,34.4467055123747],[-118.488673047881,34.4466990543083],[-118.488658113996,34.4466925711212],[-118.488643121311,34.4466864523888],[-118.48862818951,34.4466803234925],[-118.48861319683,34.4466742047563],[-118.4885969803,34.4466679719442],[-118.488591851398,34.4466661128996],[-118.488583278503,34.446663004674],[-118.488568350778,34.4466575690334],[-118.488551708866,34.4466524684515],[-118.488536783261,34.446647393412],[-118.488521822655,34.4466422878595],[-118.488505178721,34.4466372125223],[-118.488490255056,34.4466324674306],[-118.488475268323,34.4466273592729],[-118.488460342689,34.4466222779135],[-118.488443697564,34.4466171836404],[-118.488428770846,34.4466121022815],[-118.488413787339,34.4466073574214],[-118.488397203117,34.4466022556846],[-118.488382218514,34.4465975090219],[-118.488367295069,34.4465924276422],[-118.488350677117,34.4465873260348],[-118.488335693619,34.446582581165],[-118.488320766909,34.4465774988913],[-118.488304122894,34.4465724054962],[-118.488289197287,34.4465673250171],[-118.488274208669,34.4465618913886],[-118.488259281813,34.4465567829634],[-118.488244293188,34.4465513475281],[-118.488229366835,34.446545581879],[-118.488214372857,34.4465397894542],[-118.488199405498,34.4465333397023],[-118.488184442551,34.4465265284158],[-118.488169476347,34.4465197180421],[-118.488156171867,34.4465129045871],[-118.488141202382,34.446506090617],[-118.488126268621,34.4464996154779],[-118.488111275973,34.4464934903691],[-118.488096346396,34.4464877283228],[-118.488081359707,34.446482619215],[-118.48806643414,34.4464775405115],[-118.488049790113,34.4464724389679],[-118.48803486241,34.4464673665799],[-118.488019876817,34.4464622574601],[-118.488004950169,34.4464571787534],[-118.487988308258,34.4464524369049],[-118.487973385792,34.4464473284269],[-118.487958396065,34.4464422553775],[-118.487941783525,34.4464375106998],[-118.487926856738,34.4464324067412],[-118.487912705161,34.446427925328],[-118.487895291212,34.446422914308],[-118.487880304743,34.4464178385312],[-118.487865381116,34.4464130870521],[-118.487848738134,34.4464083451888],[-118.487833814596,34.446403236698],[-118.487818827891,34.446398490876],[-118.487802212114,34.4463937479954],[-118.487787291792,34.4463890019026],[-118.48777230617,34.4463842542674],[-118.487755724106,34.4463795067373],[-118.487740740674,34.4463747608924],[-118.487725815986,34.4463700112035],[-118.487709174129,34.4463652729227],[-118.487694252715,34.4463605241183],[-118.487677606456,34.4463557768355],[-118.487662649149,34.4463510308761],[-118.487647698353,34.4463462812825],[-118.487631086975,34.4463415428685],[-118.487616162305,34.4463367940676],[-118.487601178841,34.4463320400919],[-118.487584595757,34.4463273006563],[-118.487572644336,34.4463235126569],[-118.487569611234,34.4463225511887],[-118.487553029253,34.4463178135474],[-118.487542377425,34.446314437733],[-118.487523123322,34.4463083125459],[-118.487506478204,34.4463035706443],[-118.487491524171,34.4462988228477],[-118.487476600609,34.4462940749267],[-118.487459958766,34.4462893339071],[-118.48744503301,34.446284582385],[-118.487428391166,34.4462798404596],[-118.487413467606,34.4462750916294],[-118.487398487144,34.4462710326992],[-118.487379544324,34.4462677009937],[-118.487365786494,34.4462668952914],[-118.487350702477,34.4462657811806],[-118.48723629027,34.446254888564],[-118.486934983768,34.4462235581807],[-118.486437297219,34.4461930172202],[-118.48604142614,34.4461831640986],[-118.486025695612,34.4461827727385],[-118.485874245874,34.4461790032623],[-118.485304522735,34.4461433224774],[-118.484577820696,34.4461299569592],[-118.483929925463,34.446159658204],[-118.483611128022,34.446174931006],[-118.48359613416,34.4461756497888],[-118.483579492081,34.4461764472614],[-118.483567539572,34.4461771214639],[-118.483587486712,34.4458990026827],[-118.483605157921,34.4456405049267],[-118.483609032593,34.4455825172628],[-118.48367329157,34.4452116063705],[-118.483673236061,34.4452116047886],[-118.483727259356,34.4450348862524],[-118.483790307522,34.4449189464635],[-118.48387626037,34.4447608848935],[-118.484017259993,34.44454288428],[-118.484119259649,34.4444008842491],[-118.484247259669,34.4442388853141],[-118.484498260528,34.4439968843604],[-118.484656279824,34.4438596303103],[-118.484810260033,34.4437258847326],[-118.484995259827,34.443603884559],[-118.485249260804,34.4434568844892],[-118.485510259404,34.4433218859493],[-118.485647260467,34.4432588838887],[-118.485934260772,34.4431418858546],[-118.486242260222,34.4430358846373],[-118.486405261011,34.4429878854208],[-118.486907261554,34.4428808855325],[-118.486920463835,34.442879084475],[-118.486929260281,34.4428778843905],[-118.487423260862,34.4428278842038],[-118.487976260165,34.4428138845924],[-118.488555260509,34.4428228858845],[-118.489148260754,34.4428348841731],[-118.489346260904,34.4428438854288],[-118.489546260756,34.4428568847104],[-118.489739260346,34.4428698848731],[-118.489934261621,34.4428838845612],[-118.490319260501,34.442898884165],[-118.490508262352,34.4428998845157],[-118.490882260619,34.4428878852898],[-118.491419262048,34.4428188843285],[-118.491593261468,34.4427858846923],[-118.491933260924,34.442701883715],[-118.492428261643,34.4425428843243],[-118.492907261156,34.442338884722],[-118.493298282326,34.4421202213928],[-118.493363262154,34.4420838831838],[-118.493392750037,34.4420637410957],[-118.493419685541,34.4420405621946],[-118.493704822774,34.4418216375332],[-118.493894576905,34.441675946293],[-118.493910253594,34.4416639100993],[-118.49475026105,34.4406488839294],[-118.494868261491,34.440414883615],[-118.494918261817,34.4402988838662],[-118.495043261062,34.4399518844335],[-118.495117261013,34.4396048847418],[-118.49513326193,34.439487883199],[-118.49516326248,34.4392558842691],[-118.495174261078,34.4391388832998],[-118.495186260647,34.4389118838117],[-118.49518426141,34.4385968831624],[-118.495129606549,34.4381907566284],[-118.495088825722,34.437930861865],[-118.49505619039,34.4377228775688],[-118.494971582683,34.4373525811504],[-118.49491974036,34.4365529880297],[-118.494928823963,34.4355247316545],[-118.495078261004,34.4332625676265],[-118.495114224664,34.4330167327504],[-118.495198949462,34.4327408832625],[-118.495308965494,34.4324822236933],[-118.49541576583,34.4322879810071],[-118.495582688187,34.4320259198739],[-118.495508643678,34.4319865043087],[-118.495309653604,34.4318928180322],[-118.495310617501,34.4318935308171],[-118.495194396618,34.432001502516],[-118.495150249135,34.4320425159419],[-118.495019409014,34.4321640728689],[-118.495017664709,34.4321656937343],[-118.494693362617,34.4320442888575],[-118.494403567258,34.4319358012251],[-118.494404418625,34.4319342380998],[-118.494045084501,34.4317996558862],[-118.494046327706,34.4316313838271],[-118.494050023253,34.4311312846083],[-118.494052023869,34.4308605067273],[-118.494053132041,34.4307105616117],[-118.494055323587,34.4304140134673],[-118.494057734128,34.4299161245952],[-118.494059515289,34.4295483820757],[-118.494060879783,34.4292664890253],[-118.494060897351,34.4292628476534],[-118.49406185146,34.4290891377813],[-118.494062419155,34.4289858321636],[-118.494062704417,34.4289339593741],[-118.494062921461,34.4288944306816],[-118.494063326906,34.4288208159806],[-118.494063753107,34.4287431803478],[-118.494064527516,34.4286024574718],[-118.494065411119,34.4284416254077],[-118.494066237041,34.4282912459756],[-118.494066735345,34.4282008217698],[-118.494069215346,34.4277746415537],[-118.494069861036,34.4277008113033],[-118.494075997059,34.4269990321809],[-118.494078223906,34.4267442303113],[-118.494080115607,34.4265262881713],[-118.494050606834,34.4265303976523],[-118.493866069595,34.4265560981849],[-118.4923907242,34.4267613720159],[-118.491458895154,34.4268910132622],[-118.491374988141,34.426902689981],[-118.491374276088,34.4269027875265],[-118.491375664803,34.4269111625719],[-118.491344370915,34.4269155463803],[-118.490885865761,34.4269670529255],[-118.490536808043,34.4269982543803],[-118.490203025244,34.427006697859],[-118.489745970844,34.4269990895886],[-118.489220044181,34.4269539217526],[-118.488991181271,34.4269156971776],[-118.488219113877,34.4267593515897],[-118.487661683466,34.4265814337641],[-118.487105565463,34.4263540453971],[-118.487073010602,34.4263381495314],[-118.486600924449,34.4261076293631],[-118.486166564241,34.4258324059179],[-118.485617707918,34.4254249730629],[-118.485338945838,34.4251717990623],[-118.485164815417,34.4249853306695],[-118.484720154464,34.4244568290613],[-118.484608870087,34.4242971087962],[-118.484305466365,34.4238674832704],[-118.484114273199,34.4235967474037],[-118.484115531031,34.4235187208375],[-118.483858134489,34.4235188598359],[-118.483949254025,34.423646072553],[-118.484337507902,34.4241811580381],[-118.484500045622,34.4244051642509],[-118.484566509307,34.4244967615748],[-118.484605702554,34.424550774634],[-118.48464588842,34.4246061576539],[-118.48468789165,34.4246640450754],[-118.484710439063,34.4246865970315],[-118.484732592742,34.4247153341853],[-118.484891794067,34.4249025985265],[-118.485050765846,34.4250903026247],[-118.485035528172,34.4258486959952],[-118.485031946774,34.4260269672111],[-118.484434575123,34.4260335653929],[-118.483936524576,34.4256619672258],[-118.483445258071,34.4253258829985],[-118.482834258272,34.4248208831449],[-118.48250525802,34.4243168828497],[-118.482269862669,34.4238121092595],[-118.482156539563,34.4235241983997],[-118.481971131313,34.4235248072198],[-118.48140247271,34.4235268553228],[-118.481402902482,34.4234927900219],[-118.481403319292,34.4234596822025],[-118.481403928714,34.4234113349737],[-118.481404575008,34.4233601441574],[-118.481404956707,34.4233298086968],[-118.481405382694,34.4232960300986],[-118.481405496823,34.4232749292207],[-118.481404543258,34.4232449064827],[-118.481402791548,34.4232204115183],[-118.481398810851,34.4231857840335],[-118.481392499719,34.4231483178484],[-118.481382392851,34.4231142492854],[-118.481384795442,34.4231137601341],[-118.481373915633,34.4230801670422],[-118.481375431346,34.4230798292622],[-118.48136543519,34.423051361495],[-118.481366105512,34.4230512001648],[-118.481354513236,34.4230202622143],[-118.48134331109,34.4229935770579],[-118.481317041018,34.4229401400418],[-118.481300321981,34.4229138274694],[-118.481301746842,34.4229132060674],[-118.481271113798,34.4228670383001],[-118.481271834286,34.4228667099873],[-118.481258714401,34.4228483499934],[-118.481244431415,34.4228282762869],[-118.481225481414,34.4228016443966],[-118.481173344562,34.4227283716198],[-118.481117611294,34.4226500437545],[-118.481087724882,34.422608039874],[-118.481038472925,34.4225388206186],[-118.480939381369,34.4223995576701],[-118.480884826529,34.4223228856528],[-118.4808016492,34.4222059851815],[-118.480745326552,34.4221268291677],[-118.480717039672,34.4220870726939],[-118.480672167902,34.422024007839],[-118.480596651308,34.4219178754554],[-118.480538560984,34.4218362327036],[-118.480474663187,34.4217464278923],[-118.480407480608,34.4216520075763],[-118.480360672356,34.4215862204279],[-118.480305022883,34.4215080090572],[-118.48027985024,34.4214726297238],[-118.480216541981,34.421383652756],[-118.48018680346,34.4213418572243],[-118.480180257782,34.4213326568279],[-118.480120905869,34.421249240142],[-118.480048505555,34.4211474837548],[-118.479892002769,34.4209275235664],[-118.479767153861,34.42075205134],[-118.479657545173,34.4205979977911],[-118.479534296351,34.4204247737368],[-118.479474356771,34.420340529646],[-118.479378471892,34.4202057631273],[-118.479208166634,34.4199663969727],[-118.479182223908,34.4199299350059],[-118.479182903651,34.4199287675373],[-118.480574770184,34.4199255192452],[-118.480574091523,34.4190879426246],[-118.480574033357,34.4190161995903],[-118.480573277838,34.4181094826892],[-118.480572406292,34.4175942912273],[-118.479277961145,34.4175966742116],[-118.478634026231,34.4175977961621],[-118.478493853003,34.4175979363219],[-118.478494342398,34.4177539648788],[-118.478487086335,34.4172189396117],[-118.478365100529,34.4172190836043],[-118.477485187262,34.417220118401],[-118.477293857657,34.4169524429829],[-118.477302717839,34.4163163543433],[-118.477302113482,34.4162340402512],[-118.477299654703,34.415899273858],[-118.477302100363,34.4157155259545],[-118.477298334359,34.4156039027705],[-118.477296461812,34.4155483963067],[-118.477292858369,34.4153766671296],[-118.477163616247,34.4153787235894],[-118.476302423957,34.415392420331],[-118.476269225271,34.4153929464725],[-118.476268788381,34.4153658110781],[-118.476262753516,34.4149918085674],[-118.476262724672,34.414825602555],[-118.476766701864,34.4147258870949],[-118.477522292688,34.4145763835674],[-118.47766315459,34.4145669009913],[-118.477815653931,34.4145625336953],[-118.477971515464,34.414567413528],[-118.47803787317,34.414574352568],[-118.478102598392,34.414586465607],[-118.478164018635,34.4146010077557],[-118.478225471652,34.4146206866923],[-118.478301897382,34.4146488756461],[-118.478376689236,34.4146812288768],[-118.478513026962,34.4147510937564],[-118.478561298722,34.4147849227353],[-118.478757771539,34.4149321758472],[-118.478917856813,34.4150598665691],[-118.479110858985,34.4152138131921],[-118.479387371257,34.4154418367815],[-118.479632307837,34.4156552039413],[-118.479763921796,34.4157666622038],[-118.480288649405,34.4162008122703],[-118.480357942943,34.4162572507386],[-118.480434364843,34.4163194722284],[-118.480869929405,34.4163177155013],[-118.48090124919,34.4163174723229],[-118.480901280903,34.4163175010463],[-118.481003257907,34.4164098817873],[-118.481115928156,34.4165149830623],[-118.481268396682,34.416657209316],[-118.481896476593,34.4163159068244],[-118.482003786735,34.4162575937388],[-118.4822955588,34.4161438474459],[-118.48263567237,34.4160279986436],[-118.482684965566,34.4161900040291],[-118.482705923895,34.416295316419],[-118.483200691377,34.4162148685884],[-118.483197535454,34.4161972236886],[-118.483194005721,34.4161798363139],[-118.483183399973,34.4161321341507],[-118.483176122932,34.4161016696063],[-118.483166636664,34.4160648580374],[-118.483162792124,34.4160487088223],[-118.483144142631,34.4159855755624],[-118.483125085091,34.4159280460659],[-118.483121063668,34.4159159084851],[-118.483103010206,34.4158668151603],[-118.483087875125,34.4158279859097],[-118.483071995822,34.4157891298707],[-118.483059403326,34.4157602921239],[-118.483045013502,34.4157278499829],[-118.483026269415,34.4156892740047],[-118.483022981503,34.4156818755758],[-118.483009567891,34.4156545673933],[-118.482986560929,34.4156107921008],[-118.482955250122,34.4155547457135],[-118.482940906744,34.4155299267587],[-118.482914510708,34.415486432703],[-118.482870382988,34.4154185334501],[-118.482855315855,34.4153958981809],[-118.482817920402,34.4153431305241],[-118.482797494706,34.4153163767279],[-118.482778304178,34.4152906421561],[-118.48273376359,34.4152351829814],[-118.48269817657,34.41519279468],[-118.482673586382,34.4151646645644],[-118.482645386253,34.415133624228],[-118.482622414672,34.4151090415138],[-118.4825922923,34.4150777978547],[-118.482541162132,34.4150265109902],[-118.482498809287,34.4149864223189],[-118.482466042616,34.4149572644825],[-118.482433111557,34.4149277052065],[-118.482399372368,34.4148992904795],[-118.482370680906,34.4148757942793],[-118.482342147126,34.4148530376058],[-118.482294002203,34.4148156485562],[-118.482254917495,34.414786661835],[-118.482248339273,34.4147815618602],[-118.482193693001,34.4147436928592],[-118.482165985503,34.4147244109832],[-118.48212385409,34.4146967742104],[-118.482088395129,34.4146741649096],[-118.482056980613,34.4146552989266],[-118.482026694608,34.4146366944035],[-118.481998684549,34.4146207583885],[-118.481969375541,34.4146034887487],[-118.481939427352,34.4145874242899],[-118.481915790499,34.4145741439312],[-118.481881138022,34.4145562878667],[-118.481818191657,34.4145243783678],[-118.481766410163,34.4144997079935],[-118.481717706624,34.4144775668009],[-118.48164892795,34.4144478052976],[-118.481610614248,34.4144322526937],[-118.481553032708,34.4144094786502],[-118.48154596607,34.4144070031433],[-118.481481877647,34.4143835471949],[-118.481407309479,34.4143584415286],[-118.481380499797,34.4143497110874],[-118.481319685861,34.4143309733153],[-118.481312021333,34.4143289428213],[-118.481262656159,34.4143150062416],[-118.481194774324,34.4142969518684],[-118.481135625825,34.4142823418382],[-118.481068198574,34.4142674589957],[-118.480990373756,34.4142521575671],[-118.480901384427,34.4142366190775],[-118.480900330032,34.4142410894647],[-118.480849301635,34.4142331707499],[-118.480741964863,34.4142190734126],[-118.480710246751,34.4142155659414],[-118.480696195716,34.4142141070513],[-118.48067972327,34.4142124711382],[-118.480671611297,34.4142116946098],[-118.480664468103,34.414211026032],[-118.480664290121,34.4142110988602],[-118.480567838233,34.4142032482437],[-118.48050031335,34.4141991334118],[-118.480490178468,34.4141986191185],[-118.480464275431,34.4141973045198],[-118.480361434855,34.414193418757],[-118.480259385537,34.4141911128701],[-118.480158203127,34.4141899240738],[-118.480057874128,34.4141893989516],[-118.479781552128,34.4141885540312],[-118.47968294738,34.4141880389071],[-118.479634077831,34.4141875704473],[-118.479614140921,34.4141872922792],[-118.47960736982,34.4141871991504],[-118.479585213584,34.4141868891844],[-118.479488399559,34.4141847034886],[-118.479392514946,34.4141810769948],[-118.479296892639,34.4141755832104],[-118.479186123479,34.4141662852141],[-118.478934945011,34.4141322716092],[-118.47883656334,34.4141139667226],[-118.47878167694,34.4141024859796],[-118.478766375582,34.4140873158432],[-118.478685943499,34.4140075841885],[-118.478588120665,34.4139106125279],[-118.47842067669,34.4137446243288],[-118.478420750644,34.4137446213325],[-118.478420716742,34.4137445899125],[-118.478447123736,34.4137251532214],[-118.478482874982,34.4136992742524],[-118.478371495569,34.413596270535],[-118.478368480656,34.4131347026308],[-118.478366365816,34.4128109299476],[-118.478365636404,34.412699249718],[-118.478252720913,34.4126990459173],[-118.477168930646,34.4126978063326],[-118.476389754732,34.4119858724834],[-118.476175092878,34.4116166388075],[-118.476170314977,34.4108876895754],[-118.476407083396,34.4108879903518],[-118.476510288623,34.4108879139676],[-118.476510283978,34.4108810163383],[-118.476508113849,34.4106062098198],[-118.476168327876,34.4106066464161],[-118.476164595792,34.4099460826119],[-118.476163546986,34.4098185374925],[-118.476171474659,34.4098107504575],[-118.476163738236,34.4098127939608],[-118.476162977699,34.4096538490311],[-118.476160937884,34.4093346458637],[-118.476159052374,34.4090789777992],[-118.476149519289,34.4054282891735],[-118.47614951585,34.405426735841],[-118.476620760212,34.4046038660236],[-118.476838695403,34.4045862136957],[-118.47704781915,34.4045693249799],[-118.477842247595,34.4045049190551],[-118.477836852378,34.4043343787503],[-118.477815124021,34.4036391683621],[-118.477813481401,34.4035820427031],[-118.477589162861,34.4031453739992],[-118.477567718408,34.4031017438767],[-118.477832487761,34.4031459039246],[-118.478134165464,34.403197282529],[-118.478247515867,34.4032165665833],[-118.478338663166,34.4032319749598],[-118.479363981185,34.404228346363],[-118.479485337681,34.4043463058837],[-118.479876072588,34.4039744166213],[-118.480079343714,34.4037806843077],[-118.480194825812,34.4042645276953],[-118.480570688557,34.4045924068708],[-118.481016445999,34.4047437168315],[-118.481074881239,34.4047635054484],[-118.481728239069,34.4044481158706],[-118.481830319796,34.4044556510629],[-118.482658152289,34.4045167180071],[-118.482736153407,34.4045224757804],[-118.482871456226,34.4047678905731],[-118.483197674925,34.405358470364],[-118.484437235794,34.4048762168154],[-118.484551111541,34.4048320112284],[-118.484697708766,34.4051006826809],[-118.484894208038,34.4054630963025],[-118.48540131649,34.4054578771118],[-118.485406179313,34.4054578269959],[-118.485530869831,34.4054562712494],[-118.486464949015,34.4054452706117],[-118.488188676501,34.4054266429385],[-118.488186865538,34.4050802764034],[-118.488183443631,34.4043481634024],[-118.487793992514,34.4039914347646],[-118.488073164618,34.4035103335938],[-118.488117447847,34.4034974491082],[-118.488745963936,34.4033157562729],[-118.488743768346,34.4030161999142],[-118.488743670563,34.4029863666666],[-118.488741438462,34.4029794716969],[-118.48876594345,34.4029718342875],[-118.488777638955,34.402966607823],[-118.488790422307,34.4029597433888],[-118.48880133662,34.4029522509036],[-118.488813271593,34.4029426068436],[-118.488828250825,34.4029255263594],[-118.488834111661,34.4029157823695],[-118.488839752822,34.4029058589575],[-118.488844716209,34.4028927576571],[-118.488848456359,34.4028765717223],[-118.488849177356,34.402868393684],[-118.488849220561,34.4028572198679],[-118.488847713672,34.4028432368021],[-118.488843979502,34.4028296693076],[-118.488840457436,34.4028207375596],[-118.488837131144,34.4028140291126],[-118.488833253457,34.4028069586674],[-118.488827616121,34.4027986241488],[-118.48881960713,34.4027890848203],[-118.488813935975,34.4027833279299],[-118.488807272521,34.4027775119314],[-118.488797308635,34.402769950338],[-118.488785977397,34.4027625475163],[-118.488777512807,34.4027582209016],[-118.488767182958,34.4027535384849],[-118.488749150353,34.4027473896598],[-118.488738400501,34.4027419372183],[-118.488879015913,34.4027192710703],[-118.48893758471,34.4022550177628],[-118.488824418125,34.4022448412593],[-118.488676695431,34.4022318676016],[-118.488471453697,34.4023037968616],[-118.487516391368,34.4026372012068],[-118.48749590263,34.4017909708224],[-118.486035456511,34.4018156390337],[-118.485990887516,34.4018161674511],[-118.485982986772,34.4009490915478],[-118.485981530108,34.4007720807203],[-118.485153859549,34.4007035495826],[-118.484901286033,34.4006824964957],[-118.484900362153,34.4003120120295],[-118.484892548283,34.3978538428797],[-118.4848861531,34.3957728210384],[-118.484884805944,34.3955899163726],[-118.485086585813,34.3954251937574],[-118.485188858521,34.3953416574962],[-118.485350474511,34.3952012256639],[-118.485500508319,34.3950656217371],[-118.485643929954,34.3949314450919],[-118.485909268458,34.3946727680076],[-118.485916120856,34.3946656256208],[-118.486022108439,34.3945551295326],[-118.486282186042,34.3945517211855],[-118.486610954193,34.3945437092667],[-118.486654059256,34.3945436480677],[-118.486809834623,34.3945393445113],[-118.486833049454,34.3945393081061],[-118.487091576235,34.3945334998505],[-118.487221666103,34.3945305863352],[-118.48750921082,34.3945247318109],[-118.487639302011,34.3945190753673],[-118.487926837372,34.394514605552],[-118.488053629277,34.3945103187524],[-118.488344471764,34.3945058328326],[-118.48846877603,34.3945001861828],[-118.488676766605,34.3944957951885],[-118.488781171097,34.3944942979514],[-118.488885583773,34.3944914158308],[-118.489097707099,34.3944870363009],[-118.489312328382,34.3944826318953],[-118.489729126891,34.3944725027688],[-118.489947502139,34.3944680604403],[-118.490149260345,34.3944639517442],[-118.490160849031,34.3944637092662],[-118.490570208455,34.394453579371],[-118.490991148452,34.3944447994862],[-118.491201618414,34.394440408545],[-118.491622583901,34.3944302551267],[-118.492043525844,34.3944214715797],[-118.492464465524,34.3944126865802],[-118.492887911462,34.3944025331186],[-118.493306371299,34.3943937408512],[-118.496442693852,34.3942170513927],[-118.496458638593,34.3942161530914],[-118.497416846562,34.394162154776],[-118.497416892222,34.3941621518841],[-118.498381949376,34.3941444984745],[-118.498869811132,34.3941355721198],[-118.499123810007,34.3941309261246],[-118.499172641296,34.394130031831],[-118.499280580146,34.3941280566265],[-118.499505988114,34.3941239314399],[-118.500138567679,34.3941123527457],[-118.500879439251,34.3940987863532],[-118.501334575165,34.3940904405331]]]},"properties":{"OBJECTID":10493,"Date":null,"Code":"1363004","DivisionName":"SAUGUS UNION ELEMENTARY TA4","division_type":"ELEMENTARY SCHOOL","group_type":"13","District":"SAUGUS UNION ELEMENTARY","Shape__Area":245255778.45410156,"Shape__Length":98330.936218902571,"GlobalID":"b988e1e9-4b33-481e-9c8d-86e181ed5a4d","CreationDate":1788987057416,"Creator":"RRCCgis_lacounty","EditDate":1788987057416,"Editor":"RRCCgis_lacounty"}},{"type":"Feature","id":10494,"geometry":{"type":"Polygon","coordinates":[[[-118.472642305521,34.4137192082052],[-118.472696618486,34.4137417846422],[-118.47278851585,34.4137799824008],[-118.472884000366,34.4138196193788],[-118.473939842661,34.4142577425996],[-118.474093993217,34.4143228142725],[-118.474213429751,34.4143762609561],[-118.474230780609,34.4143499196772],[-118.474232561246,34.4143472234357],[-118.474579470875,34.4145158843278],[-118.474735877501,34.4145985235907],[-118.475052376484,34.4147793133161],[-118.47515189156,34.4148401404409],[-118.475259647,34.4149091571956],[-118.475371074112,34.415002016789],[-118.476262724672,34.414825602555],[-118.476262753516,34.4149918085674],[-118.476268788381,34.4153658110781],[-118.476269225271,34.4153929464725],[-118.476302423957,34.415392420331],[-118.477163616247,34.4153787235894],[-118.477292858369,34.4153766671296],[-118.477296461812,34.4155483963067],[-118.477298334359,34.4156039027705],[-118.477302100363,34.4157155259545],[-118.477299654703,34.415899273858],[-118.477302113482,34.4162340402512],[-118.477302717839,34.4163163543433],[-118.477293857657,34.4169524429829],[-118.477485187262,34.417220118401],[-118.478365100529,34.4172190836043],[-118.478487086335,34.4172189396117],[-118.478494342481,34.417753979303],[-118.478493853003,34.4175979363219],[-118.478634026231,34.4175977961621],[-118.479277961145,34.4175966742116],[-118.480572394326,34.4175942912747],[-118.480573277838,34.4181094826892],[-118.480574033357,34.4190161995903],[-118.480574091523,34.4190879426246],[-118.480574770184,34.4199255192452],[-118.479182903651,34.4199287675373],[-118.479182223908,34.4199299350059],[-118.479208166634,34.4199663969727],[-118.479378471892,34.4202057631273],[-118.479474356771,34.420340529646],[-118.479534296351,34.4204247737368],[-118.479657545173,34.4205979977911],[-118.479767153861,34.42075205134],[-118.479892002769,34.4209275235664],[-118.480048505555,34.4211474837548],[-118.480120905869,34.421249240142],[-118.480180257782,34.4213326568279],[-118.48018680346,34.4213418572243],[-118.480216541981,34.421383652756],[-118.48027985024,34.4214726297238],[-118.480305022883,34.4215080090572],[-118.480360672356,34.4215862204279],[-118.480407480608,34.4216520075763],[-118.480474663187,34.4217464278923],[-118.480538560984,34.4218362327036],[-118.480596651308,34.4219178754554],[-118.480672167902,34.422024007839],[-118.480717039672,34.4220870726939],[-118.480745326552,34.4221268291677],[-118.4808016492,34.4222059851815],[-118.480884826529,34.4223228856528],[-118.480939381369,34.4223995576701],[-118.481038472925,34.4225388206186],[-118.481087724882,34.422608039874],[-118.481117611294,34.4226500437545],[-118.481173344562,34.4227283716198],[-118.481225481414,34.4228016443966],[-118.481244431415,34.4228282762869],[-118.481258714401,34.4228483499934],[-118.481271834286,34.4228667099873],[-118.481271113798,34.4228670383001],[-118.481301746842,34.4229132060674],[-118.481300321981,34.4229138274694],[-118.481317041018,34.4229401400418],[-118.48134331109,34.4229935770579],[-118.481354513236,34.4230202622143],[-118.481366105512,34.4230512001648],[-118.48136543519,34.423051361495],[-118.481375431346,34.4230798292622],[-118.481373915633,34.4230801670422],[-118.481384795442,34.4231137601341],[-118.481382392851,34.4231142492854],[-118.481392499719,34.4231483178484],[-118.481398810851,34.4231857840335],[-118.481402791548,34.4232204115183],[-118.481404543258,34.4232449064827],[-118.481405496823,34.4232749292207],[-118.481405382694,34.4232960300986],[-118.481404956707,34.4233298086968],[-118.481404575008,34.4233601441574],[-118.481403928714,34.4234113349737],[-118.481403319292,34.4234596822025],[-118.481402902482,34.4234927900219],[-118.48140247271,34.4235268553228],[-118.481971134577,34.4235248072069],[-118.482156539563,34.4235241983997],[-118.482269862669,34.4238121092595],[-118.48250525802,34.4243168828497],[-118.482834258272,34.4248208831449],[-118.483445258071,34.4253258829985],[-118.483936524576,34.4256619672258],[-118.484434575128,34.4260335662945],[-118.485031946774,34.4260269672111],[-118.485035528172,34.4258486959952],[-118.485050765846,34.4250903026247],[-118.484891794067,34.4249025985265],[-118.484732592742,34.4247153341853],[-118.484710439063,34.4246865970315],[-118.48468789165,34.4246640450754],[-118.48464588842,34.4246061576539],[-118.484605702554,34.424550774634],[-118.484566509307,34.4244967615748],[-118.484500045622,34.4244051642509],[-118.484337507902,34.4241811580381],[-118.483949254025,34.423646072553],[-118.483858134489,34.4235188598359],[-118.484115531031,34.4235187208375],[-118.484114273199,34.4235967474037],[-118.484608870087,34.4242971087962],[-118.484720154464,34.4244568290613],[-118.485164815417,34.4249853306695],[-118.485338945838,34.4251717990623],[-118.485617707918,34.4254249730629],[-118.486166564241,34.4258324059179],[-118.486600924449,34.4261076293631],[-118.487073010602,34.4263381495314],[-118.487105565463,34.4263540453971],[-118.487661683466,34.4265814337641],[-118.488219113877,34.4267593515897],[-118.488991181271,34.4269156971776],[-118.489220044181,34.4269539217526],[-118.489745970844,34.4269990895886],[-118.490203025244,34.427006697859],[-118.490536808043,34.4269982543803],[-118.490885865761,34.4269670529255],[-118.491344370915,34.4269155463803],[-118.491375664803,34.4269111625719],[-118.491374276088,34.4269027875265],[-118.491374988141,34.426902689981],[-118.491458895154,34.4268910132622],[-118.4923907242,34.4267613720159],[-118.493866069595,34.4265560981849],[-118.494050606834,34.4265303976523],[-118.494080115607,34.4265262881713],[-118.494078223906,34.4267442303113],[-118.494075997059,34.4269990321809],[-118.494070345181,34.4276454181058],[-118.494069861036,34.4277008113033],[-118.494069215346,34.4277746415537],[-118.494066735345,34.4282008217698],[-118.494066237041,34.4282912459756],[-118.494065411119,34.4284416254077],[-118.494064527516,34.4286024574718],[-118.494063753107,34.4287431803478],[-118.494063326906,34.4288208159806],[-118.494062921461,34.4288944306816],[-118.494062704417,34.4289339593741],[-118.494062419155,34.4289858321636],[-118.49406185146,34.4290891377813],[-118.494060897351,34.4292628476534],[-118.494060879783,34.4292664890253],[-118.494059515289,34.4295483820757],[-118.494057734128,34.4299161245952],[-118.494055323587,34.4304140134673],[-118.494053132041,34.4307105616117],[-118.494052023869,34.4308605067273],[-118.494050023253,34.4311312846083],[-118.494046327706,34.4316313838271],[-118.494045084501,34.4317996558862],[-118.494404418625,34.4319342380998],[-118.494403567258,34.4319358012251],[-118.494693362617,34.4320442888575],[-118.495017664709,34.4321656937343],[-118.495019409014,34.4321640728689],[-118.495150249135,34.4320425159419],[-118.495194396618,34.432001502516],[-118.495310617501,34.4318935308171],[-118.495309653604,34.4318928180322],[-118.495508643678,34.4319865043087],[-118.495582688187,34.4320259198739],[-118.49541576583,34.4322879810071],[-118.495308965494,34.4324822236933],[-118.495198949462,34.4327408832625],[-118.495114224664,34.4330167327504],[-118.495078261004,34.4332625676265],[-118.495011038951,34.4342801844008],[-118.494999747563,34.4344511055872],[-118.494928823963,34.4355247316545],[-118.494925081071,34.4359484457284],[-118.494925065447,34.4359502109972],[-118.49491974036,34.4365529880297],[-118.494971582683,34.4373525811504],[-118.49505619039,34.4377228775688],[-118.495088825722,34.437930861865],[-118.495129606549,34.4381907566284],[-118.49518426141,34.4385968831624],[-118.495186260647,34.4389118838117],[-118.495174261078,34.4391388832998],[-118.49516326248,34.4392558842691],[-118.49513326193,34.439487883199],[-118.495117261013,34.4396048847418],[-118.495043261062,34.4399518844335],[-118.494918261817,34.4402988838662],[-118.494868261491,34.440414883615],[-118.49475026105,34.4406488839294],[-118.493910253594,34.4416639100993],[-118.493894576905,34.441675946293],[-118.493704822774,34.4418216375332],[-118.493419685541,34.4420405621946],[-118.493392750037,34.4420637410957],[-118.493363262154,34.4420838831838],[-118.493298282326,34.4421202213928],[-118.492907261156,34.442338884722],[-118.492428261643,34.4425428843243],[-118.491933260924,34.442701883715],[-118.491593261468,34.4427858846923],[-118.491419262048,34.4428188843285],[-118.490882260619,34.4428878852898],[-118.490508262352,34.4428998845157],[-118.490319260501,34.442898884165],[-118.489934261621,34.4428838845612],[-118.489739260346,34.4428698848731],[-118.489546260756,34.4428568847104],[-118.489346260904,34.4428438854288],[-118.489148260754,34.4428348841731],[-118.488555260509,34.4428228858845],[-118.487976260165,34.4428138845924],[-118.487423260862,34.4428278842038],[-118.486929260281,34.4428778843905],[-118.486920463835,34.442879084475],[-118.486907261554,34.4428808855325],[-118.486405261011,34.4429878854208],[-118.486242260222,34.4430358846373],[-118.485934260772,34.4431418858546],[-118.485647260467,34.4432588838887],[-118.485510259404,34.4433218859493],[-118.485249260804,34.4434568844892],[-118.484995259827,34.443603884559],[-118.484810260033,34.4437258847326],[-118.484656279824,34.4438596303103],[-118.484498260528,34.4439968843604],[-118.484247259669,34.4442388853141],[-118.484119259649,34.4444008842491],[-118.484017259993,34.44454288428],[-118.48387626037,34.4447608848935],[-118.483790307522,34.4449189464635],[-118.483727259356,34.4450348862524],[-118.483673236061,34.4452116047886],[-118.48367329157,34.4452116063705],[-118.483609032593,34.4455825172628],[-118.483605157921,34.4456405049267],[-118.483587486712,34.4458990026827],[-118.483567539572,34.4461771214639],[-118.483579492081,34.4461764472614],[-118.48359613416,34.4461756497888],[-118.483611128022,34.446174931006],[-118.483929925463,34.446159658204],[-118.484577820696,34.4461299569592],[-118.485304522735,34.4461433224774],[-118.485874245874,34.4461790032623],[-118.486025695612,34.4461827727385],[-118.48604142614,34.4461831640986],[-118.486437297219,34.4461930172202],[-118.486934983768,34.4462235581807],[-118.48723629027,34.446254888564],[-118.487350702477,34.4462657811806],[-118.487365786494,34.4462668952914],[-118.487379544324,34.4462677009937],[-118.487398487144,34.4462710326992],[-118.487413467606,34.4462750916294],[-118.487428391166,34.4462798404596],[-118.48744503301,34.446284582385],[-118.487459958766,34.4462893339071],[-118.487476600609,34.4462940749267],[-118.487491524171,34.4462988228477],[-118.487506478204,34.4463035706443],[-118.487523123322,34.4463083125459],[-118.487542377425,34.446314437733],[-118.487553029253,34.4463178135474],[-118.487569611234,34.4463225511887],[-118.487584595757,34.4463273006563],[-118.487601178841,34.4463320400919],[-118.487616162305,34.4463367940676],[-118.487631086975,34.4463415428685],[-118.487647698353,34.4463462812825],[-118.487662649149,34.4463510308761],[-118.487677606456,34.4463557768355],[-118.487694252715,34.4463605241183],[-118.487709174129,34.4463652729227],[-118.487725815986,34.4463700112035],[-118.487740740674,34.4463747608924],[-118.487755724106,34.4463795067373],[-118.48777230617,34.4463842542674],[-118.487787291792,34.4463890019026],[-118.487802212114,34.4463937479954],[-118.487818827891,34.446398490876],[-118.487833814596,34.446403236698],[-118.487848738134,34.4464083451888],[-118.487865381116,34.4464130870521],[-118.487880304743,34.4464178385312],[-118.487895291212,34.446422914308],[-118.487912705161,34.446427925328],[-118.487926856738,34.4464324067412],[-118.487941783525,34.4464375106998],[-118.487958396065,34.4464422553775],[-118.487973385792,34.4464473284269],[-118.487988308258,34.4464524369049],[-118.488004950169,34.4464571787534],[-118.488019876817,34.4464622574601],[-118.48803486241,34.4464673665799],[-118.488049790113,34.4464724389679],[-118.48806643414,34.4464775405115],[-118.488081359707,34.446482619215],[-118.488096346396,34.4464877283228],[-118.488111275973,34.4464934903691],[-118.488126268621,34.4464996154779],[-118.488141202382,34.446506090617],[-118.488156171867,34.4465129045871],[-118.488169476347,34.4465197180421],[-118.488184442551,34.4465265284158],[-118.488199405498,34.4465333397023],[-118.488214372857,34.4465397894542],[-118.488229366835,34.446545581879],[-118.488244293188,34.4465513475281],[-118.488259281813,34.4465567829634],[-118.488274208669,34.4465618913886],[-118.488289197287,34.4465673250171],[-118.488304122894,34.4465724054962],[-118.488320766909,34.4465774988913],[-118.488335693619,34.446582581165],[-118.488350677117,34.4465873260348],[-118.488367295069,34.4465924276422],[-118.488382218514,34.4465975090219],[-118.488397203117,34.4466022556846],[-118.488413787339,34.4466073574214],[-118.488428770846,34.4466121022815],[-118.488443697564,34.4466171836404],[-118.488460342689,34.4466222779135],[-118.488475268323,34.4466273592729],[-118.488490255056,34.4466324674306],[-118.488505178721,34.4466372125223],[-118.488521822655,34.4466422878595],[-118.488536783261,34.446647393412],[-118.488551708866,34.4466524684515],[-118.488568350778,34.4466575690334],[-118.488583278503,34.446663004674],[-118.4885969803,34.4466679719442],[-118.48861319683,34.4466742047563],[-118.48862818951,34.4466803234925],[-118.488643121311,34.4466864523888],[-118.488658113996,34.4466925711212],[-118.488673047881,34.4466990543083],[-118.488686384083,34.4467055123747],[-118.48870131794,34.4467119901492],[-118.488716314703,34.4467188021375],[-118.488729595065,34.4467259428852],[-118.488744593922,34.4467331109675],[-118.488757877264,34.446740944078],[-118.488771216603,34.4467481197434],[-118.4887861535,34.4467549274566],[-118.488801149157,34.4467617340298],[-118.488816083984,34.4467681883464],[-118.488829421247,34.4467750088095],[-118.488844353033,34.4467811295674],[-118.488859347872,34.4467876097814],[-118.488874278584,34.446793732343],[-118.488889274575,34.4467998519352],[-118.48890419482,34.4468049323623],[-118.488920808804,34.4468093451382],[-118.488935794639,34.4468137338207],[-118.48895071619,34.4468184797677],[-118.488967359349,34.4468232268889],[-118.488982284184,34.4468279755234],[-118.488997271802,34.4468334081672],[-118.489012200611,34.4468392034629],[-118.489027192358,34.4468449678509],[-118.489042122232,34.4468507586308],[-118.489057115013,34.4468568836245],[-118.489072044728,34.4468626464539],[-118.489087037513,34.4468687714438],[-118.489101969329,34.4468748912685],[-118.48911693701,34.4468813733633],[-118.489131931687,34.4468878192861],[-118.489146864333,34.446894635086],[-118.489160171073,34.4469018090372],[-118.489175140681,34.4469086174723],[-118.489188484261,34.4469157633243],[-118.489203416863,34.4469225701021],[-118.489218415802,34.4469297390272],[-118.489231694318,34.4469365524707],[-118.489246690927,34.4469436943558],[-118.489259970536,34.4469505077919],[-118.489274968386,34.4469576749114],[-118.489289907321,34.4469648161221],[-118.489303247877,34.4469716293077],[-118.489318183722,34.4469787993765],[-118.489331526237,34.4469859452171],[-118.489346460946,34.4469931062716],[-118.4893598013,34.4470002539209],[-118.489374742353,34.4470077530216],[-118.489388081741,34.4470149205054],[-118.48940178154,34.4470319357909],[-118.489416365256,34.447029923343],[-118.489429645665,34.4470374237262],[-118.489442955501,34.4470449312014],[-118.489456999985,34.4470522671249],[-118.48948058357,34.4470691514756],[-118.489740833851,34.4472446820362],[-118.48978029675,34.4472712847782],[-118.489899474818,34.4473555730676],[-118.490006794107,34.4474314788896],[-118.490110027716,34.4475004448854],[-118.490140053321,34.447519061078],[-118.490117261712,34.4475448856233],[-118.490075262393,34.4475978842462],[-118.490071260941,34.44760288589],[-118.490039261004,34.4476448859689],[-118.489963261604,34.4477428848902],[-118.489805261356,34.4479678848125],[-118.489705260849,34.4481968849567],[-118.489670260742,34.4482748853689],[-118.489642555826,34.448336891972],[-118.489586261872,34.4484628857887],[-118.489539886788,34.4485815750009],[-118.489468260563,34.4487648861214],[-118.489374261917,34.448925885219],[-118.48931926139,34.4489848852263],[-118.489193261596,34.4491208847781],[-118.488995261669,34.449295886235],[-118.488747875584,34.4494901014472],[-118.488660261553,34.4495588852326],[-118.488650035563,34.4495671402877],[-118.488650272368,34.4495689198629],[-118.48865053651,34.4495686816958],[-118.488744963844,34.4496442628034],[-118.488963606672,34.4498273524809],[-118.489160853807,34.4499706288484],[-118.48927017334,34.4500421827641],[-118.489384128662,34.4501119860388],[-118.489501342262,34.4501774901717],[-118.489812476567,34.4503452568364],[-118.489995622488,34.4504471633042],[-118.48990685602,34.4505860594984],[-118.489687012548,34.4509419464966],[-118.490391262284,34.451241886011],[-118.490482261507,34.4511398856228],[-118.490626261851,34.4509778847694],[-118.490719742958,34.4509019320913],[-118.490783662447,34.4509531817955],[-118.491136975031,34.4512632248974],[-118.491218644627,34.451426532573],[-118.4912556722,34.4515005455296],[-118.491290109601,34.4515693815376],[-118.491312714418,34.451706731514],[-118.49132901757,34.4518056448742],[-118.491346426419,34.4519113711513],[-118.491363597086,34.4520156415115],[-118.491382175138,34.4521284211539],[-118.491408840502,34.4522904386533],[-118.491421945172,34.4523699639487],[-118.491437808902,34.452466295275],[-118.491444380274,34.4525061443911],[-118.49144415153,34.4526366621314],[-118.491443978505,34.4527366068397],[-118.491444089844,34.4528061795343],[-118.491443505772,34.4529762516908],[-118.491443066654,34.4532002025062],[-118.491415319912,34.4532478004501],[-118.491291379542,34.4534605458383],[-118.491141448866,34.453714015784],[-118.490982694107,34.4539861216779],[-118.490792659686,34.4543136629461],[-118.489792454868,34.4560392361694],[-118.489736181726,34.4569773030389],[-118.489715838761,34.4573086940653],[-118.489704948817,34.4576851488315],[-118.48969718131,34.4579810967011],[-118.489670684506,34.4588986361307],[-118.489830444801,34.4589712499476],[-118.489953953863,34.4590273856536],[-118.48997372157,34.4590375833175],[-118.490005532939,34.4590539664489],[-118.490519519677,34.4592988694328],[-118.490905299079,34.4594601209212],[-118.491011686723,34.4594981643322],[-118.491121340422,34.4595293202428],[-118.491265845863,34.4595613500976],[-118.491445163359,34.4595912103573],[-118.49161098384,34.4596214775302],[-118.491792027547,34.4596234693069],[-118.491941339017,34.4596266244139],[-118.492035870348,34.4596245417758],[-118.492098029328,34.4596230501232],[-118.492123772132,34.4596224525923],[-118.492212154627,34.4596182770508],[-118.492212138284,34.4596372372597],[-118.492024566669,34.4596380790497],[-118.491846219038,34.4596386875324],[-118.491828892324,34.4597661353653],[-118.49179309479,34.4598478196013],[-118.491751978644,34.4599037956248],[-118.491695323754,34.4599641123685],[-118.491574080674,34.4600743075059],[-118.49149314863,34.4601333710937],[-118.491475715585,34.4601459297334],[-118.491513263153,34.4601898869688],[-118.491567263468,34.4602478856392],[-118.491614334706,34.460289616245],[-118.491708263954,34.4603728862395],[-118.491754362131,34.4604085092414],[-118.491796262734,34.4604408874905],[-118.49189326273,34.4605108860515],[-118.491995262795,34.460577885599],[-118.492008262307,34.4605858871918],[-118.492098262981,34.4606418870144],[-118.492208262346,34.4607068858992],[-118.492209678981,34.4607077230868],[-118.492209130324,34.4606690450375],[-118.49223787182,34.4606864488527],[-118.492432573136,34.4607911103675],[-118.492662145358,34.4609028449802],[-118.492981497021,34.4610485574813],[-118.493204325943,34.4611417766352],[-118.493402142799,34.4612134359425],[-118.493525105748,34.4612517550535],[-118.493634774685,34.4612829113446],[-118.493777649829,34.4613194299789],[-118.493873976611,34.461341355452],[-118.493986923105,34.4613642625827],[-118.494116430773,34.461387087754],[-118.494345544841,34.461421183735],[-118.494559693162,34.4614481388286],[-118.494757202804,34.4614675966164],[-118.494807000911,34.4614725530573],[-118.495054240257,34.4614883673373],[-118.495220146067,34.4614911297825],[-118.495402575278,34.4614845405618],[-118.495518628634,34.4614765155078],[-118.495734157765,34.4614574288082],[-118.495931421142,34.4614356748092],[-118.496143564477,34.4614038896005],[-118.496372236157,34.4613634502147],[-118.496630695581,34.4613129328675],[-118.496791391015,34.4612772460649],[-118.496948725261,34.4612357281733],[-118.497041439577,34.4612064849868],[-118.497117589719,34.4611797311017],[-118.497430330166,34.4610537702533],[-118.497582613314,34.4609974916027],[-118.497726447987,34.460951607831],[-118.497745115932,34.4609456541694],[-118.497860746512,34.4609087714273],[-118.49839558356,34.460750279947],[-118.498738328052,34.4606478964961],[-118.498895666151,34.4606046550265],[-118.498991726949,34.4605819281943],[-118.499137510405,34.4605514455405],[-118.499266756573,34.4605279103496],[-118.499381113495,34.4605102547883],[-118.499512058177,34.460493912893],[-118.4996115242,34.4604845827627],[-118.499727594178,34.4604765400842],[-118.49986025498,34.4604704979771],[-118.499992932144,34.4604675461138],[-118.50002348932,34.4604675040536],[-118.500142222774,34.4604672807228],[-118.500177069955,34.4604702266556],[-118.500308114509,34.4604707214282],[-118.500490637074,34.4604802742319],[-118.50060681231,34.4604897515799],[-118.500754532381,34.4605063145283],[-118.5008109827,34.4605139817167],[-118.500885683491,34.4605243295399],[-118.501031805874,34.4605477648241],[-118.501242713841,34.4605888034566],[-118.501354008082,34.4606147856911],[-118.501463649321,34.460643880437],[-118.501666393637,34.4607058991982],[-118.501865868803,34.460774447425],[-118.502033761464,34.4608352393684],[-118.502213325631,34.4609056039446],[-118.502589704027,34.4610619736899],[-118.502871782838,34.4611854791034],[-118.50331150473,34.4613779763201],[-118.503626212919,34.46151574575],[-118.503640925581,34.4615220900869],[-118.503655678124,34.4615283693461],[-118.503670469471,34.4615345853352],[-118.503685299614,34.4615407371525],[-118.503700169639,34.4615468238921],[-118.503715077373,34.4615528464645],[-118.503730023898,34.4615588039637],[-118.503745007034,34.4615646954971],[-118.503760027879,34.4615705228632],[-118.503775085334,34.4615762842636],[-118.503790179403,34.4615819805997],[-118.503804487557,34.4615873060602],[-118.503820473019,34.4615931753925],[-118.503835672564,34.4615986738492],[-118.50385090763,34.4616041063447],[-118.50386617713,34.4616094728832],[-118.503881478874,34.461614771671],[-118.50389681614,34.4616200044974],[-118.503912184567,34.461625170479],[-118.503927586339,34.4616302705083],[-118.503943020356,34.4616353027867],[-118.503958485529,34.4616402673188],[-118.503973981864,34.4616451650059],[-118.503989509361,34.4616499958483],[-118.50400506692,34.4616547580472],[-118.504020655647,34.4616594543028],[-118.504036272254,34.4616640810225],[-118.504051918929,34.4616686400003],[-118.5040675935,34.4616731321468],[-118.50408329704,34.4616775547528],[-118.50409902847,34.4616819096259],[-118.504114786693,34.4616861949676],[-118.504130572811,34.4616904134779],[-118.504146384633,34.4616945624613],[-118.504162223246,34.4616986419133],[-118.504178086485,34.4617026536459],[-118.504193975426,34.4617065958515],[-118.504209888983,34.4617104685347],[-118.504225828247,34.4617142725925],[-118.50424178995,34.4617180071369],[-118.504257774089,34.4617216721679],[-118.504273783932,34.4617252676719],[-118.504289814036,34.4617287936716],[-118.50430586766,34.4617322492517],[-118.50432194155,34.461735636229],[-118.504338037872,34.4617389527913],[-118.504354154449,34.4617421989476],[-118.504370292369,34.4617453746936],[-118.504386449462,34.4617484809396],[-118.504402625721,34.4617515167842],[-118.504418821147,34.4617544822274],[-118.504435034646,34.4617573763721],[-118.504451267316,34.461760201017],[-118.504467518064,34.4617629552648],[-118.504483784708,34.4617656382233],[-118.504500068337,34.4617682498879],[-118.504516368954,34.46177079116],[-118.504532684385,34.4617732620487],[-118.50454901571,34.4617756616481],[-118.504565362932,34.461777989958],[-118.504581723877,34.461780247889],[-118.504598099624,34.4617824336336],[-118.504614488007,34.4617845490038],[-118.504630890108,34.4617865930937],[-118.504647303745,34.4617885650106],[-118.504663732195,34.4617904665441],[-118.504680170009,34.4617922968154],[-118.504696620442,34.4617940540077],[-118.504713082422,34.4617957408301],[-118.504729553762,34.4617973554887],[-118.504746034466,34.461798898885],[-118.504762526711,34.4618003710099],[-118.504779026138,34.46180177098],[-118.50479553493,34.4618030996878],[-118.504812051987,34.4618043553346],[-118.50482857732,34.4618055397237],[-118.504845108752,34.461806652864],[-118.504861648455,34.4618076938451],[-118.504878193162,34.4618086626803],[-118.504894745052,34.4618095593607],[-118.504911300863,34.4618103848013],[-118.504927862768,34.4618111380918],[-118.504944428584,34.4618118183394],[-118.504960999411,34.4618124273428],[-118.504977573065,34.4618129642095],[-118.504994149553,34.461813429841],[-118.505010729947,34.4618138215282],[-118.50502731209,34.4618141428863],[-118.505043895968,34.4618143912106],[-118.505060480502,34.4618145683088],[-118.50507706677,34.4618146723734],[-118.505093652601,34.4618147043147],[-118.505110240176,34.4618146650255],[-118.50512682622,34.4618145527161],[-118.505143410738,34.4618143682881],[-118.505159994824,34.4618141126384],[-118.505176576295,34.4618137848748],[-118.505193156235,34.461813384091],[-118.505209732471,34.4618129111977],[-118.505226306098,34.4618123670918],[-118.505242877111,34.4618117508719],[-118.505259442238,34.46181106165],[-118.505276002579,34.4618103012245],[-118.505292559217,34.4618094686897],[-118.505309109974,34.4618085640543],[-118.505325654852,34.4618075873185],[-118.505342192766,34.4618065393882],[-118.505358723712,34.461805419362],[-118.505375247689,34.46180422724],[-118.505391764697,34.461802963022],[-118.50540827256,34.4618016267172],[-118.505424772371,34.4618002192225],[-118.505441261953,34.461798740547],[-118.505457742389,34.4617971897847],[-118.505474212592,34.46179556694],[-118.505490672565,34.4617938729147],[-118.505507121216,34.4617921068115],[-118.505523559644,34.461790270429],[-118.505539984572,34.4617883619779],[-118.505556398177,34.4617863814491],[-118.505572799382,34.4617843306501],[-118.505589186004,34.4617822086885],[-118.505605560209,34.4617800137521],[-118.505621919843,34.4617777494562],[-118.505638264888,34.4617754130962],[-118.505654594268,34.4617730064796],[-118.505670909064,34.4617705287004],[-118.505687208184,34.4617679788617],[-118.505703490556,34.4617653596725],[-118.505719755079,34.4617626693343],[-118.50573600393,34.4617599078381],[-118.50575223385,34.461757076099],[-118.505768445928,34.4617541741125],[-118.505784640157,34.461751200977],[-118.505800814372,34.4617481585047],[-118.50581696965,34.461745044888],[-118.50583310382,34.4617418610376],[-118.505849219063,34.4617386078457],[-118.505865313193,34.4617352835186],[-118.505881385132,34.4617318898638],[-118.505897435962,34.4617284259752],[-118.505913464601,34.461724892759],[-118.505929471049,34.461721290215],[-118.505945454217,34.4617176183478],[-118.505961413011,34.4617138762606],[-118.505977348525,34.4617100648502],[-118.505993260764,34.4617061850182],[-118.506009146458,34.4617022358768],[-118.506025007779,34.4616982165152],[-118.506040843653,34.4616941296427],[-118.506056651894,34.4616899734652],[-118.506072435772,34.4616857488708],[-118.506088190927,34.4616814549759],[-118.50610391846,34.4616770935792],[-118.506119619447,34.461672662873],[-118.506135291723,34.4616681646696],[-118.506150935282,34.4616635980673],[-118.506166549041,34.4616589639723],[-118.506182134083,34.4616542614785],[-118.506197689325,34.461649491492],[-118.506213213679,34.4616446540173],[-118.506228706056,34.4616397490589],[-118.506244168633,34.4616347766079],[-118.506259599239,34.4616297375747],[-118.506274997867,34.461624631058],[-118.506290363436,34.4616194579638],[-118.506305695945,34.461614218292],[-118.506320995394,34.4616089120427],[-118.506336260695,34.4616035392206],[-118.506351491842,34.4615980989239],[-118.506366687763,34.4615925938619],[-118.506381848448,34.4615870222315],[-118.506396974989,34.4615813849298],[-118.50641206521,34.4615756819657],[-118.506427119112,34.4615699133394],[-118.506442134523,34.4615640799614],[-118.506457114701,34.4615581809166],[-118.506472057477,34.4615522171157],[-118.506486960668,34.4615461876661],[-118.506501826456,34.4615400934604],[-118.506516653758,34.4615339354046],[-118.506531441486,34.4615277135033],[-118.506546188546,34.4615214268595],[-118.506560897114,34.4615150754642],[-118.506575563936,34.4615086611339],[-118.506590190091,34.4615021820612],[-118.506604775587,34.4614956400492],[-118.506619319338,34.4614890351022],[-118.506633821344,34.4614823672204],[-118.506648279421,34.4614756355115],[-118.506662696846,34.4614688417646],[-118.50667706926,34.4614619850966],[-118.506691398845,34.4614550664],[-118.506705684508,34.4614480847776],[-118.50671992517,34.4614410420371],[-118.506734120821,34.4614339363756],[-118.506748271472,34.461426769596],[-118.506762377123,34.4614195416984],[-118.506776436685,34.4614122526873],[-118.506790449065,34.4614049016658],[-118.506804415361,34.4613974904323],[-118.506818333397,34.4613900189961],[-118.506832205345,34.4613824864464],[-118.506846027944,34.4613748936984],[-118.506859804465,34.4613672416401],[-118.50687353055,34.4613595293881],[-118.506887207291,34.4613517578395],[-118.506900834689,34.4613439269942],[-118.506922054566,34.4613315567643],[-118.507026193276,34.4612603603388],[-118.508033480811,34.4605716978723],[-118.508257546632,34.4604185050169],[-118.508270006962,34.4604112090059],[-118.508497092427,34.4602503769811],[-118.508651787334,34.4601513379858],[-118.508841265214,34.4600568851002],[-118.509243265836,34.4598978856794],[-118.509412871781,34.4598609673308],[-118.50938756214,34.4599787913544],[-118.508613196669,34.4636082304821],[-118.508530121873,34.4639974091344],[-118.507922001653,34.4668461607655],[-118.507898841543,34.466954642729],[-118.507874082328,34.4670706141049],[-118.507866789847,34.4671047802779],[-118.507721908882,34.4677834701963],[-118.507619377753,34.4682636175253],[-118.507616171135,34.4682786414647],[-118.507663993919,34.4684263722119],[-118.507915853462,34.4692043882413],[-118.508621026602,34.4713826420951],[-118.508767897721,34.472490667769],[-118.508931090049,34.4737217921683],[-118.509022055766,34.4740019145396],[-118.509067102262,34.4741406301878],[-118.509083484104,34.4741911005071],[-118.509088408092,34.4742062706825],[-118.509265187805,34.4747526540167],[-118.510274125145,34.477870884162],[-118.511342084003,34.4811712656893],[-118.511390235604,34.481225636201],[-118.511390556505,34.4812259476808],[-118.511390556832,34.4812260008699],[-118.511388715478,34.4816437832523],[-118.510105593252,34.4816408925982],[-118.509927180257,34.48164048646],[-118.509923036594,34.4816404741165],[-118.509897231899,34.4816404157324],[-118.509427980749,34.4816400230705],[-118.509422737374,34.4816399900822],[-118.509887000175,34.4822028913584],[-118.510017819853,34.4823615036927],[-118.51001630325,34.4823819315739],[-118.509976516018,34.4826816373386],[-118.509936046442,34.4828982688516],[-118.509874405096,34.4832282343447],[-118.509817179643,34.4836396932808],[-118.509798826411,34.4839655985073],[-118.50981174984,34.4844087653741],[-118.509823683492,34.484561098522],[-118.509848911598,34.4848831415337],[-118.509853106847,34.4849366938507],[-118.509855225686,34.4849637336181],[-118.509881589092,34.4853002675786],[-118.509912163212,34.4856864330091],[-118.509928277022,34.4858899573941],[-118.509938319901,34.4860559692874],[-118.509941396332,34.4863503624516],[-118.509930011972,34.4865891575748],[-118.509910795063,34.4867897606387],[-118.50985962231,34.4871205790553],[-118.509797646361,34.4874444703608],[-118.509635573002,34.4882914774271],[-118.509507534172,34.4889606052797],[-118.509436596074,34.4893323980758],[-118.509363158126,34.4897172888405],[-118.509317570184,34.4901096572081],[-118.509315162901,34.4902096624942],[-118.509313561805,34.4906259162839],[-118.509310456063,34.491309789709],[-118.509308922343,34.491647563955],[-118.509307284786,34.4920080500087],[-118.509304484784,34.4926242909826],[-118.509304483579,34.4926248057621],[-118.509301567085,34.4932697023679],[-118.509290956718,34.49561546016],[-118.509290859701,34.4956371505068],[-118.509290530031,34.4957101452671],[-118.509287912205,34.4962887589735],[-118.509241105799,34.4962892185594],[-118.509238268647,34.4963248896238],[-118.509216268123,34.4976448892749],[-118.509251268347,34.4979748894548],[-118.509267267973,34.4981268889929],[-118.509324267863,34.4983518892995],[-118.509445268086,34.4985878892793],[-118.509471270118,34.4986388888643],[-118.509769269325,34.4990028887878],[-118.510017268443,34.4993778893525],[-118.510160269276,34.4996418887985],[-118.510462268827,34.500009890134],[-118.510618269014,34.5002018895092],[-118.510748269909,34.5003178890142],[-118.511171270073,34.5006988907564],[-118.511490269497,34.5010708901773],[-118.511944270147,34.501718889442],[-118.512151268841,34.5020198895604],[-118.512357270829,34.5023198901263],[-118.512850269455,34.5030058904291],[-118.513079270626,34.5035888904122],[-118.513199269288,34.5040698890442],[-118.513204270355,34.5041578906625],[-118.513212270002,34.5042858895392],[-118.513100269809,34.5044968901448],[-118.513035269586,34.5046448905307],[-118.513026270336,34.5046648902476],[-118.512982270747,34.5048348893685],[-118.5130092701,34.5049418888593],[-118.513053269469,34.505011889816],[-118.513167269227,34.5051378892062],[-118.513195269939,34.5052828893478],[-118.51320026989,34.5057868896439],[-118.5132822713,34.5060378897564],[-118.513461270786,34.5064758898415],[-118.513594270253,34.5067158899577],[-118.513938271478,34.5072258898084],[-118.514403271151,34.5078048904486],[-118.514507270979,34.5079268902779],[-118.514779270887,34.5082478903362],[-118.515302270507,34.5089368906855],[-118.515530271804,34.5092108905699],[-118.515622270301,34.5095748904237],[-118.51574227035,34.5097648903996],[-118.515914270092,34.5099698898699],[-118.516180271896,34.5100988899016],[-118.516346271321,34.5102018907795],[-118.516413271247,34.5103938905667],[-118.516463271286,34.5106148909271],[-118.516496931386,34.5106899768595],[-118.5165152717,34.5107308905306],[-118.516725271983,34.5110108904921],[-118.516760271156,34.5111878913603],[-118.516843271096,34.5114958894266],[-118.516935270978,34.5118068908801],[-118.517029271073,34.5119108905887],[-118.517119270974,34.511943890114],[-118.517407270827,34.5120008895344],[-118.517745272605,34.5120788898993],[-118.517851270754,34.5121608900626],[-118.517866271875,34.5122208905435],[-118.517798271927,34.512258890636],[-118.517461272188,34.5122368910101],[-118.51730327181,34.5122688905821],[-118.517227270605,34.5123458912813],[-118.517229271439,34.5124548912884],[-118.517282271278,34.5126578902743],[-118.517384271132,34.5127688902679],[-118.517485271376,34.5128248911756],[-118.517646272093,34.5128868910561],[-118.517746270691,34.5129148899809],[-118.517843271057,34.512970890517],[-118.517977271347,34.5130778895858],[-118.51839927215,34.5132608907454],[-118.518580270776,34.5134698904771],[-118.518636271031,34.5135598908813],[-118.518769271979,34.5136028901109],[-118.519257273138,34.5136648914242],[-118.519190272729,34.5139568905474],[-118.519059271668,34.5144138908005],[-118.518905270782,34.5149008911216],[-118.518899271292,34.5150158906961],[-118.518828272627,34.5150998912118],[-118.51861927168,34.5152078902699],[-118.518454271455,34.5153158913386],[-118.518328272503,34.5154288905803],[-118.518239271841,34.5155688903916],[-118.518221272627,34.5156578914211],[-118.518207271404,34.5158008914584],[-118.518170272376,34.515962890203],[-118.517970271169,34.5163248918484],[-118.517842270834,34.5165378904921],[-118.51772027077,34.5166578913381],[-118.517655271643,34.516773890613],[-118.517625271423,34.5168898912286],[-118.517636271671,34.5170818918411],[-118.517689271936,34.5171498909878],[-118.51782827197,34.517286891641],[-118.517885271832,34.5174078917167],[-118.517880271715,34.5175438916893],[-118.517833271582,34.5176008902985],[-118.517633271488,34.5177648910188],[-118.517298272806,34.517973891223],[-118.517086272722,34.5181708912543],[-118.517060271946,34.5182998909665],[-118.51706627108,34.5184088901195],[-118.517092271957,34.5184838903594],[-118.51719327116,34.5186018915159],[-118.517270272197,34.5186698913947],[-118.51736127151,34.5188308910932],[-118.517343272549,34.5189138913758],[-118.517262271807,34.5191128920921],[-118.51710627137,34.5192598909531],[-118.516843272901,34.5195098922259],[-118.516686272912,34.5196378905454],[-118.516607271153,34.5196818913278],[-118.516480271656,34.5197058920188],[-118.51634027202,34.519704891639],[-118.516117270971,34.5197078914658],[-118.515990271161,34.5197518911769],[-118.515955271706,34.5198048902486],[-118.51594027311,34.519867890651],[-118.515977272194,34.5199068913923],[-118.516065271083,34.5199388913995],[-118.51618527179,34.5199578913987],[-118.516605270954,34.5200408907231],[-118.516734273156,34.5200798919897],[-118.516858272393,34.5201368909124],[-118.516988272258,34.5202378912623],[-118.517012272279,34.5202668913661],[-118.517015273083,34.5204228918889],[-118.516986272043,34.5205748906265],[-118.516936271225,34.5206548906398],[-118.516652271659,34.5208528922652],[-118.516058272881,34.5212858918607],[-118.514866271002,34.5221748926854],[-118.514669272895,34.522299892627],[-118.514407271414,34.5223988925277],[-118.514098271857,34.5225078922456],[-118.513893271711,34.5226258919604],[-118.513741272687,34.5228028912893],[-118.513600272173,34.5229828919796],[-118.513516271444,34.5230328917008],[-118.513316270621,34.5231518916219],[-118.512953271383,34.5233478915122],[-118.51282327241,34.5234118919413],[-118.51267527037,34.5234198922177],[-118.512431272088,34.5233638921588],[-118.512219271688,34.5233368922762],[-118.512123271832,34.5233378921416],[-118.512105272194,34.5233518921591],[-118.512086270768,34.5233678914818],[-118.512081271127,34.5234108920604],[-118.51209427294,34.5234838926464],[-118.512156271512,34.5236108928534],[-118.512442271966,34.5239908916723],[-118.512488271534,34.5241058922472],[-118.512494272483,34.5241748915934],[-118.512489270787,34.5243398925119],[-118.512521272194,34.524391891989],[-118.512648272445,34.5245688922765],[-118.512694272809,34.5247008919971],[-118.512704271114,34.5247798922451],[-118.512706271279,34.5249018922268],[-118.512656272135,34.5250148926806],[-118.512574271747,34.5251148910971],[-118.51246427137,34.5251688925991],[-118.512000272566,34.5253198921559],[-118.511898271067,34.5253968925819],[-118.511863272088,34.5254498922259],[-118.511860732921,34.525511666672],[-118.511860271516,34.5255228926513],[-118.511867272231,34.5256908928038],[-118.511821271294,34.525803892275],[-118.511704271451,34.525966893073],[-118.511666270919,34.5260628929017],[-118.511677272171,34.5261008919716],[-118.511686270638,34.5261378924708],[-118.51170047857,34.5261491206527],[-118.511629021934,34.5262107932701],[-118.511619285248,34.5263047339222],[-118.511497749198,34.5266680399568],[-118.511231816986,34.5270319537502],[-118.510995172595,34.52712684926],[-118.510953890436,34.5271227551058],[-118.510547457815,34.5272823868874],[-118.51011133804,34.5276470134729],[-118.510019323551,34.5277797127534],[-118.509870920419,34.5279681350787],[-118.508895548758,34.5287020825989],[-118.508500619034,34.5290579941233],[-118.508156682904,34.5293197923068],[-118.507977069603,34.5294656608776],[-118.507787767456,34.5297140058441],[-118.507726714643,34.5298508426231],[-118.507593592799,34.5300093206596],[-118.507399052303,34.5302448824833],[-118.507205005142,34.5305615370952],[-118.506887002102,34.5308488321132],[-118.506723140822,34.5310415828294],[-118.506261535815,34.5314617879784],[-118.506010336115,34.5317103880701],[-118.505789974605,34.5319417869783],[-118.505486914487,34.5321436521371],[-118.504988807825,34.5324999813476],[-118.50442955871,34.5329803395043],[-118.504362926969,34.5330489069475],[-118.504168344349,34.5332801958009],[-118.503942221871,34.5334134469278],[-118.503289377963,34.5337704118692],[-118.503125039013,34.5338863323028],[-118.503033031202,34.5340232948409],[-118.502966424368,34.5340961292318],[-118.502700584755,34.5344856322402],[-118.502557208084,34.5346569523546],[-118.502434023003,34.5347556293205],[-118.502197758884,34.5349187966299],[-118.502121091912,34.5350343540622],[-118.502085814569,34.5351710813233],[-118.502122869609,34.5353288505385],[-118.502232156562,34.5354905880268],[-118.502362099271,34.5356565087213],[-118.502424686151,34.5357714903201],[-118.502493383216,34.5360443689927],[-118.502424503359,34.5365952465283],[-118.502317148717,34.5367536120057],[-118.50216848023,34.5369036125294],[-118.502010063488,34.5371475526463],[-118.501959388506,34.5372971478672],[-118.501870270782,34.5376238933668],[-118.501785115718,34.5376391149664],[-118.501710185893,34.5376525083466],[-118.501456271192,34.5376978939662],[-118.501267272444,34.5378638942742],[-118.500835270664,34.538114893571],[-118.500374270355,34.5384378940479],[-118.499334270842,34.5392608938113],[-118.498959271429,34.5394878940685],[-118.498420270613,34.5399508954026],[-118.498350416619,34.5400036427656],[-118.497832270036,34.5403948944056],[-118.497236269908,34.5408268941894],[-118.497095269518,34.5409838952065],[-118.496910270708,34.5411048941702],[-118.496629269938,34.5412468942833],[-118.496321270704,34.5414618942986],[-118.496082270934,34.5416298955419],[-118.495814269647,34.5418178951532],[-118.495487270293,34.5420678957185],[-118.495193271242,34.5423058949736],[-118.494975270345,34.5424268947585],[-118.494822270781,34.542472894632],[-118.494703270598,34.5425138957251],[-118.494643270507,34.5426218950267],[-118.49466426973,34.5427248954768],[-118.494714270059,34.5428838942411],[-118.494718269535,34.5430578951197],[-118.494748269736,34.54317689615],[-118.494917271487,34.5432378955762],[-118.495129270234,34.543271895501],[-118.495231269801,34.5433538954689],[-118.495210271,34.5434728951317],[-118.494982270836,34.5436068951089],[-118.494854268934,34.5437308950938],[-118.494832269423,34.5437588950695],[-118.494709271368,34.5439158956268],[-118.49455927089,34.5444018945597],[-118.494462270978,34.5445858951994],[-118.494363269593,34.544682895786],[-118.494272269749,34.5447188962082],[-118.494261270309,34.5447218952645],[-118.494014269969,34.5447818958767],[-118.493766270075,34.544872894524],[-118.493432270148,34.5449438954673],[-118.493136269758,34.5450388958327],[-118.493003270446,34.5451078957686],[-118.492107269739,34.5454918952951],[-118.491779270336,34.5456588952317],[-118.491574269642,34.5457408965673],[-118.491278269762,34.5458358959816],[-118.49092127032,34.5459908961513],[-118.490628269698,34.5462168961329],[-118.490490270008,34.5463178951261],[-118.490100270148,34.546521896023],[-118.489949270326,34.546677896655],[-118.48987527082,34.5468218956244],[-118.489783269561,34.547064895178],[-118.489710270747,34.5472608954308],[-118.489574270984,34.5474168955106],[-118.48945126976,34.5475218960304],[-118.489165269417,34.5476208960034],[-118.488741268984,34.5478398964383],[-118.488318270722,34.54801989495],[-118.487771268559,34.5482928963955],[-118.487190269383,34.548600895503],[-118.486901269427,34.5487878964561],[-118.486697269355,34.5489448969185],[-118.486484270007,34.5491108960386],[-118.48633226883,34.5491918963768],[-118.486159269104,34.5491938960249],[-118.486092268536,34.5491828959615],[-118.485977270131,34.5491838960598],[-118.485924268808,34.549192896142],[-118.485906269443,34.5492328958038],[-118.485897269171,34.5493038962919],[-118.485891269807,34.5494748964194],[-118.485835269738,34.5495668965898],[-118.485725270038,34.5495878957336],[-118.485581269784,34.5495978959415],[-118.485384268869,34.5495998957535],[-118.485245267939,34.5495938969496],[-118.485216268331,34.5495988963423],[-118.485165268283,34.5496588955121],[-118.485195268052,34.5497608960061],[-118.485384269431,34.5498538969668],[-118.485558268373,34.5499238956727],[-118.485776269624,34.5500518963367],[-118.486018269972,34.5501718969275],[-118.486120268238,34.5502108963138],[-118.486183269392,34.5502538966923],[-118.486179269489,34.550316896879],[-118.486128269606,34.5503848965863],[-118.486056269901,34.5503898960442],[-118.485940269812,34.5503638967148],[-118.485650269549,34.5502478968071],[-118.48553527035,34.5502338960013],[-118.48545826826,34.5502468963031],[-118.485344270173,34.5503108958092],[-118.485256269325,34.5504668957186],[-118.48519426876,34.5505198970168],[-118.485118270696,34.5505208964922],[-118.484924268707,34.5504668970404],[-118.484814268628,34.5505048963201],[-118.484659268543,34.5506648963594],[-118.484592269974,34.550681896838],[-118.484462269621,34.5506788975673],[-118.484360268887,34.5506008977135],[-118.484224269008,34.5504718960671],[-118.484076972164,34.5502630704403],[-118.484066269009,34.5502478971415],[-118.483883268891,34.550193896368],[-118.483767269696,34.5501558965615],[-118.483567269064,34.5499918966704],[-118.483427268033,34.5499458963773],[-118.483360269429,34.5499618963875],[-118.483319269206,34.5500458968668],[-118.483302269023,34.5501738972664],[-118.483236269666,34.5502778974369],[-118.483131269322,34.550270896399],[-118.482990269826,34.5501728959825],[-118.482944268784,34.5500468968564],[-118.482980269629,34.5498638964347],[-118.482942267957,34.5496178968067],[-118.482883268761,34.5493008962432],[-118.482851268566,34.5490748965023],[-118.482684269124,34.5489108965102],[-118.482607269644,34.5488798969489],[-118.48250126931,34.5488868973316],[-118.482478267934,34.5488888954108],[-118.482393269359,34.549013896801],[-118.482364268571,34.549287895391],[-118.482283268246,34.5495868968659],[-118.482219269372,34.550047896207],[-118.482227269756,34.5501988960941],[-118.482176269627,34.5502938957175],[-118.482070269292,34.5502998968258],[-118.481881268956,34.5501988959934],[-118.48149926761,34.5499968966839],[-118.481208268216,34.5498618968219],[-118.481079269268,34.5498548962126],[-118.48095926793,34.5498568967353],[-118.480819268829,34.5498148962075],[-118.480740268988,34.5496928971036],[-118.480593268936,34.5495398975672],[-118.480409268743,34.5494348962388],[-118.480244268622,34.549344895733],[-118.480085267878,34.5493078972138],[-118.480057267654,34.5493108963493],[-118.479980267885,34.5493208974022],[-118.479928268167,34.549376897341],[-118.480021267687,34.5494988966483],[-118.480163268916,34.5496358965256],[-118.480281267404,34.5497808966071],[-118.480281269595,34.5500708974553],[-118.480288267954,34.5501938973375],[-118.480349268398,34.5503718967227],[-118.48029026838,34.5505468960702],[-118.48025826748,34.5506588964527],[-118.480208267641,34.5508218969346],[-118.48014026867,34.5508348970374],[-118.479904268467,34.5507508977373],[-118.479711269671,34.5507208963314],[-118.479606269594,34.5507188966115],[-118.479438269517,34.5507398963311],[-118.479203268613,34.55074689709],[-118.479093267248,34.5507448977219],[-118.479069268792,34.5507728963665],[-118.479066268892,34.5508558971942],[-118.479103267269,34.5510538966041],[-118.479081267301,34.5511418973895],[-118.478962267575,34.5512068968689],[-118.478827268159,34.5511918966492],[-118.478625267669,34.5511588962652],[-118.478437267829,34.5511298963712],[-118.478208267714,34.5511598974208],[-118.478016267452,34.5511978977401],[-118.477839267726,34.5511958966867],[-118.477636268096,34.5511468965194],[-118.477438269024,34.5510498962958],[-118.477248267685,34.5509138968123],[-118.477137267894,34.5508358965226],[-118.477059268196,34.5508568973473],[-118.47700326804,34.5509288966637],[-118.476974267251,34.551194897313],[-118.476956266936,34.551532896526],[-118.476895268463,34.5516248968085],[-118.476762268026,34.551662897018],[-118.476551268455,34.5516928973164],[-118.476399267117,34.5517738968685],[-118.476279267179,34.5517598969938],[-118.476094268241,34.5516188969829],[-118.476021268679,34.5515798981831],[-118.475974268548,34.5515928975096],[-118.475927268263,34.551668896284],[-118.475852268105,34.5517688969279],[-118.475714267542,34.5518098978159],[-118.475597267458,34.5517518974152],[-118.475490268078,34.5516738970975],[-118.475404267398,34.5516548968544],[-118.475332268195,34.5516558979948],[-118.475299266851,34.5516958970504],[-118.475331267741,34.5518548964068],[-118.475366268412,34.5519688970209],[-118.475367268392,34.55203289777],[-118.47529226849,34.5521008966306],[-118.475153268297,34.5521268967088],[-118.474808268357,34.5521468971881],[-118.474674268934,34.5521798973471],[-118.474569267604,34.5522808969934],[-118.474476267417,34.5524168982579],[-118.474421268303,34.5525598983473],[-118.47432226819,34.5526408974501],[-118.47419626776,34.5525748973559],[-118.474056266056,34.5525528983948],[-118.474004267043,34.552600897425],[-118.47401226759,34.5527718971803],[-118.47401926696,34.5528828971537],[-118.473905268069,34.5529668979091],[-118.473527266763,34.5530388962915],[-118.47331726773,34.5530978981162],[-118.473280267147,34.5531968980519],[-118.473244267123,34.5533288970932],[-118.47332126683,34.5535778966522],[-118.473356267606,34.5536648971531],[-118.473438267862,34.5536758971786],[-118.473571266334,34.5536018973529],[-118.473642267732,34.5535378971992],[-118.47373326771,34.5535288976749],[-118.473791269036,34.553567897736],[-118.473821266327,34.5536228981652],[-118.473813267038,34.5537268967945],[-118.47380526777,34.5538178972394],[-118.47384926834,34.5538648979116],[-118.473940267645,34.55385189727],[-118.47413526771,34.5537738982893],[-118.474283267712,34.5537248970158],[-118.474447267343,34.5537588977633],[-118.47485326816,34.5539318981453],[-118.474979267626,34.5539388972787],[-118.475117267875,34.5538778969254],[-118.475224268592,34.5537058975402],[-118.475319268121,34.5536418971894],[-118.475614267906,34.5537768972612],[-118.475822267717,34.5538898967003],[-118.475858268002,34.5539798973556],[-118.475851268105,34.554182896754],[-118.475911268116,34.5543128968973],[-118.475912268543,34.5543768976264],[-118.475804269144,34.5545048971975],[-118.475695268897,34.5545398965987],[-118.475514268206,34.5546698982192],[-118.474782268931,34.5550798985336],[-118.474430267547,34.5552738978496],[-118.474238268991,34.5552768985546],[-118.473911268013,34.5552408973908],[-118.473677267215,34.5552868978798],[-118.473415267481,34.5554138972087],[-118.473074267973,34.5556158976096],[-118.472959267141,34.5556488975905],[-118.472882268337,34.5556498977954],[-118.472676267902,34.5556488981734],[-118.472317268022,34.5557678982007],[-118.471913267057,34.5559638971683],[-118.471081267167,34.5563868991616],[-118.471037268072,34.5563708982109],[-118.470989267519,34.5563438970309],[-118.470935267893,34.5563248984772],[-118.470868268385,34.5563258983109],[-118.470787267231,34.5563658982138],[-118.470740267264,34.5564218973017],[-118.470691267204,34.5564858988369],[-118.470677267719,34.5565818977932],[-118.470386266406,34.5566728977437],[-118.470032267069,34.556743897906],[-118.469855266898,34.5567698982406],[-118.469604267364,34.5567018984507],[-118.46944026758,34.5566918987517],[-118.469297266076,34.5567328980854],[-118.469184267799,34.5568138974128],[-118.469102267024,34.5568188983691],[-118.468967267279,34.5567888975321],[-118.468856266659,34.5567468984062],[-118.46872926818,34.5568708990446],[-118.468670268009,34.5570778984276],[-118.468622266528,34.5573648980742],[-118.468509267083,34.5574888976634],[-118.468404266999,34.5575018986073],[-118.468302267582,34.5574238979698],[-118.468190266481,34.5573898986112],[-118.468037267476,34.5574188978273],[-118.467832266481,34.5575168987108],[-118.467648266827,34.5576658987645],[-118.467524266912,34.5577188978708],[-118.467384267997,34.5576578984784],[-118.467188266635,34.5574608985076],[-118.466973266802,34.5572138987933],[-118.466789267407,34.5571248988044],[-118.466638265562,34.5570118985478],[-118.466564267045,34.5568888984184],[-118.466486267065,34.5568108987568],[-118.4664042671,34.5567878983538],[-118.466280266268,34.5568248986563],[-118.466249266739,34.5570158991141],[-118.466132266512,34.5571488991316],[-118.466031437418,34.5572347477019],[-118.465957266537,34.5572978981543],[-118.465807265546,34.5575178988665],[-118.465757266587,34.5576848986256],[-118.465705266873,34.557974897334],[-118.465678267033,34.5580798985402],[-118.465766267123,34.5581618983021],[-118.465835267668,34.5582598989722],[-118.465866266719,34.5583828994317],[-118.465821266093,34.5585658983112],[-118.465640267768,34.5586908987354],[-118.465372267771,34.5587418988107],[-118.465202781126,34.5587262537283],[-118.465112267039,34.5587178987526],[-118.464900267414,34.5586208983978],[-118.464546266512,34.5584338979512],[-118.464251266638,34.558326898552],[-118.464133266707,34.5581578980557],[-118.464036266519,34.5578128992825],[-118.463996265133,34.5576978986049],[-118.463904265738,34.557647898002],[-118.463798267171,34.5576568987125],[-118.463622267036,34.5577108982814],[-118.463516267269,34.5577198987499],[-118.463362265573,34.5576858983089],[-118.463085266801,34.5575028983882],[-118.462954265737,34.5573768976008],[-118.462830266413,34.5571958986795],[-118.462799266228,34.5570768984161],[-118.46274526675,34.5570188981078],[-118.462537265386,34.5569378984909],[-118.462383265492,34.5568838983016],[-118.462152266021,34.5568828975292],[-118.461960266627,34.556864898554],[-118.461754266684,34.5568638984308],[-118.461604265752,34.5568338977523],[-118.461450265408,34.5567998984947],[-118.461316266055,34.5567968986283],[-118.461105265433,34.5568038984849],[-118.460908265033,34.5568228991397],[-118.460731266533,34.5568398988727],[-118.460573266258,34.5568778985477],[-118.460411265306,34.5568998994096],[-118.460277266123,34.5569128986409],[-118.459950264902,34.5569288985651],[-118.459595266063,34.5569688993102],[-118.45928926508,34.5569878985192],[-118.459092265957,34.556990898682],[-118.458977265657,34.5570278980751],[-118.458925266084,34.5570758987006],[-118.458913266387,34.5571678985453],[-118.459045265077,34.557300899329],[-118.459307265529,34.5574688988642],[-118.45944326466,34.5575898983344],[-118.459553264743,34.5578588990702],[-118.459619265677,34.558043899004],[-118.459592265826,34.5581358979549],[-118.45949726695,34.5582048983809],[-118.459320266128,34.5582628991509],[-118.459249265471,34.5583188988354],[-118.459210264586,34.5585339000617],[-118.45908326609,34.5586978992441],[-118.458935844104,34.5588100224356],[-118.458891254123,34.5588439357849],[-118.458870265099,34.5588598990005],[-118.458719266053,34.5589648989742],[-118.458639265488,34.5590848989741],[-118.458545265953,34.5592168987422],[-118.458398265237,34.5592898989683],[-118.458178265053,34.5593208991781],[-118.458039265503,34.5593738991476],[-118.458022265298,34.559472899126],[-118.458174265203,34.5596498991103],[-118.458341266198,34.5598858984119],[-118.458534265919,34.5599588994912],[-118.458646265599,34.5600448995039],[-118.458789265944,34.5602578980643],[-118.458870265869,34.5604708998347],[-118.45890626522,34.5606138987432],[-118.458915265933,34.5608718996729],[-118.458984265857,34.5609668985068],[-118.459067266518,34.5610568995479],[-118.459098266042,34.5611598995631],[-118.459080265548,34.5612628990052],[-118.45906826657,34.5613708990561],[-118.459143265398,34.5615758988406],[-118.459251266151,34.5616738991551],[-118.459387265364,34.5618068997376],[-118.459452265804,34.5619258993514],[-118.459602265534,34.5622648998125],[-118.459690266935,34.5624108994579],[-118.459707265976,34.5625338993786],[-118.459685265797,34.5626688982707],[-118.459673265321,34.562791898818],[-118.459746266372,34.5628228991662],[-118.45987026648,34.5628058986842],[-118.460013266088,34.5627448985243],[-118.460090265796,34.5627399001288],[-118.460134266975,34.5627788983802],[-118.460154266194,34.5628298984415],[-118.46015026677,34.5628939001007],[-118.460085266301,34.5629898997319],[-118.460038265706,34.563077898675],[-118.460126266269,34.5631688996769],[-118.460237266939,34.563226899787],[-118.460400265727,34.5632208992779],[-118.460558266147,34.563182899899],[-118.460654266245,34.5631658992696],[-118.460814267146,34.5632558992558],[-118.460972266727,34.5634518987088],[-118.461007266347,34.5635388990408],[-118.460967266244,34.563709899361],[-118.460892266105,34.56384990013],[-118.460560267214,34.5640838989171],[-118.460403266557,34.5641338991822],[-118.460250266138,34.5641948989005],[-118.460146266319,34.5643078993374],[-118.459972266617,34.5645159003416],[-118.459707266926,34.564737899876],[-118.459581265966,34.5649178995007],[-118.459611266035,34.5649928991214],[-118.459669265392,34.5650038991757],[-118.459769266211,34.5649869003501],[-118.459869267637,34.5649378991756],[-118.459966265915,34.5649729005807],[-118.460034266269,34.5650229003518],[-118.460036266234,34.5651428990159],[-118.459946266492,34.5652548996597],[-118.459723265723,34.5653488997522],[-118.459504266078,34.5654699002402],[-118.459415265771,34.5655829000982],[-118.459307267339,34.5657468996349],[-118.459169265895,34.5658008995435],[-118.458915266596,34.5658308989663],[-118.458643267207,34.5658978993902],[-118.458465266903,34.5658958999178],[-118.45834426644,34.5658259005869],[-118.458192265525,34.565644899032],[-118.458113267209,34.5655348991779],[-118.457992266332,34.5654808997266],[-118.45773626647,34.565388900235],[-118.457508265264,34.5652608988501],[-118.457386265287,34.565174900299],[-118.457315265137,34.5652109003007],[-118.457244266258,34.5652518992002],[-118.45714626708,34.5654358991311],[-118.457068265045,34.5656389008829],[-118.457061266599,34.5657578993732],[-118.457115265393,34.5658568989129],[-118.457150265875,34.565911899865],[-118.457109266131,34.5660389001717],[-118.456984266696,34.5663108999916],[-118.456925267122,34.566505899465],[-118.456708265447,34.5667228995285],[-118.456588265515,34.5667518999202],[-118.456306265063,34.5667789005519],[-118.456177265284,34.5668088998641],[-118.456112265026,34.5669408996077],[-118.456162265289,34.5670789009137],[-118.456171266209,34.5672889002643],[-118.456118265973,34.5675519002806],[-118.45607126676,34.5676239000966],[-118.455909265737,34.5676849001241],[-118.455642265892,34.5677958999799],[-118.455457265752,34.5679369011068],[-118.455353265111,34.5679899001303],[-118.455179266732,34.567991899819],[-118.45498126456,34.5679299008036],[-118.45478426631,34.5679168999657],[-118.454507266981,34.5679479002775],[-118.454301265722,34.5680099002378],[-118.454177266874,34.5680518996164],[-118.454264265226,34.5681019010035],[-118.454317265792,34.5681059003429],[-118.454581265524,34.5680949006938],[-118.454807266062,34.5681319000253],[-118.454976265851,34.5681848998382],[-118.455117266854,34.5682748999971],[-118.455503265375,34.5683969009384],[-118.455653264828,34.5684469004493],[-118.455825266558,34.5683808994768],[-118.456069265513,34.5683148994152],[-118.45657726676,34.5682769010441],[-118.456853266208,34.5681788995185],[-118.456971266538,34.5680658998171],[-118.457063267084,34.5678268991249],[-118.457076265628,34.5677628998217],[-118.457186266043,34.567721899449],[-118.457272267084,34.5676968993643],[-118.457361266278,34.5675889000686],[-118.457448265726,34.5675908994087],[-118.457501265862,34.5676308996682],[-118.457442266145,34.5678178992544],[-118.457349266281,34.5679939001895],[-118.457220266103,34.5682658999184],[-118.457020266801,34.5686769000539],[-118.456950266221,34.5687848997604],[-118.456736267245,34.5688668999362],[-118.456521265526,34.5689569000044],[-118.456289266119,34.5691299008803],[-118.456051265375,34.5692198999235],[-118.455638266761,34.5692369004242],[-118.455524265303,34.5692899010192],[-118.455382266697,34.5693829005999],[-118.455345266447,34.5695029002632],[-118.455351265558,34.5695649007201],[-118.454939266734,34.5695849007665],[-118.454516265444,34.5695898995706],[-118.454354265745,34.5696339001862],[-118.454330266292,34.5696399003001],[-118.454249266241,34.5696919009206],[-118.454218265861,34.5697999001756],[-118.454219266053,34.5698589001708],[-118.454239265645,34.5699189001535],[-118.454423267107,34.5700309006801],[-118.454580266095,34.57022390095],[-118.454830264796,34.570534901195],[-118.454837265693,34.5706218998364],[-118.45479426613,34.5706659000007],[-118.454693265828,34.5706319002197],[-118.454532265076,34.5705099000307],[-118.454464267031,34.5704719009661],[-118.454363266053,34.5704409002786],[-118.454306265498,34.5704499014359],[-118.454225267036,34.5705179013421],[-118.454130265821,34.5705789000151],[-118.453948265989,34.5706089002544],[-118.453786266264,34.5706619008972],[-118.453572265923,34.5707479000209],[-118.453396265512,34.5708569008656],[-118.453218264593,34.5708749002511],[-118.453041266266,34.5709008993514],[-118.45291126617,34.5708869000953],[-118.452757265272,34.5708369003919],[-118.452612265646,34.5708029005385],[-118.452506266635,34.5708039011285],[-118.452482265659,34.5708049010387],[-118.452464266234,34.5708489010375],[-118.452474266503,34.5708919006653],[-118.452571265384,34.5709149014912],[-118.452759265815,34.5709479000647],[-118.453073265743,34.5710919009392],[-118.453339265567,34.5712068996166],[-118.453536265974,34.5712289009052],[-118.453838265821,34.5711579009086],[-118.453948265931,34.5711329001158],[-118.454088266329,34.5711629007779],[-118.454220266419,34.5712969001297],[-118.454351265754,34.5713858999948],[-118.454506266009,34.5715079003227],[-118.45472226631,34.5717629000498],[-118.454883265988,34.5719118996709],[-118.454994265475,34.5719499006755],[-118.455080266478,34.5719409014862],[-118.455227265862,34.5718088999473],[-118.455298264922,34.5717319008935],[-118.45536926584,34.5716879011078],[-118.455436265344,34.5717069002226],[-118.455538266412,34.5717689005214],[-118.455639266054,34.5717959010881],[-118.455678264846,34.571787899891],[-118.455744266324,34.5717429008145],[-118.45579126579,34.571698901544],[-118.455834266709,34.5716629002332],[-118.45589126685,34.5716539001676],[-118.455920265417,34.5716619005643],[-118.455964266369,34.5717089004073],[-118.456000266784,34.5718549002642],[-118.456075265898,34.5719849004802],[-118.45615226755,34.5722979003264],[-118.456187265891,34.5723569006853],[-118.456289265508,34.5724309005209],[-118.45648226648,34.5724799009301],[-118.456680265992,34.5725059006459],[-118.456769265343,34.5724649011861],[-118.456842267633,34.5724319006055],[-118.456893267503,34.5723799001887],[-118.456994267547,34.5723669008946],[-118.4570572672,34.5723898997893],[-118.457082267107,34.5724609006972],[-118.457012265987,34.5725539008593],[-118.456907266187,34.5726219017466],[-118.456803266961,34.5726709001033],[-118.456707266705,34.5727038996466],[-118.456657266332,34.5727139006212],[-118.456621265435,34.5727209009943],[-118.456294265565,34.5726769008241],[-118.455996265936,34.5726689005228],[-118.45592026632,34.5726819007517],[-118.455648265997,34.5728159008616],[-118.455406265929,34.5729779000945],[-118.455105267058,34.5730609012666],[-118.454687009685,34.5732237176967],[-118.454676265485,34.5732279003908],[-118.454419264969,34.5733659002558],[-118.454157266337,34.5734969017062],[-118.453723265559,34.5736569004823],[-118.453481266894,34.5738069010896],[-118.453311265391,34.5739679007815],[-118.45319226645,34.5740759006897],[-118.453073266126,34.5741369014462],[-118.453032265931,34.574240901503],[-118.453011265385,34.5744319004753],[-118.453006265688,34.574697900497],[-118.45305626656,34.5747959015371],[-118.453183265838,34.5749219006831],[-118.45333826549,34.5750349016805],[-118.453447266722,34.5751849012895],[-118.453487266357,34.5753189011699],[-118.453542265466,34.5754179002714],[-118.453649267159,34.5755079009711],[-118.453709265992,34.5755939021238],[-118.453705265397,34.5756659008644],[-118.453682266074,34.5757099016549],[-118.453592266653,34.5757548999005],[-118.453305266955,34.5758289002945],[-118.453075265741,34.5759039018656],[-118.45291026528,34.5760409018193],[-118.452796265627,34.5761539014409],[-118.452789266668,34.5762889006308],[-118.452779265662,34.5765149006763],[-118.452710266294,34.5766979015678],[-118.452596266681,34.5767909016348],[-118.452411265808,34.5768769014739],[-118.452269264653,34.5770009024154],[-118.452214266751,34.5771409015155],[-118.452168266147,34.5772849014202],[-118.452094267364,34.5774679007068],[-118.451995266876,34.5775719015567],[-118.451834264918,34.5776969021104],[-118.45171126538,34.577789901433],[-118.451712265923,34.5778579021789],[-118.451831266595,34.5780469019018],[-118.451943266995,34.5781569019775],[-118.452268265223,34.5783149016013],[-118.45228826702,34.5783239009753],[-118.452369267234,34.578357900577],[-118.452460265927,34.5783689020518],[-118.452681265663,34.5783579008709],[-118.452879266976,34.5784149011099],[-118.45311926595,34.5784439018582],[-118.453332265693,34.5785089005315],[-118.453444266441,34.5785959023171],[-118.453446267143,34.5787429005376],[-118.453277265925,34.5789229003938],[-118.453015265429,34.5790569013021],[-118.452893265602,34.579228901096],[-118.452839266623,34.5794249019277],[-118.45279426738,34.5796079008158],[-118.452696265446,34.5797909023993],[-118.452567267108,34.5798169013068],[-118.452414266216,34.5798419012963],[-118.452343266472,34.5798989010187],[-118.452297267172,34.5799989021751],[-118.452338267841,34.5801369022936],[-118.452226266677,34.5803169021333],[-118.452098267709,34.5804579020718],[-118.452034266731,34.5806329018185],[-118.452141267182,34.5809889021329],[-118.452274265972,34.5811429009303],[-118.452356266979,34.5812209009621],[-118.452312266184,34.581419901516],[-118.452273266738,34.5816669020541],[-118.452236266523,34.5817699014892],[-118.45212726626,34.5818269027283],[-118.451983265524,34.5818129022296],[-118.45184726633,34.5817429017807],[-118.451731265567,34.5816809008707],[-118.451682266795,34.5816019023948],[-118.451671266586,34.5815309016166],[-118.451612265806,34.581467902615],[-118.451500267537,34.5813779015952],[-118.45140226739,34.5812839025226],[-118.451349265587,34.5812569022864],[-118.451282265426,34.5812579011602],[-118.451096266398,34.5813159013755],[-118.450971265435,34.5813449011274],[-118.450886266075,34.5813849023625],[-118.450942266541,34.5815749010971],[-118.451007265568,34.5817099015762],[-118.451028266069,34.5818239021076],[-118.451037265833,34.5821059023306],[-118.450981266339,34.5821979012038],[-118.450876266181,34.5822109021646],[-118.450774265835,34.5821409023983],[-118.450711266797,34.5820899026137],[-118.450545266159,34.5820049024791],[-118.450469266268,34.5820059018108],[-118.4504462666,34.5820889026431],[-118.450473266985,34.582235901032],[-118.450509267141,34.582401901666],[-118.450460266461,34.5826129021519],[-118.450528266381,34.5826759026027],[-118.450615265544,34.5826989024103],[-118.450692266583,34.5827019020298],[-118.450956267117,34.5826989024276],[-118.451100267025,34.5827129023469],[-118.451304267495,34.5828099014038],[-118.451441266672,34.5829229021902],[-118.45159526598,34.5829889019699],[-118.451693266112,34.5830869018268],[-118.451734265946,34.5832409013968],[-118.451747266436,34.5834589021209],[-118.451771265199,34.5834849029284],[-118.451835266318,34.5835539018075],[-118.45199126706,34.5836399029005],[-118.45205026789,34.5837579016919],[-118.452062266147,34.5839129024175],[-118.451917266743,34.5841209023363],[-118.451795266496,34.584256901368],[-118.451762266645,34.5843249022385],[-118.451596265619,34.5844379018392],[-118.451368265976,34.5845399021363],[-118.451277266328,34.5845699018942],[-118.451100266947,34.5846269022194],[-118.450885266246,34.5846809014711],[-118.4507372671,34.584773901381],[-118.450630267053,34.5849219032332],[-118.450488266197,34.5850349024662],[-118.4502912654,34.5850489019857],[-118.4501762676,34.5850099026923],[-118.450021265625,34.5849569020554],[-118.449978265431,34.5849849029272],[-118.449950266456,34.5850129014375],[-118.449950266981,34.5850569028535],[-118.450015264968,34.5851909022285],[-118.450065266402,34.5852899032767],[-118.450071265502,34.5853649019985],[-118.450040265512,34.5855119024399],[-118.450057266548,34.5856469025918],[-118.45025026531,34.5860069023612],[-118.450333265921,34.5860729016859],[-118.450434266482,34.5860839027979],[-118.450562265645,34.5860269021168],[-118.450674267663,34.5858309028774],[-118.450772267329,34.5856749018392],[-118.450981267759,34.5855339030879],[-118.451272266292,34.5853669016951],[-118.451505267381,34.5852609019014],[-118.451639267121,34.5852239023585],[-118.451650265752,34.5852239029566],[-118.451744267529,34.5852219029139],[-118.451874266993,34.5852329023187],[-118.451986265941,34.585282902501],[-118.452064267034,34.5853569013079],[-118.452089266231,34.5854559016681],[-118.452065265763,34.5856909019772],[-118.452077267495,34.5858539018479],[-118.452126266125,34.5859129026075],[-118.452300266609,34.5859709027218],[-118.452388266588,34.5860569021125],[-118.452380266753,34.5861679018624],[-118.452297267531,34.5862319022921],[-118.452124266039,34.5863659025052],[-118.45195326701,34.5864589028826],[-118.451747266348,34.5864969024333],[-118.451503267555,34.5865509023463],[-118.451197267039,34.586621902039],[-118.450915265339,34.5866809028399],[-118.450691267023,34.5867789022495],[-118.450597265973,34.5868789021504],[-118.450410266371,34.587170902679],[-118.450284266533,34.5873949024308],[-118.45031526719,34.5875299029423],[-118.450439265861,34.5877469027925],[-118.450538498096,34.5879741084778],[-118.45058426662,34.588078902824],[-118.450687267209,34.5881849021353],[-118.45082726722,34.5882389023668],[-118.450822266382,34.5885399024832],[-118.450777266271,34.5886919025306],[-118.450708266389,34.5888429025202],[-118.450595267877,34.5889839027523],[-118.450397266442,34.5892119026688],[-118.450147266291,34.589456903688],[-118.449909266682,34.5896759022909],[-118.449597266876,34.5899179023914],[-118.449359266882,34.5900599028713],[-118.449228266616,34.5902239030201],[-118.449074616478,34.5903439249181],[-118.448884815715,34.5904476697643],[-118.448774963455,34.590615521033],[-118.448703185582,34.5907956978653],[-118.448597389684,34.5910612695688],[-118.448567159973,34.5912316899682],[-118.448603827002,34.5913038926013],[-118.448594807124,34.5913151813674],[-118.448617267511,34.5912999033526],[-118.448705266001,34.5913659024459],[-118.448750853384,34.5913687695638],[-118.448864266791,34.5913759028221],[-118.449064266917,34.5912859036834],[-118.449197266765,34.5912049028966],[-118.449243266529,34.591120902351],[-118.449251266999,34.591049902425],[-118.449120273943,34.5909597224613],[-118.449052266336,34.5909129026717],[-118.449002844174,34.5908595890564],[-118.4489252669,34.5907759026295],[-118.448933076378,34.5907463994912],[-118.448943266077,34.5907079030125],[-118.449004266811,34.5906279030823],[-118.449147266448,34.5905469032634],[-118.449381267037,34.5905119022831],[-118.449660267637,34.5904769029658],[-118.449759819178,34.5904359112383],[-118.449779267198,34.5904279022901],[-118.450117266527,34.5902489028514],[-118.450152401053,34.5902416597399],[-118.450354478364,34.5902000010839],[-118.450442267739,34.5901819023031],[-118.45049926761,34.5901529037107],[-118.450580267158,34.5900969030446],[-118.450831265557,34.5898869025784],[-118.451015862354,34.5897023067222],[-118.451076266842,34.5896419024863],[-118.451233266767,34.5895409029987],[-118.451438265838,34.5894989026272],[-118.451607267111,34.5895209020637],[-118.451747268515,34.5895979026194],[-118.451932266762,34.5897469033074],[-118.452089267943,34.5899239026905],[-118.452154267698,34.5900619027152],[-118.452098266928,34.5901899033153],[-118.451999266811,34.5902739028345],[-118.451718266925,34.5904089034574],[-118.451414268043,34.5905869030039],[-118.451143267571,34.5907419023326],[-118.451030266348,34.5908739030668],[-118.450943266631,34.5910849020884],[-118.450917267155,34.5912479032115],[-118.450802266527,34.5915829027868],[-118.450761267636,34.5916989028583],[-118.450791071522,34.5917279655121],[-118.450922268071,34.5918559030864],[-118.451088267092,34.5919809031303],[-118.451124265915,34.592110903027],[-118.451242266879,34.5922769027174],[-118.451365267167,34.5924699022785],[-118.451452267325,34.5924769031243],[-118.451576266974,34.5924309031293],[-118.451632267388,34.5923309031202],[-118.451658267155,34.5922159023872],[-118.451800248263,34.592130398352],[-118.452012267212,34.5921479028248],[-118.45231026608,34.5923129029238],[-118.452882267826,34.5926069034014],[-118.452997340806,34.592646331692],[-118.453285431122,34.5927450415098],[-118.454192910627,34.5925448692318],[-118.454324268217,34.5926169028954],[-118.454348723528,34.5926581867446],[-118.454312249258,34.5926617704919],[-118.454245847133,34.5926709464166],[-118.454162856895,34.5926860396593],[-118.454081546989,34.5927042070614],[-118.454001919334,34.5927258011138],[-118.453955483403,34.5927403970657],[-118.453836093938,34.5927834352075],[-118.453671982785,34.5928499958367],[-118.453555977645,34.5929029693424],[-118.453439975716,34.592958356995],[-118.45302742976,34.5931673566623],[-118.452986751381,34.5931905105475],[-118.452931363022,34.5932219816635],[-118.452827052901,34.5932873076876],[-118.452717770402,34.5933550357595],[-118.452621696474,34.5934086174815],[-118.452504023448,34.593461266229],[-118.452444339427,34.593484513221],[-118.452381320794,34.5935049968148],[-118.452318282141,34.5935224080705],[-118.452253562059,34.5935367450564],[-118.452092550719,34.5935624071786],[-118.451928170581,34.5935812336679],[-118.451513036967,34.5936215769486],[-118.451167691174,34.5936633907114],[-118.451019937746,34.5936842160308],[-118.450923664154,34.5937010611158],[-118.450842346186,34.5937178524565],[-118.450683069261,34.5937579269847],[-118.450571935074,34.5937909866303],[-118.450480737618,34.5938246276927],[-118.450392893858,34.5938637789692],[-118.450324982247,34.5939014544752],[-118.450247172521,34.593952937321],[-118.450174386,34.5940102226252],[-118.450095026968,34.5940826471016],[-118.450022336726,34.5941591658787],[-118.449967874377,34.5942266920905],[-118.449916750643,34.5942969474406],[-118.449868964049,34.594369255799],[-118.449816265002,34.5944556568412],[-118.44975374499,34.5945685492913],[-118.449585980599,34.5948834612851],[-118.44936908308,34.5953297456055],[-118.449265616701,34.5955533929765],[-118.449122740994,34.5958616780758],[-118.448947127456,34.596262137155],[-118.448869941823,34.5964293511429],[-118.448805828501,34.5965559845019],[-118.448647884561,34.5968444091647],[-118.448585434648,34.59697172502],[-118.448549368324,34.5970622092793],[-118.448516636846,34.5971547096401],[-118.448487235776,34.5972486040733],[-118.448466147359,34.5973434829405],[-118.448445213678,34.5974658386372],[-118.448440600594,34.5975338644649],[-118.448440897075,34.5975888181811],[-118.448444587329,34.597657500333],[-118.448460503654,34.5978363787553],[-118.448491414325,34.5983305469491],[-118.448500684296,34.598509119017],[-118.448503165887,34.5986598889365],[-118.448499510406,34.5989072053445],[-118.448492314996,34.5991133191566],[-118.448480137286,34.599319454951],[-118.44846621662,34.5995115199495],[-118.448447385817,34.5997169915148],[-118.44842660372,34.5998671557692],[-118.448397725216,34.6000579101228],[-118.448355787991,34.6002930042566],[-118.448299172399,34.6005776116321],[-118.448289477757,34.6006281270342],[-118.44825379223,34.6007903823792],[-118.448109109624,34.6013830712542],[-118.447996382487,34.6017390033863],[-118.44793257759,34.6019236703188],[-118.447899690962,34.60201153361],[-118.447832180137,34.6020115190922],[-118.447487180531,34.6020114435981],[-118.447300406874,34.6020114034646],[-118.447205756959,34.6020113820771],[-118.446749952866,34.6020112811421],[-118.446683488701,34.6020112657458],[-118.446617025627,34.6020112503092],[-118.446299618668,34.6020111782497],[-118.446129009407,34.6020111400765],[-118.445214228525,34.6020109265198],[-118.441914693587,34.6020100986436],[-118.4378540094,34.6020089573548],[-118.436399636989,34.6020085156643],[-118.433907070284,34.6020077180212],[-118.43282871358,34.6020073567441],[-118.430119349359,34.6020064075331],[-118.430115395278,34.6020064720085],[-118.428728952668,34.602027778156],[-118.428420654815,34.6020325108098],[-118.424737676972,34.6020889754216],[-118.423626483107,34.602105989735],[-118.419821197027,34.6021641784657],[-118.415580247001,34.6022288885839],[-118.414669393779,34.6022427676665],[-118.414523829312,34.6022449851163],[-118.411185293094,34.6022957919],[-118.411140774494,34.60229480476],[-118.407928843306,34.602223531458],[-118.406539041865,34.6021928225358],[-118.406338839468,34.6021883658722],[-118.403544290698,34.6021261088009],[-118.402154394812,34.6020952130433],[-118.399112387302,34.6020274475236],[-118.394614857931,34.6019272159243],[-118.393384612457,34.6019305713246],[-118.393384076175,34.6018430637341],[-118.393383622363,34.6017690642025],[-118.393378783086,34.6009799425682],[-118.393340490492,34.5947348632725],[-118.393338082893,34.5943417255951],[-118.393326188967,34.5923995002742],[-118.393309341137,34.5896479068187],[-118.393301177125,34.5883140525051],[-118.393299428162,34.5880282525679],[-118.393299087232,34.5879725506662],[-118.393298368114,34.5878551149239],[-118.393296481862,34.5875405227271],[-118.393296043262,34.5874687840306],[-118.393294996626,34.5872970959734],[-118.393294497683,34.5872126018884],[-118.393294326603,34.5871835834708],[-118.393293998872,34.5871281357491],[-118.393274852333,34.5839758879741],[-118.393265632115,34.5824576918619],[-118.393263796465,34.5821555880478],[-118.393261771577,34.581825689208],[-118.393259884694,34.581511135563],[-118.393259849639,34.5814053316219],[-118.393259155071,34.5812923708523],[-118.393257217411,34.5809772169411],[-118.393256660722,34.5808867206695],[-118.393256582716,34.580873916649],[-118.393253363596,34.5803502942194],[-118.39325136567,34.5803502979798],[-118.392218193751,34.5803522348675],[-118.392221238174,34.5803557202311],[-118.386585081162,34.5803569839624],[-118.384457591552,34.5803691472987],[-118.384422269277,34.5783930073316],[-118.3844230997,34.5759939951159],[-118.384427910971,34.5759933587495],[-118.384428114664,34.5759933319611],[-118.384427745505,34.5759639372959],[-118.384427116215,34.5759138770297],[-118.384423058947,34.5731906463764],[-118.384416771238,34.5731906193881],[-118.383759511282,34.5731878213588],[-118.377084747793,34.573206984953],[-118.375625073956,34.5732111278838],[-118.375651208371,34.5688332505148],[-118.375688923587,34.5625149323866],[-118.375696751042,34.5612034676778],[-118.375696798133,34.5611955593966],[-118.375705687187,34.559706194203],[-118.375711294338,34.5587668755127],[-118.375711857478,34.5586725170315],[-118.377259520438,34.5586763768457],[-118.377264678247,34.5585683433433],[-118.377321872167,34.5573699186368],[-118.377390721379,34.555927220235],[-118.378154022296,34.5399292955866],[-118.386580323183,34.5399095310075],[-118.390793046602,34.5399008048112],[-118.395006260479,34.5398905569948],[-118.396532955779,34.5398905114583],[-118.397926709184,34.539890452282],[-118.399877496796,34.5398903441066],[-118.412694295997,34.5398901971463],[-118.426589709193,34.5399534133939],[-118.430525687005,34.5399710308232],[-118.43053487554,34.539638270913],[-118.430726593954,34.5326939779901],[-118.430731274636,34.5325237174368],[-118.430730831223,34.5325237090924],[-118.430731286389,34.5325232522082],[-118.430731478983,34.5325162665106],[-118.430734857864,34.5323933424298],[-118.430735601292,34.5323662967516],[-118.430738058032,34.5322769306956],[-118.430740867562,34.532174701332],[-118.430743901843,34.5320643349077],[-118.430777402699,34.5308454877712],[-118.430848748169,34.5282496987728],[-118.430914523085,34.5258564366932],[-118.430926535969,34.5254193191934],[-118.430926602932,34.5254168956553],[-118.430930430331,34.5252780507538],[-118.431129042949,34.5180711028776],[-118.431331413461,34.5107253048392],[-118.431356976477,34.5097961708446],[-118.431369826991,34.5093290955222],[-118.431378191679,34.5090250565187],[-118.431395808864,34.5083847105822],[-118.431408672581,34.5079171149664],[-118.431408957655,34.5079067734391],[-118.431422711875,34.5074067962942],[-118.431445697105,34.5065712965453],[-118.431467826987,34.505766878113],[-118.431489132807,34.5049924239013],[-118.431499494078,34.5046157668645],[-118.431502424419,34.504509264445],[-118.431502808333,34.5044953074386],[-118.431516633831,34.503992702822],[-118.431539322117,34.5031679230091],[-118.431546481788,34.5029076816004],[-118.431558944807,34.5024546991139],[-118.431591125904,34.5012849709258],[-118.431619551505,34.500251722895],[-118.431631886212,34.4998033376374],[-118.431655239755,34.4989544212274],[-118.431664354729,34.498623077382],[-118.431684973854,34.4978735469092],[-118.431697894328,34.4974038743941],[-118.431747226632,34.4956105094805],[-118.431748330264,34.4955417811764],[-118.431754484048,34.4951792025961],[-118.431763111881,34.4946707939456],[-118.431789437807,34.4931195247381],[-118.431803053726,34.4923172036573],[-118.431830300981,34.4907114875481],[-118.431837731187,34.4902825905466],[-118.431846265803,34.4897899866998],[-118.431867638304,34.4885562600021],[-118.431869857024,34.488426331931],[-118.431882146641,34.487706524934],[-118.431891486982,34.4871594765975],[-118.431908319544,34.4861736158443],[-118.431924589946,34.4852206997696],[-118.431934058332,34.4846661239941],[-118.431958248148,34.4832492816844],[-118.43196901857,34.4826184201094],[-118.431971585149,34.4824681026549],[-118.431977151221,34.4821420151339],[-118.431988065133,34.4815027759799],[-118.431988272986,34.4814975148181],[-118.431993836997,34.4814974571525],[-118.431997370067,34.4813378739339],[-118.431994590761,34.4813378973481],[-118.431996602455,34.481287093533],[-118.431996123187,34.4812843194307],[-118.432031815045,34.4803803364441],[-118.432031933458,34.4803775611159],[-118.43207054545,34.4793997558515],[-118.432130883801,34.4778716761179],[-118.432259479368,34.4746139300976],[-118.432274162112,34.4742419752141],[-118.432274971309,34.4742254851587],[-118.432278726795,34.474130697582],[-118.432317358013,34.4731549850078],[-118.432391827497,34.4712730892046],[-118.43244735427,34.4709540319911],[-118.43244651121,34.4709539322205],[-118.432424966606,34.4709510131993],[-118.432439000797,34.4705812539153],[-118.432483440743,34.4694707082201],[-118.432484580937,34.4694418885553],[-118.432502799807,34.4689801095652],[-118.432509050304,34.4688217434642],[-118.432521063679,34.4685173937048],[-118.432534210676,34.4681846588293],[-118.432580950974,34.4670017686092],[-118.432580857215,34.4669805820838],[-118.432764205371,34.4669752711291],[-118.43390815635,34.4669421906868],[-118.433908195526,34.4669421887437],[-118.433908518697,34.466942166853],[-118.433927068343,34.4669416308346],[-118.433927783382,34.4669416102474],[-118.433928813684,34.466940677086],[-118.43399158212,34.4668838690049],[-118.434322022028,34.4665888665017],[-118.434330438281,34.4665813527799],[-118.434331482734,34.4665804213674],[-118.434593900828,34.4663462091976],[-118.434603315093,34.466362865515],[-118.434752788081,34.4666273268616],[-118.434906166681,34.4668987031879],[-118.434917318208,34.4669184635345],[-118.434917619245,34.4669189970631],[-118.434918903527,34.4669189681195],[-118.434922748715,34.4669188741036],[-118.435000224606,34.4669171224329],[-118.435017879115,34.4669167228825],[-118.435302870865,34.4669102801212],[-118.435670284918,34.4669017314694],[-118.436089620264,34.4668929392558],[-118.436837820838,34.4668761602748],[-118.437108542822,34.4668667508182],[-118.43723581233,34.4668656567947],[-118.437288108799,34.4668396386306],[-118.437305520298,34.4668319390304],[-118.437337229798,34.4668179186634],[-118.43735344021,34.4668463909781],[-118.437363782801,34.4668645574069],[-118.437367008974,34.4668645295531],[-118.437711739888,34.4668560817048],[-118.438056010541,34.4668487136703],[-118.43806076554,34.4668485874221],[-118.438074192725,34.4668482721032],[-118.438087532785,34.466847948082],[-118.438106180796,34.466847496715],[-118.438111977419,34.4668473567879],[-118.438122076333,34.4668471111763],[-118.43815552717,34.4668463016455],[-118.438385459036,34.4668407301657],[-118.43838973304,34.4668406272788],[-118.438391073901,34.4668405944879],[-118.43839186623,34.4668405753983],[-118.438397839118,34.466836908034],[-118.438398843824,34.4668362913642],[-118.438401154456,34.4668403768669],[-118.438403629843,34.466844743052],[-118.438410497861,34.4668568573488],[-118.438478196348,34.4669302642034],[-118.438703809573,34.4671749004309],[-118.438835986891,34.4673182193656],[-118.439062011644,34.4675632951893],[-118.439109681324,34.4676149859629],[-118.439110600925,34.4676159815314],[-118.439110720136,34.4676158819317],[-118.439174969197,34.4675613430704],[-118.439295402515,34.4674591136117],[-118.439325363425,34.4674336820744],[-118.439327673773,34.4674317200949],[-118.439327846072,34.4674315734232],[-118.439488431421,34.4672954379081],[-118.439490140335,34.4672939865665],[-118.439527439834,34.4672623682465],[-118.43952736113,34.4672623054244],[-118.439535231343,34.4672557660693],[-118.439537967562,34.4672534437344],[-118.439538013074,34.4672534048037],[-118.439542629449,34.467249490769],[-118.439548134436,34.4672448261471],[-118.439558589535,34.4672359595941],[-118.439559642855,34.4672350677718],[-118.439572829959,34.4672239059432],[-118.439607390157,34.4671946559232],[-118.439634967207,34.4671713154783],[-118.439758714816,34.4670665817167],[-118.439852124034,34.4669875233836],[-118.439990009802,34.466870460199],[-118.440062291774,34.4668090941985],[-118.440069193459,34.4668032335665],[-118.440080125345,34.4668030406665],[-118.440928126021,34.4667867102533],[-118.441338931138,34.4667787963583],[-118.442744607899,34.4667511183853],[-118.443507677815,34.4667360957734],[-118.443528013241,34.4667356987107],[-118.4500616664,34.4665897800444],[-118.450074528787,34.4665897052992],[-118.450074531516,34.4665896061207],[-118.450077019628,34.4665895698476],[-118.450075023892,34.4663406140935],[-118.450072029848,34.465967195781],[-118.450066175174,34.465294151641],[-118.450060231997,34.4646109601614],[-118.450051468933,34.4636034298702],[-118.450047401044,34.463135824395],[-118.450045581209,34.4629266263455],[-118.450040938033,34.4623928542003],[-118.450016794669,34.4596174761542],[-118.450015946812,34.4595200156476],[-118.450017199593,34.4593967824863],[-118.450028231434,34.4583119919732],[-118.450034206619,34.4577244048136],[-118.45003741431,34.4574167687442],[-118.450051789324,34.4560380465441],[-118.450052602957,34.4559600376055],[-118.450052914593,34.4559297008136],[-118.450072193771,34.4540543749765],[-118.450072324893,34.4540415853614],[-118.450089125025,34.4524056323628],[-118.450089126157,34.4524050364461],[-118.450091775907,34.4494842047626],[-118.450091752351,34.4492775042942],[-118.450091749856,34.449259727895],[-118.450091682575,34.4487987044941],[-118.450092518129,34.4470017423473],[-118.450093398378,34.4452199012037],[-118.450135230913,34.4412385202765],[-118.450123633187,34.4402997505608],[-118.450122577063,34.440214276567],[-118.450121591798,34.4402139854213],[-118.450116207698,34.4402123907515],[-118.450028166915,34.4401917747493],[-118.450120238722,34.4400250517445],[-118.450186278561,34.4399054681376],[-118.450180962216,34.4399033196784],[-118.45016084149,34.4398959188272],[-118.450140131062,34.4398897390328],[-118.450122063578,34.4398855400135],[-118.450118935567,34.4398848123618],[-118.450118505361,34.4398847409337],[-118.45011745436,34.4397996085993],[-118.450116003658,34.4396821992728],[-118.450110753538,34.4396782078321],[-118.450096108239,34.4396685571663],[-118.450079972129,34.4396607087837],[-118.45006266271,34.4396548201758],[-118.450044524466,34.439651008165],[-118.450025919063,34.4396493471381],[-118.450007217744,34.4396498717792],[-118.449988791511,34.439652571697],[-118.449971006777,34.4396573932436],[-118.449954217748,34.4396642386418],[-118.449953814206,34.439663664059],[-118.449957004115,34.4396621547829],[-118.449934401565,34.4396350456785],[-118.449982641203,34.4395738113742],[-118.450090830435,34.4394426039827],[-118.450112408703,34.4394285799234],[-118.450112866292,34.439428282523],[-118.450112555043,34.4394031092799],[-118.450097763124,34.4382058367866],[-118.45009505065,34.4380150140066],[-118.450095403012,34.4380147773993],[-118.450096266024,34.4380141972166],[-118.45012692787,34.4379935817029],[-118.450397653948,34.4379932828542],[-118.45043911453,34.4379932371116],[-118.450747341525,34.4379928965115],[-118.45074726205,34.4379930897348],[-118.450796739784,34.4380072880519],[-118.450803844392,34.4379928587655],[-118.450992708036,34.4379926481788],[-118.451183610793,34.4379924315181],[-118.45138090194,34.4379922160317],[-118.45157404613,34.4379919795988],[-118.451592301495,34.43799195943],[-118.451788119417,34.4379917613866],[-118.451983935049,34.4379915423005],[-118.452180522165,34.437991323629],[-118.452376339971,34.4379911039014],[-118.45239285178,34.4379675772354],[-118.452441530128,34.4379910104613],[-118.452476105099,34.4379909725717],[-118.452582749415,34.4379908524605],[-118.452773568503,34.4379906561483],[-118.452909889085,34.4379905043287],[-118.453139210056,34.437990245742],[-118.453315503652,34.4379900289038],[-118.453584846707,34.4379897245043],[-118.453748457396,34.4379895589617],[-118.45410859948,34.4379891319436],[-118.454466973472,34.4379887249042],[-118.45526959471,34.4379878180287],[-118.455355914068,34.4379877212634],[-118.455685741338,34.4379873573621],[-118.456092705215,34.4379868847133],[-118.45883880168,34.4379837251736],[-118.459261627365,34.4379819044317],[-118.462867009031,34.437974441325],[-118.46310976817,34.4379739494439],[-118.463190577961,34.4379737815882],[-118.463190578618,34.4379737040538],[-118.463190619017,34.4379604252159],[-118.463190764108,34.4379121682901],[-118.464225352263,34.4379010972391],[-118.464322653411,34.4379649095511],[-118.464425179413,34.4380321483464],[-118.46494210851,34.4380265965388],[-118.464980559107,34.4379927877258],[-118.465104421674,34.4379904711103],[-118.46519193816,34.4379888445752],[-118.465336305224,34.4379820252752],[-118.465434915724,34.4379773881646],[-118.465440751994,34.4379693277028],[-118.465441300528,34.4379685701134],[-118.465443340444,34.4379657873677],[-118.465624876996,34.4379095833663],[-118.465665600313,34.4378969786926],[-118.465675619052,34.4378855646892],[-118.465797306068,34.4378678403968],[-118.465917467506,34.437850314769],[-118.465922993707,34.4378420778725],[-118.466023960441,34.4378437780285],[-118.466187585218,34.4378465571927],[-118.466195110432,34.4378400976383],[-118.466253555464,34.4378412145222],[-118.466535530463,34.4378465936206],[-118.466732907852,34.43797442197],[-118.466883762387,34.4379750153239],[-118.467579021828,34.4379735467074],[-118.467592237464,34.4379772912289],[-118.467592308595,34.43796495978],[-118.467575826573,34.435980921118],[-118.467562868793,34.4344209933262],[-118.467562932137,34.4343669614641],[-118.467546521106,34.4322829013748],[-118.467543556596,34.4319023140708],[-118.467538243497,34.4310246534735],[-118.467536994315,34.4309467152742],[-118.467535621475,34.4308610910732],[-118.467530937541,34.4299487604037],[-118.467664219143,34.429946653649],[-118.46779067013,34.4299290468702],[-118.467791763728,34.4299288776724],[-118.467711724131,34.4297544212299],[-118.467642251094,34.4295661016817],[-118.467594150455,34.4293979797198],[-118.467584371296,34.4293574583015],[-118.46757368481,34.4293086147132],[-118.467553577102,34.4292217581937],[-118.467542778738,34.4291665456959],[-118.467533224767,34.4291095343483],[-118.467524826563,34.4290488916741],[-118.467522489843,34.4290284034028],[-118.467522397167,34.42901828945],[-118.467510421189,34.4288674386457],[-118.467512105429,34.4286834912677],[-118.467518686045,34.428613971156],[-118.467528229786,34.4285131410664],[-118.467538849519,34.4284376985345],[-118.467547224108,34.4283877365975],[-118.467556499966,34.428338624037],[-118.467569326195,34.4282783133596],[-118.46758105325,34.4282288063939],[-118.467593575134,34.4281792134218],[-118.467680055281,34.4279181347531],[-118.467512693661,34.427961199758],[-118.467508656503,34.4279622385582],[-118.467507679927,34.4278591969778],[-118.467511748677,34.4278581661696],[-118.467725410732,34.4278040600677],[-118.46795757908,34.4277454682878],[-118.467754921819,34.4276799429679],[-118.467634015525,34.4276502924721],[-118.467617109764,34.4276461231368],[-118.467549051505,34.4276319591233],[-118.467509619417,34.4276261357314],[-118.46740906016,34.4276112855121],[-118.467430922876,34.42753404618],[-118.467495113278,34.4272547433614],[-118.467503416681,34.4272547248839],[-118.467503622747,34.4272290222539],[-118.467504115226,34.427170416131],[-118.467514175065,34.4271708632876],[-118.467779337281,34.4271692622727],[-118.467824348018,34.427169214007],[-118.467949476367,34.4271690802692],[-118.468053794902,34.4271689581815],[-118.468140243161,34.4271693936015],[-118.46831150936,34.4271693978657],[-118.468321140352,34.4271595565002],[-118.468327838663,34.4271527114357],[-118.468350502796,34.4271295518716],[-118.468429963489,34.4270532917034],[-118.468576417108,34.426926271482],[-118.468696913878,34.4268289424319],[-118.468754711471,34.4267871385409],[-118.468906699183,34.4266890042235],[-118.469156275384,34.4265478975341],[-118.469506793832,34.4263710333868],[-118.469753108708,34.42624057258],[-118.470118405905,34.426039252099],[-118.470209283882,34.4259825656903],[-118.470258841977,34.4259507720967],[-118.470409001897,34.4258518703497],[-118.47050652147,34.4257851617475],[-118.470595685776,34.4257196908319],[-118.470678197485,34.4256562245312],[-118.470738995339,34.4256048607943],[-118.470757469972,34.4255892529575],[-118.470838509787,34.4255168066655],[-118.470920515242,34.4254354503118],[-118.471033128145,34.4253177333715],[-118.471138359246,34.4252019959162],[-118.471322870945,34.4249921078288],[-118.471410778317,34.4248843556188],[-118.471449665109,34.424836690019],[-118.471513840808,34.4247512618034],[-118.471707826593,34.4244568417767],[-118.471814553626,34.4242723180359],[-118.471862128916,34.4241821372991],[-118.471948834542,34.4239760409653],[-118.471992843787,34.4238429492868],[-118.472027011993,34.4237270502849],[-118.472069656162,34.4235813847763],[-118.472098709496,34.4234886642759],[-118.4721262603,34.4234007376658],[-118.472157490833,34.4232881217252],[-118.472176379712,34.4231278987017],[-118.472189047189,34.4229481960932],[-118.472189974515,34.4229350264727],[-118.472195434659,34.422727539576],[-118.472199961726,34.4223562303448],[-118.472193290829,34.4217644150706],[-118.47218986893,34.4208682975386],[-118.472177583345,34.4184096437395],[-118.472177533492,34.4183996972999],[-118.472169738581,34.4166448981381],[-118.472169050324,34.4164871998212],[-118.472165550972,34.4157013156788],[-118.472165128613,34.4156268000483],[-118.472174267494,34.4154842011389],[-118.472188331523,34.4153326830998],[-118.472202636316,34.4152244161634],[-118.472241214123,34.4150102875328],[-118.472284764392,34.414797157357],[-118.47236625423,34.4145498581801],[-118.472412751055,34.4144230871387],[-118.472432538554,34.414369201945],[-118.472451429484,34.4143093385551],[-118.472566084589,34.4139461962075],[-118.472579221721,34.4139070120872],[-118.472616429706,34.4137962703853],[-118.472642305521,34.4137192082052]]]},"properties":{"OBJECTID":10494,"Date":null,"Code":"1363005","DivisionName":"SAUGUS UNION ELEMENTARY TA5","division_type":"ELEMENTARY SCHOOL","group_type":"13","District":"SAUGUS UNION ELEMENTARY","Shape__Area":1354071630.5332031,"Shape__Length":244677.98136035053,"GlobalID":"1217cdcd-1578-41e0-a134-667af8072689","CreationDate":1788987057416,"Creator":"RRCCgis_lacounty","EditDate":1788987057416,"Editor":"RRCCgis_lacounty"}}]}