{"type":"FeatureCollection","crs":{"type":"name","properties":{"name":"EPSG:4326"}},"features":[{"type":"Feature","id":10399,"geometry":{"type":"Polygon","coordinates":[[[-118.623401287603,34.3211810466533],[-118.627777003832,34.3211727671401],[-118.631305226982,34.321165974728],[-118.632151889933,34.3211643077665],[-118.635751838128,34.3211610450971],[-118.643116680893,34.3211532953944],[-118.651203221985,34.321144269881],[-118.652306077796,34.3233939379077],[-118.657364254604,34.3337102054227],[-118.663396088988,34.3460094898867],[-118.664016117119,34.3472734938084],[-118.666227032822,34.3517791956432],[-118.670584198342,34.360657278516],[-118.673610067258,34.3668215163011],[-118.677853512942,34.375464534868],[-118.69138967823,34.4031029531798],[-118.691436965577,34.4030963024217],[-118.691437000987,34.4030963752451],[-118.691449374495,34.4031215398978],[-118.691455053457,34.4031330923969],[-118.69146009847,34.4031433547904],[-118.691468055458,34.403159543578],[-118.691498607727,34.4032216951169],[-118.691643239151,34.4035160602561],[-118.6916488651,34.4035275093706],[-118.691843094929,34.4039228143787],[-118.691843733316,34.4039241134721],[-118.692032432983,34.4043081605558],[-118.692041908229,34.4043274446682],[-118.692107272508,34.4044604753581],[-118.692211264988,34.4046720987698],[-118.692229009629,34.4047082090198],[-118.692405535221,34.4050674342044],[-118.692414789332,34.4050862651707],[-118.692584378091,34.405431370907],[-118.692602463834,34.4054681742472],[-118.692737605103,34.4057431783732],[-118.692770074645,34.4058076725804],[-118.69277974719,34.4058270970512],[-118.692811677971,34.4058919351098],[-118.692837418731,34.4059450198957],[-118.692868132659,34.4060076606091],[-118.692900573714,34.406073936401],[-118.692915061848,34.4061035830345],[-118.692932950445,34.4061401882102],[-118.692954439389,34.4061839815806],[-118.69296806568,34.406211748899],[-118.692973511665,34.4062228338542],[-118.692984352715,34.4062448967706],[-118.692991492668,34.4062594267731],[-118.693019505672,34.4063164049393],[-118.693045602118,34.4063694578976],[-118.693479105609,34.4072508185525],[-118.693659907604,34.4076184730738],[-118.693699618801,34.4076991877165],[-118.693747660702,34.4077968335248],[-118.693804353588,34.4079121145678],[-118.694152970425,34.4086199896134],[-118.694436385279,34.4091975460815],[-118.69445401675,34.4092334195483],[-118.694646573996,34.4096251856807],[-118.695206423106,34.4107642033932],[-118.695301693979,34.4109579396874],[-118.695426343743,34.4112114188458],[-118.696230461132,34.4128465775395],[-118.696291892932,34.4129714948015],[-118.697064516528,34.4145425394831],[-118.69719580377,34.4148094919654],[-118.697795085712,34.4160280092907],[-118.697948938749,34.4163407991967],[-118.697979349974,34.4164026190528],[-118.698067115462,34.4165810259025],[-118.69891196131,34.4182983707872],[-118.698969668902,34.4184156711548],[-118.699839934391,34.420184600161],[-118.699902531179,34.4203118330647],[-118.700187548426,34.4208911474412],[-118.70018874715,34.4208935873189],[-118.700567470977,34.42166378162],[-118.701333179448,34.4232209273527],[-118.701360224375,34.4232759257931],[-118.701868606412,34.424309735779],[-118.702164115392,34.4249103740029],[-118.702207909191,34.4249993889183],[-118.702711593623,34.4260231297583],[-118.703010222113,34.4266303453698],[-118.703044649551,34.4267003474599],[-118.703434769622,34.427493581523],[-118.703635839257,34.4279024873653],[-118.703864180612,34.4283665958958],[-118.703890954137,34.428421012047],[-118.704255890263,34.4291627391084],[-118.704702392426,34.4300702706729],[-118.704740250051,34.4301472186043],[-118.705394035494,34.4314760186723],[-118.705569696912,34.4318329686924],[-118.705586490798,34.4318670928102],[-118.706412130041,34.4335447724188],[-118.706441513127,34.4336044793131],[-118.706526121836,34.4337763973852],[-118.70708722043,34.4349164863365],[-118.707132418034,34.4350094040042],[-118.707143286057,34.4350317089181],[-118.707485980751,34.4357281306053],[-118.70758714936,34.4359337223818],[-118.708415435103,34.4376168948962],[-118.708531714953,34.4378531836424],[-118.708884238002,34.4385695231438],[-118.709044285847,34.4388948763304],[-118.709386167062,34.4395897864134],[-118.709438681365,34.4396965253167],[-118.710386096993,34.4416221743369],[-118.710420494718,34.4416920852557],[-118.710692281194,34.4422444808926],[-118.711222751481,34.4433213036596],[-118.711356587047,34.4435932529149],[-118.711427617075,34.4437375814408],[-118.712336607076,34.4455845525562],[-118.712390998201,34.4456950665561],[-118.712508729486,34.4459342774986],[-118.712508839138,34.4459345013395],[-118.713087168181,34.4471098235817],[-118.713290264684,34.4475225745522],[-118.713369432302,34.4476834668854],[-118.713875571693,34.4487120648794],[-118.713994407456,34.4489535641174],[-118.714306332343,34.4495874559],[-118.714628826884,34.450242612496],[-118.714628907742,34.4502427770026],[-118.714628961853,34.4502442633328],[-118.714757504242,34.4505040204564],[-118.714811662498,34.450614041596],[-118.714816807409,34.4506244935587],[-118.7149028389,34.4507992643194],[-118.714910003039,34.4508138181341],[-118.71500126296,34.4509992106835],[-118.715005656943,34.45100813714],[-118.715089027572,34.4511775006507],[-118.715093630925,34.4511868532027],[-118.715103887653,34.4512076887815],[-118.715148494545,34.4512983070986],[-118.715422887912,34.4518557200088],[-118.71544447725,34.451899577325],[-118.715785261888,34.4525918460156],[-118.715831322424,34.4526854134775],[-118.716120720879,34.4532732860609],[-118.716157989112,34.4533489726439],[-118.716193369897,34.4534208252638],[-118.716537256029,34.4541191968301],[-118.716567206356,34.4541800203451],[-118.716922830752,34.454902216062],[-118.716940581057,34.4549382622638],[-118.717079662992,34.4552207051535],[-118.717304380357,34.4556770285521],[-118.717321467433,34.4557117253987],[-118.717696527245,34.4564733295097],[-118.717714547417,34.4565099230432],[-118.717878332486,34.4568425017024],[-118.718044868654,34.4571813232912],[-118.718085969083,34.4572648021023],[-118.718103081268,34.4572995581921],[-118.718482160828,34.4580694979153],[-118.718496072848,34.458097753822],[-118.718859539106,34.4588359665642],[-118.718890009186,34.4588978502491],[-118.719217214352,34.4595624013908],[-118.719268025353,34.4596655985475],[-118.719596624727,34.460332967646],[-118.719629655113,34.4604000486977],[-118.719639444371,34.4604199301247],[-118.720135818812,34.4614281479698],[-118.720606450563,34.4623841035033],[-118.720687600652,34.4625489361618],[-118.721463500622,34.4641248979144],[-118.721870276224,34.4649511000001],[-118.721890771044,34.4649927250416],[-118.72290820346,34.467059151553],[-118.722910119314,34.4670630438313],[-118.723098564759,34.4674452022633],[-118.723131975661,34.4675129571518],[-118.723161668737,34.4675732549665],[-118.723319252125,34.4678932641208],[-118.723543860906,34.4683493755328],[-118.723571355004,34.4684052065793],[-118.723847880463,34.4689667374854],[-118.723902541525,34.4690777351433],[-118.723918379821,34.4691098961498],[-118.723949659775,34.4691734163444],[-118.724306187718,34.4698973871568],[-118.724368029649,34.4700229639071],[-118.72440234769,34.470092649549],[-118.724494108757,34.4702789776682],[-118.724504247216,34.4702995661328],[-118.725084298987,34.4714773883624],[-118.72509387146,34.4714968270829],[-118.72563741995,34.4726004944902],[-118.725701083348,34.472729758707],[-118.726217675573,34.4737786607619],[-118.726428345491,34.474206401967],[-118.726491335317,34.4743342940413],[-118.726520368312,34.474393241763],[-118.726578650537,34.4745115758449],[-118.728628394144,34.478673060011],[-118.728778263097,34.4789773123908],[-118.72881070539,34.4790431746749],[-118.731280731638,34.4840571523243],[-118.731467128018,34.484435497414],[-118.734207434237,34.489997299122],[-118.734356735242,34.490300301173],[-118.735419114702,34.4924563019292],[-118.737041926919,34.4957490964468],[-118.737285606757,34.496243513747],[-118.738314412421,34.4983308554898],[-118.738756822901,34.4992292608657],[-118.738767772231,34.4992514623703],[-118.739342442872,34.5004170509123],[-118.739828048439,34.5014024875831],[-118.740066812166,34.5018870023172],[-118.74114644647,34.5040777822144],[-118.742913105152,34.507661048831],[-118.742985889223,34.5078086675496],[-118.744712982328,34.5113113481214],[-118.745827709999,34.5135725337434],[-118.746007469905,34.5139371566795],[-118.746053110396,34.5140297343088],[-118.748272578156,34.5185311115456],[-118.748792291472,34.5195848894393],[-118.748871023176,34.5197445242541],[-118.751826081481,34.5257356667719],[-118.751893722522,34.5258728585516],[-118.754562188498,34.5312847285556],[-118.754748850959,34.5316632658265],[-118.754792348773,34.5317514277807],[-118.755425519765,34.5330347428138],[-118.757380769225,34.536997870431],[-118.757520140597,34.5372803486861],[-118.758603741796,34.5394765230437],[-118.758913648947,34.5401044898293],[-118.760117959684,34.542544804563],[-118.760399842543,34.5431159645436],[-118.762450988903,34.5472718168398],[-118.762803691298,34.5479871347663],[-118.763170161396,34.5487303625234],[-118.763382882053,34.5491617702296],[-118.764249415464,34.5509170677031],[-118.764952396879,34.5523419643696],[-118.765415560368,34.5532801368294],[-118.765756577382,34.5539708751603],[-118.765814341268,34.5540878763432],[-118.766047209468,34.5545595476526],[-118.767845504986,34.5582032622964],[-118.76832701195,34.5591787070679],[-118.76077871079,34.5592500432794],[-118.745320190555,34.5592642774813],[-118.734686995631,34.5592908750283],[-118.73468700866,34.5592935831703],[-118.732536437037,34.559300550678],[-118.731265385487,34.5593046499922],[-118.728148438187,34.5593146477374],[-118.728147623096,34.5593146508193],[-118.728158194362,34.559553445389],[-118.728171359361,34.5598508658307],[-118.728172649266,34.5598508265462],[-118.728497329301,34.5669373254044],[-118.728958407436,34.5774299695683],[-118.729480621828,34.590109067771],[-118.729476879175,34.590471279125],[-118.729476051923,34.5905512980038],[-118.729475339365,34.5906200388954],[-118.729465055646,34.5916116859972],[-118.729464471933,34.591667905594],[-118.729464302495,34.5916842505322],[-118.729451977894,34.592872694908],[-118.729450278955,34.5930365003988],[-118.729414237279,34.5965177335567],[-118.729377892778,34.5999989670804],[-118.729359758033,34.6017382100334],[-118.729356019667,34.602090220006],[-118.729341289994,34.6034774537173],[-118.729341189683,34.6034774534176],[-118.729197862619,34.6034776506237],[-118.727137323759,34.6034804614084],[-118.724944291383,34.6034834748254],[-118.721899843711,34.6034871389371],[-118.721232606339,34.6034880216424],[-118.720573841209,34.6034887134328],[-118.713325960874,34.6034963413174],[-118.711564797358,34.603494620288],[-118.709592772001,34.6034926632255],[-118.704602277552,34.6034871708717],[-118.704520026135,34.6034870769177],[-118.701127661501,34.6034831185702],[-118.700865929555,34.6034828094615],[-118.698754771979,34.6034803165918],[-118.695916112727,34.6034768702422],[-118.687225056226,34.603464953388],[-118.687168921093,34.6034648650305],[-118.68710707814,34.6034647683403],[-118.684933242489,34.6034617036343],[-118.684601211981,34.6034612101496],[-118.684502119472,34.6034610685744],[-118.682640101855,34.6034583892772],[-118.682189428714,34.603457759334],[-118.678533869049,34.6034523888784],[-118.676727087533,34.6034491880797],[-118.67047298755,34.6033669207991],[-118.669556736716,34.6033548517046],[-118.669194529928,34.60335005854],[-118.66770223163,34.6033303196225],[-118.666195310427,34.6033103666594],[-118.666023639393,34.6033080969886],[-118.665861721063,34.6033059557646],[-118.66533153153,34.603298933777],[-118.665320624084,34.6032987897287],[-118.665309714436,34.6032986429869],[-118.66529880481,34.6032984989486],[-118.665287897357,34.6032983539958],[-118.665276987724,34.603298209054],[-118.66526062492,34.6032979929828],[-118.665249717453,34.6032978462237],[-118.66523880782,34.6032977012785],[-118.665227898194,34.6032975572337],[-118.66521153539,34.6032973411559],[-118.665200625743,34.6032971944043],[-118.66518971829,34.6032970494427],[-118.665173353306,34.6032968333717],[-118.665162443681,34.6032966893211],[-118.665151536214,34.6032965425532],[-118.665140627678,34.6032963984946],[-118.665124263785,34.603296182411],[-118.665113354152,34.6032960374545],[-118.6651024467,34.6032958924852],[-118.665086081702,34.6032956745994],[-118.66507517425,34.6032955296276],[-118.665064264617,34.6032953846667],[-118.665047901807,34.6032951676653],[-118.665036992175,34.603295022702],[-118.665020629372,34.6032948065984],[-118.665009719726,34.6032946598297],[-118.664998810093,34.603294514863],[-118.664982448381,34.6032942987483],[-118.664971539846,34.6032941546746],[-118.664955175939,34.6032939367653],[-118.664944268488,34.6032937917817],[-118.664933358856,34.6032936468091],[-118.664916996039,34.6032934288886],[-118.664906086407,34.6032932839135],[-118.664889721425,34.6032930678043],[-118.66487881398,34.6032929237163],[-118.664862448984,34.6032927058005],[-118.664851541532,34.6032925608086],[-118.664835178716,34.603292342877],[-118.664824269085,34.6032921978947],[-118.664807907374,34.6032919817565],[-118.664796997749,34.6032918376732],[-118.664780634933,34.6032916197343],[-118.664769725302,34.603291474747],[-118.66475336032,34.6032912586194],[-118.664742452855,34.6032911118148],[-118.664726090054,34.6032908956716],[-118.664715180422,34.6032907506794],[-118.664698818697,34.6032905327236],[-118.664682453716,34.6032903165864],[-118.664671546265,34.6032901715784],[-118.664655181277,34.6032899545361],[-118.664644273826,34.6032898095256],[-118.664633364195,34.6032896645261],[-118.664622456752,34.6032895204151],[-118.664611546031,34.6032893754196],[-118.66460063749,34.6032892304111],[-118.664584274675,34.6032890124459],[-118.664567909695,34.6032887962933],[-118.66455154797,34.6032885783177],[-118.664540637249,34.6032884333158],[-118.664529729821,34.6032882909995],[-118.664518820175,34.6032881441867],[-118.664507912725,34.6032879991639],[-118.664497003095,34.6032878541522],[-118.664480638114,34.6032876379878],[-118.664464275308,34.6032874209079],[-118.664447913598,34.6032872047214],[-118.664437003968,34.6032870597042],[-118.664426095428,34.6032869146801],[-118.664415185797,34.603286769661],[-118.664398824074,34.6032865516648],[-118.664382459094,34.6032863354872],[-118.664366097378,34.6032861183882],[-118.664349734572,34.6032859012928],[-118.664338824949,34.6032857571683],[-118.664327914229,34.6032856121473],[-118.664311552506,34.6032853941394],[-118.664295187527,34.6032851779501],[-118.664278824714,34.6032849599438],[-118.664262463005,34.6032847437322],[-118.664246098012,34.6032845257334],[-118.664229735206,34.6032843086219],[-118.664213373491,34.6032840915022],[-118.664197008512,34.6032838752998],[-118.664186101063,34.6032837302482],[-118.664175191434,34.6032835852075],[-118.664164281804,34.6032834401658],[-118.664147918992,34.6032832221419],[-118.664126101935,34.6032829347453],[-118.664115192299,34.6032827887977],[-118.664093374145,34.6032825004997],[-118.664077012423,34.6032822824602],[-118.664060647445,34.6032820662394],[-118.664044284633,34.6032818482014],[-118.664027920746,34.6032816319702],[-118.664011557927,34.6032814130264],[-118.664000648319,34.6032812706746],[-118.663989740864,34.6032811247038],[-118.663973375879,34.6032809075697],[-118.663951558809,34.6032806183389],[-118.663940651361,34.6032804732652],[-118.663929741732,34.6032803282025],[-118.663918831021,34.6032801840463],[-118.663908548389,34.6032800481787],[-118.663902469314,34.6032799677863],[-118.663886104323,34.603279749739],[-118.663864287246,34.6032794595909],[-118.66384792445,34.6032792433295],[-118.663831560549,34.6032790252689],[-118.663809743487,34.603278736914],[-118.663793380684,34.6032785197438],[-118.66378247107,34.6032783764709],[-118.663771563608,34.6032782295791],[-118.663755198632,34.6032780133172],[-118.663733380473,34.603277724053],[-118.663717018768,34.6032775077681],[-118.66370610914,34.6032773626853],[-118.663695199512,34.6032772176016],[-118.663678836717,34.6032770013174],[-118.663667929269,34.6032768562193],[-118.663657019649,34.6032767120336],[-118.663646110021,34.6032765669455],[-118.663635201491,34.6032764227519],[-118.663624292954,34.6032762776558],[-118.663613382236,34.6032761325707],[-118.663597020517,34.6032759144666],[-118.663575203464,34.6032756269711],[-118.663564292746,34.6032754818816],[-118.663553383119,34.6032753367851],[-118.663542475672,34.6032751916757],[-118.663531568232,34.6032750474669],[-118.663509748978,34.6032747572671],[-118.663487930836,34.6032744697619],[-118.663466113762,34.6032741795424],[-118.663455204142,34.6032740353386],[-118.663444296696,34.6032738902205],[-118.663422477449,34.6032736009065],[-118.663411570017,34.6032734575883],[-118.663400659286,34.6032733106811],[-118.66338974968,34.6032731682745],[-118.663378842234,34.6032730231504],[-118.663357022981,34.6032727329232],[-118.663346115542,34.6032725886977],[-118.663335208096,34.6032724435698],[-118.663324297379,34.6032722984587],[-118.66331338885,34.6032721542362],[-118.663302480328,34.6032720109143],[-118.663291570694,34.6032718648929],[-118.663264299365,34.603271503426],[-118.663253388663,34.6032713601115],[-118.663242482293,34.6032712131663],[-118.663220661972,34.6032709256251],[-118.663193391733,34.6032705641363],[-118.6631661193,34.6032702008505],[-118.663155209695,34.6032700584227],[-118.663144300069,34.6032699132895],[-118.663117028741,34.6032695517897],[-118.663095210587,34.603269262411],[-118.663084300961,34.6032691172725],[-118.663067938169,34.603268900906],[-118.663051576467,34.6032686845316],[-118.663040666842,34.6032685393891],[-118.66301339441,34.6032681760689],[-118.663002486979,34.6032680327141],[-118.662986121999,34.6032678154471],[-118.662958849582,34.6032674539177],[-118.662947939971,34.6032673105698],[-118.662937032527,34.6032671654062],[-118.662926125082,34.6032670202415],[-118.662915215464,34.6032668759893],[-118.662904305839,34.6032667308345],[-118.662877033423,34.6032663692868],[-118.662866125985,34.6032662250182],[-118.662855216375,34.603266081662],[-118.662844305645,34.6032659347049],[-118.662833398223,34.6032657922364],[-118.66281703432,34.6032655731378],[-118.662789764092,34.60326521246],[-118.66275703633,34.6032647796576],[-118.662735217081,34.6032644893188],[-118.662724309637,34.6032643441361],[-118.662713400034,34.6032642016687],[-118.662691582966,34.6032639113101],[-118.662680673341,34.6032637661353],[-118.662664310551,34.6032635497147],[-118.662653403115,34.603263405427],[-118.662642493505,34.6032632620518],[-118.66262612852,34.6032630438348],[-118.66260976573,34.6032628274068],[-118.66259340403,34.6032626109706],[-118.662582494406,34.603262465787],[-118.662560676249,34.6032621754109],[-118.662549767737,34.6032620329229],[-118.662538857023,34.6032618877414],[-118.662522495309,34.6032616694926],[-118.66250613252,34.6032614530506],[-118.66249522291,34.6032613096622],[-118.662484312204,34.6032611653772],[-118.662467950498,34.6032609480226],[-118.662446133438,34.6032606585215],[-118.662435223815,34.6032605133247],[-118.662418861026,34.6032602968709],[-118.662407951402,34.6032601516717],[-118.662397042891,34.6032600091699],[-118.662380679012,34.603259792717],[-118.662369771555,34.6032596456995],[-118.662347952323,34.6032593570941],[-118.662337044902,34.6032592145811],[-118.662326134181,34.6032590684789],[-118.662315224565,34.6032589241728],[-118.662282500072,34.6032584903234],[-118.662266135096,34.6032582729595],[-118.662244318053,34.6032579852252],[-118.662222500988,34.6032576947824],[-118.662211591386,34.60325755227],[-118.662195228577,34.6032573330817],[-118.662184318976,34.6032571905668],[-118.662157046566,34.6032568288576],[-118.662146139124,34.6032566836229],[-118.662124322081,34.603256395867],[-118.662113412459,34.6032562506413],[-118.662097049657,34.6032560323413],[-118.66208068469,34.6032558158539],[-118.662053412295,34.6032554559243],[-118.662042503763,34.6032553106864],[-118.662026140976,34.6032550941798],[-118.662015231361,34.6032549498467],[-118.661987961133,34.6032545880876],[-118.661966141904,34.6032542994138],[-118.661949779117,34.6032540828968],[-118.661927962061,34.6032537933028],[-118.66191705135,34.6032536480654],[-118.66190614175,34.6032535055256],[-118.661878870432,34.6032531437479],[-118.661867961915,34.6032530002972],[-118.66185705337,34.6032528532396],[-118.661818870272,34.6032523489152],[-118.661807963922,34.6032522036442],[-118.661786143611,34.6032519158455],[-118.661764328729,34.6032516253087],[-118.661747963764,34.6032514087765],[-118.661720691372,34.6032510487723],[-118.661704329662,34.6032508304134],[-118.661701706131,34.603250796913],[-118.660822139717,34.6032391817297],[-118.660804230734,34.6032389455164],[-118.660605218991,34.6032363164647],[-118.660553529306,34.6032358175256],[-118.660394568687,34.6032342849213],[-118.660267870381,34.6032330646086],[-118.65185571823,34.6031516512872],[-118.645521065024,34.6030899771365],[-118.645107848915,34.6030859420228],[-118.645107861612,34.6030850494425],[-118.644861215395,34.6030715450767],[-118.642707593283,34.6030635549321],[-118.640170929244,34.6030501203163],[-118.625387274896,34.6029707757189],[-118.606698901666,34.6030085743738],[-118.589233324046,34.6030434542734],[-118.589225016693,34.5961204400779],[-118.589215853,34.5884659996014],[-118.58920828924,34.5821257895284],[-118.589207134939,34.5811561023221],[-118.58919821053,34.5736765991336],[-118.589180712689,34.559137716144],[-118.584797125966,34.5591286714085],[-118.580411929632,34.5591194726045],[-118.576027698643,34.5591101109561],[-118.574673456907,34.5591071921665],[-118.574675934594,34.5590986294458],[-118.574673068967,34.5590625665186],[-118.574501042432,34.5589053645849],[-118.574433536821,34.5588476262049],[-118.57280046491,34.5588401319647],[-118.572810713778,34.5588509064996],[-118.572829898095,34.558873357879],[-118.572846599422,34.5588912880754],[-118.572900254039,34.5589788142455],[-118.572939897824,34.5590415990942],[-118.572976835358,34.5591035140956],[-118.571645261368,34.5591006106177],[-118.571644463721,34.5591006143706],[-118.567573153724,34.5590916458568],[-118.565717126821,34.559087523717],[-118.56350689329,34.5590825445479],[-118.561572678437,34.559078172676],[-118.56138171031,34.5590773891646],[-118.561163296934,34.5590764914089],[-118.559831207388,34.559073475264],[-118.559109674046,34.5590718357269],[-118.557873341282,34.5590689731721],[-118.557643438302,34.5590681128289],[-118.557643876388,34.5590677907758],[-118.557385141,34.5590671461148],[-118.554631076286,34.5590605152857],[-118.554063730193,34.5590591740845],[-118.554038120298,34.5590590979421],[-118.55401988574,34.5590590440586],[-118.550233828137,34.5590498694286],[-118.545836614908,34.5590390651775],[-118.54487395674,34.5590366724551],[-118.542672812054,34.5590311716648],[-118.542491388446,34.5590269296962],[-118.542395629307,34.5587607016765],[-118.542326279171,34.5585678941839],[-118.541841280141,34.5572888939509],[-118.54171328025,34.5570348932179],[-118.541490278805,34.5566328937224],[-118.541291278854,34.5562958942934],[-118.541002470879,34.5558436780776],[-118.54070627918,34.5553798940744],[-118.540324279047,34.5547998937281],[-118.540295279131,34.5547408942088],[-118.54023827838,34.5546288939785],[-118.540184278223,34.554450893968],[-118.540153279508,34.5542018928319],[-118.540172279083,34.5539358937645],[-118.540214278,34.5537388936161],[-118.540283278842,34.5535488936364],[-118.540432279365,34.5532818934908],[-118.5406582788,34.5530518935956],[-118.540963279392,34.5527978935465],[-118.541904278541,34.5520708935784],[-118.543228279337,34.5510648930332],[-118.543938279305,34.5504978932945],[-118.544893278951,34.5497638932619],[-118.545951279228,34.5489728924102],[-118.546517278541,34.5485378923984],[-118.546754279892,34.5483868936682],[-118.547035279007,34.5482508934225],[-118.548060279583,34.5478378928101],[-118.549472278907,34.5473258920812],[-118.550519280821,34.5467848928023],[-118.552196280953,34.5458688919116],[-118.552883278931,34.5455068918816],[-118.553466281025,34.5451398913063],[-118.553801280481,34.5449498908729],[-118.554127566936,34.5447805535334],[-118.554354280462,34.5446628919287],[-118.554996280278,34.5443558909223],[-118.55521128028,34.5442628911642],[-118.555234324769,34.5442591418557],[-118.555506279818,34.5442148910722],[-118.555658279956,34.5441848916798],[-118.55581728131,34.5441628917875],[-118.556513279984,34.5441298907746],[-118.557473279982,34.5440998909735],[-118.558204281516,34.5441038923924],[-118.558521281471,34.5440488907757],[-118.558557280464,34.5440378906743],[-118.558999280331,34.5439118909097],[-118.559319280463,34.543762890747],[-118.559616282027,34.54361389201],[-118.559796281518,34.5434898920767],[-118.560210281116,34.5431248915822],[-118.560625280317,34.5426838905872],[-118.561088281319,34.5422208917753],[-118.561597280977,34.5417028907291],[-118.562587633607,34.5406131292748],[-118.563091347121,34.5400588407609],[-118.563380281571,34.5397408908732],[-118.563682082728,34.5394480539969],[-118.563683281966,34.5394468908671],[-118.563984281774,34.5390618908037],[-118.564373282303,34.5386638903544],[-118.564710281019,34.5383518911704],[-118.565094280521,34.53786389019],[-118.565263281916,34.5376248897629],[-118.565393281374,34.5373508893163],[-118.565751281541,34.5364668909126],[-118.565888686785,34.5361013049662],[-118.566084281437,34.5355808892604],[-118.56605500536,34.535525117277],[-118.565987104847,34.535395759331],[-118.565897367672,34.5352248000808],[-118.5658969797,34.5352249389211],[-118.565669271796,34.5347858759397],[-118.564751399035,34.53408791335],[-118.563725701672,34.5335996950126],[-118.563310191311,34.533401912991],[-118.563209382493,34.5333644476748],[-118.562498796742,34.5331003546786],[-118.562498820421,34.533100312197],[-118.561531281133,34.5327378905159],[-118.560440279368,34.5323288898629],[-118.560432081858,34.5323280757412],[-118.559977280439,34.5322828908369],[-118.559975209157,34.532283640543],[-118.557381575653,34.5332230695301],[-118.557183279269,34.5332948901207],[-118.557183040399,34.5332950084154],[-118.557182811677,34.5332946903229],[-118.556850632108,34.5329298317477],[-118.556725022336,34.5327662983742],[-118.556724243318,34.5326498990441],[-118.556732890941,34.5325639886349],[-118.556727679562,34.5324743255715],[-118.556713104335,34.5323637132909],[-118.556564654889,34.5322327251033],[-118.556449085903,34.5321912730541],[-118.55632167072,34.5321021697709],[-118.556254102676,34.5319975257667],[-118.556167666062,34.5318299962246],[-118.556055013581,34.5315347342968],[-118.555963738296,34.5313328784468],[-118.555923916493,34.5312395566837],[-118.555895418984,34.5311156509445],[-118.555844144566,34.5310338319097],[-118.555831569759,34.5308774135108],[-118.555776192988,34.530526549629],[-118.555715735215,34.530450496377],[-118.555670970593,34.5303075832104],[-118.555695733778,34.530217782048],[-118.555695032711,34.5301128326723],[-118.555643618897,34.5300100220467],[-118.555527519346,34.529888425486],[-118.555427355322,34.5297362238042],[-118.555420081557,34.5296828269551],[-118.55534496265,34.5294828043739],[-118.555265817944,34.5293705803833],[-118.555152012042,34.5292470644363],[-118.5549873415,34.5291027904817],[-118.554813118739,34.5289089460044],[-118.554789527324,34.5288289076955],[-118.554795807988,34.5287334664111],[-118.554811400685,34.5286513405675],[-118.55478773299,34.5285598531655],[-118.554768970041,34.5285122325726],[-118.554721889016,34.5284706129879],[-118.554652999998,34.528409717282],[-118.554632034019,34.5283773723475],[-118.554583372749,34.5283413385974],[-118.554564711729,34.5283089831263],[-118.554553055603,34.52828995455],[-118.554564202906,34.5282326555512],[-118.554573082363,34.5281810925279],[-118.554602673273,34.5281237102089],[-118.554650328263,34.5280089981887],[-118.554700225492,34.5278847341061],[-118.554730400389,34.5275570431239],[-118.554776129904,34.5273658593792],[-118.554805922715,34.5272413048265],[-118.554862553707,34.5270911368716],[-118.554961797888,34.5269816586001],[-118.555061341655,34.5269169570107],[-118.555129388806,34.5268913364239],[-118.555177486936,34.5268726216627],[-118.555243221287,34.5268528526022],[-118.555326401223,34.5268037995485],[-118.555392076996,34.5267752695979],[-118.55546485444,34.5267535218036],[-118.555538821242,34.5267337149302],[-118.555641905368,34.5266709430708],[-118.555709535995,34.5265830246721],[-118.555798264612,34.5264843013009],[-118.555858025734,34.5262747392019],[-118.555901489484,34.5260905603434],[-118.555939377934,34.5259521596823],[-118.555952580603,34.5258158175156],[-118.555955535184,34.5255539498109],[-118.55592998448,34.5254265470151],[-118.555923563777,34.5253457811972],[-118.555904362301,34.5252884361546],[-118.55584478326,34.5251664621455],[-118.555796442703,34.5250486116655],[-118.555789561921,34.5246658007862],[-118.555827798847,34.5245654431553],[-118.555847620636,34.5242970053994],[-118.555847094728,34.5242182933235],[-118.555927698707,34.5239889354821],[-118.555916631031,34.5237343540853],[-118.555840522189,34.5235581898598],[-118.555729959671,34.5234012659577],[-118.555561535619,34.5232112112399],[-118.555531840996,34.523148630257],[-118.555526416623,34.5228119548078],[-118.555517441605,34.5222549298007],[-118.555516426826,34.522191857907],[-118.555515976837,34.5221639431485],[-118.555481027935,34.5221328117597],[-118.555390690255,34.5221179475777],[-118.555361911017,34.5221078945891],[-118.555328939226,34.5220842809999],[-118.555310232432,34.5220470224099],[-118.55529984278,34.5220267007194],[-118.55529962752,34.5219944503244],[-118.555338116544,34.5219229803346],[-118.555345107995,34.5217413195622],[-118.555262803548,34.521700957505],[-118.555198867087,34.5216469307542],[-118.555134646471,34.5215504692895],[-118.555082379493,34.5214013316743],[-118.555037842612,34.521342927583],[-118.554992530827,34.5212816682608],[-118.554976070093,34.521264783878],[-118.554930142622,34.5212166969154],[-118.554917438021,34.5212034772148],[-118.554909047003,34.5211947075953],[-118.554888700794,34.5211688013],[-118.554840456543,34.5211079574027],[-118.554820109287,34.5210820511006],[-118.554800636982,34.5210573326224],[-118.554637287224,34.5208493643444],[-118.554530591662,34.5207961825231],[-118.554521893285,34.5207883509713],[-118.55439543843,34.5206243411496],[-118.554304883147,34.5205281500179],[-118.5542143233,34.5204312421223],[-118.554216459019,34.5203625356874],[-118.554238560823,34.5203059033959],[-118.55428673148,34.5202691886533],[-118.554331591767,34.5202546720824],[-118.554346236629,34.5202467339634],[-118.554417041819,34.5202335296573],[-118.554449675184,34.520200463057],[-118.554476227381,34.5201631311209],[-118.55444913632,34.5201196044637],[-118.554362435376,34.5200827886626],[-118.554283676553,34.5200702679808],[-118.554098014875,34.51997307911],[-118.554009432166,34.5199133736483],[-118.553922107524,34.5197828182452],[-118.553850939518,34.5197416390389],[-118.553764201136,34.5196990991605],[-118.553711369543,34.5196850273462],[-118.553658452263,34.5196580766224],[-118.553619019821,34.5195788260679],[-118.553604525585,34.5194794243819],[-118.553605621903,34.5193842456164],[-118.553573894423,34.5192935095711],[-118.5534981185,34.5192094157304],[-118.553450897039,34.5191287689882],[-118.553444639903,34.5190980273357],[-118.553399318397,34.5190431331747],[-118.553381895842,34.5190231760319],[-118.553325601915,34.5190084049141],[-118.553283268784,34.5190128908849],[-118.553156083831,34.5189984435508],[-118.553100592908,34.5189743657686],[-118.553078861852,34.5189565756535],[-118.553008626339,34.5189254086242],[-118.552969384012,34.5188747806143],[-118.552978822369,34.5187337660707],[-118.55300240574,34.5186399156398],[-118.553001255581,34.5185969854428],[-118.553003539696,34.5185504614286],[-118.552977864514,34.5184596985656],[-118.552945545459,34.5184097548373],[-118.552895084592,34.5183620393438],[-118.552843760094,34.5183143286625],[-118.552778773539,34.5182924405085],[-118.552734579162,34.5182768991272],[-118.552594898346,34.5182031133902],[-118.552581569771,34.518148789155],[-118.552597225241,34.5180327917898],[-118.552626902901,34.5179453542357],[-118.552657813126,34.5178698383256],[-118.552674596235,34.5177934319793],[-118.55292260236,34.5176026712866],[-118.553005417826,34.5174889915095],[-118.553080440377,34.5174384390481],[-118.553195213254,34.5173634948382],[-118.553358257272,34.5172673402094],[-118.553401881296,34.5172404254317],[-118.55348903932,34.5171732400487],[-118.553550852718,34.5171080777749],[-118.553582809566,34.5170602257534],[-118.553612157049,34.5169665878136],[-118.553613902983,34.516882617511],[-118.553567339817,34.5168141330686],[-118.55348866654,34.5167706015094],[-118.553421342982,34.5167003039911],[-118.553365094704,34.5165650835553],[-118.553390745341,34.5165511452856],[-118.553395493633,34.5163984636896],[-118.553457683442,34.51621689758],[-118.55353181279,34.5160972942769],[-118.553617595021,34.5159967196216],[-118.553743688349,34.515891191088],[-118.553915886869,34.5157854530264],[-118.554174565104,34.5156840891968],[-118.554502593192,34.5156110326977],[-118.554565576,34.5155487278141],[-118.554656674766,34.5153813399526],[-118.554672755879,34.5151999828808],[-118.554636140405,34.5148948310482],[-118.554802191566,34.514731871609],[-118.554865458709,34.5147124998147],[-118.555141319133,34.5147195475317],[-118.555199720808,34.5147177704647],[-118.555268906566,34.5147216273155],[-118.555322299461,34.5147339063379],[-118.55539682952,34.514768748668],[-118.555515592446,34.5147670136027],[-118.555640185757,34.5147610758478],[-118.555694779564,34.5147375692141],[-118.555744499249,34.5146311962162],[-118.555809687842,34.5144681001293],[-118.555802241658,34.5143240017942],[-118.555764660578,34.5141983487889],[-118.555698953534,34.5140895812585],[-118.555618929183,34.5139730079269],[-118.555381661889,34.5138273969443],[-118.555371066113,34.5131697093092],[-118.555755760507,34.5128874240671],[-118.556233795169,34.5126681725111],[-118.556575611111,34.5125046442345],[-118.556742036745,34.5123989276422],[-118.556823928825,34.5123639648688],[-118.556881278683,34.5123219591328],[-118.556953140646,34.5122953913588],[-118.557185520051,34.5121416652509],[-118.557390492054,34.5120476972508],[-118.557532686397,34.5119814489785],[-118.557682315389,34.5119497527758],[-118.557859056207,34.5118785745454],[-118.557979646519,34.5118136168205],[-118.558300702748,34.5115632343599],[-118.558412311152,34.5114482265585],[-118.558521823004,34.5112998337352],[-118.558629325564,34.5112170455456],[-118.558708326041,34.5111809020641],[-118.558833165051,34.5111051911881],[-118.55896408647,34.5110771567684],[-118.55909514513,34.5110693979396],[-118.559389254822,34.5110978597859],[-118.559596502907,34.5110647030336],[-118.559780083145,34.5110173504224],[-118.559958092817,34.5109153452798],[-118.560072932905,34.5108527983294],[-118.560095117804,34.5107238886532],[-118.560093961785,34.5105521520536],[-118.560163182176,34.5102193205263],[-118.560161191025,34.5099235513229],[-118.560199637331,34.5096419082904],[-118.560239526569,34.5095749351178],[-118.560342678732,34.5094885881709],[-118.560503555335,34.5094162856192],[-118.560733649384,34.5093532059543],[-118.560917801981,34.5093141899317],[-118.561142325319,34.509279758883],[-118.561424735195,34.509283223466],[-118.561596670498,34.5093489723085],[-118.561610905044,34.5093435567778],[-118.56168067458,34.5093030212003],[-118.561813939336,34.5092371084748],[-118.561980394157,34.5091868404545],[-118.562043088186,34.5091500778724],[-118.562140468376,34.5091235754985],[-118.56231961646,34.50908887902],[-118.56235732673,34.5090808880896],[-118.562634454545,34.5091082622312],[-118.562750927462,34.5091129324453],[-118.562826384274,34.5091021618972],[-118.562845054368,34.5090708138082],[-118.562857272365,34.5090160485616],[-118.562844331887,34.5089640053634],[-118.562821563013,34.5088546936782],[-118.562824093562,34.5087635009276],[-118.562854963907,34.5086747822421],[-118.562914244449,34.5085989571889],[-118.56299233689,34.5085126249688],[-118.563105079962,34.5084313428692],[-118.563312425868,34.5083782770374],[-118.563368964196,34.5083623839552],[-118.563431903948,34.5083620919187],[-118.563551523125,34.5083667467613],[-118.563592380221,34.5083587426428],[-118.563696299486,34.5083686801714],[-118.563793766493,34.5083552023078],[-118.563875586528,34.5083548223752],[-118.563947612755,34.5083023846862],[-118.563959936939,34.5082632496042],[-118.563981611326,34.5082110457453],[-118.563990592915,34.508143270062],[-118.564024414786,34.5080258794315],[-118.564105175943,34.5078691946889],[-118.564192617686,34.5077697929],[-118.564383167091,34.5075604936902],[-118.56442047005,34.5074925854244],[-118.564451603296,34.5074429429371],[-118.564819772457,34.5069749066519],[-118.564847812205,34.5069330938383],[-118.564954399494,34.5068726784647],[-118.565139781796,34.5068301333938],[-118.565328329892,34.5067901778282],[-118.565520183262,34.5067736536458],[-118.566023701687,34.5067739129027],[-118.566140100629,34.5067681593767],[-118.566259558124,34.5067493670269],[-118.566334852762,34.5067151479679],[-118.566381895688,34.5066914823702],[-118.566422556619,34.5066548202742],[-118.566453600773,34.5065921514266],[-118.566446455169,34.5064671367111],[-118.566401831462,34.50638397921],[-118.56631958787,34.5063218397049],[-118.565962716477,34.5061359306846],[-118.565836311109,34.5060583659099],[-118.565712715545,34.5059312883358],[-118.565702885502,34.5058740200682],[-118.565764600129,34.5056939758306],[-118.565788623884,34.5055245289171],[-118.565847829737,34.5054382819135],[-118.565891476906,34.5053781598996],[-118.565966628711,34.5053231009829],[-118.566054562832,34.5052966394642],[-118.566130033481,34.5052884722077],[-118.566233860584,34.5052853826289],[-118.566322025062,34.5052927868378],[-118.566479667373,34.5053363392832],[-118.566545750881,34.5053360309547],[-118.566675107825,34.5053849259856],[-118.566728568385,34.5053794656074],[-118.566835489495,34.5053685465833],[-118.566913876548,34.5053264973259],[-118.567010860191,34.5052426796879],[-118.567088732187,34.5051250833336],[-118.567157091543,34.5049971105387],[-118.567187618498,34.5048588945146],[-118.567227780958,34.5047492896043],[-118.567236422123,34.5046320165505],[-118.567320054638,34.5044362383007],[-118.567442068309,34.5043314617033],[-118.567545449983,34.504263244507],[-118.567624066645,34.504255060709],[-118.567869249025,34.5042148372811],[-118.568004614696,34.5042220194963],[-118.5682094214,34.5042601390849],[-118.568240853589,34.5042547811223],[-118.56830999438,34.5042414321668],[-118.568347631801,34.5042230197778],[-118.568378672509,34.5041603504295],[-118.5683493366,34.5040119934817],[-118.568332678108,34.5038766025402],[-118.56831315725,34.5037829073907],[-118.568331610575,34.5037202969679],[-118.568364379626,34.5036882824848],[-118.568606585542,34.5036894347455],[-118.569246306416,34.5036924387046],[-118.570575432929,34.5036986691314],[-118.570937896668,34.5037003658508],[-118.571389202065,34.5037024764491],[-118.57213211057,34.5037059532162],[-118.572884772453,34.5037094704738],[-118.573578487915,34.5037081741903],[-118.57392527812,34.5037075244305],[-118.574272102077,34.5037068735206],[-118.577598513666,34.5037005204208],[-118.58231308255,34.5036913833938],[-118.582321853098,34.503415447536],[-118.582394668068,34.5011272017593],[-118.582546324187,34.4963608092913],[-118.586889634478,34.4963588520969],[-118.58864265078,34.496358018326],[-118.591232978305,34.4963567384552],[-118.59118695987,34.494592821219],[-118.591138115367,34.4927204843871],[-118.593319808308,34.4927235015252],[-118.594302373218,34.4927248475635],[-118.594364813823,34.4952222875831],[-118.59532242814,34.496364645287],[-118.595489203194,34.4963642952787],[-118.595443764431,34.494545471956],[-118.596509871203,34.4945473280571],[-118.596464400003,34.4927271048008],[-118.599658527418,34.4927312916039],[-118.599652895453,34.4925001692153],[-118.599628258152,34.4914889902161],[-118.599607696535,34.4906450620033],[-118.599603300081,34.4904646394666],[-118.599598623509,34.4902696648131],[-118.599575008222,34.4892970933645],[-118.599575067015,34.4892970930741],[-118.599569940765,34.4890909154284],[-118.599567076914,34.4889720764488],[-118.599567458719,34.4889720258801],[-118.599688283042,34.4889558829826],[-118.599880283878,34.4889118823933],[-118.600191284018,34.4889068832748],[-118.60045728226,34.4888848830118],[-118.600643283859,34.4888178829454],[-118.601065284044,34.4885658829499],[-118.601362223013,34.4884549180517],[-118.601833283906,34.4882788836906],[-118.602152283529,34.4881798826541],[-118.602365283782,34.4880628829278],[-118.602523283719,34.487927882581],[-118.603243282966,34.4872168828368],[-118.603706284071,34.4867858833656],[-118.603841159435,34.4866706984482],[-118.604117283447,34.4864348827103],[-118.604673284293,34.4860678828035],[-118.604985284044,34.4858588819637],[-118.605112283944,34.4857428820044],[-118.605256282943,34.4855438828155],[-118.605308283414,34.4854708830331],[-118.605320990034,34.4854584253436],[-118.605920284492,34.4848708825585],[-118.606630929064,34.4842669268028],[-118.60668628386,34.4842198820273],[-118.606842872897,34.4840798334865],[-118.606970284191,34.4839658822828],[-118.606998283984,34.4839468821198],[-118.606929907709,34.4838696260215],[-118.606972449736,34.4838394344975],[-118.607014038371,34.483811831531],[-118.607036683405,34.4837975659619],[-118.607059601858,34.4837836199683],[-118.607082826599,34.4837700222348],[-118.607106322692,34.483756759413],[-118.60713009339,34.4837438296834],[-118.607154135539,34.4837312483877],[-118.607178450334,34.4837190299443],[-118.607203004896,34.483707144767],[-118.607227814692,34.4836956234303],[-118.607252848234,34.4836844778117],[-118.607278119478,34.4836736807951],[-118.607303630709,34.4836632467935],[-118.60732934609,34.4836531886075],[-118.607347406158,34.4836470985186],[-118.607364920819,34.483640269191],[-118.60738228232,34.4836331899999],[-118.607399489467,34.4836258465268],[-118.607416525031,34.4836182650025],[-118.607433424947,34.4836104461487],[-118.60745013577,34.4836023767102],[-118.607466693432,34.4835940574083],[-118.607483064375,34.483585514556],[-118.6074992485,34.4835767346305],[-118.607515243637,34.4835677185445],[-118.607531050867,34.4835584653911],[-118.607546672466,34.4835489886819],[-118.607562071426,34.4835392895039],[-118.60757726636,34.4835293821884],[-118.607592274475,34.4835192378004],[-118.607607044808,34.4835088845426],[-118.607621593695,34.4834983232348],[-118.60763592004,34.4834875529811],[-118.607650027111,34.4834765737653],[-118.607663877997,34.4834654001966],[-118.607677525945,34.4834540184857],[-118.60769090246,34.483442441597],[-118.607704040314,34.4834306846927],[-118.607716922966,34.4834187190064],[-118.607729569233,34.4834065868163],[-118.607741960398,34.483394259367],[-118.607754062928,34.4833817665771],[-118.607765910552,34.4833691055733],[-118.607777504281,34.4833562655322],[-118.607788809368,34.4833432592492],[-118.607799843332,34.4833301001599],[-118.607810604978,34.4833167738456],[-118.607821079177,34.4833032957085],[-118.60783126484,34.4832896657538],[-118.607841162053,34.4832758957014],[-118.607850771931,34.4832619891518],[-118.60786007594,34.4832479425917],[-118.607869092615,34.4832337595346],[-118.607877820945,34.4832194508041],[-118.607886228277,34.4832050174652],[-118.607894328777,34.4831904612502],[-118.607902126885,34.4831757938568],[-118.607909618247,34.4831610153069],[-118.607916788723,34.4831461274745],[-118.607923654736,34.483131142899],[-118.607930197785,34.4831160625744],[-118.60793642014,34.4831008991112],[-118.60794232161,34.4830856263656],[-118.607947901395,34.4830702840093],[-118.607953159411,34.4830548603229],[-118.607958095757,34.4830393688289],[-118.607962711507,34.483023807719],[-118.607966986982,34.4830081653718],[-118.607970926824,34.4829924814316],[-118.607974527591,34.4829767315743],[-118.607977823203,34.4829609390699],[-118.607980763606,34.4829451077754],[-118.607983384611,34.4829292212836],[-118.60798566683,34.482913308541],[-118.607987592852,34.4828973705363],[-118.607989215903,34.4828813907753],[-118.607990484051,34.4828654136934],[-118.607991414398,34.4828493959311],[-118.607992007254,34.4828333798592],[-118.607992261431,34.4828173519606],[-118.60799211914,34.482797872259],[-118.607983876632,34.4822034913336],[-118.607980590623,34.4819548385944],[-118.607978587586,34.4818201229083],[-118.608061316592,34.4818206163645],[-118.608374913421,34.4818221355072],[-118.609038544463,34.481815717137],[-118.609303639912,34.481815519985],[-118.610067731268,34.4818292981841],[-118.610565859342,34.4818353645371],[-118.610659539921,34.4814230511872],[-118.610820746962,34.4807856663188],[-118.610777992178,34.4799214819324],[-118.610617087461,34.4794967919206],[-118.610402140926,34.4788747005428],[-118.610234757098,34.4775655404394],[-118.610510808195,34.4771420036505],[-118.611027315806,34.4769584831139],[-118.611327216136,34.4764778679026],[-118.611375196174,34.476400567295],[-118.611545266013,34.4758703491671],[-118.611386049245,34.4751240143932],[-118.611363951238,34.4748694962434],[-118.611367652997,34.4748225723839],[-118.611451401756,34.474657981358],[-118.611563074458,34.4744396432272],[-118.611621541391,34.4741378130221],[-118.611615551658,34.4738731624753],[-118.611567832512,34.4738049716886],[-118.611402949812,34.4735693478978],[-118.611430430923,34.4734552965292],[-118.61127036922,34.4720422377722],[-118.611165939274,34.471593812127],[-118.610850200813,34.4702155082446],[-118.609992899395,34.4691702772426],[-118.609602959925,34.4680332438676],[-118.609821788217,34.4674358138802],[-118.610111203702,34.4665476151521],[-118.610353211796,34.4634168505856],[-118.61093660219,34.4581471142332],[-118.611119530678,34.4563905926693],[-118.61129051248,34.4545768829983],[-118.611765505057,34.45338182567],[-118.612127272047,34.4524544934515],[-118.612480950476,34.4519947257698],[-118.612812645027,34.4516781883609],[-118.613168214449,34.4514760240105],[-118.613639238006,34.4513114405675],[-118.614232086341,34.4510370162231],[-118.614224283747,34.4510258784311],[-118.614055282887,34.4507898794873],[-118.613931533947,34.4506360295502],[-118.613833281797,34.4505138784641],[-118.613508843482,34.4501049788624],[-118.613194050846,34.4497082328937],[-118.61318895169,34.4497018063429],[-118.613216852265,34.4496966545843],[-118.613284257336,34.449684217955],[-118.613364920081,34.4496895350069],[-118.613328400709,34.4496424410607],[-118.612905911918,34.4490964766937],[-118.612098876599,34.44804757108],[-118.611460501086,34.4472216490895],[-118.611341041899,34.4470772230404],[-118.611255047347,34.4469728928615],[-118.611098266812,34.4467962144797],[-118.610949660377,34.4466347605113],[-118.610796483134,34.4464780994188],[-118.610755851949,34.446434414289],[-118.610616670519,34.4463015363608],[-118.610475185811,34.4461686698628],[-118.610209750176,34.4459379604654],[-118.610019735658,34.4457833922163],[-118.609852944312,34.445654469348],[-118.609726726686,34.4455615986889],[-118.609554205463,34.4454365204247],[-118.609442861483,34.4453615117839],[-118.609277355812,34.4452507098338],[-118.609044789194,34.4451039870771],[-118.608840037698,34.4449809781452],[-118.608550935905,34.4448202261843],[-118.607717376732,34.4443845492173],[-118.605991154833,34.4434907654254],[-118.605349303251,34.4431561031027],[-118.605349154605,34.443156163346],[-118.604830064059,34.442885724468],[-118.604219674032,34.4425681773665],[-118.603838655243,34.4423723630124],[-118.60374803365,34.442325790589],[-118.603113353776,34.4419926161337],[-118.601607199569,34.4412106453729],[-118.600209606555,34.4404833635364],[-118.599423448443,34.4400770686515],[-118.599043717711,34.4398800086626],[-118.598735037393,34.4397140813422],[-118.598506086437,34.4395849727981],[-118.598179928894,34.4393905073096],[-118.597916175259,34.4392257880432],[-118.597685334658,34.4390737881664],[-118.597407630587,34.4388905314537],[-118.597008296999,34.4386082615868],[-118.596728673224,34.4383978196378],[-118.596475042649,34.4381986997093],[-118.596184852587,34.4379596845821],[-118.595917202154,34.437732008508],[-118.595439274494,34.4373278951082],[-118.595283886369,34.4371938387263],[-118.594590469661,34.436607586324],[-118.59389181792,34.4360127684455],[-118.592207822018,34.4345823606938],[-118.591632623698,34.4340971295716],[-118.591174856286,34.4337043507078],[-118.590750865315,34.4333486166992],[-118.590467576995,34.4331038295949],[-118.590036964235,34.4327418839781],[-118.589308622251,34.4321236504807],[-118.588476241678,34.4314149556345],[-118.58812658634,34.4311214980684],[-118.587936116475,34.4309492869765],[-118.587770920418,34.4307926561495],[-118.58765264264,34.4306758712587],[-118.587534344995,34.4305562230599],[-118.587400330806,34.4304123210012],[-118.587271509294,34.4302698253021],[-118.587170504849,34.4301529563208],[-118.587092104889,34.4300574453205],[-118.586966627874,34.4298991895277],[-118.586907379208,34.4298250541033],[-118.586837626391,34.4297309327478],[-118.586764388037,34.429632534179],[-118.586680646752,34.4295141496446],[-118.586588158425,34.4293800646654],[-118.586493822837,34.4292288142177],[-118.586402992302,34.4290847022732],[-118.586308566711,34.4289205709192],[-118.586193052961,34.4287050184098],[-118.586055526414,34.4284463649529],[-118.58572212304,34.4278082147736],[-118.584990435395,34.4264119808111],[-118.583328799668,34.4232448636334],[-118.583169225887,34.4229394887487],[-118.582951871629,34.4225242944159],[-118.582913939392,34.4224510075276],[-118.582560932704,34.4217776556775],[-118.582245850467,34.4211756804837],[-118.58192202839,34.42055800281],[-118.581620083416,34.4199810095409],[-118.580955005121,34.4187187792469],[-118.580801891647,34.4184272071343],[-118.580370134325,34.4176050066863],[-118.580194240113,34.4172702328293],[-118.57993023709,34.4167650895932],[-118.579753633177,34.4164105197704],[-118.579566723142,34.4160226040928],[-118.579419143483,34.4157022446632],[-118.579223204684,34.4152571237954],[-118.579069541124,34.4148893233037],[-118.579005123614,34.4147314835895],[-118.578943588529,34.4145743459047],[-118.578778000042,34.4141469695947],[-118.578588875755,34.4136457601166],[-118.578528764819,34.4134862299494],[-118.578086792531,34.4123414701741],[-118.578022424111,34.4121903092084],[-118.578000491075,34.4121403214629],[-118.577643466795,34.4112904600624],[-118.577386267642,34.4107239759319],[-118.5766860732,34.4091501277185],[-118.576613898305,34.4089844603742],[-118.576319747871,34.4083292136055],[-118.576319684908,34.4083292319355],[-118.57630743399,34.4083014505894],[-118.576079946198,34.4077922235496],[-118.575698296451,34.4069381793179],[-118.57551417384,34.4065311621277],[-118.575247574885,34.4059327548345],[-118.574723225501,34.4047656654095],[-118.574400555114,34.4040473015545],[-118.57422168488,34.4036488446867],[-118.573951650088,34.4030504507996],[-118.573848034799,34.4027976191146],[-118.57355303487,34.4020834151879],[-118.573321714475,34.4015226843481],[-118.57318604114,34.4011938000422],[-118.572984175729,34.4007138723344],[-118.572680391069,34.3999753770014],[-118.572622470723,34.399838255746],[-118.572414504023,34.39897193128],[-118.572371759787,34.3987718693337],[-118.572369904479,34.3987631863383],[-118.572000300819,34.3972378414026],[-118.571266871357,34.3941870449981],[-118.571059433483,34.3933275934275],[-118.570921277502,34.3927553355797],[-118.570800631661,34.3922562714726],[-118.570690911747,34.3918020246001],[-118.570663368782,34.3916876585468],[-118.570643814353,34.3916054561264],[-118.570570058464,34.391360567883],[-118.570466594881,34.391063365015],[-118.570447749605,34.3908955020263],[-118.570407417996,34.3905329685218],[-118.570335464551,34.3899339004122],[-118.570253882401,34.3896006968683],[-118.570180059496,34.3892991792989],[-118.570141184571,34.3891896364599],[-118.56999635226,34.3887785331815],[-118.569949648112,34.3886459656685],[-118.569741417989,34.3881536571717],[-118.569513940982,34.3875393105742],[-118.569143750939,34.3865662829104],[-118.568831686519,34.3859511393215],[-118.568595984322,34.3853523333794],[-118.568221339028,34.3844190402653],[-118.568046689055,34.3839117825806],[-118.567845621284,34.3833271257581],[-118.567801774521,34.3832259546198],[-118.567474429953,34.3824761077151],[-118.567383854118,34.3822725859034],[-118.567214846302,34.3817474104213],[-118.567075260189,34.3813175107915],[-118.566949465329,34.3810115841438],[-118.566820786149,34.3807044772096],[-118.566606951114,34.3803719741555],[-118.566191737703,34.3797269824643],[-118.565491963559,34.3786400021692],[-118.565337986489,34.3786094169795],[-118.565279936431,34.378602133651],[-118.565224238632,34.3785948943219],[-118.565165494416,34.3785872247092],[-118.565025943042,34.3785652311768],[-118.564847319717,34.3785430634238],[-118.564593217664,34.3785043502563],[-118.564483720339,34.3784856221561],[-118.563919639497,34.3783886387201],[-118.56368573651,34.3783519402044],[-118.563543093462,34.378332352935],[-118.563242916193,34.3782976691369],[-118.563015761619,34.3782787993097],[-118.562931227776,34.3782757596937],[-118.562747286791,34.3782752388089],[-118.56252528113,34.3782828070974],[-118.562177447546,34.3783064001217],[-118.562046631575,34.3783210824236],[-118.561902601885,34.3783420293326],[-118.561753622485,34.3783657171515],[-118.561606320458,34.3783935513176],[-118.561467319497,34.3784230453632],[-118.561176117029,34.3784896562047],[-118.561146324558,34.3784956234705],[-118.561065235229,34.3785117919704],[-118.560936133118,34.378533686483],[-118.560765629259,34.3785616269748],[-118.560479222808,34.3786027995142],[-118.560353381597,34.3786174479709],[-118.560109924043,34.3786388522682],[-118.559593083545,34.3786659700758],[-118.55954246841,34.3786690796103],[-118.559145842521,34.3786934516718],[-118.55835077199,34.3787465745511],[-118.557718001559,34.3787852134165],[-118.556666115422,34.3788439636209],[-118.556507094167,34.3788543095202],[-118.555331045217,34.378931834549],[-118.554169903506,34.3790089518574],[-118.553981072793,34.3790204503398],[-118.553118024596,34.3790693985704],[-118.553008689744,34.3790747043617],[-118.552729074878,34.3790884910736],[-118.552417245397,34.3791038654967],[-118.55239451918,34.3791049598416],[-118.55227149952,34.3791110449465],[-118.552049238855,34.3791219435193],[-118.551792741696,34.3791345211179],[-118.551125177572,34.3791746479316],[-118.550422825385,34.3792169998522],[-118.549455476614,34.3792807975911],[-118.548619037963,34.3793226972863],[-118.548512869006,34.379328015346],[-118.54821476453,34.3793446691645],[-118.547745355248,34.379370894464],[-118.547108123462,34.3794064923285],[-118.546998465383,34.3794128696918],[-118.545966785037,34.3794727809222],[-118.545451608766,34.3795025787968],[-118.543654241364,34.3796006455608],[-118.542484614561,34.3796679910419],[-118.541691086962,34.3797192090131],[-118.540780217107,34.3797759587188],[-118.540717275018,34.3797800286319],[-118.540318758967,34.3798031033546],[-118.539978457153,34.3798228062829],[-118.539828633079,34.379831083397],[-118.539335716192,34.3798583156777],[-118.539294562695,34.3798603667385],[-118.538945847745,34.3798777637928],[-118.538547164468,34.3798976509955],[-118.538517364891,34.3798991392815],[-118.538270504675,34.3799114660378],[-118.538128599456,34.3799193822378],[-118.538096567247,34.3799211697245],[-118.537781819012,34.3799390536599],[-118.537679650722,34.3799456372875],[-118.536945305173,34.3799929095476],[-118.536726668666,34.380009681665],[-118.536259574164,34.3800450803715],[-118.535578742832,34.3800858707762],[-118.534882909741,34.380112984078],[-118.534538307713,34.3801265124458],[-118.534173865624,34.3801477173132],[-118.53378463028,34.3801782827481],[-118.533412009678,34.3802159726254],[-118.533080829962,34.3802555707179],[-118.533041087713,34.3802591785217],[-118.532877205883,34.3800287207784],[-118.532574660399,34.3796209730359],[-118.532487781148,34.3795100623059],[-118.532333990872,34.3793025848279],[-118.532195209433,34.3791087798321],[-118.532173494979,34.3790817261905],[-118.532140075724,34.379038590872],[-118.532103324762,34.3789920380063],[-118.532019941988,34.3789096390123],[-118.531968314717,34.3788700238233],[-118.53191007554,34.3788324940337],[-118.531811964456,34.3787786553779],[-118.531713884115,34.3787306377489],[-118.53153610516,34.3786572242313],[-118.531466344636,34.3786324690718],[-118.531335105591,34.3785808343699],[-118.531017725514,34.3784444760165],[-118.530981168146,34.3784291927644],[-118.530595635917,34.3782594673984],[-118.53052751439,34.3782309144555],[-118.530358016349,34.3781574575703],[-118.530057288882,34.37803305671],[-118.529911071554,34.3779722271497],[-118.529671836963,34.3778757224325],[-118.529422601629,34.3777710145371],[-118.529038696765,34.3776098363502],[-118.528977301527,34.3775829994693],[-118.528581823138,34.3774119633233],[-118.528217897703,34.3772510641647],[-118.528096602,34.377199054487],[-118.527880596529,34.3771065623904],[-118.527824109955,34.3770834539581],[-118.527330680253,34.3768836339017],[-118.527202725763,34.3768261267625],[-118.527076394983,34.3767652046106],[-118.526953368641,34.3767011648657],[-118.526901808007,34.376670802445],[-118.526790455034,34.3766190764125],[-118.526727383239,34.3766028631117],[-118.526654412633,34.3765942512873],[-118.52657653168,34.3765945895937],[-118.526487097094,34.3766022056673],[-118.526462286924,34.3766095094984],[-118.526430892167,34.3766237422997],[-118.526330239943,34.3766908166091],[-118.526080031279,34.3764308520016],[-118.526031682334,34.3763843485392],[-118.525975047087,34.376338211874],[-118.525888481303,34.3762746953247],[-118.525806944212,34.3762207817376],[-118.525723782723,34.376172721623],[-118.525660612829,34.3761403508063],[-118.52553599977,34.3760869763112],[-118.525469552739,34.3760621790092],[-118.52539646368,34.3760329559509],[-118.525242856742,34.3759709943315],[-118.525220359612,34.3759619438808],[-118.524899691945,34.3758262680912],[-118.524306372181,34.3755611243836],[-118.524343907449,34.3756124705893],[-118.524119260074,34.3755198757693],[-118.523950261442,34.3754498760263],[-118.523820343799,34.3753953615185],[-118.523695260208,34.3753428751886],[-118.523409260352,34.3752228758364],[-118.523300960711,34.3751750226703],[-118.523233889263,34.3750876050225],[-118.523225145032,34.3750768504361],[-118.523204714197,34.3750676185007],[-118.523026902108,34.3749869930082],[-118.523008062406,34.3749793778473],[-118.522352404711,34.3747106304459],[-118.521991882815,34.3745603641243],[-118.521909570008,34.3745254962863],[-118.521563227494,34.3743787837235],[-118.521262494488,34.3742502393255],[-118.520740791197,34.3740271561487],[-118.520665760928,34.373994531672],[-118.520285528805,34.3738291990909],[-118.519684050288,34.3735679832592],[-118.519372424478,34.3734508276602],[-118.519323633476,34.3734324848125],[-118.519139222012,34.3733556494455],[-118.51893981577,34.3732647815223],[-118.518633953178,34.3731094579438],[-118.518281464988,34.3729158669749],[-118.517973841286,34.3727426879746],[-118.517775920947,34.3726243599298],[-118.517365017345,34.3723695885271],[-118.517203710975,34.3722695731188],[-118.516730830539,34.3719808451654],[-118.516327151948,34.3717343678847],[-118.515741588257,34.3713621268021],[-118.515355677949,34.3711219554081],[-118.514993093196,34.3709016014035],[-118.51477023744,34.3707679030959],[-118.514377741027,34.370532890838],[-118.514174851656,34.3704135322445],[-118.513885483415,34.370242325507],[-118.513431512951,34.3699794391618],[-118.513388711455,34.3699543575113],[-118.513373311659,34.369945334315],[-118.513288262292,34.3698943085455],[-118.513242353506,34.3698667472452],[-118.513102230917,34.3697826273145],[-118.512887478092,34.3696461406701],[-118.512821036042,34.369603912399],[-118.512745975258,34.3695558046486],[-118.512633109173,34.3694806374662],[-118.512390194186,34.3693184976425],[-118.512247158175,34.3692254764285],[-118.51223392692,34.3692168631402],[-118.512143363682,34.3691579073953],[-118.512077438525,34.369115097747],[-118.511758026365,34.3689062320738],[-118.511380508837,34.3686790633396],[-118.511222540014,34.3685862400506],[-118.510886617941,34.368388851598],[-118.510740901256,34.3683021029057],[-118.510731298705,34.3682963861362],[-118.510409340171,34.3681047218091],[-118.510264627669,34.3680129494514],[-118.509774211271,34.3676924394866],[-118.509576029834,34.3675629138286],[-118.50943118517,34.3674682461952],[-118.508975376152,34.3671702856177],[-118.508364544595,34.3667709220662],[-118.508271697346,34.3667102186284],[-118.507781244165,34.366436469936],[-118.507699420946,34.3663927526574],[-118.507664617563,34.3663741635407],[-118.5075917462,34.3663352319315],[-118.507487019268,34.3662790087053],[-118.507361375799,34.3662157850396],[-118.507252707642,34.3661666308475],[-118.507244404797,34.3661628836362],[-118.507210852875,34.3661492818756],[-118.507187605679,34.3661398435703],[-118.507148233636,34.3661238509218],[-118.507071708294,34.3661004019929],[-118.506987078177,34.3660791271677],[-118.506743090319,34.3660083479412],[-118.506590373617,34.3659619421726],[-118.506315523847,34.3658733405221],[-118.505642449315,34.3656570941503],[-118.505116903914,34.3655231177594],[-118.505082424166,34.3655143632465],[-118.503525271474,34.3651190023327],[-118.504126649808,34.3640453402047],[-118.504940438387,34.3625797486726],[-118.505193786949,34.362142177734],[-118.505711908512,34.3612550609848],[-118.50581150714,34.3610781312533],[-118.50612371234,34.3603874679109],[-118.506272937437,34.3598573022401],[-118.506326426997,34.3596662527139],[-118.506457147048,34.358931026055],[-118.50649715904,34.3584156273876],[-118.506490523344,34.3582701502899],[-118.50644498162,34.3574020816553],[-118.506389646491,34.3568155225756],[-118.506244832832,34.3561768595307],[-118.506010501713,34.3554789368502],[-118.505430812811,34.3537949298566],[-118.505026767565,34.3526158761582],[-118.504543741297,34.3512153153361],[-118.504455875572,34.3509532952578],[-118.504303614037,34.3505054869875],[-118.50415090699,34.3499837361109],[-118.50408924459,34.3497740835661],[-118.503970199917,34.3491114576141],[-118.503944972234,34.3487442212381],[-118.503893567139,34.347852322868],[-118.503950282172,34.347243828225],[-118.50398550596,34.3468858823289],[-118.504027503016,34.3466972669643],[-118.504108838031,34.3463558266478],[-118.5042378205,34.3458090498975],[-118.504331190235,34.3455558164612],[-118.504529158456,34.3450039813093],[-118.504583048262,34.3448595069852],[-118.505621002301,34.3452035303075],[-118.505942134385,34.3453305719879],[-118.506081378243,34.3453853333935],[-118.506126112111,34.3454029817335],[-118.506185971945,34.3454265990802],[-118.506210729334,34.3454363675276],[-118.50623058602,34.3454442019037],[-118.509642303472,34.3467971819485],[-118.50964199952,34.3467976015412],[-118.509810482316,34.346863872791],[-118.510224473264,34.3470274305541],[-118.510224645404,34.3470274965433],[-118.511734334899,34.3476241323476],[-118.512124093483,34.3477781575231],[-118.512134724725,34.3477823678653],[-118.51264930285,34.3479857099603],[-118.512850887966,34.348065368181],[-118.51419223007,34.3485954705763],[-118.514210421639,34.3486029014159],[-118.514272544772,34.3486282776088],[-118.514413404859,34.3486858164937],[-118.514595483244,34.3487543457757],[-118.514602310141,34.3487680292106],[-118.514884067851,34.3488791463308],[-118.51838930564,34.3502614428491],[-118.518460644971,34.3502823392005],[-118.518965045432,34.3504815366188],[-118.519732629397,34.3507840145526],[-118.5197344801,34.3504803859244],[-118.519745075825,34.3488949423998],[-118.519751308585,34.3476204397856],[-118.519753658989,34.3471419110605],[-118.519765702708,34.345386115953],[-118.519773671652,34.3441881329604],[-118.51978665765,34.342237204177],[-118.519789871797,34.3417646082839],[-118.519791753189,34.3414870627783],[-118.519799690516,34.3402260737656],[-118.519800440041,34.3393891947984],[-118.519811593631,34.3384471686691],[-118.519815112819,34.3381513337586],[-118.517819335033,34.3381501781946],[-118.516774028534,34.338150381727],[-118.515403102568,34.338143539469],[-118.513396346203,34.3381388264205],[-118.513347425769,34.3381386081502],[-118.513345859606,34.3381386003604],[-118.513174391625,34.3381377877154],[-118.51293011048,34.338136761073],[-118.512679999763,34.3381357586027],[-118.512429913212,34.3381333815666],[-118.512239857438,34.3381325930116],[-118.512239630292,34.3381325930703],[-118.512183114524,34.3381324524156],[-118.512114410939,34.3381324624132],[-118.511923926021,34.3381313434095],[-118.51167881803,34.3381303456857],[-118.511431190678,34.3381293301515],[-118.511183596851,34.3381282860222],[-118.511106570472,34.3381270720081],[-118.510943424022,34.3381272659916],[-118.510338083969,34.3381240191308],[-118.509969537908,34.3381218058962],[-118.509669770515,34.3381208412026],[-118.50939617744,34.3375730708948],[-118.509177495576,34.3371364969047],[-118.509138337399,34.3370565244397],[-118.508786234497,34.3355826464062],[-118.507858189579,34.3356224605779],[-118.5066853695,34.3356727657093],[-118.506624461123,34.3351974796197],[-118.507156809285,34.3347959650455],[-118.507195788261,34.3347665631433],[-118.507218075935,34.3347497643104],[-118.50725467902,34.3347221249284],[-118.507344168045,34.3346546522402],[-118.507351897583,34.3346488175636],[-118.507352776016,34.3346481548596],[-118.507364339529,34.3346394327235],[-118.507463138208,34.3345648970651],[-118.507478824502,34.3345530680734],[-118.507536198432,34.3345098017644],[-118.50753631208,34.3345097255589],[-118.507584687396,34.3344732368325],[-118.507585689149,34.3344724807516],[-118.507659581106,34.3344167553209],[-118.50771185736,34.3343773319139],[-118.507723863263,34.3343682770241],[-118.507777241823,34.3343280231588],[-118.507830169217,34.3342881092382],[-118.50783024563,34.3342881648134],[-118.508259812396,34.3339642974812],[-118.508342775326,34.3339017188367],[-118.508344604631,34.3339003372149],[-118.508344667382,34.3339002909731],[-118.508344512169,34.3339001446732],[-118.50835241685,34.3338941829816],[-118.511333195333,34.3316458620371],[-118.512099575734,34.331067761718],[-118.512245539947,34.3309576715555],[-118.515475399267,34.3285211732439],[-118.516136722554,34.3280221994105],[-118.517062833063,34.3273234142405],[-118.519146010722,34.3257519111376],[-118.519840154333,34.3252282371706],[-118.519919141424,34.3251686507643],[-118.521575269725,34.3239190158636],[-118.521879593944,34.3236894161936],[-118.522022327719,34.3236895270148],[-118.524208178864,34.3236861618016],[-118.528712660163,34.3236791465972],[-118.533113869781,34.3236721154659],[-118.53751027802,34.3236649457486],[-118.545230052922,34.323737838446],[-118.546087792424,34.3237459117419],[-118.546195651302,34.3237469266005],[-118.546337041602,34.3237482571588],[-118.549316821295,34.3237762597379],[-118.549466182674,34.3237776586885],[-118.549542465171,34.3237783729171],[-118.550546409945,34.3237877699443],[-118.554922379096,34.3238286995109],[-118.559435813221,34.3238706773185],[-118.563807286323,34.3239111967834],[-118.563949218196,34.3239124871408],[-118.56507533301,34.3239227114453],[-118.565075735813,34.3239229818327],[-118.565075735098,34.3239227158808],[-118.567664471926,34.3239480948506],[-118.572037980209,34.3239891904498],[-118.575498192608,34.3239792611659],[-118.575620106183,34.3239789010744],[-118.575794487404,34.3239783997005],[-118.576489981295,34.3239763869341],[-118.579948412585,34.3239674073501],[-118.580942849185,34.3239648166596],[-118.585237576979,34.3239684887033],[-118.589533161639,34.3239720394984],[-118.598073685422,34.3239444113472],[-118.602344365126,34.3239296892006],[-118.604332313246,34.323923967117],[-118.605128002682,34.3239216958116],[-118.60570932396,34.3239199998618],[-118.605922887607,34.3239193710142],[-118.606320298181,34.3239182320627],[-118.606292289502,34.3214708196487],[-118.606291511194,34.3214027721848],[-118.610569387881,34.321347903054],[-118.614846435284,34.3212928834436],[-118.620193104471,34.3212230650628],[-118.623401287603,34.3211810466533]]]},"properties":{"OBJECTID":10399,"Date":null,"Code":"1061001","DivisionName":"SANTA CLARITA COMMUNITY COLLEGE TA1","division_type":"COMMUNITY COLLEGE","group_type":"10","District":"SANTA CLARITA COMMUNITY COLLEGE","Shape__Area":4448838203.5214844,"Shape__Length":379554.43558812095,"GlobalID":"597ad55e-a9a2-48ac-bc34-196902e03e5c","CreationDate":1788987057416,"Creator":"RRCCgis_lacounty","EditDate":1788987057416,"Editor":"RRCCgis_lacounty"}},{"type":"Feature","id":10400,"geometry":{"type":"Polygon","coordinates":[[[-118.571266871357,34.3941870449981],[-118.572000300819,34.3972378414026],[-118.572369904479,34.3987631863383],[-118.572414504023,34.39897193128],[-118.572622470723,34.399838255746],[-118.572680391069,34.3999753770014],[-118.572984175729,34.4007138723344],[-118.57318604114,34.4011938000422],[-118.57355303487,34.4020834151879],[-118.573848034799,34.4027976191146],[-118.573951650088,34.4030504507996],[-118.57422168488,34.4036488446867],[-118.574400555114,34.4040473015545],[-118.574723225501,34.4047656654095],[-118.575247574885,34.4059327548345],[-118.57551417384,34.4065311621277],[-118.575698296451,34.4069381793179],[-118.576079946198,34.4077922235496],[-118.57630743399,34.4083014505894],[-118.576319684908,34.4083292319355],[-118.576319747871,34.4083292136055],[-118.57632207232,34.4083343936283],[-118.576613898305,34.4089844603742],[-118.5766860732,34.4091501277185],[-118.577386267642,34.4107239759319],[-118.577643466795,34.4112904600624],[-118.578000491075,34.4121403214629],[-118.578022424111,34.4121903092084],[-118.578086792531,34.4123414701741],[-118.578528764819,34.4134862299494],[-118.578588875755,34.4136457601166],[-118.578778000042,34.4141469695947],[-118.578943588529,34.4145743459047],[-118.579005123614,34.4147314835895],[-118.579069541124,34.4148893233037],[-118.579223204684,34.4152571237954],[-118.579419143483,34.4157022446632],[-118.579566723142,34.4160226040928],[-118.579753633177,34.4164105197704],[-118.57993023709,34.4167650895932],[-118.580194240113,34.4172702328293],[-118.580370134325,34.4176050066863],[-118.580955005121,34.4187187792469],[-118.581620083416,34.4199810095409],[-118.58192202839,34.42055800281],[-118.582245850467,34.4211756804837],[-118.582560932704,34.4217776556775],[-118.582913939392,34.4224510075276],[-118.582951871629,34.4225242944159],[-118.583169225887,34.4229394887487],[-118.583328799668,34.4232448636334],[-118.584990435395,34.4264119808111],[-118.58572212304,34.4278082147736],[-118.586055526414,34.4284463649529],[-118.586193052961,34.4287050184098],[-118.586308566711,34.4289205709192],[-118.586402992302,34.4290847022732],[-118.586493822837,34.4292288142177],[-118.586588158425,34.4293800646654],[-118.586680646752,34.4295141496446],[-118.586764388037,34.429632534179],[-118.586837626391,34.4297309327478],[-118.586907379208,34.4298250541033],[-118.586966627874,34.4298991895277],[-118.587092104889,34.4300574453205],[-118.587170504849,34.4301529563208],[-118.587271509294,34.4302698253021],[-118.587400330806,34.4304123210012],[-118.587534344995,34.4305562230599],[-118.58765264264,34.4306758712587],[-118.587770920418,34.4307926561495],[-118.587936116475,34.4309492869765],[-118.58812658634,34.4311214980684],[-118.588476241678,34.4314149556345],[-118.589308622251,34.4321236504807],[-118.590036964235,34.4327418839781],[-118.590467576995,34.4331038295949],[-118.590750865315,34.4333486166992],[-118.591174856286,34.4337043507078],[-118.591632623698,34.4340971295716],[-118.592207822018,34.4345823606938],[-118.59389181792,34.4360127684455],[-118.594590469661,34.436607586324],[-118.595283886369,34.4371938387263],[-118.595439274494,34.4373278951082],[-118.595917202154,34.437732008508],[-118.596184852587,34.4379596845821],[-118.596475042649,34.4381986997093],[-118.596728673224,34.4383978196378],[-118.597008296999,34.4386082615868],[-118.597407630587,34.4388905314537],[-118.597685334658,34.4390737881664],[-118.597916175259,34.4392257880432],[-118.598179928894,34.4393905073096],[-118.598506086437,34.4395849727981],[-118.598735037393,34.4397140813422],[-118.599043717711,34.4398800086626],[-118.599423448443,34.4400770686515],[-118.600209606555,34.4404833635364],[-118.601607199569,34.4412106453729],[-118.603113353776,34.4419926161337],[-118.60374803365,34.442325790589],[-118.604219674032,34.4425681773665],[-118.604830064059,34.442885724468],[-118.605349154605,34.443156163346],[-118.605349303251,34.4431561031027],[-118.605991154833,34.4434907654254],[-118.607717376732,34.4443845492173],[-118.608550935905,34.4448202261843],[-118.608840037698,34.4449809781452],[-118.609044789194,34.4451039870771],[-118.609277355812,34.4452507098338],[-118.609442861483,34.4453615117839],[-118.609554205463,34.4454365204247],[-118.609726726686,34.4455615986889],[-118.609852944312,34.445654469348],[-118.610019735658,34.4457833922163],[-118.610209750176,34.4459379604654],[-118.610475185811,34.4461686698628],[-118.610616670519,34.4463015363608],[-118.610755851949,34.446434414289],[-118.610796483134,34.4464780994188],[-118.610949660377,34.4466347605113],[-118.611098266812,34.4467962144797],[-118.611255047347,34.4469728928615],[-118.611341041899,34.4470772230404],[-118.611460501086,34.4472216490895],[-118.612098876599,34.44804757108],[-118.612905911918,34.4490964766937],[-118.613328400709,34.4496424410607],[-118.613364920081,34.4496895350069],[-118.613284257336,34.449684217955],[-118.613216852265,34.4496966545843],[-118.61318895169,34.4497018063429],[-118.613194050846,34.4497082328937],[-118.613508843482,34.4501049788624],[-118.613833281797,34.4505138784641],[-118.613931533947,34.4506360295502],[-118.614055282887,34.4507898794873],[-118.614224283747,34.4510258784311],[-118.614232086341,34.4510370162231],[-118.613639238006,34.4513114405675],[-118.613168214449,34.4514760240105],[-118.612812645027,34.4516781883609],[-118.612480950476,34.4519947257698],[-118.612127272047,34.4524544934515],[-118.611765505057,34.45338182567],[-118.61129051248,34.4545768829983],[-118.611119530678,34.4563905926693],[-118.61093660219,34.4581471142332],[-118.610353211796,34.4634168505856],[-118.610111203702,34.4665476151521],[-118.609821788217,34.4674358138802],[-118.609602959925,34.4680332438676],[-118.609992899395,34.4691702772426],[-118.610850200813,34.4702155082446],[-118.611165939274,34.471593812127],[-118.61127036922,34.4720422377722],[-118.611430430923,34.4734552965292],[-118.611402949812,34.4735693478978],[-118.611567832512,34.4738049716886],[-118.611615551658,34.4738731624753],[-118.611621541391,34.4741378130221],[-118.611563074458,34.4744396432272],[-118.611451401756,34.474657981358],[-118.611367652997,34.4748225723839],[-118.611363951238,34.4748694962434],[-118.611386049245,34.4751240143932],[-118.611545266013,34.4758703491671],[-118.611375196174,34.476400567295],[-118.611327216136,34.4764778679026],[-118.611027315806,34.4769584831139],[-118.610510808195,34.4771420036505],[-118.610234757098,34.4775655404394],[-118.610402140926,34.4788747005428],[-118.610617087461,34.4794967919206],[-118.610777992178,34.4799214819324],[-118.610820746962,34.4807856663188],[-118.610659539921,34.4814230511872],[-118.610565859348,34.4818353654386],[-118.610067731268,34.4818292981841],[-118.609303639912,34.481815519985],[-118.609038544463,34.481815717137],[-118.608374913421,34.4818221355072],[-118.608061316592,34.4818206163645],[-118.607978587586,34.4818201229083],[-118.607980590623,34.4819548385944],[-118.607983876632,34.4822034913336],[-118.60799211914,34.482797872259],[-118.607992261431,34.4828173519606],[-118.607992007254,34.4828333798592],[-118.607991414398,34.4828493959311],[-118.607990484051,34.4828654136934],[-118.607989215903,34.4828813907753],[-118.607987592852,34.4828973705363],[-118.60798566683,34.482913308541],[-118.607983384611,34.4829292212836],[-118.607980763606,34.4829451077754],[-118.607977823203,34.4829609390699],[-118.607974527591,34.4829767315743],[-118.607970926824,34.4829924814316],[-118.607966986982,34.4830081653718],[-118.607962711507,34.483023807719],[-118.607958095757,34.4830393688289],[-118.607953159411,34.4830548603229],[-118.607947901395,34.4830702840093],[-118.60794232161,34.4830856263656],[-118.60793642014,34.4831008991112],[-118.607930197785,34.4831160625744],[-118.607923654736,34.483131142899],[-118.607916788723,34.4831461274745],[-118.607909618247,34.4831610153069],[-118.607902126885,34.4831757938568],[-118.607894328777,34.4831904612502],[-118.607886228277,34.4832050174652],[-118.607877820945,34.4832194508041],[-118.607869092615,34.4832337595346],[-118.60786007594,34.4832479425917],[-118.607850771931,34.4832619891518],[-118.607841162053,34.4832758957014],[-118.60783126484,34.4832896657538],[-118.607821079177,34.4833032957085],[-118.607810604978,34.4833167738456],[-118.607799843332,34.4833301001599],[-118.607788809368,34.4833432592492],[-118.607777504281,34.4833562655322],[-118.607765910552,34.4833691055733],[-118.607754062928,34.4833817665771],[-118.607741960398,34.483394259367],[-118.607729569233,34.4834065868163],[-118.607716922966,34.4834187190064],[-118.607704040314,34.4834306846927],[-118.60769090246,34.483442441597],[-118.607677525945,34.4834540184857],[-118.607663877997,34.4834654001966],[-118.607650027111,34.4834765737653],[-118.60763592004,34.4834875529811],[-118.607621593695,34.4834983232348],[-118.607607044808,34.4835088845426],[-118.607592274475,34.4835192378004],[-118.60757726636,34.4835293821884],[-118.607562071426,34.4835392895039],[-118.607546672466,34.4835489886819],[-118.607531050867,34.4835584653911],[-118.607515243637,34.4835677185445],[-118.6074992485,34.4835767346305],[-118.607483064375,34.483585514556],[-118.607466693432,34.4835940574083],[-118.60745013577,34.4836023767102],[-118.607433424947,34.4836104461487],[-118.607416525031,34.4836182650025],[-118.607399489467,34.4836258465268],[-118.60738228232,34.4836331899999],[-118.607364920819,34.483640269191],[-118.607347406158,34.4836470985186],[-118.60732934609,34.4836531886075],[-118.607303630709,34.4836632467935],[-118.607278119478,34.4836736807951],[-118.607252848234,34.4836844778117],[-118.607227814692,34.4836956234303],[-118.607203004896,34.483707144767],[-118.607178450334,34.4837190299443],[-118.607154135539,34.4837312483877],[-118.60713009339,34.4837438296834],[-118.607106322692,34.483756759413],[-118.607082826599,34.4837700222348],[-118.607059601858,34.4837836199683],[-118.607036683405,34.4837975659619],[-118.607014038371,34.483811831531],[-118.606972449736,34.4838394344975],[-118.606929907709,34.4838696260215],[-118.606998283984,34.4839468821198],[-118.606970284191,34.4839658822828],[-118.606842872897,34.4840798334865],[-118.60668628386,34.4842198820273],[-118.606630929064,34.4842669268028],[-118.605920284492,34.4848708825585],[-118.605320990034,34.4854584253436],[-118.605308283414,34.4854708830331],[-118.605256282943,34.4855438828155],[-118.605112283944,34.4857428820044],[-118.604985284044,34.4858588819637],[-118.604673284293,34.4860678828035],[-118.604117283447,34.4864348827103],[-118.603841159435,34.4866706984482],[-118.603818543171,34.4866900127747],[-118.603706284071,34.4867858833656],[-118.603243282966,34.4872168828368],[-118.602523283719,34.487927882581],[-118.602365283782,34.4880628829278],[-118.602152283529,34.4881798826541],[-118.601833283906,34.4882788836906],[-118.601362223013,34.4884549180517],[-118.601065284044,34.4885658829499],[-118.600643283859,34.4888178829454],[-118.60045728226,34.4888848830118],[-118.600191284018,34.4889068832748],[-118.599880283878,34.4889118823933],[-118.599688283042,34.4889558829826],[-118.599567458719,34.4889720258801],[-118.599567076914,34.4889720764488],[-118.599569940765,34.4890909154284],[-118.599575067015,34.4892970930741],[-118.599575008222,34.4892970933645],[-118.599598623509,34.4902696648131],[-118.599603300081,34.4904646394666],[-118.599607696535,34.4906450620033],[-118.599628258152,34.4914889902161],[-118.599652895505,34.4925001764273],[-118.599658527418,34.4927312916039],[-118.596464400003,34.4927271048008],[-118.596509871203,34.4945473280571],[-118.595443764431,34.494545471956],[-118.595489203194,34.4963642952787],[-118.59532242814,34.496364645287],[-118.594364813823,34.4952222875831],[-118.594302373218,34.4927248475635],[-118.593319808308,34.4927235015252],[-118.591138115367,34.4927204843871],[-118.59118695987,34.494592821219],[-118.591232978305,34.4963567384552],[-118.58864265078,34.496358018326],[-118.586889634478,34.4963588520969],[-118.582546324187,34.4963608092913],[-118.582394668068,34.5011272017593],[-118.582321853098,34.503415447536],[-118.58231308255,34.5036913833938],[-118.577598513666,34.5037005204208],[-118.574272102077,34.5037068735206],[-118.57392527812,34.5037075244305],[-118.573578487915,34.5037081741903],[-118.572884772453,34.5037094704738],[-118.57213211057,34.5037059532162],[-118.571389202065,34.5037024764491],[-118.570937896668,34.5037003658508],[-118.570575432929,34.5036986691314],[-118.569246306416,34.5036924387046],[-118.568606585542,34.5036894347455],[-118.568364379626,34.5036882824848],[-118.568331610575,34.5037202969679],[-118.56831315725,34.5037829073907],[-118.568332678108,34.5038766025402],[-118.5683493366,34.5040119934817],[-118.568378672509,34.5041603504295],[-118.568347631801,34.5042230197778],[-118.56830999438,34.5042414321668],[-118.568240853589,34.5042547811223],[-118.5682094214,34.5042601390849],[-118.568004614696,34.5042220194963],[-118.567869249025,34.5042148372811],[-118.567624066645,34.504255060709],[-118.567545449983,34.504263244507],[-118.567442068309,34.5043314617033],[-118.567320054638,34.5044362383007],[-118.567236422123,34.5046320165505],[-118.567227780958,34.5047492896043],[-118.567187618498,34.5048588945146],[-118.567157091543,34.5049971105387],[-118.567088732187,34.5051250833336],[-118.567010860191,34.5052426796879],[-118.566913876548,34.5053264973259],[-118.566835489495,34.5053685465833],[-118.566728568385,34.5053794656074],[-118.566675107825,34.5053849259856],[-118.566545750881,34.5053360309547],[-118.566479667373,34.5053363392832],[-118.566322025062,34.5052927868378],[-118.566233860584,34.5052853826289],[-118.566130033481,34.5052884722077],[-118.566054562832,34.5052966394642],[-118.565966628711,34.5053231009829],[-118.565891476906,34.5053781598996],[-118.565847829737,34.5054382819135],[-118.565788623884,34.5055245289171],[-118.565764600129,34.5056939758306],[-118.565702885502,34.5058740200682],[-118.565712715545,34.5059312883358],[-118.565836311109,34.5060583659099],[-118.565962716477,34.5061359306846],[-118.56631958787,34.5063218397049],[-118.566401831462,34.50638397921],[-118.566446455169,34.5064671367111],[-118.566453600773,34.5065921514266],[-118.566422556619,34.5066548202742],[-118.566381895688,34.5066914823702],[-118.566334852762,34.5067151479679],[-118.566259558124,34.5067493670269],[-118.566140100629,34.5067681593767],[-118.566023701687,34.5067739129027],[-118.565520183262,34.5067736536458],[-118.565328329892,34.5067901778282],[-118.565139781796,34.5068301333938],[-118.564954399494,34.5068726784647],[-118.564847812205,34.5069330938383],[-118.564819772457,34.5069749066519],[-118.564451603296,34.5074429429371],[-118.56442047005,34.5074925854244],[-118.564383167091,34.5075604936902],[-118.564192617686,34.5077697929],[-118.564105175943,34.5078691946889],[-118.564024414786,34.5080258794315],[-118.563990592915,34.508143270062],[-118.563981611326,34.5082110457453],[-118.563959936939,34.5082632496042],[-118.563947612755,34.5083023846862],[-118.563875586528,34.5083548223752],[-118.563793766493,34.5083552023078],[-118.563696299486,34.5083686801714],[-118.563592380221,34.5083587426428],[-118.563551523125,34.5083667467613],[-118.563431903948,34.5083620919187],[-118.563368964196,34.5083623839552],[-118.563312425868,34.5083782770374],[-118.563105079962,34.5084313428692],[-118.56299233689,34.5085126249688],[-118.562914244449,34.5085989571889],[-118.562854963907,34.5086747822421],[-118.562824093562,34.5087635009276],[-118.562821563013,34.5088546936782],[-118.562844331887,34.5089640053634],[-118.562857272365,34.5090160485616],[-118.562845054368,34.5090708138082],[-118.562826384274,34.5091021618972],[-118.562750927462,34.5091129324453],[-118.562634454545,34.5091082622312],[-118.56235732673,34.5090808880896],[-118.56231961646,34.50908887902],[-118.562140468376,34.5091235754985],[-118.562043088186,34.5091500778724],[-118.561980394157,34.5091868404545],[-118.561813939336,34.5092371084748],[-118.56168067458,34.5093030212003],[-118.561610905044,34.5093435567778],[-118.561596670498,34.5093489723085],[-118.561424735195,34.509283223466],[-118.561142325319,34.509279758883],[-118.560917801981,34.5093141899317],[-118.560733649384,34.5093532059543],[-118.560503555335,34.5094162856192],[-118.560342678732,34.5094885881709],[-118.560239526569,34.5095749351178],[-118.560199637331,34.5096419082904],[-118.560161191025,34.5099235513229],[-118.560163182176,34.5102193205263],[-118.560093961785,34.5105521520536],[-118.560095117804,34.5107238886532],[-118.560072932905,34.5108527983294],[-118.559958092817,34.5109153452798],[-118.559780083145,34.5110173504224],[-118.559596502907,34.5110647030336],[-118.559389254822,34.5110978597859],[-118.55909514513,34.5110693979396],[-118.55896408647,34.5110771567684],[-118.558833165051,34.5111051911881],[-118.558708326041,34.5111809020641],[-118.558629325564,34.5112170455456],[-118.558521823004,34.5112998337352],[-118.558412311152,34.5114482265585],[-118.558300702748,34.5115632343599],[-118.557979646519,34.5118136168205],[-118.557859056207,34.5118785745454],[-118.557682315389,34.5119497527758],[-118.557532686397,34.5119814489785],[-118.557390492054,34.5120476972508],[-118.557185520051,34.5121416652509],[-118.556953140646,34.5122953913588],[-118.556881278683,34.5123219591328],[-118.556823928825,34.5123639648688],[-118.556742036745,34.5123989276422],[-118.556575611111,34.5125046442345],[-118.556233795169,34.5126681725111],[-118.555755760507,34.5128874240671],[-118.555371066113,34.5131697093092],[-118.555381661889,34.5138273969443],[-118.555618929183,34.5139730079269],[-118.555698953534,34.5140895812585],[-118.555764660578,34.5141983487889],[-118.555802241658,34.5143240017942],[-118.555809687842,34.5144681001293],[-118.555744499249,34.5146311962162],[-118.555694779564,34.5147375692141],[-118.555640185757,34.5147610758478],[-118.555515592446,34.5147670136027],[-118.55539682952,34.514768748668],[-118.555322299461,34.5147339063379],[-118.555268906566,34.5147216273155],[-118.555199720808,34.5147177704647],[-118.555141319133,34.5147195475317],[-118.554865458709,34.5147124998147],[-118.554802191566,34.514731871609],[-118.554636140405,34.5148948310482],[-118.554672755879,34.5151999828808],[-118.554656674766,34.5153813399526],[-118.554565576,34.5155487278141],[-118.554502593192,34.5156110326977],[-118.554174565104,34.5156840891968],[-118.553915886869,34.5157854530264],[-118.553743688349,34.515891191088],[-118.553617595021,34.5159967196216],[-118.55353181279,34.5160972942769],[-118.553457683442,34.51621689758],[-118.553395493633,34.5163984636896],[-118.553390745341,34.5165511452856],[-118.553365094704,34.5165650835553],[-118.553421342982,34.5167003039911],[-118.55348866654,34.5167706015094],[-118.553567339817,34.5168141330686],[-118.553613902983,34.516882617511],[-118.553612157049,34.5169665878136],[-118.553582809566,34.5170602257534],[-118.553550852718,34.5171080777749],[-118.55348903932,34.5171732400487],[-118.553401881296,34.5172404254317],[-118.553358257272,34.5172673402094],[-118.553195213254,34.5173634948382],[-118.553080440377,34.5174384390481],[-118.553005417826,34.5174889915095],[-118.55292260236,34.5176026712866],[-118.552674596235,34.5177934319793],[-118.552657813126,34.5178698383256],[-118.552626902901,34.5179453542357],[-118.552597225241,34.5180327917898],[-118.552581569771,34.518148789155],[-118.552594898346,34.5182031133902],[-118.552734579162,34.5182768991272],[-118.552778773539,34.5182924405085],[-118.552843760094,34.5183143286625],[-118.552895084592,34.5183620393438],[-118.552945545459,34.5184097548373],[-118.552977864514,34.5184596985656],[-118.553003539696,34.5185504614286],[-118.553001255581,34.5185969854428],[-118.55300240574,34.5186399156398],[-118.552978822369,34.5187337660707],[-118.552969384012,34.5188747806143],[-118.553008626339,34.5189254086242],[-118.553078861852,34.5189565756535],[-118.553100592908,34.5189743657686],[-118.553156083831,34.5189984435508],[-118.553283268784,34.5190128908849],[-118.553325601915,34.5190084049141],[-118.553381895842,34.5190231760319],[-118.553399318397,34.5190431331747],[-118.553444639903,34.5190980273357],[-118.553450897039,34.5191287689882],[-118.5534981185,34.5192094157304],[-118.553573894423,34.5192935095711],[-118.553605621903,34.5193842456164],[-118.553604525585,34.5194794243819],[-118.553619019821,34.5195788260679],[-118.553658452263,34.5196580766224],[-118.553711369543,34.5196850273462],[-118.553764201136,34.5196990991605],[-118.553850939518,34.5197416390389],[-118.553922107524,34.5197828182452],[-118.554009432166,34.5199133736483],[-118.554098014875,34.51997307911],[-118.554283676553,34.5200702679808],[-118.554362435376,34.5200827886626],[-118.55444913632,34.5201196044637],[-118.554476227381,34.5201631311209],[-118.554449675184,34.520200463057],[-118.554417041819,34.5202335296573],[-118.554346236629,34.5202467339634],[-118.554331591767,34.5202546720824],[-118.55428673148,34.5202691886533],[-118.554238560823,34.5203059033959],[-118.554216459019,34.5203625356874],[-118.5542143233,34.5204312421223],[-118.554304883147,34.5205281500179],[-118.55439543843,34.5206243411496],[-118.554521893285,34.5207883509713],[-118.554530591662,34.5207961825231],[-118.554637287224,34.5208493643444],[-118.554800636982,34.5210573326224],[-118.554820109287,34.5210820511006],[-118.554840456543,34.5211079574027],[-118.554888700794,34.5211688013],[-118.554909047003,34.5211947075953],[-118.554917438021,34.5212034772148],[-118.554930142622,34.5212166969154],[-118.554976070093,34.521264783878],[-118.554992530827,34.5212816682608],[-118.555037842612,34.521342927583],[-118.555082379493,34.5214013316743],[-118.555134646471,34.5215504692895],[-118.555198867087,34.5216469307542],[-118.555262803548,34.521700957505],[-118.555345107995,34.5217413195622],[-118.555338116544,34.5219229803346],[-118.55529962752,34.5219944503244],[-118.55529984278,34.5220267007194],[-118.555310232432,34.5220470224099],[-118.555328939226,34.5220842809999],[-118.555361911017,34.5221078945891],[-118.555390690255,34.5221179475777],[-118.555481027935,34.5221328117597],[-118.555515976837,34.5221639431485],[-118.555516426826,34.522191857907],[-118.555517441605,34.5222549298007],[-118.555531840996,34.523148630257],[-118.555561535619,34.5232112112399],[-118.555729959671,34.5234012659577],[-118.555840522189,34.5235581898598],[-118.555916631031,34.5237343540853],[-118.555927698707,34.5239889354821],[-118.555847094728,34.5242182933235],[-118.555847620636,34.5242970053994],[-118.555827798847,34.5245654431553],[-118.555789561921,34.5246658007862],[-118.555796442703,34.5250486116655],[-118.55584478326,34.5251664621455],[-118.555904362301,34.5252884361546],[-118.555923563777,34.5253457811972],[-118.55592998448,34.5254265470151],[-118.555955535184,34.5255539498109],[-118.555952580603,34.5258158175156],[-118.555939377934,34.5259521596823],[-118.555901489484,34.5260905603434],[-118.555858025734,34.5262747392019],[-118.555798264612,34.5264843013009],[-118.555709535995,34.5265830246721],[-118.555641905368,34.5266709430708],[-118.555538821242,34.5267337149302],[-118.55546485444,34.5267535218036],[-118.555392076996,34.5267752695979],[-118.555326401223,34.5268037995485],[-118.555243221287,34.5268528526022],[-118.555177486936,34.5268726216627],[-118.555129388806,34.5268913364239],[-118.555061341655,34.5269169570107],[-118.554961797888,34.5269816586001],[-118.554862553707,34.5270911368716],[-118.554805922715,34.5272413048265],[-118.554776129904,34.5273658593792],[-118.554730400389,34.5275570431239],[-118.554700225492,34.5278847341061],[-118.554650328263,34.5280089981887],[-118.554602673273,34.5281237102089],[-118.554573082363,34.5281810925279],[-118.554564202906,34.5282326555512],[-118.554553055603,34.52828995455],[-118.554564711729,34.5283089831263],[-118.554583372749,34.5283413385974],[-118.554632034019,34.5283773723475],[-118.554652999998,34.528409717282],[-118.554721889016,34.5284706129879],[-118.554768970041,34.5285122325726],[-118.55478773299,34.5285598531655],[-118.554811400685,34.5286513405675],[-118.554795807988,34.5287334664111],[-118.554789527324,34.5288289076955],[-118.554813118739,34.5289089460044],[-118.5549873415,34.5291027904817],[-118.555152012042,34.5292470644363],[-118.555265817944,34.5293705803833],[-118.55534496265,34.5294828043739],[-118.555420081557,34.5296828269551],[-118.555427355322,34.5297362238042],[-118.555524801108,34.5298842944843],[-118.555527519346,34.529888425486],[-118.555643618897,34.5300100220467],[-118.555695032711,34.5301128326723],[-118.555695733778,34.530217782048],[-118.555670970593,34.5303075832104],[-118.555715735215,34.530450496377],[-118.555776192988,34.530526549629],[-118.555831569759,34.5308774135108],[-118.555844144566,34.5310338319097],[-118.555895418984,34.5311156509445],[-118.555923916493,34.5312395566837],[-118.555963738296,34.5313328784468],[-118.556055013581,34.5315347342968],[-118.556167666062,34.5318299962246],[-118.556254102676,34.5319975257667],[-118.55632167072,34.5321021697709],[-118.556449085903,34.5321912730541],[-118.556564654889,34.5322327251033],[-118.556713104335,34.5323637132909],[-118.556727679562,34.5324743255715],[-118.556732890941,34.5325639886349],[-118.556724243318,34.5326498990441],[-118.556725022336,34.5327662983742],[-118.556850632108,34.5329298317477],[-118.557182811677,34.5332946903229],[-118.557183040399,34.5332950084154],[-118.557183279269,34.5332948901207],[-118.557381575653,34.5332230695301],[-118.559975209157,34.532283640543],[-118.559977280439,34.5322828908369],[-118.560432081858,34.5323280757412],[-118.560440279368,34.5323288898629],[-118.561531281133,34.5327378905159],[-118.562498820421,34.533100312197],[-118.562498796742,34.5331003546786],[-118.563209382493,34.5333644476748],[-118.563310191311,34.533401912991],[-118.56373055418,34.5336020047509],[-118.564751399035,34.53408791335],[-118.565669271796,34.5347858759397],[-118.5658969797,34.5352249389211],[-118.565897367672,34.5352248000808],[-118.565987104847,34.535395759331],[-118.56605500536,34.535525117277],[-118.566084281437,34.5355808892604],[-118.565888686785,34.5361013049662],[-118.565751281541,34.5364668909126],[-118.565393281374,34.5373508893163],[-118.565263281916,34.5376248897629],[-118.565094280521,34.53786389019],[-118.564710281019,34.5383518911704],[-118.564373282303,34.5386638903544],[-118.563984281774,34.5390618908037],[-118.563683281966,34.5394468908671],[-118.563380281571,34.5397408908732],[-118.563091347121,34.5400588407609],[-118.562587633607,34.5406131292748],[-118.561597280977,34.5417028907291],[-118.561088281319,34.5422208917753],[-118.560625280317,34.5426838905872],[-118.560210281116,34.5431248915822],[-118.559796281518,34.5434898920767],[-118.559616282027,34.54361389201],[-118.559319280463,34.543762890747],[-118.558999280331,34.5439118909097],[-118.558557280464,34.5440378906743],[-118.558521281471,34.5440488907757],[-118.558204281516,34.5441038923924],[-118.557473279982,34.5440998909735],[-118.556513279984,34.5441298907746],[-118.55581728131,34.5441628917875],[-118.555658279956,34.5441848916798],[-118.555506279818,34.5442148910722],[-118.555234220287,34.5442591585608],[-118.55521128028,34.5442628911642],[-118.554996280278,34.5443558909223],[-118.554354280462,34.5446628919287],[-118.554127566936,34.5447805535334],[-118.553801280481,34.5449498908729],[-118.553466281025,34.5451398913063],[-118.552883278931,34.5455068918816],[-118.552196280953,34.5458688919116],[-118.550519280821,34.5467848928023],[-118.549472278907,34.5473258920812],[-118.548060279583,34.5478378928101],[-118.547035279007,34.5482508934225],[-118.546754279892,34.5483868936682],[-118.546517278541,34.5485378923984],[-118.545951279228,34.5489728924102],[-118.544893278951,34.5497638932619],[-118.543938279305,34.5504978932945],[-118.543228279337,34.5510648930332],[-118.541904278541,34.5520708935784],[-118.540963279392,34.5527978935465],[-118.5406582788,34.5530518935956],[-118.540432279365,34.5532818934908],[-118.540283278842,34.5535488936364],[-118.540214278,34.5537388936161],[-118.540172279083,34.5539358937645],[-118.540153279508,34.5542018928319],[-118.540184278223,34.554450893968],[-118.54023827838,34.5546288939785],[-118.540295279131,34.5547408942088],[-118.540324279047,34.5547998937281],[-118.54070627918,34.5553798940744],[-118.541002470879,34.5558436780776],[-118.541291278854,34.5562958942934],[-118.541490278805,34.5566328937224],[-118.54171328025,34.5570348932179],[-118.541841280141,34.5572888939509],[-118.542326279171,34.5585678941839],[-118.542395629307,34.5587607016765],[-118.542492744673,34.5590307001385],[-118.542323687953,34.5590302576313],[-118.541439402113,34.5590279918021],[-118.537042453835,34.5590165327398],[-118.536672704589,34.5590155611089],[-118.536671641059,34.5590155658066],[-118.53259179957,34.5590048038072],[-118.528140613852,34.5589929357939],[-118.526584113938,34.5589887282714],[-118.523689429067,34.5589808497171],[-118.519238180203,34.5589686008477],[-118.519107686078,34.5589682407042],[-118.5188904516,34.5589676414653],[-118.518909188926,34.5660629321598],[-118.518928836011,34.5735018441311],[-118.518928823385,34.5735050599238],[-118.518929236653,34.573656491779],[-118.518949705761,34.5812813414533],[-118.518966772065,34.5876377982604],[-118.51896777631,34.5880109894619],[-118.518970599722,34.5884632454838],[-118.518970597551,34.5884635961856],[-118.518895086227,34.598416822239],[-118.518866147051,34.6022307317645],[-118.518866091277,34.6022380397382],[-118.518867716668,34.6024770956389],[-118.500465676774,34.6023219180863],[-118.499378606532,34.6023126683653],[-118.489413039295,34.6022274135955],[-118.489001458474,34.6022238744631],[-118.488346795776,34.6022182437249],[-118.483418368497,34.6021757357681],[-118.483264926215,34.6021744084972],[-118.481817600415,34.6021618879258],[-118.481426163019,34.6021584993391],[-118.479692474551,34.6021434739222],[-118.465216823325,34.6020170496676],[-118.465216806406,34.6020140269377],[-118.447899690962,34.60201153361],[-118.447832180137,34.6020115190922],[-118.447487180531,34.6020114435981],[-118.447300406874,34.6020114034646],[-118.447205756959,34.6020113820771],[-118.446749952866,34.6020112811421],[-118.446683488701,34.6020112657458],[-118.446617025627,34.6020112503092],[-118.446299618668,34.6020111782497],[-118.446129009407,34.6020111400765],[-118.445214228525,34.6020109265198],[-118.441914693587,34.6020100986436],[-118.4378540094,34.6020089573548],[-118.436399636989,34.6020085156643],[-118.433907070284,34.6020077180212],[-118.43282871358,34.6020073567441],[-118.430119349359,34.6020064075331],[-118.430115395278,34.6020064720085],[-118.428728952668,34.602027778156],[-118.428728865543,34.6020047582013],[-118.428727557368,34.6016619524758],[-118.428721542717,34.600085422242],[-118.42871061888,34.5972218102518],[-118.428704104258,34.5955141830118],[-118.428704058374,34.5955019044891],[-118.42869759123,34.5938066014028],[-118.428696201089,34.593442144758],[-118.428695934667,34.5933723068308],[-118.428676755095,34.5883436581474],[-118.428674122668,34.5876532793129],[-118.4286734789,34.5874834109656],[-118.428653106146,34.5819570870602],[-118.42862185197,34.5734776620797],[-118.428620734642,34.5731746630236],[-118.42861963809,34.5731746398457],[-118.428616221427,34.5722970599525],[-118.428598017349,34.5676219564541],[-118.428590195676,34.5656129025487],[-118.428590144981,34.5655998955722],[-118.428585278191,34.5643499266496],[-118.428583650517,34.5642358384909],[-118.428582782292,34.5641750077602],[-118.428564980257,34.5595027728025],[-118.428564489684,34.5587952318548],[-118.428721837796,34.5587954817981],[-118.429031817741,34.5587959733864],[-118.429040153969,34.5587959709954],[-118.430064656896,34.5587975696506],[-118.430082924797,34.5587975870257],[-118.430188169189,34.5543218522747],[-118.430272153755,34.5507499577273],[-118.430303113551,34.5494331048378],[-118.430304713096,34.5493650909573],[-118.430308674852,34.5492002063372],[-118.430315463618,34.5489143624247],[-118.430331613472,34.5489080774951],[-118.430429066956,34.5488675964288],[-118.43127021079,34.5483029551653],[-118.431915049451,34.5478738992609],[-118.432625500973,34.5467801968592],[-118.432857001039,34.5465439636436],[-118.433048303432,34.5463487618856],[-118.433557531801,34.5457117832949],[-118.434234625077,34.5449848110706],[-118.434881142532,34.5444410295322],[-118.435276192946,34.5440093037187],[-118.436066653595,34.5431228967454],[-118.436660822173,34.5423720808122],[-118.437064592626,34.5413669265892],[-118.437962485226,34.5407110773253],[-118.43891686232,34.5401393197044],[-118.439135595211,34.5397059064627],[-118.439395021167,34.539212281531],[-118.439430302224,34.5390583024172],[-118.439427505429,34.5387606913051],[-118.439425201107,34.5384245219954],[-118.439607553004,34.5382277787604],[-118.439743923606,34.5379809949024],[-118.439832639952,34.5378164871088],[-118.439927407905,34.5376960950802],[-118.439902043049,34.5375966577069],[-118.439739448189,34.5372976481223],[-118.439730605334,34.5369504055668],[-118.439630840616,34.5364260089129],[-118.439635908676,34.5360348099069],[-118.439622858865,34.5355001491831],[-118.439512630105,34.534755220427],[-118.439637546463,34.5343650940782],[-118.439780126516,34.5341514583003],[-118.440252542312,34.5336652150224],[-118.440483057888,34.5333476365242],[-118.440758607993,34.5331517046392],[-118.441227036684,34.5329740252778],[-118.441622991613,34.5327350677124],[-118.441993537143,34.5324022154928],[-118.44201806051,34.5320497443383],[-118.442235250324,34.5317320684775],[-118.442359017762,34.5314300674445],[-118.442400443346,34.531314726857],[-118.442542689134,34.5311286215325],[-118.442639512645,34.5308484541374],[-118.442812359192,34.5303540324306],[-118.44278829533,34.5301554230311],[-118.442645801651,34.5298455724227],[-118.442470314385,34.5295133659089],[-118.442434691697,34.5291769074891],[-118.44253825651,34.5288912784563],[-118.442588606446,34.5285996578871],[-118.442544861626,34.5283788587528],[-118.442447970762,34.5281465487092],[-118.44233699276,34.5279747200622],[-118.44235160841,34.5278756612759],[-118.442573494834,34.5277067950095],[-118.442697044621,34.5274213363775],[-118.442727501914,34.5271240481968],[-118.442610308387,34.5269191005505],[-118.44242085052,34.5266364016131],[-118.442339566155,34.5265170030019],[-118.44225096077,34.5263869127538],[-118.442315836884,34.5260410170548],[-118.441674260014,34.5260178964543],[-118.441517260036,34.5261228964551],[-118.44138826046,34.5261518959337],[-118.441283260005,34.5261408957265],[-118.441042260082,34.5260768964421],[-118.440739259394,34.52607589674],[-118.440477259899,34.5261628960749],[-118.440287259047,34.5262638959904],[-118.440168259211,34.5263368965514],[-118.440082259788,34.5263138965496],[-118.440013260854,34.5262558962648],[-118.439925259261,34.5261928963965],[-118.43980525989,34.5261868968143],[-118.439671259391,34.5262118953771],[-118.439461259674,34.5262578966925],[-118.439329259532,34.5263908967334],[-118.439048260879,34.5265208968609],[-118.439026258667,34.5265518969259],[-118.438997258272,34.5265928958613],[-118.438998259789,34.5266608970297],[-118.439046259315,34.526691897379],[-118.439181260564,34.5266938965865],[-118.439353259619,34.526687897801],[-118.439536258892,34.5266978962033],[-118.439705260428,34.5267988972337],[-118.439941259185,34.5270708965637],[-118.440029259361,34.5271488960082],[-118.440087259409,34.5271718965376],[-118.440158260639,34.5271638960375],[-118.440245259957,34.527150896244],[-118.440360260434,34.5271528963225],[-118.440403258354,34.5271648956851],[-118.440509260707,34.5271708958653],[-118.440567259699,34.5272018963091],[-118.440703259478,34.5272998963839],[-118.44086225869,34.5273698961779],[-118.440983259676,34.5273918967723],[-118.44107425937,34.5273988966331],[-118.44111325938,34.5274138961171],[-118.441147259344,34.5274378965522],[-118.441167259104,34.5274888962399],[-118.441124259318,34.5275408964641],[-118.441048259513,34.5275458973719],[-118.440898259387,34.5274918960828],[-118.440744258792,34.5274578977541],[-118.440462260585,34.5274968966459],[-118.440255260832,34.5274678968283],[-118.440073261215,34.5275458974083],[-118.440030259536,34.5275498964168],[-118.439944260557,34.5275508976317],[-118.439774259729,34.527413897224],[-118.439600260787,34.527376896557],[-118.439380260169,34.5273788961893],[-118.438755259938,34.5273188962846],[-118.438616259728,34.5273558966163],[-118.438287259332,34.5274478968038],[-118.437972260568,34.5275188968563],[-118.437751259899,34.5275368974185],[-118.437585259233,34.527645896855],[-118.437444259661,34.5278188972708],[-118.437283260126,34.5279678969932],[-118.436984260058,34.5281418965569],[-118.436832258839,34.5282188972216],[-118.436754260006,34.5281758972984],[-118.436596259233,34.5281618967217],[-118.436405259162,34.5282238977177],[-118.436268259512,34.5283368966737],[-118.436136258547,34.5284808972098],[-118.435950258622,34.5285788972726],[-118.435707258737,34.5286728959273],[-118.435584259989,34.5287728970672],[-118.435391259319,34.5289658970708],[-118.435184258867,34.5292148964876],[-118.435108259178,34.5292358966464],[-118.435065259228,34.5292318973566],[-118.43501125977,34.5292008970978],[-118.435009258904,34.52918989664],[-118.433936343434,34.5296426140346],[-118.433427874524,34.5302407524745],[-118.432573786647,34.5308878252426],[-118.432437348172,34.5309777595086],[-118.4322076425,34.531145547684],[-118.431852698585,34.5315003594887],[-118.431245948782,34.5320068382744],[-118.430731286389,34.5325232522082],[-118.430731478983,34.5325162665106],[-118.430734857864,34.5323933424298],[-118.430735601292,34.5323662967516],[-118.430738058032,34.5322769306956],[-118.430740867562,34.532174701332],[-118.430743901843,34.5320643349077],[-118.430777402699,34.5308454877712],[-118.430848748169,34.5282496987728],[-118.430914523085,34.5258564366932],[-118.430926535969,34.5254193191934],[-118.430926602932,34.5254168956553],[-118.430930430331,34.5252780507538],[-118.431129042949,34.5180711028776],[-118.431331413461,34.5107253048392],[-118.431356976477,34.5097961708446],[-118.431369826991,34.5093290955222],[-118.431378191679,34.5090250565187],[-118.431395808864,34.5083847105822],[-118.431408672581,34.5079171149664],[-118.431408957655,34.5079067734391],[-118.431422711875,34.5074067962942],[-118.431445697105,34.5065712965453],[-118.431467826987,34.505766878113],[-118.431489132807,34.5049924239013],[-118.431499494078,34.5046157668645],[-118.431502424419,34.504509264445],[-118.431502808333,34.5044953074386],[-118.431516633831,34.503992702822],[-118.431539322117,34.5031679230091],[-118.431546481788,34.5029076816004],[-118.431558944807,34.5024546991139],[-118.431591125904,34.5012849709258],[-118.431619551505,34.500251722895],[-118.431631886212,34.4998033376374],[-118.431655239755,34.4989544212274],[-118.431664354729,34.498623077382],[-118.431684973854,34.4978735469092],[-118.431697894328,34.4974038743941],[-118.431747226632,34.4956105094805],[-118.431748330264,34.4955417811764],[-118.431754484048,34.4951792025961],[-118.431763111881,34.4946707939456],[-118.431789437807,34.4931195247381],[-118.431803053726,34.4923172036573],[-118.431830300981,34.4907114875481],[-118.431837731187,34.4902825905466],[-118.431846265803,34.4897899866998],[-118.431867638304,34.4885562600021],[-118.431869857024,34.488426331931],[-118.431882146641,34.487706524934],[-118.431891486982,34.4871594765975],[-118.431908319544,34.4861736158443],[-118.431924589946,34.4852206997696],[-118.431934058332,34.4846661239941],[-118.431958248148,34.4832492816844],[-118.43196901857,34.4826184201094],[-118.431971585149,34.4824681026549],[-118.431977151221,34.4821420151339],[-118.431988065133,34.4815027759799],[-118.431988272986,34.4814975148181],[-118.431993836997,34.4814974571525],[-118.431997370067,34.4813378739339],[-118.431994590761,34.4813378973481],[-118.431996602455,34.481287093533],[-118.431996123187,34.4812843194307],[-118.432031815045,34.4803803364441],[-118.432031933458,34.4803775611159],[-118.43207054545,34.4793997558515],[-118.432130883801,34.4778716761179],[-118.432259479368,34.4746139300976],[-118.432274162112,34.4742419752141],[-118.432274971309,34.4742254851587],[-118.432278726795,34.474130697582],[-118.432317358013,34.4731549850078],[-118.432391827497,34.4712730892046],[-118.43244735427,34.4709540319911],[-118.43244651121,34.4709539322205],[-118.432424966606,34.4709510131993],[-118.432439000797,34.4705812539153],[-118.432483440743,34.4694707082201],[-118.432484580937,34.4694418885553],[-118.432502799807,34.4689801095652],[-118.432509050304,34.4688217434642],[-118.432521063679,34.4685173937048],[-118.432534210676,34.4681846588293],[-118.432580950974,34.4670017686092],[-118.432580857215,34.4669805820838],[-118.432764205371,34.4669752711291],[-118.43390815635,34.4669421906868],[-118.433908195526,34.4669421887437],[-118.433908518697,34.466942166853],[-118.433927068343,34.4669416308346],[-118.433927783382,34.4669416102474],[-118.433928813684,34.466940677086],[-118.43399158212,34.4668838690049],[-118.434322022028,34.4665888665017],[-118.434330438281,34.4665813527799],[-118.434331482734,34.4665804213674],[-118.434593900828,34.4663462091976],[-118.434603315093,34.466362865515],[-118.434752788081,34.4666273268616],[-118.434906166681,34.4668987031879],[-118.434917318208,34.4669184635345],[-118.434917619245,34.4669189970631],[-118.434918903527,34.4669189681195],[-118.434922748715,34.4669188741036],[-118.435000224606,34.4669171224329],[-118.435017879115,34.4669167228825],[-118.435302870865,34.4669102801212],[-118.435670284918,34.4669017314694],[-118.436089620264,34.4668929392558],[-118.436837820838,34.4668761602748],[-118.437108542822,34.4668667508182],[-118.43723581233,34.4668656567947],[-118.437288108799,34.4668396386306],[-118.437305520298,34.4668319390304],[-118.437337229798,34.4668179186634],[-118.43735344021,34.4668463909781],[-118.437363782801,34.4668645574069],[-118.437367008974,34.4668645295531],[-118.437711739888,34.4668560817048],[-118.438056010541,34.4668487136703],[-118.43806076554,34.4668485874221],[-118.438074192725,34.4668482721032],[-118.438087532785,34.466847948082],[-118.438106180796,34.466847496715],[-118.438111977419,34.4668473567879],[-118.438122076333,34.4668471111763],[-118.43815552717,34.4668463016455],[-118.438385459036,34.4668407301657],[-118.43838973304,34.4668406272788],[-118.438391073901,34.4668405944879],[-118.43839186623,34.4668405753983],[-118.438397839118,34.466836908034],[-118.438398843824,34.4668362913642],[-118.438401154456,34.4668403768669],[-118.438403629843,34.466844743052],[-118.438410497861,34.4668568573488],[-118.438478196348,34.4669302642034],[-118.438703809573,34.4671749004309],[-118.438835986891,34.4673182193656],[-118.439062011644,34.4675632951893],[-118.439109681324,34.4676149859629],[-118.439110600925,34.4676159815314],[-118.439110720136,34.4676158819317],[-118.439174969197,34.4675613430704],[-118.439295402515,34.4674591136117],[-118.439325363425,34.4674336820744],[-118.439327673773,34.4674317200949],[-118.439327846072,34.4674315734232],[-118.439488431421,34.4672954379081],[-118.439490140335,34.4672939865665],[-118.439527439834,34.4672623682465],[-118.43952736113,34.4672623054244],[-118.439535231343,34.4672557660693],[-118.439537967562,34.4672534437344],[-118.439538013074,34.4672534048037],[-118.439542629449,34.467249490769],[-118.439548134436,34.4672448261471],[-118.439558589535,34.4672359595941],[-118.439559642855,34.4672350677718],[-118.439572829959,34.4672239059432],[-118.439607390157,34.4671946559232],[-118.439634967207,34.4671713154783],[-118.439758714816,34.4670665817167],[-118.439852124034,34.4669875233836],[-118.439990009802,34.466870460199],[-118.440062291774,34.4668090941985],[-118.440069193459,34.4668032335665],[-118.440080125345,34.4668030406665],[-118.440928126021,34.4667867102533],[-118.441338931138,34.4667787963583],[-118.442744607899,34.4667511183853],[-118.443507677815,34.4667360957734],[-118.443528013241,34.4667356987107],[-118.4500616664,34.4665897800444],[-118.450074528787,34.4665897052992],[-118.450074531516,34.4665896061207],[-118.450077019628,34.4665895698476],[-118.450075023892,34.4663406140935],[-118.450072029848,34.465967195781],[-118.450066175174,34.465294151641],[-118.450060231997,34.4646109601614],[-118.450051468933,34.4636034298702],[-118.450047401044,34.463135824395],[-118.450045581209,34.4629266263455],[-118.450040938033,34.4623928542003],[-118.450016794669,34.4596174761542],[-118.450015946812,34.4595200156476],[-118.450017199593,34.4593967824863],[-118.450028231434,34.4583119919732],[-118.450034206619,34.4577244048136],[-118.45003741431,34.4574167687442],[-118.450051789324,34.4560380465441],[-118.450052602957,34.4559600376055],[-118.450052914593,34.4559297008136],[-118.450072193771,34.4540543749765],[-118.450072324893,34.4540415853614],[-118.450089125025,34.4524056323628],[-118.450089126157,34.4524050364461],[-118.450091775907,34.4494842047626],[-118.450091752351,34.4492775042942],[-118.450383619316,34.4493114881831],[-118.4505128902,34.4493356958393],[-118.450647716054,34.4493682119815],[-118.450779367674,34.4494134216179],[-118.450964208001,34.4494900186186],[-118.451084054465,34.4495282146069],[-118.451172115137,34.449542997782],[-118.451225849761,34.4495520179373],[-118.451348496584,34.4495490573283],[-118.451486994197,34.4495224228864],[-118.451964145657,34.4494226103158],[-118.452330857929,34.4493468223471],[-118.452617883082,34.4492316153492],[-118.452830763457,34.4491428026856],[-118.452991156746,34.4490921121642],[-118.453174580468,34.4490667396923],[-118.45331534789,34.4490604891407],[-118.453447588926,34.4490746647505],[-118.453572272483,34.4491007218122],[-118.453656371815,34.4491232892],[-118.453835105261,34.4491712521727],[-118.453931043098,34.4491812690365],[-118.454263157021,34.4491768058552],[-118.45443944597,34.449189742648],[-118.454542488046,34.4491560811335],[-118.454703299766,34.449102882321],[-118.454733958353,34.4490980686408],[-118.454754652565,34.4490948185921],[-118.454816519436,34.4491139074464],[-118.454871152511,34.4491527029344],[-118.454975832593,34.4493397958101],[-118.455031569356,34.4494225953826],[-118.455094951652,34.4494817515193],[-118.455167028008,34.4495307048252],[-118.455267950532,34.449561784266],[-118.455348006516,34.449582118135],[-118.455395955907,34.4495920524754],[-118.455476993811,34.4496044707275],[-118.455699052765,34.449640134597],[-118.455851153613,34.4496524443646],[-118.456004898186,34.4496497201236],[-118.456166328166,34.4496305075209],[-118.456361409705,34.4496047284974],[-118.456759313751,34.4495466989206],[-118.457260017144,34.4494897132188],[-118.45743964558,34.4494811648831],[-118.457701376953,34.4494801778866],[-118.457855086817,34.4494710099822],[-118.457984515779,34.4494447602429],[-118.45808535238,34.449402875755],[-118.458166237985,34.449346037974],[-118.458303895591,34.4492453353256],[-118.458374513804,34.4492064270941],[-118.458482260295,34.4491645152688],[-118.458581462748,34.4491398107319],[-118.458798872628,34.4490903277514],[-118.458916980371,34.449047661445],[-118.458984971514,34.4490023222443],[-118.459087345838,34.4489260818154],[-118.459195256307,34.4488358871642],[-118.459261255767,34.4487678872129],[-118.459274534771,34.4487430222712],[-118.459275859644,34.4487397501029],[-118.459395256777,34.4484448873664],[-118.459478256827,34.448294887148],[-118.459589256837,34.4481368869986],[-118.459653256132,34.4479838871018],[-118.45969625682,34.4479068865815],[-118.459747256451,34.4478478872888],[-118.459896256526,34.4477358868998],[-118.460097256196,34.4475988870957],[-118.460308256476,34.4474648871808],[-118.460512256748,34.4472728872203],[-118.460766256376,34.4470198868726],[-118.461070256573,34.4466608867118],[-118.461360256625,34.4464158864239],[-118.461517476601,34.446320726746],[-118.461613995917,34.4462956963471],[-118.461744286767,34.446270155106],[-118.461860930807,34.4462761517019],[-118.4619613144,34.4463094021255],[-118.462140432844,34.4463659682527],[-118.462250119227,34.4463634029748],[-118.462552736778,34.4464159188476],[-118.462952755142,34.4464308525087],[-118.463385145273,34.4463647982451],[-118.463498012957,34.4463128445431],[-118.463737049737,34.4462711422319],[-118.463918010858,34.4461931665659],[-118.464112230958,34.4461695248781],[-118.464277675104,34.4460973327592],[-118.464268179272,34.4460756809195],[-118.464044481934,34.4455629757928],[-118.464043465606,34.4455606456114],[-118.463984515617,34.4454255338472],[-118.463963617143,34.4453776377913],[-118.46473522025,34.4449980261626],[-118.465468142965,34.4447738794923],[-118.466006915375,34.4446091045169],[-118.466054539998,34.4445945394361],[-118.466215556322,34.4445469374455],[-118.466218731437,34.4445395002193],[-118.466273539036,34.4444265538076],[-118.46631947228,34.4443317036912],[-118.466376843919,34.4442536267863],[-118.466624405913,34.4439167195592],[-118.466887850537,34.4440291712368],[-118.467026799302,34.4440777249471],[-118.467295828451,34.444171732319],[-118.467707849615,34.4442891480162],[-118.467855258043,34.4443018863221],[-118.467883207389,34.444304756309],[-118.468439003277,34.4443618181237],[-118.469405331835,34.444461024093],[-118.469657258048,34.4444868851157],[-118.469948257838,34.4445148859769],[-118.470317257252,34.444551885834],[-118.470781258516,34.4445608857985],[-118.47105025797,34.4445608857209],[-118.471189257456,34.4445608860144],[-118.471672258939,34.444505886472],[-118.472368258559,34.4443758858996],[-118.472666046185,34.444300760784],[-118.472997329274,34.4442171841095],[-118.473007339594,34.4442430299085],[-118.473017446797,34.4442694550149],[-118.47303929393,34.4443212251334],[-118.473061151021,34.4443730195503],[-118.473066197077,34.4443860504718],[-118.473126629164,34.4445142806216],[-118.473133338147,34.4445269498515],[-118.473158499673,34.4445776846848],[-118.473178615129,34.4446153867933],[-118.473223896928,34.4447035054579],[-118.473259078603,34.4447658787488],[-118.473265780327,34.4447782207432],[-118.473302624974,34.4448402314292],[-118.473334406763,34.4448885558449],[-118.473341108639,34.4449005381227],[-118.473382907276,34.4449604983031],[-118.473433064552,34.4450317473089],[-118.473441424059,34.4450433904473],[-118.473458146089,34.4450670147855],[-118.473511611697,34.4451365442466],[-118.473521623268,34.4451478266295],[-118.473529983114,34.4451591425039],[-118.473610085529,34.44524709447],[-118.473620101763,34.4452580441608],[-118.47365014072,34.4452908986755],[-118.473660148579,34.4453015220407],[-118.473691843202,34.4453336903257],[-118.473701859458,34.4453446400097],[-118.473711870436,34.4453552354109],[-118.473723534705,34.4453654970997],[-118.473735205475,34.4453757533528],[-118.47374521134,34.4453860224162],[-118.473790222389,34.4454263750882],[-118.473801883696,34.4454363041153],[-118.473813555735,34.4454462060534],[-118.473825219224,34.4454561350697],[-118.473836880386,34.4454660370481],[-118.473848550426,34.4454759687412],[-118.473860209701,34.4454855380588],[-118.473871879891,34.445495112742],[-118.473906868652,34.4455238260515],[-118.473918529043,34.4455333980638],[-118.473931854405,34.4455429671777],[-118.473968499892,34.4455709870299],[-118.473980156382,34.4455798711817],[-118.473993477843,34.4455887524342],[-118.474005136221,34.4455979674389],[-118.474018456569,34.4456068432839],[-118.474030114147,34.4456157256236],[-118.474068414696,34.4456423731567],[-118.474081731793,34.4456512490074],[-118.474093388312,34.4456601340498],[-118.474106711974,34.4456690152813],[-118.474131687007,34.4456864489045],[-118.474144998825,34.4456949686633],[-118.474158320302,34.4457038462916],[-118.474171633384,34.4457123957932],[-118.474183297676,34.4457209228879],[-118.474196610773,34.4457294741897],[-118.474209926162,34.4457376630647],[-118.474223241272,34.4457461846052],[-118.474236552318,34.4457543743958],[-118.474263182073,34.4457707602535],[-118.474276498563,34.445778949117],[-118.474303128333,34.4457953349659],[-118.474343065135,34.4458195824456],[-118.474371348308,34.4458352667335],[-118.474384663904,34.4458431039907],[-118.474397973102,34.4458509638098],[-118.474411292894,34.4458591544486],[-118.47442460088,34.4458669917312],[-118.474452884416,34.4458823523484],[-118.474466201096,34.4458901859863],[-118.474492820776,34.445905552199],[-118.474562687922,34.4459427070063],[-118.474590965418,34.4459573806467],[-118.474605935519,34.4459645163259],[-118.474619237603,34.445971693688],[-118.47463420914,34.4459785075108],[-118.474675789794,34.4459999681223],[-118.474733993438,34.4460275788512],[-118.47474895845,34.4460343899808],[-118.474792191806,34.4460548298611],[-118.474805502736,34.4460616447517],[-118.47484866099,34.4460816954435],[-118.474878662282,34.4460950225924],[-118.474921893292,34.4461140857945],[-118.474936854122,34.4461205399102],[-118.474951819586,34.4461266613402],[-118.474981742799,34.4461392675428],[-118.475011665083,34.4461515185375],[-118.475026622951,34.4461576417911],[-118.475054886818,34.446169899268],[-118.475129691896,34.4461998311657],[-118.475144654289,34.4462056000845],[-118.475174571463,34.446217519295],[-118.475189529345,34.4462236407255],[-118.475204493768,34.4462297639315],[-118.475219450725,34.4462355319609],[-118.475264335622,34.4462535752403],[-118.475309210874,34.4462712597307],[-118.475324173282,34.4462770268243],[-118.475354091708,34.4462885844709],[-118.475369054292,34.4462943813089],[-118.475413930686,34.4463120675593],[-118.475428891877,34.4463181907505],[-118.475533612194,34.4463600190098],[-118.475563532739,34.4463719372099],[-118.475578497222,34.4463780612713],[-118.475608417615,34.4463899506119],[-118.47562338023,34.446395746517],[-118.475683222006,34.4464198830736],[-118.475713140417,34.4464318012453],[-118.475743061948,34.4464436923515],[-118.475772981464,34.4464556105041],[-118.475787937424,34.4464613802706],[-118.475864390337,34.4464899295153],[-118.475879352015,34.4464953647793],[-118.47589430503,34.4465008072877],[-118.475909268737,34.4465065968426],[-118.475954133316,34.446522556504],[-118.475985706704,34.4465330878693],[-118.476047193249,34.4465534584009],[-118.476203356094,34.4466005772834],[-118.476234914224,34.4466093813061],[-118.476249867038,34.4466134489334],[-118.476266473763,34.4466178598617],[-118.476344543462,34.4466384960116],[-118.476361152524,34.4466425526153],[-118.476472427363,34.4466695917259],[-118.476489026942,34.4466733201911],[-118.476503978789,34.446677024473],[-118.476600290869,34.4466986282837],[-118.476616898185,34.4467019951863],[-118.476648449939,34.4467091006381],[-118.476744753966,34.4467296648981],[-118.476761363485,34.4467330344769],[-118.476807911638,34.4467424934638],[-118.476841065108,34.4467495628208],[-118.476922427544,34.4467657329864],[-118.476987177176,34.4467785281555],[-118.477002117538,34.4467815499606],[-118.477018724068,34.4467845841456],[-118.477050271793,34.446790974593],[-118.477066874807,34.4467943441557],[-118.477163175787,34.4468132014937],[-118.477196376795,34.4468192509327],[-118.477244530042,34.4468286818029],[-118.47755167217,34.4468848514197],[-118.477568268003,34.4468875312691],[-118.477618071612,34.44689591152],[-118.477633016623,34.4468985978588],[-118.477649611689,34.4469009531482],[-118.477943405982,34.4469427155286],[-118.477976598549,34.446946706587],[-118.47807616826,34.4469576637115],[-118.478092762777,34.4469589713607],[-118.478190663023,34.4469682004194],[-118.478207258371,34.4469698416171],[-118.4783400025,34.4469806668712],[-118.478356591589,34.4469819754074],[-118.478421309094,34.4469872159912],[-118.478437892875,34.4469881684316],[-118.478454488491,34.446989476027],[-118.478620392334,34.4469991235324],[-118.478636978467,34.4470001056869],[-118.478653572053,34.4470010589605],[-118.478786293668,34.447007760202],[-118.478836055385,34.4470099565017],[-118.478869238734,34.4470111967743],[-118.478917777949,34.44701161914],[-118.478933256824,34.4470077806178],[-118.47917683104,34.4469924818493],[-118.479456791883,34.4469619065764],[-118.479672953605,34.4469383966805],[-118.479843404993,34.4469198579275],[-118.480021105238,34.4468915275519],[-118.480283129784,34.4468352338651],[-118.480351956405,34.4468183849108],[-118.480407441465,34.4468015896438],[-118.480426003016,34.4467960176979],[-118.48044131418,34.4467914223588],[-118.480458098441,34.4467863839409],[-118.480473339351,34.4467818727185],[-118.480488223979,34.4467767219148],[-118.480503124647,34.446771522363],[-118.480519674804,34.4467666507458],[-118.480534576289,34.4467617820496],[-118.480551128623,34.446756911321],[-118.480566031199,34.4467520435182],[-118.480580928043,34.4467475029929],[-118.480597490029,34.4467429856208],[-118.480612386902,34.4467384505006],[-118.480628948878,34.4467339322228],[-118.480643854322,34.4467297513675],[-118.480660408411,34.4467255639793],[-118.480675313826,34.4467213786126],[-118.480691873112,34.44671752657],[-118.480708438079,34.4467133391321],[-118.480723339031,34.4467095125874],[-118.480739901828,34.4467053269569],[-118.480754802626,34.4467014742646],[-118.480771364322,34.4466972868311],[-118.480786271813,34.4466934629573],[-118.480802828064,34.4466892755411],[-118.480819394904,34.4466854144357],[-118.48083429382,34.446681237189],[-118.480850858642,34.4466774040348],[-118.480865759472,34.4466735585409],[-118.480882325378,34.4466697253781],[-118.480898887889,34.4466658696882],[-118.480913788844,34.4466620467263],[-118.480930354585,34.4466581856101],[-118.480945258527,34.446654691692],[-118.480961824442,34.4466508612229],[-118.480978384643,34.4466473607355],[-118.480994955476,34.4466441937711],[-118.4810098669,34.4466410541181],[-118.481026426817,34.4466378817834],[-118.481042997522,34.4466350700171],[-118.48105956594,34.4466326161664],[-118.481076139605,34.4466301289358],[-118.481091050385,34.4466280089097],[-118.481107624226,34.4466255523263],[-118.481124199977,34.4466234265959],[-118.481140765923,34.446621299099],[-118.481157339626,34.4466188190694],[-118.481173908804,34.4466166861459],[-118.481190482671,34.4466142349603],[-118.48120538948,34.4466114288689],[-118.481221961251,34.4466086152708],[-118.481238527667,34.4466054401767],[-118.481255088958,34.4466019432532],[-118.481270000369,34.4465988044698],[-118.481286562724,34.4465953039317],[-118.481303129425,34.4465918024725],[-118.481319699126,34.446588631862],[-118.481334599774,34.446585137909],[-118.481351167569,34.446581638242],[-118.481367727736,34.4465781367999],[-118.481382639155,34.4465750007072],[-118.481399201495,34.4465714992521],[-118.481415768207,34.4465680013836],[-118.481430671024,34.4465645074103],[-118.48144723663,34.4465610068373],[-118.481463804385,34.4465575017458],[-118.481478704077,34.4465536561808],[-118.481495272938,34.4465501546868],[-118.481511835274,34.4465466541179],[-118.481526743508,34.4465431574066],[-118.48154330286,34.4465393295886],[-118.481559870633,34.4465358289915],[-118.481574774638,34.4465319779885],[-118.481591334795,34.4465284783188],[-118.481607901728,34.4465246450527],[-118.481622804529,34.4465211510558],[-118.481639370225,34.4465172925473],[-118.48165593066,34.4465134656111],[-118.481670836812,34.4465096109815],[-118.481687404589,34.4465061130716],[-118.481702305459,34.4465022864066],[-118.481718868992,34.4464984315019],[-118.481735425142,34.4464942412538],[-118.481750332568,34.4464904199661],[-118.4817668928,34.4464865596588],[-118.481781800208,34.4464827356627],[-118.481798362896,34.4464785480846],[-118.481814922067,34.4464746931842],[-118.481829827373,34.446470506774],[-118.481846383448,34.4464666816321],[-118.481861286696,34.446462140022],[-118.481877842031,34.4464576234025],[-118.481892743387,34.4464527554409],[-118.48190764121,34.4464482174528],[-118.48192419911,34.4464430165529],[-118.481939099336,34.4464381422793],[-118.481953993209,34.4464329227418],[-118.481970546713,34.4464277155422],[-118.481985442638,34.4464228511969],[-118.482000341899,34.4464176235186],[-118.482016893231,34.4464124181243],[-118.48203179252,34.4464071958511],[-118.48204668621,34.4464023224918],[-118.482063245996,34.446397450625],[-118.482078141884,34.4463925817607],[-118.482093045289,34.4463880716751],[-118.482109605767,34.4463838840632],[-118.482126162978,34.446379696462],[-118.482141071188,34.4463762050842],[-118.482157635357,34.4463730316763],[-118.482174205153,34.4463698906989],[-118.482190770283,34.4463670715853],[-118.482205683554,34.4463642671481],[-118.482222255247,34.4463614543147],[-118.482238819061,34.4463589723734],[-118.482255390742,34.4463561577326],[-118.482271959059,34.4463537019132],[-118.482288531544,34.4463512145213],[-118.482303440353,34.4463487679986],[-118.482320013925,34.4463462805981],[-118.482336587413,34.4463441547106],[-118.482353154626,34.4463416970814],[-118.482369730284,34.4463395702792],[-118.482386298329,34.4463374444066],[-118.48240287398,34.4463353166983],[-118.482417791207,34.4463331973847],[-118.482434354994,34.4463307127121],[-118.482450930653,34.4463285868003],[-118.482467498969,34.4463261327573],[-118.482484072537,34.4463236462359],[-118.482500637667,34.446320830686],[-118.482517211411,34.4463183748115],[-118.482532121387,34.4463155685441],[-118.482548685432,34.4463127538934],[-118.482565258191,34.446309941009],[-118.482581822239,34.4463071272554],[-118.482598395007,34.4463043161694],[-118.482613299618,34.4463011483984],[-118.482629871285,34.4462983355094],[-118.482646441018,34.4462951890585],[-118.482663000845,34.4462920237125],[-118.482677910084,34.4462885286584],[-118.482694470142,34.4462850279366],[-118.48271103989,34.4462818850829],[-118.482725943679,34.4462783891431],[-118.48274251136,34.4462748901875],[-118.482759075734,34.4462713840305],[-118.48277398038,34.4462682243533],[-118.482790550101,34.4462650778827],[-118.482807116314,34.4462622649912],[-118.482823684783,34.4462590905734],[-118.482840256444,34.4462562794588],[-118.482855164222,34.4462534731603],[-118.482871729616,34.4462503321049],[-118.482888294714,34.4462475156007],[-118.482904867439,34.4462447008668],[-118.482921431467,34.4462418879683],[-118.482936344681,34.4462390816382],[-118.482952916324,34.4462362687051],[-118.48296948005,34.4462337794518],[-118.482986051707,34.4462309692188],[-118.483002619982,34.4462285142011],[-118.483017535084,34.4462260342086],[-118.48303410117,34.4462235773923],[-118.483050677881,34.4462214513943],[-118.483067250222,34.4462193227067],[-118.48308382016,34.4462175302986],[-118.483098620005,34.4462156304411],[-118.483116966914,34.4462136308127],[-118.483133547601,34.4462121908547],[-118.483150127215,34.4462107536031],[-118.483166699194,34.4462093136751],[-118.48318327661,34.4462078728216],[-118.483199848594,34.4462064337906],[-118.483216431171,34.4462053201687],[-118.483231345812,34.4462038877338],[-118.483247927489,34.4462028065664],[-118.483264508982,34.4462016938438],[-118.483281078782,34.4462002539089],[-118.483297660436,34.4461991691286],[-118.48331423544,34.4461980636374],[-118.483330815032,34.4461966236566],[-118.483347394629,34.446195184575],[-118.483363964421,34.4461937437273],[-118.483380544011,34.4461923037397],[-118.483397119133,34.4461912189719],[-118.483413698722,34.4461897789798],[-118.483430270694,34.4461883390158],[-118.483446852176,34.4461872253667],[-118.483463431769,34.4461857862694],[-118.483480004754,34.446184708711],[-118.483496584341,34.4461832687076],[-118.48351315848,34.4461818278221],[-118.483529736983,34.4461803887199],[-118.483546316567,34.4461789487097],[-118.483567539572,34.4461771214639],[-118.483579492081,34.4461764472614],[-118.48359613416,34.4461756497888],[-118.483611128022,34.446174931006],[-118.483929925463,34.446159658204],[-118.484577820696,34.4461299569592],[-118.485304522735,34.4461433224774],[-118.485874245874,34.4461790032623],[-118.486025695612,34.4461827727385],[-118.48604142614,34.4461831640986],[-118.486437297219,34.4461930172202],[-118.486934983768,34.4462235581807],[-118.48723629027,34.446254888564],[-118.487350702477,34.4462657811806],[-118.487365786494,34.4462668952914],[-118.487379544324,34.4462677009937],[-118.487398487144,34.4462710326992],[-118.487413467606,34.4462750916294],[-118.487428391166,34.4462798404596],[-118.48744503301,34.446284582385],[-118.487459958766,34.4462893339071],[-118.487476600609,34.4462940749267],[-118.487491524171,34.4462988228477],[-118.487506478204,34.4463035706443],[-118.487523123322,34.4463083125459],[-118.487542377425,34.446314437733],[-118.487553029253,34.4463178135474],[-118.487569611234,34.4463225511887],[-118.487584595757,34.4463273006563],[-118.487601178841,34.4463320400919],[-118.487616162305,34.4463367940676],[-118.487631086975,34.4463415428685],[-118.487647698353,34.4463462812825],[-118.487662649149,34.4463510308761],[-118.487677606456,34.4463557768355],[-118.487694252715,34.4463605241183],[-118.487709174129,34.4463652729227],[-118.487725815986,34.4463700112035],[-118.487740740674,34.4463747608924],[-118.487755724106,34.4463795067373],[-118.48777230617,34.4463842542674],[-118.487787291792,34.4463890019026],[-118.487802212114,34.4463937479954],[-118.487818827891,34.446398490876],[-118.487833814596,34.446403236698],[-118.487848738134,34.4464083451888],[-118.487865381116,34.4464130870521],[-118.487880304743,34.4464178385312],[-118.487895291212,34.446422914308],[-118.487912705161,34.446427925328],[-118.487926856738,34.4464324067412],[-118.487941783525,34.4464375106998],[-118.487958396065,34.4464422553775],[-118.487973385792,34.4464473284269],[-118.487988308258,34.4464524369049],[-118.488004950169,34.4464571787534],[-118.488019876817,34.4464622574601],[-118.48803486241,34.4464673665799],[-118.488049790113,34.4464724389679],[-118.48806643414,34.4464775405115],[-118.488081359707,34.446482619215],[-118.488096346396,34.4464877283228],[-118.488111275973,34.4464934903691],[-118.488126268621,34.4464996154779],[-118.488141202382,34.446506090617],[-118.488156171867,34.4465129045871],[-118.488169476347,34.4465197180421],[-118.488184442551,34.4465265284158],[-118.488199405498,34.4465333397023],[-118.488214372857,34.4465397894542],[-118.488229366835,34.446545581879],[-118.488244293188,34.4465513475281],[-118.488259281813,34.4465567829634],[-118.488274208669,34.4465618913886],[-118.488289197287,34.4465673250171],[-118.488304122894,34.4465724054962],[-118.488320766909,34.4465774988913],[-118.488335693619,34.446582581165],[-118.488350677117,34.4465873260348],[-118.488367295069,34.4465924276422],[-118.488382218514,34.4465975090219],[-118.488397203117,34.4466022556846],[-118.488413787339,34.4466073574214],[-118.488428770846,34.4466121022815],[-118.488443697564,34.4466171836404],[-118.488460342689,34.4466222779135],[-118.488475268323,34.4466273592729],[-118.488490255056,34.4466324674306],[-118.488505178721,34.4466372125223],[-118.488521822655,34.4466422878595],[-118.488536783261,34.446647393412],[-118.488551708866,34.4466524684515],[-118.488568350778,34.4466575690334],[-118.488583278503,34.446663004674],[-118.4885969803,34.4466679719442],[-118.48861319683,34.4466742047563],[-118.48862818951,34.4466803234925],[-118.488643121311,34.4466864523888],[-118.488658113996,34.4466925711212],[-118.488673047881,34.4466990543083],[-118.488686384083,34.4467055123747],[-118.48870131794,34.4467119901492],[-118.488716314703,34.4467188021375],[-118.488729595065,34.4467259428852],[-118.488744593922,34.4467331109675],[-118.488757877264,34.446740944078],[-118.488771216603,34.4467481197434],[-118.4887861535,34.4467549274566],[-118.488801149157,34.4467617340298],[-118.488816083984,34.4467681883464],[-118.488829421247,34.4467750088095],[-118.488844353033,34.4467811295674],[-118.488859347872,34.4467876097814],[-118.488874278584,34.446793732343],[-118.488889274575,34.4467998519352],[-118.48890419482,34.4468049323623],[-118.488920808804,34.4468093451382],[-118.488935794639,34.4468137338207],[-118.48895071619,34.4468184797677],[-118.488967359349,34.4468232268889],[-118.488982284184,34.4468279755234],[-118.488997271802,34.4468334081672],[-118.489012200611,34.4468392034629],[-118.489027192358,34.4468449678509],[-118.489042122232,34.4468507586308],[-118.489057115013,34.4468568836245],[-118.489072044728,34.4468626464539],[-118.489087037513,34.4468687714438],[-118.489101969329,34.4468748912685],[-118.48911693701,34.4468813733633],[-118.489131931687,34.4468878192861],[-118.489146864333,34.446894635086],[-118.489160171073,34.4469018090372],[-118.489175140681,34.4469086174723],[-118.489188484261,34.4469157633243],[-118.489203416863,34.4469225701021],[-118.489218415802,34.4469297390272],[-118.489231694318,34.4469365524707],[-118.489246690927,34.4469436943558],[-118.489259970536,34.4469505077919],[-118.489274968386,34.4469576749114],[-118.489289907321,34.4469648161221],[-118.489303247877,34.4469716293077],[-118.489318183722,34.4469787993765],[-118.489331526237,34.4469859452171],[-118.489346460946,34.4469931062716],[-118.4893598013,34.4470002539209],[-118.489374742353,34.4470077530216],[-118.489388081741,34.4470149205054],[-118.48940178154,34.4470319357909],[-118.489416365256,34.447029923343],[-118.489429645665,34.4470374237262],[-118.489442955501,34.4470449312014],[-118.489456999985,34.4470522671249],[-118.48948058357,34.4470691514756],[-118.489740833851,34.4472446820362],[-118.48978029675,34.4472712847782],[-118.489899474818,34.4473555730676],[-118.490006794107,34.4474314788896],[-118.490110027716,34.4475004448854],[-118.490140053321,34.447519061078],[-118.490176609435,34.4475417267154],[-118.490250163031,34.4475830876222],[-118.490299750175,34.4476109682329],[-118.490411671326,34.4476687703341],[-118.490885240574,34.4478984999567],[-118.49109706624,34.4480123160942],[-118.49117495164,34.4480541727842],[-118.491224652178,34.4480808823683],[-118.491341061814,34.448134679763],[-118.491370985254,34.4481465931618],[-118.491444124859,34.448175146933],[-118.491464934254,34.4481821000207],[-118.491567035143,34.4482162566409],[-118.491619001806,34.4482313775828],[-118.491740277105,34.4482663065134],[-118.492246194053,34.4484011539452],[-118.492502190026,34.4484612310157],[-118.492598897368,34.4484807055464],[-118.492760965021,34.4485079355296],[-118.493300413387,34.4485810378822],[-118.493608399479,34.4486347113125],[-118.493918355788,34.4486885769846],[-118.494178967181,34.4487266730754],[-118.494849561761,34.4488187426432],[-118.495468762865,34.4489147786795],[-118.495810766301,34.4489731515599],[-118.496021623806,34.4490114469942],[-118.49611793896,34.449030969913],[-118.496293989287,34.4490721577679],[-118.496435199206,34.4491117813135],[-118.496559617918,34.449150429436],[-118.496806074447,34.4492337284458],[-118.49703345379,34.4493160800593],[-118.497317452261,34.4494301378466],[-118.49755188554,34.4495332119916],[-118.497796882638,34.4496494588357],[-118.497890011796,34.4497245630775],[-118.498123415033,34.4498825951579],[-118.498277923701,34.4499598388805],[-118.498320683213,34.4498988773497],[-118.498389684414,34.4497893685969],[-118.49844723634,34.4497063389129],[-118.498475228423,34.4496722315797],[-118.498544432039,34.4495956873981],[-118.498671368744,34.4494677258316],[-118.498689540976,34.4494512188852],[-118.498700635456,34.4494411401146],[-118.498872615465,34.4492848509091],[-118.499001346998,34.4491785256418],[-118.499199488159,34.4490320731975],[-118.499265210573,34.4489853431289],[-118.499501713775,34.4488171838621],[-118.499619008365,34.4487408016866],[-118.499714873213,34.4486864663224],[-118.499799199092,34.4486428363495],[-118.50002348792,34.4485355997561],[-118.50015641434,34.4484720454774],[-118.500707353107,34.4482475252048],[-118.50093072384,34.4481593572588],[-118.501616704715,34.4478985258022],[-118.502021177214,34.4477447262854],[-118.502858437188,34.4474225091656],[-118.503796690717,34.4470723809557],[-118.504475106455,34.4468140087154],[-118.504590477487,34.44676711077],[-118.504609106927,34.4467595379368],[-118.504709992994,34.4467120492088],[-118.504906734892,34.4466106031862],[-118.505134915721,34.446496987769],[-118.505258896354,34.4464291494581],[-118.50537784693,34.4463537762094],[-118.505602419601,34.4461924188439],[-118.505723029029,34.4461173944464],[-118.505787448956,34.4460745302166],[-118.505813858589,34.4460538110418],[-118.505871629139,34.4460082302152],[-118.505952480748,34.4459402148911],[-118.50619334649,34.4457307240572],[-118.506415998488,34.4455267837788],[-118.506765551781,34.445191811468],[-118.506790332987,34.4451703893707],[-118.506943179589,34.4450381772667],[-118.507121903248,34.4448835807908],[-118.507257159926,34.4447627966329],[-118.507365989562,34.4446599795327],[-118.507600073975,34.4444281786893],[-118.507652599361,34.4443499211787],[-118.507698750646,34.4442910606934],[-118.507758047325,34.4442248643832],[-118.507771805117,34.4442115857991],[-118.507775075477,34.4442084212483],[-118.507813020601,34.4443740817374],[-118.507958187925,34.4449413796877],[-118.507983390085,34.4450398678213],[-118.507983441264,34.4450400515201],[-118.507995159715,34.445082410653],[-118.508112819768,34.4455080319835],[-118.508149950234,34.4456789048365],[-118.508235991119,34.4460191217426],[-118.508241535617,34.4460410445775],[-118.508563214419,34.447313177557],[-118.508641266097,34.4476210742622],[-118.508684371276,34.4477911114084],[-118.508793828866,34.4482238614912],[-118.508813963242,34.4483035448423],[-118.508821811058,34.4483345914365],[-118.508836487364,34.4483926473184],[-118.50896353525,34.4489035766689],[-118.50902288315,34.449143936468],[-118.509085458428,34.4494117569597],[-118.509116586922,34.4495449777352],[-118.509141667361,34.4496425068851],[-118.509180120864,34.4497963077887],[-118.509265381048,34.4501341849887],[-118.509336440995,34.4504171155067],[-118.509400009079,34.4506684723373],[-118.509462689298,34.4509157056348],[-118.509511216017,34.4511107408847],[-118.509558843205,34.4512988840539],[-118.509606501377,34.4514870757554],[-118.509654428282,34.4516762859433],[-118.509701851631,34.4518633814229],[-118.509748686203,34.4520529306279],[-118.509802265538,34.4522649204173],[-118.509808110169,34.4522880905384],[-118.509916733341,34.452718795637],[-118.509826088696,34.4531417328745],[-118.509643504661,34.4539936320774],[-118.509213643891,34.4559992018965],[-118.509189849295,34.4561078103884],[-118.509189768837,34.4561081794535],[-118.509153816698,34.4562766972082],[-118.509125974302,34.4564071983927],[-118.50907405169,34.456650568078],[-118.509052609966,34.4567506606917],[-118.509015002428,34.4569262155017],[-118.508858836303,34.4576551981457],[-118.508816918735,34.457848871951],[-118.508270006962,34.4604112090059],[-118.508497092427,34.4602503769811],[-118.508651787334,34.4601513379858],[-118.508841265214,34.4600568851002],[-118.509243265836,34.4598978856794],[-118.509412871781,34.4598609673308],[-118.509438842114,34.4597397796088],[-118.511389621127,34.4597748779611],[-118.51171985493,34.4597808225694],[-118.511750969571,34.4597813828382],[-118.512928474044,34.4597482458163],[-118.513193844331,34.4597440153843],[-118.513509004406,34.4597437288657],[-118.513840796823,34.4597508989133],[-118.514073074938,34.4597595291238],[-118.514768285996,34.459790928742],[-118.514983973253,34.4597986160642],[-118.515363877817,34.4598079983862],[-118.515427977349,34.4598089873968],[-118.515887349737,34.4598161598442],[-118.516313577886,34.4598228134543],[-118.516591471396,34.4598271499925],[-118.516778910724,34.4598277258705],[-118.516908296769,34.4598278617839],[-118.517273250041,34.4598324921294],[-118.517372765558,34.4598317352332],[-118.517522022943,34.4598262927238],[-118.517702724917,34.4598100507396],[-118.517899941213,34.4597824183448],[-118.518095446493,34.4597455314723],[-118.518208081738,34.4597199599435],[-118.518319041297,34.4596916773411],[-118.518504467498,34.4596355670691],[-118.518640183132,34.4595869019864],[-118.518746084861,34.4595459208605],[-118.518901613572,34.4594820547615],[-118.519075223883,34.4594145392416],[-118.519378468428,34.4593286571031],[-118.519676704387,34.4592533787643],[-118.51989083611,34.4592038292114],[-118.520152343615,34.4591554880245],[-118.520207056592,34.4591453735802],[-118.520234576385,34.4591400627684],[-118.520279290746,34.4591314345115],[-118.520375352069,34.4591129414506],[-118.520505435374,34.4590933377489],[-118.520661038853,34.4590736271203],[-118.520933632422,34.4590523178733],[-118.521217102739,34.4590356032983],[-118.521426839748,34.4590309924643],[-118.521535251412,34.4590311856128],[-118.521645007978,34.459033404942],[-118.521866801469,34.4590422059383],[-118.521978512771,34.4590494498267],[-118.522204792413,34.4590698246426],[-118.522320456002,34.4590831762343],[-118.522431298988,34.459099461327],[-118.522555165114,34.4591197877148],[-118.522674836221,34.4591426563413],[-118.52279513784,34.4591702461747],[-118.522916122851,34.4592017888778],[-118.52315872016,34.4592738955794],[-118.523279105797,34.4593151437216],[-118.523396791881,34.4593603070327],[-118.523512110963,34.4594086114706],[-118.523624398359,34.4594597624039],[-118.523642506621,34.4594684778351],[-118.52365221856,34.4594731599682],[-118.523734877048,34.4595130044861],[-118.523844708561,34.4595695786287],[-118.523948019124,34.4596227991712],[-118.524046859444,34.4596775336745],[-118.524118868408,34.459717410397],[-118.524239566231,34.4597798846754],[-118.524380321625,34.4598527416857],[-118.52438536982,34.4598553541557],[-118.524465346078,34.4598967504909],[-118.524652738588,34.4600002209732],[-118.524879734678,34.4601173205708],[-118.525240226189,34.4603032764157],[-118.525413744515,34.4603791863641],[-118.525529707209,34.4604176521667],[-118.525649048875,34.4604572157164],[-118.525836768897,34.4605276642556],[-118.525913242178,34.4605541291789],[-118.526006309101,34.460582578531],[-118.526213977124,34.460633198219],[-118.526375091734,34.4606675376317],[-118.526489682032,34.4606890181517],[-118.526619202993,34.4607100875835],[-118.526733754332,34.4607253907275],[-118.526931261053,34.4607437630303],[-118.52709718817,34.460751291489],[-118.527196718763,34.46075292005],[-118.527480350573,34.4607489396674],[-118.527729089531,34.4607379107083],[-118.527959548678,34.4607197313614],[-118.52809374864,34.4607053611742],[-118.528187437655,34.4606953286507],[-118.528551325228,34.4606563450419],[-118.528825393195,34.4606323981133],[-118.528943302193,34.4606221043956],[-118.529574211357,34.4605670611104],[-118.529985330389,34.4605278129826],[-118.53024888944,34.4604984959152],[-118.5305817657,34.460458602238],[-118.530644657062,34.4604505929822],[-118.530822383067,34.460429706074],[-118.532237936299,34.4602696274714],[-118.533313629047,34.4601374575976],[-118.533689827838,34.4600849688774],[-118.533820767304,34.4600685926574],[-118.533936801681,34.4600567607027],[-118.534135766575,34.4600435169652],[-118.534333103583,34.4600350915614],[-118.534397787445,34.4600341197638],[-118.534547100749,34.4600332448784],[-118.534712993574,34.4600355368737],[-118.534878743034,34.4600412632211],[-118.535029404161,34.4600494196904],[-118.53522539438,34.4600639662797],[-118.535526005482,34.4600862774191],[-118.536532652306,34.4601609686193],[-118.537781929211,34.4602536466705],[-118.53806934937,34.4601902956131],[-118.538414398065,34.4602101577401],[-118.538586241524,34.4601740487032],[-118.538601779944,34.4601712102241],[-118.538674702413,34.4602542280712],[-118.539000270791,34.4602918838595],[-118.539385270239,34.4603788834135],[-118.539592270464,34.4604508838533],[-118.539681270422,34.460481883151],[-118.540119270392,34.4606388832793],[-118.54104731815,34.4609564990312],[-118.541092020691,34.4609723524582],[-118.541131289987,34.460985722025],[-118.541306270847,34.4610448838224],[-118.542026794807,34.46129915977],[-118.542094751635,34.4613622449743],[-118.542225831704,34.4615007599517],[-118.542603074162,34.4616385287046],[-118.542690234791,34.4616700145457],[-118.542696606725,34.4616722173507],[-118.542939316594,34.461756145599],[-118.543202127671,34.461840978685],[-118.54345166466,34.4619159771994],[-118.543718982953,34.4619904808307],[-118.543872922084,34.4620300517953],[-118.543973381029,34.4620558569479],[-118.544272012467,34.4620825485168],[-118.544556666444,34.4621328943514],[-118.544813107896,34.4621532476859],[-118.544902644255,34.462160021913],[-118.545102472997,34.4621975704731],[-118.545407555338,34.4622423538411],[-118.545713494473,34.4622560620747],[-118.546149775392,34.4623208887816],[-118.546486032816,34.4623089289419],[-118.546811991578,34.4623109387893],[-118.547056231439,34.46231122911],[-118.547349393076,34.4623105842832],[-118.547943991288,34.4622749796644],[-118.547965616654,34.4622753237729],[-118.548124858687,34.4622774670124],[-118.548729317507,34.462285597981],[-118.549539415586,34.4622964912125],[-118.549786768362,34.4622913346971],[-118.549852512637,34.4622899919556],[-118.54985074408,34.4622428830136],[-118.549842066076,34.4620116829563],[-118.549817311171,34.4613521856626],[-118.549792549858,34.4606924828113],[-118.549741705154,34.4593378392502],[-118.549746119043,34.4590626173366],[-118.549742797659,34.4590044941413],[-118.549734267207,34.4588552177178],[-118.549727300814,34.458733304835],[-118.54970948615,34.458600315239],[-118.549679405103,34.4583757995843],[-118.549645140238,34.4580640387045],[-118.549560671848,34.4576868634473],[-118.5494881813,34.4574293299091],[-118.549425794766,34.4572767137006],[-118.549425741669,34.4572765841198],[-118.549210082589,34.4567490105769],[-118.548931500591,34.4560674982443],[-118.548838693123,34.4558326685327],[-118.548744244411,34.455550694936],[-118.548690600756,34.4552781002556],[-118.548640143262,34.4550417085492],[-118.548633826619,34.4549687262128],[-118.548613716427,34.4547355509939],[-118.548596179422,34.4545062091863],[-118.5485588746,34.4542059472485],[-118.548559906296,34.4540965799465],[-118.548565365714,34.4539585237792],[-118.548575378619,34.4538060810468],[-118.54858997187,34.4536496102763],[-118.54861187646,34.4534899970483],[-118.548641140043,34.4533298555983],[-118.54867800334,34.4531700485035],[-118.548721766102,34.4530101831493],[-118.548770697255,34.4528544622046],[-118.548827234461,34.4526947707289],[-118.548888488595,34.4525415732894],[-118.548954245978,34.4523933301203],[-118.549025338596,34.4522479747352],[-118.549101135424,34.4521060355759],[-118.549182276151,34.4519656633921],[-118.549266163205,34.4518297007553],[-118.549354692369,34.4516956652613],[-118.549366045916,34.451679710759],[-118.54944983204,34.4515626816105],[-118.549550416177,34.4514336517044],[-118.549657095982,34.4513079775657],[-118.549886399881,34.4510547356407],[-118.550733503056,34.4501372479337],[-118.551112232481,34.4497291977514],[-118.551190983939,34.4496443597586],[-118.551321941,34.4495032783647],[-118.55197189264,34.4488030434941],[-118.552407821846,34.4483078172116],[-118.552503749239,34.448183010756],[-118.552593121449,34.4480598000454],[-118.552637892424,34.4479935342348],[-118.552751522634,34.4478168789052],[-118.552821675416,34.447697103881],[-118.552888877454,34.4475717139662],[-118.553013343538,34.4473087247249],[-118.553069376056,34.4471749481287],[-118.553167442032,34.4469083178403],[-118.553212430284,34.4467695915997],[-118.553251809187,34.4466262200556],[-118.553289569794,34.4464628751155],[-118.553315541073,34.446338302227],[-118.553340187116,34.446194288324],[-118.553358624406,34.4460528522765],[-118.553370664558,34.4459136433475],[-118.553380380322,34.4456386979048],[-118.553402044587,34.4446907150707],[-118.553415259477,34.4443410522873],[-118.55341849768,34.4442553653604],[-118.55341879846,34.4442474070231],[-118.553381475612,34.4442458688443],[-118.553347756864,34.4441694803374],[-118.553385272591,34.4439188811923],[-118.553391452196,34.443885589898],[-118.553478271974,34.4434178803626],[-118.553489272005,34.4433848817082],[-118.55351354181,34.443309356515],[-118.553632270666,34.4429398805983],[-118.553662119106,34.4428733155358],[-118.553706881848,34.4429695270432],[-118.553763319979,34.4428351685274],[-118.553837176888,34.4426692713345],[-118.554234696822,34.4418171208433],[-118.55462476716,34.4409730546458],[-118.555085874173,34.4399897009601],[-118.555136089542,34.4398808503784],[-118.555378620785,34.4393551105606],[-118.555447891281,34.4391988229662],[-118.555511854973,34.4390424225946],[-118.555570047809,34.4388859927178],[-118.555621135744,34.4387285522703],[-118.555665326374,34.438571527444],[-118.555703004213,34.4384125265099],[-118.555732965039,34.4382551827769],[-118.55575687522,34.4380958049355],[-118.55577462605,34.4379376651668],[-118.555786166799,34.4377785369086],[-118.555787370303,34.4377570198089],[-118.555807902571,34.4373899089232],[-118.555821041782,34.4371549909881],[-118.555869532013,34.4362011945034],[-118.555923712729,34.4350616983701],[-118.555938912763,34.4347872718673],[-118.555950854729,34.4345716522661],[-118.555961129653,34.4344153578755],[-118.555978745826,34.4343131761938],[-118.555997784797,34.4342291936406],[-118.556013717048,34.4341668559175],[-118.556032705977,34.4340747363075],[-118.556075647449,34.4338999386677],[-118.556126837354,34.4337386533105],[-118.556163617621,34.4336193924602],[-118.556250657568,34.433443046578],[-118.556347297779,34.4332395888319],[-118.556451088429,34.4330094442401],[-118.556523027129,34.4328559159206],[-118.556595056545,34.4327164898959],[-118.556672070465,34.4325790685123],[-118.556745866395,34.4324554301323],[-118.556862377941,34.432273179586],[-118.556944495148,34.4321546434516],[-118.557026715586,34.4320515771761],[-118.557427997382,34.4316251844108],[-118.557490596758,34.4315586481342],[-118.557557274897,34.4314885031541],[-118.557873007025,34.4311522122855],[-118.557984934572,34.431028728628],[-118.55822850287,34.4307538488196],[-118.558447300453,34.4304945403154],[-118.558652993097,34.4302593357785],[-118.558779737397,34.4301199827775],[-118.558913098765,34.4299785391393],[-118.559241109381,34.429639237318],[-118.559384059353,34.429491365154],[-118.559835177482,34.4290132115113],[-118.560123235112,34.4286986224816],[-118.56058403418,34.428181950845],[-118.560761844861,34.4279939281831],[-118.561000626853,34.4277496350602],[-118.561159251843,34.4275764235515],[-118.561188270588,34.4275447354639],[-118.561331328981,34.4273671781999],[-118.561397069833,34.4272806589512],[-118.561526741341,34.4270849586376],[-118.561585761594,34.4269854170178],[-118.561693904426,34.4267939380176],[-118.561862505347,34.4264702793109],[-118.561994798836,34.4261722065501],[-118.562024096315,34.4260910080754],[-118.562048456757,34.4260153282471],[-118.562066194345,34.4259410530456],[-118.562129408324,34.4257260803572],[-118.56214390393,34.425662811724],[-118.562179529443,34.4255365871909],[-118.562195561382,34.4254162864114],[-118.562385536945,34.423990763815],[-118.562423620027,34.4238453493653],[-118.562440810822,34.4237785080134],[-118.56246707777,34.423676303189],[-118.56250896734,34.4234957786639],[-118.56251425038,34.4234698412377],[-118.562602046448,34.4230388528607],[-118.562629197055,34.4228855311572],[-118.562646548319,34.422754238923],[-118.562659041675,34.4226401435322],[-118.562663335723,34.4225394821378],[-118.562673587681,34.4220935884996],[-118.562686021755,34.4217215955806],[-118.562694219955,34.4214662850314],[-118.562697462808,34.4212100292127],[-118.562695597296,34.4209338739804],[-118.562699941165,34.4205951754293],[-118.562695008681,34.4198650040978],[-118.562697168137,34.4198104077016],[-118.562693399076,34.4196265653389],[-118.562684709562,34.4193219440899],[-118.562671884021,34.4191416615392],[-118.562634826262,34.4188100256337],[-118.562598517897,34.4185886588776],[-118.562559255662,34.4184208617326],[-118.562518548778,34.4182860730101],[-118.562446998895,34.4180016383984],[-118.562386001128,34.4178071779941],[-118.562355335436,34.4177251863659],[-118.562310151258,34.4176230657619],[-118.562200855263,34.4173965432504],[-118.562081691061,34.4171806991228],[-118.561972859473,34.4170228372694],[-118.561921025071,34.416957819519],[-118.561797181647,34.4167852724677],[-118.561708263489,34.4166448828251],[-118.561559228666,34.4164095806636],[-118.561522447247,34.4163546885538],[-118.561411853742,34.4161904334284],[-118.561343042544,34.416094457628],[-118.561209347652,34.41590798352],[-118.561154892051,34.4158370346266],[-118.561108995701,34.4157772333102],[-118.561047003822,34.4156799726552],[-118.560966525704,34.4155467386121],[-118.560872593327,34.4153850447414],[-118.560731533432,34.4151167381071],[-118.560620610286,34.4148936493455],[-118.560475897104,34.4145755681968],[-118.560418595312,34.4144370635735],[-118.56028867111,34.4140999995735],[-118.560074646292,34.413581638445],[-118.559919529609,34.4131962714138],[-118.559865562339,34.4130598129519],[-118.559739283253,34.4127701633072],[-118.55959303712,34.412469941351],[-118.559444973983,34.4121460171187],[-118.559418048518,34.4120925006354],[-118.559403367532,34.4120633215179],[-118.559352558555,34.4119623346439],[-118.559251907491,34.4117855607047],[-118.559244937843,34.4117741901749],[-118.559012212178,34.4113940733677],[-118.558968690397,34.411331074259],[-118.558893446285,34.4112355720801],[-118.558622831761,34.4109287241192],[-118.558546033103,34.4108480177354],[-118.558454242518,34.4107567106199],[-118.558365825229,34.4106736667396],[-118.558270776217,34.4105913096427],[-118.558169030716,34.4104980223774],[-118.558052217717,34.4103831484853],[-118.558033855178,34.4103643276989],[-118.557943704952,34.4102699338953],[-118.557850192739,34.4101693817487],[-118.557636331174,34.4099196156471],[-118.557544460078,34.4098159760624],[-118.557073635498,34.4093166521189],[-118.556904938142,34.4091278223674],[-118.556632500888,34.4087938285074],[-118.556508766084,34.4086357083189],[-118.556135803623,34.408143125037],[-118.556035553704,34.4080247374944],[-118.55597129495,34.4079490260247],[-118.555884174009,34.4078463803494],[-118.555688015155,34.4076151942551],[-118.555578713195,34.4074794994933],[-118.555447060244,34.4073074866211],[-118.555400429901,34.407246560493],[-118.555367108783,34.4072007661394],[-118.555311758372,34.4071246826623],[-118.555203084431,34.4069860844364],[-118.555069373185,34.4068211360254],[-118.554964122709,34.406698644144],[-118.554872270937,34.4065967081704],[-118.554791251558,34.4065113685944],[-118.554718682272,34.4064349299771],[-118.554558354718,34.4062553409439],[-118.554344419777,34.4059928558988],[-118.554123840623,34.4057273148684],[-118.554031977208,34.4056229847285],[-118.553744769049,34.4053086180032],[-118.553624511619,34.4051721330816],[-118.553415663554,34.4049257706551],[-118.553271904276,34.4047450648474],[-118.553042904752,34.4044586012923],[-118.552889152465,34.4042700521359],[-118.552583190453,34.4038764372253],[-118.552384293811,34.4036289882126],[-118.552121962483,34.4033145313967],[-118.552072349387,34.4032523554208],[-118.552051756266,34.4032265632697],[-118.551986504476,34.4031348068215],[-118.551926224603,34.4030433811135],[-118.551865906121,34.4029461063645],[-118.551761964738,34.4027700281828],[-118.551693229109,34.4026528685277],[-118.551591827546,34.4024850764139],[-118.55153568499,34.4023921748063],[-118.551411548292,34.4021687834319],[-118.551362819341,34.4020700826903],[-118.551352948233,34.4020494498642],[-118.551322482388,34.4019857702091],[-118.551293788317,34.4019079436503],[-118.551144935323,34.4014562332259],[-118.551116087076,34.4013553747977],[-118.551092237717,34.4012582945352],[-118.551069985553,34.4011519121388],[-118.55105602111,34.4010454974867],[-118.551052753062,34.4010159472553],[-118.551043676745,34.4009339015364],[-118.551016058579,34.4005173923276],[-118.551016998269,34.4004088445179],[-118.551041326263,34.4000772595695],[-118.551042817192,34.399801441233],[-118.551055226322,34.3996722366154],[-118.551072571753,34.3995385307151],[-118.551078762065,34.3994715326276],[-118.551089920516,34.3994048437283],[-118.5511317314,34.3992098878302],[-118.551147863487,34.3991435297228],[-118.551176943904,34.3990293600173],[-118.551227180691,34.3988560171542],[-118.551285813725,34.3986991198453],[-118.551323305911,34.3986031049256],[-118.551408194475,34.3984062419362],[-118.551501367812,34.3982090130442],[-118.551558690187,34.3981046596724],[-118.551673417895,34.3979090401161],[-118.551911353095,34.3975455916948],[-118.551957505421,34.3974813858401],[-118.551966178464,34.397469313513],[-118.551986899773,34.397440469093],[-118.552055919855,34.3973501623068],[-118.552335371195,34.3969995801096],[-118.552491614648,34.396816133456],[-118.552572267809,34.3967312646424],[-118.55266285725,34.3966442967809],[-118.552756791078,34.3965624469723],[-118.553107678363,34.3962872666317],[-118.553193757528,34.3962207586481],[-118.553246522906,34.3961799882983],[-118.553370235636,34.3960894266916],[-118.55348258278,34.3960132603325],[-118.553708571248,34.3958714883361],[-118.553931471461,34.3957423353509],[-118.554162692614,34.3956186649544],[-118.554273367055,34.395562156362],[-118.554496464308,34.3954622131207],[-118.55489317322,34.3952996457173],[-118.555071787081,34.395226437281],[-118.555093177775,34.3952176701538],[-118.555388212145,34.3951083462703],[-118.555516441863,34.3950608301255],[-118.555729781919,34.3949894269759],[-118.555830687882,34.3949601115948],[-118.556025972774,34.3949159369513],[-118.556335597059,34.394865461286],[-118.556390217242,34.3948565576937],[-118.556459366243,34.3948466795532],[-118.556663439439,34.3948175219716],[-118.556885424456,34.394800366929],[-118.557119066436,34.3947920723496],[-118.55752178042,34.3947850826311],[-118.557626211521,34.3947866615474],[-118.557799254426,34.3947892869979],[-118.558511386139,34.3948000910743],[-118.559131293014,34.3948024000309],[-118.559678271075,34.3948053733167],[-118.560117493729,34.3948050509542],[-118.560540131987,34.3948030979529],[-118.560664433771,34.394802523277],[-118.561360513951,34.3947944939669],[-118.561759948522,34.3947926441326],[-118.561824583871,34.394792344674],[-118.562219810621,34.3947933941434],[-118.562525700983,34.3947939029679],[-118.563110828197,34.3948004747635],[-118.563168838333,34.3948005326143],[-118.563589842328,34.3948020114417],[-118.564537858002,34.3947952142027],[-118.564953905998,34.3947991013512],[-118.565122984106,34.3948017483469],[-118.565268437564,34.394805440138],[-118.565374946219,34.3948060696023],[-118.565580475559,34.3948068366769],[-118.565766097018,34.3948042451947],[-118.566297962544,34.3947780726621],[-118.566428874855,34.3947740272364],[-118.566805092773,34.3947705400766],[-118.567422943586,34.3947147507353],[-118.567560355675,34.3946917972161],[-118.567795507372,34.3946618434289],[-118.567836911338,34.3946561483448],[-118.567994198315,34.3946320545706],[-118.568292299794,34.3945963118456],[-118.568601922073,34.3945491648693],[-118.568871763537,34.3945025589436],[-118.568995912932,34.3944786193259],[-118.569111816683,34.3944612562537],[-118.569201195056,34.3944433044693],[-118.569290614742,34.3944315640398],[-118.569416498953,34.3944192971072],[-118.569678137846,34.3943844037541],[-118.569734417339,34.3943734768129],[-118.569830418384,34.3943548371248],[-118.56985693555,34.3943547125081],[-118.569891708323,34.3943486935791],[-118.569954606039,34.3943367211972],[-118.570044027679,34.3943249802018],[-118.570312409253,34.3943061868492],[-118.57036875942,34.3943059218021],[-118.570421756431,34.3943008609803],[-118.570492986209,34.3942943431112],[-118.57066909528,34.3942834324904],[-118.57077623983,34.3942696530037],[-118.571099065987,34.39421523778],[-118.571266871357,34.3941870449981]]]},"properties":{"OBJECTID":10400,"Date":null,"Code":"1061002","DivisionName":"SANTA CLARITA COMMUNITY COLLEGE TA2","division_type":"COMMUNITY COLLEGE","group_type":"10","District":"SANTA CLARITA COMMUNITY COLLEGE","Shape__Area":2298461232.5791016,"Shape__Length":283456.7477640963,"GlobalID":"19ba2956-dca5-45ef-8a22-7bbbd0973e0f","CreationDate":1788987057416,"Creator":"RRCCgis_lacounty","EditDate":1788987057416,"Editor":"RRCCgis_lacounty"}},{"type":"Feature","id":10401,"geometry":{"type":"Polygon","coordinates":[[[-118.565491963559,34.3786400021692],[-118.566191737703,34.3797269824643],[-118.566606951114,34.3803719741555],[-118.566820786149,34.3807044772096],[-118.566949465329,34.3810115841438],[-118.567075260189,34.3813175107915],[-118.567214846302,34.3817474104213],[-118.567383854118,34.3822725859034],[-118.567474429953,34.3824761077151],[-118.567801774521,34.3832259546198],[-118.567845621284,34.3833271257581],[-118.568046689055,34.3839117825806],[-118.568221339028,34.3844190402653],[-118.568595984322,34.3853523333794],[-118.568831686519,34.3859511393215],[-118.569143750939,34.3865662829104],[-118.569513940982,34.3875393105742],[-118.569741417989,34.3881536571717],[-118.569949648112,34.3886459656685],[-118.570141184571,34.3891896364599],[-118.570180059496,34.3892991792989],[-118.570335464551,34.3899339004122],[-118.570407417996,34.3905329685218],[-118.570447749605,34.3908955020263],[-118.570466594881,34.391063365015],[-118.570570058464,34.391360567883],[-118.570643814353,34.3916054561264],[-118.570663368782,34.3916876585468],[-118.570690911747,34.3918020246001],[-118.570800631661,34.3922562714726],[-118.570921277502,34.3927553355797],[-118.571059433483,34.3933275934275],[-118.571266871357,34.3941870449981],[-118.571099065987,34.39421523778],[-118.57077623983,34.3942696530037],[-118.57066909528,34.3942834324904],[-118.570492986209,34.3942943431112],[-118.570421756431,34.3943008609803],[-118.57036875942,34.3943059218021],[-118.570312409253,34.3943061868492],[-118.570044027679,34.3943249802018],[-118.569954606039,34.3943367211972],[-118.569891708323,34.3943486935791],[-118.56985693555,34.3943547125081],[-118.569830418384,34.3943548371248],[-118.569734417339,34.3943734768129],[-118.569678137846,34.3943844037541],[-118.569416498953,34.3944192971072],[-118.569290614742,34.3944315640398],[-118.569201195056,34.3944433044693],[-118.569111816683,34.3944612562537],[-118.568995912932,34.3944786193259],[-118.568871763537,34.3945025589436],[-118.568601922073,34.3945491648693],[-118.568292299794,34.3945963118456],[-118.567994198315,34.3946320545706],[-118.567836911338,34.3946561483448],[-118.567795507372,34.3946618434289],[-118.567560355675,34.3946917972161],[-118.567422943586,34.3947147507353],[-118.566805092773,34.3947705400766],[-118.566428874855,34.3947740272364],[-118.566297962544,34.3947780726621],[-118.565766097018,34.3948042451947],[-118.565580475559,34.3948068366769],[-118.565374946219,34.3948060696023],[-118.565268437564,34.394805440138],[-118.565122984106,34.3948017483469],[-118.564953905998,34.3947991013512],[-118.564537858002,34.3947952142027],[-118.563589842328,34.3948020114417],[-118.563168838333,34.3948005326143],[-118.563110828197,34.3948004747635],[-118.562525700983,34.3947939029679],[-118.562257924833,34.3947934572278],[-118.562219810621,34.3947933941434],[-118.561824583871,34.394792344674],[-118.561759948522,34.3947926441326],[-118.561360513951,34.3947944939669],[-118.560664433771,34.394802523277],[-118.560540131987,34.3948030979529],[-118.560117493729,34.3948050509542],[-118.559678271075,34.3948053733167],[-118.559131293014,34.3948024000309],[-118.558511386139,34.3948000910743],[-118.557799254426,34.3947892869979],[-118.557626211521,34.3947866615474],[-118.55752178042,34.3947850826311],[-118.557119066436,34.3947920723496],[-118.556885424456,34.394800366929],[-118.556663439439,34.3948175219716],[-118.556459366243,34.3948466795532],[-118.556390217242,34.3948565576937],[-118.556335597059,34.394865461286],[-118.556025972774,34.3949159369513],[-118.555830687882,34.3949601115948],[-118.555729781919,34.3949894269759],[-118.555516441863,34.3950608301255],[-118.555388212145,34.3951083462703],[-118.555093177775,34.3952176701538],[-118.555071787081,34.395226437281],[-118.55489317322,34.3952996457173],[-118.554496464308,34.3954622131207],[-118.554273367055,34.395562156362],[-118.554162692614,34.3956186649544],[-118.553931471461,34.3957423353509],[-118.553708571248,34.3958714883361],[-118.55348258278,34.3960132603325],[-118.553370235636,34.3960894266916],[-118.553246522906,34.3961799882983],[-118.553193757528,34.3962207586481],[-118.553107678363,34.3962872666317],[-118.552756791078,34.3965624469723],[-118.55266285725,34.3966442967809],[-118.552572267809,34.3967312646424],[-118.552491614648,34.396816133456],[-118.552335371195,34.3969995801096],[-118.552055919855,34.3973501623068],[-118.551986899773,34.397440469093],[-118.551966178464,34.397469313513],[-118.551957505421,34.3974813858401],[-118.551911353095,34.3975455916948],[-118.551673417895,34.3979090401161],[-118.551558690187,34.3981046596724],[-118.551501367812,34.3982090130442],[-118.551408194475,34.3984062419362],[-118.551323305911,34.3986031049256],[-118.551285813725,34.3986991198453],[-118.551227180691,34.3988560171542],[-118.551176943904,34.3990293600173],[-118.551147863487,34.3991435297228],[-118.5511317314,34.3992098878302],[-118.551089920516,34.3994048437283],[-118.551078762065,34.3994715326276],[-118.551072571753,34.3995385307151],[-118.551055226322,34.3996722366154],[-118.551042817192,34.399801441233],[-118.551041326263,34.4000772595695],[-118.551016998269,34.4004088445179],[-118.551016058579,34.4005173923276],[-118.551043676745,34.4009339015364],[-118.551052753062,34.4010159472553],[-118.55105602111,34.4010454974867],[-118.551069985553,34.4011519121388],[-118.551092237717,34.4012582945352],[-118.551116087076,34.4013553747977],[-118.551144935323,34.4014562332259],[-118.551293788317,34.4019079436503],[-118.551322482388,34.4019857702091],[-118.551352948233,34.4020494498642],[-118.551362819341,34.4020700826903],[-118.551411548292,34.4021687834319],[-118.551422982032,34.4021893604646],[-118.55153568499,34.4023921748063],[-118.551591827546,34.4024850764139],[-118.551693229109,34.4026528685277],[-118.551761964738,34.4027700281828],[-118.551865906121,34.4029461063645],[-118.551926224603,34.4030433811135],[-118.551986504476,34.4031348068215],[-118.552051756266,34.4032265632697],[-118.552072349387,34.4032523554208],[-118.552121962483,34.4033145313967],[-118.552384293811,34.4036289882126],[-118.552583190453,34.4038764372253],[-118.552889152465,34.4042700521359],[-118.553042904752,34.4044586012923],[-118.553271904276,34.4047450648474],[-118.553415663554,34.4049257706551],[-118.553624511619,34.4051721330816],[-118.553744769049,34.4053086180032],[-118.554031977208,34.4056229847285],[-118.554123840623,34.4057273148684],[-118.554344419777,34.4059928558988],[-118.554558354718,34.4062553409439],[-118.554718682272,34.4064349299771],[-118.554791251558,34.4065113685944],[-118.554872270937,34.4065967081704],[-118.554964122709,34.406698644144],[-118.555069373185,34.4068211360254],[-118.555203084431,34.4069860844364],[-118.555311758372,34.4071246826623],[-118.555367108783,34.4072007661394],[-118.555400429901,34.407246560493],[-118.555447060244,34.4073074866211],[-118.555578713195,34.4074794994933],[-118.555688015155,34.4076151942551],[-118.555884174009,34.4078463803494],[-118.55597129495,34.4079490260247],[-118.556035553704,34.4080247374944],[-118.556135803623,34.408143125037],[-118.556508766084,34.4086357083189],[-118.556632500888,34.4087938285074],[-118.556904938142,34.4091278223674],[-118.557073635498,34.4093166521189],[-118.557544460078,34.4098159760624],[-118.557636331174,34.4099196156471],[-118.557850192739,34.4101693817487],[-118.557943704952,34.4102699338953],[-118.558033855178,34.4103643276989],[-118.558052217717,34.4103831484853],[-118.558169030716,34.4104980223774],[-118.558270776217,34.4105913096427],[-118.558365825229,34.4106736667396],[-118.558454242518,34.4107567106199],[-118.558546033103,34.4108480177354],[-118.558622831761,34.4109287241192],[-118.558893446285,34.4112355720801],[-118.558968690397,34.411331074259],[-118.559012212178,34.4113940733677],[-118.559244937843,34.4117741901749],[-118.559251907491,34.4117855607047],[-118.559352558555,34.4119623346439],[-118.559444973983,34.4121460171187],[-118.55959303712,34.412469941351],[-118.559739283253,34.4127701633072],[-118.559865562339,34.4130598129519],[-118.559919529609,34.4131962714138],[-118.560074646292,34.413581638445],[-118.56028867111,34.4140999995735],[-118.560418595312,34.4144370635735],[-118.560475897104,34.4145755681968],[-118.560620610286,34.4148936493455],[-118.560731533432,34.4151167381071],[-118.560872593327,34.4153850447414],[-118.560966525704,34.4155467386121],[-118.561047003822,34.4156799726552],[-118.561108995701,34.4157772333102],[-118.561154892051,34.4158370346266],[-118.561209347652,34.41590798352],[-118.561343042544,34.416094457628],[-118.561411853742,34.4161904334284],[-118.561522447247,34.4163546885538],[-118.561559228666,34.4164095806636],[-118.561708263489,34.4166448828251],[-118.561797181647,34.4167852724677],[-118.561921025071,34.416957819519],[-118.561972859473,34.4170228372694],[-118.562081691061,34.4171806991228],[-118.562200855263,34.4173965432504],[-118.562310151258,34.4176230657619],[-118.562355335436,34.4177251863659],[-118.562386001128,34.4178071779941],[-118.562446998895,34.4180016383984],[-118.562518548778,34.4182860730101],[-118.562559255662,34.4184208617326],[-118.562598517897,34.4185886588776],[-118.562634826262,34.4188100256337],[-118.562671884021,34.4191416615392],[-118.562684709562,34.4193219440899],[-118.562693399076,34.4196265653389],[-118.562697168137,34.4198104077016],[-118.562695008681,34.4198650040978],[-118.562699941165,34.4205951754293],[-118.562695597296,34.4209338739804],[-118.562697462808,34.4212100292127],[-118.562694219955,34.4214662850314],[-118.562686021755,34.4217215955806],[-118.562673587681,34.4220935884996],[-118.562663335723,34.4225394821378],[-118.562659041675,34.4226401435322],[-118.562646548319,34.422754238923],[-118.562629197055,34.4228855311572],[-118.562602046448,34.4230388528607],[-118.56250896734,34.4234957786639],[-118.56246707777,34.423676303189],[-118.562440810822,34.4237785080134],[-118.562423620027,34.4238453493653],[-118.562385536945,34.423990763815],[-118.562342372572,34.4243146649881],[-118.562179529443,34.4255365871909],[-118.56214390393,34.425662811724],[-118.562129408324,34.4257260803572],[-118.562066194345,34.4259410530456],[-118.562048456757,34.4260153282471],[-118.562024096315,34.4260910080754],[-118.561994798836,34.4261722065501],[-118.561862505347,34.4264702793109],[-118.561693904426,34.4267939380176],[-118.561585761594,34.4269854170178],[-118.561526741341,34.4270849586376],[-118.561397069833,34.4272806589512],[-118.561331328981,34.4273671781999],[-118.561188270588,34.4275447354639],[-118.561159251843,34.4275764235515],[-118.561000626853,34.4277496350602],[-118.560761844861,34.4279939281831],[-118.56058403418,34.428181950845],[-118.560123235112,34.4286986224816],[-118.559835177482,34.4290132115113],[-118.559384059353,34.429491365154],[-118.559241109381,34.429639237318],[-118.558913098765,34.4299785391393],[-118.558779737397,34.4301199827775],[-118.558652993097,34.4302593357785],[-118.558447300453,34.4304945403154],[-118.55822850287,34.4307538488196],[-118.557984934572,34.431028728628],[-118.557873007025,34.4311522122855],[-118.557557274897,34.4314885031541],[-118.557490596758,34.4315586481342],[-118.557427997382,34.4316251844108],[-118.557026715586,34.4320515771761],[-118.556944495148,34.4321546434516],[-118.556862377941,34.432273179586],[-118.556745866395,34.4324554301323],[-118.556672070465,34.4325790685123],[-118.556595056545,34.4327164898959],[-118.556523027129,34.4328559159206],[-118.556451088429,34.4330094442401],[-118.556347297779,34.4332395888319],[-118.556250657568,34.433443046578],[-118.556163617621,34.4336193924602],[-118.556126837354,34.4337386533105],[-118.556075647449,34.4338999386677],[-118.556032705977,34.4340747363075],[-118.556013717048,34.4341668559175],[-118.555997784797,34.4342291936406],[-118.555978745826,34.4343131761938],[-118.555961129653,34.4344153578755],[-118.555950854729,34.4345716522661],[-118.555938912763,34.4347872718673],[-118.555923712729,34.4350616983701],[-118.555869532013,34.4362011945034],[-118.555821041782,34.4371549909881],[-118.555807902571,34.4373899089232],[-118.555787370303,34.4377570198089],[-118.555786166799,34.4377785369086],[-118.55577462605,34.4379376651668],[-118.55575687522,34.4380958049355],[-118.555732965039,34.4382551827769],[-118.555703004213,34.4384125265099],[-118.555665326374,34.438571527444],[-118.555621135744,34.4387285522703],[-118.555570047809,34.4388859927178],[-118.555511854973,34.4390424225946],[-118.555447891281,34.4391988229662],[-118.555378620785,34.4393551105606],[-118.555136089542,34.4398808503784],[-118.555085874173,34.4399897009601],[-118.55462476716,34.4409730546458],[-118.554234696822,34.4418171208433],[-118.553837176888,34.4426692713345],[-118.553763319979,34.4428351685274],[-118.553706881848,34.4429695270432],[-118.553662119106,34.4428733155358],[-118.553632270666,34.4429398805983],[-118.55351354181,34.443309356515],[-118.553489272005,34.4433848817082],[-118.553478271974,34.4434178803626],[-118.553391452196,34.443885589898],[-118.553385272591,34.4439188811923],[-118.553347756864,34.4441694803374],[-118.553381475612,34.4442458688443],[-118.55341879846,34.4442474070231],[-118.553415259477,34.4443410522873],[-118.553402044587,34.4446907150707],[-118.553380380322,34.4456386979048],[-118.553370664558,34.4459136433475],[-118.553358624406,34.4460528522765],[-118.553340187116,34.446194288324],[-118.553315541073,34.446338302227],[-118.553289569794,34.4464628751155],[-118.553251809187,34.4466262200556],[-118.553212430284,34.4467695915997],[-118.553167442032,34.4469083178403],[-118.553069376056,34.4471749481287],[-118.553013343538,34.4473087247249],[-118.552888877454,34.4475717139662],[-118.552821675416,34.447697103881],[-118.552751522634,34.4478168789052],[-118.552637892424,34.4479935342348],[-118.552593121449,34.4480598000454],[-118.552503749239,34.448183010756],[-118.552407821846,34.4483078172116],[-118.55197189264,34.4488030434941],[-118.551321941,34.4495032783647],[-118.551190983939,34.4496443597586],[-118.551112232481,34.4497291977514],[-118.550733503056,34.4501372479337],[-118.549886399881,34.4510547356407],[-118.549657095982,34.4513079775657],[-118.549550416177,34.4514336517044],[-118.54944983204,34.4515626816105],[-118.549366045916,34.451679710759],[-118.549354692369,34.4516956652613],[-118.549266163205,34.4518297007553],[-118.549182276151,34.4519656633921],[-118.549101135424,34.4521060355759],[-118.549025338596,34.4522479747352],[-118.548954245978,34.4523933301203],[-118.548888488595,34.4525415732894],[-118.548827234461,34.4526947707289],[-118.548770697255,34.4528544622046],[-118.548721766102,34.4530101831493],[-118.54867800334,34.4531700485035],[-118.548641140043,34.4533298555983],[-118.54861187646,34.4534899970483],[-118.54858997187,34.4536496102763],[-118.548575378619,34.4538060810468],[-118.548565365714,34.4539585237792],[-118.548559906296,34.4540965799465],[-118.5485588746,34.4542059472485],[-118.548596179422,34.4545062091863],[-118.548613716427,34.4547355509939],[-118.548633826619,34.4549687262128],[-118.548640143262,34.4550417085492],[-118.548690600756,34.4552781002556],[-118.548744244411,34.455550694936],[-118.548838693123,34.4558326685327],[-118.548931500591,34.4560674982443],[-118.548993993718,34.4562203792819],[-118.549210082589,34.4567490105769],[-118.549425794766,34.4572767137006],[-118.5494881813,34.4574293299091],[-118.549560671848,34.4576868634473],[-118.549645140238,34.4580640387045],[-118.549679405103,34.4583757995843],[-118.54970948615,34.458600315239],[-118.549727300814,34.458733304835],[-118.549734267207,34.4588552177178],[-118.549746119043,34.4590626173366],[-118.549741705154,34.4593378392502],[-118.549792549858,34.4606924828113],[-118.549817311171,34.4613521856626],[-118.549842066076,34.4620116829563],[-118.549852512637,34.4622899919556],[-118.549786768362,34.4622913346971],[-118.549539415586,34.4622964912125],[-118.548729317507,34.462285597981],[-118.548124858687,34.4622774670124],[-118.547965616654,34.4622753237729],[-118.547943991288,34.4622749796644],[-118.547349393076,34.4623105842832],[-118.547056231439,34.46231122911],[-118.546811991578,34.4623109387893],[-118.546486032816,34.4623089289419],[-118.546149775392,34.4623208887816],[-118.545713494473,34.4622560620747],[-118.545407555338,34.4622423538411],[-118.545102472997,34.4621975704731],[-118.544902644255,34.462160021913],[-118.544813107896,34.4621532476859],[-118.544556666444,34.4621328943514],[-118.544406520233,34.4621063389305],[-118.544272012467,34.4620825485168],[-118.543973381029,34.4620558569479],[-118.543872922084,34.4620300517953],[-118.543718982953,34.4619904808307],[-118.54345166466,34.4619159771994],[-118.543202127671,34.461840978685],[-118.542939316594,34.461756145599],[-118.542696606725,34.4616722173507],[-118.542690234791,34.4616700145457],[-118.542603074162,34.4616385287046],[-118.542225831704,34.4615007599517],[-118.542094751635,34.4613622449743],[-118.542026794807,34.46129915977],[-118.541306270847,34.4610448838224],[-118.541131289987,34.460985722025],[-118.541092020691,34.4609723524582],[-118.54104731815,34.4609564990312],[-118.540119270392,34.4606388832793],[-118.539681270422,34.460481883151],[-118.539592270464,34.4604508838533],[-118.539385270239,34.4603788834135],[-118.539000270791,34.4602918838595],[-118.538674702413,34.4602542280712],[-118.538601779944,34.4601712102241],[-118.538586241524,34.4601740487032],[-118.538414398065,34.4602101577401],[-118.53806934937,34.4601902956131],[-118.537781929211,34.4602536466705],[-118.536532652306,34.4601609686193],[-118.535526005482,34.4600862774191],[-118.53522539438,34.4600639662797],[-118.535029404161,34.4600494196904],[-118.534878743034,34.4600412632211],[-118.534712993574,34.4600355368737],[-118.534547100749,34.4600332448784],[-118.534397787445,34.4600341197638],[-118.534333103583,34.4600350915614],[-118.534135766575,34.4600435169652],[-118.533936801681,34.4600567607027],[-118.533820767304,34.4600685926574],[-118.533689827838,34.4600849688774],[-118.533313629047,34.4601374575976],[-118.532237936299,34.4602696274714],[-118.530822383067,34.460429706074],[-118.530644657062,34.4604505929822],[-118.5305817657,34.460458602238],[-118.53024888944,34.4604984959152],[-118.529985330389,34.4605278129826],[-118.529574211357,34.4605670611104],[-118.528943302193,34.4606221043956],[-118.528825393195,34.4606323981133],[-118.528551325228,34.4606563450419],[-118.528187437655,34.4606953286507],[-118.52809374864,34.4607053611742],[-118.527959548678,34.4607197313614],[-118.527729089531,34.4607379107083],[-118.527480350573,34.4607489396674],[-118.527196718763,34.46075292005],[-118.52709718817,34.460751291489],[-118.526931261053,34.4607437630303],[-118.526733754332,34.4607253907275],[-118.526619202993,34.4607100875835],[-118.526489682032,34.4606890181517],[-118.526375091734,34.4606675376317],[-118.526213977124,34.460633198219],[-118.526006309101,34.460582578531],[-118.525913242178,34.4605541291789],[-118.525836768897,34.4605276642556],[-118.525649048875,34.4604572157164],[-118.525529707209,34.4604176521667],[-118.525413744515,34.4603791863641],[-118.525240226189,34.4603032764157],[-118.524879734678,34.4601173205708],[-118.524652738588,34.4600002209732],[-118.524465346078,34.4598967504909],[-118.52438536982,34.4598553541557],[-118.524239566231,34.4597798846754],[-118.524118868408,34.459717410397],[-118.524050591555,34.4596796001025],[-118.524046859444,34.4596775336745],[-118.523948019124,34.4596227991712],[-118.523844708561,34.4595695786287],[-118.523734877048,34.4595130044861],[-118.52365221856,34.4594731599682],[-118.523642506621,34.4594684778351],[-118.523624398359,34.4594597624039],[-118.523512110963,34.4594086114706],[-118.523396791881,34.4593603070327],[-118.523279105797,34.4593151437216],[-118.52315872016,34.4592738955794],[-118.522916122851,34.4592017888778],[-118.52279513784,34.4591702461747],[-118.522674836221,34.4591426563413],[-118.522555165114,34.4591197877148],[-118.522431298988,34.459099461327],[-118.522320456002,34.4590831762343],[-118.522204792413,34.4590698246426],[-118.521978512771,34.4590494498267],[-118.521866801469,34.4590422059383],[-118.521645007978,34.459033404942],[-118.521535251412,34.4590311856128],[-118.521426839748,34.4590309924643],[-118.521217102739,34.4590356032983],[-118.520933632422,34.4590523178733],[-118.520661038853,34.4590736271203],[-118.520505435374,34.4590933377489],[-118.520375352069,34.4591129414506],[-118.520279290746,34.4591314345115],[-118.520234576385,34.4591400627684],[-118.520207056592,34.4591453735802],[-118.520152343615,34.4591554880245],[-118.51989083611,34.4592038292114],[-118.519676704387,34.4592533787643],[-118.519378468428,34.4593286571031],[-118.519075223883,34.4594145392416],[-118.518901613572,34.4594820547615],[-118.518746084861,34.4595459208605],[-118.518640183132,34.4595869019864],[-118.518504467498,34.4596355670691],[-118.518319041297,34.4596916773411],[-118.518208081738,34.4597199599435],[-118.518095446493,34.4597455314723],[-118.517899941213,34.4597824183448],[-118.517702724917,34.4598100507396],[-118.517522022943,34.4598262927238],[-118.517372765558,34.4598317352332],[-118.517273250041,34.4598324921294],[-118.516908296769,34.4598278617839],[-118.516778910724,34.4598277258705],[-118.516591471396,34.4598271499925],[-118.516313577886,34.4598228134543],[-118.515887349737,34.4598161598442],[-118.515427977349,34.4598089873968],[-118.515363877817,34.4598079983862],[-118.514983973253,34.4597986160642],[-118.514768285996,34.459790928742],[-118.514073074938,34.4597595291238],[-118.513840796823,34.4597508989133],[-118.513509004406,34.4597437288657],[-118.513193844331,34.4597440153843],[-118.512928474044,34.4597482458163],[-118.511750969571,34.4597813828382],[-118.511389621127,34.4597748779611],[-118.509438842114,34.4597397796088],[-118.509412871781,34.4598609673308],[-118.509243265836,34.4598978856794],[-118.508841265214,34.4600568851002],[-118.508651787334,34.4601513379858],[-118.508497092427,34.4602503769811],[-118.508270006962,34.4604112090059],[-118.508816918735,34.457848871951],[-118.508858836303,34.4576551981457],[-118.509015002428,34.4569262155017],[-118.509052609966,34.4567506606917],[-118.50907405169,34.456650568078],[-118.509125974302,34.4564071983927],[-118.509153816698,34.4562766972082],[-118.509189768837,34.4561081794535],[-118.509189849295,34.4561078103884],[-118.509213643891,34.4559992018965],[-118.509643504661,34.4539936320774],[-118.509826088696,34.4531417328745],[-118.509916733341,34.452718795637],[-118.509808110169,34.4522880905384],[-118.509802265538,34.4522649204173],[-118.509748686203,34.4520529306279],[-118.509701851631,34.4518633814229],[-118.509654428282,34.4516762859433],[-118.509606501377,34.4514870757554],[-118.509558843205,34.4512988840539],[-118.509511216017,34.4511107408847],[-118.509462689298,34.4509157056348],[-118.509400009079,34.4506684723373],[-118.509336440995,34.4504171155067],[-118.509265381048,34.4501341849887],[-118.509180120864,34.4497963077887],[-118.509141667361,34.4496425068851],[-118.509116586922,34.4495449777352],[-118.509085458428,34.4494117569597],[-118.50902288315,34.449143936468],[-118.50896353525,34.4489035766689],[-118.508836487364,34.4483926473184],[-118.508821811058,34.4483345914365],[-118.508813963242,34.4483035448423],[-118.508793828866,34.4482238614912],[-118.508684371276,34.4477911114084],[-118.508641266097,34.4476210742622],[-118.508563214414,34.4473131766555],[-118.508235991119,34.4460191217426],[-118.508149950234,34.4456789048365],[-118.508131623452,34.4455945627777],[-118.508112819768,34.4455080319835],[-118.507995159715,34.445082410653],[-118.507983441264,34.4450400515201],[-118.507983390085,34.4450398678213],[-118.507958187925,34.4449413796877],[-118.507813020601,34.4443740817374],[-118.507775075477,34.4442084212483],[-118.507771805117,34.4442115857991],[-118.507718097925,34.4439630049742],[-118.507700251549,34.4438937840799],[-118.507685088704,34.4438349141953],[-118.507636369989,34.4436519703374],[-118.50759114782,34.4434640191303],[-118.507538502812,34.4432709944656],[-118.50749402786,34.443083626091],[-118.507440760706,34.4428827164541],[-118.507387779286,34.4426815107953],[-118.507340468373,34.4424882951439],[-118.507285087565,34.4422729057042],[-118.507234120125,34.4420697478429],[-118.507181226244,34.441868990685],[-118.507128081314,34.4416600242729],[-118.507078857165,34.4414631815186],[-118.507029162494,34.4412664083241],[-118.507006066043,34.4411741768441],[-118.506970049853,34.4410310076264],[-118.506680082286,34.4398789933898],[-118.506679825989,34.4398780036732],[-118.506680183993,34.4398780039811],[-118.506621797918,34.4396466984432],[-118.506538192717,34.4393154737561],[-118.506514916817,34.4392232582499],[-118.506483753405,34.4390997951044],[-118.506440720873,34.4389293096448],[-118.506404933773,34.4387875267513],[-118.506371310997,34.4386543174271],[-118.506343030287,34.4385422763803],[-118.506285688558,34.4383150944376],[-118.506269554719,34.4382511762108],[-118.506207869507,34.4380066172332],[-118.506192649777,34.4379462733741],[-118.506030901802,34.4379448367379],[-118.506020980808,34.4379447482969],[-118.505661289454,34.4379415230623],[-118.505561515277,34.4379401817838],[-118.505521974595,34.4379397713693],[-118.505482203841,34.4379399992858],[-118.505382700504,34.437939177819],[-118.505251457088,34.437938094488],[-118.504976913472,34.4376243403429],[-118.502514722891,34.4348100715343],[-118.502518289362,34.4342695737974],[-118.502508332838,34.4342694743997],[-118.502501899187,34.4342695010487],[-118.502306689794,34.434269617089],[-118.502042042707,34.4342697740704],[-118.5013860759,34.4342701600267],[-118.500644522316,34.4342662707896],[-118.500649081011,34.4340220369301],[-118.500658017877,34.4335431911263],[-118.501055670185,34.433068061303],[-118.501361807983,34.4327042675414],[-118.502534212616,34.4313110269237],[-118.502534464042,34.4312717306594],[-118.502536794735,34.4309024448947],[-118.502215842578,34.4309018537613],[-118.50208183307,34.4307819137619],[-118.501701771129,34.4309504577333],[-118.501656910632,34.430880780573],[-118.501601867868,34.430839380685],[-118.501593423469,34.430833030026],[-118.501519077086,34.4307423364293],[-118.501325375717,34.4307333067279],[-118.501182308367,34.4307331694396],[-118.501079480626,34.4307181698499],[-118.50093618521,34.4307005506401],[-118.500722753312,34.4306864004928],[-118.500600557005,34.4306857742847],[-118.500397666877,34.4306918619037],[-118.50015012853,34.4306784320201],[-118.499937956591,34.4306515636503],[-118.499767786742,34.4306041372648],[-118.499619448491,34.4305922728441],[-118.499528252592,34.4305938366255],[-118.499419711801,34.4305938507858],[-118.499415284068,34.4303838221098],[-118.499743623893,34.4303921839835],[-118.500910706415,34.4304146563794],[-118.501065061204,34.4304140189235],[-118.501178213666,34.4304067295824],[-118.501573206536,34.4303795178104],[-118.501823477365,34.4303470795905],[-118.501885795532,34.4303390018647],[-118.501998915901,34.4303265965782],[-118.502011929247,34.430324699988],[-118.50197212863,34.4301328854233],[-118.501963272451,34.4300923232244],[-118.501973942698,34.4300890723104],[-118.501983065962,34.4300847693943],[-118.501994828811,34.4300763211131],[-118.502002502547,34.4300678203341],[-118.502008793886,34.4300565115832],[-118.502012007876,34.4300426065234],[-118.502007779354,34.4299376510389],[-118.50200443599,34.4298546352634],[-118.502003870673,34.4298406304466],[-118.501996772718,34.4296644934815],[-118.502012974065,34.4294772451362],[-118.502019600848,34.4294006548126],[-118.502026335239,34.4293731472403],[-118.502028924081,34.4293737639953],[-118.502034674348,34.4293571753851],[-118.502049838314,34.4293384535484],[-118.50206888325,34.4293229855166],[-118.502075794639,34.4293187070735],[-118.502078886121,34.4293169741486],[-118.5020878191,34.4293125250613],[-118.502119754332,34.4293022109376],[-118.502162685675,34.4292934479063],[-118.502162641502,34.4292861213103],[-118.502162613276,34.4292814397534],[-118.502215684035,34.429267662762],[-118.502228475382,34.4292643435422],[-118.502269385935,34.4292537235624],[-118.502313816137,34.4292421910652],[-118.502321762512,34.4292401279027],[-118.502543658016,34.4291825266186],[-118.502539966021,34.4302321275469],[-118.50261025277,34.4302197278331],[-118.503285702291,34.4300451849246],[-118.503843827357,34.4298229358126],[-118.504514620529,34.4295200807987],[-118.504990757108,34.4292528155821],[-118.503723947571,34.4280220537855],[-118.503130373695,34.4274459728819],[-118.502544352745,34.4268772089175],[-118.502544165461,34.4267841378576],[-118.502543586298,34.4264923176713],[-118.502543612433,34.4264656339102],[-118.502543941349,34.4261205553412],[-118.502544227604,34.4258214210039],[-118.502544727969,34.4252964880355],[-118.502544527439,34.4252096962173],[-118.502544502178,34.4251979357882],[-118.502544356298,34.425128316196],[-118.502544262374,34.4250896677475],[-118.502543317448,34.4246944861649],[-118.502543311163,34.4244043882035],[-118.502543307807,34.424241181389],[-118.502543305738,34.4241263338499],[-118.50254334114,34.423472583195],[-118.502543366251,34.4233175207277],[-118.502543472228,34.4209366216102],[-118.502543483742,34.4206768827299],[-118.502543496744,34.4206734478238],[-118.502543524802,34.420375878616],[-118.502543586261,34.4202336935079],[-118.502793547357,34.4202022731564],[-118.503004545505,34.4201757496413],[-118.503865409136,34.4200675326311],[-118.504092244793,34.4200391356532],[-118.504216690345,34.420023557341],[-118.505076221909,34.419866789538],[-118.505481947706,34.4197895344397],[-118.505644197151,34.4197510729891],[-118.505853999105,34.4196919995296],[-118.506564314239,34.419471402452],[-118.506758308515,34.4194090370192],[-118.506946516806,34.4193434003421],[-118.507129878172,34.4192761374314],[-118.50725757948,34.4192263119472],[-118.507312076716,34.4192048348135],[-118.507490959255,34.4191265958511],[-118.507628150317,34.4190627681759],[-118.507762127958,34.418995791207],[-118.507893976858,34.4189265691619],[-118.508027667928,34.4188556633003],[-118.508158399852,34.4187828133536],[-118.509912426777,34.4178999448461],[-118.509982796333,34.4178642086896],[-118.510077469748,34.4178165583559],[-118.510988000226,34.4173582666378],[-118.512404136624,34.4166448483807],[-118.512820038663,34.4164348852432],[-118.513164701925,34.4162616018062],[-118.513559709306,34.4160627665354],[-118.513670451323,34.416008383881],[-118.513781195357,34.4159536459105],[-118.514052084716,34.415824023714],[-118.514202706907,34.4157519492716],[-118.514391156428,34.41566423393],[-118.514556502485,34.4155931351698],[-118.514733488876,34.4155274446871],[-118.514948585769,34.4154585215119],[-118.515590604502,34.4152589903153],[-118.515757741497,34.4152095047562],[-118.515938148065,34.4151616673263],[-118.516136806509,34.4151158381144],[-118.516348742149,34.4150716622684],[-118.516577286398,34.4150329029697],[-118.516810820845,34.4149975622411],[-118.517251464668,34.4149414104108],[-118.518104706596,34.4148532738528],[-118.518598457184,34.4148061499398],[-118.519090523795,34.4147563166932],[-118.519150486743,34.4147480886549],[-118.519256165811,34.4147336245765],[-118.519570935892,34.4146979253005],[-118.519748213373,34.4146789492881],[-118.51977190694,34.4146768039677],[-118.520034856158,34.4146529896391],[-118.5202602247,34.4146372694749],[-118.520611574883,34.4146196026974],[-118.521027542765,34.4145948137632],[-118.521122008198,34.4145902860911],[-118.521238065804,34.41459149309],[-118.521508346005,34.414599260067],[-118.521849986839,34.4146197763899],[-118.52203704255,34.4146381939953],[-118.52206066943,34.4146405201392],[-118.522171833475,34.4146544707037],[-118.522716074203,34.4147293971444],[-118.522984906309,34.4147715174478],[-118.523283701177,34.4148317261537],[-118.523453058093,34.4148725436068],[-118.523732066775,34.4149503381462],[-118.523931385802,34.4150102886975],[-118.524152300761,34.4150769900671],[-118.524248653489,34.4151088585871],[-118.524581002414,34.4152317661364],[-118.524831967982,34.415331666132],[-118.525071360796,34.4154371060731],[-118.525388980405,34.4155906553277],[-118.52562347597,34.415706757144],[-118.525686689886,34.4157408344574],[-118.525766561184,34.4157872032152],[-118.526036185646,34.4159540085776],[-118.52626258283,34.4161007235324],[-118.526337510637,34.4161512388004],[-118.526710831481,34.4164139660751],[-118.526748839224,34.4164410608023],[-118.526800444929,34.4164751825416],[-118.526855419595,34.4165168490158],[-118.526928775019,34.4165811083768],[-118.526997285525,34.4166448919975],[-118.527012161314,34.4166587308714],[-118.527405807647,34.4170355419985],[-118.527534211133,34.4171538296592],[-118.527730945818,34.4173277954507],[-118.527932714832,34.4175110257488],[-118.52822304941,34.4178034564163],[-118.528333148947,34.4179111613668],[-118.528766806532,34.4183204357715],[-118.528948667221,34.418501692966],[-118.529037132309,34.418595423135],[-118.529259027691,34.4188142832635],[-118.529719298241,34.4192361363057],[-118.530083049255,34.4196007038591],[-118.530176429281,34.4196847959246],[-118.53025144027,34.4197476675995],[-118.530471410501,34.4199235846984],[-118.530629789928,34.4200613356168],[-118.530701463878,34.42012078315],[-118.530786442845,34.4201870502474],[-118.530883046957,34.4202570312253],[-118.531036256708,34.4203628384328],[-118.531101191207,34.4204058333308],[-118.531231015585,34.4204846244428],[-118.531334181951,34.4205435820748],[-118.531806703167,34.4208029210509],[-118.531974694847,34.4208870082429],[-118.532190838066,34.4209815500348],[-118.532418584116,34.4210764002275],[-118.532608055482,34.421149074361],[-118.53280578924,34.4212172294627],[-118.533089883165,34.4213077099462],[-118.533310884891,34.4213843626307],[-118.533412218764,34.4214144737575],[-118.5336629715,34.4214765748759],[-118.533998340885,34.4215472318166],[-118.534197499177,34.4215789977446],[-118.534595750819,34.4216311524068],[-118.535468533198,34.4217372216856],[-118.535898252113,34.4217837716468],[-118.536143827228,34.4218135974499],[-118.536744584681,34.4219012638084],[-118.537074758754,34.4219375884726],[-118.53735520921,34.4219758580709],[-118.537516196081,34.4220019375775],[-118.537650657941,34.4220267586994],[-118.537768521666,34.4220499259149],[-118.538233404142,34.4221488461119],[-118.538535533605,34.4222072752395],[-118.538869152302,34.4222631701462],[-118.539121463973,34.4223087630563],[-118.539445215605,34.4223760208445],[-118.539466955738,34.4223809096615],[-118.539720839538,34.4224379925465],[-118.540041329663,34.4225138377842],[-118.540277017542,34.42255263259],[-118.540452922388,34.4225772678164],[-118.540564074572,34.4225874350059],[-118.540899335018,34.4226402094234],[-118.54102051523,34.4226626717252],[-118.541153789419,34.4224840929406],[-118.54123248462,34.4223680592143],[-118.541311272553,34.4222450678546],[-118.541386727874,34.4221200565456],[-118.541441063271,34.4220205024246],[-118.54153076798,34.4218332735999],[-118.541691135179,34.4214626115097],[-118.541821118033,34.4211608884835],[-118.541879807146,34.4209925958881],[-118.541991385754,34.420568674796],[-118.542040236522,34.4203501058366],[-118.542059258458,34.4202419444704],[-118.542068456852,34.4201690897549],[-118.542073354491,34.420130294526],[-118.542091515851,34.4198436054496],[-118.542101197323,34.4196905315306],[-118.542103516501,34.4196540584647],[-118.542103136194,34.4195548332955],[-118.542093727919,34.4194036829269],[-118.54209113208,34.41936220395],[-118.542088434306,34.4193189358756],[-118.542075830317,34.4191961044711],[-118.54206094545,34.4190761726868],[-118.542059943187,34.4190680984844],[-118.542021898167,34.4188317581352],[-118.542000909101,34.4187203136514],[-118.541913903068,34.4182715354588],[-118.541715436795,34.417342068156],[-118.541690937093,34.4172254662657],[-118.541681327801,34.4171800933012],[-118.541637935148,34.4169521952567],[-118.541614105673,34.4168270428738],[-118.54158513898,34.4166449308102],[-118.541543820254,34.4163899160196],[-118.541510635755,34.4161868034062],[-118.541466569401,34.4159406287122],[-118.541445266149,34.4158216243211],[-118.541407594147,34.4156373269735],[-118.541336018554,34.4153384854551],[-118.541328723293,34.4153016189616],[-118.541326013744,34.4152879294785],[-118.541246884597,34.4148880889418],[-118.54117225403,34.4145109713779],[-118.541135843934,34.4143269973671],[-118.541040918012,34.4138473914453],[-118.540987064764,34.4135752057569],[-118.540600446928,34.4114275506751],[-118.540587559218,34.4113570302924],[-118.540181771516,34.4091687294214],[-118.54015108586,34.4091732385542],[-118.54010316643,34.4089424408656],[-118.540134888108,34.4089380190873],[-118.53992426575,34.4077988768535],[-118.539832903352,34.407304978133],[-118.539306266336,34.4044578779219],[-118.539249374757,34.4040799598],[-118.539208264655,34.40380687812],[-118.539022265206,34.4027098770161],[-118.53899212565,34.4025319588882],[-118.538898264353,34.4019778774311],[-118.538851012286,34.4017231286442],[-118.5386335443,34.4005506852743],[-118.538622266091,34.4004898778944],[-118.538529265227,34.4000188772009],[-118.538405266141,34.3994068763542],[-118.538374264994,34.3992458765472],[-118.538364728513,34.3991970320404],[-118.538333265365,34.3990358765035],[-118.538294265516,34.3987008773177],[-118.538282264943,34.3983978764928],[-118.538306265481,34.3982108773354],[-118.538321265144,34.3980698767788],[-118.538360265933,34.3979138762426],[-118.538413264811,34.3977288768451],[-118.538526264553,34.3974168771348],[-118.53859451681,34.3972521468238],[-118.5386882655,34.3970258777534],[-118.53871226537,34.3969728769412],[-118.538791265497,34.3967978762127],[-118.538834741613,34.3966908587731],[-118.538908264593,34.3965098771501],[-118.538974264844,34.3962428761151],[-118.539024266285,34.3960158762231],[-118.539038264496,34.3958038765925],[-118.539032265829,34.3955258776286],[-118.539011265927,34.3953508758631],[-118.539003324248,34.3953115003842],[-118.538996205068,34.3952762043191],[-118.539007346772,34.3952742822968],[-118.539023574819,34.3952714839061],[-118.539039800683,34.3952686846214],[-118.539056027727,34.3952658997539],[-118.539072255764,34.3952631004552],[-118.539088481631,34.3952603020655],[-118.539104709666,34.3952575027624],[-118.539120935618,34.395254717891],[-118.539137163651,34.3952519185836],[-118.539153390601,34.3952491201804],[-118.539169617544,34.3952463208735],[-118.539185828179,34.3952435225384],[-118.539202055026,34.3952407088029],[-118.539218281972,34.395237910391],[-118.539234508818,34.3952350966512],[-118.539250735761,34.3952322982349],[-118.539266962604,34.3952294844907],[-118.539283173057,34.3952266590972],[-118.539299399992,34.395223859773],[-118.539315626838,34.3952210469238],[-118.539331852682,34.3952182476],[-118.539348063213,34.395215434819],[-118.539367193974,34.3952121339354],[-118.539336258921,34.3950299713119],[-118.539336138589,34.394996091106],[-118.539335745929,34.3948586423969],[-118.53933563133,34.3948187588162],[-118.539333955527,34.3942412889871],[-118.539333485207,34.3940792394173],[-118.539293917774,34.394019593771],[-118.539293021597,34.3940182445465],[-118.539233599008,34.3939285595501],[-118.538926054483,34.3934643963492],[-118.539253998157,34.3932882849653],[-118.539389292941,34.3932159982124],[-118.53951844892,34.3931469976859],[-118.539672991783,34.3933460802287],[-118.540309365064,34.3930494950142],[-118.540127263763,34.3928223512148],[-118.540188392993,34.3927900949924],[-118.540196882683,34.392785620696],[-118.540331399762,34.3929589291654],[-118.540509525216,34.392863906396],[-118.540670435371,34.3927780656729],[-118.540869381728,34.3926719336203],[-118.540737301951,34.3925017639497],[-118.541240476429,34.3922357051383],[-118.541443974587,34.3921286187196],[-118.541446099503,34.3921267592723],[-118.541447935459,34.3921257864269],[-118.541511061662,34.3920923891827],[-118.541511106097,34.3920923655442],[-118.541540800122,34.3920766498214],[-118.542383346524,34.3916306689363],[-118.542257031497,34.3914797419171],[-118.542231080899,34.3914484690703],[-118.542231536092,34.391448061342],[-118.542032035506,34.3912067998379],[-118.542068145758,34.3911831028215],[-118.541933852416,34.3910282596877],[-118.541918176942,34.391010031202],[-118.541767976568,34.3908353710188],[-118.541691105265,34.3907459815403],[-118.541666655956,34.3907175651557],[-118.541230859178,34.3902109077363],[-118.53913333658,34.3877673060988],[-118.539116618509,34.3877454027067],[-118.538815646652,34.387381212311],[-118.53872660633,34.3872734728193],[-118.537890570353,34.3862618411607],[-118.537609960209,34.3859219927822],[-118.535893151589,34.3838800054016],[-118.535769570186,34.3837336799725],[-118.535659349758,34.3836031669912],[-118.535481448381,34.3833996504804],[-118.535475701546,34.3833930756915],[-118.535413929066,34.3833212055084],[-118.535155091771,34.3830142444633],[-118.534857706339,34.3826401340771],[-118.534737394653,34.3824874589614],[-118.534663911114,34.382398818225],[-118.534585425547,34.38230608848],[-118.534394986707,34.3820671762317],[-118.533908731375,34.3814421049149],[-118.53366472073,34.3811203081963],[-118.533447398518,34.3808255217881],[-118.533370481584,34.3807190241619],[-118.533041087713,34.3802591785217],[-118.533080829962,34.3802555707179],[-118.533412009678,34.3802159726254],[-118.53378463028,34.3801782827481],[-118.534173865624,34.3801477173132],[-118.534538307713,34.3801265124458],[-118.534762498199,34.3801177110273],[-118.534882909741,34.380112984078],[-118.535578742832,34.3800858707762],[-118.536259574164,34.3800450803715],[-118.536726668666,34.380009681665],[-118.536945305173,34.3799929095476],[-118.537679650722,34.3799456372875],[-118.537781819012,34.3799390536599],[-118.538096567247,34.3799211697245],[-118.538128599456,34.3799193822378],[-118.538270504675,34.3799114660378],[-118.538517364891,34.3798991392815],[-118.538547164468,34.3798976509955],[-118.538945847745,34.3798777637928],[-118.539294562695,34.3798603667385],[-118.539335716192,34.3798583156777],[-118.539978457153,34.3798228062829],[-118.540318758967,34.3798031033546],[-118.540649308401,34.3797839640512],[-118.540717275018,34.3797800286319],[-118.540780217107,34.3797759587188],[-118.541691086962,34.3797192090131],[-118.542484614561,34.3796679910419],[-118.543654241364,34.3796006455608],[-118.545451608766,34.3795025787968],[-118.545966785037,34.3794727809222],[-118.546998465383,34.3794128696918],[-118.547108123462,34.3794064923285],[-118.547745355248,34.379370894464],[-118.54821476453,34.3793446691645],[-118.548512869006,34.379328015346],[-118.548619037963,34.3793226972863],[-118.549455476614,34.3792807975911],[-118.550422825385,34.3792169998522],[-118.551125177572,34.3791746479316],[-118.551792741696,34.3791345211179],[-118.552049238855,34.3791219435193],[-118.55227149952,34.3791110449465],[-118.55239451918,34.3791049598416],[-118.552417245397,34.3791038654967],[-118.552729074878,34.3790884910736],[-118.553008689744,34.3790747043617],[-118.553118024596,34.3790693985704],[-118.553981072793,34.3790204503398],[-118.554169903506,34.3790089518574],[-118.555331045217,34.378931834549],[-118.556507094167,34.3788543095202],[-118.556666115422,34.3788439636209],[-118.557718001559,34.3787852134165],[-118.55835077199,34.3787465745511],[-118.559145842521,34.3786934516718],[-118.55954246841,34.3786690796103],[-118.559593083545,34.3786659700758],[-118.560109924043,34.3786388522682],[-118.560353381597,34.3786174479709],[-118.560479222808,34.3786027995142],[-118.560765629259,34.3785616269748],[-118.560936133118,34.378533686483],[-118.561065235229,34.3785117919704],[-118.561146324558,34.3784956234705],[-118.561176117029,34.3784896562047],[-118.561467319497,34.3784230453632],[-118.561606320458,34.3783935513176],[-118.561753622485,34.3783657171515],[-118.561902601885,34.3783420293326],[-118.562046631575,34.3783210824236],[-118.562177447546,34.3783064001217],[-118.56252528113,34.3782828070974],[-118.562747286791,34.3782752388089],[-118.562931227776,34.3782757596937],[-118.563015761619,34.3782787993097],[-118.563242916193,34.3782976691369],[-118.563543093462,34.378332352935],[-118.56368573651,34.3783519402044],[-118.563919639497,34.3783886387201],[-118.564483720339,34.3784856221561],[-118.564593217664,34.3785043502563],[-118.564847319717,34.3785430634238],[-118.565025943042,34.3785652311768],[-118.565165494416,34.3785872247092],[-118.565224238632,34.3785948943219],[-118.565279936431,34.378602133651],[-118.565337986489,34.3786094169795],[-118.565491963559,34.3786400021692]]]},"properties":{"OBJECTID":10401,"Date":null,"Code":"1061003","DivisionName":"SANTA CLARITA COMMUNITY COLLEGE TA3","division_type":"COMMUNITY COLLEGE","group_type":"10","District":"SANTA CLARITA COMMUNITY COLLEGE","Shape__Area":323843468.24121094,"Shape__Length":110760.83699379828,"GlobalID":"5dafbf3a-c63b-47b3-8f30-6eac251725e2","CreationDate":1788987057416,"Creator":"RRCCgis_lacounty","EditDate":1788987057416,"Editor":"RRCCgis_lacounty"}},{"type":"Feature","id":10402,"geometry":{"type":"Polygon","coordinates":[[[-118.325808858319,34.3788159101801],[-118.326024990359,34.3661097655012],[-118.326025419539,34.3615879334129],[-118.32602567915,34.3588558647371],[-118.326026392497,34.3516563573228],[-118.326026398605,34.3516014945277],[-118.326631258855,34.3516023613443],[-118.327535736108,34.3516036535948],[-118.333726074369,34.3516123181064],[-118.334190196714,34.351612954967],[-118.33444803389,34.3516133084347],[-118.334779351118,34.3516137676286],[-118.34248448805,34.3516251114502],[-118.343528809891,34.3516266112104],[-118.343532344815,34.3516266165168],[-118.348318748365,34.3516326551692],[-118.348761773338,34.3516332040019],[-118.350000777373,34.3516347322044],[-118.352076674118,34.3516372642016],[-118.352305214618,34.35163753947],[-118.352543764941,34.3516379997555],[-118.355878944785,34.3516418942616],[-118.356174448793,34.3516422351428],[-118.35879212353,34.3516452205888],[-118.360093021528,34.3516466841457],[-118.360222296188,34.3516468282796],[-118.360484464131,34.3516471206966],[-118.360488605646,34.3516471363256],[-118.36055155751,34.3516473150863],[-118.360620600964,34.3516475108486],[-118.360799812444,34.3516474742147],[-118.360799800552,34.3516447263749],[-118.360984053337,34.3516426424032],[-118.361099173416,34.3516413402296],[-118.361608559504,34.3516355770397],[-118.362660995101,34.3516236631311],[-118.364145811862,34.351606838288],[-118.36539247849,34.3515926986607],[-118.366369782673,34.3515816046968],[-118.366735758124,34.3515778869738],[-118.367982456556,34.3515652135464],[-118.369131945924,34.3515535166864],[-118.36956269865,34.3515491306264],[-118.37006065309,34.3515583421507],[-118.370801189102,34.3515720367839],[-118.371633503457,34.3515874234656],[-118.373831565348,34.3516280300327],[-118.374999087797,34.3516495822767],[-118.376071186474,34.3516693612102],[-118.377783399201,34.351700744794],[-118.37820653542,34.3517084963248],[-118.379987900256,34.3517143665461],[-118.380067536933,34.3517146280036],[-118.380303622353,34.3517145653695],[-118.380325699213,34.351714560101],[-118.380333094158,34.3517145846759],[-118.380371550476,34.3517147119095],[-118.38040286295,34.3517148155755],[-118.380440386107,34.3517143525064],[-118.384264457265,34.3517287518642],[-118.384264656581,34.3517281300749],[-118.38432112457,34.3515523834617],[-118.384402396947,34.3512994354649],[-118.384385775192,34.3512915294359],[-118.383727155025,34.3509782317733],[-118.383726027773,34.3506100503897],[-118.383725257851,34.3503558696339],[-118.383724450414,34.3500883417732],[-118.383724445679,34.3500866045308],[-118.383717967088,34.3479599037167],[-118.384245701593,34.3479603745821],[-118.384768132846,34.3479608338424],[-118.384773886386,34.3498678735428],[-118.384773904037,34.3498733467041],[-118.384776131525,34.3506096248399],[-118.38477950417,34.3517237757705],[-118.38477950235,34.3517306824333],[-118.384781737252,34.3517306906639],[-118.397587605506,34.3517728203005],[-118.397593609299,34.3519406348873],[-118.39760885334,34.3523704701661],[-118.397816952913,34.3523663821796],[-118.403934516958,34.352245919264],[-118.405500388059,34.3522150352834],[-118.413391904176,34.3520590874164],[-118.422326423126,34.3521327323103],[-118.43126011789,34.3522043160446],[-118.43263085229,34.3521716498822],[-118.440171129016,34.351990917715],[-118.440256425217,34.3519880808906],[-118.449005731694,34.3517786914612],[-118.449082057493,34.3517768643321],[-118.457752189446,34.3517341248309],[-118.466517565681,34.3516906716247],[-118.475853579685,34.3516445949815],[-118.485067861838,34.3515979221708],[-118.485388433469,34.3516005973554],[-118.4886568076,34.3516278342888],[-118.490585708038,34.3516446004583],[-118.49224563138,34.3516590055628],[-118.493113606236,34.351645528609],[-118.493811169483,34.3516353228113],[-118.494146437686,34.3516304402901],[-118.494822061485,34.3516196329549],[-118.495173426809,34.3516139921914],[-118.496189553748,34.3515990989536],[-118.497334295905,34.3515823099581],[-118.49889051797,34.3515582419],[-118.50002690108,34.3515416079254],[-118.500572727276,34.3515326229283],[-118.501533085211,34.3515381601776],[-118.501669331143,34.3515389422813],[-118.501726221143,34.3515392567186],[-118.501841556926,34.3515399331635],[-118.504463396274,34.3515546863149],[-118.504662708664,34.3515602754908],[-118.505026767565,34.3526158761582],[-118.505430812811,34.3537949298566],[-118.506010501713,34.3554789368502],[-118.506244832832,34.3561768595307],[-118.506389646491,34.3568155225756],[-118.50644498162,34.3574020816553],[-118.506490523344,34.3582701502899],[-118.50649715904,34.3584156273876],[-118.506457147048,34.358931026055],[-118.506326426997,34.3596662527139],[-118.506272937437,34.3598573022401],[-118.50612371234,34.3603874679109],[-118.50581150714,34.3610781312533],[-118.505711908512,34.3612550609848],[-118.505193786949,34.362142177734],[-118.504940438387,34.3625797486726],[-118.504680087442,34.3630486334224],[-118.504126649808,34.3640453402047],[-118.503525271474,34.3651190023327],[-118.503412342882,34.3650903291426],[-118.503281045468,34.3653227438296],[-118.50323514894,34.365405369287],[-118.502324817388,34.3670633019643],[-118.501989592632,34.3676737882203],[-118.501243617181,34.3689900129879],[-118.500309815647,34.3706348636036],[-118.500464274101,34.3706369730128],[-118.500189894402,34.3711256664672],[-118.500049755578,34.3713582888899],[-118.499967123264,34.3714902994036],[-118.499806919121,34.3717349307414],[-118.499757872046,34.3718071703756],[-118.49973236324,34.3718433514943],[-118.499719078937,34.3718621925128],[-118.499667164544,34.3719358746703],[-118.499548484793,34.3721014282491],[-118.499422909153,34.3722684408597],[-118.499332133813,34.3723861734548],[-118.499207870624,34.3725417308941],[-118.499123904427,34.3726436917255],[-118.499023917317,34.3727604117193],[-118.498917637649,34.3728834547716],[-118.498757596386,34.373060150399],[-118.498602099663,34.3732270950138],[-118.498480532757,34.373353062934],[-118.498439925931,34.3733937801896],[-118.498269466637,34.3735605001017],[-118.498090406762,34.3737324064971],[-118.49786322016,34.3739384775366],[-118.497165364966,34.3745457822691],[-118.49679386818,34.3748669392558],[-118.496092239292,34.3754809326787],[-118.495652613742,34.3758605663834],[-118.494536401723,34.3768320396556],[-118.493588423749,34.3776581821495],[-118.493538778048,34.3777013389383],[-118.491337206976,34.3795685544423],[-118.487266455674,34.383012264709],[-118.487167754567,34.3830961139511],[-118.487167173503,34.3830966058207],[-118.486579759353,34.3834773534403],[-118.486283443798,34.3836694157473],[-118.485974715218,34.3838695219103],[-118.485498428318,34.3841780356575],[-118.483323256179,34.3855868791494],[-118.481382329306,34.3868432699924],[-118.481375655347,34.386847560759],[-118.480032193123,34.3878436643664],[-118.47824556261,34.3891682618586],[-118.478236680702,34.3891748267209],[-118.47746428643,34.389747470577],[-118.477042048188,34.3900604646604],[-118.476787341786,34.3902342432587],[-118.476016636329,34.3907600669751],[-118.475923586192,34.3908235506084],[-118.474925637949,34.3915043902199],[-118.474922477965,34.3915065500565],[-118.474848823534,34.3915462419718],[-118.473006915999,34.3925370343851],[-118.472903397662,34.392471417759],[-118.472660207895,34.3923162658784],[-118.472670246392,34.3923226979742],[-118.472594254147,34.392364880455],[-118.472582525772,34.3923569394568],[-118.472302642909,34.3925103571238],[-118.469863751312,34.3938288456194],[-118.468872355572,34.3943736858988],[-118.467821514938,34.3949596103779],[-118.467790123802,34.3949769066427],[-118.46744927647,34.3951650788159],[-118.466540949704,34.3956666277455],[-118.465465225228,34.3962546873818],[-118.464943077448,34.3965434879914],[-118.464381296754,34.3968592597057],[-118.463890573553,34.3971390011794],[-118.463736935251,34.3972299416309],[-118.463408242569,34.3974366004546],[-118.463223273833,34.3975578569099],[-118.463035047786,34.3976884167435],[-118.462257411949,34.398237882721],[-118.461950292264,34.3984502810357],[-118.461633189829,34.3986565626864],[-118.461097974077,34.3989855967039],[-118.460760899606,34.3991778591904],[-118.4600734908,34.399563109591],[-118.459865285584,34.3996793129818],[-118.45928362445,34.4000054083517],[-118.458818543124,34.4002633293376],[-118.458792700473,34.400277657846],[-118.458759780498,34.4002959212783],[-118.458633517307,34.4003660902544],[-118.458355880683,34.4005203847269],[-118.458031023853,34.4007009085833],[-118.456951879894,34.4012926706803],[-118.456328833673,34.4016316292591],[-118.455986732101,34.4018177154546],[-118.455902093117,34.4018634304768],[-118.455891307198,34.4018692570773],[-118.455076084959,34.4023095707303],[-118.45479184928,34.4024690006556],[-118.454539009502,34.4026107773814],[-118.452792040768,34.4035515940312],[-118.452374476866,34.4037799785353],[-118.451906181612,34.4040361069574],[-118.45148145781,34.4042736746353],[-118.451012117035,34.4045368002801],[-118.450392526793,34.4048932068375],[-118.450087805956,34.4050684893989],[-118.449929722145,34.4051594539455],[-118.449909525315,34.40517245598],[-118.449607529028,34.405353330254],[-118.449442332277,34.4054587198405],[-118.449262289763,34.4055785589997],[-118.449029441795,34.405741547032],[-118.448735561118,34.4059607619811],[-118.448563900605,34.406098790893],[-118.448382442482,34.4062632887752],[-118.448278554679,34.4063646627232],[-118.448065875892,34.4065801346901],[-118.448011496127,34.4066401055227],[-118.44795378579,34.4066976662093],[-118.447784222469,34.4068993715503],[-118.447782543974,34.4069013683359],[-118.447616108937,34.4070973560744],[-118.447532159003,34.407207584578],[-118.447362678232,34.4074424663791],[-118.447273868243,34.4075746866259],[-118.44718347109,34.4077192898236],[-118.447025740917,34.4079812739122],[-118.446958394041,34.4080972656207],[-118.446892774627,34.4082252819006],[-118.446748542011,34.4085322024395],[-118.446614506127,34.4088367241294],[-118.446581492513,34.4089116955841],[-118.446457987754,34.4092453844152],[-118.446626727076,34.4092441708214],[-118.446623150494,34.4097564817409],[-118.446647445415,34.4098100236419],[-118.446672268745,34.4098647319801],[-118.446735370704,34.4100091714663],[-118.44673558435,34.4100096602124],[-118.446753180555,34.4100499363486],[-118.446771593926,34.41009208286],[-118.446772633424,34.4100944419519],[-118.446788813436,34.4101314795795],[-118.446831376833,34.4102289003302],[-118.446514764021,34.410249595437],[-118.446502489658,34.4102503979151],[-118.446238440734,34.4102676568549],[-118.446234729691,34.4102681384054],[-118.44612874049,34.4102819927432],[-118.446127639274,34.4102821212057],[-118.446106807986,34.410352288509],[-118.445966322694,34.4107423193273],[-118.445822772616,34.4111495715215],[-118.445695251027,34.4115113489467],[-118.445569579396,34.4118814009216],[-118.445388533705,34.4124357610907],[-118.445306808347,34.4126541873435],[-118.445167467554,34.4129483663625],[-118.44510185817,34.4130805069944],[-118.445041146321,34.4131978697036],[-118.444929494309,34.4133998893913],[-118.444879860759,34.4134857857037],[-118.444849361016,34.4135385696964],[-118.444725810525,34.4137523698998],[-118.444617348742,34.4139313767545],[-118.44449895916,34.4141138583434],[-118.444365669099,34.4143001853554],[-118.444352092448,34.4143186092588],[-118.444202718594,34.4145213037592],[-118.444122022733,34.4146222257809],[-118.44407687432,34.4146735297017],[-118.444026450111,34.4147307877175],[-118.443907772149,34.414858994724],[-118.443733006446,34.4150416827662],[-118.443439485864,34.415337108855],[-118.443310843631,34.415463651403],[-118.443183826911,34.4155829611778],[-118.442903252215,34.4158203051089],[-118.442746416109,34.4159452217587],[-118.442566424482,34.4160794796446],[-118.442359947928,34.4162227905946],[-118.441981478922,34.4164762887386],[-118.441938295971,34.4165052176359],[-118.441914650905,34.4165171697743],[-118.441800056568,34.4165855205065],[-118.441696060237,34.4166449190722],[-118.441641513503,34.4166761133288],[-118.441239091337,34.4168973826787],[-118.440997741873,34.4170243065559],[-118.44030492089,34.4173769873415],[-118.439576393534,34.4177329227728],[-118.438823770146,34.4180913066008],[-118.437270286973,34.4188121620377],[-118.43711550261,34.4188815015322],[-118.437127143039,34.4188987401738],[-118.437232095701,34.4190541684951],[-118.43737821076,34.4192692524206],[-118.437385273465,34.4192796477769],[-118.43773001198,34.4197871006718],[-118.437903830105,34.4197370115459],[-118.438027958451,34.4196963612724],[-118.438145444027,34.4196530176451],[-118.438277774203,34.4195944763084],[-118.43841669038,34.4195276935449],[-118.438668018701,34.4193990105358],[-118.438783726056,34.4193329730081],[-118.438901036522,34.419256979344],[-118.439140524133,34.4190833534776],[-118.43926106603,34.4189908605186],[-118.439848770778,34.4185143690685],[-118.439984164949,34.4184091288313],[-118.440225280914,34.4182320320997],[-118.440357427693,34.4181394995236],[-118.440585382056,34.4179817075087],[-118.440664729356,34.4179310523827],[-118.440710961983,34.4179015647324],[-118.440863038841,34.4178165149357],[-118.440960469413,34.4177646444301],[-118.441030017196,34.4177276180123],[-118.441205278424,34.4176383616685],[-118.441480306501,34.4175037049637],[-118.441545921016,34.4174715626488],[-118.441855186186,34.4173279075538],[-118.441911011313,34.4173042661026],[-118.442005720315,34.4172641570596],[-118.442154631032,34.4172079698522],[-118.442331702104,34.4171475570539],[-118.442528674058,34.4170877547521],[-118.442914391114,34.4169798712176],[-118.443228901095,34.4168883724166],[-118.443437515918,34.4168350703198],[-118.44367263187,34.4167785633399],[-118.443925973099,34.4167195703842],[-118.444120357704,34.4166790614697],[-118.444189279946,34.4166646982759],[-118.444292895,34.4166448916217],[-118.444671232762,34.4165725796941],[-118.444921346971,34.416530447053],[-118.445042776692,34.4165143933041],[-118.44504255671,34.4164762718524],[-118.445457176353,34.4164762643816],[-118.445509239632,34.4164726338083],[-118.44567696917,34.4164607033572],[-118.445904023954,34.4164475070063],[-118.446114337781,34.41644770459],[-118.447459416191,34.4164489613971],[-118.447646893093,34.4164491873799],[-118.447744100152,34.416449303686],[-118.44809741116,34.4164497262575],[-118.448939615551,34.4164503784789],[-118.449098769773,34.4164504762545],[-118.449869799805,34.4164716628351],[-118.449935861301,34.416473475093],[-118.45012349223,34.4164786361816],[-118.450302568357,34.4164837935811],[-118.450428563837,34.4164826396765],[-118.450831414817,34.4164801287355],[-118.451008793098,34.4164780944569],[-118.451794594326,34.416471735119],[-118.45215633245,34.4164694432315],[-118.45219578502,34.4164691933752],[-118.452444666543,34.4164662295713],[-118.452736230029,34.416463743331],[-118.453203723327,34.416459938326],[-118.453747331286,34.416459407857],[-118.453849534762,34.4164593067484],[-118.453971286885,34.4164536330288],[-118.453982259282,34.4164539065957],[-118.454283009537,34.4164613937879],[-118.455156843011,34.4164852701682],[-118.455566372314,34.4164909314156],[-118.455896373886,34.4164886727447],[-118.455889598739,34.4165041676366],[-118.455871714198,34.4165440547237],[-118.455821699698,34.4166448980907],[-118.455688053281,34.4169143351467],[-118.455646476915,34.4169919304261],[-118.455591228658,34.4170950426823],[-118.455103511857,34.4179514595247],[-118.454953844091,34.4182230383896],[-118.454875323151,34.4183655192401],[-118.454624292911,34.4187930537064],[-118.454370078233,34.419226006962],[-118.454229979921,34.4194646069937],[-118.454228068856,34.4194678623774],[-118.45412331445,34.4196462679192],[-118.454107856049,34.4196718941997],[-118.45389280559,34.420028389438],[-118.453728248918,34.4203011791081],[-118.453710563867,34.4203304946283],[-118.453450140062,34.4207706876854],[-118.453389752536,34.4208727561],[-118.453265352842,34.4210830187798],[-118.453173218547,34.4212230548074],[-118.453170031232,34.4212278998384],[-118.453269492742,34.4212598301646],[-118.453393116186,34.4212898589161],[-118.453417041069,34.4212963867443],[-118.453517665294,34.4213238409132],[-118.45418743977,34.4215065802289],[-118.454306860427,34.4215394374754],[-118.45447104729,34.4215841984243],[-118.454565029221,34.4216098203548],[-118.45486523052,34.4216916649425],[-118.455245560244,34.4217953587721],[-118.455772989771,34.4219391561563],[-118.455773206962,34.4220874089892],[-118.455773220764,34.4220964927932],[-118.455773367435,34.4221960684671],[-118.45577362666,34.4223732775072],[-118.455774133544,34.4227249847125],[-118.455774328396,34.4227621857764],[-118.455778695803,34.4235987242754],[-118.456979019094,34.4235945363576],[-118.456970519708,34.4236152820199],[-118.45684625328,34.4240738843695],[-118.456713253583,34.4243818848722],[-118.456752254068,34.4246488841344],[-118.456850253894,34.4249488845147],[-118.456970254102,34.4250628849309],[-118.457117384508,34.425220796776],[-118.457434254294,34.4255608842023],[-118.457666254365,34.4259498846093],[-118.457824254486,34.4262558847006],[-118.458117253935,34.4263618843333],[-118.458369254247,34.4265608844481],[-118.458649254585,34.4267388842308],[-118.458726444114,34.4267887969688],[-118.458726498211,34.4268075089992],[-118.458793050564,34.4268070355298],[-118.462992956589,34.4268034463336],[-118.462993439036,34.4271795202751],[-118.462993951678,34.4275790321705],[-118.465991924393,34.4275723587307],[-118.466354881412,34.4275716508751],[-118.466620201882,34.4275761236225],[-118.466978332535,34.4275726872954],[-118.467076193389,34.4275791838282],[-118.467179039874,34.4275863417396],[-118.467293505556,34.4275968914532],[-118.46736213361,34.4276053899774],[-118.46740906016,34.4276112855121],[-118.467509619417,34.4276261357314],[-118.467549051505,34.4276319591233],[-118.467617109764,34.4276461231368],[-118.467634015525,34.4276502924721],[-118.467754921819,34.4276799429679],[-118.46795757908,34.4277454682878],[-118.467980197907,34.4276927043928],[-118.476270991332,34.4276897562389],[-118.476271075689,34.4277045086174],[-118.476274903096,34.4277562353569],[-118.480337417193,34.4277402666158],[-118.480639656905,34.4277426674841],[-118.480639964394,34.4276896163616],[-118.48067431913,34.4276896686571],[-118.480960020735,34.4276914247496],[-118.4809717745,34.4276245717248],[-118.480988147422,34.4275832670047],[-118.481005740673,34.4275524467991],[-118.481054834001,34.4274767098289],[-118.48100395748,34.4274556146224],[-118.480981869972,34.4274438911964],[-118.48094286248,34.4274196142666],[-118.480925639999,34.4274063010685],[-118.48089243817,34.4273760158168],[-118.480860660915,34.4273401417048],[-118.480829026333,34.4272946764932],[-118.480813777855,34.4272672888093],[-118.480796907237,34.4272280334397],[-118.48078702419,34.4272050762645],[-118.480760862547,34.4271134794508],[-118.480751548506,34.4270286900646],[-118.480748678925,34.4269330233642],[-118.480742977383,34.4269331225905],[-118.480643233596,34.4269348602279],[-118.480644537485,34.4267356600706],[-118.480646337978,34.4263234983147],[-118.480649117856,34.4261847537275],[-118.480651015468,34.4261572602178],[-118.48065035436,34.4260596644903],[-118.480649898701,34.4259923919707],[-118.48065131175,34.4258522716451],[-118.480651882704,34.4256983873176],[-118.480652423196,34.4255390362024],[-118.480652165143,34.4253851560581],[-118.48065270454,34.4252258040425],[-118.480653276412,34.425066423949],[-118.480653817054,34.4249070998726],[-118.480653556826,34.4247586875393],[-118.480654105069,34.4245952136649],[-118.48065468503,34.4244427041296],[-118.480654395419,34.4242833553891],[-118.480654967286,34.4241239761873],[-118.480655516819,34.4239663830129],[-118.480655934042,34.4237283590262],[-118.480656415488,34.4235304990621],[-118.480855366853,34.4235297808668],[-118.480853179923,34.4240996416167],[-118.480852935361,34.4241652635053],[-118.480852316538,34.4243266199612],[-118.480852013255,34.4244005389067],[-118.480851142408,34.4246288641693],[-118.480850806788,34.4247199854275],[-118.480841540828,34.4260731564473],[-118.484434575128,34.4260335662945],[-118.483936524576,34.4256619672258],[-118.483445258071,34.4253258829985],[-118.482834258272,34.4248208831449],[-118.48250525802,34.4243168828497],[-118.482269862669,34.4238121092595],[-118.482156539563,34.4235241983997],[-118.481971131313,34.4235248072198],[-118.48140247271,34.4235268553228],[-118.481402902482,34.4234927900219],[-118.481403319292,34.4234596822025],[-118.481403928714,34.4234113349737],[-118.481404575008,34.4233601441574],[-118.481404956707,34.4233298086968],[-118.481405382694,34.4232960300986],[-118.481405496823,34.4232749292207],[-118.481404543258,34.4232449064827],[-118.481402791548,34.4232204115183],[-118.481398810851,34.4231857840335],[-118.481392499719,34.4231483178484],[-118.481382392851,34.4231142492854],[-118.481384795442,34.4231137601341],[-118.481373915633,34.4230801670422],[-118.481375431346,34.4230798292622],[-118.48136543519,34.423051361495],[-118.481366105512,34.4230512001648],[-118.481354513236,34.4230202622143],[-118.48134331109,34.4229935770579],[-118.481317041018,34.4229401400418],[-118.481300321981,34.4229138274694],[-118.481301746842,34.4229132060674],[-118.481271113798,34.4228670383001],[-118.481271834286,34.4228667099873],[-118.481258714401,34.4228483499934],[-118.481244431415,34.4228282762869],[-118.481225481414,34.4228016443966],[-118.481173344562,34.4227283716198],[-118.481117611294,34.4226500437545],[-118.481087724882,34.422608039874],[-118.481038472925,34.4225388206186],[-118.480939381369,34.4223995576701],[-118.480884826529,34.4223228856528],[-118.4808016492,34.4222059851815],[-118.480745326552,34.4221268291677],[-118.480717039672,34.4220870726939],[-118.480672167902,34.422024007839],[-118.480596651308,34.4219178754554],[-118.480538560984,34.4218362327036],[-118.480474663187,34.4217464278923],[-118.480407480608,34.4216520075763],[-118.480360672356,34.4215862204279],[-118.480305022883,34.4215080090572],[-118.48027985024,34.4214726297238],[-118.480216541981,34.421383652756],[-118.48018680346,34.4213418572243],[-118.480180257782,34.4213326568279],[-118.480120905869,34.421249240142],[-118.480048505555,34.4211474837548],[-118.479892002769,34.4209275235664],[-118.479767153861,34.42075205134],[-118.479657545173,34.4205979977911],[-118.479534296351,34.4204247737368],[-118.479474356771,34.420340529646],[-118.479378471892,34.4202057631273],[-118.479208166634,34.4199663969727],[-118.479182223908,34.4199299350059],[-118.479182903651,34.4199287675373],[-118.480574770184,34.4199255192452],[-118.480574091523,34.4190879426246],[-118.480574033357,34.4190161995903],[-118.480573277838,34.4181094826892],[-118.480572406292,34.4175942912273],[-118.479277961145,34.4175966742116],[-118.478634026231,34.4175977961621],[-118.478493853003,34.4175979363219],[-118.478494342398,34.4177539648788],[-118.478487086335,34.4172189396117],[-118.478365100529,34.4172190836043],[-118.477485187262,34.417220118401],[-118.477293857657,34.4169524429829],[-118.477302717839,34.4163163543433],[-118.477302113482,34.4162340402512],[-118.477299654703,34.415899273858],[-118.477302100363,34.4157155259545],[-118.477366301621,34.4157175072935],[-118.477550420965,34.4157231879077],[-118.477734523223,34.4157368865639],[-118.477903745364,34.4157578477405],[-118.47809126472,34.4157897542214],[-118.478247277065,34.4158193631268],[-118.478702309879,34.4159546050223],[-118.478756920587,34.4159697687628],[-118.478899911371,34.4160094731348],[-118.479065955063,34.4160541574226],[-118.479187120977,34.4160787640016],[-118.479281761394,34.4161038070448],[-118.479406394553,34.4161541484525],[-118.47955101749,34.4162215894536],[-118.479710639312,34.4163023506467],[-118.47987529014,34.4163934269339],[-118.480022002407,34.4164780243406],[-118.480043290308,34.4164779986886],[-118.48018470907,34.4165763093674],[-118.480289356118,34.4166448922252],[-118.480312854343,34.416660298368],[-118.480432726811,34.416748441822],[-118.480559312035,34.416848923118],[-118.480810980152,34.4170787503161],[-118.480927692725,34.4171936985356],[-118.481032707333,34.4172925357223],[-118.481114358817,34.4173643437063],[-118.481192737688,34.4174430370222],[-118.481282894763,34.4175529524011],[-118.481381498153,34.4176878914626],[-118.481588895807,34.4180027218026],[-118.481804869194,34.4183656281507],[-118.481873464662,34.4184735398805],[-118.481950385747,34.418587271257],[-118.48205064747,34.4187235744207],[-118.482159228316,34.4188639779711],[-118.482259549937,34.4190095710446],[-118.482349700197,34.4191173968021],[-118.482408249635,34.4192075176159],[-118.482463418484,34.4192866296787],[-118.482506788161,34.4193324832391],[-118.482550171296,34.4193797124731],[-118.482663535243,34.4194874726898],[-118.48280181958,34.419604034467],[-118.482960030934,34.4197263758227],[-118.483224478313,34.4199210810352],[-118.483271396018,34.4199556257553],[-118.483402906103,34.420046795957],[-118.483532693499,34.420127700792],[-118.483665767065,34.420203066876],[-118.483800459406,34.4202708967358],[-118.483946751665,34.4203390083244],[-118.484101343548,34.4204070884161],[-118.484420434338,34.420538734126],[-118.4847194582,34.4206409375193],[-118.485023564827,34.4207447110632],[-118.486520280179,34.4212554391119],[-118.487059929865,34.4213937479065],[-118.487282476123,34.4214581117152],[-118.4873605171,34.4214773957532],[-118.487476706161,34.4215002858374],[-118.487577930007,34.4215146326156],[-118.487783692451,34.4215440311129],[-118.488311299606,34.4216071703932],[-118.488616534196,34.4216347948533],[-118.488779068416,34.4216448015724],[-118.488921363435,34.4216498554817],[-118.489152199378,34.4216580537637],[-118.489490482013,34.4216673506678],[-118.48954627407,34.4216707803329],[-118.489737604641,34.4216824807299],[-118.489924986791,34.421686893435],[-118.490148818947,34.421687694867],[-118.490262873232,34.4216855850251],[-118.490392278319,34.42168316329],[-118.490646143142,34.4216750506083],[-118.491078728193,34.4216503235051],[-118.491268938962,34.4216346355708],[-118.491454892818,34.4216174995903],[-118.491760031403,34.4215844449989],[-118.49187223535,34.4215711603015],[-118.492243732916,34.4215279680754],[-118.494067247251,34.4212989811447],[-118.496105035481,34.421042949632],[-118.498479156314,34.4207444137038],[-118.499209175623,34.4206527309371],[-118.499533453399,34.4206123738169],[-118.499715366649,34.420589155527],[-118.500023481194,34.4205504594013],[-118.500530531722,34.4204867354995],[-118.500634410606,34.4204736636553],[-118.500764078284,34.4204573659424],[-118.502337103515,34.4202596484842],[-118.502542011093,34.4202338911597],[-118.502543586261,34.4202336935079],[-118.502543524802,34.420375878616],[-118.502543496744,34.4206734478238],[-118.502543483742,34.4206768827299],[-118.502543472228,34.4209366216102],[-118.502543366251,34.4233175207277],[-118.50254334114,34.423472583195],[-118.502543305738,34.4241263338499],[-118.502543307807,34.424241181389],[-118.502543311163,34.4244043882035],[-118.502543317448,34.4246944861649],[-118.502544262374,34.4250896677475],[-118.502544356298,34.425128316196],[-118.502544502178,34.4251979357882],[-118.502544527439,34.4252096962173],[-118.502544727969,34.4252964880355],[-118.502544227604,34.4258214210039],[-118.502543941349,34.4261205553412],[-118.502543586298,34.4264923176713],[-118.502544165461,34.4267841378576],[-118.502544352745,34.4268772089175],[-118.503130373695,34.4274459728819],[-118.50372394867,34.428022055584],[-118.504986246832,34.4292484330609],[-118.504990757108,34.4292528155821],[-118.504514620529,34.4295200807987],[-118.503843827357,34.4298229358126],[-118.503285702291,34.4300451849246],[-118.50261025277,34.4302197278331],[-118.502539966021,34.4302321275469],[-118.502539966577,34.43023167858],[-118.502543656928,34.4291825266231],[-118.502321762512,34.4292401279027],[-118.502313816137,34.4292421910652],[-118.502269385935,34.4292537235624],[-118.502228475382,34.4292643435422],[-118.502215684035,34.429267662762],[-118.502162613276,34.4292814397534],[-118.502162641502,34.4292861213103],[-118.502162685675,34.4292934479063],[-118.502119754332,34.4293022109376],[-118.5020878191,34.4293125250613],[-118.502078886121,34.4293169741486],[-118.502075794639,34.4293187070735],[-118.50206888325,34.4293229855166],[-118.502049838314,34.4293384535484],[-118.502034674348,34.4293571753851],[-118.502028924081,34.4293737639953],[-118.502026335239,34.4293731472403],[-118.502019600848,34.4294006548126],[-118.502012974065,34.4294772451362],[-118.501996772718,34.4296644934815],[-118.502003870673,34.4298406304466],[-118.50200443599,34.4298546352634],[-118.502007779354,34.4299376510389],[-118.502012007876,34.4300426065234],[-118.502008793886,34.4300565115832],[-118.502002502547,34.4300678203341],[-118.501994828811,34.4300763211131],[-118.501983065962,34.4300847693943],[-118.501973942698,34.4300890723104],[-118.501963272451,34.4300923232244],[-118.50197212863,34.4301328854233],[-118.502011929247,34.430324699988],[-118.501998915901,34.4303265965782],[-118.501885795532,34.4303390018647],[-118.501823477365,34.4303470795905],[-118.501573206536,34.4303795178104],[-118.501178213666,34.4304067295824],[-118.501065061204,34.4304140189235],[-118.500910706415,34.4304146563794],[-118.499743623893,34.4303921839835],[-118.499415284068,34.4303838221098],[-118.499419711801,34.4305938507858],[-118.499528252592,34.4305938366255],[-118.499619448491,34.4305922728441],[-118.499767786742,34.4306041372648],[-118.499937956591,34.4306515636503],[-118.50015012853,34.4306784320201],[-118.500397666877,34.4306918619037],[-118.500600557005,34.4306857742847],[-118.500722753312,34.4306864004928],[-118.50093618521,34.4307005506401],[-118.501079480626,34.4307181698499],[-118.501182308367,34.4307331694396],[-118.501325375717,34.4307333067279],[-118.501519077086,34.4307423364293],[-118.501593423469,34.430833030026],[-118.501601867868,34.430839380685],[-118.501656910632,34.430880780573],[-118.501701771129,34.4309504577333],[-118.50208183307,34.4307819137619],[-118.502215842578,34.4309018537613],[-118.502536794735,34.4309024448947],[-118.502534464042,34.4312717306594],[-118.502534212583,34.4313110215146],[-118.501361807983,34.4327042675414],[-118.501055670185,34.433068061303],[-118.500658017877,34.4335431911263],[-118.500649081011,34.4340220369301],[-118.500644522316,34.4342662707896],[-118.5013860759,34.4342701600267],[-118.502042042707,34.4342697740704],[-118.502306689794,34.434269617089],[-118.50233438566,34.4342696006788],[-118.502501899187,34.4342695010487],[-118.502508332838,34.4342694743997],[-118.502518289362,34.4342695737974],[-118.502514722891,34.4348100715343],[-118.504976913472,34.4376243403429],[-118.505251457088,34.437938094488],[-118.505382700504,34.437939177819],[-118.505482203841,34.4379399992858],[-118.505521974595,34.4379397713693],[-118.505561515277,34.4379401817838],[-118.505661289454,34.4379415230623],[-118.506020980808,34.4379447482969],[-118.506030901802,34.4379448367379],[-118.506192649777,34.4379462733741],[-118.506207869507,34.4380066172332],[-118.506269554719,34.4382511762108],[-118.506285688558,34.4383150944376],[-118.506343030287,34.4385422763803],[-118.506371310997,34.4386543174271],[-118.506404933773,34.4387875267513],[-118.506440720873,34.4389293096448],[-118.506483753405,34.4390997951044],[-118.506514916817,34.4392232582499],[-118.506538192717,34.4393154737561],[-118.506621797918,34.4396466984432],[-118.506680183993,34.4398780039811],[-118.506679825989,34.4398780036732],[-118.506680082286,34.4398789933898],[-118.506970049853,34.4410310076264],[-118.507006066043,34.4411741768441],[-118.507029162494,34.4412664083241],[-118.507078857165,34.4414631815186],[-118.507128081314,34.4416600242729],[-118.507181226244,34.441868990685],[-118.507234120125,34.4420697478429],[-118.507285087565,34.4422729057042],[-118.507340468373,34.4424882951439],[-118.507387779286,34.4426815107953],[-118.507440760706,34.4428827164541],[-118.50749402786,34.443083626091],[-118.507538502812,34.4432709944656],[-118.50759114782,34.4434640191303],[-118.507636369989,34.4436519703374],[-118.507685088704,34.4438349141953],[-118.507700251549,34.4438937840799],[-118.507718097925,34.4439630049742],[-118.507771805117,34.4442115857991],[-118.507758047325,34.4442248643832],[-118.507698750646,34.4442910606934],[-118.507652599361,34.4443499211787],[-118.507600073975,34.4444281786893],[-118.507365989562,34.4446599795327],[-118.507257159926,34.4447627966329],[-118.507121903248,34.4448835807908],[-118.506943179589,34.4450381772667],[-118.506790332987,34.4451703893707],[-118.506765551781,34.445191811468],[-118.506415998488,34.4455267837788],[-118.50619334649,34.4457307240572],[-118.505952480748,34.4459402148911],[-118.505871629139,34.4460082302152],[-118.505813858589,34.4460538110418],[-118.505787448956,34.4460745302166],[-118.505723029029,34.4461173944464],[-118.505602419601,34.4461924188439],[-118.50537784693,34.4463537762094],[-118.505258896354,34.4464291494581],[-118.505134915721,34.446496987769],[-118.504906734892,34.4466106031862],[-118.504709992994,34.4467120492088],[-118.504609106927,34.4467595379368],[-118.504590477487,34.44676711077],[-118.504475106455,34.4468140087154],[-118.503796690717,34.4470723809557],[-118.502858437188,34.4474225091656],[-118.502021177214,34.4477447262854],[-118.501616704715,34.4478985258022],[-118.50093072384,34.4481593572588],[-118.500707353107,34.4482475252048],[-118.50015641434,34.4484720454774],[-118.50002348792,34.4485355997561],[-118.499799199092,34.4486428363495],[-118.499714873213,34.4486864663224],[-118.499619008365,34.4487408016866],[-118.499501713775,34.4488171838621],[-118.499265210573,34.4489853431289],[-118.499199488159,34.4490320731975],[-118.499001346998,34.4491785256418],[-118.498872615465,34.4492848509091],[-118.498700635456,34.4494411401146],[-118.498689540976,34.4494512188852],[-118.498671368744,34.4494677258316],[-118.498544432039,34.4495956873981],[-118.498475228423,34.4496722315797],[-118.49844723634,34.4497063389129],[-118.498389684414,34.4497893685969],[-118.498320683213,34.4498988773497],[-118.498277923701,34.4499598388805],[-118.498123415033,34.4498825951579],[-118.497890011796,34.4497245630775],[-118.497796882638,34.4496494588357],[-118.49755188554,34.4495332119916],[-118.497317452261,34.4494301378466],[-118.49703345379,34.4493160800593],[-118.496806074447,34.4492337284458],[-118.496559617918,34.449150429436],[-118.496435199206,34.4491117813135],[-118.496293989287,34.4490721577679],[-118.49611793896,34.449030969913],[-118.496021623806,34.4490114469942],[-118.495810766301,34.4489731515599],[-118.495468762865,34.4489147786795],[-118.494849561761,34.4488187426432],[-118.494178967181,34.4487266730754],[-118.493918355788,34.4486885769846],[-118.493608399479,34.4486347113125],[-118.493300413387,34.4485810378822],[-118.492760965021,34.4485079355296],[-118.492598897368,34.4484807055464],[-118.492502190026,34.4484612310157],[-118.492246194053,34.4484011539452],[-118.491740277105,34.4482663065134],[-118.491619001806,34.4482313775828],[-118.491567035143,34.4482162566409],[-118.491464934254,34.4481821000207],[-118.491444124859,34.448175146933],[-118.491370985254,34.4481465931618],[-118.491341061814,34.448134679763],[-118.491224652178,34.4480808823683],[-118.49117495164,34.4480541727842],[-118.49109706624,34.4480123160942],[-118.490885240574,34.4478984999567],[-118.490411671326,34.4476687703341],[-118.490299750175,34.4476109682329],[-118.490250163031,34.4475830876222],[-118.490176609435,34.4475417267154],[-118.490110027716,34.4475004448854],[-118.490006794107,34.4474314788896],[-118.489899474818,34.4473555730676],[-118.48978029675,34.4472712847782],[-118.489740833851,34.4472446820362],[-118.48948058357,34.4470691514756],[-118.489456999985,34.4470522671249],[-118.489442955501,34.4470449312014],[-118.489429645665,34.4470374237262],[-118.489416365256,34.447029923343],[-118.48940178154,34.4470319357909],[-118.489388081741,34.4470149205054],[-118.489374742353,34.4470077530216],[-118.4893598013,34.4470002539209],[-118.489346460946,34.4469931062716],[-118.489331526237,34.4469859452171],[-118.489318183722,34.4469787993765],[-118.489303247877,34.4469716293077],[-118.489289907321,34.4469648161221],[-118.489274968386,34.4469576749114],[-118.489259970536,34.4469505077919],[-118.489246690927,34.4469436943558],[-118.489231694318,34.4469365524707],[-118.489218415802,34.4469297390272],[-118.489203416863,34.4469225701021],[-118.489188484261,34.4469157633243],[-118.489175140681,34.4469086174723],[-118.489160171073,34.4469018090372],[-118.489146864333,34.446894635086],[-118.489131931687,34.4468878192861],[-118.48911693701,34.4468813733633],[-118.489101969329,34.4468748912685],[-118.489087037513,34.4468687714438],[-118.489072044728,34.4468626464539],[-118.489057115013,34.4468568836245],[-118.489042122232,34.4468507586308],[-118.489027192358,34.4468449678509],[-118.489012200611,34.4468392034629],[-118.488997271802,34.4468334081672],[-118.488982284184,34.4468279755234],[-118.488967359349,34.4468232268889],[-118.48895071619,34.4468184797677],[-118.488935794639,34.4468137338207],[-118.488920808804,34.4468093451382],[-118.48890419482,34.4468049323623],[-118.488889274575,34.4467998519352],[-118.488874278584,34.446793732343],[-118.488859347872,34.4467876097814],[-118.488844353033,34.4467811295674],[-118.488829421247,34.4467750088095],[-118.488816083984,34.4467681883464],[-118.488801149157,34.4467617340298],[-118.4887861535,34.4467549274566],[-118.488771216603,34.4467481197434],[-118.488757877264,34.446740944078],[-118.488744593922,34.4467331109675],[-118.488729595065,34.4467259428852],[-118.488716314703,34.4467188021375],[-118.48870131794,34.4467119901492],[-118.488686384083,34.4467055123747],[-118.488673047881,34.4466990543083],[-118.488658113996,34.4466925711212],[-118.488643121311,34.4466864523888],[-118.48862818951,34.4466803234925],[-118.48861319683,34.4466742047563],[-118.4885969803,34.4466679719442],[-118.488591851398,34.4466661128996],[-118.488583278503,34.446663004674],[-118.488568350778,34.4466575690334],[-118.488551708866,34.4466524684515],[-118.488536783261,34.446647393412],[-118.488521822655,34.4466422878595],[-118.488505178721,34.4466372125223],[-118.488490255056,34.4466324674306],[-118.488475268323,34.4466273592729],[-118.488460342689,34.4466222779135],[-118.488443697564,34.4466171836404],[-118.488428770846,34.4466121022815],[-118.488413787339,34.4466073574214],[-118.488397203117,34.4466022556846],[-118.488382218514,34.4465975090219],[-118.488367295069,34.4465924276422],[-118.488350677117,34.4465873260348],[-118.488335693619,34.446582581165],[-118.488320766909,34.4465774988913],[-118.488304122894,34.4465724054962],[-118.488289197287,34.4465673250171],[-118.488274208669,34.4465618913886],[-118.488259281813,34.4465567829634],[-118.488244293188,34.4465513475281],[-118.488229366835,34.446545581879],[-118.488214372857,34.4465397894542],[-118.488199405498,34.4465333397023],[-118.488184442551,34.4465265284158],[-118.488169476347,34.4465197180421],[-118.488156171867,34.4465129045871],[-118.488141202382,34.446506090617],[-118.488126268621,34.4464996154779],[-118.488111275973,34.4464934903691],[-118.488096346396,34.4464877283228],[-118.488081359707,34.446482619215],[-118.48806643414,34.4464775405115],[-118.488049790113,34.4464724389679],[-118.48803486241,34.4464673665799],[-118.488019876817,34.4464622574601],[-118.488004950169,34.4464571787534],[-118.487988308258,34.4464524369049],[-118.487973385792,34.4464473284269],[-118.487958396065,34.4464422553775],[-118.487941783525,34.4464375106998],[-118.487926856738,34.4464324067412],[-118.487912705161,34.446427925328],[-118.487895291212,34.446422914308],[-118.487880304743,34.4464178385312],[-118.487865381116,34.4464130870521],[-118.487848738134,34.4464083451888],[-118.487833814596,34.446403236698],[-118.487818827891,34.446398490876],[-118.487802212114,34.4463937479954],[-118.487787291792,34.4463890019026],[-118.48777230617,34.4463842542674],[-118.487755724106,34.4463795067373],[-118.487740740674,34.4463747608924],[-118.487725815986,34.4463700112035],[-118.487709174129,34.4463652729227],[-118.487694252715,34.4463605241183],[-118.487677606456,34.4463557768355],[-118.487662649149,34.4463510308761],[-118.487647698353,34.4463462812825],[-118.487631086975,34.4463415428685],[-118.487616162305,34.4463367940676],[-118.487601178841,34.4463320400919],[-118.487584595757,34.4463273006563],[-118.487572644336,34.4463235126569],[-118.487569611234,34.4463225511887],[-118.487553029253,34.4463178135474],[-118.487542377425,34.446314437733],[-118.487523123322,34.4463083125459],[-118.487506478204,34.4463035706443],[-118.487491524171,34.4462988228477],[-118.487476600609,34.4462940749267],[-118.487459958766,34.4462893339071],[-118.48744503301,34.446284582385],[-118.487428391166,34.4462798404596],[-118.487413467606,34.4462750916294],[-118.487398487144,34.4462710326992],[-118.487379544324,34.4462677009937],[-118.487365786494,34.4462668952914],[-118.487350702477,34.4462657811806],[-118.48723629027,34.446254888564],[-118.486934983768,34.4462235581807],[-118.486437297219,34.4461930172202],[-118.48604142614,34.4461831640986],[-118.486025695612,34.4461827727385],[-118.485874245874,34.4461790032623],[-118.485304522735,34.4461433224774],[-118.484577820696,34.4461299569592],[-118.483929925463,34.446159658204],[-118.483611128022,34.446174931006],[-118.48359613416,34.4461756497888],[-118.483579492081,34.4461764472614],[-118.483567539572,34.4461771214639],[-118.483546316567,34.4461789487097],[-118.483529736983,34.4461803887199],[-118.48351315848,34.4461818278221],[-118.483496584341,34.4461832687076],[-118.483480004754,34.446184708711],[-118.483463431769,34.4461857862694],[-118.483446852176,34.4461872253667],[-118.483430270694,34.4461883390158],[-118.483413698722,34.4461897789798],[-118.483397119133,34.4461912189719],[-118.483380544011,34.4461923037397],[-118.483363964421,34.4461937437273],[-118.483347394629,34.446195184575],[-118.483330815032,34.4461966236566],[-118.48331423544,34.4461980636374],[-118.483297660436,34.4461991691286],[-118.483281078782,34.4462002539089],[-118.483264508982,34.4462016938438],[-118.483247927489,34.4462028065664],[-118.483231345812,34.4462038877338],[-118.483216431171,34.4462053201687],[-118.483199848594,34.4462064337906],[-118.48318327661,34.4462078728216],[-118.483166699194,34.4462093136751],[-118.483150127215,34.4462107536031],[-118.483133547601,34.4462121908547],[-118.483116966914,34.4462136308127],[-118.483098620005,34.4462156304411],[-118.48308382016,34.4462175302986],[-118.483067250222,34.4462193227067],[-118.483050677881,34.4462214513943],[-118.48303410117,34.4462235773923],[-118.483017535084,34.4462260342086],[-118.483002619982,34.4462285142011],[-118.482986051707,34.4462309692188],[-118.48296948005,34.4462337794518],[-118.482952916324,34.4462362687051],[-118.482936344681,34.4462390816382],[-118.482921431467,34.4462418879683],[-118.482904867439,34.4462447008668],[-118.482888294714,34.4462475156007],[-118.482871729616,34.4462503321049],[-118.482855164222,34.4462534731603],[-118.482840256444,34.4462562794588],[-118.482823684783,34.4462590905734],[-118.482807116314,34.4462622649912],[-118.482790550101,34.4462650778827],[-118.48277398038,34.4462682243533],[-118.482759075734,34.4462713840305],[-118.48274251136,34.4462748901875],[-118.482725943679,34.4462783891431],[-118.48271103989,34.4462818850829],[-118.482694470142,34.4462850279366],[-118.482677910084,34.4462885286584],[-118.482663000845,34.4462920237125],[-118.482646441018,34.4462951890585],[-118.482629871285,34.4462983355094],[-118.482613299618,34.4463011483984],[-118.482598395007,34.4463043161694],[-118.482581822239,34.4463071272554],[-118.482565258191,34.446309941009],[-118.482548685432,34.4463127538934],[-118.482532121387,34.4463155685441],[-118.482517211411,34.4463183748115],[-118.482500637667,34.446320830686],[-118.482484072537,34.4463236462359],[-118.482467498969,34.4463261327573],[-118.482450930653,34.4463285868003],[-118.482434354994,34.4463307127121],[-118.482417791207,34.4463331973847],[-118.48240287398,34.4463353166983],[-118.482386298329,34.4463374444066],[-118.482369730284,34.4463395702792],[-118.482353154626,34.4463416970814],[-118.482336587413,34.4463441547106],[-118.482320013925,34.4463462805981],[-118.482303440353,34.4463487679986],[-118.482288531544,34.4463512145213],[-118.482271959059,34.4463537019132],[-118.482255390742,34.4463561577326],[-118.482238819061,34.4463589723734],[-118.482222255247,34.4463614543147],[-118.482205683554,34.4463642671481],[-118.482190770283,34.4463670715853],[-118.482174205153,34.4463698906989],[-118.482157635357,34.4463730316763],[-118.482141071188,34.4463762050842],[-118.482126162978,34.446379696462],[-118.482109605767,34.4463838840632],[-118.482093045289,34.4463880716751],[-118.482078141884,34.4463925817607],[-118.482063245996,34.446397450625],[-118.48204668621,34.4464023224918],[-118.48203179252,34.4464071958511],[-118.482016893231,34.4464124181243],[-118.482000341899,34.4464176235186],[-118.481985442638,34.4464228511969],[-118.481970546713,34.4464277155422],[-118.481953993209,34.4464329227418],[-118.481939099336,34.4464381422793],[-118.48192419911,34.4464430165529],[-118.48190764121,34.4464482174528],[-118.481892743387,34.4464527554409],[-118.481877842031,34.4464576234025],[-118.481861286696,34.446462140022],[-118.481846383448,34.4464666816321],[-118.481829827373,34.446470506774],[-118.481814922067,34.4464746931842],[-118.481798362896,34.4464785480846],[-118.481781800208,34.4464827356627],[-118.4817668928,34.4464865596588],[-118.481750332568,34.4464904199661],[-118.481735425142,34.4464942412538],[-118.481718868992,34.4464984315019],[-118.481702305459,34.4465022864066],[-118.481687404589,34.4465061130716],[-118.481670836812,34.4465096109815],[-118.48165593066,34.4465134656111],[-118.481639370225,34.4465172925473],[-118.481622804529,34.4465211510558],[-118.481607901728,34.4465246450527],[-118.481591334795,34.4465284783188],[-118.481574774638,34.4465319779885],[-118.481559870633,34.4465358289915],[-118.48154330286,34.4465393295886],[-118.481526743508,34.4465431574066],[-118.481511835274,34.4465466541179],[-118.481495272938,34.4465501546868],[-118.481478704077,34.4465536561808],[-118.481463804385,34.4465575017458],[-118.48144723663,34.4465610068373],[-118.481430671024,34.4465645074103],[-118.481415768207,34.4465680013836],[-118.481399201495,34.4465714992521],[-118.481382639155,34.4465750007072],[-118.481367727736,34.4465781367999],[-118.481351167569,34.446581638242],[-118.481334599774,34.446585137909],[-118.481319699126,34.446588631862],[-118.481303129425,34.4465918024725],[-118.481286562724,34.4465953039317],[-118.481270000369,34.4465988044698],[-118.481255088958,34.4466019432532],[-118.481238527667,34.4466054401767],[-118.481221961251,34.4466086152708],[-118.48120538948,34.4466114288689],[-118.481190482671,34.4466142349603],[-118.481173908804,34.4466166861459],[-118.481157339626,34.4466188190694],[-118.481140765923,34.446621299099],[-118.481124199977,34.4466234265959],[-118.481107624226,34.4466255523263],[-118.481091050385,34.4466280089097],[-118.481076139605,34.4466301289358],[-118.48105956594,34.4466326161664],[-118.481042997522,34.4466350700171],[-118.481026426817,34.4466378817834],[-118.4810098669,34.4466410541181],[-118.480994955476,34.4466441937711],[-118.480978384643,34.4466473607355],[-118.480961824442,34.4466508612229],[-118.480945258527,34.446654691692],[-118.480930354585,34.4466581856101],[-118.480913788844,34.4466620467263],[-118.480898887889,34.4466658696882],[-118.480882325378,34.4466697253781],[-118.480865759472,34.4466735585409],[-118.480850858642,34.4466774040348],[-118.48083429382,34.446681237189],[-118.480819394904,34.4466854144357],[-118.480802828064,34.4466892755411],[-118.480786271813,34.4466934629573],[-118.480771364322,34.4466972868311],[-118.480754802626,34.4467014742646],[-118.480739901828,34.4467053269569],[-118.480723339031,34.4467095125874],[-118.480708438079,34.4467133391321],[-118.480691873112,34.44671752657],[-118.480675313826,34.4467213786126],[-118.480660408411,34.4467255639793],[-118.480643854322,34.4467297513675],[-118.480628948878,34.4467339322228],[-118.480612386902,34.4467384505006],[-118.480597490029,34.4467429856208],[-118.480580928043,34.4467475029929],[-118.480566031199,34.4467520435182],[-118.480551128623,34.446756911321],[-118.480534576289,34.4467617820496],[-118.480519674804,34.4467666507458],[-118.480503124647,34.446771522363],[-118.480488223979,34.4467767219148],[-118.480473339351,34.4467818727185],[-118.480458098441,34.4467863839409],[-118.48044131418,34.4467914223588],[-118.480426003016,34.4467960176979],[-118.480407441465,34.4468015896438],[-118.480351956405,34.4468183849108],[-118.480283129784,34.4468352338651],[-118.480021105238,34.4468915275519],[-118.479843404993,34.4469198579275],[-118.479672953605,34.4469383966805],[-118.479456791883,34.4469619065764],[-118.47917683104,34.4469924818493],[-118.478933256824,34.4470077806178],[-118.478917777949,34.44701161914],[-118.478869238734,34.4470111967743],[-118.478836055385,34.4470099565017],[-118.478786293668,34.447007760202],[-118.478653572053,34.4470010589605],[-118.478636978467,34.4470001056869],[-118.478620392334,34.4469991235324],[-118.478454488491,34.446989476027],[-118.478437892875,34.4469881684316],[-118.478421309094,34.4469872159912],[-118.478356591589,34.4469819754074],[-118.4783400025,34.4469806668712],[-118.478207258371,34.4469698416171],[-118.478190663023,34.4469682004194],[-118.478092762777,34.4469589713607],[-118.47807616826,34.4469576637115],[-118.477976598549,34.446946706587],[-118.477943405982,34.4469427155286],[-118.477649611689,34.4469009531482],[-118.477633016623,34.4468985978588],[-118.477618071612,34.44689591152],[-118.477568268003,34.4468875312691],[-118.47755167217,34.4468848514197],[-118.477244530042,34.4468286818029],[-118.477196376795,34.4468192509327],[-118.477163175787,34.4468132014937],[-118.477066874807,34.4467943441557],[-118.477050271793,34.446790974593],[-118.477018724068,34.4467845841456],[-118.477002117538,34.4467815499606],[-118.476987177176,34.4467785281555],[-118.476922427544,34.4467657329864],[-118.476841065108,34.4467495628208],[-118.476807911638,34.4467424934638],[-118.476761363485,34.4467330344769],[-118.476744753966,34.4467296648981],[-118.476648449939,34.4467091006381],[-118.476616898185,34.4467019951863],[-118.476600290869,34.4466986282837],[-118.476503978789,34.446677024473],[-118.476489026942,34.4466733201911],[-118.476472427363,34.4466695917259],[-118.476361152524,34.4466425526153],[-118.476344543462,34.4466384960116],[-118.476266473763,34.4466178598617],[-118.476249867038,34.4466134489334],[-118.476234914224,34.4466093813061],[-118.476203356094,34.4466005772834],[-118.476047193249,34.4465534584009],[-118.475985706704,34.4465330878693],[-118.475954133316,34.446522556504],[-118.475909268737,34.4465065968426],[-118.47589430503,34.4465008072877],[-118.475879352015,34.4464953647793],[-118.475864390337,34.4464899295153],[-118.475787937424,34.4464613802706],[-118.475772981464,34.4464556105041],[-118.475743061948,34.4464436923515],[-118.475713140417,34.4464318012453],[-118.475683222006,34.4464198830736],[-118.47562338023,34.446395746517],[-118.475608417615,34.4463899506119],[-118.475578497222,34.4463780612713],[-118.475563532739,34.4463719372099],[-118.475533612194,34.4463600190098],[-118.475428891877,34.4463181907505],[-118.475413930686,34.4463120675593],[-118.475369054292,34.4462943813089],[-118.475354091708,34.4462885844709],[-118.475324173282,34.4462770268243],[-118.475309210874,34.4462712597307],[-118.475264335622,34.4462535752403],[-118.475219450725,34.4462355319609],[-118.475204493768,34.4462297639315],[-118.475189529345,34.4462236407255],[-118.475174571463,34.446217519295],[-118.475144654289,34.4462056000845],[-118.475129691896,34.4461998311657],[-118.475054886818,34.446169899268],[-118.475026622951,34.4461576417911],[-118.475011665083,34.4461515185375],[-118.474981742799,34.4461392675428],[-118.474951819586,34.4461266613402],[-118.474936854122,34.4461205399102],[-118.474921893292,34.4461140857945],[-118.474878662282,34.4460950225924],[-118.47484866099,34.4460816954435],[-118.474805502736,34.4460616447517],[-118.474792191806,34.4460548298611],[-118.47474895845,34.4460343899808],[-118.474733993438,34.4460275788512],[-118.474675789794,34.4459999681223],[-118.47463420914,34.4459785075108],[-118.474619237603,34.445971693688],[-118.474605935519,34.4459645163259],[-118.474590965418,34.4459573806467],[-118.474562687922,34.4459427070063],[-118.474492820776,34.445905552199],[-118.474466201096,34.4458901859863],[-118.474452884416,34.4458823523484],[-118.47442460088,34.4458669917312],[-118.474411292894,34.4458591544486],[-118.474397973102,34.4458509638098],[-118.474384663904,34.4458431039907],[-118.474371348308,34.4458352667335],[-118.474343065135,34.4458195824456],[-118.474303128333,34.4457953349659],[-118.474276498563,34.445778949117],[-118.474263182073,34.4457707602535],[-118.474236552318,34.4457543743958],[-118.474223241272,34.4457461846052],[-118.474209926162,34.4457376630647],[-118.474196610773,34.4457294741897],[-118.474183297676,34.4457209228879],[-118.474171633384,34.4457123957932],[-118.474158320302,34.4457038462916],[-118.474144998825,34.4456949686633],[-118.474131687007,34.4456864489045],[-118.474106711974,34.4456690152813],[-118.474093388312,34.4456601340498],[-118.474081731793,34.4456512490074],[-118.474068414696,34.4456423731567],[-118.474030114147,34.4456157256236],[-118.474018456569,34.4456068432839],[-118.474005136221,34.4455979674389],[-118.473993477843,34.4455887524342],[-118.473980156382,34.4455798711817],[-118.473968499892,34.4455709870299],[-118.473931854405,34.4455429671777],[-118.473918529043,34.4455333980638],[-118.473906868652,34.4455238260515],[-118.473871879891,34.445495112742],[-118.473860209701,34.4454855380588],[-118.473848550426,34.4454759687412],[-118.473836880386,34.4454660370481],[-118.473825219224,34.4454561350697],[-118.473813555735,34.4454462060534],[-118.473801883696,34.4454363041153],[-118.473790222389,34.4454263750882],[-118.47374521134,34.4453860224162],[-118.473735205475,34.4453757533528],[-118.473723534705,34.4453654970997],[-118.473711870436,34.4453552354109],[-118.473701859458,34.4453446400097],[-118.473691843202,34.4453336903257],[-118.473660148579,34.4453015220407],[-118.47365014072,34.4452908986755],[-118.473620101763,34.4452580441608],[-118.473610085529,34.44524709447],[-118.473529983114,34.4451591425039],[-118.473521623268,34.4451478266295],[-118.473511611697,34.4451365442466],[-118.473458146089,34.4450670147855],[-118.473441424059,34.4450433904473],[-118.473433064552,34.4450317473089],[-118.473382907276,34.4449604983031],[-118.473341108639,34.4449005381227],[-118.473334406763,34.4448885558449],[-118.473302624974,34.4448402314292],[-118.473265780327,34.4447782207432],[-118.473259078603,34.4447658787488],[-118.473223896928,34.4447035054579],[-118.473178615129,34.4446153867933],[-118.473158499673,34.4445776846848],[-118.473133338147,34.4445269498515],[-118.473126629164,34.4445142806216],[-118.473066197077,34.4443860504718],[-118.473061151021,34.4443730195503],[-118.47303929393,34.4443212251334],[-118.473017446797,34.4442694550149],[-118.473007339594,34.4442430299085],[-118.472997329274,34.4442171841095],[-118.472666046185,34.444300760784],[-118.472368258559,34.4443758858996],[-118.471672258939,34.444505886472],[-118.471189257456,34.4445608860144],[-118.47105025797,34.4445608857209],[-118.470781258516,34.4445608857985],[-118.470317257252,34.444551885834],[-118.469948257838,34.4445148859769],[-118.469657258048,34.4444868851157],[-118.469405331835,34.444461024093],[-118.468439003277,34.4443618181237],[-118.468213669406,34.4443386845744],[-118.468094532104,34.4443264533838],[-118.467883207389,34.444304756309],[-118.467855258043,34.4443018863221],[-118.467707849615,34.4442891480162],[-118.467295828451,34.444171732319],[-118.467026799302,34.4440777249471],[-118.466887850537,34.4440291712368],[-118.466624405913,34.4439167195592],[-118.466376843919,34.4442536267863],[-118.46631947228,34.4443317036912],[-118.466273539036,34.4444265538076],[-118.466218731437,34.4445395002193],[-118.466215556322,34.4445469374455],[-118.466054539998,34.4445945394361],[-118.466006915375,34.4446091045169],[-118.465468142965,34.4447738794923],[-118.46473522025,34.4449980261626],[-118.463963617143,34.4453776377913],[-118.463984515617,34.4454255338472],[-118.464044481934,34.4455629757928],[-118.464268179272,34.4460756809195],[-118.464277675104,34.4460973327592],[-118.464112230958,34.4461695248781],[-118.463918010858,34.4461931665659],[-118.463737049737,34.4462711422319],[-118.463498012957,34.4463128445431],[-118.463385145273,34.4463647982451],[-118.462952755142,34.4464308525087],[-118.462552736778,34.4464159188476],[-118.462250119227,34.4463634029748],[-118.462140432844,34.4463659682527],[-118.4619613144,34.4463094021255],[-118.461860930807,34.4462761517019],[-118.461744286767,34.446270155106],[-118.461613995917,34.4462956963471],[-118.461517476601,34.446320726746],[-118.461360256625,34.4464158864239],[-118.461070256573,34.4466608867118],[-118.460766256376,34.4470198868726],[-118.460512256748,34.4472728872203],[-118.460308256476,34.4474648871808],[-118.460097256196,34.4475988870957],[-118.459896256526,34.4477358868998],[-118.459747256451,34.4478478872888],[-118.45969625682,34.4479068865815],[-118.459653256132,34.4479838871018],[-118.459589256837,34.4481368869986],[-118.459478256827,34.448294887148],[-118.459395256777,34.4484448873664],[-118.459274534771,34.4487430222712],[-118.459261255767,34.4487678872129],[-118.459195256307,34.4488358871642],[-118.459087345838,34.4489260818154],[-118.458984971514,34.4490023222443],[-118.458916980371,34.449047661445],[-118.458798872628,34.4490903277514],[-118.458788061159,34.4490927883438],[-118.458581462748,34.4491398107319],[-118.458482260295,34.4491645152688],[-118.458374513804,34.4492064270941],[-118.458303895591,34.4492453353256],[-118.458166237985,34.449346037974],[-118.45808535238,34.449402875755],[-118.457984515779,34.4494447602429],[-118.457855086817,34.4494710099822],[-118.457701376953,34.4494801778866],[-118.45743964558,34.4494811648831],[-118.457260017144,34.4494897132188],[-118.456759313751,34.4495466989206],[-118.456361409705,34.4496047284974],[-118.456166328166,34.4496305075209],[-118.456004898186,34.4496497201236],[-118.455851153613,34.4496524443646],[-118.455699052765,34.449640134597],[-118.455476993811,34.4496044707275],[-118.455395955907,34.4495920524754],[-118.455348006516,34.449582118135],[-118.455267950532,34.449561784266],[-118.455167028008,34.4495307048252],[-118.455094951652,34.4494817515193],[-118.455031569356,34.4494225953826],[-118.454975832593,34.4493397958101],[-118.454871152511,34.4491527029344],[-118.454816519436,34.4491139074464],[-118.454754652565,34.4490948185921],[-118.454733958353,34.4490980686408],[-118.454703299766,34.449102882321],[-118.454542488046,34.4491560811335],[-118.45443944597,34.449189742648],[-118.454263157021,34.4491768058552],[-118.453931043098,34.4491812690365],[-118.453835105261,34.4491712521727],[-118.453656371815,34.4491232892],[-118.453572272483,34.4491007218122],[-118.453447588926,34.4490746647505],[-118.45331534789,34.4490604891407],[-118.453174580468,34.4490667396923],[-118.452991156746,34.4490921121642],[-118.452830763457,34.4491428026856],[-118.452617883082,34.4492316153492],[-118.452330857929,34.4493468223471],[-118.451964145657,34.4494226103158],[-118.451486994197,34.4495224228864],[-118.451348496584,34.4495490573283],[-118.451225849761,34.4495520179373],[-118.451172115137,34.449542997782],[-118.451084054465,34.4495282146069],[-118.450964208001,34.4494900186186],[-118.450779367674,34.4494134216179],[-118.450647716054,34.4493682119815],[-118.4505128902,34.4493356958393],[-118.450383619316,34.4493114881831],[-118.450091752351,34.4492775042942],[-118.450091775907,34.4494842047626],[-118.450089126888,34.4524045676469],[-118.450089126778,34.4524049498968],[-118.450089126157,34.4524050364461],[-118.450089125025,34.4524056323628],[-118.450072324893,34.4540415853614],[-118.450072193771,34.4540543749765],[-118.450052914593,34.4559297008136],[-118.450052602957,34.4559600376055],[-118.450051789324,34.4560380465441],[-118.45003741431,34.4574167687442],[-118.450034206619,34.4577244048136],[-118.450028231434,34.4583119919732],[-118.450017199593,34.4593967824863],[-118.450015946812,34.4595200156476],[-118.450016794669,34.4596174761542],[-118.450040938033,34.4623928542003],[-118.450045581209,34.4629266263455],[-118.450047401044,34.463135824395],[-118.450051468933,34.4636034298702],[-118.450060231997,34.4646109601614],[-118.450066175174,34.465294151641],[-118.450072029848,34.465967195781],[-118.450075023892,34.4663406140935],[-118.450077019628,34.4665895698476],[-118.450074531516,34.4665896061207],[-118.450074528787,34.4665897052992],[-118.4500616664,34.4665897800444],[-118.443528013241,34.4667356987107],[-118.443507677815,34.4667360957734],[-118.442744607899,34.4667511183853],[-118.441338931138,34.4667787963583],[-118.440928126021,34.4667867102533],[-118.440080125345,34.4668030406665],[-118.440069193459,34.4668032335665],[-118.440062291774,34.4668090941985],[-118.439990009802,34.466870460199],[-118.439852124034,34.4669875233836],[-118.439758714816,34.4670665817167],[-118.439634967207,34.4671713154783],[-118.439607390157,34.4671946559232],[-118.439572829959,34.4672239059432],[-118.439559642855,34.4672350677718],[-118.439558589535,34.4672359595941],[-118.439548134436,34.4672448261471],[-118.439542629449,34.467249490769],[-118.439538013074,34.4672534048037],[-118.439537967562,34.4672534437344],[-118.439535231343,34.4672557660693],[-118.43952736113,34.4672623054244],[-118.439527439834,34.4672623682465],[-118.439490140335,34.4672939865665],[-118.439488431421,34.4672954379081],[-118.439327846072,34.4674315734232],[-118.439327673773,34.4674317200949],[-118.439325363425,34.4674336820744],[-118.439295402515,34.4674591136117],[-118.439174969197,34.4675613430704],[-118.439110720136,34.4676158819317],[-118.439110600925,34.4676159815314],[-118.439109681324,34.4676149859629],[-118.439062011644,34.4675632951893],[-118.438835986891,34.4673182193656],[-118.438703809573,34.4671749004309],[-118.438478196348,34.4669302642034],[-118.438410497861,34.4668568573488],[-118.438403629843,34.466844743052],[-118.438401154456,34.4668403768669],[-118.438398843824,34.4668362913642],[-118.438397839118,34.466836908034],[-118.43839186623,34.4668405753983],[-118.438391073901,34.4668405944879],[-118.43838973304,34.4668406272788],[-118.438385459036,34.4668407301657],[-118.43815552717,34.4668463016455],[-118.438122076333,34.4668471111763],[-118.438111977419,34.4668473567879],[-118.438106180796,34.466847496715],[-118.438087532785,34.466847948082],[-118.438074192725,34.4668482721032],[-118.43806076554,34.4668485874221],[-118.438056010541,34.4668487136703],[-118.437711739888,34.4668560817048],[-118.437367008974,34.4668645295531],[-118.437363782801,34.4668645574069],[-118.43735344021,34.4668463909781],[-118.437337229798,34.4668179186634],[-118.437305520298,34.4668319390304],[-118.437288108799,34.4668396386306],[-118.43723581233,34.4668656567947],[-118.437108542822,34.4668667508182],[-118.436837820838,34.4668761602748],[-118.436089620264,34.4668929392558],[-118.435670284918,34.4669017314694],[-118.435302870865,34.4669102801212],[-118.435017879115,34.4669167228825],[-118.435000224606,34.4669171224329],[-118.434922748715,34.4669188741036],[-118.434918903527,34.4669189681195],[-118.434917619245,34.4669189970631],[-118.434917318208,34.4669184635345],[-118.434906166681,34.4668987031879],[-118.434752788081,34.4666273268616],[-118.434603315093,34.466362865515],[-118.434593900828,34.4663462091976],[-118.434331482734,34.4665804213674],[-118.434330438281,34.4665813527799],[-118.434322022028,34.4665888665017],[-118.43399158212,34.4668838690049],[-118.433928813684,34.466940677086],[-118.433927783382,34.4669416102474],[-118.433927068343,34.4669416308346],[-118.433908502375,34.4669421678129],[-118.433908179204,34.4669421897036],[-118.432764205371,34.4669752711291],[-118.432580857215,34.4669805820838],[-118.432580950974,34.4670017686092],[-118.432534210676,34.4681846588293],[-118.432521063679,34.4685173937048],[-118.432509050304,34.4688217434642],[-118.432502799807,34.4689801095652],[-118.432484580937,34.4694418885553],[-118.432483440743,34.4694707082201],[-118.432439000797,34.4705812539153],[-118.432424966606,34.4709510131993],[-118.43244651121,34.4709539322205],[-118.432447354266,34.4709540310896],[-118.432391827497,34.4712730892046],[-118.432317358013,34.4731549850078],[-118.432278726795,34.474130697582],[-118.432274971309,34.4742254851587],[-118.432274162112,34.4742419752141],[-118.432259479368,34.4746139300976],[-118.432130883801,34.4778716761179],[-118.43207054545,34.4793997558515],[-118.432031933458,34.4803775611159],[-118.432031815045,34.4803803364441],[-118.431996123187,34.4812843194307],[-118.431996602455,34.481287093533],[-118.431994590761,34.4813378973481],[-118.431997370067,34.4813378739339],[-118.431993836997,34.4814974571525],[-118.431988272986,34.4814975148181],[-118.431988065133,34.4815027759799],[-118.431977151221,34.4821420151339],[-118.431971585149,34.4824681026549],[-118.43196901857,34.4826184201094],[-118.431958248148,34.4832492816844],[-118.431934058332,34.4846661239941],[-118.431924589946,34.4852206997696],[-118.431908319544,34.4861736158443],[-118.431891486982,34.4871594765975],[-118.431882146641,34.487706524934],[-118.431869857024,34.488426331931],[-118.431867638304,34.4885562600021],[-118.431846265803,34.4897899866998],[-118.431837731187,34.4902825905466],[-118.431830300981,34.4907114875481],[-118.431803053726,34.4923172036573],[-118.431789437807,34.4931195247381],[-118.431763111881,34.4946707939456],[-118.431754484048,34.4951792025961],[-118.431748330264,34.4955417811764],[-118.431747226632,34.4956105094805],[-118.431697894328,34.4974038743941],[-118.431684973854,34.4978735469092],[-118.431664354729,34.498623077382],[-118.431655239755,34.4989544212274],[-118.431631886212,34.4998033376374],[-118.431619551505,34.500251722895],[-118.431591125904,34.5012849709258],[-118.431558944807,34.5024546991139],[-118.431546481788,34.5029076816004],[-118.431539322117,34.5031679230091],[-118.431516633831,34.503992702822],[-118.431502808333,34.5044953074386],[-118.431502424419,34.504509264445],[-118.431499494078,34.5046157668645],[-118.431489132807,34.5049924239013],[-118.431467826987,34.505766878113],[-118.431445697105,34.5065712965453],[-118.431422711875,34.5074067962942],[-118.431408957655,34.5079067734391],[-118.431408672581,34.5079171149664],[-118.431395808864,34.5083847105822],[-118.431378191679,34.5090250565187],[-118.431369826991,34.5093290955222],[-118.431356976477,34.5097961708446],[-118.431331413461,34.5107253048392],[-118.431129042949,34.5180711028776],[-118.430930430331,34.5252780507538],[-118.430926602932,34.5254168956553],[-118.430926535969,34.5254193191934],[-118.430914523085,34.5258564366932],[-118.430848748169,34.5282496987728],[-118.430777402699,34.5308454877712],[-118.430743901843,34.5320643349077],[-118.430740867562,34.532174701332],[-118.430738058032,34.5322769306956],[-118.430735601292,34.5323662967516],[-118.430734857864,34.5323933424298],[-118.430731478983,34.5325162665106],[-118.430731286389,34.5325232522082],[-118.431245948782,34.5320068382744],[-118.431852698585,34.5315003594887],[-118.4322076425,34.531145547684],[-118.432437348172,34.5309777595086],[-118.432573786647,34.5308878252426],[-118.433427874524,34.5302407524745],[-118.433936343434,34.5296426140346],[-118.435009258904,34.52918989664],[-118.43501125977,34.5292008970978],[-118.435065259228,34.5292318973566],[-118.435108259178,34.5292358966464],[-118.435184258867,34.5292148964876],[-118.435391259319,34.5289658970708],[-118.435584259989,34.5287728970672],[-118.435707258737,34.5286728959273],[-118.435950258622,34.5285788972726],[-118.436136258547,34.5284808972098],[-118.436268259512,34.5283368966737],[-118.436405259162,34.5282238977177],[-118.436596259233,34.5281618967217],[-118.436754260006,34.5281758972984],[-118.436832258839,34.5282188972216],[-118.436984260058,34.5281418965569],[-118.437283260126,34.5279678969932],[-118.437444259661,34.5278188972708],[-118.437585259233,34.527645896855],[-118.437751259899,34.5275368974185],[-118.437972260568,34.5275188968563],[-118.438287259332,34.5274478968038],[-118.438616259728,34.5273558966163],[-118.438755259938,34.5273188962846],[-118.439380260169,34.5273788961893],[-118.439600260787,34.527376896557],[-118.439774259729,34.527413897224],[-118.439944260557,34.5275508976317],[-118.440030259536,34.5275498964168],[-118.440073261215,34.5275458974083],[-118.440255260832,34.5274678968283],[-118.440462260585,34.5274968966459],[-118.440744258792,34.5274578977541],[-118.440898259387,34.5274918960828],[-118.441048259513,34.5275458973719],[-118.441124259318,34.5275408964641],[-118.441167259104,34.5274888962399],[-118.441147259344,34.5274378965522],[-118.44111325938,34.5274138961171],[-118.44107425937,34.5273988966331],[-118.440983259676,34.5273918967723],[-118.44086225869,34.5273698961779],[-118.440703259478,34.5272998963839],[-118.440567259699,34.5272018963091],[-118.440509260707,34.5271708958653],[-118.440403258354,34.5271648956851],[-118.440360260434,34.5271528963225],[-118.440245259957,34.527150896244],[-118.440158260639,34.5271638960375],[-118.440087259409,34.5271718965376],[-118.440029259361,34.5271488960082],[-118.439941259185,34.5270708965637],[-118.439705260428,34.5267988972337],[-118.439536258892,34.5266978962033],[-118.439353259619,34.526687897801],[-118.439181260564,34.5266938965865],[-118.439046259315,34.526691897379],[-118.438998259789,34.5266608970297],[-118.438997258272,34.5265928958613],[-118.439026258667,34.5265518969259],[-118.439048260879,34.5265208968609],[-118.439329259532,34.5263908967334],[-118.439461259674,34.5262578966925],[-118.439671259391,34.5262118953771],[-118.43980525989,34.5261868968143],[-118.439925259261,34.5261928963965],[-118.440013260854,34.5262558962648],[-118.440082259788,34.5263138965496],[-118.440168259211,34.5263368965514],[-118.440287259047,34.5262638959904],[-118.440477259899,34.5261628960749],[-118.440739259394,34.52607589674],[-118.441042260082,34.5260768964421],[-118.441283260005,34.5261408957265],[-118.44138826046,34.5261518959337],[-118.441517260036,34.5261228964551],[-118.441674260014,34.5260178964543],[-118.442315837973,34.5260410170508],[-118.44225096077,34.5263869127538],[-118.442339566155,34.5265170030019],[-118.44242085052,34.5266364016131],[-118.442610308387,34.5269191005505],[-118.442727501914,34.5271240481968],[-118.442697044621,34.5274213363775],[-118.442573494834,34.5277067950095],[-118.44235160841,34.5278756612759],[-118.44233699276,34.5279747200622],[-118.442447970762,34.5281465487092],[-118.442544861626,34.5283788587528],[-118.442588606446,34.5285996578871],[-118.44253825651,34.5288912784563],[-118.442434691697,34.5291769074891],[-118.442470314385,34.5295133659089],[-118.442645801651,34.5298455724227],[-118.44278829533,34.5301554230311],[-118.442812359192,34.5303540324306],[-118.442639512645,34.5308484541374],[-118.442542689134,34.5311286215325],[-118.442400443346,34.531314726857],[-118.442359017762,34.5314300674445],[-118.442235250324,34.5317320684775],[-118.44201806051,34.5320497443383],[-118.441993537143,34.5324022154928],[-118.441622991613,34.5327350677124],[-118.441227036684,34.5329740252778],[-118.440758607993,34.5331517046392],[-118.440483057888,34.5333476365242],[-118.440252542312,34.5336652150224],[-118.439780126516,34.5341514583003],[-118.439637546463,34.5343650940782],[-118.439512630105,34.534755220427],[-118.439622858865,34.5355001491831],[-118.439635908676,34.5360348099069],[-118.439630840616,34.5364260089129],[-118.439730605334,34.5369504055668],[-118.439739448189,34.5372976481223],[-118.439902043049,34.5375966577069],[-118.439927407905,34.5376960950802],[-118.439832639952,34.5378164871088],[-118.439743923606,34.5379809949024],[-118.439607553004,34.5382277787604],[-118.439425201107,34.5384245219954],[-118.439427505429,34.5387606913051],[-118.439430302224,34.5390583024172],[-118.439395021167,34.539212281531],[-118.439135595211,34.5397059064627],[-118.43891686232,34.5401393197044],[-118.437962485226,34.5407110773253],[-118.437064592626,34.5413669265892],[-118.436660822173,34.5423720808122],[-118.436066653595,34.5431228967454],[-118.435276192946,34.5440093037187],[-118.434881142532,34.5444410295322],[-118.434234625077,34.5449848110706],[-118.433557531801,34.5457117832949],[-118.433048303432,34.5463487618856],[-118.432857001039,34.5465439636436],[-118.432625500973,34.5467801968592],[-118.431915049451,34.5478738992609],[-118.43127021079,34.5483029551653],[-118.430429066956,34.5488675964288],[-118.430331613472,34.5489080774951],[-118.430315463618,34.5489143624247],[-118.430317152663,34.5488432235432],[-118.430327764871,34.5483963233432],[-118.430357022735,34.547164236485],[-118.430357028855,34.5471639452712],[-118.4124692148,34.5471071688979],[-118.41246918375,34.5471081579739],[-118.412435270315,34.5481948605321],[-118.412357708282,34.5506800501958],[-118.412335913689,34.5513775050105],[-118.412316509271,34.5519984610881],[-118.412304916711,34.552369430014],[-118.412273350079,34.553379572997],[-118.412268553949,34.5535442946857],[-118.4122639124,34.5536931643811],[-118.412246490064,34.5542519130451],[-118.412185340164,34.5562129418989],[-118.412105632978,34.5587689673129],[-118.412090418389,34.5587689377804],[-118.411028750415,34.5587668995003],[-118.411029090361,34.5588621333011],[-118.411032533429,34.5598261503205],[-118.41104154987,34.5623508956766],[-118.411054358848,34.5659365934224],[-118.411059698295,34.5673870495559],[-118.411068018213,34.569647122275],[-118.411080761468,34.5731048781508],[-118.411083283698,34.5738028311335],[-118.411085978382,34.5745486605113],[-118.411090136556,34.5756995838288],[-118.411091488889,34.5760738272708],[-118.411091800767,34.5761629144245],[-118.411091961186,34.5762083640134],[-118.411092141935,34.5762596887392],[-118.41109377066,34.5767109886422],[-118.411106789835,34.5803171247002],[-118.411110693521,34.5813955272059],[-118.411119498002,34.5839218584882],[-118.411132049467,34.5875279652481],[-118.411145362609,34.5912206245362],[-118.411156811444,34.5943966285197],[-118.411158668918,34.594911882214],[-118.410781232517,34.5949082243194],[-118.410566770197,34.5949061460755],[-118.410203705255,34.5949026262619],[-118.4100504975,34.5949011409239],[-118.409789242573,34.5948986070206],[-118.409405706462,34.5948948860853],[-118.408690054996,34.5948879402386],[-118.407415558921,34.5948755595779],[-118.406495867166,34.5948666178472],[-118.406332612899,34.5948649910337],[-118.40623492505,34.5948640175618],[-118.405507783349,34.5948567668348],[-118.405208681082,34.5948537831894],[-118.403041362287,34.5948321420903],[-118.402110869523,34.5948228387848],[-118.4019659727,34.5948213905899],[-118.401662181625,34.5948183533223],[-118.400283585815,34.5948045614052],[-118.399055984827,34.594792267716],[-118.398048244917,34.5947821654711],[-118.397246547302,34.594774123194],[-118.395865106378,34.5947602526031],[-118.394528456782,34.5947468168437],[-118.393736264442,34.5947388467769],[-118.393466590419,34.5947361319737],[-118.393340490492,34.5947348632725],[-118.393338082893,34.5943417255951],[-118.393326188967,34.5923995002742],[-118.393309341137,34.5896479068187],[-118.393301177125,34.5883140525051],[-118.393299428162,34.5880282525679],[-118.393299087232,34.5879725506662],[-118.393298368114,34.5878551149239],[-118.393296481862,34.5875405227271],[-118.393296043262,34.5874687840306],[-118.393294996626,34.5872970959734],[-118.393294497683,34.5872126018884],[-118.393294326603,34.5871835834708],[-118.393293998872,34.5871281357491],[-118.393274852333,34.5839758879741],[-118.393265632115,34.5824576918619],[-118.393263796465,34.5821555880478],[-118.393261771577,34.581825689208],[-118.393259884694,34.581511135563],[-118.393259849639,34.5814053316219],[-118.393259155071,34.5812923708523],[-118.393257217411,34.5809772169411],[-118.393256660722,34.5808867206695],[-118.393256582716,34.580873916649],[-118.393253363596,34.5803502942194],[-118.39325136567,34.5803502979798],[-118.392218193751,34.5803522348675],[-118.392221238174,34.5803557202311],[-118.386585081162,34.5803569839624],[-118.384457591552,34.5803691472987],[-118.384422269277,34.5783930073316],[-118.3844230997,34.5759939951159],[-118.384427910971,34.5759933587495],[-118.384428114664,34.5759933319611],[-118.384427745505,34.5759639372959],[-118.384427116215,34.5759138770297],[-118.384423058947,34.5731906463764],[-118.384416771238,34.5731906193881],[-118.383759511282,34.5731878213588],[-118.377084747793,34.573206984953],[-118.375625073956,34.5732111278838],[-118.375651208371,34.5688332505148],[-118.375688923587,34.5625149323866],[-118.375696751042,34.5612034676778],[-118.375696798133,34.5611955593966],[-118.375705687187,34.559706194203],[-118.375711294338,34.5587668755127],[-118.375711857478,34.5586725170315],[-118.377259520438,34.5586763768457],[-118.377264678247,34.5585683433433],[-118.377321872167,34.5573699186368],[-118.377390721379,34.555927220235],[-118.378154022296,34.5399292955866],[-118.378298617971,34.5366415374593],[-118.378598594729,34.5298131317406],[-118.378681572444,34.5279216123852],[-118.378783207445,34.5256046469232],[-118.378808321032,34.5250318252302],[-118.379410842283,34.5112853282663],[-118.379413004526,34.511235980155],[-118.37941304392,34.511231244322],[-118.379444228731,34.5075061385062],[-118.379469712758,34.5043748434594],[-118.379474586085,34.5037761883083],[-118.379481244998,34.5030048250099],[-118.379481281972,34.5030005156025],[-118.379482825577,34.5028217734294],[-118.379482827512,34.5028214813291],[-118.379483990779,34.5026868546905],[-118.379465628396,34.5024522999765],[-118.379274417143,34.5024403689213],[-118.379280330764,34.5021217630386],[-118.379436292718,34.502082584971],[-118.379433031839,34.5020370906582],[-118.379425733795,34.5019439813649],[-118.37930644693,34.5004220910737],[-118.379277655991,34.5000547515896],[-118.379193991096,34.498984612442],[-118.378989414604,34.4963677906392],[-118.378986929796,34.4963359952628],[-118.378986894957,34.4963359962731],[-118.378988474305,34.4962084145933],[-118.379032958154,34.492617124686],[-118.379094582822,34.487600556663],[-118.379105236941,34.4875961248429],[-118.379301418567,34.487514515262],[-118.379542188476,34.487414356789],[-118.379482947116,34.4872929593955],[-118.379107881855,34.486524363576],[-118.379107803832,34.4865242051509],[-118.379124353234,34.4851769000639],[-118.379185367694,34.4808121863084],[-118.379186641875,34.4807393894156],[-118.379293214656,34.4763869682346],[-118.379504116725,34.467831514759],[-118.379504430568,34.4678184587485],[-118.379509196519,34.4676315913167],[-118.379508045924,34.4676315822932],[-118.378966650329,34.4676274140877],[-118.37896666908,34.4676272292159],[-118.378953690313,34.4676271254972],[-118.378953687913,34.4676273157271],[-118.378313193216,34.4676223829796],[-118.377118879424,34.4676124156496],[-118.375923737228,34.4676026032118],[-118.374728593584,34.467592394959],[-118.373533418343,34.4675825879351],[-118.372339109999,34.4675735354858],[-118.371157836427,34.4675643881492],[-118.371143970533,34.4675642808992],[-118.371019822396,34.4675634299035],[-118.370953578127,34.4675629760849],[-118.369948903612,34.4675560925504],[-118.369948786051,34.4675560920072],[-118.368840731784,34.467548467706],[-118.367732697718,34.4675419105533],[-118.366623800528,34.4675353179451],[-118.366413647475,34.4675340016925],[-118.365738832376,34.4675314483694],[-118.365514909428,34.4675298141494],[-118.364516806924,34.4675226008074],[-118.364415120801,34.4675218658124],[-118.364415119973,34.4675219253158],[-118.364410281144,34.46752183076],[-118.364406072841,34.4675218001223],[-118.363298434029,34.4675143214101],[-118.362190031416,34.4675068628163],[-118.361954962515,34.4675052733212],[-118.361307411416,34.4675008930293],[-118.361101968204,34.467499498565],[-118.361102490121,34.4674567060062],[-118.361105540507,34.4672065987561],[-118.361109215667,34.466905296397],[-118.36111195525,34.4666806609206],[-118.361113093921,34.4665873331958],[-118.361124557435,34.4656474546951],[-118.361147094646,34.463798956416],[-118.361169844341,34.4619306714004],[-118.361192589319,34.4600693116637],[-118.361214651414,34.4582572501537],[-118.361236700639,34.4564499692328],[-118.361238139245,34.4563325192482],[-118.361250665486,34.4553111269427],[-118.361251274089,34.4552615086134],[-118.361253800904,34.4550554874233],[-118.361254489559,34.4549992363101],[-118.361254731686,34.4549938363355],[-118.36125497381,34.4549884354595],[-118.361257054203,34.454822005314],[-118.361257438332,34.4547911385412],[-118.361259229529,34.4546476071754],[-118.361259307111,34.4546411565083],[-118.361259330528,34.4546392794564],[-118.361260752556,34.4545255483097],[-118.361260926231,34.4545116462238],[-118.361262104421,34.4544174699544],[-118.361264843453,34.4541986662484],[-118.361267895533,34.4539546918327],[-118.361281965394,34.4528299633444],[-118.361271635422,34.4527201698886],[-118.361271739914,34.4527201731836],[-118.360761110567,34.447213779979],[-118.360690417764,34.4464616750578],[-118.360626688441,34.4457836433273],[-118.360626606848,34.4457836489789],[-118.360608605389,34.445590887061],[-118.360598973732,34.4453056998476],[-118.360573349239,34.4423490976044],[-118.360520378351,34.4380922171346],[-118.360520319593,34.4380922173092],[-118.360520315828,34.4380918503979],[-118.360464069479,34.43808526507],[-118.360462155567,34.4380850354573],[-118.353136958191,34.4372276755734],[-118.35163285152,34.4370521297538],[-118.35163213628,34.4370520461815],[-118.351529804619,34.4370400702146],[-118.351224682272,34.4370043590532],[-118.349670582674,34.4368224823028],[-118.347188133089,34.4365319169806],[-118.346431374057,34.4364433251392],[-118.346311425507,34.4364292836972],[-118.345362969738,34.4363182414529],[-118.344073489855,34.4361672624877],[-118.342744182069,34.4360116051518],[-118.34193302261,34.4360054629773],[-118.341919934602,34.4360053637336],[-118.341308582803,34.436000731216],[-118.340896395796,34.4359982082788],[-118.340580321739,34.4359957982126],[-118.340111044936,34.4359922771019],[-118.340061835453,34.4359919074866],[-118.340060322966,34.435992964712],[-118.340060574311,34.4359918974986],[-118.33977139818,34.4359900653383],[-118.339387171312,34.4359876284518],[-118.339385576763,34.4359869738948],[-118.339246012487,34.4359859344142],[-118.338750418774,34.435982314845],[-118.334348102668,34.4359500710076],[-118.331878280579,34.4364461644573],[-118.331050868833,34.4366123347022],[-118.329879619905,34.4368475767399],[-118.329848664003,34.4368537940064],[-118.327247091563,34.4373762684093],[-118.326606091331,34.4375049904327],[-118.324977764891,34.4378319479699],[-118.324903069714,34.4378469457153],[-118.324906606631,34.4376914505369],[-118.324983861663,34.4342942624434],[-118.325064647811,34.4307415791586],[-118.325066314499,34.4306673824731],[-118.325226229784,34.4236361809788],[-118.325296858634,34.4165637586534],[-118.325305154896,34.4157328875139],[-118.325377893516,34.4084471016361],[-118.32541756926,34.4029273714309],[-118.32543144411,34.4009969608747],[-118.325485693053,34.3978096142127],[-118.325556360275,34.3936578633686],[-118.325685505573,34.3860678659794],[-118.325700059997,34.3852123286523],[-118.325800724311,34.3792941549037],[-118.325808858319,34.3788159101801]]]},"properties":{"OBJECTID":10402,"Date":null,"Code":"1061004","DivisionName":"SANTA CLARITA COMMUNITY COLLEGE TA4","division_type":"COMMUNITY COLLEGE","group_type":"10","District":"SANTA CLARITA COMMUNITY COLLEGE","Shape__Area":2440103573.0830078,"Shape__Length":353183.46462217555,"GlobalID":"8a21607e-4e1e-45ff-8648-077a5938f9fe","CreationDate":1788987057416,"Creator":"RRCCgis_lacounty","EditDate":1788987057416,"Editor":"RRCCgis_lacounty"}},{"type":"Feature","id":10403,"geometry":{"type":"Polygon","coordinates":[[[-118.503412342882,34.3650903291426],[-118.505082424166,34.3655143632465],[-118.505116903914,34.3655231177594],[-118.505642449315,34.3656570941503],[-118.506315523847,34.3658733405221],[-118.506590373617,34.3659619421726],[-118.506743090319,34.3660083479412],[-118.506987078177,34.3660791271677],[-118.507071708294,34.3661004019929],[-118.507148233636,34.3661238509218],[-118.507187605679,34.3661398435703],[-118.507210852875,34.3661492818756],[-118.507244404797,34.3661628836362],[-118.507252707642,34.3661666308475],[-118.507361375799,34.3662157850396],[-118.507487019268,34.3662790087053],[-118.5075917462,34.3663352319315],[-118.507664617563,34.3663741635407],[-118.507699420946,34.3663927526574],[-118.507781244165,34.366436469936],[-118.508271697346,34.3667102186284],[-118.508364544595,34.3667709220662],[-118.508975376152,34.3671702856177],[-118.50943118517,34.3674682461952],[-118.509576029834,34.3675629138286],[-118.509774211271,34.3676924394866],[-118.510264627669,34.3680129494514],[-118.510409340171,34.3681047218091],[-118.510731298705,34.3682963861362],[-118.510740901256,34.3683021029057],[-118.510886617941,34.368388851598],[-118.511222540014,34.3685862400506],[-118.511380508837,34.3686790633396],[-118.511758026365,34.3689062320738],[-118.512077438525,34.369115097747],[-118.512143363682,34.3691579073953],[-118.512247158175,34.3692254764285],[-118.512390194186,34.3693184976425],[-118.512633109173,34.3694806374662],[-118.512745975258,34.3695558046486],[-118.512821036042,34.369603912399],[-118.512887478092,34.3696461406701],[-118.513102230917,34.3697826273145],[-118.513242353506,34.3698667472452],[-118.513288262292,34.3698943085455],[-118.513373311659,34.369945334315],[-118.513388711455,34.3699543575113],[-118.513431512951,34.3699794391618],[-118.513885483415,34.370242325507],[-118.514174851656,34.3704135322445],[-118.514377741027,34.370532890838],[-118.514761334724,34.3707625722355],[-118.51477023744,34.3707679030959],[-118.514993093196,34.3709016014035],[-118.515355677949,34.3711219554081],[-118.515741588257,34.3713621268021],[-118.516327151948,34.3717343678847],[-118.516730830539,34.3719808451654],[-118.517203710975,34.3722695731188],[-118.517365017345,34.3723695885271],[-118.517775920947,34.3726243599298],[-118.517973841286,34.3727426879746],[-118.518281464988,34.3729158669749],[-118.518633953178,34.3731094579438],[-118.51893981577,34.3732647815223],[-118.519139222012,34.3733556494455],[-118.519323633476,34.3734324848125],[-118.519372424478,34.3734508276602],[-118.519684050288,34.3735679832592],[-118.520285528805,34.3738291990909],[-118.520665760928,34.373994531672],[-118.520740791197,34.3740271561487],[-118.521262494488,34.3742502393255],[-118.521563227494,34.3743787837235],[-118.521909570008,34.3745254962863],[-118.521991882815,34.3745603641243],[-118.522352404711,34.3747106304459],[-118.523008062406,34.3749793778473],[-118.523026902108,34.3749869930082],[-118.523204714197,34.3750676185007],[-118.523225145032,34.3750768504361],[-118.523233889263,34.3750876050225],[-118.523300960711,34.3751750226703],[-118.523409260352,34.3752228758364],[-118.523695260208,34.3753428751886],[-118.523812468292,34.3753920571475],[-118.523950261442,34.3754498760263],[-118.524043567511,34.3754885229001],[-118.524119260074,34.3755198757693],[-118.524343907449,34.3756124705893],[-118.524306372181,34.3755611243836],[-118.524899691945,34.3758262680912],[-118.525220359612,34.3759619438808],[-118.525242856742,34.3759709943315],[-118.52539646368,34.3760329559509],[-118.525469552739,34.3760621790092],[-118.52553599977,34.3760869763112],[-118.525660612829,34.3761403508063],[-118.525723782723,34.376172721623],[-118.525806944212,34.3762207817376],[-118.525888481303,34.3762746953247],[-118.525975047087,34.376338211874],[-118.526031682334,34.3763843485392],[-118.526080031279,34.3764308520016],[-118.526330239943,34.3766908166091],[-118.526330415351,34.376690699549],[-118.526430892167,34.3766237422997],[-118.526462286924,34.3766095094984],[-118.526487097094,34.3766022056673],[-118.52657653168,34.3765945895937],[-118.526654412633,34.3765942512873],[-118.526727383239,34.3766028631117],[-118.526790455034,34.3766190764125],[-118.526901808007,34.376670802445],[-118.526953368641,34.3767011648657],[-118.527076394983,34.3767652046106],[-118.527202725763,34.3768261267625],[-118.527330680253,34.3768836339017],[-118.527783377261,34.3770669582248],[-118.527824109955,34.3770834539581],[-118.527880596529,34.3771065623904],[-118.528096602,34.377199054487],[-118.528217897703,34.3772510641647],[-118.528581823138,34.3774119633233],[-118.528977301527,34.3775829994693],[-118.529038696765,34.3776098363502],[-118.529422601629,34.3777710145371],[-118.529671836963,34.3778757224325],[-118.529911071554,34.3779722271497],[-118.530057288882,34.37803305671],[-118.530358016349,34.3781574575703],[-118.53052751439,34.3782309144555],[-118.530595635917,34.3782594673984],[-118.530981168146,34.3784291927644],[-118.531017725514,34.3784444760165],[-118.531335105591,34.3785808343699],[-118.531466344636,34.3786324690718],[-118.53153610516,34.3786572242313],[-118.531713884115,34.3787306377489],[-118.531811964456,34.3787786553779],[-118.53191007554,34.3788324940337],[-118.531968314717,34.3788700238233],[-118.532019941988,34.3789096390123],[-118.532103324762,34.3789920380063],[-118.532140075724,34.379038590872],[-118.532173494979,34.3790817261905],[-118.532195209433,34.3791087798321],[-118.532333990872,34.3793025848279],[-118.532487781148,34.3795100623059],[-118.532574660399,34.3796209730359],[-118.532877205883,34.3800287207784],[-118.533041087713,34.3802591785217],[-118.533370481584,34.3807190241619],[-118.533447398518,34.3808255217881],[-118.53366472073,34.3811203081963],[-118.533908731375,34.3814421049149],[-118.534394986707,34.3820671762317],[-118.534585425547,34.38230608848],[-118.534663911114,34.382398818225],[-118.534737394653,34.3824874589614],[-118.534857706339,34.3826401340771],[-118.535155091771,34.3830142444633],[-118.535413929066,34.3833212055084],[-118.535475701546,34.3833930756915],[-118.535659349758,34.3836031669912],[-118.535769570186,34.3837336799725],[-118.535889003012,34.3838750923174],[-118.535893151589,34.3838800054016],[-118.537609960209,34.3859219927822],[-118.537890570353,34.3862618411607],[-118.53872660633,34.3872734728193],[-118.538815646652,34.387381212311],[-118.539116618509,34.3877454027067],[-118.53913333658,34.3877673060988],[-118.541230859178,34.3902109077363],[-118.541666655956,34.3907175651557],[-118.541691105265,34.3907459815403],[-118.541767976568,34.3908353710188],[-118.541918176942,34.391010031202],[-118.541933852416,34.3910282596877],[-118.542068145758,34.3911831028215],[-118.542032035506,34.3912067998379],[-118.542231536092,34.391448061342],[-118.542231080899,34.3914484690703],[-118.542257031497,34.3914797419171],[-118.542383346524,34.3916306689363],[-118.541540800122,34.3920766498214],[-118.541511106097,34.3920923655442],[-118.541511061662,34.3920923891827],[-118.541447935459,34.3921257864269],[-118.541446099503,34.3921267592723],[-118.541443974587,34.3921286187196],[-118.541240476429,34.3922357051383],[-118.540737301951,34.3925017639497],[-118.540869381728,34.3926719336203],[-118.540670435371,34.3927780656729],[-118.540509525216,34.392863906396],[-118.540331399762,34.3929589291654],[-118.540196882683,34.392785620696],[-118.540188392993,34.3927900949924],[-118.540127263763,34.3928223512148],[-118.540309365064,34.3930494950142],[-118.539672991783,34.3933460802287],[-118.53951844892,34.3931469976859],[-118.539389292941,34.3932159982124],[-118.539253998157,34.3932882849653],[-118.538926054483,34.3934643963492],[-118.539233599008,34.3939285595501],[-118.539293021597,34.3940182445465],[-118.539293917774,34.394019593771],[-118.539333485207,34.3940792394173],[-118.539333955527,34.3942412889871],[-118.53933563133,34.3948187588162],[-118.539335745929,34.3948586423969],[-118.539336138589,34.394996091106],[-118.539336258921,34.3950299713119],[-118.539367193974,34.3952121339354],[-118.539348063213,34.395215434819],[-118.539331852682,34.3952182476],[-118.539315626838,34.3952210469238],[-118.539299399992,34.395223859773],[-118.539283173057,34.3952266590972],[-118.539266962604,34.3952294844907],[-118.539250735761,34.3952322982349],[-118.539234508818,34.3952350966512],[-118.539218281972,34.395237910391],[-118.539202055026,34.3952407088029],[-118.539185828179,34.3952435225384],[-118.539169617544,34.3952463208735],[-118.539153390601,34.3952491201804],[-118.539137163651,34.3952519185836],[-118.539120935618,34.395254717891],[-118.539104709666,34.3952575027624],[-118.539088481631,34.3952603020655],[-118.539072255764,34.3952631004552],[-118.539056027727,34.3952658997539],[-118.539039800683,34.3952686846214],[-118.539023574819,34.3952714839061],[-118.539007346772,34.3952742822968],[-118.538996205068,34.3952762043191],[-118.539003324248,34.3953115003842],[-118.539011265927,34.3953508758631],[-118.539032265829,34.3955258776286],[-118.539038264496,34.3958038765925],[-118.539024266285,34.3960158762231],[-118.538974264844,34.3962428761151],[-118.538908264593,34.3965098771501],[-118.538791265497,34.3967978762127],[-118.53871226537,34.3969728769412],[-118.5386882655,34.3970258777534],[-118.53859451681,34.3972521468238],[-118.538526264553,34.3974168771348],[-118.538413264811,34.3977288768451],[-118.538360265933,34.3979138762426],[-118.538321265144,34.3980698767788],[-118.538306265481,34.3982108773354],[-118.538282264943,34.3983978764928],[-118.538294265516,34.3987008773177],[-118.538333265365,34.3990358765035],[-118.538374264994,34.3992458765472],[-118.538405266141,34.3994068763542],[-118.538529265227,34.4000188772009],[-118.538622266091,34.4004898778944],[-118.5386335443,34.4005506852743],[-118.538851012286,34.4017231286442],[-118.538898264353,34.4019778774311],[-118.53899212565,34.4025319588882],[-118.539022265206,34.4027098770161],[-118.539208264655,34.40380687812],[-118.539306266336,34.4044578779219],[-118.539832903352,34.407304978133],[-118.53992426575,34.4077988768535],[-118.540134888108,34.4089380190873],[-118.54010316643,34.4089424408656],[-118.540148091308,34.4091588155569],[-118.54015108586,34.4091732385542],[-118.540181771516,34.4091687294214],[-118.540587559218,34.4113570302924],[-118.540600446928,34.4114275506751],[-118.540987064764,34.4135752057569],[-118.541040918012,34.4138473914453],[-118.541135843934,34.4143269973671],[-118.54117225403,34.4145109713779],[-118.541246884597,34.4148880889418],[-118.541326013744,34.4152879294785],[-118.541328723293,34.4153016189616],[-118.541336018554,34.4153384854551],[-118.541407594147,34.4156373269735],[-118.541445266149,34.4158216243211],[-118.541466569401,34.4159406287122],[-118.541468004149,34.415948644193],[-118.541510635755,34.4161868034062],[-118.541543820254,34.4163899160196],[-118.54158513898,34.4166449308102],[-118.541614105673,34.4168270428738],[-118.541637935148,34.4169521952567],[-118.541681327801,34.4171800933012],[-118.541690937093,34.4172254662657],[-118.541715436795,34.417342068156],[-118.541913903068,34.4182715354588],[-118.542000909101,34.4187203136514],[-118.542021898167,34.4188317581352],[-118.542059943187,34.4190680984844],[-118.54206094545,34.4190761726868],[-118.542075830317,34.4191961044711],[-118.542088434306,34.4193189358756],[-118.54209113208,34.41936220395],[-118.542093727919,34.4194036829269],[-118.542103136194,34.4195548332955],[-118.542103516501,34.4196540584647],[-118.542101197323,34.4196905315306],[-118.542091515851,34.4198436054496],[-118.542073354491,34.420130294526],[-118.542068456852,34.4201690897549],[-118.542059258458,34.4202419444704],[-118.542040236522,34.4203501058366],[-118.541991385754,34.420568674796],[-118.541879807146,34.4209925958881],[-118.541821118033,34.4211608884835],[-118.541691135179,34.4214626115097],[-118.54153076798,34.4218332735999],[-118.541441063271,34.4220205024246],[-118.541386727874,34.4221200565456],[-118.541311272553,34.4222450678546],[-118.54123248462,34.4223680592143],[-118.541153789419,34.4224840929406],[-118.54102051523,34.4226626717252],[-118.540899335018,34.4226402094234],[-118.540564074572,34.4225874350059],[-118.540452922388,34.4225772678164],[-118.540277017542,34.42255263259],[-118.540041329663,34.4225138377842],[-118.539720839538,34.4224379925465],[-118.539466955738,34.4223809096615],[-118.539445215605,34.4223760208445],[-118.539121463973,34.4223087630563],[-118.538869152302,34.4222631701462],[-118.538535533605,34.4222072752395],[-118.538233404142,34.4221488461119],[-118.537768521666,34.4220499259149],[-118.537650657941,34.4220267586994],[-118.537516196081,34.4220019375775],[-118.53735520921,34.4219758580709],[-118.537074758754,34.4219375884726],[-118.536744584681,34.4219012638084],[-118.536143827228,34.4218135974499],[-118.535898252113,34.4217837716468],[-118.535468533198,34.4217372216856],[-118.534595750819,34.4216311524068],[-118.534197499177,34.4215789977446],[-118.533998340885,34.4215472318166],[-118.5336629715,34.4214765748759],[-118.533412218764,34.4214144737575],[-118.533310884891,34.4213843626307],[-118.533089883165,34.4213077099462],[-118.53280578924,34.4212172294627],[-118.532608055482,34.421149074361],[-118.532418584116,34.4210764002275],[-118.532190838066,34.4209815500348],[-118.531974694847,34.4208870082429],[-118.531806703167,34.4208029210509],[-118.531334181951,34.4205435820748],[-118.531231015585,34.4204846244428],[-118.531101191207,34.4204058333308],[-118.531036256708,34.4203628384328],[-118.530883046957,34.4202570312253],[-118.530786442845,34.4201870502474],[-118.530701463878,34.42012078315],[-118.530629789928,34.4200613356168],[-118.530471410501,34.4199235846984],[-118.53025144027,34.4197476675995],[-118.530176429281,34.4196847959246],[-118.530083049255,34.4196007038591],[-118.529719298241,34.4192361363057],[-118.529259027691,34.4188142832635],[-118.529037132309,34.418595423135],[-118.528948667221,34.418501692966],[-118.528766806532,34.4183204357715],[-118.528333148947,34.4179111613668],[-118.52822304941,34.4178034564163],[-118.527932714832,34.4175110257488],[-118.527730945818,34.4173277954507],[-118.527534211133,34.4171538296592],[-118.527405807647,34.4170355419985],[-118.527012161314,34.4166587308714],[-118.526997285525,34.4166448919975],[-118.526928775019,34.4165811083768],[-118.526855419595,34.4165168490158],[-118.526800444929,34.4164751825416],[-118.526748839224,34.4164410608023],[-118.526710831481,34.4164139660751],[-118.526337510637,34.4161512388004],[-118.52626258283,34.4161007235324],[-118.526036185646,34.4159540085776],[-118.525766561184,34.4157872032152],[-118.525686689886,34.4157408344574],[-118.52562347597,34.415706757144],[-118.525388980405,34.4155906553277],[-118.525071360796,34.4154371060731],[-118.524831967982,34.415331666132],[-118.524581002414,34.4152317661364],[-118.524248653489,34.4151088585871],[-118.524152300761,34.4150769900671],[-118.523931385802,34.4150102886975],[-118.523732066775,34.4149503381462],[-118.523453058093,34.4148725436068],[-118.523283701177,34.4148317261537],[-118.522984906309,34.4147715174478],[-118.522716074203,34.4147293971444],[-118.522171833475,34.4146544707037],[-118.52206066943,34.4146405201392],[-118.521849986839,34.4146197763899],[-118.521508346005,34.414599260067],[-118.521238065804,34.41459149309],[-118.521122008198,34.4145902860911],[-118.521027542765,34.4145948137632],[-118.520611574883,34.4146196026974],[-118.5202602247,34.4146372694749],[-118.520034856158,34.4146529896391],[-118.51977190694,34.4146768039677],[-118.519748213373,34.4146789492881],[-118.519570935892,34.4146979253005],[-118.519256165811,34.4147336245765],[-118.519150486743,34.4147480886549],[-118.519090523795,34.4147563166932],[-118.518598457184,34.4148061499398],[-118.518104706596,34.4148532738528],[-118.517251464668,34.4149414104108],[-118.516810820845,34.4149975622411],[-118.516577286398,34.4150329029697],[-118.516348742149,34.4150716622684],[-118.516136806509,34.4151158381144],[-118.515938148065,34.4151616673263],[-118.515757741497,34.4152095047562],[-118.515590604502,34.4152589903153],[-118.514948585769,34.4154585215119],[-118.514733488876,34.4155274446871],[-118.514556502485,34.4155931351698],[-118.514391156428,34.41566423393],[-118.514202706907,34.4157519492716],[-118.514052084716,34.415824023714],[-118.513781195357,34.4159536459105],[-118.513670451323,34.416008383881],[-118.513559709306,34.4160627665354],[-118.513164701925,34.4162616018062],[-118.512820038663,34.4164348852432],[-118.512404136624,34.4166448483807],[-118.510988000226,34.4173582666378],[-118.510077469748,34.4178165583559],[-118.509982796333,34.4178642086896],[-118.509912426777,34.4178999448461],[-118.508158399852,34.4187828133536],[-118.508027667928,34.4188556633003],[-118.507893976858,34.4189265691619],[-118.507762127958,34.418995791207],[-118.507628150317,34.4190627681759],[-118.507490959255,34.4191265958511],[-118.507312076716,34.4192048348135],[-118.50725757948,34.4192263119472],[-118.507129878172,34.4192761374314],[-118.506946516806,34.4193434003421],[-118.506758308515,34.4194090370192],[-118.506564314239,34.419471402452],[-118.505853999105,34.4196919995296],[-118.505644197151,34.4197510729891],[-118.505481947706,34.4197895344397],[-118.505076221909,34.419866789538],[-118.504216690345,34.420023557341],[-118.504092244793,34.4200391356532],[-118.503865409136,34.4200675326311],[-118.503004545505,34.4201757496413],[-118.502793547357,34.4202022731564],[-118.502543586261,34.4202336935079],[-118.502337103515,34.4202596484842],[-118.500764078284,34.4204573659424],[-118.500634410606,34.4204736636553],[-118.500530531722,34.4204867354995],[-118.500023481194,34.4205504594013],[-118.499715366649,34.420589155527],[-118.499533453399,34.4206123738169],[-118.499209175623,34.4206527309371],[-118.498479156314,34.4207444137038],[-118.496105035481,34.421042949632],[-118.494067247251,34.4212989811447],[-118.492243732916,34.4215279680754],[-118.49187223535,34.4215711603015],[-118.491760031403,34.4215844449989],[-118.491454892818,34.4216174995903],[-118.491268938962,34.4216346355708],[-118.491078728193,34.4216503235051],[-118.490646143142,34.4216750506083],[-118.490392278319,34.42168316329],[-118.490262873232,34.4216855850251],[-118.490148818947,34.421687694867],[-118.489924986791,34.421686893435],[-118.489737604641,34.4216824807299],[-118.48954627407,34.4216707803329],[-118.489490482013,34.4216673506678],[-118.489152199378,34.4216580537637],[-118.488779068416,34.4216448015724],[-118.488616534196,34.4216347948533],[-118.488311299606,34.4216071703932],[-118.487783692451,34.4215440311129],[-118.487577930007,34.4215146326156],[-118.487476706161,34.4215002858374],[-118.4873605171,34.4214773957532],[-118.487282476123,34.4214581117152],[-118.487059929865,34.4213937479065],[-118.486520280179,34.4212554391119],[-118.485023564827,34.4207447110632],[-118.4847194582,34.4206409375193],[-118.484420434338,34.420538734126],[-118.484101343548,34.4204070884161],[-118.483946751665,34.4203390083244],[-118.483800459406,34.4202708967358],[-118.483665767065,34.420203066876],[-118.483532693499,34.420127700792],[-118.483402906103,34.420046795957],[-118.483271396018,34.4199556257553],[-118.483224478313,34.4199210810352],[-118.482960030934,34.4197263758227],[-118.48280181958,34.419604034467],[-118.482663535243,34.4194874726898],[-118.482550171296,34.4193797124731],[-118.482506788161,34.4193324832391],[-118.482463418484,34.4192866296787],[-118.482408249635,34.4192075176159],[-118.482349700197,34.4191173968021],[-118.482259549937,34.4190095710446],[-118.482159228316,34.4188639779711],[-118.48205064747,34.4187235744207],[-118.481950385747,34.418587271257],[-118.481873464662,34.4184735398805],[-118.481804869194,34.4183656281507],[-118.481588895807,34.4180027218026],[-118.481381498153,34.4176878914626],[-118.481282894763,34.4175529524011],[-118.481192737688,34.4174430370222],[-118.481114358817,34.4173643437063],[-118.481032707333,34.4172925357223],[-118.480927692725,34.4171936985356],[-118.480810980152,34.4170787503161],[-118.480559312035,34.416848923118],[-118.480432726811,34.416748441822],[-118.480312854343,34.416660298368],[-118.480289356118,34.4166448922252],[-118.48018470907,34.4165763093674],[-118.480043290308,34.4164779986886],[-118.480022002407,34.4164780243406],[-118.47987529014,34.4163934269339],[-118.479710639312,34.4163023506467],[-118.47955101749,34.4162215894536],[-118.479406394553,34.4161541484525],[-118.479281761394,34.4161038070448],[-118.479187120977,34.4160787640016],[-118.479065955063,34.4160541574226],[-118.478899911371,34.4160094731348],[-118.478756920587,34.4159697687628],[-118.478702309879,34.4159546050223],[-118.478247277065,34.4158193631268],[-118.47809126472,34.4157897542214],[-118.477903745364,34.4157578477405],[-118.477734523223,34.4157368865639],[-118.477550420965,34.4157231879077],[-118.477366301621,34.4157175072935],[-118.477302100363,34.4157155259545],[-118.477299654703,34.415899273858],[-118.477302113482,34.4162340402512],[-118.477302717839,34.4163163543433],[-118.477293857657,34.4169524429829],[-118.477485187262,34.417220118401],[-118.478365100529,34.4172190836043],[-118.478487086335,34.4172189396117],[-118.478494342481,34.417753979303],[-118.478493853003,34.4175979363219],[-118.478634026231,34.4175977961621],[-118.479277961145,34.4175966742116],[-118.480572394326,34.4175942912747],[-118.480573277838,34.4181094826892],[-118.480574033357,34.4190161995903],[-118.480574091523,34.4190879426246],[-118.480574770184,34.4199255192452],[-118.479182903651,34.4199287675373],[-118.479182223908,34.4199299350059],[-118.479208166634,34.4199663969727],[-118.479378471892,34.4202057631273],[-118.479474356771,34.420340529646],[-118.479534296351,34.4204247737368],[-118.479657545173,34.4205979977911],[-118.479767153861,34.42075205134],[-118.479892002769,34.4209275235664],[-118.480048505555,34.4211474837548],[-118.480120905869,34.421249240142],[-118.480180257782,34.4213326568279],[-118.48018680346,34.4213418572243],[-118.480216541981,34.421383652756],[-118.48027985024,34.4214726297238],[-118.480305022883,34.4215080090572],[-118.480360672356,34.4215862204279],[-118.480407480608,34.4216520075763],[-118.480474663187,34.4217464278923],[-118.480538560984,34.4218362327036],[-118.480596651308,34.4219178754554],[-118.480672167902,34.422024007839],[-118.480717039672,34.4220870726939],[-118.480745326552,34.4221268291677],[-118.4808016492,34.4222059851815],[-118.480884826529,34.4223228856528],[-118.480939381369,34.4223995576701],[-118.481038472925,34.4225388206186],[-118.481087724882,34.422608039874],[-118.481117611294,34.4226500437545],[-118.481173344562,34.4227283716198],[-118.481225481414,34.4228016443966],[-118.481244431415,34.4228282762869],[-118.481258714401,34.4228483499934],[-118.481271834286,34.4228667099873],[-118.481271113798,34.4228670383001],[-118.481301746842,34.4229132060674],[-118.481300321981,34.4229138274694],[-118.481317041018,34.4229401400418],[-118.48134331109,34.4229935770579],[-118.481354513236,34.4230202622143],[-118.481366105512,34.4230512001648],[-118.48136543519,34.423051361495],[-118.481375431346,34.4230798292622],[-118.481373915633,34.4230801670422],[-118.481384795442,34.4231137601341],[-118.481382392851,34.4231142492854],[-118.481392499719,34.4231483178484],[-118.481398810851,34.4231857840335],[-118.481402791548,34.4232204115183],[-118.481404543258,34.4232449064827],[-118.481405496823,34.4232749292207],[-118.481405382694,34.4232960300986],[-118.481404956707,34.4233298086968],[-118.481404575008,34.4233601441574],[-118.481403928714,34.4234113349737],[-118.481403319292,34.4234596822025],[-118.481402902482,34.4234927900219],[-118.48140247271,34.4235268553228],[-118.481971134577,34.4235248072069],[-118.482156539563,34.4235241983997],[-118.482269862669,34.4238121092595],[-118.48250525802,34.4243168828497],[-118.482834258272,34.4248208831449],[-118.483445258071,34.4253258829985],[-118.483936524576,34.4256619672258],[-118.484434576216,34.4260335662901],[-118.480841540828,34.4260731564473],[-118.480850806788,34.4247199854275],[-118.480851142408,34.4246288641693],[-118.480852013255,34.4244005389067],[-118.480852316538,34.4243266199612],[-118.480852935361,34.4241652635053],[-118.480853179923,34.4240996416167],[-118.480855366853,34.4235297808668],[-118.480656413312,34.4235304990707],[-118.480655934042,34.4237283590262],[-118.480655516819,34.4239663830129],[-118.480654967286,34.4241239761873],[-118.480654395419,34.4242833553891],[-118.48065468503,34.4244427041296],[-118.480654105069,34.4245952136649],[-118.480653556826,34.4247586875393],[-118.480653817054,34.4249070998726],[-118.480653276412,34.425066423949],[-118.48065270454,34.4252258040425],[-118.480652165143,34.4253851560581],[-118.480652423196,34.4255390362024],[-118.480651882704,34.4256983873176],[-118.48065131175,34.4258522716451],[-118.480649898701,34.4259923919707],[-118.48065035436,34.4260596644903],[-118.480651015468,34.4261572602178],[-118.480649117856,34.4261847537275],[-118.480646337978,34.4263234983147],[-118.480644537485,34.4267356600706],[-118.480643233596,34.4269348602279],[-118.480742977383,34.4269331225905],[-118.480748678925,34.4269330233642],[-118.480751548506,34.4270286900646],[-118.480760862547,34.4271134794508],[-118.48078702419,34.4272050762645],[-118.480796907237,34.4272280334397],[-118.480813777855,34.4272672888093],[-118.480829026333,34.4272946764932],[-118.480860660915,34.4273401417048],[-118.48089243817,34.4273760158168],[-118.480925639999,34.4274063010685],[-118.48094286248,34.4274196142666],[-118.480981869972,34.4274438911964],[-118.48100395748,34.4274556146224],[-118.481054834001,34.4274767098289],[-118.481005740673,34.4275524467991],[-118.480988147422,34.4275832670047],[-118.4809717745,34.4276245717248],[-118.480960020735,34.4276914247496],[-118.48067431913,34.4276896686571],[-118.480639964394,34.4276896163616],[-118.480639656905,34.4277426674841],[-118.480337417193,34.4277402666158],[-118.476274903096,34.4277562353569],[-118.476271075689,34.4277045086174],[-118.476270991332,34.4276897562389],[-118.467980197907,34.4276927043928],[-118.46795757908,34.4277454682878],[-118.467754921819,34.4276799429679],[-118.467634015525,34.4276502924721],[-118.467617109764,34.4276461231368],[-118.467549051505,34.4276319591233],[-118.467509619417,34.4276261357314],[-118.46740906016,34.4276112855121],[-118.46736213361,34.4276053899774],[-118.467293505556,34.4275968914532],[-118.467179039874,34.4275863417396],[-118.467076193389,34.4275791838282],[-118.466978332535,34.4275726872954],[-118.466620201882,34.4275761236225],[-118.466354881412,34.4275716508751],[-118.465991924393,34.4275723587307],[-118.462993951678,34.4275790321705],[-118.462993439036,34.4271795202751],[-118.462992956589,34.4268034463336],[-118.458793050564,34.4268070355298],[-118.458726498211,34.4268075089992],[-118.458726444114,34.4267887969688],[-118.458649254585,34.4267388842308],[-118.458369254247,34.4265608844481],[-118.458117253935,34.4263618843333],[-118.457824254486,34.4262558847006],[-118.457666254365,34.4259498846093],[-118.457434254294,34.4255608842023],[-118.457117384508,34.425220796776],[-118.456970254102,34.4250628849309],[-118.456850253894,34.4249488845147],[-118.456752254068,34.4246488841344],[-118.456713253583,34.4243818848722],[-118.45684625328,34.4240738843695],[-118.456970519708,34.4236152820199],[-118.456979019094,34.4235945363576],[-118.455778695803,34.4235987242754],[-118.455774133544,34.4227249847125],[-118.45577362666,34.4223732775072],[-118.455773366352,34.4221960693726],[-118.455773220764,34.4220964927932],[-118.455773206962,34.4220874089892],[-118.455772989771,34.4219391561563],[-118.455245560244,34.4217953587721],[-118.45486523052,34.4216916649425],[-118.454565029221,34.4216098203548],[-118.45447104729,34.4215841984243],[-118.454306860427,34.4215394374754],[-118.45418743977,34.4215065802289],[-118.453517665294,34.4213238409132],[-118.453417041069,34.4212963867443],[-118.453393116186,34.4212898589161],[-118.453269492742,34.4212598301646],[-118.453170031232,34.4212278998384],[-118.453173218547,34.4212230548074],[-118.453208806656,34.4211689641388],[-118.453265352842,34.4210830187798],[-118.453389752536,34.4208727561],[-118.453450140062,34.4207706876854],[-118.453710563867,34.4203304946283],[-118.453728248918,34.4203011791081],[-118.45389280559,34.420028389438],[-118.454107856049,34.4196718941997],[-118.45412331445,34.4196462679192],[-118.454228068856,34.4194678623774],[-118.454370078233,34.419226006962],[-118.454624292911,34.4187930537064],[-118.454674889569,34.4187068829449],[-118.454875323151,34.4183655192401],[-118.454953844091,34.4182230383896],[-118.455103511857,34.4179514595247],[-118.455591228658,34.4170950426823],[-118.455646476915,34.4169919304261],[-118.455688053281,34.4169143351467],[-118.455821699698,34.4166448980907],[-118.455871714198,34.4165440547237],[-118.455889598739,34.4165041676366],[-118.455896373886,34.4164886727447],[-118.455566372314,34.4164909314156],[-118.455156843011,34.4164852701682],[-118.454283009537,34.4164613937879],[-118.453982259282,34.4164539065957],[-118.453971286885,34.4164536330288],[-118.453849534762,34.4164593067484],[-118.453747331286,34.416459407857],[-118.453203723327,34.416459938326],[-118.452736230029,34.416463743331],[-118.452444666543,34.4164662295713],[-118.45219578502,34.4164691933752],[-118.45215633245,34.4164694432315],[-118.451794594326,34.416471735119],[-118.451008793098,34.4164780944569],[-118.450831414817,34.4164801287355],[-118.450428563837,34.4164826396765],[-118.450302568357,34.4164837935811],[-118.45012349223,34.4164786361816],[-118.449935861301,34.416473475093],[-118.449869799805,34.4164716628351],[-118.449098769773,34.4164504762545],[-118.448939615551,34.4164503784789],[-118.44809741116,34.4164497262575],[-118.447744100152,34.416449303686],[-118.447646893093,34.4164491873799],[-118.447459416191,34.4164489613971],[-118.446114337781,34.41644770459],[-118.445904023954,34.4164475070063],[-118.44567696917,34.4164607033572],[-118.445509239632,34.4164726338083],[-118.445457176353,34.4164762643816],[-118.44504255671,34.4164762718524],[-118.445042776692,34.4165143933041],[-118.444921346971,34.416530447053],[-118.444671232762,34.4165725796941],[-118.444292895,34.4166448916217],[-118.444189279946,34.4166646982759],[-118.443925973099,34.4167195703842],[-118.44367263187,34.4167785633399],[-118.443628388079,34.416789196487],[-118.443437515918,34.4168350703198],[-118.443228901095,34.4168883724166],[-118.442914391114,34.4169798712176],[-118.442724126102,34.4170330883052],[-118.442528674058,34.4170877547521],[-118.442331702104,34.4171475570539],[-118.442154631032,34.4172079698522],[-118.442005720315,34.4172641570596],[-118.441911011313,34.4173042661026],[-118.441855186186,34.4173279075538],[-118.441545921016,34.4174715626488],[-118.441480306501,34.4175037049637],[-118.441205278424,34.4176383616685],[-118.441030017196,34.4177276180123],[-118.440960469413,34.4177646444301],[-118.440863038841,34.4178165149357],[-118.440710961983,34.4179015647324],[-118.440664729356,34.4179310523827],[-118.440585382056,34.4179817075087],[-118.440357427693,34.4181394995236],[-118.440225280914,34.4182320320997],[-118.439984164949,34.4184091288313],[-118.439848770778,34.4185143690685],[-118.439827800468,34.4185313705018],[-118.43926106603,34.4189908605186],[-118.439140524133,34.4190833534776],[-118.438901036522,34.419256979344],[-118.438783726056,34.4193329730081],[-118.438668018701,34.4193990105358],[-118.43841669038,34.4195276935449],[-118.438277774203,34.4195944763084],[-118.438145444027,34.4196530176451],[-118.438027958451,34.4196963612724],[-118.437903830105,34.4197370115459],[-118.43773001198,34.4197871006718],[-118.437385273465,34.4192796477769],[-118.43737821076,34.4192692524206],[-118.437232095701,34.4190541684951],[-118.43711550261,34.4188815015322],[-118.437270286973,34.4188121620377],[-118.438823770146,34.4180913066008],[-118.439576393534,34.4177329227728],[-118.44030492089,34.4173769873415],[-118.440997741873,34.4170243065559],[-118.441239091337,34.4168973826787],[-118.441641513503,34.4166761133288],[-118.441696060237,34.4166449190722],[-118.441800056568,34.4165855205065],[-118.441914650905,34.4165171697743],[-118.441938295971,34.4165052176359],[-118.441981478922,34.4164762887386],[-118.442086396184,34.4164060149743],[-118.442255366076,34.4162928397946],[-118.442359947928,34.4162227905946],[-118.442566424482,34.4160794796446],[-118.442746416109,34.4159452217587],[-118.442903252215,34.4158203051089],[-118.443183826911,34.4155829611778],[-118.443310843631,34.415463651403],[-118.443439485864,34.415337108855],[-118.443733006446,34.4150416827662],[-118.443907772149,34.414858994724],[-118.444026450111,34.4147307877175],[-118.44407687432,34.4146735297017],[-118.444122022733,34.4146222257809],[-118.444202718594,34.4145213037592],[-118.444272617424,34.4144264533957],[-118.444352092448,34.4143186092588],[-118.444357094997,34.4143118204115],[-118.444365669099,34.4143001853554],[-118.44449895916,34.4141138583434],[-118.444617348742,34.4139313767545],[-118.444725810525,34.4137523698998],[-118.444796271689,34.4136304395908],[-118.444849361016,34.4135385696964],[-118.444929494309,34.4133998893913],[-118.445041146321,34.4131978697036],[-118.44510185817,34.4130805069944],[-118.445167467554,34.4129483663625],[-118.445306808347,34.4126541873435],[-118.445388533705,34.4124357610907],[-118.445569579396,34.4118814009216],[-118.445695251027,34.4115113489467],[-118.445822772616,34.4111495715215],[-118.445966322694,34.4107423193273],[-118.446106807986,34.410352288509],[-118.446127639274,34.4102821212057],[-118.44612874049,34.4102819927432],[-118.446234729691,34.4102681384054],[-118.446238440734,34.4102676568549],[-118.446502489658,34.4102503979151],[-118.446831376833,34.4102289003302],[-118.446788813436,34.4101314795795],[-118.446772633424,34.4100944419519],[-118.446771593926,34.41009208286],[-118.446753180555,34.4100499363486],[-118.44673558435,34.4100096602124],[-118.446735370704,34.4100091714663],[-118.446672268745,34.4098647319801],[-118.446647445415,34.4098100236419],[-118.446623150494,34.4097564817409],[-118.446626727076,34.4092441708214],[-118.446457987754,34.4092453844152],[-118.446581492513,34.4089116955841],[-118.446614506127,34.4088367241294],[-118.446748542011,34.4085322024395],[-118.446892774627,34.4082252819006],[-118.446958394041,34.4080972656207],[-118.447025740917,34.4079812739122],[-118.44718347109,34.4077192898236],[-118.447273868243,34.4075746866259],[-118.447362678232,34.4074424663791],[-118.447532159003,34.407207584578],[-118.447616108937,34.4070973560744],[-118.447782543974,34.4069013683359],[-118.44795378579,34.4066976662093],[-118.448011496127,34.4066401055227],[-118.448065875892,34.4065801346901],[-118.448278554679,34.4063646627232],[-118.448382442482,34.4062632887752],[-118.448563900605,34.406098790893],[-118.448735561118,34.4059607619811],[-118.449029441795,34.405741547032],[-118.449262289763,34.4055785589997],[-118.449442332277,34.4054587198405],[-118.449607529028,34.405353330254],[-118.449909525315,34.40517245598],[-118.449929722145,34.4051594539455],[-118.450087805956,34.4050684893989],[-118.450392526793,34.4048932068375],[-118.451012117035,34.4045368002801],[-118.45148145781,34.4042736746353],[-118.451906181612,34.4040361069574],[-118.452374476866,34.4037799785353],[-118.452792040768,34.4035515940312],[-118.454539009502,34.4026107773814],[-118.45479184928,34.4024690006556],[-118.454846484883,34.4024383554174],[-118.455076084959,34.4023095707303],[-118.455891307198,34.4018692570773],[-118.455902093117,34.4018634304768],[-118.455986732101,34.4018177154546],[-118.456328833673,34.4016316292591],[-118.456951879894,34.4012926706803],[-118.458031023853,34.4007009085833],[-118.458355880683,34.4005203847269],[-118.458633517307,34.4003660902544],[-118.458759780498,34.4002959212783],[-118.458792700473,34.400277657846],[-118.458818543124,34.4002633293376],[-118.45928362445,34.4000054083517],[-118.459865285584,34.3996793129818],[-118.4600734908,34.399563109591],[-118.460760899606,34.3991778591904],[-118.461097974077,34.3989855967039],[-118.461633189829,34.3986565626864],[-118.461950292264,34.3984502810357],[-118.462257411949,34.398237882721],[-118.463035047786,34.3976884167435],[-118.463223273833,34.3975578569099],[-118.463408242569,34.3974366004546],[-118.463736935251,34.3972299416309],[-118.463890573553,34.3971390011794],[-118.464381296754,34.3968592597057],[-118.464943077448,34.3965434879914],[-118.465465225228,34.3962546873818],[-118.466540949704,34.3956666277455],[-118.46744927647,34.3951650788159],[-118.467790123802,34.3949769066427],[-118.467821514938,34.3949596103779],[-118.468872355572,34.3943736858988],[-118.469863751312,34.3938288456194],[-118.472302642909,34.3925103571238],[-118.472582525772,34.3923569394568],[-118.472594254147,34.392364880455],[-118.472670246392,34.3923226979742],[-118.472660208978,34.3923162649726],[-118.472903397662,34.392471417759],[-118.473006915999,34.3925370343851],[-118.474848823534,34.3915462419718],[-118.474922477965,34.3915065500565],[-118.474925637949,34.3915043902199],[-118.475923586192,34.3908235506084],[-118.476016636329,34.3907600669751],[-118.476787341786,34.3902342432587],[-118.477042048188,34.3900604646604],[-118.47746428643,34.389747470577],[-118.478236680702,34.3891748267209],[-118.47824556261,34.3891682618586],[-118.480032193123,34.3878436643664],[-118.481375655347,34.386847560759],[-118.481382329306,34.3868432699924],[-118.483323256179,34.3855868791494],[-118.485498428318,34.3841780356575],[-118.485974715218,34.3838695219103],[-118.486283443798,34.3836694157473],[-118.486579759353,34.3834773534403],[-118.487167173503,34.3830966058207],[-118.487167754567,34.3830961139511],[-118.487266455674,34.383012264709],[-118.491337206976,34.3795685544423],[-118.493538778048,34.3777013389383],[-118.493588423749,34.3776581821495],[-118.494536401723,34.3768320396556],[-118.495652613742,34.3758605663834],[-118.496092239292,34.3754809326787],[-118.49679386818,34.3748669392558],[-118.497165364966,34.3745457822691],[-118.49786322016,34.3739384775366],[-118.498090406762,34.3737324064971],[-118.498269466637,34.3735605001017],[-118.498439925931,34.3733937801896],[-118.498480532757,34.373353062934],[-118.498602099663,34.3732270950138],[-118.498757596386,34.373060150399],[-118.498917637649,34.3728834547716],[-118.499023917317,34.3727604117193],[-118.499123904427,34.3726436917255],[-118.499207870624,34.3725417308941],[-118.499332133813,34.3723861734548],[-118.499422909153,34.3722684408597],[-118.499548484793,34.3721014282491],[-118.499667164544,34.3719358746703],[-118.499719078937,34.3718621925128],[-118.49973236324,34.3718433514943],[-118.499757872046,34.3718071703756],[-118.499806919121,34.3717349307414],[-118.499967123264,34.3714902994036],[-118.500049755578,34.3713582888899],[-118.500189894402,34.3711256664672],[-118.500464274101,34.3706369730128],[-118.500309815647,34.3706348636036],[-118.501243617181,34.3689900129879],[-118.501989592632,34.3676737882203],[-118.502324817388,34.3670633019643],[-118.50323514894,34.365405369287],[-118.503281045468,34.3653227438296],[-118.503412342882,34.3650903291426]]]},"properties":{"OBJECTID":10403,"Date":null,"Code":"1061005","DivisionName":"SANTA CLARITA COMMUNITY COLLEGE TA5","division_type":"COMMUNITY COLLEGE","group_type":"10","District":"SANTA CLARITA COMMUNITY COLLEGE","Shape__Area":383868868.46777344,"Shape__Length":106848.31052709025,"GlobalID":"4412c651-4167-4968-87a1-cb05128a24b9","CreationDate":1788987057416,"Creator":"RRCCgis_lacounty","EditDate":1788987057416,"Editor":"RRCCgis_lacounty"}}]}