{"type":"FeatureCollection","crs":{"type":"name","properties":{"name":"EPSG:4326"}},"features":[{"type":"Feature","id":3094,"geometry":{"type":"Polygon","coordinates":[[[-118.623401287603,34.3211810466533],[-118.627777003832,34.3211727671401],[-118.631305226982,34.321165974728],[-118.632151889933,34.3211643077665],[-118.635751838128,34.3211610450971],[-118.643116680893,34.3211532953944],[-118.651203221985,34.321144269881],[-118.652306077796,34.3233939379077],[-118.657364254604,34.3337102054227],[-118.663396088988,34.3460094898867],[-118.664016117119,34.3472734938084],[-118.666227032822,34.3517791956432],[-118.670584198342,34.360657278516],[-118.673610067258,34.3668215163011],[-118.677853512942,34.375464534868],[-118.69138967823,34.4031029531798],[-118.691436965577,34.4030963024217],[-118.691437000987,34.4030963752451],[-118.691449374495,34.4031215398978],[-118.691448347587,34.4031216548402],[-118.687034121182,34.4035959625288],[-118.68541385915,34.4037700176095],[-118.684122849747,34.4039086952683],[-118.679236545658,34.4044334431674],[-118.677574602146,34.4046118469058],[-118.676716097737,34.4049423240697],[-118.676684170938,34.4049545928562],[-118.676670818807,34.4049597511771],[-118.67484600908,34.4056621589053],[-118.674645641032,34.4057392830596],[-118.674600079324,34.4057568200483],[-118.67435298767,34.4058519262028],[-118.673875765092,34.4060356093154],[-118.673568751797,34.4061537774846],[-118.673507662363,34.4061744051541],[-118.672926969476,34.4063704756587],[-118.672885183159,34.4063845850098],[-118.671863384407,34.4067295847067],[-118.671073871833,34.4069961471556],[-118.670555069196,34.4073136652536],[-118.668659730262,34.4080430945851],[-118.668469006259,34.4081164932098],[-118.665638016272,34.4092058894791],[-118.662170325969,34.4105401939815],[-118.660166313691,34.411311216796],[-118.657234108891,34.4138293364354],[-118.654533829415,34.416148036184],[-118.65200240346,34.4183216111579],[-118.649916539171,34.4201124656094],[-118.647547129532,34.4200261307001],[-118.643681747571,34.4198851800561],[-118.642711169934,34.4198497709102],[-118.639306306616,34.4194859423926],[-118.636160456397,34.4191497052477],[-118.635834166811,34.4191403127413],[-118.632079698651,34.4191424046922],[-118.631741774502,34.419142601933],[-118.630913373961,34.4191430344096],[-118.625091870282,34.425406474571],[-118.621907014221,34.4271339872292],[-118.620372867067,34.4279618227775],[-118.619800483424,34.4285502989285],[-118.617417704951,34.4309999506015],[-118.614584241779,34.4339127159777],[-118.612959321686,34.4355829497597],[-118.607587884516,34.4361334983134],[-118.607586439822,34.4343549647902],[-118.607585658165,34.4333870929329],[-118.607585750184,34.4320132349057],[-118.607046198562,34.4320036886023],[-118.606886101989,34.4318815384297],[-118.60672128406,34.431595136554],[-118.606415525035,34.4310638197737],[-118.606398877734,34.4307974869417],[-118.606536220907,34.4306609156183],[-118.606642597315,34.4306549411005],[-118.606726802041,34.430650212422],[-118.606802345664,34.4306193066025],[-118.606851554349,34.4305852607882],[-118.606877896034,34.4305597686743],[-118.606904783229,34.4305244794885],[-118.606924527227,34.4304860246642],[-118.60693768097,34.4304393573188],[-118.606940491833,34.4303962721532],[-118.606937593598,34.4303677943645],[-118.606932251209,34.4303441845019],[-118.606915923579,34.4303027439351],[-118.606906048362,34.4302779270478],[-118.606863972856,34.430172181278],[-118.606857914795,34.4300074883933],[-118.606857666842,34.430000784876],[-118.60685749851,34.4299961986795],[-118.606962192021,34.4298948303645],[-118.607004919937,34.4296882079381],[-118.607113209278,34.4295133179831],[-118.607530979371,34.4292632757042],[-118.607585580185,34.4293003611866],[-118.607585932271,34.4293006001345],[-118.607586093619,34.4268920682323],[-118.607577907745,34.4235781456926],[-118.607590874665,34.4235693042397],[-118.607599582933,34.4235635358339],[-118.607604505458,34.4235595993899],[-118.607608851783,34.4235555702686],[-118.607612734054,34.4235511621197],[-118.607616953921,34.423545606421],[-118.607620254422,34.4235403420176],[-118.607622632776,34.4235349875715],[-118.607624889935,34.4235286790005],[-118.607626787609,34.4235203681045],[-118.607627214581,34.4235137252144],[-118.607627072123,34.423510005268],[-118.607626930354,34.4235063799801],[-118.607626208211,34.4235020895576],[-118.6076251433,34.4234980884436],[-118.607623492737,34.4234928479398],[-118.607620331002,34.4234855171198],[-118.607616177354,34.4234789720029],[-118.607612833801,34.4234744567047],[-118.607606886901,34.4234681657895],[-118.607577567147,34.4234391288678],[-118.607577437744,34.4232737309909],[-118.606957261046,34.422661910003],[-118.606957621515,34.4226616611769],[-118.606957769465,34.4226618091909],[-118.606998188125,34.4226340062555],[-118.607178063694,34.4225102710193],[-118.607356663543,34.4223874127892],[-118.607535263954,34.4222645542896],[-118.607576628328,34.4222361000171],[-118.607576678127,34.4222360664106],[-118.607756865906,34.4221121150752],[-118.607771014091,34.4221023823689],[-118.60775928129,34.422090669734],[-118.607744441845,34.4220866258461],[-118.607726497344,34.422098968599],[-118.607704895107,34.4221138296482],[-118.607689404446,34.4220983655885],[-118.607607468985,34.4220165726288],[-118.607630427574,34.4220007780179],[-118.607647014613,34.4219893679622],[-118.607648107003,34.4219796898549],[-118.607629222365,34.4219608385706],[-118.607576431564,34.4219081410752],[-118.607576373479,34.421908082766],[-118.607576140407,34.4216094502314],[-118.607576059909,34.4215068363184],[-118.607574972492,34.4201120556513],[-118.607573512532,34.418282429984],[-118.60712674423,34.4182159741683],[-118.607126801061,34.4182157115353],[-118.607127113649,34.4182142693076],[-118.60712590371,34.4182140896464],[-118.607150824011,34.4181365234065],[-118.607119573422,34.4181226004631],[-118.607108041653,34.4180944976392],[-118.607119043227,34.4180498550421],[-118.607180551222,34.4179416001966],[-118.607258502468,34.4177581682055],[-118.607256083913,34.4177575411214],[-118.607323079353,34.4175589504254],[-118.607326079255,34.4175487443806],[-118.607329312688,34.4175377429084],[-118.607340888241,34.417496800045],[-118.607341633215,34.4174969198259],[-118.607341550908,34.4174972691345],[-118.607572917526,34.4175357917297],[-118.60757252849,34.4170488729699],[-118.607572368199,34.4168723763041],[-118.607571892825,34.4162611597311],[-118.607571623707,34.4159253639277],[-118.607441803041,34.4158944259612],[-118.607571334438,34.4155657747349],[-118.607660814358,34.415338739334],[-118.607646694738,34.4148826147335],[-118.607570788881,34.4148860187685],[-118.607569119869,34.4127990547987],[-118.607571585553,34.4123561754293],[-118.60757356514,34.4120004234729],[-118.607574914803,34.4117578659312],[-118.607581858351,34.4105096682352],[-118.607582481209,34.4103975980619],[-118.607582789238,34.4103421408802],[-118.607583365401,34.4102388817076],[-118.607585391862,34.4098746558782],[-118.607588206797,34.4093682745794],[-118.607590597113,34.4089388032244],[-118.607565847937,34.4089388722186],[-118.607565751131,34.4089388727037],[-118.606338209415,34.4089423249958],[-118.603943724359,34.4089490257813],[-118.603446334755,34.4089504108095],[-118.603172658,34.4089511727157],[-118.602683675465,34.4089525326373],[-118.602679786817,34.4089525429462],[-118.602575179581,34.4089528337452],[-118.602456488384,34.4089531637652],[-118.602448206377,34.4089531850724],[-118.601978937878,34.408954486594],[-118.601842874494,34.408954863475],[-118.601788054948,34.4089550155997],[-118.601778823358,34.4089550406715],[-118.601779070711,34.4089558535362],[-118.601070721419,34.4089562514539],[-118.599669513439,34.408957023195],[-118.59965090418,34.4089422190394],[-118.598438677964,34.4089482067468],[-118.594579495092,34.4089671882193],[-118.594576013932,34.4089695781424],[-118.589710401449,34.4123089546997],[-118.585598999248,34.4151343866178],[-118.581593517915,34.4178867091048],[-118.581558730449,34.417910611651],[-118.58057151781,34.4164821034443],[-118.580204509089,34.4159510242473],[-118.58000255528,34.4156880922656],[-118.579729900858,34.4150367105633],[-118.57971531774,34.4150020601563],[-118.579527483884,34.4145557713917],[-118.579195685983,34.4137593905819],[-118.579131853915,34.4136027399673],[-118.579075972624,34.4134440147787],[-118.579028147354,34.4132834949035],[-118.57898845396,34.4131214576632],[-118.578956968339,34.4129581866883],[-118.578932871337,34.4127994746844],[-118.578924575343,34.4127189589678],[-118.578916449636,34.4126400913544],[-118.578907729992,34.4124802926111],[-118.578906726079,34.4123203308217],[-118.578913437469,34.4121604638288],[-118.578927856113,34.4120009486083],[-118.578949958704,34.4118420376998],[-118.579001644627,34.4115985995917],[-118.579057207943,34.4113557505821],[-118.579116640198,34.4111135312753],[-118.57929192552,34.4103609763634],[-118.579414905706,34.4098329778902],[-118.579416295807,34.4098331254123],[-118.579621613138,34.4089683379404],[-118.577868464574,34.4089693474704],[-118.576781202362,34.4089865037672],[-118.576613898305,34.4089844603742],[-118.576319747871,34.4083292136055],[-118.576319684908,34.4083292319355],[-118.576200026585,34.4083638471697],[-118.576198985517,34.4083641478211],[-118.576172272821,34.4083718756181],[-118.576092140091,34.4083996135296],[-118.576042272108,34.4084168759895],[-118.575933272537,34.408453875392],[-118.575542469558,34.4085822401712],[-118.57540352161,34.4086258461608],[-118.575074295283,34.4087218557834],[-118.575057810082,34.4087356716206],[-118.574708734413,34.4088376262603],[-118.574578035115,34.4088760272872],[-118.574197430252,34.4089733183005],[-118.573572037768,34.4091525007714],[-118.573421456946,34.409192697581],[-118.573255986197,34.4092367627733],[-118.573143421948,34.4092603255276],[-118.573062917078,34.4092726585714],[-118.573044064367,34.4092755469341],[-118.572881757467,34.4092976135127],[-118.572749236067,34.4093123332035],[-118.572679653118,34.4093181575827],[-118.572616696295,34.4093235954301],[-118.572517269477,34.4093295579152],[-118.572270337689,34.4093400119136],[-118.572136086776,34.4093430389086],[-118.57193713607,34.4093402088633],[-118.571854216172,34.4093354340517],[-118.571526904273,34.4092819640823],[-118.571267966416,34.4091801903259],[-118.571142945145,34.4091549473349],[-118.571093664477,34.4091449613509],[-118.57094751196,34.4091061349913],[-118.570831225954,34.409070629798],[-118.570688282643,34.4090153006597],[-118.570638447125,34.4089994048036],[-118.570248304393,34.4089160542699],[-118.570125423504,34.4088860517581],[-118.570099383636,34.4088783947802],[-118.569794870768,34.4087886765503],[-118.569678613522,34.4087566031842],[-118.569454495959,34.4087092132813],[-118.569341646405,34.4086915554428],[-118.569237128302,34.4086796778346],[-118.569145924418,34.408675623424],[-118.568723074154,34.408656670624],[-118.568517480557,34.4086521414826],[-118.568401454865,34.4086543838248],[-118.568152913766,34.4086717112307],[-118.568000398296,34.4086910054607],[-118.567924350095,34.4087016346517],[-118.567735612294,34.4087368642938],[-118.567649549671,34.4087568350669],[-118.567363271507,34.4088327220939],[-118.567250757387,34.4088638060953],[-118.567047277844,34.4089259000787],[-118.566921594275,34.4089701221813],[-118.566787674826,34.4090226037839],[-118.566650501869,34.4090843799874],[-118.566511712032,34.4091523544605],[-118.566376292211,34.4092282240461],[-118.566292108398,34.4092811588915],[-118.566212904893,34.409335471419],[-118.566158048548,34.4093761759926],[-118.566137033736,34.409391800409],[-118.566067785557,34.4094477675734],[-118.56600516524,34.4095023289178],[-118.56578772061,34.4097056706616],[-118.565654326314,34.409835773818],[-118.565565460137,34.4099320354461],[-118.565374685292,34.4101565220852],[-118.565310508251,34.4102365371774],[-118.565277698816,34.4102775541887],[-118.565184045838,34.4104009561516],[-118.565101926757,34.4105143323697],[-118.565024787673,34.4106287284108],[-118.564993646245,34.4106789972846],[-118.564806580047,34.410964992194],[-118.564745908883,34.4110628249057],[-118.564544001273,34.4113577848948],[-118.564318806226,34.4116415412774],[-118.564174120094,34.4118190937411],[-118.563989821764,34.4120219245884],[-118.563894269202,34.4121106593488],[-118.56379537854,34.4121956167738],[-118.563688172482,34.4122775069613],[-118.563575959232,34.4123539515822],[-118.563341548026,34.4125010088497],[-118.563273250822,34.4125404555721],[-118.56323420989,34.4125630049752],[-118.5630475119,34.412657300171],[-118.562804676614,34.4127844732815],[-118.562670835674,34.4128500267488],[-118.56253364522,34.4129104315857],[-118.56240630974,34.4129577353777],[-118.562283908709,34.4129984772945],[-118.56215813441,34.4130310180935],[-118.562027362511,34.4130604770191],[-118.561888293287,34.4130882432881],[-118.561648654978,34.4131300135727],[-118.561570368341,34.4131436593593],[-118.561293780691,34.4131834074746],[-118.56100871542,34.413195360952],[-118.560557972844,34.4132228603411],[-118.560063807183,34.4132031601576],[-118.559919529609,34.4131962714138],[-118.558810100078,34.4131440403022],[-118.558128563963,34.4131183256621],[-118.557893121247,34.4131139158197],[-118.557467475073,34.4131016088403],[-118.557349254508,34.413098192608],[-118.557045831068,34.4130923922959],[-118.556283223616,34.4130907239457],[-118.555933400737,34.4130868339603],[-118.555028078219,34.4130638566224],[-118.554721357389,34.413060093147],[-118.554541920708,34.4130609137081],[-118.554474349403,34.4130612226417],[-118.553817946669,34.4130752169009],[-118.55363067531,34.4130849989262],[-118.553451722121,34.4130981838783],[-118.553287759755,34.4131226442434],[-118.553140419281,34.4131535403952],[-118.55297656711,34.4131944673438],[-118.552662068768,34.4132680329561],[-118.552463471247,34.4133190840406],[-118.552395641938,34.4133413779148],[-118.552221992812,34.4134050383878],[-118.552109555523,34.4134491568013],[-118.551995349177,34.4134971913318],[-118.551893004106,34.4135435706485],[-118.551800477084,34.4135907066781],[-118.551709639412,34.4136419612948],[-118.551531301247,34.4137492504308],[-118.551260534788,34.413917776335],[-118.55117800475,34.4139724195382],[-118.551108697279,34.4140215104298],[-118.551054603679,34.4140603646061],[-118.550728060638,34.4143725531683],[-118.550543616221,34.4145595609682],[-118.550456373897,34.4146540721676],[-118.550374124012,34.4147513085379],[-118.5502952429,34.4148564432722],[-118.550227919551,34.4149542969853],[-118.550165576374,34.4150535047188],[-118.550108182685,34.4151492533054],[-118.550062358334,34.4152394554192],[-118.55002640925,34.415318949334],[-118.549982399092,34.4154331872213],[-118.549797898921,34.4158633823187],[-118.549734276412,34.4160199668236],[-118.54932409835,34.4159156799015],[-118.548934070726,34.4158098056492],[-118.54888729041,34.4157971073303],[-118.548528499178,34.4156922470883],[-118.548074987411,34.4155534679373],[-118.547933802039,34.4155128848001],[-118.547083364748,34.4152676855131],[-118.546781057338,34.4151794114744],[-118.545955524438,34.4149392524352],[-118.545636627748,34.4148489649679],[-118.545365030572,34.414771987969],[-118.545027061133,34.4146761978297],[-118.544906408897,34.4146410444364],[-118.544856635068,34.4146266811554],[-118.544054857971,34.4143953069937],[-118.543520602892,34.4142429686066],[-118.543442656737,34.4141183132881],[-118.543359404436,34.4140121686354],[-118.542247685819,34.412658789098],[-118.542049013459,34.4124162104477],[-118.541175408259,34.4113512893389],[-118.541352594993,34.4113290428692],[-118.541348798083,34.411316905277],[-118.541344013642,34.4113016140038],[-118.541004251215,34.4102154528863],[-118.54064118692,34.4090551764135],[-118.540632589446,34.4090277051957],[-118.540631817451,34.4090252384218],[-118.54063122483,34.4090227555221],[-118.540614995326,34.4089714239499],[-118.540585754394,34.4088780503313],[-118.540415897708,34.4089003162347],[-118.540321565378,34.4089121491172],[-118.54031144878,34.4089134103637],[-118.540134888108,34.4089380190873],[-118.54010316643,34.4089424408656],[-118.540010625914,34.4089553392584],[-118.540012421444,34.4089641798629],[-118.539878679141,34.4089655082494],[-118.539676527302,34.4089606543541],[-118.539663308431,34.4088892076584],[-118.53950188149,34.4089081053883],[-118.539336949221,34.408927425987],[-118.539171222289,34.4089468328353],[-118.539008733239,34.4089658608449],[-118.539031102649,34.4090850268351],[-118.538693673288,34.4091284395113],[-118.538675150112,34.4090300521626],[-118.538670590503,34.4090058652087],[-118.538663933399,34.4089705265261],[-118.538463415465,34.4089722409756],[-118.538454187165,34.4089227892965],[-118.537171885237,34.4090879136471],[-118.537191480865,34.4091941542744],[-118.537184542889,34.4091954597803],[-118.53632814688,34.4091870044262],[-118.535824208161,34.4091836243658],[-118.525524503708,34.4091138598219],[-118.514934715775,34.4090448033449],[-118.5139168175,34.4090379193434],[-118.513862279768,34.409037548207],[-118.512263495619,34.409026705652],[-118.51202249537,34.4090250232581],[-118.511952939461,34.4090245343595],[-118.511928808809,34.4090243558415],[-118.511510659739,34.4090214213549],[-118.511514865996,34.4088984610041],[-118.51151675551,34.4088433799379],[-118.511536409609,34.4082684544527],[-118.511538954413,34.408193791037],[-118.511550736607,34.4078589510223],[-118.511829002408,34.3999503333338],[-118.51203303787,34.3941579657227],[-118.510055002743,34.3941454208343],[-118.503010341757,34.3941004782847],[-118.502248239448,34.394096043668],[-118.501334574078,34.3940904405376],[-118.500879439251,34.3940987863532],[-118.500138567679,34.3941123527457],[-118.499505988114,34.3941239314399],[-118.499280580146,34.3941280566265],[-118.499172641296,34.394130031831],[-118.499123810007,34.3941309261246],[-118.498869811132,34.3941355721198],[-118.498381949376,34.3941444984745],[-118.497416892222,34.3941621518841],[-118.497416846562,34.394162154776],[-118.496442693852,34.3942170513927],[-118.493306371299,34.3943937408512],[-118.492887911462,34.3944025331186],[-118.492464465524,34.3944126865802],[-118.492043525844,34.3944214715797],[-118.491622583901,34.3944302551267],[-118.491201618414,34.394440408545],[-118.490991148452,34.3944447994862],[-118.490570208455,34.394453579371],[-118.490160849031,34.3944637092662],[-118.490149260345,34.3944639517442],[-118.489947502139,34.3944680604403],[-118.489729126891,34.3944725027688],[-118.489312328382,34.3944826318953],[-118.489097707099,34.3944870363009],[-118.488885583773,34.3944914158308],[-118.488781171097,34.3944942979514],[-118.488676766605,34.3944957951885],[-118.48846877603,34.3945001861828],[-118.488344471764,34.3945058328326],[-118.488053629277,34.3945103187524],[-118.487926837372,34.394514605552],[-118.487639302011,34.3945190753673],[-118.48750921082,34.3945247318109],[-118.487221666103,34.3945305863352],[-118.487091576235,34.3945334998505],[-118.486833049454,34.3945393081061],[-118.486809834623,34.3945393445113],[-118.486654059256,34.3945436480677],[-118.486610954193,34.3945437092667],[-118.486282186042,34.3945517211855],[-118.486022108439,34.3945551295326],[-118.486167912669,34.3944031247356],[-118.486470926001,34.3940680406609],[-118.486619083342,34.3938946594491],[-118.486740848625,34.3937427062424],[-118.48684940318,34.393599713136],[-118.486949667325,34.3934567748602],[-118.487053189099,34.3933028066344],[-118.487304501939,34.3929143443401],[-118.487496550421,34.3925948196028],[-118.487537586249,34.3925273314482],[-118.487642576286,34.3923414270673],[-118.487904867235,34.3918481670572],[-118.488140710612,34.3913659801262],[-118.488666244461,34.3902598978917],[-118.489021703593,34.3895464344473],[-118.48925270807,34.3890896799889],[-118.489336171187,34.3889090294472],[-118.489398290755,34.3887627802032],[-118.489413014769,34.3887301031587],[-118.489491396143,34.3885312547533],[-118.489568025992,34.3883162497061],[-118.489638020723,34.3880995729053],[-118.489764839151,34.3876827560798],[-118.489821686634,34.3874857217693],[-118.489839589422,34.387430004764],[-118.490025084545,34.386844968943],[-118.490190909385,34.3862978255152],[-118.490403659424,34.3855584663992],[-118.490415036885,34.3855199553883],[-118.490509524909,34.3852430536311],[-118.490542018189,34.3851323188646],[-118.490561633818,34.3850862124121],[-118.490641701836,34.3848928494422],[-118.490692371732,34.3847727804828],[-118.490828066791,34.3844575946789],[-118.490841165299,34.384431083332],[-118.490886984501,34.3843312860597],[-118.490968920562,34.3841743247866],[-118.49247741614,34.3810260842618],[-118.493039754691,34.3798524145636],[-118.49315317755,34.3796970546421],[-118.493241521836,34.3795039852509],[-118.49329233494,34.3794096633793],[-118.493472744275,34.3790919052345],[-118.493567988912,34.3789455188832],[-118.493627137505,34.3788600989727],[-118.493735685406,34.3787212429559],[-118.493821125292,34.3785979270141],[-118.493893506946,34.3785076388555],[-118.494021861336,34.3783559838913],[-118.494109133997,34.3782615130891],[-118.494221154278,34.3781494091331],[-118.493989738245,34.3779689908381],[-118.493711731877,34.3777537226785],[-118.493588423749,34.3776581821495],[-118.49348199053,34.3775757172287],[-118.493282216681,34.3774202288332],[-118.492719529794,34.3769828550757],[-118.492533084684,34.3768383361862],[-118.491431237559,34.3759824701769],[-118.491354548032,34.3759199600703],[-118.491314629662,34.3758840423121],[-118.491041813022,34.3756760080163],[-118.490981260627,34.3756367109184],[-118.490943552485,34.37561490848],[-118.490906744185,34.3755893339582],[-118.490863233053,34.3755667850801],[-118.490747024145,34.3754910323388],[-118.49066753558,34.3754432660615],[-118.490557598508,34.3753857817598],[-118.490409744128,34.3753161465636],[-118.490016424644,34.3751697360686],[-118.489921694523,34.375139284541],[-118.489895370785,34.3751322471343],[-118.489722169133,34.375086124663],[-118.489614050788,34.3750613363465],[-118.489500085811,34.3750405770738],[-118.489304114176,34.375016667879],[-118.489209861647,34.3750054517832],[-118.489056982359,34.3749824916025],[-118.489022229118,34.374979387163],[-118.489000709608,34.3749776050802],[-118.488873268716,34.3749690559111],[-118.488762232381,34.3749672452775],[-118.488602864501,34.3749793796012],[-118.488421154294,34.3749905263949],[-118.488261909074,34.3749963309811],[-118.484785631983,34.375593442636],[-118.48460057579,34.3756252287618],[-118.484186501106,34.3756963512335],[-118.483909709072,34.3757369716987],[-118.483823332421,34.3757468240682],[-118.483535681949,34.3757491824884],[-118.483299696149,34.3757395178179],[-118.483220301629,34.3757309009732],[-118.482951896735,34.3756812969124],[-118.482915590806,34.375672571314],[-118.482876856535,34.3756620910684],[-118.482832418612,34.3756456707582],[-118.482757626989,34.3756134303235],[-118.482512972356,34.3754919890682],[-118.482431696056,34.3754490035752],[-118.482346876014,34.3753950721371],[-118.482253650957,34.3753219343648],[-118.482128769713,34.3752173244359],[-118.482065471333,34.3751602275566],[-118.48188492997,34.3749793919269],[-118.481516092495,34.3746099505653],[-118.48109879158,34.3741920011768],[-118.481012015406,34.374087568839],[-118.480973697547,34.3740516683893],[-118.480927082598,34.3740140716947],[-118.480835575385,34.3739498593577],[-118.480537865861,34.3737583289828],[-118.480479672157,34.3737242128717],[-118.480384937527,34.3736754815671],[-118.480280316321,34.3736346760077],[-118.480150838582,34.3735953463606],[-118.48003631064,34.3735617822115],[-118.479895246339,34.3735242219116],[-118.47976582228,34.3734941558405],[-118.479570080776,34.3734571442077],[-118.479458979897,34.3734431527589],[-118.479328028302,34.3734344172286],[-118.479155673361,34.3734302870875],[-118.479064536059,34.373430647278],[-118.478910491267,34.3734401883665],[-118.47879953343,34.3734512620941],[-118.47868859653,34.3734657966394],[-118.478633964089,34.3734749402785],[-118.47857604463,34.3734882241075],[-118.478458577457,34.3735192444909],[-118.478332860213,34.3735575222334],[-118.478116201355,34.3736288077248],[-118.478026921061,34.3736635047769],[-118.477987252537,34.3736815224501],[-118.477856750922,34.3737507376851],[-118.477704795453,34.373837534357],[-118.477585907621,34.3739101356853],[-118.477452189152,34.3739975787154],[-118.477335026507,34.3740825375846],[-118.477298737833,34.3741115332651],[-118.477280615566,34.3741240007524],[-118.477158271012,34.3742077149934],[-118.47696532123,34.3743274555793],[-118.47674110049,34.3744797435235],[-118.476455161356,34.3746490963156],[-118.47624164419,34.3747610091886],[-118.476040192941,34.3748503908667],[-118.475891522062,34.3749085160866],[-118.475684268127,34.3749794005717],[-118.472195316288,34.3761745777227],[-118.472038054148,34.3762490774227],[-118.471854583625,34.3763486641233],[-118.471779083451,34.3763957513343],[-118.471673172463,34.3764723388111],[-118.471480187965,34.3766245801585],[-118.471283941975,34.3767926071637],[-118.470411968237,34.3776131594155],[-118.470339395055,34.3776725168997],[-118.470238855146,34.3777453183529],[-118.4700026054,34.3778960500703],[-118.469918367867,34.3779448197947],[-118.469852281866,34.3779794271918],[-118.469812606244,34.3779974394942],[-118.46970017208,34.3780414869963],[-118.469624095425,34.378068573589],[-118.46944389456,34.3781431289988],[-118.469018862547,34.3782938530881],[-118.468727794302,34.3783971427408],[-118.467889333237,34.3786939408588],[-118.467773377634,34.3787322240098],[-118.467523558599,34.3788340074029],[-118.467451499675,34.3788739411583],[-118.467414578775,34.3788978245766],[-118.46727118422,34.3789828206724],[-118.467193268697,34.3790247205588],[-118.46710093468,34.3790846507851],[-118.467056374347,34.3791173598194],[-118.466954410831,34.3792025799724],[-118.466746489772,34.3793657266369],[-118.466679065911,34.3794232211464],[-118.46656674945,34.3795302998092],[-118.466391665916,34.3797096958916],[-118.466253296661,34.3798339081126],[-118.466101825785,34.3799809550772],[-118.466024289424,34.3800444571682],[-118.465931888167,34.3801148842433],[-118.465855930174,34.3801639483626],[-118.465824574407,34.3801874258523],[-118.465682555604,34.3802762616191],[-118.465628044438,34.38030738107],[-118.465520632621,34.380362070558],[-118.465456168384,34.3803908138333],[-118.465380098622,34.3804199577303],[-118.465308978003,34.3804439429252],[-118.465241141932,34.3804637711107],[-118.465161707127,34.3804822941603],[-118.464933228289,34.3805209530614],[-118.464815661321,34.3805375350538],[-118.464628481477,34.3805509750259],[-118.464585694461,34.3805511939883],[-118.464506199613,34.380548060129],[-118.464444152817,34.3805423927739],[-118.464391278046,34.3805337990272],[-118.464204387567,34.3805113515778],[-118.464104403842,34.3804952218215],[-118.464031765441,34.3804794795617],[-118.46395180825,34.3804581270573],[-118.463820804117,34.3804185685426],[-118.460074045895,34.3792575460983],[-118.46002956044,34.3792428738158],[-118.459720581685,34.3791613884873],[-118.459310433069,34.3790582774017],[-118.459151185698,34.379022800235],[-118.459038905809,34.3789999811073],[-118.458759820995,34.3789470661269],[-118.458456616654,34.3788958933313],[-118.458355857536,34.3788770093864],[-118.458227061877,34.3788529348041],[-118.458096453223,34.3788357014822],[-118.457870648274,34.3788110022522],[-118.457822641133,34.3788079389233],[-118.456604005526,34.3786959408871],[-118.454898035098,34.378539514977],[-118.454846793474,34.3785322875932],[-118.454729337298,34.3785203933897],[-118.454498518837,34.378499382253],[-118.454220385062,34.3784808613011],[-118.454019287485,34.3784650686793],[-118.453817263816,34.3784551130311],[-118.453585195763,34.3784543605478],[-118.453460823218,34.3784564467719],[-118.453356316205,34.3784608746995],[-118.453261833479,34.3784613109221],[-118.453064724911,34.3784527889201],[-118.451349086109,34.378577919676],[-118.451226104804,34.3785923945471],[-118.451125019243,34.3785913697506],[-118.450985708381,34.3785956555775],[-118.450853150941,34.378592487473],[-118.449139190307,34.3785124037374],[-118.448476126121,34.3784814456622],[-118.448476070417,34.3784684673574],[-118.448475721968,34.3783851252586],[-118.448474894018,34.3782005532691],[-118.448474829885,34.3781455958772],[-118.448471149015,34.3770566325141],[-118.448465198268,34.375296263941],[-118.448464537908,34.3750256279667],[-118.448463382699,34.3745708839261],[-118.448564306735,34.3707734791204],[-118.448664360792,34.3669773370634],[-118.448664393297,34.3669761045427],[-118.448667566943,34.3668731184048],[-118.448822071078,34.3618584553729],[-118.448892418934,34.359574975672],[-118.448898513324,34.3593771595467],[-118.448976338031,34.3561547020984],[-118.448985889312,34.3557591841225],[-118.449082057493,34.3517768643321],[-118.457752189446,34.3517341248309],[-118.466517565681,34.3516906716247],[-118.475853579685,34.3516445949815],[-118.485067861838,34.3515979221708],[-118.485388433469,34.3516005973554],[-118.4886568076,34.3516278342888],[-118.490585708038,34.3516446004583],[-118.49224563138,34.3516590055628],[-118.493113606236,34.351645528609],[-118.493811169483,34.3516353228113],[-118.494146437686,34.3516304402901],[-118.494822061485,34.3516196329549],[-118.495173426809,34.3516139921914],[-118.496189553748,34.3515990989536],[-118.497334295905,34.3515823099581],[-118.49889051797,34.3515582419],[-118.50002690108,34.3515416079254],[-118.500572727276,34.3515326229283],[-118.501533085211,34.3515381601776],[-118.501669331143,34.3515389422813],[-118.501726221143,34.3515392567186],[-118.501841556926,34.3515399331635],[-118.504463396274,34.3515546863149],[-118.504662708664,34.3515602754908],[-118.504543741297,34.3512153153361],[-118.504455875572,34.3509532952578],[-118.504303614037,34.3505054869875],[-118.50415090699,34.3499837361109],[-118.50408924459,34.3497740835661],[-118.503970199917,34.3491114576141],[-118.503944972234,34.3487442212381],[-118.503893567139,34.347852322868],[-118.503950282172,34.347243828225],[-118.50398550596,34.3468858823289],[-118.504027503016,34.3466972669643],[-118.504108838031,34.3463558266478],[-118.5042378205,34.3458090498975],[-118.504331190235,34.3455558164612],[-118.504529158456,34.3450039813093],[-118.504583048262,34.3448595069852],[-118.505621002301,34.3452035303075],[-118.505942134385,34.3453305719879],[-118.506081378243,34.3453853333935],[-118.506126112111,34.3454029817335],[-118.506185971945,34.3454265990802],[-118.506210729334,34.3454363675276],[-118.50623058602,34.3454442019037],[-118.509642303472,34.3467971819485],[-118.50964199952,34.3467976015412],[-118.509810482316,34.346863872791],[-118.510224473264,34.3470274305541],[-118.510224645404,34.3470274965433],[-118.511734334899,34.3476241323476],[-118.512124093483,34.3477781575231],[-118.512134724725,34.3477823678653],[-118.51264930285,34.3479857099603],[-118.512850887966,34.348065368181],[-118.51419223007,34.3485954705763],[-118.514210421639,34.3486029014159],[-118.514272544772,34.3486282776088],[-118.514413404859,34.3486858164937],[-118.514595483244,34.3487543457757],[-118.514602310141,34.3487680292106],[-118.514884067851,34.3488791463308],[-118.51838930564,34.3502614428491],[-118.518460644971,34.3502823392005],[-118.518965045432,34.3504815366188],[-118.519732630484,34.3507840145479],[-118.5197344801,34.3504803859244],[-118.519745075825,34.3488949423998],[-118.519751308585,34.3476204397856],[-118.519753658989,34.3471419110605],[-118.519765702708,34.345386115953],[-118.519773671652,34.3441881329604],[-118.51978665765,34.342237204177],[-118.519789871797,34.3417646082839],[-118.519791753189,34.3414870627783],[-118.519799690516,34.3402260737656],[-118.519800440041,34.3393891947984],[-118.519811593631,34.3384471686691],[-118.519815112819,34.3381513337586],[-118.517819335033,34.3381501781946],[-118.516774028534,34.338150381727],[-118.515403102568,34.338143539469],[-118.513396346203,34.3381388264205],[-118.513347425769,34.3381386081502],[-118.513345859606,34.3381386003604],[-118.513174391625,34.3381377877154],[-118.51293011048,34.338136761073],[-118.512679999763,34.3381357586027],[-118.512429913212,34.3381333815666],[-118.512239857438,34.3381325930116],[-118.512239630292,34.3381325930703],[-118.512183114524,34.3381324524156],[-118.512114410939,34.3381324624132],[-118.511923926021,34.3381313434095],[-118.51167881803,34.3381303456857],[-118.511431190678,34.3381293301515],[-118.511183596851,34.3381282860222],[-118.511106570472,34.3381270720081],[-118.510943424022,34.3381272659916],[-118.510338083969,34.3381240191308],[-118.509969537908,34.3381218058962],[-118.509669770515,34.3381208412026],[-118.50939617744,34.3375730708948],[-118.509177495576,34.3371364969047],[-118.509138337399,34.3370565244397],[-118.508786234497,34.3355826464062],[-118.507858189579,34.3356224605779],[-118.5066853695,34.3356727657093],[-118.506624461123,34.3351974796197],[-118.507156809285,34.3347959650455],[-118.507195788261,34.3347665631433],[-118.507218075935,34.3347497643104],[-118.50725467902,34.3347221249284],[-118.507344168045,34.3346546522402],[-118.507351897583,34.3346488175636],[-118.507352776016,34.3346481548596],[-118.507364339529,34.3346394327235],[-118.507463138208,34.3345648970651],[-118.507478824502,34.3345530680734],[-118.507536198432,34.3345098017644],[-118.50753631208,34.3345097255589],[-118.507584687396,34.3344732368325],[-118.507585689149,34.3344724807516],[-118.507659581106,34.3344167553209],[-118.50771185736,34.3343773319139],[-118.507723863263,34.3343682770241],[-118.507777241823,34.3343280231588],[-118.507830169217,34.3342881092382],[-118.50783024563,34.3342881648134],[-118.508259812396,34.3339642974812],[-118.508342775326,34.3339017188367],[-118.508344604631,34.3339003372149],[-118.508344667382,34.3339002909731],[-118.508344512169,34.3339001446732],[-118.50835241685,34.3338941829816],[-118.511333195333,34.3316458620371],[-118.512099575734,34.331067761718],[-118.512245539947,34.3309576715555],[-118.515475399267,34.3285211732439],[-118.516136722554,34.3280221994105],[-118.517062833063,34.3273234142405],[-118.519146010722,34.3257519111376],[-118.519840154333,34.3252282371706],[-118.519919141424,34.3251686507643],[-118.521575269725,34.3239190158636],[-118.521879593944,34.3236894161936],[-118.522022327719,34.3236895270148],[-118.524208178864,34.3236861618016],[-118.528712660163,34.3236791465972],[-118.533113869781,34.3236721154659],[-118.53751027802,34.3236649457486],[-118.545230052922,34.323737838446],[-118.546087792424,34.3237459117419],[-118.546195651302,34.3237469266005],[-118.546337041602,34.3237482571588],[-118.549316821295,34.3237762597379],[-118.549466182674,34.3237776586885],[-118.549542465171,34.3237783729171],[-118.550546409945,34.3237877699443],[-118.554922379096,34.3238286995109],[-118.559435813221,34.3238706773185],[-118.563807286323,34.3239111967834],[-118.563949218196,34.3239124871408],[-118.56507533301,34.3239227114453],[-118.565075735813,34.3239229818327],[-118.565075735098,34.3239227158808],[-118.567664471926,34.3239480948506],[-118.572037980209,34.3239891904498],[-118.575498192608,34.3239792611659],[-118.575620106183,34.3239789010744],[-118.575794487404,34.3239783997005],[-118.576489981295,34.3239763869341],[-118.579948412585,34.3239674073501],[-118.580942849185,34.3239648166596],[-118.585237576979,34.3239684887033],[-118.589533161639,34.3239720394984],[-118.598073685422,34.3239444113472],[-118.602344365126,34.3239296892006],[-118.604332313246,34.323923967117],[-118.605128002682,34.3239216958116],[-118.60570932396,34.3239199998618],[-118.605922887607,34.3239193710142],[-118.606320298181,34.3239182320627],[-118.606292289502,34.3214708196487],[-118.606291511194,34.3214027721848],[-118.610569387881,34.321347903054],[-118.614846435284,34.3212928834436],[-118.620193104471,34.3212230650628],[-118.623401287603,34.3211810466533]]]},"properties":{"OBJECTID":3094,"DISTRICT_NAME":"NEWHALL ELEMENTARY","LABEL":"NEWHALL ELEMENTARY","TRUSTEE_AREA":null,"DISTRICT_TYPE":"Elementary School District","Shape__Area":1825605749.6328125,"Shape__Length":234176.13765080713}},{"type":"Feature","id":3395,"geometry":{"type":"Polygon","coordinates":[[[-118.623401287603,34.3211810466533],[-118.627777003832,34.3211727671401],[-118.631305226982,34.321165974728],[-118.632151889933,34.3211643077665],[-118.635751838128,34.3211610450971],[-118.643116680893,34.3211532953944],[-118.651203221985,34.321144269881],[-118.652306077796,34.3233939379077],[-118.657364254604,34.3337102054227],[-118.663396088988,34.3460094898867],[-118.664016117119,34.3472734938084],[-118.666227032822,34.3517791956432],[-118.670584198342,34.360657278516],[-118.673610067258,34.3668215163011],[-118.677853512942,34.375464534868],[-118.69138967823,34.4031029531798],[-118.691436965577,34.4030963024217],[-118.691437000987,34.4030963752451],[-118.691449374495,34.4031215398978],[-118.691448347587,34.4031216548402],[-118.687034121182,34.4035959625288],[-118.68541385915,34.4037700176095],[-118.684122849747,34.4039086952683],[-118.679236545658,34.4044334431674],[-118.677574602146,34.4046118469058],[-118.676716097737,34.4049423240697],[-118.676684170938,34.4049545928562],[-118.676670818807,34.4049597511771],[-118.67484600908,34.4056621589053],[-118.674645641032,34.4057392830596],[-118.674600079324,34.4057568200483],[-118.67435298767,34.4058519262028],[-118.673875765092,34.4060356093154],[-118.673568751797,34.4061537774846],[-118.673507662363,34.4061744051541],[-118.672926969476,34.4063704756587],[-118.672885183159,34.4063845850098],[-118.671863384407,34.4067295847067],[-118.671073871833,34.4069961471556],[-118.670555069196,34.4073136652536],[-118.668659730262,34.4080430945851],[-118.668469006259,34.4081164932098],[-118.665638016272,34.4092058894791],[-118.662170325969,34.4105401939815],[-118.660166313691,34.411311216796],[-118.657234108891,34.4138293364354],[-118.654533829415,34.416148036184],[-118.65200240346,34.4183216111579],[-118.649916539171,34.4201124656094],[-118.647547129532,34.4200261307001],[-118.643681747571,34.4198851800561],[-118.642711169934,34.4198497709102],[-118.639306306616,34.4194859423926],[-118.636160456397,34.4191497052477],[-118.635834166811,34.4191403127413],[-118.632079698651,34.4191424046922],[-118.631741774502,34.419142601933],[-118.630913373961,34.4191430344096],[-118.625091870282,34.425406474571],[-118.621907014221,34.4271339872292],[-118.620372867067,34.4279618227775],[-118.619800483424,34.4285502989285],[-118.617417704951,34.4309999506015],[-118.614584241779,34.4339127159777],[-118.612959321686,34.4355829497597],[-118.607587884516,34.4361334983134],[-118.607586439822,34.4343549647902],[-118.607585658165,34.4333870929329],[-118.607585750184,34.4320132349057],[-118.607046198562,34.4320036886023],[-118.606886101989,34.4318815384297],[-118.60672128406,34.431595136554],[-118.606415525035,34.4310638197737],[-118.606398877734,34.4307974869417],[-118.606536220907,34.4306609156183],[-118.606642597315,34.4306549411005],[-118.606726802041,34.430650212422],[-118.606802345664,34.4306193066025],[-118.606851554349,34.4305852607882],[-118.606877896034,34.4305597686743],[-118.606904783229,34.4305244794885],[-118.606924527227,34.4304860246642],[-118.60693768097,34.4304393573188],[-118.606940491833,34.4303962721532],[-118.606937593598,34.4303677943645],[-118.606932251209,34.4303441845019],[-118.606915923579,34.4303027439351],[-118.606906048362,34.4302779270478],[-118.606863972856,34.430172181278],[-118.606857914795,34.4300074883933],[-118.606857666842,34.430000784876],[-118.60685749851,34.4299961986795],[-118.606962192021,34.4298948303645],[-118.607004919937,34.4296882079381],[-118.607113209278,34.4295133179831],[-118.607530979371,34.4292632757042],[-118.607585580185,34.4293003611866],[-118.607585932271,34.4293006001345],[-118.607586093619,34.4268920682323],[-118.607577907745,34.4235781456926],[-118.607590874665,34.4235693042397],[-118.607599582933,34.4235635358339],[-118.607604505458,34.4235595993899],[-118.607608851783,34.4235555702686],[-118.607612734054,34.4235511621197],[-118.607616953921,34.423545606421],[-118.607620254422,34.4235403420176],[-118.607622632776,34.4235349875715],[-118.607624889935,34.4235286790005],[-118.607626787609,34.4235203681045],[-118.607627214581,34.4235137252144],[-118.607627072123,34.423510005268],[-118.607626930354,34.4235063799801],[-118.607626208211,34.4235020895576],[-118.6076251433,34.4234980884436],[-118.607623492737,34.4234928479398],[-118.607620331002,34.4234855171198],[-118.607616177354,34.4234789720029],[-118.607612833801,34.4234744567047],[-118.607606886901,34.4234681657895],[-118.607577567147,34.4234391288678],[-118.607577437744,34.4232737309909],[-118.606957261046,34.422661910003],[-118.606957621515,34.4226616611769],[-118.606957769465,34.4226618091909],[-118.606998188125,34.4226340062555],[-118.607178063694,34.4225102710193],[-118.607356663543,34.4223874127892],[-118.607535263954,34.4222645542896],[-118.607576628328,34.4222361000171],[-118.607576678127,34.4222360664106],[-118.607756865906,34.4221121150752],[-118.607771014091,34.4221023823689],[-118.60775928129,34.422090669734],[-118.607744441845,34.4220866258461],[-118.607726497344,34.422098968599],[-118.607704895107,34.4221138296482],[-118.607689404446,34.4220983655885],[-118.607607468985,34.4220165726288],[-118.607630427574,34.4220007780179],[-118.607647014613,34.4219893679622],[-118.607648107003,34.4219796898549],[-118.607629222365,34.4219608385706],[-118.607576431564,34.4219081410752],[-118.607576373479,34.421908082766],[-118.607576140407,34.4216094502314],[-118.607576059909,34.4215068363184],[-118.607574972492,34.4201120556513],[-118.607573512532,34.418282429984],[-118.60712674423,34.4182159741683],[-118.607126801061,34.4182157115353],[-118.607127113649,34.4182142693076],[-118.60712590371,34.4182140896464],[-118.607150824011,34.4181365234065],[-118.607119573422,34.4181226004631],[-118.607108041653,34.4180944976392],[-118.607119043227,34.4180498550421],[-118.607180551222,34.4179416001966],[-118.607258502468,34.4177581682055],[-118.607256083913,34.4177575411214],[-118.607323079353,34.4175589504254],[-118.607326079255,34.4175487443806],[-118.607329312688,34.4175377429084],[-118.607340888241,34.417496800045],[-118.607341633215,34.4174969198259],[-118.607341550908,34.4174972691345],[-118.607572917526,34.4175357917297],[-118.60757252849,34.4170488729699],[-118.607572368199,34.4168723763041],[-118.607571892825,34.4162611597311],[-118.607571623707,34.4159253639277],[-118.607441803041,34.4158944259612],[-118.607571334438,34.4155657747349],[-118.607660814358,34.415338739334],[-118.607646694738,34.4148826147335],[-118.607570788881,34.4148860187685],[-118.607569119869,34.4127990547987],[-118.607571585553,34.4123561754293],[-118.60757356514,34.4120004234729],[-118.607574914803,34.4117578659312],[-118.607581858351,34.4105096682352],[-118.607582481209,34.4103975980619],[-118.607582789238,34.4103421408802],[-118.607583365401,34.4102388817076],[-118.607585391862,34.4098746558782],[-118.607588206797,34.4093682745794],[-118.607590597113,34.4089388032244],[-118.607565847937,34.4089388722186],[-118.607565751131,34.4089388727037],[-118.606338209415,34.4089423249958],[-118.603943724359,34.4089490257813],[-118.603446334755,34.4089504108095],[-118.603172658,34.4089511727157],[-118.602683675465,34.4089525326373],[-118.602679786817,34.4089525429462],[-118.602575179581,34.4089528337452],[-118.602456488384,34.4089531637652],[-118.602448206377,34.4089531850724],[-118.601978937878,34.408954486594],[-118.601842874494,34.408954863475],[-118.601788054948,34.4089550155997],[-118.601778823358,34.4089550406715],[-118.601737926119,34.4088205785306],[-118.601737205031,34.408720745396],[-118.601799268647,34.4085778144676],[-118.602021696091,34.4084008080573],[-118.602101653645,34.4083528692261],[-118.602273557128,34.408328244712],[-118.602381781549,34.4082231175647],[-118.60241540591,34.4081136052685],[-118.602449270831,34.408037371275],[-118.602597886779,34.4079653209813],[-118.602775593563,34.4079501754748],[-118.602804099927,34.4079262628385],[-118.602872344866,34.4078451031024],[-118.602986029162,34.4077019149255],[-118.603077147722,34.4076111327811],[-118.603185817651,34.4075678060752],[-118.603305305296,34.4074340963868],[-118.603547277564,34.4074258748166],[-118.603738277108,34.4071418742782],[-118.603794275899,34.4069958747869],[-118.60386227727,34.4068268748718],[-118.603873276917,34.4066468741637],[-118.60389627627,34.4064668741028],[-118.603952276529,34.4063088740988],[-118.603972599013,34.4062885531102],[-118.603984975274,34.4062189618634],[-118.604000380109,34.406151524641],[-118.604031518357,34.406193852008],[-118.604066206404,34.4061768474458],[-118.604100846042,34.4061533186566],[-118.604142125788,34.4061307863398],[-118.604176767863,34.4061075992008],[-118.604224508657,34.4060616775211],[-118.604244189765,34.4060327274184],[-118.60426341843,34.4060168329912],[-118.604272203468,34.4060095732773],[-118.604306682118,34.4059637176451],[-118.604333076946,34.4059460682572],[-118.604376009478,34.4059231841359],[-118.604471945546,34.4058941965353],[-118.604513218991,34.4058709771472],[-118.604547864448,34.4058481351745],[-118.604580767518,34.4058136224031],[-118.604602107132,34.4057846621699],[-118.604623407942,34.4057502072284],[-118.604629788038,34.4057158266739],[-118.60464284064,34.4056869086508],[-118.604655968329,34.4056686374613],[-118.604683869626,34.4056300286513],[-118.604718468966,34.4056010031829],[-118.60474478131,34.4055720181275],[-118.604781082783,34.4055488243414],[-118.604820410514,34.4054861125901],[-118.604896075563,34.4054050156501],[-118.604945514481,34.4053649253991],[-118.605019817418,34.4053247083809],[-118.605047914404,34.4053132340191],[-118.605117407696,34.4052953703271],[-118.605137215534,34.4052839355016],[-118.605171985317,34.4052782661997],[-118.605226687362,34.4052779932145],[-118.605296427957,34.4052944769332],[-118.605392654984,34.405305673378],[-118.605440725537,34.4053054334006],[-118.605503465992,34.4052707714113],[-118.605529610711,34.4052187751616],[-118.605550951252,34.4051901582408],[-118.605592059273,34.4051442700346],[-118.605611829244,34.4051273404218],[-118.605700961581,34.4050750286679],[-118.605790389598,34.405063246895],[-118.60584011761,34.4050629984791],[-118.605889803151,34.405056910066],[-118.605942847448,34.4050566450394],[-118.605985905081,34.4050509340924],[-118.606145034694,34.4050501388332],[-118.606219709181,34.4050611015603],[-118.606261149189,34.4050608944018],[-118.606295998782,34.4050662150763],[-118.606330809479,34.4050660410367],[-118.606358947607,34.4050604054514],[-118.606385386707,34.4050489372645],[-118.606426576696,34.4050143825488],[-118.606467681317,34.404967806183],[-118.60660625577,34.4048760889188],[-118.606639320168,34.4048639014623],[-118.606667377839,34.4048469302179],[-118.60670210372,34.4048354205059],[-118.606735216701,34.4048297590429],[-118.606771595164,34.4048175549694],[-118.606791407352,34.4048064651406],[-118.60682447561,34.404794964589],[-118.606854144694,34.4047718024624],[-118.60688045604,34.4047428178436],[-118.606900098048,34.4047083707953],[-118.606936353819,34.4046793354957],[-118.606975804315,34.404633454208],[-118.607058060727,34.4045475140847],[-118.607133849305,34.4044839320731],[-118.607209721478,34.4044316864866],[-118.607257585145,34.4044032808443],[-118.607292145195,34.4043687590287],[-118.607354754293,34.4043165779639],[-118.607437010001,34.404230637582],[-118.607471609982,34.4042016122164],[-118.607491333172,34.4041784988501],[-118.607519388264,34.4041615274188],[-118.607539152601,34.4041439105408],[-118.607560617421,34.4041324679162],[-118.60757379651,34.4041210677014],[-118.607608477968,34.4041033760755],[-118.607732633683,34.4040804254559],[-118.607795579157,34.40407427161],[-118.60785516794,34.4040622943665],[-118.607946252152,34.4040505035962],[-118.607994321973,34.4040502626066],[-118.608044132091,34.4040613470602],[-118.608083998164,34.4040728257449],[-118.608127221699,34.4040897833812],[-118.608160501185,34.4041071343584],[-118.608236995658,34.4041404125042],[-118.608278435203,34.4041402046563],[-118.608299943648,34.4041346018716],[-118.608319791987,34.4041286621198],[-118.608347849075,34.4041116913874],[-118.608361020855,34.4040996032464],[-118.60838248914,34.4040885030443],[-118.608395624376,34.4040712627694],[-118.608423719047,34.4040594432426],[-118.60845011741,34.4040424790051],[-118.608478207381,34.4040303160016],[-118.608512977507,34.4040246466374],[-118.608554334208,34.4040131049223],[-118.608705005776,34.4039893341682],[-118.608733101805,34.4039778589516],[-118.608767743882,34.4039546704874],[-118.608794099481,34.4039318680018],[-118.608822068886,34.4039032181195],[-118.608856544153,34.4038573602866],[-118.60889768986,34.4038169665561],[-118.608919110311,34.4037993411356],[-118.608945508497,34.4037823776915],[-118.608973602987,34.4037705571356],[-118.609001655129,34.403753241886],[-118.60903476753,34.4037475806962],[-118.609084283813,34.4037184781504],[-118.609104005367,34.4036953663297],[-118.60911042581,34.403666481124],[-118.609123480464,34.4036382486691],[-118.609129858541,34.4036038678735],[-118.60913797923,34.4035808134151],[-118.609165783736,34.4035294940988],[-118.609185505209,34.4035063804616],[-118.609247863485,34.4034198518094],[-118.609260918066,34.4033916211423],[-118.60926737862,34.4033682315275],[-118.60928046977,34.4033451520868],[-118.609286894054,34.4033169529251],[-118.609286683058,34.4032881010267],[-118.609301141467,34.4032251710538],[-118.609300890262,34.4031908217525],[-118.609307350795,34.4031674330368],[-118.609320487119,34.4031505361412],[-118.60932860663,34.4031274825763],[-118.609341744023,34.4031105847715],[-118.609354833688,34.403087161842],[-118.609376218683,34.4030647276902],[-118.609395812949,34.4030240967885],[-118.609436543426,34.4029270295005],[-118.609457797699,34.4028867337333],[-118.609490279041,34.4027948601971],[-118.609504945761,34.4027604377206],[-118.60951803423,34.402737013877],[-118.609532577799,34.4026857611226],[-118.609532366712,34.402656908322],[-118.609523870395,34.4026284424558],[-118.609523033628,34.4025140652837],[-118.609531027365,34.4024738361518],[-118.609530735876,34.4024339930525],[-118.609543622925,34.4023827486218],[-118.609542738395,34.4022618463248],[-118.609528723093,34.4021588686789],[-118.609527552127,34.4019988102301],[-118.609518887515,34.4019473306357],[-118.609518470394,34.401890313785],[-118.609511501027,34.4018439779836],[-118.609511166826,34.4017982949063],[-118.609504206095,34.4017529895239],[-118.609503281426,34.401626591622],[-118.609489434633,34.4015466276952],[-118.609460672285,34.4014667387295],[-118.609432033443,34.4014040244199],[-118.609418397461,34.4013525698009],[-118.60941818893,34.4013240604729],[-118.60942460692,34.4012951770606],[-118.609465376699,34.4012036026489],[-118.609478175657,34.4011403365957],[-118.609477924399,34.4011059890936],[-118.609492590827,34.4010715666152],[-118.609498969643,34.4010371857896],[-118.609512060369,34.4010141072223],[-118.609520182118,34.4009913953138],[-118.609519973566,34.4009628877883],[-118.609526475489,34.4009453372373],[-118.609519722292,34.400928540286],[-118.609519136815,34.4008485097037],[-118.609525555808,34.4008196244768],[-118.609545277634,34.4007965116734],[-118.609566703285,34.4007795730801],[-118.609586504419,34.4007674514764],[-118.609614643044,34.4007618142219],[-118.609669174045,34.4007388689906],[-118.609690637364,34.4007270834022],[-118.60973841116,34.4006866542418],[-118.60975150394,34.4006635756372],[-118.609751338029,34.4006409053841],[-118.609737742538,34.4005952907866],[-118.6097375339,34.400566781458],[-118.609729158371,34.4005548015024],[-118.609728866794,34.4005149583993],[-118.609743448975,34.4004692012188],[-118.609784132544,34.4003659503476],[-118.609810276647,34.4003142957283],[-118.609948333922,34.4001531917514],[-118.609989354052,34.4000959673652],[-118.610017361988,34.4000728118999],[-118.610037084589,34.4000496990102],[-118.610071768859,34.4000326936257],[-118.610113123362,34.4000211513763],[-118.610182737261,34.4000208011122],[-118.610252436346,34.4000317845715],[-118.61029221743,34.4000315843711],[-118.610333695184,34.4000368714213],[-118.610424857681,34.400036412561],[-118.610540758265,34.4000189990887],[-118.61063842235,34.4000009885596],[-118.610692952235,34.3999777002824],[-118.610714373836,34.399960418016],[-118.610727507939,34.3999431774844],[-118.610727258687,34.3999091734576],[-118.610713830033,34.3998862283134],[-118.610698784151,34.3998687844108],[-118.610685440019,34.3998575174197],[-118.610657180594,34.3998463246359],[-118.610637163687,34.3998292510492],[-118.610636952225,34.3998003982458],[-118.610656468163,34.399749120303],[-118.610662885588,34.3997202350195],[-118.61070407117,34.3996856788403],[-118.610758769524,34.3996854033597],[-118.610931360342,34.3997133869361],[-118.610961195225,34.3997132366241],[-118.611140244826,34.3997178301983],[-118.611166724411,34.3997122009422],[-118.611203107212,34.3997006833763],[-118.61121619833,34.3996776028148],[-118.611215943847,34.3996429127399],[-118.611202222809,34.3995801227448],[-118.611180339234,34.3995345482737],[-118.611165253026,34.3995116115329],[-118.611145196872,34.399489042424],[-118.611125179613,34.399471626333],[-118.611111754851,34.3994493654833],[-118.61108166563,34.3994148248553],[-118.611054853629,34.3993751162915],[-118.611034669072,34.3993350299379],[-118.611004496803,34.3992891546147],[-118.610984103236,34.3992205598252],[-118.611003534609,34.3991579462529],[-118.611026399311,34.3991114602016],[-118.611045914847,34.3990601821941],[-118.611058838572,34.3990144332037],[-118.611084602502,34.3989112570565],[-118.611106671015,34.3987562328789],[-118.611119637135,34.3987159785694],[-118.611119176115,34.3986531235395],[-118.61111225038,34.3986129694761],[-118.611068318353,34.3984988085499],[-118.611041380705,34.3984419262291],[-118.611034541756,34.3984134503068],[-118.611021069343,34.398384665223],[-118.611020392663,34.3983815258551],[-118.611012489825,34.3983448638761],[-118.611011147295,34.3981617916767],[-118.611025265983,34.3980528358231],[-118.611038063266,34.3979895686922],[-118.611057532096,34.3979321072326],[-118.611112419481,34.397731920765],[-118.611118626064,34.397674183544],[-118.611118374141,34.3976398360385],[-118.611124791243,34.397610950727],[-118.611124627491,34.3975886248484],[-118.611090072929,34.3976231477642],[-118.611015905718,34.3976805404692],[-118.610966350881,34.397703804738],[-118.610910080562,34.3977154224322],[-118.610833837691,34.3977158065162],[-118.610800645811,34.3977101344182],[-118.610731031671,34.3977104850481],[-118.610689638127,34.3977165328102],[-118.610615222452,34.3977399221348],[-118.610552322242,34.3977515730474],[-118.610517472913,34.3977459092172],[-118.610489214568,34.397735059879],[-118.610421004795,34.3977007109992],[-118.610372812835,34.3976837791973],[-118.610316377483,34.397672727256],[-118.610185436526,34.3976733862187],[-118.610152205557,34.3976622192381],[-118.610130490149,34.3976393139222],[-118.610108730922,34.3976105713345],[-118.610094969385,34.397541942125],[-118.610094717884,34.3975075946171],[-118.610107810399,34.3974848585544],[-118.61011431302,34.3974673088644],[-118.61014240807,34.3974561749945],[-118.610225152208,34.3974382407533],[-118.610294766123,34.3974378904138],[-118.610371094292,34.3974491848214],[-118.610445679473,34.3974488093722],[-118.61053012486,34.3974367056498],[-118.610563189684,34.3974252049753],[-118.610597873842,34.3974081994324],[-118.610625920987,34.3973905403256],[-118.610652022264,34.3973333890189],[-118.610651813334,34.3973048814895],[-118.610645012371,34.3972815576695],[-118.61064484372,34.3972585457411],[-118.610638048884,34.3972359088653],[-118.610589479592,34.397167455888],[-118.610567763112,34.3971445515567],[-118.610554293241,34.3971157664079],[-118.610534239258,34.3970935406754],[-118.610505516625,34.3970191475439],[-118.610491585171,34.3969275073551],[-118.610504006613,34.3968130624946],[-118.610516891106,34.3967618179493],[-118.610531176304,34.3966755305987],[-118.610544142379,34.3966352763459],[-118.610550480158,34.3965954007564],[-118.610577980849,34.3965032066642],[-118.610590486265,34.3964000973661],[-118.610605028068,34.3963488444644],[-118.61061127912,34.396297289822],[-118.610610858757,34.39623992858],[-118.6106170681,34.3961825357564],[-118.610616229891,34.3960681576481],[-118.610622485608,34.3960169464684],[-118.610621476234,34.3958792129538],[-118.610585160274,34.3956733022565],[-118.610583607307,34.3954613790172],[-118.610589860816,34.3954101669469],[-118.610604191014,34.3953300621331],[-118.610603893996,34.3952895311685],[-118.610610271911,34.3952551502732],[-118.610610065518,34.3952269862154],[-118.610622862689,34.3951637200198],[-118.610642499804,34.3951292723519],[-118.610670380023,34.3950889429735],[-118.610691635312,34.3950489913432],[-118.61075394433,34.3949569671798],[-118.610786797719,34.3949166127245],[-118.610821351285,34.3948820898898],[-118.610855945105,34.3948530617455],[-118.610888969648,34.3948360644717],[-118.610938563102,34.3948182967342],[-118.610994831461,34.3948066790248],[-118.611047827819,34.3948009152673],[-118.61118704906,34.3948002136147],[-118.611235154943,34.3948054678381],[-118.611331455261,34.3948283395394],[-118.611525874786,34.3948960567604],[-118.611574103177,34.3949181393317],[-118.611650678831,34.3949634378717],[-118.611692365956,34.3949975763667],[-118.611747313404,34.3950316479497],[-118.611858953028,34.3951118043111],[-118.611933830164,34.395151615439],[-118.612018611072,34.39518553634],[-118.612274354872,34.3952529428326],[-118.612357348791,34.395269354642],[-118.612447018888,34.3952919145543],[-118.612536642509,34.3953082936576],[-118.612613011955,34.39532542483],[-118.612682707447,34.3953364086984],[-118.612724183015,34.3953416949323],[-118.612772207382,34.3953359564477],[-118.612828559193,34.3953356716634],[-118.61294449315,34.3953237496871],[-118.613014064862,34.395317903087],[-118.613144830576,34.3952942282518],[-118.613282266279,34.3952760144448],[-118.613345248754,34.3952756958843],[-118.613476269726,34.3952867116723],[-118.613545965299,34.3952976950445],[-118.613683657872,34.3953145161447],[-118.613842892805,34.3953305410615],[-118.613967198253,34.3953299117283],[-118.614015304611,34.3953351639471],[-118.614056739763,34.3953349541246],[-118.614106504986,34.3953405422961],[-118.614152911271,34.3953403072646],[-118.614278791655,34.3953283336343],[-118.614340032096,34.3953166873811],[-118.614464084223,34.3952817100352],[-118.614581378518,34.3952292498333],[-118.61463581948,34.3951946251064],[-118.614696891094,34.3951599667419],[-118.614814018147,34.3950851786458],[-118.614931059899,34.3949987131812],[-118.614980612026,34.3949754481903],[-118.61504015524,34.3949583152847],[-118.615165947627,34.3949346643907],[-118.615290251387,34.3949340337067],[-118.615344946607,34.3949337561575],[-118.615438761925,34.3949420358229],[-118.615462704127,34.3949441492278],[-118.615593637491,34.3949434845831],[-118.6156565791,34.3949376692217],[-118.615711272146,34.3949373915183],[-118.615759298256,34.3949316527409],[-118.61588343045,34.3949076642411],[-118.616042202842,34.3948611729169],[-118.616257245225,34.3948034056099],[-118.61633986092,34.3947686369184],[-118.616414059986,34.3947163930728],[-118.616448651796,34.3946873642342],[-118.616483289324,34.3946645179358],[-118.616503052054,34.3946472430624],[-118.616531099559,34.3946299260621],[-118.616565693827,34.3946012397635],[-118.616600327291,34.394577706476],[-118.616626591357,34.3945432241259],[-118.616661188105,34.3945148821764],[-118.616708827847,34.3944572765057],[-118.616743254195,34.3944059217077],[-118.616886983481,34.3941187216382],[-118.616913160821,34.394072561075],[-118.616961994657,34.3939524353218],[-118.616968411619,34.3939235487826],[-118.616968241229,34.3939005368587],[-118.616974702882,34.3938778337763],[-118.617029569165,34.3938045539379],[-118.617053277653,34.3937598727167],[-118.617174276886,34.3935178714241],[-118.617208278293,34.3933268723132],[-118.617250070635,34.3931878300353],[-118.617253301493,34.3931770789134],[-118.617253326979,34.3931769958417],[-118.617253235148,34.3931769313981],[-118.617256043458,34.3931680107568],[-118.617260208613,34.393153748777],[-118.61726021208,34.3931477571032],[-118.617260462396,34.3930585210808],[-118.617260121816,34.3930467522663],[-118.617260163437,34.3930181641188],[-118.61725987849,34.3929796985229],[-118.617259031125,34.3929679313866],[-118.617256574063,34.3929444018962],[-118.617252210926,34.3929030144234],[-118.617248682701,34.3928717127721],[-118.617246700799,34.3928437651038],[-118.617243141439,34.3928082597146],[-118.617242885672,34.3927395246556],[-118.617243240602,34.3926506081468],[-118.617243118744,34.3925999501506],[-118.617295851282,34.3924958419529],[-118.617382675016,34.3924413776326],[-118.617434675516,34.3924097932399],[-118.617565147908,34.3923599414937],[-118.617658191432,34.3923237340026],[-118.617900476572,34.3923067342884],[-118.618108150794,34.3922728839819],[-118.618264932904,34.3922149096847],[-118.61829730235,34.3922031841403],[-118.618420669847,34.3921154893548],[-118.618534061013,34.3920018466264],[-118.618592039967,34.3919435870233],[-118.618687844419,34.3917866200472],[-118.618735048386,34.3917110020421],[-118.6187927985,34.3916219729311],[-118.618824660212,34.3915726726054],[-118.618886669674,34.3914759883421],[-118.618916437611,34.3913773220478],[-118.61895631925,34.391245686064],[-118.618967457776,34.3911957756572],[-118.618980548708,34.3911462005734],[-118.618983052802,34.3911372066147],[-118.618995771707,34.3910824973354],[-118.619014061599,34.3910006556121],[-118.619023828656,34.3909598163183],[-118.619041258331,34.3909046259009],[-118.619075605451,34.3908025968669],[-118.619107499266,34.3907578283572],[-118.619123742859,34.3907365158716],[-118.619147377491,34.3907032391248],[-118.619163614658,34.3906812108411],[-118.619188174746,34.3906562776527],[-118.61921644915,34.3906277481662],[-118.619249007812,34.3905949027411],[-118.619267863582,34.3905380353472],[-118.619285889553,34.3904857042471],[-118.619334017636,34.3903797876133],[-118.619366006078,34.3903090180358],[-118.619382236027,34.3902860368271],[-118.619443020797,34.3902182205334],[-118.619511788736,34.3901405843777],[-118.619601433966,34.3900459051025],[-118.619665952871,34.38997735559],[-118.619688968181,34.3899526934429],[-118.618876277911,34.3894868714279],[-118.618754277657,34.3894868711082],[-118.618655277623,34.3894718715349],[-118.618396277415,34.3894028714716],[-118.618281277613,34.3893798717591],[-118.618144277904,34.3893728710969],[-118.618045278167,34.38937987139],[-118.617755277959,34.3894338713804],[-118.617694277277,34.3894368714623],[-118.617511277817,34.3894598715779],[-118.61739627813,34.3894638713499],[-118.617312277929,34.3894558714179],[-118.617190277442,34.3894678717731],[-118.616977277319,34.3894678712531],[-118.61684727732,34.389478871587],[-118.616677932794,34.389502391485],[-118.616353015358,34.389572336397],[-118.616329461588,34.38957636612],[-118.616329929288,34.3895851979658],[-118.616317238009,34.3895872395614],[-118.616151496777,34.3896473367548],[-118.615961198445,34.3896688975931],[-118.615845374211,34.3896832155396],[-118.615710277162,34.3896848717024],[-118.615664277737,34.3896808716328],[-118.615596277256,34.3896468717029],[-118.615542277155,34.3896088717351],[-118.615450277557,34.3895518716756],[-118.615420277654,34.3895138715374],[-118.615290277532,34.3894528711508],[-118.615222277216,34.3894338717904],[-118.615153277156,34.3894258717845],[-118.61500127686,34.3894368717655],[-118.614924276775,34.3894258713014],[-118.614856277406,34.3894218716084],[-118.614657276989,34.3895178716821],[-118.614604277014,34.3895708716109],[-118.614535277148,34.3895938717182],[-118.614466276975,34.3896088714929],[-118.614390276985,34.3896128718083],[-118.614245276862,34.3896088715536],[-118.614146277522,34.3895938719048],[-118.614070277454,34.3895668715548],[-118.613986277019,34.3895518715424],[-118.613803276872,34.3895858711965],[-118.613734277028,34.3895858715781],[-118.613673277038,34.3895938713937],[-118.613604277472,34.3895708715299],[-118.613505277346,34.3895248718],[-118.613375277415,34.3895248713844],[-118.613146277342,34.3895098712711],[-118.613017277237,34.3895168713077],[-118.612857276655,34.3895328720415],[-118.612750277324,34.3895288717504],[-118.612612277208,34.3895058720114],[-118.612505277005,34.3894638714655],[-118.612383276406,34.389444871928],[-118.612292277194,34.3894218715395],[-118.61210127666,34.3894408712843],[-118.611987276568,34.3894718720119],[-118.61175027652,34.3895558720281],[-118.611674276728,34.38957087217],[-118.611582276217,34.3895828714983],[-118.611521276331,34.3895778717817],[-118.611430276971,34.3895478720687],[-118.611247276573,34.389437871599],[-118.611216276077,34.3893798720368],[-118.611117276246,34.3893188713908],[-118.611010276255,34.3893418716857],[-118.610926276922,34.3893528718565],[-118.61069027624,34.3893348713945],[-118.610530276077,34.3893148713431],[-118.610354276396,34.3892468714302],[-118.610262276542,34.3892308714345],[-118.610224276112,34.3892158716894],[-118.610125275952,34.3892078719536],[-118.609980276449,34.3892198716929],[-118.609942276197,34.3892118714388],[-118.60982027579,34.3891548719928],[-118.609774276193,34.3891128714576],[-118.609705276314,34.3890628717766],[-118.609660275852,34.3890368721688],[-118.609606276591,34.3890248718709],[-118.609423276683,34.3890488722084],[-118.609332276108,34.3890708719324],[-118.60927127669,34.3891238718516],[-118.609194276612,34.3891668719811],[-118.609164276202,34.3892088714322],[-118.609133275864,34.3892848721828],[-118.609026275921,34.3893418715152],[-118.608950275939,34.3893458720269],[-118.608874276546,34.3893158716972],[-118.608790276547,34.3892998718837],[-118.608737276233,34.3892998720304],[-118.6086602763,34.3893268721349],[-118.60859127567,34.3893688715785],[-118.608531275765,34.3894298718053],[-118.608469276165,34.3894828718282],[-118.608393276315,34.3895208718772],[-118.608172275681,34.3895858720325],[-118.608050275718,34.389608871921],[-118.607981275699,34.38961287188],[-118.607882276383,34.3896048721105],[-118.607775275823,34.3896018717549],[-118.607600275572,34.3895898720963],[-118.607340275651,34.3895628716789],[-118.607165275765,34.3895168724075],[-118.607012275368,34.3895098716786],[-118.606860275349,34.38948687238],[-118.606760275322,34.3894638723269],[-118.60661527564,34.3894148723556],[-118.606501276119,34.3893568721132],[-118.606485276163,34.3893458721842],[-118.605606939113,34.3902068353103],[-118.605581955952,34.3902305065833],[-118.605592282058,34.3904772874896],[-118.605334191815,34.3904833598404],[-118.60529515711,34.3905133714328],[-118.605163276609,34.3906147662958],[-118.604833275877,34.3909048722681],[-118.604737275481,34.3910508727081],[-118.60460727542,34.3912428725281],[-118.604239275794,34.3910688727833],[-118.60379427493,34.3907878726543],[-118.603370275462,34.390472872002],[-118.603084275374,34.3907378725514],[-118.603010048806,34.3908062090128],[-118.602962749193,34.3908460066267],[-118.602952690526,34.3908377110669],[-118.602727553068,34.3906519487517],[-118.602716567075,34.3906439922543],[-118.602693645282,34.3906441106996],[-118.602331276224,34.3903568723099],[-118.602283275482,34.3903148725813],[-118.602223274317,34.3902638728365],[-118.601744275133,34.3906358716722],[-118.601725674993,34.3906507303439],[-118.601730008327,34.3906506727774],[-118.601040178214,34.391225330439],[-118.601163584749,34.3913361078313],[-118.601237500477,34.3914024203181],[-118.60139721213,34.3915457019673],[-118.601504255902,34.3916417604508],[-118.601467794399,34.3916690389825],[-118.601308204154,34.3917884302247],[-118.601237062534,34.3918425753349],[-118.601171392859,34.3918942500931],[-118.601106733134,34.3919467897969],[-118.601038893906,34.3920037745039],[-118.600972243635,34.3920617161266],[-118.600945323486,34.3920859351552],[-118.600906800662,34.3921205938408],[-118.600846560533,34.3921766293192],[-118.600815184172,34.3922068115644],[-118.600783511849,34.3922372774504],[-118.600721726656,34.3922988118155],[-118.600664964423,34.392357289379],[-118.600609345068,34.3924165149437],[-118.600551289028,34.3924804973681],[-118.600498071814,34.3925412219681],[-118.600466264614,34.3925788115235],[-118.600442609775,34.3926067673887],[-118.600388512679,34.3926730903667],[-118.600339047454,34.392735957314],[-118.600290809245,34.3927994753903],[-118.60024071743,34.3928679259453],[-118.600195047374,34.3929327367025],[-118.600177443226,34.3929586990051],[-118.600147724171,34.3930025294331],[-118.600138593016,34.3930165557452],[-118.60010185318,34.3930729839019],[-118.600057442947,34.393144078431],[-118.600014509665,34.3932157958128],[-118.59997561212,34.3932835742056],[-118.59993557326,34.3933564312105],[-118.599899412784,34.3934252436276],[-118.599864586811,34.3934945281503],[-118.599828927591,34.3935689321351],[-118.599794811863,34.3936438333375],[-118.599764238088,34.3937144824665],[-118.599733139051,34.3937902801881],[-118.599705412728,34.3938617311133],[-118.599587230064,34.3941748874594],[-118.599204722751,34.3940603963878],[-118.599124792353,34.3940364713463],[-118.598928716388,34.3939777831457],[-118.59883758176,34.3941487157852],[-118.598808902563,34.3942013497097],[-118.598781087858,34.3942503398323],[-118.598750434567,34.3943022036566],[-118.598718773328,34.3943536496264],[-118.598688183491,34.3944014895383],[-118.598654594363,34.3944520885444],[-118.598620023104,34.3945022307997],[-118.598586726956,34.3945488128712],[-118.598552583774,34.3945949708818],[-118.598515238933,34.3946437276039],[-118.598479368609,34.3946889763484],[-118.59844019922,34.3947367395371],[-118.598400103709,34.3947839708657],[-118.598361682204,34.394827758143],[-118.59831982145,34.3948739253201],[-118.598279764439,34.3949166919813],[-118.598238929394,34.3949589512932],[-118.598194526884,34.3950034568023],[-118.598152114624,34.3950446348023],[-118.598106052654,34.395087965641],[-118.598059149818,34.3951306731359],[-118.598014427073,34.3951701360293],[-118.597968988942,34.3952090317576],[-118.597919743085,34.3952498863629],[-118.597869707186,34.3952900768005],[-118.597818894203,34.3953295903841],[-118.597767317115,34.3953684171317],[-118.597718280376,34.3954041859258],[-118.597668597471,34.3954393340176],[-118.597614899062,34.3954761327686],[-118.597560489575,34.3955122074553],[-118.597508846551,34.3955453601108],[-118.596958661626,34.3958930765291],[-118.59638970044,34.3962525045474],[-118.596370847754,34.3962340579606],[-118.595980092844,34.3958103188027],[-118.595909797432,34.395735262919],[-118.595837948751,34.3956612252558],[-118.59576456545,34.3955882282572],[-118.595689671613,34.3955162934392],[-118.595613288064,34.3954454432353],[-118.595535437798,34.3953756991668],[-118.595453563602,34.395304885746],[-118.595372805615,34.3952374511783],[-118.595290653133,34.3951711845891],[-118.595207132392,34.3951061047794],[-118.59512226529,34.3950422323741],[-118.595036079151,34.3949795861689],[-118.594948598028,34.3949181840737],[-118.594859850337,34.3948580457803],[-118.594769861206,34.3947991873904],[-118.594676003577,34.3947380228296],[-118.594590613907,34.3946879867784],[-118.59453721184,34.3946565432],[-118.594470907876,34.3946189836831],[-118.594295792651,34.3945229786045],[-118.594254877487,34.3945013437829],[-118.59419976176,34.3944722010761],[-118.593994837589,34.3943703229417],[-118.59377008692,34.3942678825239],[-118.593659540231,34.3942220394687],[-118.593471341745,34.3941503811918],[-118.593249127159,34.3940689838126],[-118.592925102089,34.3939603497765],[-118.592502355558,34.3938186166773],[-118.592140304174,34.3936967036329],[-118.591985743502,34.3936424182851],[-118.591691296931,34.3935322905539],[-118.591579027324,34.3934871860697],[-118.591436828233,34.3934268850315],[-118.591229645416,34.3933329278994],[-118.591041576953,34.3932370083501],[-118.590919438817,34.3931680109181],[-118.590762092421,34.3930767392198],[-118.5904165037,34.3928771812034],[-118.59034843099,34.3928378727551],[-118.590251242092,34.3927774521585],[-118.590160252807,34.3927169463164],[-118.59007822031,34.3926574687522],[-118.590002970783,34.3925939787229],[-118.5899325755,34.3925228704422],[-118.589868747135,34.3924454978165],[-118.589807100781,34.3923624817106],[-118.589749784236,34.3922730408633],[-118.589697124922,34.3921765714582],[-118.589648465006,34.3920737059765],[-118.58957627223,34.3919032283787],[-118.589554416212,34.3918525174424],[-118.589498189626,34.391738890023],[-118.5894304271,34.3916253186563],[-118.589347052219,34.3915186640357],[-118.589248100328,34.3913920843537],[-118.58905113288,34.391182331241],[-118.588930316169,34.3910800639176],[-118.588799833283,34.3909843291057],[-118.588332132531,34.3906574545713],[-118.588153719222,34.3905286468691],[-118.588064190968,34.3904513123139],[-118.588059125321,34.3904562412693],[-118.588050329122,34.3904641976637],[-118.587943456013,34.3905605245828],[-118.587843755354,34.3906413578967],[-118.587737929789,34.3907182071526],[-118.587625217342,34.3907922047576],[-118.587506787706,34.3908635929488],[-118.587441738578,34.3908984038082],[-118.587383777222,34.3909294244741],[-118.58725624139,34.3909881592178],[-118.587195520365,34.3910120096745],[-118.587124843423,34.3910397696125],[-118.586990616697,34.3910852107852],[-118.586853035424,34.3911248693282],[-118.586811328663,34.3911348583158],[-118.586711699244,34.3911587201213],[-118.586566106684,34.391185969516],[-118.586417622274,34.3912071869831],[-118.586267331693,34.3912214882596],[-118.586115424448,34.3912273614392],[-118.585962311235,34.3912267554673],[-118.58580884881,34.3912191712539],[-118.585656631846,34.3912046551881],[-118.585546527779,34.3911885435885],[-118.5855064843,34.3911826831063],[-118.585359139947,34.3911538257562],[-118.585214897991,34.3911187172908],[-118.585074252372,34.3910761436659],[-118.584937668853,34.3910267634773],[-118.584805158962,34.3909720606206],[-118.584677312735,34.3909113434863],[-118.584494212942,34.3908082604822],[-118.584438010449,34.390772958366],[-118.584347844664,34.3907093988098],[-118.584328480348,34.3906957481295],[-118.584224751504,34.3906139209961],[-118.584125437151,34.39052822563],[-118.584030034455,34.3904376736698],[-118.583971155419,34.3903766776744],[-118.583938946603,34.3903433107745],[-118.583852667518,34.3902443890002],[-118.583774169382,34.3901398257206],[-118.583704215187,34.3900335966821],[-118.583642108918,34.3899264805754],[-118.583586937342,34.3898200730287],[-118.583540680166,34.3897135107638],[-118.583519848054,34.3896596330216],[-118.583493046721,34.3896685051512],[-118.583280345914,34.38974297173],[-118.583086636034,34.3898107887952],[-118.582920316444,34.3898807304298],[-118.582778455243,34.389957299614],[-118.582634698449,34.3900541155434],[-118.582540281366,34.3901294386171],[-118.58246881523,34.3901864519474],[-118.582220658603,34.3903352026985],[-118.581981436486,34.3904527122102],[-118.581849032936,34.390500666855],[-118.581778524022,34.3905262032696],[-118.581620232475,34.3905809271361],[-118.581597491551,34.3905867015044],[-118.581457779421,34.3906221800854],[-118.581266799182,34.3906568224398],[-118.581094021749,34.3906762025126],[-118.580811882793,34.3907029327166],[-118.580756556122,34.3907081742349],[-118.580345857221,34.3907404946534],[-118.580141969584,34.3907620101649],[-118.579776678145,34.3908005556048],[-118.579669335426,34.3908262723162],[-118.579543594237,34.3908563961567],[-118.579474186343,34.3908855817135],[-118.579426904959,34.3909111599098],[-118.579356953581,34.3909490000881],[-118.57926134594,34.3910239936056],[-118.579237030604,34.3910473758418],[-118.579213602181,34.391069905486],[-118.579177021559,34.3911167268716],[-118.579096964642,34.3912191934715],[-118.579011404271,34.3913303681399],[-118.578983628209,34.3914316852582],[-118.57894802119,34.3915768844161],[-118.578960101926,34.3917004514788],[-118.578975469496,34.3918268769588],[-118.578691630667,34.3918597326889],[-118.578561395651,34.3918536142547],[-118.578443192935,34.3918238188025],[-118.578345325874,34.3917905571819],[-118.578133227947,34.3917140009437],[-118.578039175889,34.3916469906246],[-118.577688120583,34.3914128691814],[-118.577406218731,34.3916665812514],[-118.57711141844,34.3919376086416],[-118.576760106713,34.3921848879658],[-118.576474919698,34.3924081431747],[-118.5760282681,34.3927705676384],[-118.575958954933,34.3928141789793],[-118.575876482392,34.3928719474712],[-118.575800563704,34.3929179746679],[-118.575470316757,34.3930971379195],[-118.575361323378,34.393155005776],[-118.575257261635,34.3932066953169],[-118.575050729233,34.393299729514],[-118.574954877814,34.3933400276519],[-118.574857363494,34.3933803335972],[-118.574754845683,34.3934154973506],[-118.574665644847,34.393444196964],[-118.574462295744,34.3935096531559],[-118.574321563439,34.3935549460846],[-118.574189244786,34.3935954190378],[-118.574093280125,34.3936192323513],[-118.573747598068,34.3937239110279],[-118.573459761925,34.3938053195534],[-118.573196712217,34.3938752607282],[-118.573160312326,34.3938843598479],[-118.573079234139,34.3939043110093],[-118.572955084242,34.393927570551],[-118.572804417231,34.3939509534296],[-118.572763031672,34.3939573289866],[-118.57269345284,34.3939631525185],[-118.57263716892,34.3939727069091],[-118.572507987457,34.3939870581889],[-118.572279500102,34.3940224836699],[-118.57214868797,34.3940402780341],[-118.571921906179,34.3940773707563],[-118.571858957208,34.3940876693401],[-118.571456661307,34.3941551584416],[-118.571266871357,34.3941870449981],[-118.571059433483,34.3933275934275],[-118.570921277502,34.3927553355797],[-118.570800631661,34.3922562714726],[-118.570690911747,34.3918020246001],[-118.570663368782,34.3916876585468],[-118.570643814353,34.3916054561264],[-118.570570058464,34.391360567883],[-118.570466594881,34.391063365015],[-118.570447749605,34.3908955020263],[-118.570407417996,34.3905329685218],[-118.570335464551,34.3899339004122],[-118.570253882401,34.3896006968683],[-118.570180059496,34.3892991792989],[-118.570141184571,34.3891896364599],[-118.56999635226,34.3887785331815],[-118.569949648112,34.3886459656685],[-118.569741417989,34.3881536571717],[-118.569513940982,34.3875393105742],[-118.569143750939,34.3865662829104],[-118.568831686519,34.3859511393215],[-118.568595984322,34.3853523333794],[-118.568221339028,34.3844190402653],[-118.568046689055,34.3839117825806],[-118.567845621284,34.3833271257581],[-118.567801774521,34.3832259546198],[-118.567474429953,34.3824761077151],[-118.567383854118,34.3822725859034],[-118.567214846302,34.3817474104213],[-118.567075260189,34.3813175107915],[-118.566949465329,34.3810115841438],[-118.566820786149,34.3807044772096],[-118.566606951114,34.3803719741555],[-118.566191737703,34.3797269824643],[-118.565491963559,34.3786400021692],[-118.565247857682,34.3782652059888],[-118.56488845179,34.3777025596697],[-118.564547342705,34.3771645861153],[-118.564259476805,34.3767139539409],[-118.56410421771,34.3764728037931],[-118.563853847454,34.3760780981914],[-118.563605234009,34.3756878212942],[-118.563369299671,34.3753160125432],[-118.563236539905,34.3751095967923],[-118.563117263691,34.3749133606753],[-118.562960202505,34.3746600529466],[-118.562615572348,34.3741080172828],[-118.562494875595,34.373914172628],[-118.562238948698,34.3735038901263],[-118.561900840808,34.3729792524875],[-118.561499616883,34.3723513840939],[-118.561444438832,34.3722648744267],[-118.560538676196,34.3708454332139],[-118.56052605205,34.370826835994],[-118.56039141276,34.3706350118746],[-118.560264195489,34.3704538383713],[-118.559877349623,34.3699071892673],[-118.559553200485,34.3694435465531],[-118.559234329288,34.3689941896958],[-118.558722017493,34.3682672124124],[-118.557999382389,34.3673173621553],[-118.55790663144,34.3671956843243],[-118.55716882227,34.3662277464575],[-118.556418343389,34.365238227105],[-118.555795798751,34.3640199842642],[-118.555393557074,34.3629670336353],[-118.555147240859,34.3623192631899],[-118.554748460698,34.3610711036313],[-118.554546078188,34.360482852581],[-118.554458115337,34.3602313634182],[-118.55385233571,34.3586693545999],[-118.55350615782,34.3580817588047],[-118.553303163155,34.3578322257164],[-118.553137253824,34.3576230734837],[-118.552743044274,34.3571645024572],[-118.551901065895,34.3564098031232],[-118.55169405733,34.3561780739539],[-118.551817332256,34.3561792013455],[-118.548291020171,34.3529117048145],[-118.548077837999,34.3527395541752],[-118.547851373505,34.3525619638027],[-118.547833032332,34.3525482396035],[-118.547726529964,34.3524708259901],[-118.547450285812,34.3522810978989],[-118.547293913407,34.3521825237009],[-118.547122600852,34.3520785470972],[-118.546861516143,34.3519265310328],[-118.546628752221,34.3517977384015],[-118.546417621151,34.3516849826799],[-118.546136050331,34.3515404726011],[-118.546118430594,34.3515314320067],[-118.543985975765,34.3507059931908],[-118.54329220163,34.3504382669411],[-118.542952991705,34.3503073642117],[-118.541691095183,34.3498197354653],[-118.541443378125,34.3497240078892],[-118.535584701146,34.3474909359856],[-118.53417576702,34.3468335382887],[-118.533874812481,34.3466579496808],[-118.533771703834,34.3465935001309],[-118.533550459124,34.3464484761575],[-118.533432322218,34.3463662302536],[-118.53330750924,34.3462767904687],[-118.533176011316,34.3461763811679],[-118.533044478608,34.3460721818003],[-118.532693112269,34.3457834937165],[-118.532501564435,34.3456180868874],[-118.532286666313,34.3454280530541],[-118.532148327169,34.3452950324052],[-118.531978200996,34.3451123536273],[-118.531783020203,34.3448968161093],[-118.531469314812,34.344537527251],[-118.531392571884,34.3444509750808],[-118.531319128749,34.344363365312],[-118.531070572528,34.344089994215],[-118.530870554143,34.3438943977889],[-118.530757265842,34.3437922049028],[-118.530630682886,34.3436828406696],[-118.530485824316,34.343564629251],[-118.530196159784,34.3433385066742],[-118.529710229288,34.3429837315265],[-118.529483863246,34.3428119603252],[-118.529357466591,34.342731097976],[-118.529008400097,34.3425395789543],[-118.528563049607,34.3423127562826],[-118.52780038857,34.3419389343359],[-118.527436722885,34.3417945510563],[-118.526211874971,34.3414106853527],[-118.525860624777,34.3413367006633],[-118.525296336258,34.3412178538881],[-118.52288754115,34.3408892347415],[-118.522297366235,34.3408090157711],[-118.521829878927,34.3407460963369],[-118.521667384587,34.3407196722223],[-118.521493278884,34.3406895104883],[-118.521115125036,34.3406100770643],[-118.520909415278,34.3405590778601],[-118.520683772202,34.340498580583],[-118.520381770078,34.3404115872866],[-118.520143254007,34.3403376761722],[-118.520008363687,34.3402957177096],[-118.519799690516,34.3402260737656],[-118.519800440041,34.3393891947984],[-118.519811593631,34.3384471686691],[-118.519815112819,34.3381513337586],[-118.517819335033,34.3381501781946],[-118.516774028534,34.338150381727],[-118.515403102568,34.338143539469],[-118.513396346203,34.3381388264205],[-118.513347425769,34.3381386081502],[-118.513345859606,34.3381386003604],[-118.513174391625,34.3381377877154],[-118.51293011048,34.338136761073],[-118.512679999763,34.3381357586027],[-118.512429913212,34.3381333815666],[-118.512239857438,34.3381325930116],[-118.512239630292,34.3381325930703],[-118.512183114524,34.3381324524156],[-118.512114410939,34.3381324624132],[-118.511923926021,34.3381313434095],[-118.51167881803,34.3381303456857],[-118.511431190678,34.3381293301515],[-118.511183596851,34.3381282860222],[-118.511106570472,34.3381270720081],[-118.510943424022,34.3381272659916],[-118.510338083969,34.3381240191308],[-118.509969537908,34.3381218058962],[-118.509669770515,34.3381208412026],[-118.50939617744,34.3375730708948],[-118.509177495576,34.3371364969047],[-118.509138337399,34.3370565244397],[-118.508786234497,34.3355826464062],[-118.507858189579,34.3356224605779],[-118.5066853695,34.3356727657093],[-118.506624461123,34.3351974796197],[-118.507156809285,34.3347959650455],[-118.507195788261,34.3347665631433],[-118.507218075935,34.3347497643104],[-118.50725467902,34.3347221249284],[-118.507344168045,34.3346546522402],[-118.507351897583,34.3346488175636],[-118.507352776016,34.3346481548596],[-118.507364339529,34.3346394327235],[-118.507463138208,34.3345648970651],[-118.507478824502,34.3345530680734],[-118.507536198432,34.3345098017644],[-118.50753631208,34.3345097255589],[-118.507584687396,34.3344732368325],[-118.507585689149,34.3344724807516],[-118.507659581106,34.3344167553209],[-118.50771185736,34.3343773319139],[-118.507723863263,34.3343682770241],[-118.507777241823,34.3343280231588],[-118.507830169217,34.3342881092382],[-118.50783024563,34.3342881648134],[-118.508259812396,34.3339642974812],[-118.508342775326,34.3339017188367],[-118.508344604631,34.3339003372149],[-118.508344667382,34.3339002909731],[-118.508344512169,34.3339001446732],[-118.50835241685,34.3338941829816],[-118.511333195333,34.3316458620371],[-118.512099575734,34.331067761718],[-118.512245539947,34.3309576715555],[-118.515475399267,34.3285211732439],[-118.516136722554,34.3280221994105],[-118.517062833063,34.3273234142405],[-118.519146010722,34.3257519111376],[-118.519840154333,34.3252282371706],[-118.519919141424,34.3251686507643],[-118.521575269725,34.3239190158636],[-118.521879593944,34.3236894161936],[-118.522022327719,34.3236895270148],[-118.524208178864,34.3236861618016],[-118.528712660163,34.3236791465972],[-118.533113869781,34.3236721154659],[-118.53751027802,34.3236649457486],[-118.545230052922,34.323737838446],[-118.546087792424,34.3237459117419],[-118.546195651302,34.3237469266005],[-118.546337041602,34.3237482571588],[-118.549316821295,34.3237762597379],[-118.549466182674,34.3237776586885],[-118.549542465171,34.3237783729171],[-118.550546409945,34.3237877699443],[-118.554922379096,34.3238286995109],[-118.559435813221,34.3238706773185],[-118.563807286323,34.3239111967834],[-118.563949218196,34.3239124871408],[-118.56507533301,34.3239227114453],[-118.565075735813,34.3239229818327],[-118.565075735098,34.3239227158808],[-118.567664471926,34.3239480948506],[-118.572037980209,34.3239891904498],[-118.575498192608,34.3239792611659],[-118.575620106183,34.3239789010744],[-118.575794487404,34.3239783997005],[-118.576489981295,34.3239763869341],[-118.579948412585,34.3239674073501],[-118.580942849185,34.3239648166596],[-118.585237576979,34.3239684887033],[-118.589533161639,34.3239720394984],[-118.598073685422,34.3239444113472],[-118.602344365126,34.3239296892006],[-118.604332313246,34.323923967117],[-118.605128002682,34.3239216958116],[-118.60570932396,34.3239199998618],[-118.605922887607,34.3239193710142],[-118.606320298181,34.3239182320627],[-118.606292289502,34.3214708196487],[-118.606291511194,34.3214027721848],[-118.610569387881,34.321347903054],[-118.614846435284,34.3212928834436],[-118.620193104471,34.3212230650628],[-118.623401287603,34.3211810466533]]]},"properties":{"OBJECTID":3395,"DISTRICT_NAME":"NEWHALL ELEMENTARY","LABEL":"NEWHALL ELEMENTARY TA1","TRUSTEE_AREA":"1","DISTRICT_TYPE":"Elementary School District","Shape__Area":1162305167.3847656,"Shape__Length":183774.9715253601}},{"type":"Feature","id":3396,"geometry":{"type":"Polygon","coordinates":[[[-118.565491963559,34.3786400021692],[-118.566191737703,34.3797269824643],[-118.566606951114,34.3803719741555],[-118.566820786149,34.3807044772096],[-118.566949465329,34.3810115841438],[-118.567075260189,34.3813175107915],[-118.567214846302,34.3817474104213],[-118.567383854118,34.3822725859034],[-118.567474429953,34.3824761077151],[-118.567801774521,34.3832259546198],[-118.567845621284,34.3833271257581],[-118.568046689055,34.3839117825806],[-118.568221339028,34.3844190402653],[-118.568595984322,34.3853523333794],[-118.568831686519,34.3859511393215],[-118.569143750939,34.3865662829104],[-118.569513940982,34.3875393105742],[-118.569741417989,34.3881536571717],[-118.569949648112,34.3886459656685],[-118.570141184571,34.3891896364599],[-118.570180059496,34.3892991792989],[-118.570335464551,34.3899339004122],[-118.570407417996,34.3905329685218],[-118.570447749605,34.3908955020263],[-118.570466594881,34.391063365015],[-118.570570058464,34.391360567883],[-118.570643814353,34.3916054561264],[-118.570663368782,34.3916876585468],[-118.570690911747,34.3918020246001],[-118.570800631661,34.3922562714726],[-118.570921277502,34.3927553355797],[-118.571059433483,34.3933275934275],[-118.571266871357,34.3941870449981],[-118.571456661307,34.3941551584416],[-118.571858957208,34.3940876693401],[-118.571921906179,34.3940773707563],[-118.57214868797,34.3940402780341],[-118.572279500102,34.3940224836699],[-118.572507987457,34.3939870581889],[-118.57263716892,34.3939727069091],[-118.57269345284,34.3939631525185],[-118.572763031672,34.3939573289866],[-118.572804417231,34.3939509534296],[-118.572955084242,34.393927570551],[-118.573079234139,34.3939043110093],[-118.573160312326,34.3938843598479],[-118.573196712217,34.3938752607282],[-118.573459761925,34.3938053195534],[-118.573747598068,34.3937239110279],[-118.574093280125,34.3936192323513],[-118.574189244786,34.3935954190378],[-118.574321563439,34.3935549460846],[-118.574462295744,34.3935096531559],[-118.574665644847,34.393444196964],[-118.574754845683,34.3934154973506],[-118.574857363494,34.3933803335972],[-118.574954877814,34.3933400276519],[-118.575050729233,34.393299729514],[-118.575257261635,34.3932066953169],[-118.575361323378,34.393155005776],[-118.575470316757,34.3930971379195],[-118.575800563704,34.3929179746679],[-118.575876482392,34.3928719474712],[-118.575958954933,34.3928141789793],[-118.5760282681,34.3927705676384],[-118.576474919698,34.3924081431747],[-118.576760106713,34.3921848879658],[-118.57711141844,34.3919376086416],[-118.577406218731,34.3916665812514],[-118.577688120583,34.3914128691814],[-118.578039175889,34.3916469906246],[-118.578133227947,34.3917140009437],[-118.578345325874,34.3917905571819],[-118.578443192935,34.3918238188025],[-118.578561395651,34.3918536142547],[-118.578691630667,34.3918597326889],[-118.578975469496,34.3918268769588],[-118.578960101926,34.3917004514788],[-118.57894802119,34.3915768844161],[-118.578983628209,34.3914316852582],[-118.579011404271,34.3913303681399],[-118.579096964642,34.3912191934715],[-118.579177021559,34.3911167268716],[-118.579213602181,34.391069905486],[-118.579237030604,34.3910473758418],[-118.57926134594,34.3910239936056],[-118.579356953581,34.3909490000881],[-118.579426904959,34.3909111599098],[-118.579474186343,34.3908855817135],[-118.579543594237,34.3908563961567],[-118.579669335426,34.3908262723162],[-118.579776678145,34.3908005556048],[-118.580141969584,34.3907620101649],[-118.580345857221,34.3907404946534],[-118.580756556122,34.3907081742349],[-118.580811882793,34.3907029327166],[-118.581094021749,34.3906762025126],[-118.581266799182,34.3906568224398],[-118.581457779421,34.3906221800854],[-118.581597491551,34.3905867015044],[-118.581620232475,34.3905809271361],[-118.581778524022,34.3905262032696],[-118.581849032936,34.390500666855],[-118.581981436486,34.3904527122102],[-118.582220658603,34.3903352026985],[-118.58246881523,34.3901864519474],[-118.582540281366,34.3901294386171],[-118.582634698449,34.3900541155434],[-118.582778455243,34.389957299614],[-118.582920316444,34.3898807304298],[-118.583086636034,34.3898107887952],[-118.583280345914,34.38974297173],[-118.583493046721,34.3896685051512],[-118.583519848054,34.3896596330216],[-118.583540680166,34.3897135107638],[-118.583586937342,34.3898200730287],[-118.583642108918,34.3899264805754],[-118.583704215187,34.3900335966821],[-118.583774169382,34.3901398257206],[-118.583852667518,34.3902443890002],[-118.583938946603,34.3903433107745],[-118.583971155419,34.3903766776744],[-118.584030034455,34.3904376736698],[-118.584125437151,34.39052822563],[-118.584224751504,34.3906139209961],[-118.584328480348,34.3906957481295],[-118.584347844664,34.3907093988098],[-118.584438010449,34.390772958366],[-118.584494212942,34.3908082604822],[-118.584677312735,34.3909113434863],[-118.584805158962,34.3909720606206],[-118.584937668853,34.3910267634773],[-118.585074252372,34.3910761436659],[-118.585214897991,34.3911187172908],[-118.585359139947,34.3911538257562],[-118.5855064843,34.3911826831063],[-118.585546527779,34.3911885435885],[-118.585656631846,34.3912046551881],[-118.58580884881,34.3912191712539],[-118.585962311235,34.3912267554673],[-118.586115424448,34.3912273614392],[-118.586267331693,34.3912214882596],[-118.586417622274,34.3912071869831],[-118.586566106684,34.391185969516],[-118.586711699244,34.3911587201213],[-118.586811328663,34.3911348583158],[-118.586853035424,34.3911248693282],[-118.586990616697,34.3910852107852],[-118.587124843423,34.3910397696125],[-118.58725624139,34.3909881592178],[-118.587383777222,34.3909294244741],[-118.587441738578,34.3908984038082],[-118.587506787706,34.3908635929488],[-118.587625217342,34.3907922047576],[-118.587737929789,34.3907182071526],[-118.587843755354,34.3906413578967],[-118.587943456013,34.3905605245828],[-118.588050329122,34.3904641976637],[-118.588059125321,34.3904562412693],[-118.588064190968,34.3904513123139],[-118.588153719222,34.3905286468691],[-118.588332132531,34.3906574545713],[-118.588799833283,34.3909843291057],[-118.588930316169,34.3910800639176],[-118.58905113288,34.391182331241],[-118.589248100328,34.3913920843537],[-118.589347052219,34.3915186640357],[-118.5894304271,34.3916253186563],[-118.589498189626,34.391738890023],[-118.589554416212,34.3918525174424],[-118.58957627223,34.3919032283787],[-118.589648465006,34.3920737059765],[-118.589697124922,34.3921765714582],[-118.589749784236,34.3922730408633],[-118.589807100781,34.3923624817106],[-118.589868747135,34.3924454978165],[-118.5899325755,34.3925228704422],[-118.590002970783,34.3925939787229],[-118.59007822031,34.3926574687522],[-118.590160252807,34.3927169463164],[-118.590251242092,34.3927774521585],[-118.59034843099,34.3928378727551],[-118.5904165037,34.3928771812034],[-118.590762092421,34.3930767392198],[-118.590919438817,34.3931680109181],[-118.591041576953,34.3932370083501],[-118.591229645416,34.3933329278994],[-118.59125226747,34.3933431871281],[-118.591436828233,34.3934268850315],[-118.591579027324,34.3934871860697],[-118.591691296931,34.3935322905539],[-118.591985743502,34.3936424182851],[-118.592140304174,34.3936967036329],[-118.592502355558,34.3938186166773],[-118.592925102089,34.3939603497765],[-118.593249127159,34.3940689838126],[-118.593471341745,34.3941503811918],[-118.593659540231,34.3942220394687],[-118.59377008692,34.3942678825239],[-118.593994837589,34.3943703229417],[-118.59419976176,34.3944722010761],[-118.594295792651,34.3945229786045],[-118.594470907876,34.3946189836831],[-118.59453721184,34.3946565432],[-118.594590613907,34.3946879867784],[-118.594676003577,34.3947380228296],[-118.594769861206,34.3947991873904],[-118.594859850337,34.3948580457803],[-118.594948598028,34.3949181840737],[-118.595036079151,34.3949795861689],[-118.59512226529,34.3950422323741],[-118.595207132392,34.3951061047794],[-118.595290653133,34.3951711845891],[-118.595372805615,34.3952374511783],[-118.595453563602,34.395304885746],[-118.595535437798,34.3953756991668],[-118.595613288064,34.3954454432353],[-118.595689671613,34.3955162934392],[-118.59576456545,34.3955882282572],[-118.595837948751,34.3956612252558],[-118.595909797432,34.395735262919],[-118.595980092844,34.3958103188027],[-118.596370847754,34.3962340579606],[-118.59638970044,34.3962525045474],[-118.596958661626,34.3958930765291],[-118.597508846551,34.3955453601108],[-118.597560489575,34.3955122074553],[-118.597614899062,34.3954761327686],[-118.597668597471,34.3954393340176],[-118.597718280376,34.3954041859258],[-118.597767317115,34.3953684171317],[-118.597818894203,34.3953295903841],[-118.597869707186,34.3952900768005],[-118.597919743085,34.3952498863629],[-118.597968988942,34.3952090317576],[-118.598014427073,34.3951701360293],[-118.598059149818,34.3951306731359],[-118.598106052654,34.395087965641],[-118.598152114624,34.3950446348023],[-118.598194526884,34.3950034568023],[-118.598238929394,34.3949589512932],[-118.598279764439,34.3949166919813],[-118.59831982145,34.3948739253201],[-118.598361682204,34.394827758143],[-118.598400103709,34.3947839708657],[-118.59844019922,34.3947367395371],[-118.598479368609,34.3946889763484],[-118.598515238933,34.3946437276039],[-118.598552583774,34.3945949708818],[-118.598586726956,34.3945488128712],[-118.598620023104,34.3945022307997],[-118.598654594363,34.3944520885444],[-118.598688183491,34.3944014895383],[-118.598718773328,34.3943536496264],[-118.598750434567,34.3943022036566],[-118.598781087858,34.3942503398323],[-118.598808902563,34.3942013497097],[-118.59883758176,34.3941487157852],[-118.598928716388,34.3939777831457],[-118.599124792353,34.3940364713463],[-118.599204722751,34.3940603963878],[-118.599587230064,34.3941748874594],[-118.599705412728,34.3938617311133],[-118.599733139051,34.3937902801881],[-118.599764238088,34.3937144824665],[-118.599794811863,34.3936438333375],[-118.599828927591,34.3935689321351],[-118.599864586811,34.3934945281503],[-118.599899412784,34.3934252436276],[-118.59993557326,34.3933564312105],[-118.59997561212,34.3932835742056],[-118.600014509665,34.3932157958128],[-118.600057442947,34.393144078431],[-118.60010185318,34.3930729839019],[-118.600138593016,34.3930165557452],[-118.600147724171,34.3930025294331],[-118.600177443226,34.3929586990051],[-118.600195047374,34.3929327367025],[-118.60024071743,34.3928679259453],[-118.600290809245,34.3927994753903],[-118.600339047454,34.392735957314],[-118.600388512679,34.3926730903667],[-118.600442609775,34.3926067673887],[-118.600466264614,34.3925788115235],[-118.600498071814,34.3925412219681],[-118.600551289028,34.3924804973681],[-118.600609345068,34.3924165149437],[-118.600664964423,34.392357289379],[-118.600721726656,34.3922988118155],[-118.600783511849,34.3922372774504],[-118.600815184172,34.3922068115644],[-118.600846560533,34.3921766293192],[-118.600906800662,34.3921205938408],[-118.600945323486,34.3920859351552],[-118.600972243635,34.3920617161266],[-118.601038893906,34.3920037745039],[-118.601106733134,34.3919467897969],[-118.601171392859,34.3918942500931],[-118.601237062534,34.3918425753349],[-118.601308204154,34.3917884302247],[-118.601467794399,34.3916690389825],[-118.601504255902,34.3916417604508],[-118.60139721213,34.3915457019673],[-118.601237500477,34.3914024203181],[-118.601163584749,34.3913361078313],[-118.601040178214,34.391225330439],[-118.601730008327,34.3906506727774],[-118.601725674993,34.3906507303439],[-118.601744275133,34.3906358716722],[-118.602223274317,34.3902638728365],[-118.602283275482,34.3903148725813],[-118.602331276224,34.3903568723099],[-118.602693645282,34.3906441106996],[-118.602716567075,34.3906439922543],[-118.602727553068,34.3906519487517],[-118.602952690526,34.3908377110669],[-118.602962749193,34.3908460066267],[-118.603010048806,34.3908062090128],[-118.603084275374,34.3907378725514],[-118.603370275462,34.390472872002],[-118.60379427493,34.3907878726543],[-118.604239275794,34.3910688727833],[-118.60460727542,34.3912428725281],[-118.604737275481,34.3910508727081],[-118.604833275877,34.3909048722681],[-118.605163276609,34.3906147662958],[-118.60529515711,34.3905133714328],[-118.605334191815,34.3904833598404],[-118.605592282058,34.3904772874896],[-118.605581955952,34.3902305065833],[-118.605606939113,34.3902068353103],[-118.606485276163,34.3893458721842],[-118.606501276119,34.3893568721132],[-118.60661527564,34.3894148723556],[-118.606760275322,34.3894638723269],[-118.606860275349,34.38948687238],[-118.607012275368,34.3895098716786],[-118.607165275765,34.3895168724075],[-118.607340275651,34.3895628716789],[-118.607600275572,34.3895898720963],[-118.607775275823,34.3896018717549],[-118.607882276383,34.3896048721105],[-118.607981275699,34.38961287188],[-118.608050275718,34.389608871921],[-118.608172275681,34.3895858720325],[-118.608393276315,34.3895208718772],[-118.608469276165,34.3894828718282],[-118.608531275765,34.3894298718053],[-118.60859127567,34.3893688715785],[-118.6086602763,34.3893268721349],[-118.608737276233,34.3892998720304],[-118.608790276547,34.3892998718837],[-118.608874276546,34.3893158716972],[-118.608950275939,34.3893458720269],[-118.609026275921,34.3893418715152],[-118.609133275864,34.3892848721828],[-118.609164276202,34.3892088714322],[-118.609194276612,34.3891668719811],[-118.60927127669,34.3891238718516],[-118.609332276108,34.3890708719324],[-118.609423276683,34.3890488722084],[-118.609606276591,34.3890248718709],[-118.609660275852,34.3890368721688],[-118.609705276314,34.3890628717766],[-118.609774276193,34.3891128714576],[-118.60982027579,34.3891548719928],[-118.609942276197,34.3892118714388],[-118.609980276449,34.3892198716929],[-118.610125275952,34.3892078719536],[-118.610224276112,34.3892158716894],[-118.610262276542,34.3892308714345],[-118.610354276396,34.3892468714302],[-118.610530276077,34.3893148713431],[-118.61069027624,34.3893348713945],[-118.610926276922,34.3893528718565],[-118.611010276255,34.3893418716857],[-118.611117276246,34.3893188713908],[-118.611216276077,34.3893798720368],[-118.611247276573,34.389437871599],[-118.611430276971,34.3895478720687],[-118.611521276331,34.3895778717817],[-118.611582276217,34.3895828714983],[-118.611674276728,34.38957087217],[-118.61175027652,34.3895558720281],[-118.611987276568,34.3894718720119],[-118.61210127666,34.3894408712843],[-118.612292277194,34.3894218715395],[-118.612383276406,34.389444871928],[-118.612505277005,34.3894638714655],[-118.612612277208,34.3895058720114],[-118.612750277324,34.3895288717504],[-118.612857276655,34.3895328720415],[-118.613017277237,34.3895168713077],[-118.613146277342,34.3895098712711],[-118.613375277415,34.3895248713844],[-118.613505277346,34.3895248718],[-118.613604277472,34.3895708715299],[-118.613673277038,34.3895938713937],[-118.613734277028,34.3895858715781],[-118.613803276872,34.3895858711965],[-118.613986277019,34.3895518715424],[-118.614070277454,34.3895668715548],[-118.614146277522,34.3895938719048],[-118.614245276862,34.3896088715536],[-118.614390276985,34.3896128718083],[-118.614466276975,34.3896088714929],[-118.614535277148,34.3895938717182],[-118.614604277014,34.3895708716109],[-118.614657276989,34.3895178716821],[-118.614856277406,34.3894218716084],[-118.614924276775,34.3894258713014],[-118.61500127686,34.3894368717655],[-118.615153277156,34.3894258717845],[-118.615222277216,34.3894338717904],[-118.615290277532,34.3894528711508],[-118.615420277654,34.3895138715374],[-118.615450277557,34.3895518716756],[-118.615542277155,34.3896088717351],[-118.615596277256,34.3896468717029],[-118.615664277737,34.3896808716328],[-118.615710277162,34.3896848717024],[-118.615845374211,34.3896832155396],[-118.615961198445,34.3896688975931],[-118.616151496777,34.3896473367548],[-118.616317238009,34.3895872395614],[-118.616329929288,34.3895851979658],[-118.616329461588,34.38957636612],[-118.616353015358,34.389572336397],[-118.616677932794,34.389502391485],[-118.61684727732,34.389478871587],[-118.616977277319,34.3894678712531],[-118.617190277442,34.3894678717731],[-118.617312277929,34.3894558714179],[-118.61739627813,34.3894638713499],[-118.617511277817,34.3894598715779],[-118.617694277277,34.3894368714623],[-118.617755277959,34.3894338713804],[-118.618045278167,34.38937987139],[-118.618144277904,34.3893728710969],[-118.618281277613,34.3893798717591],[-118.618396277415,34.3894028714716],[-118.618655277623,34.3894718715349],[-118.618754277657,34.3894868711082],[-118.618876277911,34.3894868714279],[-118.619688968181,34.3899526934429],[-118.619665952871,34.38997735559],[-118.619601433966,34.3900459051025],[-118.619511788736,34.3901405843777],[-118.619443020797,34.3902182205334],[-118.619382236027,34.3902860368271],[-118.619366006078,34.3903090180358],[-118.619334017636,34.3903797876133],[-118.619285889553,34.3904857042471],[-118.619267863582,34.3905380353472],[-118.619249007812,34.3905949027411],[-118.61921644915,34.3906277481662],[-118.619188174746,34.3906562776527],[-118.619163614658,34.3906812108411],[-118.619147377491,34.3907032391248],[-118.619123742859,34.3907365158716],[-118.619107499266,34.3907578283572],[-118.619075605451,34.3908025968669],[-118.619041258331,34.3909046259009],[-118.619023828656,34.3909598163183],[-118.619014061599,34.3910006556121],[-118.618995771707,34.3910824973354],[-118.618983052802,34.3911372066147],[-118.618980548708,34.3911462005734],[-118.618967457776,34.3911957756572],[-118.61895631925,34.391245686064],[-118.618916437611,34.3913773220478],[-118.618886669674,34.3914759883421],[-118.618824660212,34.3915726726054],[-118.6187927985,34.3916219729311],[-118.618735048386,34.3917110020421],[-118.618687844419,34.3917866200472],[-118.618592039967,34.3919435870233],[-118.618534061013,34.3920018466264],[-118.618420669847,34.3921154893548],[-118.61829730235,34.3922031841403],[-118.618264932904,34.3922149096847],[-118.618108150794,34.3922728839819],[-118.617900476572,34.3923067342884],[-118.617658191432,34.3923237340026],[-118.617565147908,34.3923599414937],[-118.617434675516,34.3924097932399],[-118.617382675016,34.3924413776326],[-118.617295851282,34.3924958419529],[-118.617243118744,34.3925999501506],[-118.617243240602,34.3926506081468],[-118.617242885672,34.3927395246556],[-118.617243141439,34.3928082597146],[-118.617246700799,34.3928437651038],[-118.617248682701,34.3928717127721],[-118.617252210926,34.3929030144234],[-118.617256574063,34.3929444018962],[-118.617259031125,34.3929679313866],[-118.61725987849,34.3929796985229],[-118.617260163437,34.3930181641188],[-118.617260121816,34.3930467522663],[-118.617260462396,34.3930585210808],[-118.61726021208,34.3931477571032],[-118.617260208613,34.393153748777],[-118.617256043458,34.3931680107568],[-118.617253235148,34.3931769313981],[-118.617253326979,34.3931769958417],[-118.617253301493,34.3931770789134],[-118.617250070635,34.3931878300353],[-118.617208278293,34.3933268723132],[-118.617174276886,34.3935178714241],[-118.617053277653,34.3937598727167],[-118.617029569165,34.3938045539379],[-118.616974702882,34.3938778337763],[-118.616968241229,34.3939005368587],[-118.616968411619,34.3939235487826],[-118.616961994657,34.3939524353218],[-118.616913160821,34.394072561075],[-118.616886983481,34.3941187216382],[-118.616743254195,34.3944059217077],[-118.616708827847,34.3944572765057],[-118.616661188105,34.3945148821764],[-118.616626591357,34.3945432241259],[-118.616600327291,34.394577706476],[-118.616565693827,34.3946012397635],[-118.616531099559,34.3946299260621],[-118.616503052054,34.3946472430624],[-118.616483289324,34.3946645179358],[-118.616448651796,34.3946873642342],[-118.616414059986,34.3947163930728],[-118.61633986092,34.3947686369184],[-118.616257245225,34.3948034056099],[-118.616042202842,34.3948611729169],[-118.61588343045,34.3949076642411],[-118.615759298256,34.3949316527409],[-118.615711272146,34.3949373915183],[-118.6156565791,34.3949376692217],[-118.615593637491,34.3949434845831],[-118.615462704127,34.3949441492278],[-118.615344946607,34.3949337561575],[-118.615290251387,34.3949340337067],[-118.615165947627,34.3949346643907],[-118.61504015524,34.3949583152847],[-118.614980612026,34.3949754481903],[-118.614931059899,34.3949987131812],[-118.614814018147,34.3950851786458],[-118.614696891094,34.3951599667419],[-118.61463581948,34.3951946251064],[-118.614581378518,34.3952292498333],[-118.614464084223,34.3952817100352],[-118.614340032096,34.3953166873811],[-118.614278791655,34.3953283336343],[-118.614152911271,34.3953403072646],[-118.614106504986,34.3953405422961],[-118.614056739763,34.3953349541246],[-118.614015304611,34.3953351639471],[-118.613967198253,34.3953299117283],[-118.613842892805,34.3953305410615],[-118.613683657872,34.3953145161447],[-118.613545965299,34.3952976950445],[-118.613476269726,34.3952867116723],[-118.613345248754,34.3952756958843],[-118.613282266279,34.3952760144448],[-118.613144830576,34.3952942282518],[-118.613014064862,34.395317903087],[-118.61294449315,34.3953237496871],[-118.612828559193,34.3953356716634],[-118.612772207382,34.3953359564477],[-118.612724183015,34.3953416949323],[-118.612682707447,34.3953364086984],[-118.612613011955,34.39532542483],[-118.612536642509,34.3953082936576],[-118.612447018888,34.3952919145543],[-118.612357348791,34.395269354642],[-118.612274354872,34.3952529428326],[-118.612018611072,34.39518553634],[-118.611933830164,34.395151615439],[-118.611858953028,34.3951118043111],[-118.611747313404,34.3950316479497],[-118.611692365956,34.3949975763667],[-118.611650678831,34.3949634378717],[-118.611574103177,34.3949181393317],[-118.611525874786,34.3948960567604],[-118.611331455261,34.3948283395394],[-118.611235154943,34.3948054678381],[-118.61118704906,34.3948002136147],[-118.611047827819,34.3948009152673],[-118.610994831461,34.3948066790248],[-118.610938563102,34.3948182967342],[-118.610888969648,34.3948360644717],[-118.610855945105,34.3948530617455],[-118.610821351285,34.3948820898898],[-118.610786797719,34.3949166127245],[-118.61075394433,34.3949569671798],[-118.610691635312,34.3950489913432],[-118.610670380023,34.3950889429735],[-118.610642499804,34.3951292723519],[-118.610622862689,34.3951637200198],[-118.610610065518,34.3952269862154],[-118.610610271911,34.3952551502732],[-118.610603893996,34.3952895311685],[-118.610604191014,34.3953300621331],[-118.610589860816,34.3954101669469],[-118.610583607307,34.3954613790172],[-118.610585160274,34.3956733022565],[-118.610621476234,34.3958792129538],[-118.610622485608,34.3960169464684],[-118.610616229891,34.3960681576481],[-118.6106170681,34.3961825357564],[-118.610610858757,34.39623992858],[-118.61061127912,34.396297289822],[-118.610605028068,34.3963488444644],[-118.610590486265,34.3964000973661],[-118.610577980849,34.3965032066642],[-118.610550480158,34.3965954007564],[-118.610544142379,34.3966352763459],[-118.610531176304,34.3966755305987],[-118.610516891106,34.3967618179493],[-118.610504006613,34.3968130624946],[-118.610491585171,34.3969275073551],[-118.610505516625,34.3970191475439],[-118.610534239258,34.3970935406754],[-118.610554293241,34.3971157664079],[-118.610567763112,34.3971445515567],[-118.610589479592,34.397167455888],[-118.610638048884,34.3972359088653],[-118.61064484372,34.3972585457411],[-118.610645012371,34.3972815576695],[-118.610651813334,34.3973048814895],[-118.610652022264,34.3973333890189],[-118.610625920987,34.3973905403256],[-118.610597873842,34.3974081994324],[-118.610563189684,34.3974252049753],[-118.61053012486,34.3974367056498],[-118.610445679473,34.3974488093722],[-118.610371094292,34.3974491848214],[-118.610294766123,34.3974378904138],[-118.610225152208,34.3974382407533],[-118.61014240807,34.3974561749945],[-118.61011431302,34.3974673088644],[-118.610107810399,34.3974848585544],[-118.610094717884,34.3975075946171],[-118.610094969385,34.397541942125],[-118.610108730922,34.3976105713345],[-118.610130490149,34.3976393139222],[-118.610152205557,34.3976622192381],[-118.610185436526,34.3976733862187],[-118.610316377483,34.397672727256],[-118.610372812835,34.3976837791973],[-118.610421004795,34.3977007109992],[-118.610489214568,34.397735059879],[-118.610517472913,34.3977459092172],[-118.610552322242,34.3977515730474],[-118.610615222452,34.3977399221348],[-118.610689638127,34.3977165328102],[-118.610731031671,34.3977104850481],[-118.610800645811,34.3977101344182],[-118.610833837691,34.3977158065162],[-118.610910080562,34.3977154224322],[-118.610966350881,34.397703804738],[-118.611015905718,34.3976805404692],[-118.611090072929,34.3976231477642],[-118.611124627491,34.3975886248484],[-118.611124791243,34.397610950727],[-118.611118374141,34.3976398360385],[-118.611118626064,34.397674183544],[-118.611112419481,34.397731920765],[-118.611057532096,34.3979321072326],[-118.611038063266,34.3979895686922],[-118.611025265983,34.3980528358231],[-118.611011147295,34.3981617916767],[-118.611012489825,34.3983448638761],[-118.611021069343,34.398384665223],[-118.611034541756,34.3984134503068],[-118.611041380705,34.3984419262291],[-118.611068318353,34.3984988085499],[-118.61111225038,34.3986129694761],[-118.611119176115,34.3986531235395],[-118.611119637135,34.3987159785694],[-118.611106671015,34.3987562328789],[-118.611084602502,34.3989112570565],[-118.611058838572,34.3990144332037],[-118.611045914847,34.3990601821941],[-118.611026399311,34.3991114602016],[-118.611003534609,34.3991579462529],[-118.610984103236,34.3992205598252],[-118.611004496803,34.3992891546147],[-118.611034669072,34.3993350299379],[-118.611054853629,34.3993751162915],[-118.61108166563,34.3994148248553],[-118.611111754851,34.3994493654833],[-118.611125179613,34.399471626333],[-118.611145196872,34.399489042424],[-118.611165253026,34.3995116115329],[-118.611180339234,34.3995345482737],[-118.611202222809,34.3995801227448],[-118.611215943847,34.3996429127399],[-118.61121619833,34.3996776028148],[-118.611203107212,34.3997006833763],[-118.611166724411,34.3997122009422],[-118.611140244826,34.3997178301983],[-118.610961195225,34.3997132366241],[-118.610931360342,34.3997133869361],[-118.610758769524,34.3996854033597],[-118.61070407117,34.3996856788403],[-118.610662885588,34.3997202350195],[-118.610656468163,34.399749120303],[-118.610636952225,34.3998003982458],[-118.610637163687,34.3998292510492],[-118.610657180594,34.3998463246359],[-118.610685440019,34.3998575174197],[-118.610698784151,34.3998687844108],[-118.610713830033,34.3998862283134],[-118.610727258687,34.3999091734576],[-118.610727507939,34.3999431774844],[-118.610714373836,34.399960418016],[-118.610692952235,34.3999777002824],[-118.61063842235,34.4000009885596],[-118.610540758265,34.4000189990887],[-118.610424857681,34.400036412561],[-118.610333695184,34.4000368714213],[-118.61029221743,34.4000315843711],[-118.610252436346,34.4000317845715],[-118.610182737261,34.4000208011122],[-118.610113123362,34.4000211513763],[-118.610071768859,34.4000326936257],[-118.610037084589,34.4000496990102],[-118.610017361988,34.4000728118999],[-118.609989354052,34.4000959673652],[-118.609948333922,34.4001531917514],[-118.609810276647,34.4003142957283],[-118.609784132544,34.4003659503476],[-118.609743448975,34.4004692012188],[-118.609728866794,34.4005149583993],[-118.609729158371,34.4005548015024],[-118.6097375339,34.400566781458],[-118.609737742538,34.4005952907866],[-118.609751338029,34.4006409053841],[-118.60975150394,34.4006635756372],[-118.60973841116,34.4006866542418],[-118.609690637364,34.4007270834022],[-118.609669174045,34.4007388689906],[-118.609614643044,34.4007618142219],[-118.609586504419,34.4007674514764],[-118.609566703285,34.4007795730801],[-118.609545277634,34.4007965116734],[-118.609525555808,34.4008196244768],[-118.609519136815,34.4008485097037],[-118.609519722292,34.400928540286],[-118.609526475489,34.4009453372373],[-118.609519973566,34.4009628877883],[-118.609520182118,34.4009913953138],[-118.609512060369,34.4010141072223],[-118.609498969643,34.4010371857896],[-118.609492590827,34.4010715666152],[-118.609477924399,34.4011059890936],[-118.609478175657,34.4011403365957],[-118.609465376699,34.4012036026489],[-118.60942460692,34.4012951770606],[-118.60941818893,34.4013240604729],[-118.609418397461,34.4013525698009],[-118.609432033443,34.4014040244199],[-118.609460672285,34.4014667387295],[-118.609489434633,34.4015466276952],[-118.609503281426,34.401626591622],[-118.609504206095,34.4017529895239],[-118.609511166826,34.4017982949063],[-118.609511501027,34.4018439779836],[-118.609518470394,34.401890313785],[-118.609518887515,34.4019473306357],[-118.609527552127,34.4019988102301],[-118.609528723093,34.4021588686789],[-118.609542738395,34.4022618463248],[-118.609543622925,34.4023827486218],[-118.609530735876,34.4024339930525],[-118.609531027365,34.4024738361518],[-118.609523033628,34.4025140652837],[-118.609523870395,34.4026284424558],[-118.609532366712,34.402656908322],[-118.609532577799,34.4026857611226],[-118.60951803423,34.402737013877],[-118.609504945761,34.4027604377206],[-118.609490279041,34.4027948601971],[-118.609457797699,34.4028867337333],[-118.609436543426,34.4029270295005],[-118.609395812949,34.4030240967885],[-118.609376218683,34.4030647276902],[-118.609354833688,34.403087161842],[-118.609341744023,34.4031105847715],[-118.60932860663,34.4031274825763],[-118.609320487119,34.4031505361412],[-118.609307350795,34.4031674330368],[-118.609300890262,34.4031908217525],[-118.609301141467,34.4032251710538],[-118.609286683058,34.4032881010267],[-118.609286894054,34.4033169529251],[-118.60928046977,34.4033451520868],[-118.60926737862,34.4033682315275],[-118.609260918066,34.4033916211423],[-118.609247863485,34.4034198518094],[-118.609185505209,34.4035063804616],[-118.609165783736,34.4035294940988],[-118.60913797923,34.4035808134151],[-118.609129858541,34.4036038678735],[-118.609123480464,34.4036382486691],[-118.60911042581,34.403666481124],[-118.609104005367,34.4036953663297],[-118.609084283813,34.4037184781504],[-118.60903476753,34.4037475806962],[-118.609001655129,34.403753241886],[-118.608973602987,34.4037705571356],[-118.608945508497,34.4037823776915],[-118.608919110311,34.4037993411356],[-118.60889768986,34.4038169665561],[-118.608856544153,34.4038573602866],[-118.608822068886,34.4039032181195],[-118.608794099481,34.4039318680018],[-118.608767743882,34.4039546704874],[-118.608733101805,34.4039778589516],[-118.608705005776,34.4039893341682],[-118.608554334208,34.4040131049223],[-118.608512977507,34.4040246466374],[-118.608478207381,34.4040303160016],[-118.60845011741,34.4040424790051],[-118.608423719047,34.4040594432426],[-118.608395624376,34.4040712627694],[-118.60838248914,34.4040885030443],[-118.608361020855,34.4040996032464],[-118.608347849075,34.4041116913874],[-118.608319791987,34.4041286621198],[-118.608299943648,34.4041346018716],[-118.608278435203,34.4041402046563],[-118.608236995658,34.4041404125042],[-118.608160501185,34.4041071343584],[-118.608127221699,34.4040897833812],[-118.608083998164,34.4040728257449],[-118.608044132091,34.4040613470602],[-118.607994321973,34.4040502626066],[-118.607946252152,34.4040505035962],[-118.60785516794,34.4040622943665],[-118.607795579157,34.40407427161],[-118.607732633683,34.4040804254559],[-118.607608477968,34.4041033760755],[-118.60757379651,34.4041210677014],[-118.607560617421,34.4041324679162],[-118.607539152601,34.4041439105408],[-118.607519388264,34.4041615274188],[-118.607491333172,34.4041784988501],[-118.607471609982,34.4042016122164],[-118.607437010001,34.404230637582],[-118.607354754293,34.4043165779639],[-118.607292145195,34.4043687590287],[-118.607257585145,34.4044032808443],[-118.607209721478,34.4044316864866],[-118.607133849305,34.4044839320731],[-118.607058060727,34.4045475140847],[-118.606975804315,34.404633454208],[-118.606936353819,34.4046793354957],[-118.606900098048,34.4047083707953],[-118.60688045604,34.4047428178436],[-118.606854144694,34.4047718024624],[-118.60682447561,34.404794964589],[-118.606791407352,34.4048064651406],[-118.606771595164,34.4048175549694],[-118.606735216701,34.4048297590429],[-118.60670210372,34.4048354205059],[-118.606667377839,34.4048469302179],[-118.606639320168,34.4048639014623],[-118.60660625577,34.4048760889188],[-118.606467681317,34.404967806183],[-118.606426576696,34.4050143825488],[-118.606385386707,34.4050489372645],[-118.606358947607,34.4050604054514],[-118.606330809479,34.4050660410367],[-118.606295998782,34.4050662150763],[-118.606261149189,34.4050608944018],[-118.606219709181,34.4050611015603],[-118.606145034694,34.4050501388332],[-118.605985905081,34.4050509340924],[-118.605942847448,34.4050566450394],[-118.605889803151,34.405056910066],[-118.60584011761,34.4050629984791],[-118.605790389598,34.405063246895],[-118.605700961581,34.4050750286679],[-118.605611829244,34.4051273404218],[-118.605592059273,34.4051442700346],[-118.605550951252,34.4051901582408],[-118.605529610711,34.4052187751616],[-118.605503465992,34.4052707714113],[-118.605440725537,34.4053054334006],[-118.605392654984,34.405305673378],[-118.605296427957,34.4052944769332],[-118.605226687362,34.4052779932145],[-118.605171985317,34.4052782661997],[-118.605137215534,34.4052839355016],[-118.605117407696,34.4052953703271],[-118.605047914404,34.4053132340191],[-118.605019817418,34.4053247083809],[-118.604945514481,34.4053649253991],[-118.604896075563,34.4054050156501],[-118.604820410514,34.4054861125901],[-118.604781082783,34.4055488243414],[-118.60474478131,34.4055720181275],[-118.604718468966,34.4056010031829],[-118.604683869626,34.4056300286513],[-118.604655968329,34.4056686374613],[-118.60464284064,34.4056869086508],[-118.604629788038,34.4057158266739],[-118.604623407942,34.4057502072284],[-118.604602107132,34.4057846621699],[-118.604580767518,34.4058136224031],[-118.604547864448,34.4058481351745],[-118.604513218991,34.4058709771472],[-118.604471945546,34.4058941965353],[-118.604376009478,34.4059231841359],[-118.604333076946,34.4059460682572],[-118.604306682118,34.4059637176451],[-118.604272203468,34.4060095732773],[-118.60426341843,34.4060168329912],[-118.604244189765,34.4060327274184],[-118.604224508657,34.4060616775211],[-118.604176767863,34.4061075992008],[-118.604142125788,34.4061307863398],[-118.604100846042,34.4061533186566],[-118.604066206404,34.4061768474458],[-118.604031518357,34.406193852008],[-118.604000380109,34.406151524641],[-118.603984975274,34.4062189618634],[-118.603972599013,34.4062885531102],[-118.603952276529,34.4063088740988],[-118.60389627627,34.4064668741028],[-118.603873276917,34.4066468741637],[-118.60386227727,34.4068268748718],[-118.603794275899,34.4069958747869],[-118.603738277108,34.4071418742782],[-118.603547277564,34.4074258748166],[-118.603305305296,34.4074340963868],[-118.603185817651,34.4075678060752],[-118.603077147722,34.4076111327811],[-118.602986029162,34.4077019149255],[-118.602872344866,34.4078451031024],[-118.602804099927,34.4079262628385],[-118.602775593563,34.4079501754748],[-118.602597886779,34.4079653209813],[-118.602449270831,34.408037371275],[-118.60241540591,34.4081136052685],[-118.602381781549,34.4082231175647],[-118.602273557128,34.408328244712],[-118.602101653645,34.4083528692261],[-118.602021696091,34.4084008080573],[-118.601799268647,34.4085778144676],[-118.601737205031,34.408720745396],[-118.601737926119,34.4088205785306],[-118.601779070711,34.4089558535362],[-118.601070721419,34.4089562514539],[-118.599669513439,34.408957023195],[-118.59965090418,34.4089422190394],[-118.598438677964,34.4089482067468],[-118.594579495092,34.4089671882193],[-118.594576013932,34.4089695781424],[-118.589710401449,34.4123089546997],[-118.585598999248,34.4151343866178],[-118.581593517915,34.4178867091048],[-118.581558730449,34.417910611651],[-118.58057151781,34.4164821034443],[-118.580204509089,34.4159510242473],[-118.58000255528,34.4156880922656],[-118.579729900858,34.4150367105633],[-118.57971531774,34.4150020601563],[-118.579527483884,34.4145557713917],[-118.579195685983,34.4137593905819],[-118.579131853915,34.4136027399673],[-118.579075972624,34.4134440147787],[-118.579028147354,34.4132834949035],[-118.57898845396,34.4131214576632],[-118.578956968339,34.4129581866883],[-118.578932871337,34.4127994746844],[-118.578924575343,34.4127189589678],[-118.578916449636,34.4126400913544],[-118.578907729992,34.4124802926111],[-118.578906726079,34.4123203308217],[-118.578913437469,34.4121604638288],[-118.578927856113,34.4120009486083],[-118.578949958704,34.4118420376998],[-118.579001644627,34.4115985995917],[-118.579057207943,34.4113557505821],[-118.579116640198,34.4111135312753],[-118.57929192552,34.4103609763634],[-118.579414905706,34.4098329778902],[-118.579416295807,34.4098331254123],[-118.579621613138,34.4089683379404],[-118.577868464574,34.4089693474704],[-118.576781202362,34.4089865037672],[-118.576613898305,34.4089844603742],[-118.576319747871,34.4083292136055],[-118.576319684908,34.4083292319355],[-118.576200026585,34.4083638471697],[-118.576198985517,34.4083641478211],[-118.576172272821,34.4083718756181],[-118.576092140091,34.4083996135296],[-118.576042272108,34.4084168759895],[-118.575933272537,34.408453875392],[-118.575542469558,34.4085822401712],[-118.57540352161,34.4086258461608],[-118.575074295283,34.4087218557834],[-118.575057810082,34.4087356716206],[-118.574708734413,34.4088376262603],[-118.574578035115,34.4088760272872],[-118.574197430252,34.4089733183005],[-118.573572037768,34.4091525007714],[-118.573421456946,34.409192697581],[-118.573255986197,34.4092367627733],[-118.573143421948,34.4092603255276],[-118.573062917078,34.4092726585714],[-118.573044064367,34.4092755469341],[-118.572881757467,34.4092976135127],[-118.572749236067,34.4093123332035],[-118.572679653118,34.4093181575827],[-118.572616696295,34.4093235954301],[-118.572517269477,34.4093295579152],[-118.572270337689,34.4093400119136],[-118.572136086776,34.4093430389086],[-118.57193713607,34.4093402088633],[-118.571854216172,34.4093354340517],[-118.571526904273,34.4092819640823],[-118.571267966416,34.4091801903259],[-118.571142945145,34.4091549473349],[-118.571093664477,34.4091449613509],[-118.57094751196,34.4091061349913],[-118.570831225954,34.409070629798],[-118.570688282643,34.4090153006597],[-118.570638447125,34.4089994048036],[-118.570248304393,34.4089160542699],[-118.570125423504,34.4088860517581],[-118.570099383636,34.4088783947802],[-118.569794870768,34.4087886765503],[-118.569678613522,34.4087566031842],[-118.569454495959,34.4087092132813],[-118.569341646405,34.4086915554428],[-118.569237128302,34.4086796778346],[-118.569145924418,34.408675623424],[-118.568723074154,34.408656670624],[-118.568517480557,34.4086521414826],[-118.568401454865,34.4086543838248],[-118.568152913766,34.4086717112307],[-118.568000398296,34.4086910054607],[-118.567924350095,34.4087016346517],[-118.567735612294,34.4087368642938],[-118.567649549671,34.4087568350669],[-118.567363271507,34.4088327220939],[-118.567250757387,34.4088638060953],[-118.567047277844,34.4089259000787],[-118.566921594275,34.4089701221813],[-118.566787674826,34.4090226037839],[-118.566650501869,34.4090843799874],[-118.566511712032,34.4091523544605],[-118.566376292211,34.4092282240461],[-118.566292108398,34.4092811588915],[-118.566212904893,34.409335471419],[-118.566158048548,34.4093761759926],[-118.566137033736,34.409391800409],[-118.566067785557,34.4094477675734],[-118.56600516524,34.4095023289178],[-118.56578772061,34.4097056706616],[-118.565654326314,34.409835773818],[-118.565565460137,34.4099320354461],[-118.565374685292,34.4101565220852],[-118.565310508251,34.4102365371774],[-118.565277698816,34.4102775541887],[-118.565184045838,34.4104009561516],[-118.565101926757,34.4105143323697],[-118.565024787673,34.4106287284108],[-118.564993646245,34.4106789972846],[-118.564806580047,34.410964992194],[-118.564745908883,34.4110628249057],[-118.564544001273,34.4113577848948],[-118.564318806226,34.4116415412774],[-118.564174120094,34.4118190937411],[-118.563989821764,34.4120219245884],[-118.563894269202,34.4121106593488],[-118.56379537854,34.4121956167738],[-118.563688172482,34.4122775069613],[-118.563575959232,34.4123539515822],[-118.563341548026,34.4125010088497],[-118.563273250822,34.4125404555721],[-118.56323420989,34.4125630049752],[-118.5630475119,34.412657300171],[-118.562804676614,34.4127844732815],[-118.562670835674,34.4128500267488],[-118.56253364522,34.4129104315857],[-118.56240630974,34.4129577353777],[-118.562283908709,34.4129984772945],[-118.56215813441,34.4130310180935],[-118.562027362511,34.4130604770191],[-118.561888293287,34.4130882432881],[-118.561648654978,34.4131300135727],[-118.561570368341,34.4131436593593],[-118.561293780691,34.4131834074746],[-118.56100871542,34.413195360952],[-118.560557972844,34.4132228603411],[-118.560063807183,34.4132031601576],[-118.559919529609,34.4131962714138],[-118.559865562339,34.4130598129519],[-118.559739283253,34.4127701633072],[-118.55959303712,34.412469941351],[-118.559444973983,34.4121460171187],[-118.559418048518,34.4120925006354],[-118.559403367532,34.4120633215179],[-118.559352558555,34.4119623346439],[-118.559251907491,34.4117855607047],[-118.559244937843,34.4117741901749],[-118.559012212178,34.4113940733677],[-118.558968690397,34.411331074259],[-118.558893446285,34.4112355720801],[-118.558622831761,34.4109287241192],[-118.558546033103,34.4108480177354],[-118.558454242518,34.4107567106199],[-118.558365825229,34.4106736667396],[-118.558270776217,34.4105913096427],[-118.558169030716,34.4104980223774],[-118.558052217717,34.4103831484853],[-118.558033855178,34.4103643276989],[-118.557943704952,34.4102699338953],[-118.557850192739,34.4101693817487],[-118.557636331174,34.4099196156471],[-118.557544460078,34.4098159760624],[-118.557073635498,34.4093166521189],[-118.556904938142,34.4091278223674],[-118.556632500888,34.4087938285074],[-118.556508766084,34.4086357083189],[-118.556135803623,34.408143125037],[-118.556035553704,34.4080247374944],[-118.55597129495,34.4079490260247],[-118.555884174009,34.4078463803494],[-118.555688015155,34.4076151942551],[-118.555578713195,34.4074794994933],[-118.555447060244,34.4073074866211],[-118.555400429901,34.407246560493],[-118.555367108783,34.4072007661394],[-118.555311758372,34.4071246826623],[-118.555203084431,34.4069860844364],[-118.555069373185,34.4068211360254],[-118.554964122709,34.406698644144],[-118.554872270937,34.4065967081704],[-118.554791251558,34.4065113685944],[-118.554718682272,34.4064349299771],[-118.554558354718,34.4062553409439],[-118.554344419777,34.4059928558988],[-118.554123840623,34.4057273148684],[-118.554031977208,34.4056229847285],[-118.553744769049,34.4053086180032],[-118.553624511619,34.4051721330816],[-118.553415663554,34.4049257706551],[-118.553271904276,34.4047450648474],[-118.553042904752,34.4044586012923],[-118.552889152465,34.4042700521359],[-118.552583190453,34.4038764372253],[-118.552384293811,34.4036289882126],[-118.552121962483,34.4033145313967],[-118.552072349387,34.4032523554208],[-118.552051756266,34.4032265632697],[-118.551986504476,34.4031348068215],[-118.551926224603,34.4030433811135],[-118.551865906121,34.4029461063645],[-118.551761964738,34.4027700281828],[-118.551693229109,34.4026528685277],[-118.551591827546,34.4024850764139],[-118.55153568499,34.4023921748063],[-118.551411548292,34.4021687834319],[-118.551362819341,34.4020700826903],[-118.551352948233,34.4020494498642],[-118.551322482388,34.4019857702091],[-118.551293788317,34.4019079436503],[-118.551144935323,34.4014562332259],[-118.551116087076,34.4013553747977],[-118.551092237717,34.4012582945352],[-118.551069985553,34.4011519121388],[-118.55105602111,34.4010454974867],[-118.551052753062,34.4010159472553],[-118.551043676745,34.4009339015364],[-118.551016058579,34.4005173923276],[-118.551016998269,34.4004088445179],[-118.551041326263,34.4000772595695],[-118.551042817192,34.399801441233],[-118.551055226322,34.3996722366154],[-118.551072571753,34.3995385307151],[-118.551078762065,34.3994715326276],[-118.551089920516,34.3994048437283],[-118.5511317314,34.3992098878302],[-118.551147863487,34.3991435297228],[-118.551176943904,34.3990293600173],[-118.551227180691,34.3988560171542],[-118.551285813725,34.3986991198453],[-118.551323305911,34.3986031049256],[-118.551408194475,34.3984062419362],[-118.551501367812,34.3982090130442],[-118.551558690187,34.3981046596724],[-118.551673417895,34.3979090401161],[-118.551911353095,34.3975455916948],[-118.551957505421,34.3974813858401],[-118.551966178464,34.397469313513],[-118.551986899773,34.397440469093],[-118.552055919855,34.3973501623068],[-118.552335371195,34.3969995801096],[-118.552491614648,34.396816133456],[-118.552572267809,34.3967312646424],[-118.55266285725,34.3966442967809],[-118.552756791078,34.3965624469723],[-118.553107678363,34.3962872666317],[-118.553066091149,34.3962151573409],[-118.552802376917,34.3959384647483],[-118.552518668661,34.3956464193153],[-118.552433526772,34.3955544255601],[-118.552276449079,34.3953624279474],[-118.552085831428,34.3951108495265],[-118.552050715291,34.3950642952223],[-118.551885148725,34.3948410928935],[-118.551786519129,34.3947137665252],[-118.551585936965,34.394458084682],[-118.551574225316,34.3944426873686],[-118.551224977053,34.3940131862755],[-118.551072420422,34.3938165596918],[-118.5508053858,34.3934723822982],[-118.550659903788,34.3932779435541],[-118.550171541523,34.3926124187469],[-118.550107987058,34.3925251351325],[-118.549919036301,34.3922735106024],[-118.549761898475,34.3920747006945],[-118.549703435409,34.3920007446872],[-118.549322454037,34.3915318936619],[-118.549248914147,34.3914381114615],[-118.549044912212,34.3911652647949],[-118.548966355718,34.3910646354069],[-118.548900388237,34.390984437372],[-118.54903452289,34.3909064229724],[-118.549256416615,34.3907711832572],[-118.549421888737,34.3906706295123],[-118.549514948707,34.3906141329235],[-118.549675127942,34.3905181285466],[-118.54970265922,34.3905336039799],[-118.549731491918,34.3905491925098],[-118.54976064158,34.3905643603798],[-118.54979010928,34.3905791057816],[-118.549819894948,34.3905934178968],[-118.549849964943,34.3906073076964],[-118.549880319097,34.3906207499375],[-118.549910956413,34.3906337581478],[-118.549941860464,34.3906463152723],[-118.54997374089,34.3906586741291],[-118.55001395953,34.390671399946],[-118.550047014765,34.3906826472652],[-118.550080302677,34.3906933913622],[-118.550113806128,34.3907036719822],[-118.550147510802,34.3907134621438],[-118.550181429748,34.3907227617878],[-118.550215547746,34.3907315718844],[-118.550249833158,34.3907398772509],[-118.550284281735,34.3907476932326],[-118.550318897725,34.390755004484],[-118.550353677954,34.3907618245424],[-118.550388573305,34.3907681265844],[-118.550423599106,34.3907739258665],[-118.550458758605,34.3907792205707],[-118.550494014833,34.3907840117664],[-118.550529351377,34.3907882842017],[-118.550564786824,34.3907920531185],[-118.550600302495,34.3907952897521],[-118.550635865957,34.390798023099],[-118.550671493432,34.3908002395624],[-118.550707167601,34.3908019518425],[-118.550742855651,34.390803131239],[-118.550778574005,34.3908037948066],[-118.550814289028,34.390803954418],[-118.550850017935,34.3908035820472],[-118.550885726111,34.3908027057993],[-118.550921397069,34.3908012996046],[-118.550956065934,34.3908014639276],[-118.550991036022,34.3907988293935],[-118.55102524508,34.3907957367194],[-118.551059400881,34.3907921556432],[-118.551093467435,34.390788071002],[-118.551127448099,34.3907834972055],[-118.55116132221,34.3907784343477],[-118.55119507672,34.390772882488],[-118.551228725763,34.3907668415621],[-118.551262220408,34.3907603126941],[-118.551295594446,34.3907533074507],[-118.551328811916,34.3907458151769],[-118.551361858752,34.3907378467552],[-118.551394732792,34.3907294039988],[-118.551427435032,34.3907204733801],[-118.551459931927,34.3907110802949],[-118.551492223404,34.3907012139254],[-118.551524309554,34.3906908877942],[-118.551556172958,34.3906800992762],[-118.551587813639,34.3906688519777],[-118.551618474285,34.3906574134952],[-118.551619198955,34.3906571433426],[-118.551650327919,34.3906449887018],[-118.551681217829,34.3906323726507],[-118.55171181777,34.3906193251719],[-118.55175800599,34.3905985427606],[-118.551764598761,34.3905954637519],[-118.551770754578,34.3905925832669],[-118.551918420616,34.3905192588047],[-118.551998465422,34.3904806303664],[-118.552182987492,34.3903937967982],[-118.552230412702,34.3903714840682],[-118.553446802108,34.3897993868051],[-118.554421723595,34.3893401635739],[-118.554473644221,34.3893165158601],[-118.554520136783,34.3892962475795],[-118.554567056916,34.3892766642988],[-118.554614385029,34.3892577634027],[-118.554662106903,34.3892395323342],[-118.554710204327,34.3892220126468],[-118.554758659812,34.3892051908972],[-118.55480745813,34.3891890662529],[-118.554856580897,34.3891736541241],[-118.554906046588,34.3891589526225],[-118.554955516487,34.3891450489445],[-118.554846316574,34.3888686433449],[-118.55484660421,34.38886856089],[-118.554862880239,34.3888640877939],[-118.55487952257,34.3888595877761],[-118.554877618876,34.3887976029798],[-118.554873729996,34.3886715196478],[-118.554870483377,34.3885672524512],[-118.554885942055,34.3885442366073],[-118.554953002718,34.388299105632],[-118.554956268052,34.3882348757811],[-118.554956948349,34.3882323564686],[-118.55496421419,34.3882054708374],[-118.554976209326,34.3881610908081],[-118.555026668385,34.3880895759535],[-118.55509829725,34.3880365016291],[-118.555314538714,34.3879579555368],[-118.555320267815,34.3879558746872],[-118.555363708485,34.387944987058],[-118.55548558833,34.3879144426074],[-118.555649965237,34.3878732463216],[-118.555723268033,34.3878548750565],[-118.555851445773,34.3878201795289],[-118.555856266548,34.3878188745365],[-118.556303481144,34.3877278207046],[-118.556500267715,34.3876788745718],[-118.55656163258,34.3876640285203],[-118.556729778574,34.387590090255],[-118.556892511099,34.3874836463392],[-118.557095593191,34.3872935044267],[-118.557264996588,34.3871711694553],[-118.557279268174,34.3871608749833],[-118.557507618156,34.3870755951982],[-118.55756236468,34.3870551498506],[-118.557603277463,34.3870398951596],[-118.557634882894,34.3870279324128],[-118.557412286098,34.3865923643023],[-118.557383662344,34.3865268980102],[-118.557327955541,34.3863739616391],[-118.557249825925,34.3860916247244],[-118.557223918233,34.3859327066552],[-118.55721478998,34.3858087543426],[-118.557210926128,34.3857253029789],[-118.557218353454,34.3855974845025],[-118.557219616961,34.3855720985291],[-118.55723104947,34.3854908135861],[-118.557275527117,34.3852259249969],[-118.557315582898,34.3850182630617],[-118.557373031349,34.3846879116478],[-118.557388541975,34.3845909328524],[-118.557420709047,34.3844195391508],[-118.557433552636,34.3843073591135],[-118.557432987548,34.3842479159331],[-118.55742755586,34.3841825665969],[-118.557417275831,34.3841106249481],[-118.557392562551,34.3840094405714],[-118.557384847081,34.3839778725388],[-118.557355989011,34.3838749582204],[-118.557339117781,34.3838314066249],[-118.557277101146,34.383725904929],[-118.55719681102,34.3836142917969],[-118.557141655205,34.3835461922673],[-118.557031515168,34.3834302553701],[-118.556532935172,34.3829719281403],[-118.556623610106,34.3829011033658],[-118.556724111691,34.3828123549493],[-118.556831164053,34.3827126055147],[-118.557101210604,34.3824533918118],[-118.557303694452,34.3822504935879],[-118.557371142781,34.3821766773157],[-118.557501008474,34.3820187604766],[-118.557560148788,34.381941217466],[-118.557653698306,34.3818054524359],[-118.55769138587,34.3817407008229],[-118.557726322559,34.3816727433523],[-118.557732277902,34.3816611591065],[-118.557773130279,34.3815740797765],[-118.55781731339,34.3814910817082],[-118.557895793577,34.3813317005404],[-118.557938262797,34.381239782355],[-118.558024753241,34.3810391439921],[-118.55809295407,34.3808299908624],[-118.558144592557,34.3806222860854],[-118.558200829395,34.3803589098046],[-118.558264819947,34.3800161567929],[-118.558268031985,34.3800013756661],[-118.558280726086,34.3799168221069],[-118.558302632154,34.3797233236052],[-118.558328374971,34.3794382144901],[-118.558351996054,34.3791766219112],[-118.558359595699,34.3790742223615],[-118.558362282643,34.3789804263023],[-118.558361640669,34.3788846071906],[-118.55835077199,34.3787465745511],[-118.559145842521,34.3786934516718],[-118.55954246841,34.3786690796103],[-118.559593083545,34.3786659700758],[-118.560109924043,34.3786388522682],[-118.560353381597,34.3786174479709],[-118.560479222808,34.3786027995142],[-118.560765629259,34.3785616269748],[-118.560936133118,34.378533686483],[-118.561065235229,34.3785117919704],[-118.561146324558,34.3784956234705],[-118.561176117029,34.3784896562047],[-118.561467319497,34.3784230453632],[-118.561606320458,34.3783935513176],[-118.561753622485,34.3783657171515],[-118.561902601885,34.3783420293326],[-118.562046631575,34.3783210824236],[-118.562177447546,34.3783064001217],[-118.56252528113,34.3782828070974],[-118.562747286791,34.3782752388089],[-118.562931227776,34.3782757596937],[-118.563015761619,34.3782787993097],[-118.563242916193,34.3782976691369],[-118.563543093462,34.378332352935],[-118.56368573651,34.3783519402044],[-118.563919639497,34.3783886387201],[-118.564483720339,34.3784856221561],[-118.564593217664,34.3785043502563],[-118.564847319717,34.3785430634238],[-118.565025943042,34.3785652311768],[-118.565165494416,34.3785872247092],[-118.565224238632,34.3785948943219],[-118.565279936431,34.378602133651],[-118.565337986489,34.3786094169795],[-118.565491963559,34.3786400021692]]]},"properties":{"OBJECTID":3396,"DISTRICT_NAME":"NEWHALL ELEMENTARY","LABEL":"NEWHALL ELEMENTARY TA2","TRUSTEE_AREA":"2","DISTRICT_TYPE":"Elementary School District","Shape__Area":138297454.26074219,"Shape__Length":72201.228721215579}},{"type":"Feature","id":3397,"geometry":{"type":"Polygon","coordinates":[[[-118.497165364966,34.3745457822691],[-118.49786322016,34.3739384775366],[-118.498090406762,34.3737324064971],[-118.498269466637,34.3735605001017],[-118.498439925931,34.3733937801896],[-118.498480532757,34.373353062934],[-118.498602099663,34.3732270950138],[-118.498757596386,34.373060150399],[-118.498917637649,34.3728834547716],[-118.499023917317,34.3727604117193],[-118.499123904427,34.3726436917255],[-118.499207870624,34.3725417308941],[-118.499332133813,34.3723861734548],[-118.499422909153,34.3722684408597],[-118.499548484793,34.3721014282491],[-118.499667164544,34.3719358746703],[-118.499719078937,34.3718621925128],[-118.49973236324,34.3718433514943],[-118.49988194642,34.3726064810959],[-118.499931405591,34.372544516352],[-118.500023467812,34.3724291769919],[-118.500034717142,34.3724151107678],[-118.500302912077,34.372083075619],[-118.500400711195,34.3719620109601],[-118.500509243404,34.3720283227233],[-118.501612039942,34.3726193613684],[-118.50206631601,34.3728628236616],[-118.502256158971,34.372962053938],[-118.502452423028,34.3730595227448],[-118.502648171132,34.3731517707624],[-118.502846389391,34.3732403173208],[-118.503046987304,34.3733251231157],[-118.503253117734,34.3734074083512],[-118.50345816489,34.373484530118],[-118.503658536298,34.3735554025687],[-118.504352964564,34.3738010353606],[-118.504706873034,34.3739258220121],[-118.506550656124,34.374575913232],[-118.506709221912,34.3746285711607],[-118.506784588908,34.3746558738516],[-118.506858889115,34.3746851111502],[-118.506932053783,34.3747162409735],[-118.50700403273,34.3747492355858],[-118.507040958671,34.3747671191317],[-118.507077533165,34.3747854954749],[-118.50714683607,34.3748221920951],[-118.507214748264,34.3748606570024],[-118.507281172722,34.3749008482328],[-118.507300609811,34.3749136030032],[-118.507343271096,34.3749408997626],[-118.50739082643,34.374973386015],[-118.507410820594,34.3749869110548],[-118.507429068468,34.3750007796745],[-118.507465825854,34.3750277332751],[-118.507492780329,34.3750481160184],[-118.507541391836,34.3750865398315],[-118.507593051653,34.3751300517671],[-118.507647697876,34.3751781255819],[-118.507693491162,34.3752199301853],[-118.507780257988,34.3752628757973],[-118.507931258712,34.3754258760814],[-118.508276257996,34.3758558758157],[-118.508465258025,34.376093876484],[-118.508717257892,34.3764138761028],[-118.508810585776,34.376524054538],[-118.508861258319,34.3765838762081],[-118.509005258458,34.3767298762864],[-118.509188258994,34.3768848765341],[-118.509354258753,34.3769948764178],[-118.509408258632,34.3770298762442],[-118.509655259057,34.3771578762326],[-118.510016258702,34.3772938760588],[-118.510271258262,34.3773648765282],[-118.510348258292,34.3773858765007],[-118.511070258896,34.3775268765014],[-118.511604258655,34.3776338762482],[-118.511633544376,34.3776399615552],[-118.51175825942,34.377665876389],[-118.512327258712,34.3777598764811],[-118.512901259078,34.3778798765655],[-118.513134259585,34.3779148764054],[-118.513212259002,34.3779448758036],[-118.513249259063,34.3779748765382],[-118.513253259649,34.3780128765868],[-118.513238259213,34.3780558758721],[-118.513231933175,34.3780871508857],[-118.513316284447,34.3781036327022],[-118.513321229137,34.3781046007537],[-118.513436409133,34.3781278279851],[-118.513920409338,34.3782239980704],[-118.513972074653,34.3780274049787],[-118.513978024182,34.3780047682625],[-118.513978122784,34.3780043594474],[-118.513986865368,34.377971090763],[-118.513999138285,34.3779243795923],[-118.514121157342,34.3779762920874],[-118.51414396795,34.3779860329417],[-118.514174169144,34.3779989293866],[-118.51420401701,34.3780116578334],[-118.514231044571,34.3780231946814],[-118.514598157508,34.3781799417537],[-118.514667937121,34.3782097271852],[-118.514761629813,34.3782497336621],[-118.515551832624,34.3785869682037],[-118.515551849859,34.3785869419858],[-118.515556723204,34.3785890236502],[-118.515595048179,34.3786053912796],[-118.515646418914,34.3786273308153],[-118.515695923651,34.3786485471187],[-118.515710288716,34.3786547030245],[-118.515984001635,34.3787720032893],[-118.515985692611,34.3787727281419],[-118.515989895518,34.3787745295591],[-118.515992918774,34.3787758248245],[-118.515993591458,34.3787761131584],[-118.51599440705,34.3787764766134],[-118.51605333498,34.3788017303244],[-118.516086431724,34.3788159230038],[-118.516132861992,34.3788364931925],[-118.516254730924,34.3788884889329],[-118.516309331221,34.3789119695907],[-118.516317585597,34.3789155198568],[-118.516922761455,34.3791757882571],[-118.517004864805,34.3790457337666],[-118.51700599327,34.379043946612],[-118.517011012256,34.3790360169099],[-118.517033133715,34.379001000562],[-118.517208430848,34.378723428128],[-118.517328293643,34.3785336133858],[-118.517474001406,34.3783028683299],[-118.517528215241,34.3782170186654],[-118.517577455546,34.3781390651514],[-118.517626647183,34.3780611686215],[-118.517715624814,34.3779202793379],[-118.517792459459,34.3777985878327],[-118.517869326421,34.3776768835174],[-118.51795881984,34.37753513899],[-118.518070931205,34.3773576238453],[-118.518214224102,34.3771307035009],[-118.518277460493,34.3770305651969],[-118.518343269992,34.376926332787],[-118.518517785128,34.3766482054871],[-118.518526253031,34.3766347156023],[-118.518535870334,34.3766189696577],[-118.520694201327,34.3791289758509],[-118.52083451949,34.3792921412793],[-118.522353378006,34.3810582604515],[-118.523088959056,34.3812260631362],[-118.523585557232,34.381300860463],[-118.523400662879,34.3810868283786],[-118.524777463421,34.3803524637756],[-118.524580766212,34.380096182546],[-118.524548888326,34.3800546477305],[-118.524597652759,34.3800650325228],[-118.524759364016,34.3800994710691],[-118.525112648234,34.3801747074586],[-118.52511294008,34.380174775613],[-118.525365852347,34.3800414304233],[-118.525797035656,34.3801351775098],[-118.526019703355,34.3802626106201],[-118.526026349158,34.3802653296766],[-118.526096971436,34.3803064065908],[-118.526167586545,34.3803461645432],[-118.526697562836,34.3806475882405],[-118.526721339725,34.3806612162865],[-118.526781687247,34.380695805791],[-118.527654031273,34.3813912235625],[-118.527995998415,34.3816638279348],[-118.52803748862,34.3816419715299],[-118.52810915544,34.3816042184504],[-118.52811944479,34.3815987968501],[-118.528248973401,34.3815312941635],[-118.528282103534,34.3815133714537],[-118.528282365812,34.3815132341785],[-118.528352555367,34.3816038873135],[-118.528352514179,34.3816039082284],[-118.528382418792,34.3816423601748],[-118.528528606341,34.3818325932527],[-118.528615587434,34.3819457827366],[-118.528632530182,34.3819675549619],[-118.528632897458,34.3819680275701],[-118.528633532231,34.3819688424984],[-118.528634800792,34.3819704885871],[-118.528720384402,34.3820815483432],[-118.528812224645,34.3822007550059],[-118.529312612737,34.3828501255477],[-118.529333426591,34.3828771358471],[-118.529447504604,34.3828148417247],[-118.529497063126,34.3827877801625],[-118.529709936913,34.3826715343997],[-118.529852417423,34.3828211461086],[-118.529877581662,34.3828694541984],[-118.52997140524,34.3830297975722],[-118.530041728433,34.3831425098168],[-118.530180492995,34.3833335667223],[-118.530247314383,34.3834177739676],[-118.53031578099,34.3834985355094],[-118.530623222354,34.3838939063884],[-118.531251591688,34.3847172585091],[-118.531315990717,34.3848017029708],[-118.53176800701,34.3853944117242],[-118.532113953375,34.3858473120745],[-118.532135859658,34.3858758641426],[-118.532782431217,34.3867185665717],[-118.532954569237,34.3869434643972],[-118.533146745923,34.3871916624986],[-118.534002343949,34.3882932356975],[-118.534003782566,34.3882950838276],[-118.534420120687,34.3888299817277],[-118.536061531627,34.3909922034403],[-118.536461010427,34.3915149260045],[-118.536589984497,34.3916794785195],[-118.536745097556,34.391876748347],[-118.537040826243,34.3922450320872],[-118.537109254422,34.3923320223257],[-118.537413482742,34.3927187716025],[-118.537624746135,34.3929999762562],[-118.537667591355,34.3930570069684],[-118.537948860384,34.393442596361],[-118.538013742487,34.3935315419359],[-118.538175280276,34.3937376075051],[-118.538242765318,34.3938236835264],[-118.538299523667,34.3938960793943],[-118.538454915734,34.3940901543595],[-118.538530197433,34.3941980101413],[-118.538620560308,34.3943312394194],[-118.53871269725,34.3944822940937],[-118.538774808281,34.3946042965887],[-118.538822025085,34.3947287894755],[-118.538844002066,34.3947949684628],[-118.538896484689,34.3949661484631],[-118.538909066296,34.3950094601833],[-118.538930801127,34.3951012340237],[-118.53894070956,34.3951585071354],[-118.538958708274,34.3952826727453],[-118.538974892857,34.3952798799636],[-118.538991120906,34.3952770815772],[-118.538996205068,34.3952762043191],[-118.539007346772,34.3952742822968],[-118.539023574819,34.3952714839061],[-118.539039800683,34.3952686846214],[-118.539056027727,34.3952658997539],[-118.539072255764,34.3952631004552],[-118.539088481631,34.3952603020655],[-118.539104709666,34.3952575027624],[-118.539120935618,34.395254717891],[-118.539137163651,34.3952519185836],[-118.539153390601,34.3952491201804],[-118.539169617544,34.3952463208735],[-118.539185828179,34.3952435225384],[-118.539202055026,34.3952407088029],[-118.539218281972,34.395237910391],[-118.539234508818,34.3952350966512],[-118.539250735761,34.3952322982349],[-118.539266962604,34.3952294844907],[-118.539283173057,34.3952266590972],[-118.539299399992,34.395223859773],[-118.539315626838,34.3952210469238],[-118.539331852682,34.3952182476],[-118.539348063213,34.395215434819],[-118.539367193974,34.3952121339354],[-118.539336258921,34.3950299713119],[-118.539336138589,34.394996091106],[-118.539335745929,34.3948586423969],[-118.53933563133,34.3948187588162],[-118.539333955527,34.3942412889871],[-118.539333485207,34.3940792394173],[-118.539293917774,34.394019593771],[-118.539293021597,34.3940182445465],[-118.539233599008,34.3939285595501],[-118.538926054483,34.3934643963492],[-118.539253998157,34.3932882849653],[-118.539389292941,34.3932159982124],[-118.53951844892,34.3931469976859],[-118.539672991783,34.3933460802287],[-118.540309365064,34.3930494950142],[-118.540127263763,34.3928223512148],[-118.539017451919,34.3913758170084],[-118.538190975414,34.3903044720655],[-118.536174535759,34.3876904429141],[-118.535875403255,34.3873056820463],[-118.536503044571,34.3869748840416],[-118.536882968724,34.3867798113029],[-118.537890570353,34.3862618411607],[-118.53872660633,34.3872734728193],[-118.538815646652,34.387381212311],[-118.539116618509,34.3877454027067],[-118.53913333658,34.3877673060988],[-118.541230859178,34.3902109077363],[-118.541666655956,34.3907175651557],[-118.541691105265,34.3907459815403],[-118.541767976568,34.3908353710188],[-118.541918176942,34.391010031202],[-118.541933852416,34.3910282596877],[-118.542068145758,34.3911831028215],[-118.542032035506,34.3912067998379],[-118.542231536092,34.391448061342],[-118.542231080899,34.3914484690703],[-118.542257031497,34.3914797419171],[-118.542326939138,34.391418343655],[-118.542591491238,34.3911859323666],[-118.542697299552,34.3910929780206],[-118.543138769104,34.3907051396942],[-118.543563100091,34.3903323520398],[-118.543695143104,34.390216347637],[-118.543957043793,34.3899862567564],[-118.54408490806,34.3897552441337],[-118.5443721798,34.3895020275918],[-118.544507318952,34.3893829070915],[-118.544826563159,34.3891015043805],[-118.545043165005,34.388910574687],[-118.545235799948,34.3887407708744],[-118.545701616357,34.3884583072442],[-118.545956259599,34.3883796789746],[-118.546001349997,34.3883657554],[-118.54611767172,34.3883057299039],[-118.546282941553,34.3885198637924],[-118.546371691464,34.3886348528751],[-118.546450865162,34.388570568793],[-118.546694684993,34.3888817432291],[-118.546715935816,34.3889097862695],[-118.546800002434,34.3890207239028],[-118.546851803198,34.3890850684798],[-118.547052075819,34.3892971276823],[-118.547172181225,34.3894154303117],[-118.547282249526,34.3895193507865],[-118.547622310923,34.3898180254254],[-118.548169191391,34.3903143013631],[-118.54831083354,34.3904307727442],[-118.54860585274,34.3906836193051],[-118.548734252235,34.3908018846732],[-118.548837729239,34.3909120199404],[-118.548887830178,34.3909691716509],[-118.548900388237,34.390984437372],[-118.548966355718,34.3910646354069],[-118.549044912212,34.3911652647949],[-118.549248914147,34.3914381114615],[-118.549322454037,34.3915318936619],[-118.549703435409,34.3920007446872],[-118.549761898475,34.3920747006945],[-118.54978341435,34.3921019224994],[-118.549919036301,34.3922735106024],[-118.550107987058,34.3925251351325],[-118.550171541523,34.3926124187469],[-118.550659903788,34.3932779435541],[-118.5508053858,34.3934723822982],[-118.551072420422,34.3938165596918],[-118.551224977053,34.3940131862755],[-118.551574225316,34.3944426873686],[-118.551585936965,34.394458084682],[-118.551786519129,34.3947137665252],[-118.551885148725,34.3948410928935],[-118.552050715291,34.3950642952223],[-118.552085831428,34.3951108495265],[-118.552276449079,34.3953624279474],[-118.552433526772,34.3955544255601],[-118.552518668661,34.3956464193153],[-118.552802376917,34.3959384647483],[-118.553066091149,34.3962151573409],[-118.553107678363,34.3962872666317],[-118.552756791078,34.3965624469723],[-118.55266285725,34.3966442967809],[-118.552572267809,34.3967312646424],[-118.552491614648,34.396816133456],[-118.552335371195,34.3969995801096],[-118.552055919855,34.3973501623068],[-118.551986899773,34.397440469093],[-118.551966178464,34.397469313513],[-118.551957505421,34.3974813858401],[-118.551911353095,34.3975455916948],[-118.551673417895,34.3979090401161],[-118.551558690187,34.3981046596724],[-118.551501367812,34.3982090130442],[-118.551408194475,34.3984062419362],[-118.551323305911,34.3986031049256],[-118.551285813725,34.3986991198453],[-118.551227180691,34.3988560171542],[-118.551176943904,34.3990293600173],[-118.551147863487,34.3991435297228],[-118.5511317314,34.3992098878302],[-118.551089920516,34.3994048437283],[-118.551078762065,34.3994715326276],[-118.551072571753,34.3995385307151],[-118.551055226322,34.3996722366154],[-118.551042817192,34.399801441233],[-118.551041326263,34.4000772595695],[-118.551016998269,34.4004088445179],[-118.551016058579,34.4005173923276],[-118.551043676745,34.4009339015364],[-118.551052753062,34.4010159472553],[-118.55105602111,34.4010454974867],[-118.551069985553,34.4011519121388],[-118.551092237717,34.4012582945352],[-118.551116087076,34.4013553747977],[-118.551144935323,34.4014562332259],[-118.551293788317,34.4019079436503],[-118.551322482388,34.4019857702091],[-118.551352948233,34.4020494498642],[-118.551362819341,34.4020700826903],[-118.551411548292,34.4021687834319],[-118.551422982032,34.4021893604646],[-118.55153568499,34.4023921748063],[-118.551591827546,34.4024850764139],[-118.551693229109,34.4026528685277],[-118.551761964738,34.4027700281828],[-118.551865906121,34.4029461063645],[-118.551926224603,34.4030433811135],[-118.551986504476,34.4031348068215],[-118.552051756266,34.4032265632697],[-118.552072349387,34.4032523554208],[-118.552121962483,34.4033145313967],[-118.552384293811,34.4036289882126],[-118.552583190453,34.4038764372253],[-118.552889152465,34.4042700521359],[-118.553042904752,34.4044586012923],[-118.553271904276,34.4047450648474],[-118.553415663554,34.4049257706551],[-118.553624511619,34.4051721330816],[-118.553744769049,34.4053086180032],[-118.554031977208,34.4056229847285],[-118.554123840623,34.4057273148684],[-118.554344419777,34.4059928558988],[-118.554558354718,34.4062553409439],[-118.554718682272,34.4064349299771],[-118.554791251558,34.4065113685944],[-118.554872270937,34.4065967081704],[-118.554964122709,34.406698644144],[-118.555069373185,34.4068211360254],[-118.555203084431,34.4069860844364],[-118.555311758372,34.4071246826623],[-118.555367108783,34.4072007661394],[-118.555400429901,34.407246560493],[-118.555447060244,34.4073074866211],[-118.555578713195,34.4074794994933],[-118.555688015155,34.4076151942551],[-118.555884174009,34.4078463803494],[-118.55597129495,34.4079490260247],[-118.556035553704,34.4080247374944],[-118.556135803623,34.408143125037],[-118.556508766084,34.4086357083189],[-118.556632500888,34.4087938285074],[-118.556904938142,34.4091278223674],[-118.557073635498,34.4093166521189],[-118.557544460078,34.4098159760624],[-118.557636331174,34.4099196156471],[-118.557850192739,34.4101693817487],[-118.557943704952,34.4102699338953],[-118.558033855178,34.4103643276989],[-118.558052217717,34.4103831484853],[-118.558169030716,34.4104980223774],[-118.558270776217,34.4105913096427],[-118.558365825229,34.4106736667396],[-118.558454242518,34.4107567106199],[-118.558546033103,34.4108480177354],[-118.558622831761,34.4109287241192],[-118.558893446285,34.4112355720801],[-118.558968690397,34.411331074259],[-118.559012212178,34.4113940733677],[-118.559244937843,34.4117741901749],[-118.559251907491,34.4117855607047],[-118.559352558555,34.4119623346439],[-118.559444973983,34.4121460171187],[-118.55959303712,34.412469941351],[-118.559739283253,34.4127701633072],[-118.559865562339,34.4130598129519],[-118.559919529609,34.4131962714138],[-118.558810100078,34.4131440403022],[-118.558128563963,34.4131183256621],[-118.557893121247,34.4131139158197],[-118.557467475073,34.4131016088403],[-118.557349254508,34.413098192608],[-118.557045831068,34.4130923922959],[-118.556283223616,34.4130907239457],[-118.555933400737,34.4130868339603],[-118.555028078219,34.4130638566224],[-118.554721357389,34.413060093147],[-118.554541920708,34.4130609137081],[-118.554474349403,34.4130612226417],[-118.553817946669,34.4130752169009],[-118.55363067531,34.4130849989262],[-118.553451722121,34.4130981838783],[-118.553287759755,34.4131226442434],[-118.553140419281,34.4131535403952],[-118.55297656711,34.4131944673438],[-118.552662068768,34.4132680329561],[-118.552463471247,34.4133190840406],[-118.552395641938,34.4133413779148],[-118.552221992812,34.4134050383878],[-118.552109555523,34.4134491568013],[-118.551995349177,34.4134971913318],[-118.551893004106,34.4135435706485],[-118.551800477084,34.4135907066781],[-118.551709639412,34.4136419612948],[-118.551531301247,34.4137492504308],[-118.551260534788,34.413917776335],[-118.55117800475,34.4139724195382],[-118.551108697279,34.4140215104298],[-118.551054603679,34.4140603646061],[-118.550728060638,34.4143725531683],[-118.550543616221,34.4145595609682],[-118.550456373897,34.4146540721676],[-118.550374124012,34.4147513085379],[-118.5502952429,34.4148564432722],[-118.550227919551,34.4149542969853],[-118.550165576374,34.4150535047188],[-118.550108182685,34.4151492533054],[-118.550062358334,34.4152394554192],[-118.55002640925,34.415318949334],[-118.549982399092,34.4154331872213],[-118.549797898921,34.4158633823187],[-118.549734276412,34.4160199668236],[-118.54932409835,34.4159156799015],[-118.548934070726,34.4158098056492],[-118.54888729041,34.4157971073303],[-118.548528499178,34.4156922470883],[-118.548074987411,34.4155534679373],[-118.547933802039,34.4155128848001],[-118.547083364748,34.4152676855131],[-118.546781057338,34.4151794114744],[-118.545955524438,34.4149392524352],[-118.545636627748,34.4148489649679],[-118.545365030572,34.414771987969],[-118.545027061133,34.4146761978297],[-118.544906408897,34.4146410444364],[-118.544856635068,34.4146266811554],[-118.544054857971,34.4143953069937],[-118.543520602892,34.4142429686066],[-118.543442656737,34.4141183132881],[-118.543359404436,34.4140121686354],[-118.542247685819,34.412658789098],[-118.542049013459,34.4124162104477],[-118.541175408259,34.4113512893389],[-118.541352594993,34.4113290428692],[-118.541348798083,34.411316905277],[-118.541344013642,34.4113016140038],[-118.541004251215,34.4102154528863],[-118.54064118692,34.4090551764135],[-118.540632589446,34.4090277051957],[-118.540631817451,34.4090252384218],[-118.54063122483,34.4090227555221],[-118.540614995326,34.4089714239499],[-118.540585754394,34.4088780503313],[-118.540415897708,34.4089003162347],[-118.540321565378,34.4089121491172],[-118.54031144878,34.4089134103637],[-118.540134888108,34.4089380190873],[-118.54010316643,34.4089424408656],[-118.540010625914,34.4089553392584],[-118.540012421444,34.4089641798629],[-118.539878679141,34.4089655082494],[-118.539676527302,34.4089606543541],[-118.539663308431,34.4088892076584],[-118.53950188149,34.4089081053883],[-118.539336949221,34.408927425987],[-118.539171222289,34.4089468328353],[-118.539008733239,34.4089658608449],[-118.539031102649,34.4090850268351],[-118.538693673288,34.4091284395113],[-118.538675150112,34.4090300521626],[-118.538670590503,34.4090058652087],[-118.538663933399,34.4089705265261],[-118.538463415465,34.4089722409756],[-118.538454187165,34.4089227892965],[-118.537171885237,34.4090879136471],[-118.537191480865,34.4091941542744],[-118.537184542889,34.4091954597803],[-118.53632814688,34.4091870044262],[-118.535824208161,34.4091836243658],[-118.525524503708,34.4091138598219],[-118.514934715775,34.4090448033449],[-118.5139168175,34.4090379193434],[-118.513862279768,34.409037548207],[-118.512263495619,34.409026705652],[-118.51202249537,34.4090250232581],[-118.511952939461,34.4090245343595],[-118.511928808809,34.4090243558415],[-118.511510659739,34.4090214213549],[-118.511514865996,34.4088984610041],[-118.51151675551,34.4088433799379],[-118.511536409609,34.4082684544527],[-118.511538954413,34.408193791037],[-118.511550736607,34.4078589510223],[-118.511829002408,34.3999503333338],[-118.51203303787,34.3941579657227],[-118.510055002743,34.3941454208343],[-118.503010340669,34.3941004782892],[-118.502248239448,34.394096043668],[-118.501334574078,34.3940904405376],[-118.500879439251,34.3940987863532],[-118.500138567679,34.3941123527457],[-118.499505988114,34.3941239314399],[-118.499280580146,34.3941280566265],[-118.499172641296,34.394130031831],[-118.499123810007,34.3941309261246],[-118.498869811132,34.3941355721198],[-118.498381949376,34.3941444984745],[-118.497416892222,34.3941621518841],[-118.497416846562,34.394162154776],[-118.496442693852,34.3942170513927],[-118.493306371299,34.3943937408512],[-118.492887911462,34.3944025331186],[-118.492464465524,34.3944126865802],[-118.492043525844,34.3944214715797],[-118.491622583901,34.3944302551267],[-118.491201618414,34.394440408545],[-118.490991148452,34.3944447994862],[-118.490570208455,34.394453579371],[-118.490160849031,34.3944637092662],[-118.490149260345,34.3944639517442],[-118.489947502139,34.3944680604403],[-118.489729126891,34.3944725027688],[-118.489312328382,34.3944826318953],[-118.489097707099,34.3944870363009],[-118.488885583773,34.3944914158308],[-118.488781171097,34.3944942979514],[-118.488676766605,34.3944957951885],[-118.48846877603,34.3945001861828],[-118.488344471764,34.3945058328326],[-118.488053629277,34.3945103187524],[-118.487926837372,34.394514605552],[-118.487639302011,34.3945190753673],[-118.48750921082,34.3945247318109],[-118.487221666103,34.3945305863352],[-118.487091576235,34.3945334998505],[-118.486833049454,34.3945393081061],[-118.486809834623,34.3945393445113],[-118.486654059256,34.3945436480677],[-118.486610954193,34.3945437092667],[-118.486282186042,34.3945517211855],[-118.486022108439,34.3945551295326],[-118.486167912669,34.3944031247356],[-118.486470926001,34.3940680406609],[-118.486619083342,34.3938946594491],[-118.486740848625,34.3937427062424],[-118.48684940318,34.393599713136],[-118.486949667325,34.3934567748602],[-118.487053189099,34.3933028066344],[-118.487304501939,34.3929143443401],[-118.487496550421,34.3925948196028],[-118.487537586249,34.3925273314482],[-118.487642576286,34.3923414270673],[-118.487904867235,34.3918481670572],[-118.488140710612,34.3913659801262],[-118.488666244461,34.3902598978917],[-118.489021703593,34.3895464344473],[-118.48925270807,34.3890896799889],[-118.489336171187,34.3889090294472],[-118.489398290755,34.3887627802032],[-118.489413014769,34.3887301031587],[-118.489491396143,34.3885312547533],[-118.489568025992,34.3883162497061],[-118.489638020723,34.3880995729053],[-118.489764839151,34.3876827560798],[-118.489821686634,34.3874857217693],[-118.489839589422,34.387430004764],[-118.490025084545,34.386844968943],[-118.490190909385,34.3862978255152],[-118.490403659424,34.3855584663992],[-118.490415036885,34.3855199553883],[-118.490509524909,34.3852430536311],[-118.490542018189,34.3851323188646],[-118.490561633818,34.3850862124121],[-118.490641701836,34.3848928494422],[-118.490692371732,34.3847727804828],[-118.490828066791,34.3844575946789],[-118.490841165299,34.384431083332],[-118.490886984501,34.3843312860597],[-118.490968920562,34.3841743247866],[-118.49247741614,34.3810260842618],[-118.493039754691,34.3798524145636],[-118.49315317755,34.3796970546421],[-118.493241521836,34.3795039852509],[-118.49329233494,34.3794096633793],[-118.493472744275,34.3790919052345],[-118.493567988912,34.3789455188832],[-118.493627137505,34.3788600989727],[-118.493735685406,34.3787212429559],[-118.493821125292,34.3785979270141],[-118.493893506946,34.3785076388555],[-118.494021861336,34.3783559838913],[-118.494109133997,34.3782615130891],[-118.494221154278,34.3781494091331],[-118.493989738245,34.3779689908381],[-118.493711731877,34.3777537226785],[-118.493588423749,34.3776581821495],[-118.494536401723,34.3768320396556],[-118.495652613742,34.3758605663834],[-118.496092239292,34.3754809326787],[-118.49679386818,34.3748669392558],[-118.497165364966,34.3745457822691]]]},"properties":{"OBJECTID":3397,"DISTRICT_NAME":"NEWHALL ELEMENTARY","LABEL":"NEWHALL ELEMENTARY TA3","TRUSTEE_AREA":"3","DISTRICT_TYPE":"Elementary School District","Shape__Area":161663653.55859375,"Shape__Length":76999.32225225115}},{"type":"Feature","id":3398,"geometry":{"type":"Polygon","coordinates":[[[-118.504529158456,34.3450039813093],[-118.504583048262,34.3448595069852],[-118.505621002301,34.3452035303075],[-118.505942134385,34.3453305719879],[-118.506081378243,34.3453853333935],[-118.506126112111,34.3454029817335],[-118.506185971945,34.3454265990802],[-118.506210729334,34.3454363675276],[-118.50623058602,34.3454442019037],[-118.509642303472,34.3467971819485],[-118.509636224523,34.3468055873254],[-118.509499824543,34.3469830709174],[-118.509291181554,34.3472669791242],[-118.509218929958,34.3473703314405],[-118.509204154325,34.3473926263976],[-118.509081051765,34.3475783784513],[-118.509071195602,34.3475924874805],[-118.508936019805,34.3478147600854],[-118.508867831685,34.3479268833311],[-118.508707222996,34.3482109187639],[-118.508522132983,34.3485541634504],[-118.508380309966,34.3489312261176],[-118.508295734554,34.3491878227907],[-118.508256773366,34.3493178214301],[-118.508221135485,34.3494498724484],[-118.508188813406,34.3495832771868],[-118.508183906128,34.3496093793065],[-118.508139080084,34.349848301274],[-118.508105717794,34.3500830596312],[-118.508094829899,34.3501985176781],[-118.508089279398,34.3503085017368],[-118.508088917544,34.3503156542662],[-118.508088006268,34.3504379429213],[-118.508090477182,34.350571562371],[-118.508113925408,34.350885409007],[-118.508120761982,34.3509486224458],[-118.508133232655,34.351063944691],[-118.508171564934,34.3513736070662],[-118.508283847285,34.3521288048856],[-118.508310048566,34.3523505909297],[-118.508331360955,34.3525850920505],[-118.508342285632,34.3527471673812],[-118.508347069108,34.3529882802954],[-118.508344220911,34.3530645435541],[-118.508345144653,34.3532160316776],[-118.508338971831,34.3532898954587],[-118.5083394222,34.3533637539981],[-118.508332037717,34.3535111280818],[-118.507910306481,34.3560753120039],[-118.507689808367,34.3574086352708],[-118.50755180375,34.3578711917542],[-118.507370150128,34.3585122101815],[-118.507217900787,34.3590840807111],[-118.507036842592,34.359824024692],[-118.507043998664,34.3600307474456],[-118.507050635317,34.3602221308775],[-118.50706296907,34.3605778500818],[-118.507131600669,34.3619240612528],[-118.507187135412,34.363013347006],[-118.507184187103,34.3631296696034],[-118.507181756997,34.3632187743704],[-118.507182565882,34.3633517146414],[-118.507169696567,34.3636876963665],[-118.507154095267,34.3638460926353],[-118.507150413373,34.3638695525631],[-118.507128575178,34.3640086873956],[-118.507107584352,34.364098768644],[-118.507081659601,34.3641946935693],[-118.507050811464,34.3642989134089],[-118.507011759552,34.3644165490982],[-118.506886692672,34.3647774650823],[-118.506844047568,34.3649005258743],[-118.506826441528,34.3649492807926],[-118.506775614367,34.3650900783889],[-118.506738035925,34.3651771366359],[-118.506654587373,34.3653502599962],[-118.506603786527,34.3654425275639],[-118.506485633851,34.3656305657522],[-118.506350955158,34.3658255407799],[-118.506315523847,34.3658733405221],[-118.506590373617,34.3659619421726],[-118.506743090319,34.3660083479412],[-118.506987078177,34.3660791271677],[-118.507071708294,34.3661004019929],[-118.507148233636,34.3661238509218],[-118.507187605679,34.3661398435703],[-118.507210852875,34.3661492818756],[-118.507244404797,34.3661628836362],[-118.507252707642,34.3661666308475],[-118.507361375799,34.3662157850396],[-118.507487019268,34.3662790087053],[-118.5075917462,34.3663352319315],[-118.507664617563,34.3663741635407],[-118.507699420946,34.3663927526574],[-118.507781244165,34.366436469936],[-118.508271697346,34.3667102186284],[-118.508364544595,34.3667709220662],[-118.508975376152,34.3671702856177],[-118.50943118517,34.3674682461952],[-118.509576029834,34.3675629138286],[-118.509774211271,34.3676924394866],[-118.510264627669,34.3680129494514],[-118.510409340171,34.3681047218091],[-118.510731298705,34.3682963861362],[-118.510740901256,34.3683021029057],[-118.510924907107,34.3680207333762],[-118.510961935382,34.3679698197508],[-118.510983330339,34.36794671147],[-118.511022779237,34.3678957109908],[-118.511083671509,34.3678291614003],[-118.511131450203,34.3677839623283],[-118.51115942527,34.3677525871044],[-118.511215285036,34.3676736949609],[-118.511228406224,34.3676516573971],[-118.511249659797,34.3676062329665],[-118.511269243956,34.367557709771],[-118.511303329042,34.3674421545771],[-118.511395227792,34.3668489472552],[-118.511420057762,34.3666886705527],[-118.511479250695,34.3666899876753],[-118.512174280293,34.3667056553385],[-118.513476341358,34.366733623641],[-118.513484544266,34.3667337998532],[-118.51349317345,34.3667339913885],[-118.513371072213,34.3669759678095],[-118.513200264949,34.3673179443943],[-118.513169304606,34.367379929168],[-118.512321753612,34.3690794625568],[-118.512269638819,34.3691628506807],[-118.51223392692,34.3692168631402],[-118.512247158175,34.3692254764285],[-118.512390194186,34.3693184976425],[-118.512633109173,34.3694806374662],[-118.512745975258,34.3695558046486],[-118.512821036042,34.369603912399],[-118.512887478092,34.3696461406701],[-118.513102230917,34.3697826273145],[-118.513242353506,34.3698667472452],[-118.513288262292,34.3698943085455],[-118.513373311659,34.369945334315],[-118.513388711455,34.3699543575113],[-118.513431512951,34.3699794391618],[-118.513885483415,34.370242325507],[-118.514174851656,34.3704135322445],[-118.514377741027,34.370532890838],[-118.514761334724,34.3707625722355],[-118.51477023744,34.3707679030959],[-118.514993093196,34.3709016014035],[-118.515355677949,34.3711219554081],[-118.515741588257,34.3713621268021],[-118.516327151948,34.3717343678847],[-118.516730830539,34.3719808451654],[-118.517203710975,34.3722695731188],[-118.517365017345,34.3723695885271],[-118.517775920947,34.3726243599298],[-118.517973841286,34.3727426879746],[-118.518281464988,34.3729158669749],[-118.518633953178,34.3731094579438],[-118.51893981577,34.3732647815223],[-118.519139222012,34.3733556494455],[-118.519323633476,34.3734324848125],[-118.519372424478,34.3734508276602],[-118.519684050288,34.3735679832592],[-118.520285528805,34.3738291990909],[-118.520665760928,34.373994531672],[-118.520740791197,34.3740271561487],[-118.521262494488,34.3742502393255],[-118.521563227494,34.3743787837235],[-118.521909570008,34.3745254962863],[-118.521991882815,34.3745603641243],[-118.522352404711,34.3747106304459],[-118.523008062406,34.3749793778473],[-118.523026902108,34.3749869930082],[-118.523204714197,34.3750676185007],[-118.523225145032,34.3750768504361],[-118.523233889263,34.3750876050225],[-118.523300960711,34.3751750226703],[-118.523409260352,34.3752228758364],[-118.523695260208,34.3753428751886],[-118.523812468292,34.3753920571475],[-118.523950261442,34.3754498760263],[-118.524043567511,34.3754885229001],[-118.524119260074,34.3755198757693],[-118.524343907449,34.3756124705893],[-118.524306372181,34.3755611243836],[-118.524899691945,34.3758262680912],[-118.525220359612,34.3759619438808],[-118.525242856742,34.3759709943315],[-118.52539646368,34.3760329559509],[-118.525469552739,34.3760621790092],[-118.52553599977,34.3760869763112],[-118.525660612829,34.3761403508063],[-118.525723782723,34.376172721623],[-118.525806944212,34.3762207817376],[-118.525888481303,34.3762746953247],[-118.525975047087,34.376338211874],[-118.526031682334,34.3763843485392],[-118.526080031279,34.3764308520016],[-118.526330239943,34.3766908166091],[-118.526330415351,34.376690699549],[-118.526430892167,34.3766237422997],[-118.526462286924,34.3766095094984],[-118.526487097094,34.3766022056673],[-118.52657653168,34.3765945895937],[-118.526654412633,34.3765942512873],[-118.526727383239,34.3766028631117],[-118.526790455034,34.3766190764125],[-118.526901808007,34.376670802445],[-118.526953368641,34.3767011648657],[-118.527076394983,34.3767652046106],[-118.527202725763,34.3768261267625],[-118.527330680253,34.3768836339017],[-118.527783377261,34.3770669582248],[-118.527824109955,34.3770834539581],[-118.527880596529,34.3771065623904],[-118.528096602,34.377199054487],[-118.528217897703,34.3772510641647],[-118.528581823138,34.3774119633233],[-118.528977301527,34.3775829994693],[-118.529038696765,34.3776098363502],[-118.529049090737,34.3775925490503],[-118.529350308453,34.3770857229719],[-118.529710950535,34.3765055288367],[-118.529811239752,34.3763441829096],[-118.529845522162,34.3762629684483],[-118.52987135776,34.3761563755946],[-118.529887057831,34.3760192558297],[-118.529889014355,34.3759864889363],[-118.529891549569,34.3759440117353],[-118.529893040121,34.3756571930264],[-118.529890076082,34.3754514575196],[-118.529886886455,34.3753922006425],[-118.52988443788,34.3753467178542],[-118.5298736736,34.3752172704606],[-118.529879850714,34.3751464852241],[-118.529889574409,34.3751120940635],[-118.529907610445,34.3750817884072],[-118.529932281072,34.3750528276926],[-118.529956986611,34.3750290182175],[-118.530022980873,34.374983733861],[-118.530156662217,34.3748986507168],[-118.530351270024,34.3747535351304],[-118.530366611852,34.3747402036591],[-118.530484753908,34.374637539591],[-118.530677441724,34.3744578019338],[-118.530692308144,34.3744439342826],[-118.530740535997,34.3744005015339],[-118.530753642162,34.3743886988951],[-118.530802779147,34.3743444462476],[-118.530835649908,34.3743148436061],[-118.530851610101,34.3743009765549],[-118.530871180794,34.3742839725603],[-118.530873786764,34.3742817091023],[-118.530992203396,34.3741788233536],[-118.531147135514,34.3740486501739],[-118.531180297888,34.3740227019033],[-118.531283985891,34.3739415696431],[-118.531414268173,34.3738434484004],[-118.53143015046,34.3738322276325],[-118.531542936993,34.3737525473101],[-118.531558152181,34.3737420921528],[-118.531565759222,34.3737368632235],[-118.531909192808,34.3735008807544],[-118.532008161036,34.3734300317045],[-118.532054918577,34.3733768718542],[-118.532519971774,34.3730650103096],[-118.532587243919,34.373034189542],[-118.532666591955,34.3730049934417],[-118.532833619778,34.3729520575457],[-118.532972453745,34.3728971754412],[-118.533031319748,34.3728697415052],[-118.533069932406,34.3728517392604],[-118.533185643203,34.3728079510638],[-118.533273188813,34.3727646382589],[-118.533317755355,34.3727372986395],[-118.533358979464,34.3727062034695],[-118.533416617055,34.3726503023172],[-118.533464299638,34.3725923885329],[-118.533661484503,34.3723335729459],[-118.533693462855,34.3722890078847],[-118.533725532786,34.3722443170976],[-118.533746906067,34.372217785336],[-118.533773255637,34.3721922513009],[-118.533799607416,34.3721674042235],[-118.533844111876,34.3721311277157],[-118.533934857008,34.3720692610698],[-118.533979424225,34.3720436458465],[-118.534346659939,34.3718791284072],[-118.534741854195,34.3716908697792],[-118.534752638941,34.371690558054],[-118.534843585677,34.3716613039428],[-118.534944496049,34.3716354406629],[-118.535048776483,34.3716184930795],[-118.535172994166,34.3716093584866],[-118.535248697412,34.3724672849195],[-118.535278430309,34.3728042286122],[-118.535356277825,34.3736075022324],[-118.535358259755,34.373627953027],[-118.535485830074,34.3736204693675],[-118.535921475971,34.3735965610905],[-118.536160023801,34.3735865756249],[-118.536496343364,34.3735775309815],[-118.536675297278,34.3735767388785],[-118.536711766336,34.3735789818304],[-118.536779702545,34.3735786810349],[-118.536885691775,34.3735692801225],[-118.537279784085,34.3735256296554],[-118.537604365975,34.3734953377786],[-118.537621798324,34.3734943057391],[-118.537899205126,34.373477886018],[-118.538474051277,34.3734557552383],[-118.538788793822,34.3734413042836],[-118.539052163286,34.3734260495983],[-118.539572221798,34.3733876698511],[-118.539901786692,34.3733597612574],[-118.539931381173,34.3738350178827],[-118.539958875102,34.3742422689557],[-118.539990970052,34.3746438721076],[-118.540010911546,34.3748568803144],[-118.540021809655,34.3749793871292],[-118.540023423063,34.3749976541599],[-118.540056995604,34.3753256588848],[-118.540097307707,34.375658882337],[-118.540132510601,34.3759774767064],[-118.540143992435,34.3760948745813],[-118.540168003117,34.3763403795627],[-118.540230485647,34.3770318924738],[-118.540302567217,34.3779263514915],[-118.540323631215,34.3781083118904],[-118.540354891336,34.3783279977573],[-118.540392905169,34.3785696501836],[-118.54044253195,34.3788126058425],[-118.540481689599,34.3789731893721],[-118.540527392138,34.3791206821976],[-118.540571359742,34.3792554863546],[-118.540667459861,34.3795099249583],[-118.540780217107,34.3797759587188],[-118.540717275018,34.3797800286319],[-118.540318758967,34.3798031033546],[-118.539978457153,34.3798228062829],[-118.539828633079,34.379831083397],[-118.539335716192,34.3798583156777],[-118.539294562695,34.3798603667385],[-118.538945847745,34.3798777637928],[-118.538547164468,34.3798976509955],[-118.538517364891,34.3798991392815],[-118.538270504675,34.3799114660378],[-118.538128599456,34.3799193822378],[-118.538096567247,34.3799211697245],[-118.537781819012,34.3799390536599],[-118.537679650722,34.3799456372875],[-118.536945305173,34.3799929095476],[-118.536726668666,34.380009681665],[-118.536259574164,34.3800450803715],[-118.535578742832,34.3800858707762],[-118.534882909741,34.380112984078],[-118.534538307713,34.3801265124458],[-118.534173865624,34.3801477173132],[-118.53378463028,34.3801782827481],[-118.533412009678,34.3802159726254],[-118.533080829962,34.3802555707179],[-118.533041087713,34.3802591785217],[-118.533370481584,34.3807190241619],[-118.533447398518,34.3808255217881],[-118.53366472073,34.3811203081963],[-118.533908731375,34.3814421049149],[-118.534394986707,34.3820671762317],[-118.534585425547,34.38230608848],[-118.534663911114,34.382398818225],[-118.534737394653,34.3824874589614],[-118.534857706339,34.3826401340771],[-118.535155091771,34.3830142444633],[-118.535413929066,34.3833212055084],[-118.535475701546,34.3833930756915],[-118.535659349758,34.3836031669912],[-118.535769570186,34.3837336799725],[-118.535889003012,34.3838750923174],[-118.535893151589,34.3838800054016],[-118.537609960209,34.3859219927822],[-118.537890570353,34.3862618411607],[-118.536882968724,34.3867798113029],[-118.536503044571,34.3869748840416],[-118.535875403255,34.3873056820463],[-118.536174535759,34.3876904429141],[-118.538190975414,34.3903044720655],[-118.539017451919,34.3913758170084],[-118.540127263763,34.3928223512148],[-118.540309365064,34.3930494950142],[-118.539672991783,34.3933460802287],[-118.53951844892,34.3931469976859],[-118.539389292941,34.3932159982124],[-118.539253998157,34.3932882849653],[-118.538926054483,34.3934643963492],[-118.539233599008,34.3939285595501],[-118.539293021597,34.3940182445465],[-118.539293917774,34.394019593771],[-118.539333485207,34.3940792394173],[-118.539333955527,34.3942412889871],[-118.53933563133,34.3948187588162],[-118.539335745929,34.3948586423969],[-118.539336138589,34.394996091106],[-118.539336258921,34.3950299713119],[-118.539367193974,34.3952121339354],[-118.539348063213,34.395215434819],[-118.539331852682,34.3952182476],[-118.539315626838,34.3952210469238],[-118.539299399992,34.395223859773],[-118.539283173057,34.3952266590972],[-118.539266962604,34.3952294844907],[-118.539250735761,34.3952322982349],[-118.539234508818,34.3952350966512],[-118.539218281972,34.395237910391],[-118.539202055026,34.3952407088029],[-118.539185828179,34.3952435225384],[-118.539169617544,34.3952463208735],[-118.539153390601,34.3952491201804],[-118.539137163651,34.3952519185836],[-118.539120935618,34.395254717891],[-118.539104709666,34.3952575027624],[-118.539088481631,34.3952603020655],[-118.539072255764,34.3952631004552],[-118.539056027727,34.3952658997539],[-118.539039800683,34.3952686846214],[-118.539023574819,34.3952714839061],[-118.539007346772,34.3952742822968],[-118.538996205068,34.3952762043191],[-118.538991120906,34.3952770815772],[-118.538974892857,34.3952798799636],[-118.538958708274,34.3952826727453],[-118.538952921983,34.3952427602826],[-118.53894070956,34.3951585071354],[-118.538930801127,34.3951012340237],[-118.538909066296,34.3950094601833],[-118.538896484689,34.3949661484631],[-118.538844002066,34.3947949684628],[-118.538822025085,34.3947287894755],[-118.538774808281,34.3946042965887],[-118.53871269725,34.3944822940937],[-118.538620560308,34.3943312394194],[-118.538530197433,34.3941980101413],[-118.538454915734,34.3940901543595],[-118.538299523667,34.3938960793943],[-118.538242765318,34.3938236835264],[-118.538175280276,34.3937376075051],[-118.538013742487,34.3935315419359],[-118.537667591355,34.3930570069684],[-118.537624746135,34.3929999762562],[-118.537413482742,34.3927187716025],[-118.537109254422,34.3923320223257],[-118.537040826243,34.3922450320872],[-118.536745097556,34.391876748347],[-118.536589984497,34.3916794785195],[-118.536461010427,34.3915149260045],[-118.536061531627,34.3909922034403],[-118.534420120687,34.3888299817277],[-118.534002343949,34.3882932356975],[-118.533146745923,34.3871916624986],[-118.532954569237,34.3869434643972],[-118.532782431217,34.3867185665717],[-118.532135859658,34.3858758641426],[-118.532113953375,34.3858473120745],[-118.53176800701,34.3853944117242],[-118.531315990717,34.3848017029708],[-118.531251591688,34.3847172585091],[-118.530623222354,34.3838939063884],[-118.53031578099,34.3834985355094],[-118.530247314383,34.3834177739676],[-118.530180492995,34.3833335667223],[-118.530041728433,34.3831425098168],[-118.52997140524,34.3830297975722],[-118.529877581662,34.3828694541984],[-118.529852417423,34.3828211461086],[-118.529709936913,34.3826715343997],[-118.529497063126,34.3827877801625],[-118.529447504604,34.3828148417247],[-118.529333426591,34.3828771358471],[-118.529312612737,34.3828501255477],[-118.528812224645,34.3822007550059],[-118.528720384402,34.3820815483432],[-118.528634800792,34.3819704885871],[-118.528633532231,34.3819688424984],[-118.528632897458,34.3819680275701],[-118.528632530182,34.3819675549619],[-118.528615587434,34.3819457827366],[-118.528528606341,34.3818325932527],[-118.528382418792,34.3816423601748],[-118.528352514179,34.3816039082284],[-118.528352555367,34.3816038873135],[-118.528282365812,34.3815132341785],[-118.528282103534,34.3815133714537],[-118.528248973401,34.3815312941635],[-118.52811944479,34.3815987968501],[-118.52810915544,34.3816042184504],[-118.528057761731,34.3816312919489],[-118.527995998415,34.3816638279348],[-118.527654031273,34.3813912235625],[-118.526781687247,34.380695805791],[-118.526721338632,34.3806612153896],[-118.526697562836,34.3806475882405],[-118.526167586545,34.3803461645432],[-118.526096971436,34.3803064065908],[-118.526026349158,34.3802653296766],[-118.526019703355,34.3802626106201],[-118.525797035656,34.3801351775098],[-118.525365852347,34.3800414304233],[-118.52511294008,34.380174775613],[-118.525112648234,34.3801747074586],[-118.524759364016,34.3800994710691],[-118.524597652759,34.3800650325228],[-118.524548888326,34.3800546477305],[-118.524580766212,34.380096182546],[-118.524777463421,34.3803524637756],[-118.523400662879,34.3810868283786],[-118.523585557232,34.381300860463],[-118.523088959056,34.3812260631362],[-118.522353378006,34.3810582604515],[-118.52083451949,34.3792921412793],[-118.520694201327,34.3791289758509],[-118.518535868143,34.3766189669625],[-118.518526253031,34.3766347156023],[-118.518517785128,34.3766482054871],[-118.518343269992,34.376926332787],[-118.518277460493,34.3770305651969],[-118.518214224102,34.3771307035009],[-118.518070931205,34.3773576238453],[-118.51795881984,34.37753513899],[-118.517869326421,34.3776768835174],[-118.517792459459,34.3777985878327],[-118.517715624814,34.3779202793379],[-118.517626647183,34.3780611686215],[-118.517577455546,34.3781390651514],[-118.517528215241,34.3782170186654],[-118.517474001406,34.3783028683299],[-118.517328293643,34.3785336133858],[-118.517208430848,34.378723428128],[-118.517033133715,34.379001000562],[-118.517011012256,34.3790360169099],[-118.51700599327,34.379043946612],[-118.517004864805,34.3790457337666],[-118.516922761455,34.3791757882571],[-118.516317585597,34.3789155198568],[-118.516309331221,34.3789119695907],[-118.516254730924,34.3788884889329],[-118.516132861992,34.3788364931925],[-118.516086431724,34.3788159230038],[-118.51605333498,34.3788017303244],[-118.51599440705,34.3787764766134],[-118.515993591458,34.3787761131584],[-118.515992918774,34.3787758248245],[-118.515989895518,34.3787745295591],[-118.515985692611,34.3787727281419],[-118.515984001635,34.3787720032893],[-118.515710288716,34.3786547030245],[-118.515695923651,34.3786485471187],[-118.515646418914,34.3786273308153],[-118.515595048179,34.3786053912796],[-118.515556723204,34.3785890236502],[-118.515551849859,34.3785869419858],[-118.515551832624,34.3785869682037],[-118.514761629813,34.3782497336621],[-118.514667937121,34.3782097271852],[-118.514598157508,34.3781799417537],[-118.514231044571,34.3780231946814],[-118.51420401701,34.3780116578334],[-118.514174169144,34.3779989293866],[-118.51414396795,34.3779860329417],[-118.514121157342,34.3779762920874],[-118.513999138285,34.3779243795923],[-118.513986865368,34.377971090763],[-118.513978122784,34.3780043594474],[-118.513978023094,34.3780047682671],[-118.513972074653,34.3780274049787],[-118.513920411474,34.3782239917506],[-118.513436409133,34.3781278279851],[-118.513321229137,34.3781046007537],[-118.513316284447,34.3781036327022],[-118.513231933175,34.3780871508857],[-118.513238259213,34.3780558758721],[-118.513253259649,34.3780128765868],[-118.513249259063,34.3779748765382],[-118.513212259002,34.3779448758036],[-118.513134259585,34.3779148764054],[-118.512901259078,34.3778798765655],[-118.512327258712,34.3777598764811],[-118.51175825942,34.377665876389],[-118.511633544376,34.3776399615552],[-118.511604258655,34.3776338762482],[-118.511070258896,34.3775268765014],[-118.510348258292,34.3773858765007],[-118.510271258262,34.3773648765282],[-118.510016258702,34.3772938760588],[-118.509655259057,34.3771578762326],[-118.509408258632,34.3770298762442],[-118.509354258753,34.3769948764178],[-118.509188258994,34.3768848765341],[-118.509005258458,34.3767298762864],[-118.508861258319,34.3765838762081],[-118.508810585776,34.376524054538],[-118.508717257892,34.3764138761028],[-118.508479717224,34.3761122360744],[-118.508465258025,34.376093876484],[-118.508276257996,34.3758558758157],[-118.507931258712,34.3754258760814],[-118.507780257988,34.3752628757973],[-118.507693491162,34.3752199301853],[-118.507647697876,34.3751781255819],[-118.507593051653,34.3751300517671],[-118.507541391836,34.3750865398315],[-118.507492780329,34.3750481160184],[-118.507465825854,34.3750277332751],[-118.507429068468,34.3750007796745],[-118.507410820594,34.3749869110548],[-118.50739082643,34.374973386015],[-118.507343271096,34.3749408997626],[-118.507300609811,34.3749136030032],[-118.507281172722,34.3749008482328],[-118.507214748264,34.3748606570024],[-118.50714683607,34.3748221920951],[-118.507077533165,34.3747854954749],[-118.507040958671,34.3747671191317],[-118.50700403273,34.3747492355858],[-118.506932053783,34.3747162409735],[-118.506858889115,34.3746851111502],[-118.506784588908,34.3746558738516],[-118.506709221912,34.3746285711607],[-118.506550656124,34.374575913232],[-118.504706873034,34.3739258220121],[-118.504352964564,34.3738010353606],[-118.503658536298,34.3735554025687],[-118.50345816489,34.373484530118],[-118.503253117734,34.3734074083512],[-118.503046987304,34.3733251231157],[-118.502846389391,34.3732403173208],[-118.502648171132,34.3731517707624],[-118.502452423028,34.3730595227448],[-118.502256158971,34.372962053938],[-118.50206631601,34.3728628236616],[-118.501612039942,34.3726193613684],[-118.500509243404,34.3720283227233],[-118.500400711195,34.3719620109601],[-118.500302912077,34.372083075619],[-118.500034717142,34.3724151107678],[-118.500023467812,34.3724291769919],[-118.49988194642,34.3726064810959],[-118.49973236324,34.3718433514943],[-118.499719078937,34.3718621925128],[-118.499667164544,34.3719358746703],[-118.499548484793,34.3721014282491],[-118.499422909153,34.3722684408597],[-118.499332133813,34.3723861734548],[-118.499207870624,34.3725417308941],[-118.499123904427,34.3726436917255],[-118.499023917317,34.3727604117193],[-118.498917637649,34.3728834547716],[-118.498757596386,34.373060150399],[-118.498602099663,34.3732270950138],[-118.498480532757,34.373353062934],[-118.498439925931,34.3733937801896],[-118.498269466637,34.3735605001017],[-118.498090406762,34.3737324064971],[-118.49786322016,34.3739384775366],[-118.497165364966,34.3745457822691],[-118.49679386818,34.3748669392558],[-118.496092239292,34.3754809326787],[-118.495652613742,34.3758605663834],[-118.494536401723,34.3768320396556],[-118.493588423749,34.3776581821495],[-118.49348199053,34.3775757172287],[-118.493282216681,34.3774202288332],[-118.492719529794,34.3769828550757],[-118.492533084684,34.3768383361862],[-118.491431237559,34.3759824701769],[-118.491354548032,34.3759199600703],[-118.491314629662,34.3758840423121],[-118.491041813022,34.3756760080163],[-118.490981260627,34.3756367109184],[-118.490943552485,34.37561490848],[-118.490906744185,34.3755893339582],[-118.490863233053,34.3755667850801],[-118.490747024145,34.3754910323388],[-118.49066753558,34.3754432660615],[-118.490557598508,34.3753857817598],[-118.490409744128,34.3753161465636],[-118.490016424644,34.3751697360686],[-118.489921694523,34.375139284541],[-118.489895370785,34.3751322471343],[-118.489722169133,34.375086124663],[-118.489614050788,34.3750613363465],[-118.489500085811,34.3750405770738],[-118.489304114176,34.375016667879],[-118.489209861647,34.3750054517832],[-118.489056982359,34.3749824916025],[-118.489022229118,34.374979387163],[-118.489000709608,34.3749776050802],[-118.488873268716,34.3749690559111],[-118.488762232381,34.3749672452775],[-118.488602864501,34.3749793796012],[-118.488421154294,34.3749905263949],[-118.488261909074,34.3749963309811],[-118.484785631983,34.375593442636],[-118.48460057579,34.3756252287618],[-118.484186501106,34.3756963512335],[-118.483909709072,34.3757369716987],[-118.483823332421,34.3757468240682],[-118.483535681949,34.3757491824884],[-118.483299696149,34.3757395178179],[-118.483220301629,34.3757309009732],[-118.482951896735,34.3756812969124],[-118.482915590806,34.375672571314],[-118.482876856535,34.3756620910684],[-118.482832418612,34.3756456707582],[-118.482757626989,34.3756134303235],[-118.482512972356,34.3754919890682],[-118.482431696056,34.3754490035752],[-118.482346876014,34.3753950721371],[-118.482253650957,34.3753219343648],[-118.482128769713,34.3752173244359],[-118.482065471333,34.3751602275566],[-118.48188492997,34.3749793919269],[-118.481516092495,34.3746099505653],[-118.48109879158,34.3741920011768],[-118.481012015406,34.374087568839],[-118.480973697547,34.3740516683893],[-118.480927082598,34.3740140716947],[-118.480835575385,34.3739498593577],[-118.480537865861,34.3737583289828],[-118.480479672157,34.3737242128717],[-118.480384937527,34.3736754815671],[-118.480280316321,34.3736346760077],[-118.480150838582,34.3735953463606],[-118.48003631064,34.3735617822115],[-118.479895246339,34.3735242219116],[-118.47976582228,34.3734941558405],[-118.479570080776,34.3734571442077],[-118.479458979897,34.3734431527589],[-118.479328028302,34.3734344172286],[-118.479155673361,34.3734302870875],[-118.479064536059,34.373430647278],[-118.478910491267,34.3734401883665],[-118.47879953343,34.3734512620941],[-118.47868859653,34.3734657966394],[-118.478633964089,34.3734749402785],[-118.47857604463,34.3734882241075],[-118.478458577457,34.3735192444909],[-118.478332860213,34.3735575222334],[-118.478116201355,34.3736288077248],[-118.478026921061,34.3736635047769],[-118.477987252537,34.3736815224501],[-118.477856750922,34.3737507376851],[-118.477704795453,34.373837534357],[-118.477585907621,34.3739101356853],[-118.477452189152,34.3739975787154],[-118.477335026507,34.3740825375846],[-118.477298737833,34.3741115332651],[-118.477280615566,34.3741240007524],[-118.477158271012,34.3742077149934],[-118.47696532123,34.3743274555793],[-118.47674110049,34.3744797435235],[-118.476455161356,34.3746490963156],[-118.47624164419,34.3747610091886],[-118.476040192941,34.3748503908667],[-118.475891522062,34.3749085160866],[-118.475684268127,34.3749794005717],[-118.472195316288,34.3761745777227],[-118.472038054148,34.3762490774227],[-118.471854583625,34.3763486641233],[-118.471779083451,34.3763957513343],[-118.471673172463,34.3764723388111],[-118.471480187965,34.3766245801585],[-118.471283941975,34.3767926071637],[-118.470411968237,34.3776131594155],[-118.470339395055,34.3776725168997],[-118.470238855146,34.3777453183529],[-118.4700026054,34.3778960500703],[-118.469918367867,34.3779448197947],[-118.469852281866,34.3779794271918],[-118.469812606244,34.3779974394942],[-118.46970017208,34.3780414869963],[-118.469624095425,34.378068573589],[-118.46944389456,34.3781431289988],[-118.469018862547,34.3782938530881],[-118.468727794302,34.3783971427408],[-118.467889333237,34.3786939408588],[-118.467773377634,34.3787322240098],[-118.467523558599,34.3788340074029],[-118.467451499675,34.3788739411583],[-118.467414578775,34.3788978245766],[-118.46727118422,34.3789828206724],[-118.467193268697,34.3790247205588],[-118.46710093468,34.3790846507851],[-118.467056374347,34.3791173598194],[-118.466954410831,34.3792025799724],[-118.466746489772,34.3793657266369],[-118.466679065911,34.3794232211464],[-118.46656674945,34.3795302998092],[-118.466391665916,34.3797096958916],[-118.466253296661,34.3798339081126],[-118.466101825785,34.3799809550772],[-118.466024289424,34.3800444571682],[-118.465931888167,34.3801148842433],[-118.465855930174,34.3801639483626],[-118.465824574407,34.3801874258523],[-118.465682555604,34.3802762616191],[-118.465628044438,34.38030738107],[-118.465520632621,34.380362070558],[-118.465456168384,34.3803908138333],[-118.465380098622,34.3804199577303],[-118.465308978003,34.3804439429252],[-118.465241141932,34.3804637711107],[-118.465161707127,34.3804822941603],[-118.464933228289,34.3805209530614],[-118.464815661321,34.3805375350538],[-118.464628481477,34.3805509750259],[-118.464585694461,34.3805511939883],[-118.464506199613,34.380548060129],[-118.464444152817,34.3805423927739],[-118.464391278046,34.3805337990272],[-118.464204387567,34.3805113515778],[-118.464104403842,34.3804952218215],[-118.464031765441,34.3804794795617],[-118.46395180825,34.3804581270573],[-118.463820804117,34.3804185685426],[-118.460074045895,34.3792575460983],[-118.46002956044,34.3792428738158],[-118.459720581685,34.3791613884873],[-118.459310433069,34.3790582774017],[-118.459151185698,34.379022800235],[-118.459038905809,34.3789999811073],[-118.458759820995,34.3789470661269],[-118.458456616654,34.3788958933313],[-118.458355857536,34.3788770093864],[-118.458227061877,34.3788529348041],[-118.458096453223,34.3788357014822],[-118.457870648274,34.3788110022522],[-118.457822641133,34.3788079389233],[-118.456604005526,34.3786959408871],[-118.454898035098,34.378539514977],[-118.454846793474,34.3785322875932],[-118.454729337298,34.3785203933897],[-118.454498518837,34.378499382253],[-118.454220385062,34.3784808613011],[-118.454019287485,34.3784650686793],[-118.453817263816,34.3784551130311],[-118.453585195763,34.3784543605478],[-118.453460823218,34.3784564467719],[-118.453356316205,34.3784608746995],[-118.453261833479,34.3784613109221],[-118.453064724911,34.3784527889201],[-118.451349086109,34.378577919676],[-118.451226104804,34.3785923945471],[-118.451125019243,34.3785913697506],[-118.450985708381,34.3785956555775],[-118.450853150941,34.378592487473],[-118.449139190307,34.3785124037374],[-118.448476126121,34.3784814456622],[-118.448476070417,34.3784684673574],[-118.448475721968,34.3783851252586],[-118.448474894018,34.3782005532691],[-118.448474829885,34.3781455958772],[-118.448471149015,34.3770566325141],[-118.448465198268,34.375296263941],[-118.448464537908,34.3750256279667],[-118.448463382699,34.3745708839261],[-118.448564306735,34.3707734791204],[-118.448664360792,34.3669773370634],[-118.448664393297,34.3669761045427],[-118.448667566943,34.3668731184048],[-118.448822071078,34.3618584553729],[-118.448892418934,34.359574975672],[-118.448898513324,34.3593771595467],[-118.448976338031,34.3561547020984],[-118.448985889312,34.3557591841225],[-118.449082057493,34.3517768643321],[-118.457752189446,34.3517341248309],[-118.466517565681,34.3516906716247],[-118.475853579685,34.3516445949815],[-118.485067861838,34.3515979221708],[-118.485388433469,34.3516005973554],[-118.4886568076,34.3516278342888],[-118.490585708038,34.3516446004583],[-118.49224563138,34.3516590055628],[-118.493113606236,34.351645528609],[-118.493811169483,34.3516353228113],[-118.494146437686,34.3516304402901],[-118.494822061485,34.3516196329549],[-118.495173426809,34.3516139921914],[-118.496189553748,34.3515990989536],[-118.497334295905,34.3515823099581],[-118.49889051797,34.3515582419],[-118.50002690108,34.3515416079254],[-118.500572727276,34.3515326229283],[-118.501533085211,34.3515381601776],[-118.501669331143,34.3515389422813],[-118.501726221143,34.3515392567186],[-118.501841556926,34.3515399331635],[-118.504463396274,34.3515546863149],[-118.504662708664,34.3515602754908],[-118.504543741297,34.3512153153361],[-118.504455875572,34.3509532952578],[-118.504303614037,34.3505054869875],[-118.50415090699,34.3499837361109],[-118.50408924459,34.3497740835661],[-118.503970199917,34.3491114576141],[-118.503944972234,34.3487442212381],[-118.503893567139,34.347852322868],[-118.503950282172,34.347243828225],[-118.50398550596,34.3468858823289],[-118.504027503016,34.3466972669643],[-118.504108838031,34.3463558266478],[-118.5042378205,34.3458090498975],[-118.504331190235,34.3455558164612],[-118.504529158456,34.3450039813093]]]},"properties":{"OBJECTID":3398,"DISTRICT_NAME":"NEWHALL ELEMENTARY","LABEL":"NEWHALL ELEMENTARY TA4","TRUSTEE_AREA":"4","DISTRICT_TYPE":"Elementary School District","Shape__Area":192009982.6796875,"Shape__Length":100867.45834283718}},{"type":"Feature","id":3399,"geometry":{"type":"Polygon","coordinates":[[[-118.519799690516,34.3402260737656],[-118.520008363687,34.3402957177096],[-118.520143254007,34.3403376761722],[-118.520381770078,34.3404115872866],[-118.520683772202,34.340498580583],[-118.520909415278,34.3405590778601],[-118.521115125036,34.3406100770643],[-118.521493278884,34.3406895104883],[-118.521667384587,34.3407196722223],[-118.521829878927,34.3407460963369],[-118.522297366235,34.3408090157711],[-118.52288754115,34.3408892347415],[-118.525296336258,34.3412178538881],[-118.525860624777,34.3413367006633],[-118.526211874971,34.3414106853527],[-118.527436722885,34.3417945510563],[-118.52780038857,34.3419389343359],[-118.528563049607,34.3423127562826],[-118.529008400097,34.3425395789543],[-118.529357466591,34.342731097976],[-118.529483863246,34.3428119603252],[-118.529710229288,34.3429837315265],[-118.530196159784,34.3433385066742],[-118.530485824316,34.343564629251],[-118.530630682886,34.3436828406696],[-118.530757265842,34.3437922049028],[-118.530870554143,34.3438943977889],[-118.531070572528,34.344089994215],[-118.531319128749,34.344363365312],[-118.531392571884,34.3444509750808],[-118.531469314812,34.344537527251],[-118.531783020203,34.3448968161093],[-118.531978200996,34.3451123536273],[-118.532148327169,34.3452950324052],[-118.532286666313,34.3454280530541],[-118.532501564435,34.3456180868874],[-118.532693112269,34.3457834937165],[-118.533044478608,34.3460721818003],[-118.533176011316,34.3461763811679],[-118.53330750924,34.3462767904687],[-118.533432322218,34.3463662302536],[-118.533550459124,34.3464484761575],[-118.533771703834,34.3465935001309],[-118.533874812481,34.3466579496808],[-118.53417576702,34.3468335382887],[-118.535584701146,34.3474909359856],[-118.541443378125,34.3497240078892],[-118.541691095183,34.3498197354653],[-118.542952991705,34.3503073642117],[-118.54329220163,34.3504382669411],[-118.543985975765,34.3507059931908],[-118.546118430594,34.3515314320067],[-118.546136050331,34.3515404726011],[-118.546417621151,34.3516849826799],[-118.546628752221,34.3517977384015],[-118.546861516143,34.3519265310328],[-118.547122600852,34.3520785470972],[-118.547293913407,34.3521825237009],[-118.547450285812,34.3522810978989],[-118.547726529964,34.3524708259901],[-118.547833032332,34.3525482396035],[-118.547851373505,34.3525619638027],[-118.548077837999,34.3527395541752],[-118.548291020171,34.3529117048145],[-118.551817332256,34.3561792013455],[-118.55169405733,34.3561780739539],[-118.551901065895,34.3564098031232],[-118.552743044274,34.3571645024572],[-118.553137253824,34.3576230734837],[-118.553303163155,34.3578322257164],[-118.55350615782,34.3580817588047],[-118.55385233571,34.3586693545999],[-118.554458115337,34.3602313634182],[-118.554546078188,34.360482852581],[-118.554748460698,34.3610711036313],[-118.555147240859,34.3623192631899],[-118.555393557074,34.3629670336353],[-118.555795798751,34.3640199842642],[-118.556418343389,34.365238227105],[-118.55716882227,34.3662277464575],[-118.557999382389,34.3673173621553],[-118.558722017493,34.3682672124124],[-118.559234329288,34.3689941896958],[-118.559553200485,34.3694435465531],[-118.559877349623,34.3699071892673],[-118.560264195489,34.3704538383713],[-118.56039141276,34.3706350118746],[-118.56052605205,34.370826835994],[-118.560538676196,34.3708454332139],[-118.561444438832,34.3722648744267],[-118.561499616883,34.3723513840939],[-118.561900840808,34.3729792524875],[-118.562238948698,34.3735038901263],[-118.562494875595,34.373914172628],[-118.562615572348,34.3741080172828],[-118.562960202505,34.3746600529466],[-118.563117263691,34.3749133606753],[-118.563236539905,34.3751095967923],[-118.563369299671,34.3753160125432],[-118.563605234009,34.3756878212942],[-118.563853847454,34.3760780981914],[-118.56410421771,34.3764728037931],[-118.564259476805,34.3767139539409],[-118.564547342705,34.3771645861153],[-118.56488845179,34.3777025596697],[-118.565247857682,34.3782652059888],[-118.565491963559,34.3786400021692],[-118.565337986489,34.3786094169795],[-118.565279936431,34.378602133651],[-118.565224238632,34.3785948943219],[-118.565165494416,34.3785872247092],[-118.565025943042,34.3785652311768],[-118.564847319717,34.3785430634238],[-118.564593217664,34.3785043502563],[-118.564483720339,34.3784856221561],[-118.563919639497,34.3783886387201],[-118.56368573651,34.3783519402044],[-118.563543093462,34.378332352935],[-118.563242916193,34.3782976691369],[-118.563015761619,34.3782787993097],[-118.562931227776,34.3782757596937],[-118.562747286791,34.3782752388089],[-118.56252528113,34.3782828070974],[-118.562177447546,34.3783064001217],[-118.562046631575,34.3783210824236],[-118.561902601885,34.3783420293326],[-118.561753622485,34.3783657171515],[-118.561606320458,34.3783935513176],[-118.561467319497,34.3784230453632],[-118.561176117029,34.3784896562047],[-118.561146324558,34.3784956234705],[-118.561065235229,34.3785117919704],[-118.560936133118,34.378533686483],[-118.560765629259,34.3785616269748],[-118.560479222808,34.3786027995142],[-118.560353381597,34.3786174479709],[-118.560109924043,34.3786388522682],[-118.559593083545,34.3786659700758],[-118.55954246841,34.3786690796103],[-118.559145842521,34.3786934516718],[-118.55835077199,34.3787465745511],[-118.558361640669,34.3788846071906],[-118.558362282643,34.3789804263023],[-118.558359595699,34.3790742223615],[-118.558351996054,34.3791766219112],[-118.558328374971,34.3794382144901],[-118.558302632154,34.3797233236052],[-118.558280726086,34.3799168221069],[-118.558268031985,34.3800013756661],[-118.558264819947,34.3800161567929],[-118.558200829395,34.3803589098046],[-118.558144592557,34.3806222860854],[-118.55809295407,34.3808299908624],[-118.558024753241,34.3810391439921],[-118.557938262797,34.381239782355],[-118.557895793577,34.3813317005404],[-118.55781731339,34.3814910817082],[-118.557773130279,34.3815740797765],[-118.557732277902,34.3816611591065],[-118.557726322559,34.3816727433523],[-118.55769138587,34.3817407008229],[-118.557653698306,34.3818054524359],[-118.557560148788,34.381941217466],[-118.557501008474,34.3820187604766],[-118.557371142781,34.3821766773157],[-118.557303694452,34.3822504935879],[-118.557101210604,34.3824533918118],[-118.556831164053,34.3827126055147],[-118.556724111691,34.3828123549493],[-118.556623610106,34.3829011033658],[-118.556532935172,34.3829719281403],[-118.557031515168,34.3834302553701],[-118.557141655205,34.3835461922673],[-118.55719681102,34.3836142917969],[-118.557277101146,34.383725904929],[-118.557339117781,34.3838314066249],[-118.557355989011,34.3838749582204],[-118.557384847081,34.3839778725388],[-118.557392562551,34.3840094405714],[-118.557417275831,34.3841106249481],[-118.55742755586,34.3841825665969],[-118.557432987548,34.3842479159331],[-118.557433552636,34.3843073591135],[-118.557420709047,34.3844195391508],[-118.557388541975,34.3845909328524],[-118.557373031349,34.3846879116478],[-118.557315582898,34.3850182630617],[-118.557275527117,34.3852259249969],[-118.55723104947,34.3854908135861],[-118.557219616961,34.3855720985291],[-118.557218353454,34.3855974845025],[-118.557210926128,34.3857253029789],[-118.55721478998,34.3858087543426],[-118.557223918233,34.3859327066552],[-118.557249825925,34.3860916247244],[-118.557327955541,34.3863739616391],[-118.557383662344,34.3865268980102],[-118.557412286098,34.3865923643023],[-118.557634882894,34.3870279324128],[-118.557603277463,34.3870398951596],[-118.55756236468,34.3870551498506],[-118.557507618156,34.3870755951982],[-118.557279268174,34.3871608749833],[-118.557264996588,34.3871711694553],[-118.557095593191,34.3872935044267],[-118.556892511099,34.3874836463392],[-118.556729778574,34.387590090255],[-118.55656163258,34.3876640285203],[-118.556500267715,34.3876788745718],[-118.556303481144,34.3877278207046],[-118.555856266548,34.3878188745365],[-118.555851445773,34.3878201795289],[-118.555723268033,34.3878548750565],[-118.555649965237,34.3878732463216],[-118.55548558833,34.3879144426074],[-118.555363708485,34.387944987058],[-118.555320267815,34.3879558746872],[-118.555314538714,34.3879579555368],[-118.55509829725,34.3880365016291],[-118.555026668385,34.3880895759535],[-118.554976209326,34.3881610908081],[-118.55496421419,34.3882054708374],[-118.554956948349,34.3882323564686],[-118.554956268052,34.3882348757811],[-118.554953002718,34.388299105632],[-118.554885942055,34.3885442366073],[-118.554870483377,34.3885672524512],[-118.554873729996,34.3886715196478],[-118.554877618876,34.3887976029798],[-118.55487952257,34.3888595877761],[-118.554862880239,34.3888640877939],[-118.55484660421,34.38886856089],[-118.554846313318,34.3888686442614],[-118.554955516487,34.3891450489445],[-118.554906046588,34.3891589526225],[-118.554856580897,34.3891736541241],[-118.55480745813,34.3891890662529],[-118.554758659812,34.3892051908972],[-118.554710204327,34.3892220126468],[-118.554662106903,34.3892395323342],[-118.554614385029,34.3892577634027],[-118.554567056916,34.3892766642988],[-118.554520136783,34.3892962475795],[-118.554473644221,34.3893165158601],[-118.554421723595,34.3893401635739],[-118.553446802108,34.3897993868051],[-118.552230412702,34.3903714840682],[-118.552182987492,34.3903937967982],[-118.551998465422,34.3904806303664],[-118.551918420616,34.3905192588047],[-118.551770754578,34.3905925832669],[-118.551764598761,34.3905954637519],[-118.55175800599,34.3905985427606],[-118.55171181777,34.3906193251719],[-118.551681217829,34.3906323726507],[-118.551650327919,34.3906449887018],[-118.551619198955,34.3906571433426],[-118.551587813639,34.3906688519777],[-118.551556172958,34.3906800992762],[-118.551524309554,34.3906908877942],[-118.551492223404,34.3907012139254],[-118.551459931927,34.3907110802949],[-118.551427435032,34.3907204733801],[-118.551394732792,34.3907294039988],[-118.551361858752,34.3907378467552],[-118.551328811916,34.3907458151769],[-118.551295594446,34.3907533074507],[-118.551262220408,34.3907603126941],[-118.551228725763,34.3907668415621],[-118.55119507672,34.390772882488],[-118.55116132221,34.3907784343477],[-118.551127448099,34.3907834972055],[-118.551093467435,34.390788071002],[-118.551059400881,34.3907921556432],[-118.55102524508,34.3907957367194],[-118.550991036022,34.3907988293935],[-118.550956065934,34.3908014639276],[-118.550921397069,34.3908012996046],[-118.550885726111,34.3908027057993],[-118.550850017935,34.3908035820472],[-118.550814289028,34.390803954418],[-118.550778574005,34.3908037948066],[-118.550742855651,34.390803131239],[-118.550707167601,34.3908019518425],[-118.550671493432,34.3908002395624],[-118.550635865957,34.390798023099],[-118.550600302495,34.3907952897521],[-118.550564786824,34.3907920531185],[-118.550529351377,34.3907882842017],[-118.550494014833,34.3907840117664],[-118.550458758605,34.3907792205707],[-118.550423599106,34.3907739258665],[-118.550388573305,34.3907681265844],[-118.550353677954,34.3907618245424],[-118.550318897725,34.390755004484],[-118.550284281735,34.3907476932326],[-118.550249833158,34.3907398772509],[-118.550215547746,34.3907315718844],[-118.550181429748,34.3907227617878],[-118.550147510802,34.3907134621438],[-118.550113806128,34.3907036719822],[-118.550080302677,34.3906933913622],[-118.550047014765,34.3906826472652],[-118.55001395953,34.390671399946],[-118.54997374089,34.3906586741291],[-118.549941860464,34.3906463152723],[-118.549910956413,34.3906337581478],[-118.549880319097,34.3906207499375],[-118.549849964943,34.3906073076964],[-118.549819894948,34.3905934178968],[-118.54979010928,34.3905791057816],[-118.54976064158,34.3905643603798],[-118.549731491918,34.3905491925098],[-118.54970265922,34.3905336039799],[-118.549675127942,34.3905181285466],[-118.549514948707,34.3906141329235],[-118.549421888737,34.3906706295123],[-118.549256416615,34.3907711832572],[-118.54903452289,34.3909064229724],[-118.548900388237,34.390984437372],[-118.548887830178,34.3909691716509],[-118.548837729239,34.3909120199404],[-118.548734252235,34.3908018846732],[-118.54860585274,34.3906836193051],[-118.54831083354,34.3904307727442],[-118.548169191391,34.3903143013631],[-118.547622310923,34.3898180254254],[-118.547282249526,34.3895193507865],[-118.547172181225,34.3894154303117],[-118.547052075819,34.3892971276823],[-118.546851803198,34.3890850684798],[-118.546800002434,34.3890207239028],[-118.546715935816,34.3889097862695],[-118.546694684993,34.3888817432291],[-118.546450865162,34.388570568793],[-118.546371691464,34.3886348528751],[-118.546282941553,34.3885198637924],[-118.54611767172,34.3883057299039],[-118.546001349997,34.3883657554],[-118.545956259599,34.3883796789746],[-118.545701616357,34.3884583072442],[-118.545235799948,34.3887407708744],[-118.545043165005,34.388910574687],[-118.544826563159,34.3891015043805],[-118.544507318952,34.3893829070915],[-118.5443721798,34.3895020275918],[-118.54408490806,34.3897552441337],[-118.543957043793,34.3899862567564],[-118.543695143104,34.390216347637],[-118.543563100091,34.3903323520398],[-118.543138769104,34.3907051396942],[-118.542697299552,34.3910929780206],[-118.542591491238,34.3911859323666],[-118.542326939138,34.391418343655],[-118.542257031497,34.3914797419171],[-118.542231080899,34.3914484690703],[-118.542231536092,34.391448061342],[-118.542032035506,34.3912067998379],[-118.542068145758,34.3911831028215],[-118.541933852416,34.3910282596877],[-118.541918176942,34.391010031202],[-118.541767976568,34.3908353710188],[-118.541691105265,34.3907459815403],[-118.541666655956,34.3907175651557],[-118.541230859178,34.3902109077363],[-118.53913333658,34.3877673060988],[-118.539116618509,34.3877454027067],[-118.538815646652,34.387381212311],[-118.53872660633,34.3872734728193],[-118.537890570353,34.3862618411607],[-118.537609960209,34.3859219927822],[-118.535893151589,34.3838800054016],[-118.535769570186,34.3837336799725],[-118.535659349758,34.3836031669912],[-118.535481448381,34.3833996504804],[-118.535475701546,34.3833930756915],[-118.535413929066,34.3833212055084],[-118.535155091771,34.3830142444633],[-118.534857706339,34.3826401340771],[-118.534737394653,34.3824874589614],[-118.534663911114,34.382398818225],[-118.534585425547,34.38230608848],[-118.534394986707,34.3820671762317],[-118.533908731375,34.3814421049149],[-118.53366472073,34.3811203081963],[-118.533447398518,34.3808255217881],[-118.533370481584,34.3807190241619],[-118.533041087713,34.3802591785217],[-118.533080829962,34.3802555707179],[-118.533412009678,34.3802159726254],[-118.53378463028,34.3801782827481],[-118.534173865624,34.3801477173132],[-118.534538307713,34.3801265124458],[-118.534762498199,34.3801177110273],[-118.534882909741,34.380112984078],[-118.535578742832,34.3800858707762],[-118.536259574164,34.3800450803715],[-118.536726668666,34.380009681665],[-118.536945305173,34.3799929095476],[-118.537679650722,34.3799456372875],[-118.537781819012,34.3799390536599],[-118.538096567247,34.3799211697245],[-118.538128599456,34.3799193822378],[-118.538270504675,34.3799114660378],[-118.538517364891,34.3798991392815],[-118.538547164468,34.3798976509955],[-118.538945847745,34.3798777637928],[-118.539294562695,34.3798603667385],[-118.539335716192,34.3798583156777],[-118.539978457153,34.3798228062829],[-118.540318758967,34.3798031033546],[-118.540649308401,34.3797839640512],[-118.540717275018,34.3797800286319],[-118.540780217107,34.3797759587188],[-118.540667459861,34.3795099249583],[-118.540571359742,34.3792554863546],[-118.540527392138,34.3791206821976],[-118.540481689599,34.3789731893721],[-118.54044253195,34.3788126058425],[-118.540392905169,34.3785696501836],[-118.540354891336,34.3783279977573],[-118.540323631215,34.3781083118904],[-118.540302567217,34.3779263514915],[-118.540230485647,34.3770318924738],[-118.540168003117,34.3763403795627],[-118.540143992435,34.3760948745813],[-118.540132510601,34.3759774767064],[-118.540097307707,34.375658882337],[-118.540056995604,34.3753256588848],[-118.540023423063,34.3749976541599],[-118.540021809655,34.3749793871292],[-118.540010911546,34.3748568803144],[-118.539990970052,34.3746438721076],[-118.539958875102,34.3742422689557],[-118.539931381173,34.3738350178827],[-118.539901786692,34.3733597612574],[-118.539572221798,34.3733876698511],[-118.539052163286,34.3734260495983],[-118.538788793822,34.3734413042836],[-118.538474051277,34.3734557552383],[-118.537899205126,34.373477886018],[-118.537621798324,34.3734943057391],[-118.537604365975,34.3734953377786],[-118.537279784085,34.3735256296554],[-118.536885691775,34.3735692801225],[-118.536779702545,34.3735786810349],[-118.536711766336,34.3735789818304],[-118.536675297278,34.3735767388785],[-118.536496343364,34.3735775309815],[-118.536160023801,34.3735865756249],[-118.535921475971,34.3735965610905],[-118.535485830074,34.3736204693675],[-118.535358259755,34.373627953027],[-118.535356277825,34.3736075022324],[-118.535278430309,34.3728042286122],[-118.535248697412,34.3724672849195],[-118.535177374959,34.371659004084],[-118.535172994166,34.3716093584866],[-118.535048776483,34.3716184930795],[-118.534944496049,34.3716354406629],[-118.534843585677,34.3716613039428],[-118.534752638941,34.371690558054],[-118.534741854195,34.3716908697792],[-118.534346659939,34.3718791284072],[-118.533979424225,34.3720436458465],[-118.533934857008,34.3720692610698],[-118.533844111876,34.3721311277157],[-118.533799607416,34.3721674042235],[-118.533773255637,34.3721922513009],[-118.533746906067,34.372217785336],[-118.533725532786,34.3722443170976],[-118.533693462855,34.3722890078847],[-118.533661484503,34.3723335729459],[-118.533464299638,34.3725923885329],[-118.533416617055,34.3726503023172],[-118.533358979464,34.3727062034695],[-118.533317755355,34.3727372986395],[-118.533273188813,34.3727646382589],[-118.533185643203,34.3728079510638],[-118.533069932406,34.3728517392604],[-118.533031319748,34.3728697415052],[-118.532972453745,34.3728971754412],[-118.532833619778,34.3729520575457],[-118.532666591955,34.3730049934417],[-118.532587243919,34.373034189542],[-118.532519971774,34.3730650103096],[-118.532054918577,34.3733768718542],[-118.532008161036,34.3734300317045],[-118.531909192808,34.3735008807544],[-118.531565759222,34.3737368632235],[-118.531558152181,34.3737420921528],[-118.531542936993,34.3737525473101],[-118.53143015046,34.3738322276325],[-118.531414268173,34.3738434484004],[-118.531283985891,34.3739415696431],[-118.531180297888,34.3740227019033],[-118.531147135514,34.3740486501739],[-118.531134878826,34.374058947169],[-118.530992203396,34.3741788233536],[-118.530873786764,34.3742817091023],[-118.530871180794,34.3742839725603],[-118.530851610101,34.3743009765549],[-118.530835649908,34.3743148436061],[-118.530802779147,34.3743444462476],[-118.530753642162,34.3743886988951],[-118.530740535997,34.3744005015339],[-118.530692308144,34.3744439342826],[-118.530677441724,34.3744578019338],[-118.530484753908,34.374637539591],[-118.530366611852,34.3747402036591],[-118.530351270024,34.3747535351304],[-118.530156662217,34.3748986507168],[-118.530022980873,34.374983733861],[-118.529956986611,34.3750290182175],[-118.529932281072,34.3750528276926],[-118.529907610445,34.3750817884072],[-118.529889574409,34.3751120940635],[-118.529879850714,34.3751464852241],[-118.5298736736,34.3752172704606],[-118.52988443788,34.3753467178542],[-118.529886886455,34.3753922006425],[-118.529890076082,34.3754514575196],[-118.529893040121,34.3756571930264],[-118.529891549569,34.3759440117353],[-118.529889014355,34.3759864889363],[-118.529887057831,34.3760192558297],[-118.52987135776,34.3761563755946],[-118.529845522162,34.3762629684483],[-118.529811239752,34.3763441829096],[-118.529710950535,34.3765055288367],[-118.529350308453,34.3770857229719],[-118.529049090737,34.3775925490503],[-118.529038696765,34.3776098363502],[-118.528977301527,34.3775829994693],[-118.528581823138,34.3774119633233],[-118.528217897703,34.3772510641647],[-118.528096602,34.377199054487],[-118.527880596529,34.3771065623904],[-118.527824109955,34.3770834539581],[-118.527330680253,34.3768836339017],[-118.527202725763,34.3768261267625],[-118.527076394983,34.3767652046106],[-118.526953368641,34.3767011648657],[-118.526901808007,34.376670802445],[-118.526790455034,34.3766190764125],[-118.526727383239,34.3766028631117],[-118.526654412633,34.3765942512873],[-118.52657653168,34.3765945895937],[-118.526487097094,34.3766022056673],[-118.526462286924,34.3766095094984],[-118.526430892167,34.3766237422997],[-118.526330239943,34.3766908166091],[-118.526080031279,34.3764308520016],[-118.526031682334,34.3763843485392],[-118.525975047087,34.376338211874],[-118.525888481303,34.3762746953247],[-118.525806944212,34.3762207817376],[-118.525723782723,34.376172721623],[-118.525660612829,34.3761403508063],[-118.52553599977,34.3760869763112],[-118.525469552739,34.3760621790092],[-118.52539646368,34.3760329559509],[-118.525242856742,34.3759709943315],[-118.525220359612,34.3759619438808],[-118.524899691945,34.3758262680912],[-118.524306372181,34.3755611243836],[-118.524343907449,34.3756124705893],[-118.524119260074,34.3755198757693],[-118.523950261442,34.3754498760263],[-118.523820343799,34.3753953615185],[-118.523695260208,34.3753428751886],[-118.523409260352,34.3752228758364],[-118.523300960711,34.3751750226703],[-118.523233889263,34.3750876050225],[-118.523225145032,34.3750768504361],[-118.523204714197,34.3750676185007],[-118.523026902108,34.3749869930082],[-118.523008062406,34.3749793778473],[-118.522352404711,34.3747106304459],[-118.521991882815,34.3745603641243],[-118.521909570008,34.3745254962863],[-118.521563227494,34.3743787837235],[-118.521262494488,34.3742502393255],[-118.520740791197,34.3740271561487],[-118.520665760928,34.373994531672],[-118.520285528805,34.3738291990909],[-118.519684050288,34.3735679832592],[-118.519372424478,34.3734508276602],[-118.519323633476,34.3734324848125],[-118.519139222012,34.3733556494455],[-118.51893981577,34.3732647815223],[-118.518633953178,34.3731094579438],[-118.518281464988,34.3729158669749],[-118.517973841286,34.3727426879746],[-118.517775920947,34.3726243599298],[-118.517365017345,34.3723695885271],[-118.517203710975,34.3722695731188],[-118.516730830539,34.3719808451654],[-118.516327151948,34.3717343678847],[-118.515741588257,34.3713621268021],[-118.515355677949,34.3711219554081],[-118.514993093196,34.3709016014035],[-118.51477023744,34.3707679030959],[-118.514377741027,34.370532890838],[-118.514174851656,34.3704135322445],[-118.513885483415,34.370242325507],[-118.513431512951,34.3699794391618],[-118.513388711455,34.3699543575113],[-118.513373311659,34.369945334315],[-118.513288262292,34.3698943085455],[-118.513242353506,34.3698667472452],[-118.513102230917,34.3697826273145],[-118.512887478092,34.3696461406701],[-118.512821036042,34.369603912399],[-118.512745975258,34.3695558046486],[-118.512633109173,34.3694806374662],[-118.512390194186,34.3693184976425],[-118.512247158175,34.3692254764285],[-118.51223392692,34.3692168631402],[-118.512269638819,34.3691628506807],[-118.512321753612,34.3690794625568],[-118.513169304606,34.367379929168],[-118.513371072213,34.3669759678095],[-118.513493175597,34.3667339868717],[-118.513484544266,34.3667337998532],[-118.513476341358,34.366733623641],[-118.512174280293,34.3667056553385],[-118.511479250695,34.3666899876753],[-118.511420057762,34.3666886705527],[-118.511395227792,34.3668489472552],[-118.511303329042,34.3674421545771],[-118.511269243956,34.367557709771],[-118.511249659797,34.3676062329665],[-118.511228406224,34.3676516573971],[-118.511215285036,34.3676736949609],[-118.51115942527,34.3677525871044],[-118.511131450203,34.3677839623283],[-118.511083671509,34.3678291614003],[-118.511022779237,34.3678957109908],[-118.510983330339,34.36794671147],[-118.510961935382,34.3679698197508],[-118.510924907107,34.3680207333762],[-118.510740901256,34.3683021029057],[-118.510731298705,34.3682963861362],[-118.510409340171,34.3681047218091],[-118.510264627669,34.3680129494514],[-118.509774211271,34.3676924394866],[-118.509576029834,34.3675629138286],[-118.50943118517,34.3674682461952],[-118.508975376152,34.3671702856177],[-118.508364544595,34.3667709220662],[-118.508271697346,34.3667102186284],[-118.507781244165,34.366436469936],[-118.507699420946,34.3663927526574],[-118.507664617563,34.3663741635407],[-118.5075917462,34.3663352319315],[-118.507487019268,34.3662790087053],[-118.507361375799,34.3662157850396],[-118.507252707642,34.3661666308475],[-118.507244404797,34.3661628836362],[-118.507210852875,34.3661492818756],[-118.507187605679,34.3661398435703],[-118.507148233636,34.3661238509218],[-118.507071708294,34.3661004019929],[-118.506987078177,34.3660791271677],[-118.506743090319,34.3660083479412],[-118.506590373617,34.3659619421726],[-118.506315523847,34.3658733405221],[-118.506350955158,34.3658255407799],[-118.506485633851,34.3656305657522],[-118.506603786527,34.3654425275639],[-118.506654587373,34.3653502599962],[-118.506738035925,34.3651771366359],[-118.506775614367,34.3650900783889],[-118.506826441528,34.3649492807926],[-118.506844047568,34.3649005258743],[-118.506886692672,34.3647774650823],[-118.507011759552,34.3644165490982],[-118.507050811464,34.3642989134089],[-118.507081659601,34.3641946935693],[-118.507107584352,34.364098768644],[-118.507128575178,34.3640086873956],[-118.507150413373,34.3638695525631],[-118.507154095267,34.3638460926353],[-118.507169696567,34.3636876963665],[-118.507182565882,34.3633517146414],[-118.507181756997,34.3632187743704],[-118.507184187103,34.3631296696034],[-118.507187135412,34.363013347006],[-118.507182296312,34.3629184387951],[-118.507131600669,34.3619240612528],[-118.50706296907,34.3605778500818],[-118.507050635317,34.3602221308775],[-118.507043998664,34.3600307474456],[-118.507036842592,34.359824024692],[-118.507217900787,34.3590840807111],[-118.507370150128,34.3585122101815],[-118.50755180375,34.3578711917542],[-118.507689808367,34.3574086352708],[-118.507910306481,34.3560753120039],[-118.508332037717,34.3535111280818],[-118.5083394222,34.3533637539981],[-118.508338971831,34.3532898954587],[-118.508345144653,34.3532160316776],[-118.508344220911,34.3530645435541],[-118.508347069108,34.3529882802954],[-118.508342285632,34.3527471673812],[-118.508331360955,34.3525850920505],[-118.508310048566,34.3523505909297],[-118.508283847285,34.3521288048856],[-118.508171564934,34.3513736070662],[-118.508133232655,34.351063944691],[-118.508120761982,34.3509486224458],[-118.508116642767,34.3509105361446],[-118.508113925408,34.350885409007],[-118.508090477182,34.350571562371],[-118.508088006268,34.3504379429213],[-118.508088917544,34.3503156542662],[-118.508089279398,34.3503085017368],[-118.508090608115,34.3502821748153],[-118.508094829899,34.3501985176781],[-118.508105717794,34.3500830596312],[-118.508139080084,34.349848301274],[-118.508183906128,34.3496093793065],[-118.508188813406,34.3495832771868],[-118.508221135485,34.3494498724484],[-118.508256773366,34.3493178214301],[-118.508295734554,34.3491878227907],[-118.508380309966,34.3489312261176],[-118.508522132983,34.3485541634504],[-118.508707222996,34.3482109187639],[-118.508867831685,34.3479268833311],[-118.508936019805,34.3478147600854],[-118.509071195602,34.3475924874805],[-118.509081051765,34.3475783784513],[-118.509204154325,34.3473926263976],[-118.509218929958,34.3473703314405],[-118.509291181554,34.3472669791242],[-118.509499824543,34.3469830709174],[-118.509636224523,34.3468055873254],[-118.50964199952,34.3467976015412],[-118.509810482316,34.346863872791],[-118.510224473264,34.3470274305541],[-118.510224645404,34.3470274965433],[-118.511734334899,34.3476241323476],[-118.512124093483,34.3477781575231],[-118.512134724725,34.3477823678653],[-118.51264930285,34.3479857099603],[-118.512850887966,34.348065368181],[-118.51419223007,34.3485954705763],[-118.514210421639,34.3486029014159],[-118.514272544772,34.3486282776088],[-118.514413404859,34.3486858164937],[-118.514595483244,34.3487543457757],[-118.514602310141,34.3487680292106],[-118.514884067851,34.3488791463308],[-118.51838930564,34.3502614428491],[-118.518460644971,34.3502823392005],[-118.518965045432,34.3504815366188],[-118.519732630484,34.3507840145479],[-118.5197344801,34.3504803859244],[-118.519745075825,34.3488949423998],[-118.519751308585,34.3476204397856],[-118.519753658989,34.3471419110605],[-118.519765702708,34.345386115953],[-118.519773671652,34.3441881329604],[-118.51978665765,34.342237204177],[-118.519789871797,34.3417646082839],[-118.519791753189,34.3414870627783],[-118.519799690516,34.3402260737656]]]},"properties":{"OBJECTID":3399,"DISTRICT_NAME":"NEWHALL ELEMENTARY","LABEL":"NEWHALL ELEMENTARY TA5","TRUSTEE_AREA":"5","DISTRICT_TYPE":"Elementary School District","Shape__Area":171329491.56152344,"Shape__Length":71693.158216775875}}]}