{"type":"FeatureCollection","crs":{"type":"name","properties":{"name":"EPSG:4326"}},"features":[{"type":"Feature","id":10495,"geometry":{"type":"Polygon","coordinates":[[[-118.423710332265,34.4250749489542],[-118.423708642139,34.4252989829765],[-118.42370756458,34.4254126690844],[-118.423706349764,34.4254995873688],[-118.423721935077,34.4256307419644],[-118.423736529365,34.4257824387313],[-118.423746445102,34.4258855222768],[-118.423757569041,34.4261159502696],[-118.423752782623,34.4263117500832],[-118.423746726552,34.4265595231651],[-118.42374734714,34.4266945516194],[-118.423753500167,34.4269653883206],[-118.423826516737,34.4269643335727],[-118.424401859584,34.4269559220545],[-118.424507950102,34.4269500496872],[-118.424643847286,34.4269372122274],[-118.424962006982,34.4269000484789],[-118.425346419391,34.4268478646685],[-118.425515755129,34.4268209397315],[-118.425525273244,34.4268655430186],[-118.425542777022,34.426985934466],[-118.425577440339,34.4272798359483],[-118.425591340136,34.4274041292406],[-118.425603692475,34.4275500656394],[-118.425607901967,34.4277248850517],[-118.425626694205,34.4281576096618],[-118.425626705384,34.4281578809838],[-118.42562624954,34.4281578861894],[-118.425384984617,34.4281607014127],[-118.424254249184,34.4281738857382],[-118.42427469858,34.4286325598402],[-118.424289248307,34.4289588870829],[-118.424303249554,34.4292838864755],[-118.424354249046,34.4296618864416],[-118.424404992955,34.4298049416617],[-118.424448248344,34.4299268875396],[-118.424573247828,34.4301038869876],[-118.424644249228,34.4301758872621],[-118.424840249488,34.4302858875302],[-118.425017248522,34.4303488859596],[-118.425168248995,34.4303808859145],[-118.425317248843,34.4303798876008],[-118.425508249969,34.4303648870403],[-118.425650248107,34.4303348871439],[-118.425839342816,34.4302747647501],[-118.42584524988,34.4302728859562],[-118.425846281482,34.4302727038316],[-118.425853128656,34.4302857321793],[-118.425894521207,34.4302735640318],[-118.425967358918,34.4302499513946],[-118.426093126285,34.4302007359141],[-118.426157690873,34.4301805870585],[-118.426227259657,34.4301662598106],[-118.426308461588,34.4301570429977],[-118.426399666706,34.4301584398695],[-118.426475967473,34.4301633248107],[-118.426597101354,34.4301807591509],[-118.426706658396,34.4302040742183],[-118.427003839752,34.4302768784459],[-118.427282841554,34.4303610800451],[-118.427417276105,34.4303853372969],[-118.427500229005,34.4303939755773],[-118.427661124812,34.4304047434376],[-118.427729125365,34.4304079385317],[-118.427860099194,34.4304040418222],[-118.427991033503,34.4303922449828],[-118.428133558309,34.4303776592263],[-118.428272740744,34.4303575893609],[-118.428396995425,34.4303368850847],[-118.428567607741,34.4303022775636],[-118.42866037925,34.4302858060432],[-118.428766430485,34.4302723788705],[-118.428822781029,34.4302670274312],[-118.428882444943,34.430261320768],[-118.429010081018,34.4302533119085],[-118.429213996839,34.4302460653044],[-118.429303535135,34.4302457484717],[-118.429389774905,34.4302488780868],[-118.429487632125,34.4302540274139],[-118.429585508157,34.4302626105324],[-118.429923967897,34.4303009130482],[-118.430076624683,34.4303216679359],[-118.430230519277,34.4303454969751],[-118.430267617789,34.4303505807638],[-118.430269161593,34.4303440319658],[-118.430332876766,34.4303531791942],[-118.430651250322,34.430398886704],[-118.430894249746,34.4303868871851],[-118.4310762502,34.430353887289],[-118.431297249272,34.4302848873143],[-118.431504250053,34.4301758861476],[-118.43177125017,34.4299738871654],[-118.431942248631,34.4297258870769],[-118.432008606531,34.4294936386764],[-118.432050250336,34.4293478865482],[-118.432070274117,34.4292671433921],[-118.432205250702,34.4287228860571],[-118.432316706879,34.4283489442704],[-118.432374249865,34.4281558860274],[-118.432498249741,34.4278658861277],[-118.432611250594,34.4275878859528],[-118.432635249161,34.4274118860938],[-118.43260752782,34.4272550948281],[-118.432576864234,34.4270816681468],[-118.432591780847,34.4270788093833],[-118.432644788615,34.4270690063943],[-118.432717780592,34.4270504422229],[-118.432800397883,34.4270214048185],[-118.432879806973,34.4269867748788],[-118.432917830169,34.4269669767579],[-118.43303194522,34.4269075587209],[-118.433227013306,34.4267962594741],[-118.433256762936,34.426776590864],[-118.433324409711,34.4267131454788],[-118.433390327177,34.4266356116703],[-118.433424919668,34.4265905079009],[-118.433482516738,34.4265068219593],[-118.433656652863,34.4261963769944],[-118.433778189746,34.4259740481727],[-118.433835731436,34.4258800883871],[-118.433865352703,34.4258367025579],[-118.433951059762,34.4257388411117],[-118.43405503855,34.4256467471417],[-118.434121114987,34.4255997977602],[-118.434188888907,34.4255593828875],[-118.434261663143,34.4255254582415],[-118.434341106653,34.4254980268528],[-118.434423894179,34.4254757483179],[-118.434521636551,34.4254592680072],[-118.43462603015,34.4254478998196],[-118.434725506723,34.4254458151188],[-118.434818361637,34.4254472105494],[-118.434906285084,34.4254561558971],[-118.434969363933,34.4254686530593],[-118.435037443584,34.4254883309945],[-118.435054055762,34.4254937662592],[-118.435105539326,34.425511083061],[-118.435173663341,34.4255379901532],[-118.43523349388,34.4255648999182],[-118.435285034778,34.425591506735],[-118.435339682254,34.4256238126904],[-118.435446824918,34.425699165003],[-118.435606354742,34.4258186917398],[-118.435892934403,34.4260334090266],[-118.43596408105,34.4260806046313],[-118.43603063319,34.4261246649505],[-118.436175362023,34.4262161983559],[-118.436310080803,34.4262950731091],[-118.436404946682,34.4263634277631],[-118.436496387973,34.4264098134906],[-118.436551212261,34.4264312394683],[-118.436612668963,34.4264506085927],[-118.436690697632,34.4264705851633],[-118.436768708373,34.4264860982589],[-118.436833429653,34.4264968621055],[-118.436971169624,34.4265197229239],[-118.437637703176,34.4265166331004],[-118.438551278358,34.4265126476424],[-118.438868062308,34.4265220499014],[-118.438983318501,34.4265211144806],[-118.439098426093,34.4265148992094],[-118.439200915537,34.4265052135365],[-118.439452275864,34.4264687422215],[-118.439487176471,34.4266373124426],[-118.439535251381,34.426913884549],[-118.439546251258,34.4272858848166],[-118.439546251111,34.4273068860278],[-118.439546252268,34.4273398857365],[-118.439519251097,34.4274438852453],[-118.43948525062,34.4275358854588],[-118.439377078249,34.4277387823474],[-118.43923303972,34.4280089497686],[-118.439163668756,34.4281390667458],[-118.439107251557,34.4282448855572],[-118.439024296962,34.4284541394943],[-118.438996251287,34.4285248860092],[-118.438993567884,34.4285512340031],[-118.438985250712,34.4286328870847],[-118.438987251258,34.4288528854181],[-118.43899397974,34.4290480068706],[-118.438995251251,34.4290848866826],[-118.439028741725,34.429388609094],[-118.43893702603,34.4293965418102],[-118.438648976792,34.4294157198627],[-118.438722036789,34.4296933206912],[-118.438757871521,34.4299295675768],[-118.43877930799,34.4300708918535],[-118.43878606423,34.4301604527279],[-118.438600508079,34.4302020939099],[-118.438483251516,34.4302348864296],[-118.438361469643,34.4302848125904],[-118.438222250474,34.4303418867658],[-118.438104250464,34.4303868865534],[-118.43816825239,34.4305328858102],[-118.438200251441,34.4306048856328],[-118.438226251016,34.4306898864862],[-118.438244251637,34.4307798863806],[-118.438256250913,34.4308748862165],[-118.438291251004,34.431264885422],[-118.438306432298,34.4314459827462],[-118.438319251115,34.4315988859561],[-118.438234374815,34.4316653939434],[-118.43819587223,34.4317284591037],[-118.437796454446,34.431811348356],[-118.437588618487,34.4316601683371],[-118.437570451371,34.4316729923566],[-118.437530307568,34.4316834605976],[-118.437470098088,34.4316858513318],[-118.43719466217,34.4316967890869],[-118.436905523374,34.4326817354687],[-118.436919859507,34.4337164673667],[-118.436920548039,34.4338929281498],[-118.436902403181,34.4338995296079],[-118.436822665866,34.4339285323573],[-118.436609190191,34.4340120930664],[-118.436374249269,34.4341121916912],[-118.436081417362,34.4342417067152],[-118.435959007294,34.4342981498604],[-118.435834954979,34.4343576784158],[-118.435530662971,34.4345157271049],[-118.435201618952,34.4346972513731],[-118.434897422135,34.4348731619833],[-118.434737082774,34.4349695857754],[-118.434580073513,34.4350707746444],[-118.434421455179,34.4351812548526],[-118.434248021493,34.4353120705559],[-118.434135130055,34.4354053756878],[-118.434059790955,34.4354676445403],[-118.433970614721,34.4355445775829],[-118.433688353108,34.4357880837872],[-118.433536511152,34.4359253339401],[-118.433391314803,34.4360653017193],[-118.433244540408,34.436222457259],[-118.433082977517,34.436403346857],[-118.433014544638,34.4364849886639],[-118.432931349421,34.4365842368443],[-118.432729158454,34.4368367462071],[-118.432646323428,34.4369407403707],[-118.432565526028,34.4370488859788],[-118.432519712828,34.4371101921253],[-118.432429878523,34.4372355620747],[-118.43240625913,34.4372685233326],[-118.432379773719,34.4373054849812],[-118.432242970634,34.4375044817115],[-118.432104501787,34.4377153772261],[-118.431953371239,34.4379590775294],[-118.431950729675,34.4379635603363],[-118.431903823321,34.4380431739397],[-118.43187126365,34.4380967362715],[-118.431863195439,34.4381100021865],[-118.431880997159,34.438109789163],[-118.431881040684,34.4381097890081],[-118.431881871968,34.4381097806397],[-118.432050477686,34.4381082255972],[-118.432064951564,34.4381081542184],[-118.432069030019,34.4381083948272],[-118.43224211879,34.4381072553865],[-118.432272087183,34.4381071080432],[-118.432504587612,34.4381059683887],[-118.432569791883,34.4381056484736],[-118.432578403108,34.4381056096564],[-118.432578399879,34.4381058260356],[-118.432578347172,34.4381109712669],[-118.432577426621,34.4382012611801],[-118.432577185725,34.4382248524279],[-118.432576774576,34.4382651054962],[-118.432576080547,34.4383330176742],[-118.432575934764,34.4383472678093],[-118.432575054145,34.438433515109],[-118.432574926517,34.4384460234194],[-118.43257424906,34.4385123082722],[-118.432574174914,34.4385196109459],[-118.432573968107,34.4385399195935],[-118.432573930401,34.4385435538035],[-118.432573688944,34.4385672469258],[-118.432572875187,34.4386468848546],[-118.43257017097,34.4389116419906],[-118.43256897349,34.4390288553358],[-118.432568643826,34.4390611250456],[-118.432568575654,34.4390679021046],[-118.432568293004,34.4390956062887],[-118.432565475068,34.4393715752731],[-118.432564260132,34.4394904583139],[-118.432563044049,34.4396093305394],[-118.432562989156,34.4396146840318],[-118.432562679539,34.4396451578172],[-118.432559545634,34.4399520612809],[-118.432558481011,34.4400561018608],[-118.432557380267,34.4401638731078],[-118.432557335972,34.4401683340457],[-118.43255706599,34.4401947075213],[-118.432554820429,34.440414545969],[-118.432553067147,34.4405862850304],[-118.432552980191,34.4405948931669],[-118.43255176274,34.4407141368191],[-118.432551454548,34.4407442580979],[-118.432550360416,34.4408512107251],[-118.432550101783,34.4408766276338],[-118.432550098421,34.4408770279259],[-118.432549638299,34.4409221034552],[-118.432548750107,34.4410089980659],[-118.432548648153,34.4410189089691],[-118.432547709781,34.4411108081615],[-118.432547268503,34.4411540652331],[-118.432546191924,34.4412595807528],[-118.43254616643,34.4412620050628],[-118.432545375297,34.441339514379],[-118.432543695646,34.4415038579009],[-118.432543670042,34.4415064706314],[-118.432542025885,34.4416675928517],[-118.432541132225,34.4417551140419],[-118.432541129771,34.4417552700156],[-118.432540653166,34.4418019926994],[-118.432540138646,34.4418523099256],[-118.4325389301,34.4419707610888],[-118.43253744354,34.442116137489],[-118.432537428443,34.4421176304795],[-118.432535419262,34.4423142806568],[-118.432531970935,34.4426520328948],[-118.432528096099,34.4430314951092],[-118.432526191001,34.4432180234059],[-118.432524248297,34.4434082075451],[-118.432524222891,34.4434106489836],[-118.432522271559,34.443601687803],[-118.432520314216,34.4437934568818],[-118.432516452879,34.4441715577039],[-118.43251258658,34.4445499668572],[-118.432512246069,34.4445832994985],[-118.432510412753,34.4447627099262],[-118.432507120919,34.4450849561043],[-118.432507116693,34.445085399673],[-118.432503677304,34.4454219834262],[-118.432499666123,34.445935739993],[-118.432495730804,34.4464400166664],[-118.43252903097,34.4464534615049],[-118.432622248811,34.4464910980696],[-118.432628658904,34.4464936860493],[-118.432630477897,34.4464944206223],[-118.433477121852,34.4468362472995],[-118.433466669436,34.4478487387652],[-118.433463572619,34.4481755657969],[-118.433457099318,34.4488585061816],[-118.43355576244,34.4488996466675],[-118.433993004441,34.449081998667],[-118.434116636945,34.4491341237986],[-118.434110417491,34.4493401594965],[-118.434140930308,34.4493401269576],[-118.43413645766,34.4497674372782],[-118.434237487503,34.4497677663363],[-118.435150571652,34.4497707293229],[-118.435151365152,34.4496978701185],[-118.435153574167,34.4494945848939],[-118.435159472532,34.4488777485522],[-118.436648752421,34.448876520133],[-118.436647028037,34.4492850481266],[-118.436646148351,34.4494933447321],[-118.436644812665,34.4497763528873],[-118.436287425105,34.4497752755256],[-118.436283620222,34.450752075952],[-118.436284750926,34.4507520700834],[-118.436855806025,34.4507488353811],[-118.436855805239,34.450748893082],[-118.436855803933,34.4507490589684],[-118.436855775125,34.4507524875961],[-118.436855257052,34.4508124277763],[-118.436852009423,34.4511884808305],[-118.436852117356,34.4512105057549],[-118.436853273677,34.4514468813123],[-118.436853337971,34.4514599659069],[-118.436853408281,34.4514746119322],[-118.436857457066,34.4523027512443],[-118.436855572488,34.4525411670775],[-118.436855539929,34.4525453331708],[-118.436855503097,34.4525499293099],[-118.436856879737,34.4525499144369],[-118.436889298765,34.4525495588124],[-118.436899107176,34.4525494504733],[-118.436957797694,34.4525488064071],[-118.436959741312,34.4525487849836],[-118.436961145154,34.4525487691099],[-118.436966738768,34.4525487074966],[-118.437488547908,34.4525429750513],[-118.439021436169,34.4525261199863],[-118.439167953719,34.4525246666262],[-118.439174018575,34.45252460591],[-118.43922906459,34.4525240172091],[-118.441266150711,34.452502204604],[-118.441266238306,34.4525255106767],[-118.441273624109,34.4544818556217],[-118.44127440715,34.4546889561551],[-118.441279641855,34.4560760953321],[-118.442129813203,34.4560648887481],[-118.442351045062,34.4560619566814],[-118.442716798952,34.4560571267071],[-118.443078623041,34.4560523541543],[-118.443142280054,34.4560515140745],[-118.443480523154,34.4560470518173],[-118.443482483164,34.4567352321677],[-118.443484030894,34.457279186123],[-118.443485018024,34.4576263459587],[-118.443485948964,34.4579564165656],[-118.443486732022,34.4582270506569],[-118.443487699697,34.458573414487],[-118.44348913966,34.4590752600465],[-118.44349044878,34.4595378263563],[-118.443490729066,34.4596366250235],[-118.443774183132,34.4596315337115],[-118.445207622597,34.4596057112958],[-118.445297167022,34.4596040962671],[-118.445429827821,34.4596017071747],[-118.447147800407,34.4595707115457],[-118.447147751604,34.4595707441806],[-118.447148266371,34.4595707350716],[-118.447164703006,34.4595704419117],[-118.447296686897,34.4595680857274],[-118.448115911909,34.4595534579636],[-118.449499298046,34.4595287451203],[-118.450015946812,34.4595200156476],[-118.450016794669,34.4596174761542],[-118.450040938033,34.4623928542003],[-118.450045581209,34.4629266263455],[-118.450047401044,34.463135824395],[-118.450051468933,34.4636034298702],[-118.450060231997,34.4646109601614],[-118.450066175174,34.465294151641],[-118.450072029848,34.465967195781],[-118.450075023892,34.4663406140935],[-118.450077019628,34.4665895698476],[-118.450074531516,34.4665896061207],[-118.450074528787,34.4665897052992],[-118.4500616664,34.4665897800444],[-118.443528013241,34.4667356987107],[-118.443507677815,34.4667360957734],[-118.442744607899,34.4667511183853],[-118.441338931138,34.4667787963583],[-118.440928126021,34.4667867102533],[-118.440080125345,34.4668030406665],[-118.440069193459,34.4668032335665],[-118.440062291774,34.4668090941985],[-118.439990009802,34.466870460199],[-118.439852124034,34.4669875233836],[-118.439758714816,34.4670665817167],[-118.439634967207,34.4671713154783],[-118.439607390157,34.4671946559232],[-118.439572829959,34.4672239059432],[-118.439559642855,34.4672350677718],[-118.439558589535,34.4672359595941],[-118.439548134436,34.4672448261471],[-118.439542629449,34.467249490769],[-118.439538013074,34.4672534048037],[-118.439537967562,34.4672534437344],[-118.439535231343,34.4672557660693],[-118.43952736113,34.4672623054244],[-118.439527439834,34.4672623682465],[-118.439490140335,34.4672939865665],[-118.439488431421,34.4672954379081],[-118.439327846072,34.4674315734232],[-118.439327673773,34.4674317200949],[-118.439325363425,34.4674336820744],[-118.439295402515,34.4674591136117],[-118.439174969197,34.4675613430704],[-118.439110720136,34.4676158819317],[-118.439110600925,34.4676159815314],[-118.439109681324,34.4676149859629],[-118.439062011644,34.4675632951893],[-118.438835986891,34.4673182193656],[-118.438703809573,34.4671749004309],[-118.438478196348,34.4669302642034],[-118.438410497861,34.4668568573488],[-118.438403629843,34.466844743052],[-118.438401154456,34.4668403768669],[-118.438398843824,34.4668362913642],[-118.438397839118,34.466836908034],[-118.43839186623,34.4668405753983],[-118.438391073901,34.4668405944879],[-118.43838973304,34.4668406272788],[-118.438385459036,34.4668407301657],[-118.43815552717,34.4668463016455],[-118.438122076333,34.4668471111763],[-118.438111977419,34.4668473567879],[-118.438106180796,34.466847496715],[-118.438087532785,34.466847948082],[-118.438074192725,34.4668482721032],[-118.43806076554,34.4668485874221],[-118.438056010541,34.4668487136703],[-118.437711739888,34.4668560817048],[-118.437367008974,34.4668645295531],[-118.437363782801,34.4668645574069],[-118.43735344021,34.4668463909781],[-118.437337229798,34.4668179186634],[-118.437305520298,34.4668319390304],[-118.437288108799,34.4668396386306],[-118.43723581233,34.4668656567947],[-118.437108542822,34.4668667508182],[-118.436837820838,34.4668761602748],[-118.436089620264,34.4668929392558],[-118.435670284918,34.4669017314694],[-118.435302870865,34.4669102801212],[-118.435017879115,34.4669167228825],[-118.435000224606,34.4669171224329],[-118.434922748715,34.4669188741036],[-118.434918903527,34.4669189681195],[-118.434917619245,34.4669189970631],[-118.434917318208,34.4669184635345],[-118.434906166681,34.4668987031879],[-118.434752788081,34.4666273268616],[-118.434603315093,34.466362865515],[-118.434593900828,34.4663462091976],[-118.434331482734,34.4665804213674],[-118.434330438281,34.4665813527799],[-118.434322022028,34.4665888665017],[-118.43399158212,34.4668838690049],[-118.433928813684,34.466940677086],[-118.433927783382,34.4669416102474],[-118.433927068343,34.4669416308346],[-118.433908502375,34.4669421678129],[-118.433908179204,34.4669421897036],[-118.432764205371,34.4669752711291],[-118.432580857215,34.4669805820838],[-118.432580950974,34.4670017686092],[-118.432534210676,34.4681846588293],[-118.432521063679,34.4685173937048],[-118.432509050304,34.4688217434642],[-118.432502799807,34.4689801095652],[-118.432484580937,34.4694418885553],[-118.432483440743,34.4694707082201],[-118.432439000797,34.4705812539153],[-118.432424966606,34.4709510131993],[-118.43244651121,34.4709539322205],[-118.432447354266,34.4709540310896],[-118.432391827497,34.4712730892046],[-118.432317358013,34.4731549850078],[-118.432278726795,34.474130697582],[-118.432274971309,34.4742254851587],[-118.432274162112,34.4742419752141],[-118.432259479368,34.4746139300976],[-118.432130883801,34.4778716761179],[-118.43207054545,34.4793997558515],[-118.432031933458,34.4803775611159],[-118.432031815045,34.4803803364441],[-118.431996123187,34.4812843194307],[-118.431996602455,34.481287093533],[-118.431994590761,34.4813378973481],[-118.431997370067,34.4813378739339],[-118.431993836997,34.4814974571525],[-118.431988272986,34.4814975148181],[-118.431988065133,34.4815027759799],[-118.431977151221,34.4821420151339],[-118.431971585149,34.4824681026549],[-118.43196901857,34.4826184201094],[-118.431958248148,34.4832492816844],[-118.431934058332,34.4846661239941],[-118.431924589946,34.4852206997696],[-118.431908319544,34.4861736158443],[-118.431891486982,34.4871594765975],[-118.431882146641,34.487706524934],[-118.431869857024,34.488426331931],[-118.431867638304,34.4885562600021],[-118.431846265803,34.4897899866998],[-118.431837731187,34.4902825905466],[-118.431830300981,34.4907114875481],[-118.431803053726,34.4923172036573],[-118.431789437807,34.4931195247381],[-118.431763111881,34.4946707939456],[-118.431754484048,34.4951792025961],[-118.431748330264,34.4955417811764],[-118.431747226632,34.4956105094805],[-118.431697894328,34.4974038743941],[-118.431684973854,34.4978735469092],[-118.431664354729,34.498623077382],[-118.431655239755,34.4989544212274],[-118.431631886212,34.4998033376374],[-118.431619551505,34.500251722895],[-118.431591125904,34.5012849709258],[-118.431558944807,34.5024546991139],[-118.431546481788,34.5029076816004],[-118.431539322117,34.5031679230091],[-118.431516633831,34.503992702822],[-118.431502808333,34.5044953074386],[-118.431502424419,34.504509264445],[-118.431499494078,34.5046157668645],[-118.431489132807,34.5049924239013],[-118.431467826987,34.505766878113],[-118.431445697105,34.5065712965453],[-118.431422711875,34.5074067962942],[-118.431408957655,34.5079067734391],[-118.431408672581,34.5079171149664],[-118.431395808864,34.5083847105822],[-118.431378191679,34.5090250565187],[-118.431369826991,34.5093290955222],[-118.431356976477,34.5097961708446],[-118.431331413461,34.5107253048392],[-118.431129042949,34.5180711028776],[-118.430930430331,34.5252780507538],[-118.430926602932,34.5254168956553],[-118.430926535969,34.5254193191934],[-118.430914523085,34.5258564366932],[-118.430848748169,34.5282496987728],[-118.430777402699,34.5308454877712],[-118.430743901843,34.5320643349077],[-118.430740867562,34.532174701332],[-118.430738058032,34.5322769306956],[-118.430735601292,34.5323662967516],[-118.430734857864,34.5323933424298],[-118.430731478983,34.5325162665106],[-118.430731286389,34.5325232522082],[-118.430730831223,34.5325237090924],[-118.430731274636,34.5325237174368],[-118.430726593954,34.5326939779901],[-118.43053487554,34.539638270913],[-118.430525687005,34.5399710308232],[-118.426589709193,34.5399534133939],[-118.412694295997,34.5398901971463],[-118.399877496796,34.5398903441066],[-118.397926709184,34.539890452282],[-118.395006260479,34.5398905569948],[-118.390793046602,34.5399008048112],[-118.386580323183,34.5399095310075],[-118.378154022296,34.5399292955866],[-118.378298617971,34.5366415374593],[-118.378598594729,34.5298131317406],[-118.378681572444,34.5279216123852],[-118.378783207445,34.5256046469232],[-118.378808321032,34.5250318252302],[-118.379410842283,34.5112853282663],[-118.379413004526,34.511235980155],[-118.37941304392,34.511231244322],[-118.379444228731,34.5075061385062],[-118.379469712758,34.5043748434594],[-118.379474586085,34.5037761883083],[-118.379481244998,34.5030048250099],[-118.379481281972,34.5030005156025],[-118.379482825577,34.5028217734294],[-118.379482827512,34.5028214813291],[-118.379483990779,34.5026868546905],[-118.379465628396,34.5024522999765],[-118.379274417143,34.5024403689213],[-118.379280330764,34.5021217630386],[-118.379436292718,34.502082584971],[-118.379433031839,34.5020370906582],[-118.379425733795,34.5019439813649],[-118.37930644693,34.5004220910737],[-118.379277655991,34.5000547515896],[-118.379193991096,34.498984612442],[-118.378989414604,34.4963677906392],[-118.378986929796,34.4963359952628],[-118.378986894957,34.4963359962731],[-118.378988474305,34.4962084145933],[-118.379032958154,34.492617124686],[-118.379094582822,34.487600556663],[-118.379105236941,34.4875961248429],[-118.379301418567,34.487514515262],[-118.379542188476,34.487414356789],[-118.379482947116,34.4872929593955],[-118.379107881855,34.486524363576],[-118.379107803832,34.4865242051509],[-118.379124353234,34.4851769000639],[-118.379185367694,34.4808121863084],[-118.379186641875,34.4807393894156],[-118.379293214656,34.4763869682346],[-118.379504116725,34.467831514759],[-118.379504430568,34.4678184587485],[-118.379509196519,34.4676315913167],[-118.379508045924,34.4676315822932],[-118.378966650329,34.4676274140877],[-118.37896666908,34.4676272292159],[-118.378953690313,34.4676271254972],[-118.378999234636,34.4672598665894],[-118.381539258485,34.4658397432486],[-118.385047798934,34.4638768522179],[-118.385279799915,34.4637470179117],[-118.385828704681,34.4634399073779],[-118.386573728397,34.4630234291957],[-118.387220686445,34.4626618775625],[-118.387336677931,34.4625959653662],[-118.388108593652,34.4621644949896],[-118.38833938456,34.4620346586567],[-118.388896642062,34.461723535269],[-118.389060472651,34.4616326408941],[-118.389594398051,34.4613330087418],[-118.389950146643,34.4611332539069],[-118.390711796435,34.4607094069258],[-118.390725152354,34.4607019695836],[-118.390747871334,34.4606893011716],[-118.390781419139,34.4606706360739],[-118.390796844162,34.4606620462175],[-118.390814450942,34.4606521862909],[-118.390821976261,34.4606480114163],[-118.390840157678,34.4606379107301],[-118.390844851704,34.4606318138974],[-118.390847599447,34.460628226879],[-118.390881174377,34.4605845153862],[-118.39089943527,34.4605607463532],[-118.390917667745,34.4605369539692],[-118.390936788748,34.4605120859004],[-118.390954992373,34.4604884126053],[-118.390973024914,34.4604649300812],[-118.390992201807,34.4604399184803],[-118.391009947472,34.4604167713421],[-118.391017704245,34.4604067285584],[-118.391028237458,34.4603929553159],[-118.391031672284,34.4603885069222],[-118.391039828846,34.4603778425968],[-118.391042119208,34.460374901641],[-118.391044673466,34.4603716037308],[-118.392468721603,34.460383346844],[-118.392439871842,34.4594979762497],[-118.392419797432,34.4588818901376],[-118.39238805953,34.457896391409],[-118.392383284643,34.4577060588567],[-118.392377740578,34.4575273341753],[-118.392371597682,34.4573432446235],[-118.392365839671,34.4571701506793],[-118.392359922982,34.4569915561137],[-118.392358996828,34.456964082297],[-118.39235392911,34.4568115896673],[-118.392403696479,34.4568124177243],[-118.39266658155,34.4568169233437],[-118.395176021579,34.4568595018299],[-118.397390214575,34.4568970302296],[-118.397353811056,34.454782764135],[-118.397349840629,34.4545521631417],[-118.39732954187,34.4533732297788],[-118.398855589038,34.4533304573196],[-118.400201845133,34.4532927114154],[-118.401723631334,34.4532500251134],[-118.401772111333,34.4495613004021],[-118.401473581717,34.4495697072049],[-118.401143575992,34.4495781352973],[-118.400952038423,34.4495837394019],[-118.400746412001,34.4495893374475],[-118.400658153041,34.4495911651159],[-118.400540743039,34.4495935631561],[-118.400458654839,34.4495958959015],[-118.400455370161,34.4495759270315],[-118.4004363356,34.4494596996764],[-118.40044644903,34.4491481128111],[-118.400438917617,34.4489619698868],[-118.400420019002,34.4488253224176],[-118.40040475085,34.4487549777205],[-118.400355863529,34.4485892178156],[-118.400313857714,34.4484773863588],[-118.400268607064,34.4483782825762],[-118.400216784808,34.4482939530922],[-118.400163391583,34.4482271373848],[-118.400061780691,34.4481357724047],[-118.399871750173,34.4479344353094],[-118.399796950485,34.447865132344],[-118.399788932628,34.4478588651798],[-118.399703548854,34.4477907176318],[-118.399598211177,34.4477323434173],[-118.399577890668,34.4477228982922],[-118.399480026528,34.4476788895889],[-118.399407922258,34.4476470973941],[-118.399344489035,34.4476191270541],[-118.399038649571,34.4474775887096],[-118.398802653414,34.4473753197017],[-118.398779920073,34.4473644336146],[-118.398764042288,34.4473568741777],[-118.398769223265,34.4473491148092],[-118.398755247166,34.4473418908012],[-118.398505246365,34.4471948900379],[-118.398437521917,34.4471210093701],[-118.398252246253,34.4469188896325],[-118.397989246442,34.4465268900522],[-118.397729247317,34.4463048897339],[-118.396824246137,34.4458568903788],[-118.396735771194,34.4458118841228],[-118.396077244835,34.445476890328],[-118.396071647743,34.4454740660741],[-118.396076952539,34.4454648558536],[-118.395890802162,34.4453782231982],[-118.395749493654,34.4453065527511],[-118.395556619451,34.4452024184721],[-118.395403623254,34.4451142994424],[-118.395293811881,34.4450394335689],[-118.395177293165,34.4449494770909],[-118.395072357498,34.4448539870577],[-118.394980694769,34.4447591406921],[-118.394937320949,34.4447056976297],[-118.394943077918,34.44470278588],[-118.394903961696,34.4446652752137],[-118.394842190813,34.4445792629095],[-118.394792070664,34.4445017979374],[-118.394715255011,34.4443904149737],[-118.394613487097,34.4442629712184],[-118.394383302943,34.4439841226558],[-118.394279858124,34.4438525613732],[-118.394164635307,34.4436849734485],[-118.394102874033,34.4436006763478],[-118.394026134896,34.4435050938191],[-118.39392611902,34.443397221428],[-118.393864487627,34.4433400589442],[-118.3938062164,34.4432918169834],[-118.39375462367,34.4432535134276],[-118.393708054308,34.4432251563607],[-118.393595078468,34.4431819005625],[-118.39353061303,34.4431531254735],[-118.393519795596,34.4431732151005],[-118.393112244694,34.4429558899291],[-118.393013244857,34.4430928907566],[-118.392875385163,34.4432547526243],[-118.392565244628,34.4436188901626],[-118.39231008813,34.4438980160276],[-118.392249839183,34.4439639242587],[-118.3922454941,34.4439618665894],[-118.392140794815,34.4439151316237],[-118.392021093731,34.4438526772768],[-118.39187027754,34.4437665427476],[-118.391797136924,34.4437247694496],[-118.39174837767,34.4436969262658],[-118.391637343657,34.4436287017111],[-118.391624030013,34.4436195382587],[-118.391558809171,34.4435746785591],[-118.391532306147,34.4435524539195],[-118.391485590919,34.4435133123686],[-118.391466782249,34.4434993560641],[-118.391439222737,34.4434790045865],[-118.391200867,34.4433351778183],[-118.391122915619,34.4432865607843],[-118.390827732348,34.4431044535786],[-118.390724191724,34.4430359254796],[-118.390624400568,34.4429605426066],[-118.39053571311,34.4428836958878],[-118.390445231373,34.4427987203713],[-118.390150798081,34.4425082010033],[-118.390048833331,34.4424217781977],[-118.389939502534,34.4423417825498],[-118.389715515417,34.4421918907792],[-118.388895856593,34.4416666144812],[-118.388495558504,34.4414064234003],[-118.387835237283,34.4409587814948],[-118.387373609601,34.4406375021378],[-118.387272850591,34.4405665920961],[-118.386847818112,34.4402674752453],[-118.386745706558,34.4401982522365],[-118.386639697871,34.4401321734775],[-118.386530427945,34.4400709696732],[-118.386421085542,34.4400159207486],[-118.386313832171,34.4399675977019],[-118.3862108617,34.439927449526],[-118.385891068533,34.4398084562926],[-118.385921319916,34.4397523011166],[-118.385982863827,34.4396277635801],[-118.386090786558,34.4393941330033],[-118.38614299118,34.439291107666],[-118.386190706408,34.4392102237547],[-118.386241857552,34.4391332577546],[-118.386300996487,34.439062833947],[-118.386362273402,34.4389980162291],[-118.386434502275,34.4389289732836],[-118.386587403187,34.4387940860336],[-118.386811097731,34.4386074955168],[-118.386925378895,34.4385108305327],[-118.387191076038,34.4382973794757],[-118.38743842697,34.4380930116395],[-118.387477112298,34.438061048744],[-118.387937411835,34.4376773838645],[-118.388181036919,34.437467002381],[-118.388865341272,34.4368651867777],[-118.389037700981,34.4367140578608],[-118.389506722892,34.4362944645344],[-118.389556183792,34.436247289103],[-118.389600870968,34.4362005409808],[-118.389640285772,34.436153921565],[-118.389705663807,34.4360638560188],[-118.389749996214,34.4359838875773],[-118.389784307521,34.4359098040528],[-118.389820835913,34.4357705471547],[-118.389836356235,34.4356291625246],[-118.38983605984,34.4356125653966],[-118.389834511093,34.4355462312415],[-118.389905243209,34.4355498886317],[-118.389992243136,34.435554890158],[-118.390278244626,34.4355488894091],[-118.39058424339,34.4355278906524],[-118.390665244223,34.4355218888961],[-118.390961779354,34.4354743975295],[-118.391177243961,34.435439889268],[-118.391457244016,34.4353708889944],[-118.391551480379,34.4353401744515],[-118.3918622437,34.435238889302],[-118.392096243899,34.4351428901295],[-118.392246244745,34.4350808892871],[-118.39234224442,34.4350418905709],[-118.392483461699,34.434974306712],[-118.392389153075,34.4347631992093],[-118.39236955944,34.4346168828323],[-118.392365494801,34.434479090687],[-118.392367548908,34.4343730432871],[-118.392202568916,34.4343689879684],[-118.391904911903,34.4343609093427],[-118.391904680117,34.4343609037807],[-118.391870815242,34.4343600575514],[-118.391685560784,34.4343554503705],[-118.391624263448,34.4343539263371],[-118.391202700529,34.434343441246],[-118.391189142621,34.4343431036171],[-118.391595642564,34.4341895894286],[-118.391566601818,34.4337600397341],[-118.391712049034,34.4337294698815],[-118.391992242813,34.4336527785631],[-118.39213161429,34.433611885476],[-118.392152841173,34.4336049147419],[-118.392381503251,34.4335291121144],[-118.392409230604,34.4335199205747],[-118.392610351843,34.4334458771317],[-118.392804180681,34.433365174819],[-118.393615329774,34.4330034830698],[-118.394621727619,34.4325495571545],[-118.395591513657,34.4321114135481],[-118.397545848055,34.4312316873439],[-118.397547664435,34.4312308700134],[-118.397576145642,34.4312180497597],[-118.397656923913,34.4311816804776],[-118.399516681903,34.4303441183557],[-118.401764201031,34.4293318506056],[-118.401867852314,34.429293037129],[-118.401980768842,34.4292472059929],[-118.402070867254,34.42921055585],[-118.402148327468,34.429179575798],[-118.402458053303,34.429059666388],[-118.402586554965,34.4290113785939],[-118.402654513074,34.4289859876929],[-118.402752003258,34.4289507792979],[-118.402813498622,34.4289285588135],[-118.402892596437,34.4288999709199],[-118.402951222542,34.4288795250933],[-118.403069265965,34.428838474761],[-118.403205983285,34.428791934125],[-118.403268575963,34.4287710115731],[-118.403335755419,34.4287484735198],[-118.403393668103,34.428729258638],[-118.403432855812,34.4287166916911],[-118.403477810751,34.4287022754404],[-118.403578623477,34.4286698572872],[-118.403623172967,34.4286555288784],[-118.40364954526,34.4286472714494],[-118.403784353919,34.4286057355023],[-118.404210691344,34.4284797735747],[-118.404210689893,34.4284803712949],[-118.404210832239,34.4284926641052],[-118.404222081655,34.4284894243803],[-118.404771659328,34.4283311634808],[-118.406351611982,34.4279713774209],[-118.406423247225,34.4279614982612],[-118.406444731486,34.4279585350671],[-118.408259330181,34.4277083717174],[-118.408974175123,34.427661481313],[-118.409050652373,34.4276564642667],[-118.409453207607,34.4276300516976],[-118.410623734323,34.4276196374337],[-118.411489558961,34.4276400486909],[-118.415194687023,34.427727321646],[-118.415197961769,34.4276458912775],[-118.415198981018,34.4276174787117],[-118.416610247784,34.4276458868274],[-118.417221247278,34.4276068871901],[-118.417340073945,34.4275925362461],[-118.41763524794,34.4275568871201],[-118.417712227481,34.4275425879192],[-118.418028247687,34.4274838868983],[-118.41827624786,34.4274338868012],[-118.418657247164,34.4273238873674],[-118.419062247464,34.4271978872708],[-118.419483248283,34.4270078866096],[-118.420144247747,34.4267208870283],[-118.420911479227,34.4263670047136],[-118.420931248378,34.4263578865343],[-118.421968247616,34.4258918868293],[-118.42276424773,34.4255308868364],[-118.423274248252,34.4252838869857],[-118.423343247797,34.4252498865132],[-118.423557104207,34.4251529482612],[-118.423710332265,34.4250749489542]]]},"properties":{"OBJECTID":10495,"Date":null,"Code":"1364001","DivisionName":"SULPHUR SPRINGS UNION ELEMENTARY TA1","division_type":"ELEMENTARY SCHOOL","group_type":"13","District":"SULPHUR SPRINGS UNION ELEMENTARY ","Shape__Area":615006425.98632813,"Shape__Length":138396.35987229913,"GlobalID":"992b8570-b256-4619-8adb-f9c555a8b400","CreationDate":1788987057416,"Creator":"RRCCgis_lacounty","EditDate":1788987057416,"Editor":"RRCCgis_lacounty"}},{"type":"Feature","id":10496,"geometry":{"type":"Polygon","coordinates":[[[-118.465261342366,34.4157933082553],[-118.465355253356,34.415788882959],[-118.465453253909,34.4157128825804],[-118.465779253628,34.4157028826062],[-118.465838255305,34.4157008835936],[-118.466005098858,34.4156964427082],[-118.466364254849,34.415686882635],[-118.466405984824,34.4156856376268],[-118.466408063699,34.415749369941],[-118.466412228226,34.4164935573031],[-118.466413075537,34.4166448883609],[-118.466414621323,34.4169209665905],[-118.466416365645,34.4172325014095],[-118.466415523145,34.4176742268676],[-118.466413151537,34.4184350563595],[-118.466413089914,34.418720149774],[-118.466418881449,34.4191813354479],[-118.466408457767,34.4191821815021],[-118.466409255841,34.4192168830051],[-118.4664131707,34.4193872002784],[-118.466417254105,34.4195648842417],[-118.466469255014,34.4198088838231],[-118.466528254583,34.4199378828662],[-118.466679254617,34.4201568842409],[-118.466908255809,34.4204768834171],[-118.46702725573,34.4207388845126],[-118.467101254659,34.4210038833],[-118.467157254824,34.4213988841101],[-118.467306254548,34.4217478837514],[-118.467320255164,34.4217748830574],[-118.467442255381,34.4220238828691],[-118.46754153433,34.4222403760628],[-118.467597255406,34.4223618846465],[-118.467629255341,34.4224418833514],[-118.467733254952,34.4226998828609],[-118.467740305559,34.4227197949093],[-118.46778555533,34.42284758781],[-118.46782425537,34.4229568839305],[-118.467895255444,34.4230588828427],[-118.468038254828,34.4230928842675],[-118.468236255243,34.4230938844183],[-118.468361255286,34.4230938841544],[-118.469312172774,34.4230883227421],[-118.470070255252,34.4230838835684],[-118.470964254982,34.4230778833625],[-118.470975256846,34.4226198827505],[-118.470944255727,34.4223728843878],[-118.470924256164,34.4222088827483],[-118.470878070626,34.4221066792776],[-118.470769257084,34.4218658834504],[-118.470736255757,34.4218018826695],[-118.470605533031,34.4216023907801],[-118.470525256993,34.4214798834468],[-118.470488254631,34.4214208827032],[-118.470378256253,34.4211908833888],[-118.470324254803,34.4209438838918],[-118.470319977018,34.4208737232227],[-118.470341263288,34.4208734035809],[-118.471224880276,34.4208593260062],[-118.471594621246,34.4208620108505],[-118.471873214329,34.4208715753996],[-118.472029069182,34.4208726864087],[-118.47218986893,34.4208682975386],[-118.472193290829,34.4217644150706],[-118.472199961726,34.4223562303448],[-118.472195434659,34.422727539576],[-118.472189974515,34.4229350264727],[-118.472189047189,34.4229481960932],[-118.472176379712,34.4231278987017],[-118.472157490833,34.4232881217252],[-118.4721262603,34.4234007376658],[-118.472098709496,34.4234886642759],[-118.472079038552,34.4235514416576],[-118.472069656162,34.4235813847763],[-118.472027011993,34.4237270502849],[-118.471992843787,34.4238429492868],[-118.471948834542,34.4239760409653],[-118.471862128916,34.4241821372991],[-118.471814553626,34.4242723180359],[-118.471707826593,34.4244568417767],[-118.471513840808,34.4247512618034],[-118.471449665109,34.424836690019],[-118.471410778317,34.4248843556188],[-118.471322870945,34.4249921078288],[-118.471138359246,34.4252019959162],[-118.471033128145,34.4253177333715],[-118.470920515242,34.4254354503118],[-118.470838509787,34.4255168066655],[-118.470757469972,34.4255892529575],[-118.470738995339,34.4256048607943],[-118.470678197485,34.4256562245312],[-118.470595685776,34.4257196908319],[-118.47050652147,34.4257851617475],[-118.470409001897,34.4258518703497],[-118.470258841977,34.4259507720967],[-118.470209283882,34.4259825656903],[-118.470118405905,34.426039252099],[-118.469753108708,34.42624057258],[-118.469506793832,34.4263710333868],[-118.469156275384,34.4265478975341],[-118.468906699183,34.4266890042235],[-118.468754711471,34.4267871385409],[-118.468696913878,34.4268289424319],[-118.468576417108,34.426926271482],[-118.468429963489,34.4270532917034],[-118.468350502796,34.4271295518716],[-118.468321140352,34.4271595565002],[-118.46831150936,34.4271693978657],[-118.468140243161,34.4271693936015],[-118.468053794902,34.4271689581815],[-118.467949476367,34.4271690802692],[-118.467824348018,34.427169214007],[-118.467779337281,34.4271692622727],[-118.467514175065,34.4271708632876],[-118.467504115226,34.427170416131],[-118.467503622747,34.4272290222539],[-118.467503416681,34.4272547248839],[-118.467495125246,34.4272547433153],[-118.467430922876,34.42753404618],[-118.46740906016,34.4276112855121],[-118.467509619417,34.4276261357314],[-118.467549051505,34.4276319591233],[-118.467617109764,34.4276461231368],[-118.467634015525,34.4276502924721],[-118.467754921819,34.4276799429679],[-118.46795757908,34.4277454682878],[-118.467725410732,34.4278040600677],[-118.467511748677,34.4278581661696],[-118.467507679927,34.4278591969778],[-118.467508656503,34.4279622385582],[-118.467512693661,34.427961199758],[-118.467680055281,34.4279181347531],[-118.467593575134,34.4281792134218],[-118.46758105325,34.4282288063939],[-118.467569326195,34.4282783133596],[-118.467556499966,34.428338624037],[-118.467547224108,34.4283877365975],[-118.467538849519,34.4284376985345],[-118.467528229786,34.4285131410664],[-118.467518686045,34.428613971156],[-118.467512105429,34.4286834912677],[-118.467510421189,34.4288674386457],[-118.467522397167,34.42901828945],[-118.467522489843,34.4290284034028],[-118.467524826563,34.4290488916741],[-118.467533224767,34.4291095343483],[-118.467542778738,34.4291665456959],[-118.467553577102,34.4292217581937],[-118.46757368481,34.4293086147132],[-118.467584371296,34.4293574583015],[-118.467594150455,34.4293979797198],[-118.467642251094,34.4295661016817],[-118.467711724131,34.4297544212299],[-118.467791763728,34.4299288776724],[-118.46779067013,34.4299290468702],[-118.467664219143,34.429946653649],[-118.467530937541,34.4299487604037],[-118.467535621475,34.4308610910732],[-118.467536994315,34.4309467152742],[-118.467538243497,34.4310246534735],[-118.467543556596,34.4319023140708],[-118.467546521106,34.4322829013748],[-118.467562932137,34.4343669614641],[-118.467562868793,34.4344209933262],[-118.467592308595,34.43796495978],[-118.467592237464,34.4379772912289],[-118.467579021828,34.4379735467074],[-118.466883762387,34.4379750153239],[-118.466732907852,34.43797442197],[-118.466535530463,34.4378465936206],[-118.466253555464,34.4378412145222],[-118.466195110432,34.4378400976383],[-118.466187585218,34.4378465571927],[-118.466023960441,34.4378437780285],[-118.465922993707,34.4378420778725],[-118.465917467506,34.437850314769],[-118.465797306068,34.4378678403968],[-118.465675619052,34.4378855646892],[-118.465665600313,34.4378969786926],[-118.465624876996,34.4379095833663],[-118.465443340444,34.4379657873677],[-118.465441300528,34.4379685701134],[-118.465440751994,34.4379693277028],[-118.465434915724,34.4379773881646],[-118.465336305224,34.4379820252752],[-118.46519193816,34.4379888445752],[-118.465104421674,34.4379904711103],[-118.464980559107,34.4379927877258],[-118.46494210851,34.4380265965388],[-118.464425179413,34.4380321483464],[-118.464322653411,34.4379649095511],[-118.464225352263,34.4379010972391],[-118.463196531914,34.4379121066017],[-118.463190764108,34.4379121682901],[-118.463190619017,34.4379604252159],[-118.463190578618,34.4379737040538],[-118.463190577936,34.4379737770806],[-118.46310976817,34.4379739494439],[-118.462867009031,34.437974441325],[-118.459261627365,34.4379819044317],[-118.45883880168,34.4379837251736],[-118.456092705215,34.4379868847133],[-118.455685741338,34.4379873573621],[-118.455355914068,34.4379877212634],[-118.454466973472,34.4379887249042],[-118.45410859948,34.4379891319436],[-118.453748457396,34.4379895589617],[-118.453584846707,34.4379897245043],[-118.453315503652,34.4379900289038],[-118.453139210056,34.437990245742],[-118.452909889085,34.4379905043287],[-118.452773568503,34.4379906561483],[-118.452582749415,34.4379908524605],[-118.452441530128,34.4379910104613],[-118.45239285178,34.4379675772354],[-118.452376339971,34.4379911039014],[-118.452180522165,34.437991323629],[-118.451983935049,34.4379915423005],[-118.451788119417,34.4379917613866],[-118.451592301495,34.43799195943],[-118.45157404613,34.4379919795988],[-118.45138090194,34.4379922160317],[-118.451183610793,34.4379924315181],[-118.450992708036,34.4379926481788],[-118.450803844392,34.4379928587655],[-118.450796739784,34.4380072880519],[-118.45074726205,34.4379930897348],[-118.450747341525,34.4379928965115],[-118.450397653948,34.4379932828542],[-118.45012692787,34.4379935817029],[-118.450095403017,34.4380147783008],[-118.450095051743,34.438015014904],[-118.450097763124,34.4382058367866],[-118.45010193726,34.4385436851115],[-118.450112866292,34.439428282523],[-118.450112408703,34.4394285799234],[-118.450090830435,34.4394426039827],[-118.449982641203,34.4395738113742],[-118.449934401565,34.4396350456785],[-118.449957004115,34.4396621547829],[-118.449953814206,34.439663664059],[-118.449954217748,34.4396642386418],[-118.449971006777,34.4396573932436],[-118.449988791511,34.439652571697],[-118.450007217744,34.4396498717792],[-118.450025919063,34.4396493471381],[-118.450044524466,34.439651008165],[-118.45006266271,34.4396548201758],[-118.450079972129,34.4396607087837],[-118.450096108239,34.4396685571663],[-118.450110753538,34.4396782078321],[-118.450116003658,34.4396821992728],[-118.45011745436,34.4397996085993],[-118.450118505361,34.4398847409337],[-118.450118935567,34.4398848123618],[-118.450122063578,34.4398855400135],[-118.450140131062,34.4398897390328],[-118.45016084149,34.4398959188272],[-118.450180962216,34.4399033196784],[-118.450186278561,34.4399054681376],[-118.450120238722,34.4400250517445],[-118.450028166915,34.4401917747493],[-118.450116207698,34.4402123907515],[-118.450121591798,34.4402139854213],[-118.450122577063,34.440214276567],[-118.450123633187,34.4402997505608],[-118.450135230913,34.4412385202765],[-118.450093398378,34.4452199012037],[-118.450092518129,34.4470017423473],[-118.450091682497,34.4487986900699],[-118.450091749856,34.449259727895],[-118.450091775907,34.4494842047626],[-118.450089126888,34.4524045676469],[-118.450089126778,34.4524049498968],[-118.450089126157,34.4524050364461],[-118.450089125025,34.4524056323628],[-118.450072324893,34.4540415853614],[-118.450072193771,34.4540543749765],[-118.450052914593,34.4559297008136],[-118.450052602957,34.4559600376055],[-118.450051789324,34.4560380465441],[-118.45003741431,34.4574167687442],[-118.450034206619,34.4577244048136],[-118.450028231434,34.4583119919732],[-118.450017199593,34.4593967824863],[-118.450015946812,34.4595200156476],[-118.449499298046,34.4595287451203],[-118.448115911909,34.4595534579636],[-118.447296686897,34.4595680857274],[-118.447164703006,34.4595704419117],[-118.447148266371,34.4595707350716],[-118.447147751604,34.4595707441806],[-118.447147800407,34.4595707115457],[-118.445429827821,34.4596017071747],[-118.445297167022,34.4596040962671],[-118.445207622597,34.4596057112958],[-118.443774183132,34.4596315337115],[-118.443490729066,34.4596366250235],[-118.44348913966,34.4590752600465],[-118.443487699697,34.458573414487],[-118.443486732022,34.4582270506569],[-118.443485948964,34.4579564165656],[-118.443485018024,34.4576263459587],[-118.443484030894,34.457279186123],[-118.443482483164,34.4567352321677],[-118.443480523154,34.4560470518173],[-118.443142280054,34.4560515140745],[-118.443078623041,34.4560523541543],[-118.442716798952,34.4560571267071],[-118.442351050503,34.4560619566615],[-118.442129813203,34.4560648887481],[-118.44127965165,34.4560760952965],[-118.44127440715,34.4546889561551],[-118.441273624109,34.4544818556217],[-118.441266238306,34.4525255106767],[-118.441266150711,34.452502204604],[-118.43922906459,34.4525240172091],[-118.439174018575,34.45252460591],[-118.439167953719,34.4525246666262],[-118.439021436169,34.4525261199863],[-118.437488547908,34.4525429750513],[-118.436966738768,34.4525487074966],[-118.436961145154,34.4525487691099],[-118.436959741312,34.4525487849836],[-118.436957797694,34.4525488064071],[-118.436899107176,34.4525494504733],[-118.436889298765,34.4525495588124],[-118.436856879737,34.4525499144369],[-118.436855503097,34.4525499293099],[-118.436855539929,34.4525453331708],[-118.436855572488,34.4525411670775],[-118.436857457066,34.4523027512443],[-118.436853408281,34.4514746119322],[-118.436853337971,34.4514599659069],[-118.436853273677,34.4514468813123],[-118.436852117356,34.4512105057549],[-118.436852009423,34.4511884808305],[-118.436855257052,34.4508124277763],[-118.436855775125,34.4507524875961],[-118.436855803933,34.4507490589684],[-118.436855805239,34.450748893082],[-118.436855806025,34.4507488353811],[-118.436283620222,34.450752075952],[-118.436287425105,34.4497752755256],[-118.436644812665,34.4497763528873],[-118.436646148351,34.4494933447321],[-118.436647028037,34.4492850481266],[-118.436648752421,34.448876520133],[-118.435159472532,34.4488777485522],[-118.435153574167,34.4494945848939],[-118.435151365152,34.4496978701185],[-118.435150571652,34.4497707293229],[-118.434237487503,34.4497677663363],[-118.43413645766,34.4497674372782],[-118.434140930308,34.4493401269576],[-118.434110417491,34.4493401594965],[-118.434116636945,34.4491341237986],[-118.433993004441,34.449081998667],[-118.43355576244,34.4488996466675],[-118.433457099318,34.4488585061816],[-118.433463572619,34.4481755657969],[-118.433466669436,34.4478487387652],[-118.4334771188,34.4468364970346],[-118.433477121852,34.4468362472995],[-118.432630477897,34.4464944206223],[-118.432628658904,34.4464936860493],[-118.432622248811,34.4464910980696],[-118.43252903097,34.4464534615049],[-118.432495730804,34.4464400166664],[-118.432499666123,34.445935739993],[-118.432503677304,34.4454219834262],[-118.432507116693,34.445085399673],[-118.432507120919,34.4450849561043],[-118.432510412753,34.4447627099262],[-118.432512246069,34.4445832994985],[-118.43251258658,34.4445499668572],[-118.432516452879,34.4441715577039],[-118.432520314216,34.4437934568818],[-118.432522271559,34.443601687803],[-118.432524222891,34.4434106489836],[-118.432524248297,34.4434082075451],[-118.432526191001,34.4432180234059],[-118.432528096099,34.4430314951092],[-118.432531970935,34.4426520328948],[-118.432535419262,34.4423142806568],[-118.432537428443,34.4421176304795],[-118.43253744354,34.442116137489],[-118.4325389301,34.4419707610888],[-118.432540138646,34.4418523099256],[-118.432540653166,34.4418019926994],[-118.432541129771,34.4417552700156],[-118.432541132225,34.4417551140419],[-118.432542025885,34.4416675928517],[-118.432543670042,34.4415064706314],[-118.432543695646,34.4415038579009],[-118.432545375297,34.441339514379],[-118.43254616643,34.4412620050628],[-118.432546191924,34.4412595807528],[-118.432547268503,34.4411540652331],[-118.432547709781,34.4411108081615],[-118.432548648153,34.4410189089691],[-118.432548750107,34.4410089980659],[-118.432549638299,34.4409221034552],[-118.432550098421,34.4408770279259],[-118.432550101783,34.4408766276338],[-118.432550360416,34.4408512107251],[-118.432551454548,34.4407442580979],[-118.43255176274,34.4407141368191],[-118.432552980191,34.4405948931669],[-118.432553067147,34.4405862850304],[-118.432554820429,34.440414545969],[-118.43255706599,34.4401947075213],[-118.432557335972,34.4401683340457],[-118.432557380267,34.4401638731078],[-118.432558481011,34.4400561018608],[-118.432559545634,34.4399520612809],[-118.432562679539,34.4396451578172],[-118.432562989156,34.4396146840318],[-118.432563044049,34.4396093305394],[-118.432564260132,34.4394904583139],[-118.432565475068,34.4393715752731],[-118.432568293004,34.4390956062887],[-118.432568575654,34.4390679021046],[-118.432568643826,34.4390611250456],[-118.43256897349,34.4390288553358],[-118.43257017097,34.4389116419906],[-118.432572875187,34.4386468848546],[-118.432573688944,34.4385672469258],[-118.432573930401,34.4385435538035],[-118.432573968107,34.4385399195935],[-118.432574174914,34.4385196109459],[-118.43257424906,34.4385123082722],[-118.432574926517,34.4384460234194],[-118.432575054145,34.438433515109],[-118.432575934764,34.4383472678093],[-118.432576080547,34.4383330176742],[-118.432576774576,34.4382651054962],[-118.432577185725,34.4382248524279],[-118.432577426621,34.4382012611801],[-118.432578347172,34.4381109712669],[-118.432578399879,34.4381058260356],[-118.432578403108,34.4381056096564],[-118.432569791883,34.4381056484736],[-118.432272087183,34.4381071080432],[-118.43224211879,34.4381072553865],[-118.432069030019,34.4381083948272],[-118.432064951564,34.4381081542184],[-118.432050477686,34.4381082255972],[-118.431881871968,34.4381097806397],[-118.431880997159,34.438109789163],[-118.431863195439,34.4381100021865],[-118.43187126365,34.4380967362715],[-118.431903823321,34.4380431739397],[-118.431953371239,34.4379590775294],[-118.432104501787,34.4377153772261],[-118.432242970634,34.4375044817115],[-118.432379773719,34.4373054849812],[-118.43240625913,34.4372685233326],[-118.432519712828,34.4371101921253],[-118.432565526028,34.4370488859788],[-118.432646323428,34.4369407403707],[-118.432729158454,34.4368367462071],[-118.432931349421,34.4365842368443],[-118.433014544638,34.4364849886639],[-118.433082977517,34.436403346857],[-118.433244540408,34.436222457259],[-118.433391314803,34.4360653017193],[-118.433536511152,34.4359253339401],[-118.433688353108,34.4357880837872],[-118.433970614721,34.4355445775829],[-118.434059790955,34.4354676445403],[-118.434135130055,34.4354053756878],[-118.434173133258,34.4353739655331],[-118.434248021493,34.4353120705559],[-118.434421455179,34.4351812548526],[-118.434580073513,34.4350707746444],[-118.434737082774,34.4349695857754],[-118.434897422135,34.4348731619833],[-118.435201618952,34.4346972513731],[-118.435530662971,34.4345157271049],[-118.435834954979,34.4343576784158],[-118.435959007294,34.4342981498604],[-118.436081417362,34.4342417067152],[-118.436374249269,34.4341121916912],[-118.436609190191,34.4340120930664],[-118.436822665866,34.4339285323573],[-118.436902403181,34.4338995296079],[-118.436920548039,34.4338929281498],[-118.436919859507,34.4337164673667],[-118.436905523374,34.4326817354687],[-118.43719466217,34.4316967890869],[-118.437470098088,34.4316858513318],[-118.437530307568,34.4316834605976],[-118.437570451371,34.4316729923566],[-118.437588618487,34.4316601683371],[-118.437796454446,34.431811348356],[-118.43819587223,34.4317284591037],[-118.438234374815,34.4316653939434],[-118.438319251115,34.4315988859561],[-118.438306432298,34.4314459827462],[-118.438291251004,34.431264885422],[-118.438256250913,34.4308748862165],[-118.438244251637,34.4307798863806],[-118.438226251016,34.4306898864862],[-118.438200251441,34.4306048856328],[-118.43816825239,34.4305328858102],[-118.438104250464,34.4303868865534],[-118.438222250474,34.4303418867658],[-118.438361469643,34.4302848125904],[-118.438483251516,34.4302348864296],[-118.438600508079,34.4302020939099],[-118.43878606423,34.4301604527279],[-118.43877930799,34.4300708918535],[-118.438757871521,34.4299295675768],[-118.438722036789,34.4296933206912],[-118.438648976792,34.4294157198627],[-118.43893702603,34.4293965418102],[-118.439028741725,34.429388609094],[-118.438995251251,34.4290848866826],[-118.43899397974,34.4290480068706],[-118.438987251258,34.4288528854181],[-118.438985250712,34.4286328870847],[-118.438996251287,34.4285248860092],[-118.439024296962,34.4284541394943],[-118.439107251557,34.4282448855572],[-118.439163668756,34.4281390667458],[-118.43923303972,34.4280089497686],[-118.439250538913,34.4279761274039],[-118.439377078249,34.4277387823474],[-118.43948525062,34.4275358854588],[-118.439519251097,34.4274438852453],[-118.439546252268,34.4273398857365],[-118.439546251111,34.4273068860278],[-118.439546251258,34.4272858848166],[-118.439544754736,34.4272352709657],[-118.439536774446,34.4269654070502],[-118.439535251381,34.426913884549],[-118.439487176471,34.4266373124426],[-118.439452275864,34.4264687422215],[-118.439200915537,34.4265052135365],[-118.439098426093,34.4265148992094],[-118.438983318501,34.4265211144806],[-118.438868062308,34.4265220499014],[-118.438551278358,34.4265126476424],[-118.437637703176,34.4265166331004],[-118.436971169624,34.4265197229239],[-118.436833429653,34.4264968621055],[-118.436768708373,34.4264860982589],[-118.436690697632,34.4264705851633],[-118.436612668963,34.4264506085927],[-118.436551212261,34.4264312394683],[-118.436496387973,34.4264098134906],[-118.436404946682,34.4263634277631],[-118.436310080803,34.4262950731091],[-118.436175362023,34.4262161983559],[-118.43603063319,34.4261246649505],[-118.43596408105,34.4260806046313],[-118.435892934403,34.4260334090266],[-118.435606354742,34.4258186917398],[-118.435446824918,34.425699165003],[-118.435339682254,34.4256238126904],[-118.435285034778,34.425591506735],[-118.43523349388,34.4255648999182],[-118.435173663341,34.4255379901532],[-118.435105539326,34.425511083061],[-118.435054055762,34.4254937662592],[-118.435037443584,34.4254883309945],[-118.434969363933,34.4254686530593],[-118.434906285084,34.4254561558971],[-118.434818361637,34.4254472105494],[-118.434725506723,34.4254458151188],[-118.43462603015,34.4254478998196],[-118.434521636551,34.4254592680072],[-118.434423894179,34.4254757483179],[-118.434341106653,34.4254980268528],[-118.434261663143,34.4255254582415],[-118.434188888907,34.4255593828875],[-118.434121114987,34.4255997977602],[-118.43405503855,34.4256467471417],[-118.433951059762,34.4257388411117],[-118.433865352703,34.4258367025579],[-118.433835731436,34.4258800883871],[-118.433778189746,34.4259740481727],[-118.433656652863,34.4261963769944],[-118.433482516738,34.4265068219593],[-118.433424919668,34.4265905079009],[-118.433390327177,34.4266356116703],[-118.433324409711,34.4267131454788],[-118.433256762936,34.426776590864],[-118.433227013306,34.4267962594741],[-118.43303194522,34.4269075587209],[-118.432917830169,34.4269669767579],[-118.432879806973,34.4269867748788],[-118.432800397883,34.4270214048185],[-118.432717780592,34.4270504422229],[-118.432644788615,34.4270690063943],[-118.432591780847,34.4270788093833],[-118.432576864234,34.4270816681468],[-118.43260752782,34.4272550948281],[-118.432635249161,34.4274118860938],[-118.432611250594,34.4275878859528],[-118.432498249741,34.4278658861277],[-118.432374249865,34.4281558860274],[-118.432316706879,34.4283489442704],[-118.432205250702,34.4287228860571],[-118.432070274117,34.4292671433921],[-118.432050250336,34.4293478865482],[-118.432008606531,34.4294936386764],[-118.431942248631,34.4297258870769],[-118.43177125017,34.4299738871654],[-118.431504250053,34.4301758861476],[-118.431297249272,34.4302848873143],[-118.4310762502,34.430353887289],[-118.430894249746,34.4303868871851],[-118.430651250322,34.430398886704],[-118.430332876766,34.4303531791942],[-118.430269161593,34.4303440319658],[-118.430267617789,34.4303505807638],[-118.430230519277,34.4303454969751],[-118.430076624683,34.4303216679359],[-118.429923967897,34.4303009130482],[-118.429585508157,34.4302626105324],[-118.429487632125,34.4302540274139],[-118.429389774905,34.4302488780868],[-118.429303535135,34.4302457484717],[-118.429213996839,34.4302460653044],[-118.429010081018,34.4302533119085],[-118.428882444943,34.430261320768],[-118.428822781029,34.4302670274312],[-118.428766430485,34.4302723788705],[-118.42866037925,34.4302858060432],[-118.428567607741,34.4303022775636],[-118.428396995425,34.4303368850847],[-118.428272740744,34.4303575893609],[-118.428133558309,34.4303776592263],[-118.427991033503,34.4303922449828],[-118.427860099194,34.4304040418222],[-118.427729125365,34.4304079385317],[-118.427661124812,34.4304047434376],[-118.427500229005,34.4303939755773],[-118.427417276105,34.4303853372969],[-118.427282841554,34.4303610800451],[-118.427003839752,34.4302768784459],[-118.426706658396,34.4302040742183],[-118.426597101354,34.4301807591509],[-118.426475967473,34.4301633248107],[-118.426399666706,34.4301584398695],[-118.426308461588,34.4301570429977],[-118.426227259657,34.4301662598106],[-118.426157690873,34.4301805870585],[-118.426093126285,34.4302007359141],[-118.425967358918,34.4302499513946],[-118.425894521207,34.4302735640318],[-118.425853128656,34.4302857321793],[-118.425846281482,34.4302727038316],[-118.42584524988,34.4302728859562],[-118.425839342816,34.4302747647501],[-118.425650248107,34.4303348871439],[-118.425508249969,34.4303648870403],[-118.425317248843,34.4303798876008],[-118.425168248995,34.4303808859145],[-118.425017248522,34.4303488859596],[-118.424840249488,34.4302858875302],[-118.424644249228,34.4301758872621],[-118.424573247828,34.4301038869876],[-118.424448248344,34.4299268875396],[-118.424404992955,34.4298049416617],[-118.424354249046,34.4296618864416],[-118.424303249554,34.4292838864755],[-118.424289248307,34.4289588870829],[-118.42427469858,34.4286325598402],[-118.424254249184,34.4281738857382],[-118.425384984617,34.4281607014127],[-118.42562624954,34.4281578861894],[-118.425626705384,34.4281578809838],[-118.425626694205,34.4281576096618],[-118.425607901967,34.4277248850517],[-118.425603692475,34.4275500656394],[-118.425591340136,34.4274041292406],[-118.425577440339,34.4272798359483],[-118.425542777022,34.426985934466],[-118.425525273244,34.4268655430186],[-118.425515755129,34.4268209397315],[-118.425346419391,34.4268478646685],[-118.424962006982,34.4269000484789],[-118.424643847286,34.4269372122274],[-118.424507950102,34.4269500496872],[-118.424401859584,34.4269559220545],[-118.423826516737,34.4269643335727],[-118.423753500167,34.4269653883206],[-118.42374734714,34.4266945516194],[-118.423746726552,34.4265595231651],[-118.423752782623,34.4263117500832],[-118.423757569041,34.4261159502696],[-118.423746445102,34.4258855222768],[-118.423736529365,34.4257824387313],[-118.423721935077,34.4256307419644],[-118.423706349764,34.4254995873688],[-118.42370756458,34.4254126690844],[-118.423708642139,34.4252989829765],[-118.423710268057,34.4250835002141],[-118.42399668876,34.424953590178],[-118.424095248414,34.4249088866304],[-118.424459921257,34.4247361170947],[-118.424724248728,34.4246108867628],[-118.425603588349,34.4242111086953],[-118.425738247923,34.4241498872742],[-118.426241249997,34.4239228864081],[-118.427729248951,34.4232358860933],[-118.428076249157,34.4230758849523],[-118.428767167925,34.4227523051702],[-118.430066248847,34.4221438847568],[-118.43152133197,34.4214707261393],[-118.432180249953,34.4211658852334],[-118.433223876528,34.4206895687448],[-118.434371249954,34.4201658847286],[-118.435970250567,34.4194288846257],[-118.436729855188,34.4190808737406],[-118.437105250568,34.4189088846895],[-118.437127143039,34.4188987401738],[-118.437232095701,34.4190541684951],[-118.43737821076,34.4192692524206],[-118.437385273465,34.4192796477769],[-118.43773001198,34.4197871006718],[-118.437903830105,34.4197370115459],[-118.438027958451,34.4196963612724],[-118.438145444027,34.4196530176451],[-118.438277774203,34.4195944763084],[-118.43841669038,34.4195276935449],[-118.438668018701,34.4193990105358],[-118.438783726056,34.4193329730081],[-118.438901036522,34.419256979344],[-118.439140524133,34.4190833534776],[-118.43926106603,34.4189908605186],[-118.439848770778,34.4185143690685],[-118.439984164949,34.4184091288313],[-118.440225280914,34.4182320320997],[-118.440357427693,34.4181394995236],[-118.440585382056,34.4179817075087],[-118.440664729356,34.4179310523827],[-118.440710961983,34.4179015647324],[-118.440863038841,34.4178165149357],[-118.440960469413,34.4177646444301],[-118.441030017196,34.4177276180123],[-118.441205278424,34.4176383616685],[-118.441480306501,34.4175037049637],[-118.441545921016,34.4174715626488],[-118.441855186186,34.4173279075538],[-118.441911011313,34.4173042661026],[-118.442005720315,34.4172641570596],[-118.442154631032,34.4172079698522],[-118.442331702104,34.4171475570539],[-118.442528674058,34.4170877547521],[-118.442914391114,34.4169798712176],[-118.443228901095,34.4168883724166],[-118.443437515918,34.4168350703198],[-118.44367263187,34.4167785633399],[-118.443925973099,34.4167195703842],[-118.444120357704,34.4166790614697],[-118.444189279946,34.4166646982759],[-118.444292895,34.4166448916217],[-118.444671232762,34.4165725796941],[-118.444921346971,34.416530447053],[-118.445042776692,34.4165143933041],[-118.44504255671,34.4164762718524],[-118.445457176353,34.4164762643816],[-118.445509239632,34.4164726338083],[-118.44567696917,34.4164607033572],[-118.445904023954,34.4164475070063],[-118.446114337781,34.41644770459],[-118.447459416191,34.4164489613971],[-118.447646893093,34.4164491873799],[-118.447744100152,34.416449303686],[-118.44809741116,34.4164497262575],[-118.448939615551,34.4164503784789],[-118.449098769773,34.4164504762545],[-118.449869799805,34.4164716628351],[-118.449935861301,34.416473475093],[-118.45012349223,34.4164786361816],[-118.450302568357,34.4164837935811],[-118.450428563837,34.4164826396765],[-118.450831414817,34.4164801287355],[-118.451008793098,34.4164780944569],[-118.451794594326,34.416471735119],[-118.45215633245,34.4164694432315],[-118.45219578502,34.4164691933752],[-118.452444666543,34.4164662295713],[-118.452736230029,34.416463743331],[-118.453203723327,34.416459938326],[-118.453747331286,34.416459407857],[-118.453849534762,34.4164593067484],[-118.453971286885,34.4164536330288],[-118.453982259282,34.4164539065957],[-118.454283009537,34.4164613937879],[-118.455156843011,34.4164852701682],[-118.455566372314,34.4164909314156],[-118.455896373886,34.4164886727447],[-118.455947665986,34.4164881193271],[-118.456284137289,34.4164738070101],[-118.456396821514,34.4164644524495],[-118.45666517951,34.416423952454],[-118.456802640804,34.4163980169669],[-118.456938415825,34.4163669191803],[-118.457085754323,34.4163282534589],[-118.457368811895,34.4162481876663],[-118.457516146556,34.4162094916842],[-118.457635360817,34.4161815631713],[-118.457680068986,34.4161710872334],[-118.457954992707,34.4161198998596],[-118.458254778728,34.4160679345662],[-118.458330981595,34.4160570130353],[-118.458355873285,34.4160549923925],[-118.45844698066,34.4160476386314],[-118.458465213265,34.4160465302457],[-118.458592828277,34.4160395333155],[-118.458674980081,34.4160364450459],[-118.45892931045,34.4160275981689],[-118.460202300289,34.4159805406217],[-118.461155372324,34.4159453164872],[-118.461595450748,34.415929066451],[-118.461626210672,34.4159279306487],[-118.463706311253,34.4158510961752],[-118.464203570895,34.4158327067925],[-118.464533411773,34.4158204551547],[-118.465261328965,34.4157928566378],[-118.465261342366,34.4157933082553]]]},"properties":{"OBJECTID":10496,"Date":null,"Code":"1364002","DivisionName":"SULPHUR SPRINGS UNION ELEMENTARY TA2","division_type":"ELEMENTARY SCHOOL","group_type":"13","District":"SULPHUR SPRINGS UNION ELEMENTARY ","Shape__Area":114733808.27832031,"Shape__Length":68112.735121768375,"GlobalID":"73d7f6e4-d815-4523-bfa1-1f4f08ef3bf1","CreationDate":1788987057416,"Creator":"RRCCgis_lacounty","EditDate":1788987057416,"Editor":"RRCCgis_lacounty"}},{"type":"Feature","id":10497,"geometry":{"type":"Polygon","coordinates":[[[-118.467409908215,34.4088895094064],[-118.467436129547,34.4088881759477],[-118.467677479309,34.4088759050804],[-118.467934501116,34.4088628376128],[-118.468099549014,34.4088585657004],[-118.468200329199,34.4088559579995],[-118.468363243835,34.408854751971],[-118.468526072463,34.408855853986],[-118.468688880674,34.4088593196865],[-118.468851603056,34.4088651204766],[-118.469098900938,34.4088784535293],[-118.469311132847,34.4088946137615],[-118.469345682517,34.4088972450688],[-118.469393125874,34.4089019189269],[-118.469524383081,34.4089148464227],[-118.469591772653,34.4089214840567],[-118.469681765285,34.4089317304141],[-118.469749503485,34.408940582584],[-118.469890142918,34.4089589618904],[-118.469957007054,34.40896769923],[-118.470016337213,34.4089769696891],[-118.47018844115,34.4090038652161],[-118.470230825629,34.4090104885467],[-118.470263823751,34.4090165000549],[-118.470502970696,34.4090600632838],[-118.470620935342,34.409083456599],[-118.470778642842,34.4091171930102],[-118.470935601802,34.4091531859615],[-118.471091777575,34.4091914617351],[-118.4710659874,34.4092567420099],[-118.471106182031,34.4092673330838],[-118.471276137582,34.4093121200728],[-118.471428927107,34.409355299401],[-118.471501173779,34.4093768879907],[-118.471580800321,34.4094006818463],[-118.472030295607,34.4095498466108],[-118.472177975316,34.4096038993707],[-118.47232450645,34.4096600452818],[-118.472481113848,34.4097214005005],[-118.472701828149,34.4098154793257],[-118.472919128451,34.4099143446927],[-118.472997970719,34.409952536395],[-118.473133143242,34.4100180150509],[-118.473343717676,34.4101264188991],[-118.473449715925,34.4101834870472],[-118.473688847279,34.4103186905474],[-118.473922739841,34.4104600480958],[-118.474151162254,34.4106074235938],[-118.474289491187,34.4107013537027],[-118.474302283862,34.4107100395517],[-118.474429269194,34.4107998415579],[-118.474438184827,34.4108063815786],[-118.474548364468,34.4108872257339],[-118.474917287084,34.4108868986635],[-118.475156430423,34.4108866859187],[-118.475036820054,34.4107903466994],[-118.47491376588,34.410694734864],[-118.474788766088,34.4106008614688],[-118.474746518005,34.4105702781864],[-118.474661821623,34.4105088923866],[-118.47461382621,34.4104753132112],[-118.474606988449,34.4104705293768],[-118.474691124526,34.4104150784242],[-118.474757740766,34.4103750572569],[-118.47488491683,34.4102987194951],[-118.475030737845,34.4102240683689],[-118.47518283092,34.4101555689111],[-118.475424095997,34.4100565219063],[-118.475656473815,34.4099678174307],[-118.475782178264,34.4099245131446],[-118.475909923936,34.4098838097613],[-118.476042519652,34.4098447938125],[-118.476163738236,34.4098127939608],[-118.476171474659,34.4098107504575],[-118.476163546986,34.4098185374925],[-118.476164595792,34.4099460826119],[-118.476168327876,34.4106066464161],[-118.476508113849,34.4106062098198],[-118.476510283978,34.4108810163383],[-118.476510288623,34.4108879139676],[-118.476407083396,34.4108879903518],[-118.476170314977,34.4108876895754],[-118.476175092878,34.4116166388075],[-118.476389754732,34.4119858724834],[-118.477168930646,34.4126978063326],[-118.478252720913,34.4126990459173],[-118.478365636404,34.412699249718],[-118.478366365816,34.4128109299476],[-118.478371495569,34.413596270535],[-118.478482874982,34.4136992742524],[-118.478447123736,34.4137251532214],[-118.478420716742,34.4137445899125],[-118.478420750644,34.4137446213325],[-118.47842067669,34.4137446243288],[-118.478588120665,34.4139106125279],[-118.478685943499,34.4140075841885],[-118.478766375582,34.4140873158432],[-118.47878167694,34.4141024859796],[-118.47883656334,34.4141139667226],[-118.478934945011,34.4141322716092],[-118.479186123479,34.4141662852141],[-118.479296892639,34.4141755832104],[-118.479392514946,34.4141810769948],[-118.479488399559,34.4141847034886],[-118.479585213584,34.4141868891844],[-118.47960736982,34.4141871991504],[-118.479614140921,34.4141872922792],[-118.479634077831,34.4141875704473],[-118.47968294738,34.4141880389071],[-118.479781552128,34.4141885540312],[-118.480057874128,34.4141893989516],[-118.480158203127,34.4141899240738],[-118.480259385537,34.4141911128701],[-118.480361434855,34.414193418757],[-118.480464275431,34.4141973045198],[-118.480490178468,34.4141986191185],[-118.48050031335,34.4141991334118],[-118.480567838233,34.4142032482437],[-118.480664290121,34.4142110988602],[-118.480664468103,34.414211026032],[-118.480671611297,34.4142116946098],[-118.48067972327,34.4142124711382],[-118.480696195716,34.4142141070513],[-118.480710246751,34.4142155659414],[-118.480741964863,34.4142190734126],[-118.480849301635,34.4142331707499],[-118.480900330032,34.4142410894647],[-118.480901384427,34.4142366190775],[-118.480990373756,34.4142521575671],[-118.481068198574,34.4142674589957],[-118.481135625825,34.4142823418382],[-118.481194774324,34.4142969518684],[-118.481262656159,34.4143150062416],[-118.481312021333,34.4143289428213],[-118.481319685861,34.4143309733153],[-118.481380499797,34.4143497110874],[-118.481407309479,34.4143584415286],[-118.481481877647,34.4143835471949],[-118.48154596607,34.4144070031433],[-118.481553032708,34.4144094786502],[-118.481610614248,34.4144322526937],[-118.48164892795,34.4144478052976],[-118.481717706624,34.4144775668009],[-118.481766410163,34.4144997079935],[-118.481818191657,34.4145243783678],[-118.481881138022,34.4145562878667],[-118.481915790499,34.4145741439312],[-118.481939427352,34.4145874242899],[-118.481969375541,34.4146034887487],[-118.481998684549,34.4146207583885],[-118.482026694608,34.4146366944035],[-118.482056980613,34.4146552989266],[-118.482088395129,34.4146741649096],[-118.48212385409,34.4146967742104],[-118.482165985503,34.4147244109832],[-118.482193693001,34.4147436928592],[-118.482248339273,34.4147815618602],[-118.482254917495,34.414786661835],[-118.482294002203,34.4148156485562],[-118.482342147126,34.4148530376058],[-118.482370680906,34.4148757942793],[-118.482399372368,34.4148992904795],[-118.482433111557,34.4149277052065],[-118.482466042616,34.4149572644825],[-118.482498809287,34.4149864223189],[-118.482541162132,34.4150265109902],[-118.4825922923,34.4150777978547],[-118.482622414672,34.4151090415138],[-118.482645386253,34.415133624228],[-118.482673586382,34.4151646645644],[-118.48269817657,34.41519279468],[-118.48273376359,34.4152351829814],[-118.482778304178,34.4152906421561],[-118.482797494706,34.4153163767279],[-118.482817920402,34.4153431305241],[-118.482855315855,34.4153958981809],[-118.482870382988,34.4154185334501],[-118.482914510708,34.415486432703],[-118.482940906744,34.4155299267587],[-118.482955250122,34.4155547457135],[-118.482986560929,34.4156107921008],[-118.483009567891,34.4156545673933],[-118.483022981503,34.4156818755758],[-118.483026269415,34.4156892740047],[-118.483045013502,34.4157278499829],[-118.483059403326,34.4157602921239],[-118.483071995822,34.4157891298707],[-118.483087875125,34.4158279859097],[-118.483103010206,34.4158668151603],[-118.483121063668,34.4159159084851],[-118.483125085091,34.4159280460659],[-118.483144142631,34.4159855755624],[-118.483162792124,34.4160487088223],[-118.483166636664,34.4160648580374],[-118.483176122932,34.4161016696063],[-118.483183399973,34.4161321341507],[-118.483194005721,34.4161798363139],[-118.483197535454,34.4161972236886],[-118.483200691377,34.4162148685884],[-118.482705923895,34.416295316419],[-118.482684965566,34.4161900040291],[-118.48263567237,34.4160279986436],[-118.4822955588,34.4161438474459],[-118.482003786735,34.4162575937388],[-118.481896476593,34.4163159068244],[-118.481268396682,34.416657209316],[-118.481115928156,34.4165149830623],[-118.481003257907,34.4164098817873],[-118.480901280903,34.4163175010463],[-118.48090124919,34.4163174723229],[-118.480869929405,34.4163177155013],[-118.480434364843,34.4163194722284],[-118.480357942943,34.4162572507386],[-118.480288649405,34.4162008122703],[-118.479763921796,34.4157666622038],[-118.479632307837,34.4156552039413],[-118.479387371257,34.4154418367815],[-118.479110858985,34.4152138131921],[-118.478917856813,34.4150598665691],[-118.478757771539,34.4149321758472],[-118.478561298722,34.4147849227353],[-118.478513026962,34.4147510937564],[-118.478376689236,34.4146812288768],[-118.478301897382,34.4146488756461],[-118.478225471652,34.4146206866923],[-118.478164018635,34.4146010077557],[-118.478102598392,34.414586465607],[-118.47803787317,34.414574352568],[-118.477971515464,34.414567413528],[-118.477815653931,34.4145625336953],[-118.47766315459,34.4145669009913],[-118.477522292688,34.4145763835674],[-118.476766701864,34.4147258870949],[-118.475371074112,34.415002016789],[-118.475259647,34.4149091571956],[-118.47515189156,34.4148401404409],[-118.475052376484,34.4147793133161],[-118.474735877501,34.4145985235907],[-118.474579470875,34.4145158843278],[-118.474232561246,34.4143472234357],[-118.474230780609,34.4143499196772],[-118.474213429751,34.4143762609561],[-118.474093993217,34.4143228142725],[-118.473939842661,34.4142577425996],[-118.472884000366,34.4138196193788],[-118.47278851585,34.4137799824008],[-118.472696618486,34.4137417846422],[-118.472642305521,34.4137192082052],[-118.472616429706,34.4137962703853],[-118.472579221721,34.4139070120872],[-118.472566084589,34.4139461962075],[-118.472451429484,34.4143093385551],[-118.472432538554,34.414369201945],[-118.472412751055,34.4144230871387],[-118.47236625423,34.4145498581801],[-118.472284764392,34.414797157357],[-118.472241214123,34.4150102875328],[-118.472202636316,34.4152244161634],[-118.472188331523,34.4153326830998],[-118.472174267494,34.4154842011389],[-118.472165128613,34.4156268000483],[-118.472165550972,34.4157013156788],[-118.472169050324,34.4164871998212],[-118.472169738581,34.4166448981381],[-118.472177533492,34.4183996972999],[-118.47218986893,34.4208682975386],[-118.472029069182,34.4208726864087],[-118.471873214329,34.4208715753996],[-118.471594621246,34.4208620108505],[-118.471224880276,34.4208593260062],[-118.470341263288,34.4208734035809],[-118.470319977018,34.4208737232227],[-118.470324254803,34.4209438838918],[-118.470378256253,34.4211908833888],[-118.470488254631,34.4214208827032],[-118.470525256993,34.4214798834468],[-118.470605533031,34.4216023907801],[-118.470736255757,34.4218018826695],[-118.470769257084,34.4218658834504],[-118.470878070626,34.4221066792776],[-118.470924256164,34.4222088827483],[-118.470944255727,34.4223728843878],[-118.470975256846,34.4226198827505],[-118.470964254982,34.4230778833625],[-118.470070255252,34.4230838835684],[-118.469312172774,34.4230883227421],[-118.468361255286,34.4230938841544],[-118.468236255243,34.4230938844183],[-118.468038254828,34.4230928842675],[-118.467895255444,34.4230588828427],[-118.46782425537,34.4229568839305],[-118.46778555533,34.42284758781],[-118.467733254952,34.4226998828609],[-118.467629255341,34.4224418833514],[-118.467597255406,34.4223618846465],[-118.46754153433,34.4222403760628],[-118.467442255381,34.4220238828691],[-118.467320255164,34.4217748830574],[-118.467306254548,34.4217478837514],[-118.467157254824,34.4213988841101],[-118.467154560074,34.4213798739149],[-118.467101254659,34.4210038833],[-118.46702725573,34.4207388845126],[-118.466908255809,34.4204768834171],[-118.466679254617,34.4201568842409],[-118.466528254583,34.4199378828662],[-118.466469255014,34.4198088838231],[-118.466417254105,34.4195648842417],[-118.4664131707,34.4193872002784],[-118.466409255841,34.4192168830051],[-118.466408457767,34.4191821815021],[-118.466418881449,34.4191813354479],[-118.466413089914,34.418720149774],[-118.466413151537,34.4184350563595],[-118.466415523145,34.4176742268676],[-118.466416365645,34.4172325014095],[-118.466414621323,34.4169209665905],[-118.466413075537,34.4166448883609],[-118.466412228226,34.4164935573031],[-118.466408063699,34.415749369941],[-118.466405984824,34.4156856376268],[-118.466364254849,34.415686882635],[-118.466005098858,34.4156964427082],[-118.465838255305,34.4157008835936],[-118.465779253628,34.4157028826062],[-118.465453253909,34.4157128825804],[-118.465355253356,34.415788882959],[-118.465261342366,34.4157933082553],[-118.465261328965,34.4157928566378],[-118.464533411773,34.4158204551547],[-118.464203570895,34.4158327067925],[-118.463706311253,34.4158510961752],[-118.461626210672,34.4159279306487],[-118.461595450748,34.415929066451],[-118.461155372324,34.4159453164872],[-118.460202300289,34.4159805406217],[-118.45892931045,34.4160275981689],[-118.458674980081,34.4160364450459],[-118.458592828277,34.4160395333155],[-118.458465213265,34.4160465302457],[-118.45844698066,34.4160476386314],[-118.458355873285,34.4160549923925],[-118.458330981595,34.4160570130353],[-118.458254778728,34.4160679345662],[-118.457954992707,34.4161198998596],[-118.457680068986,34.4161710872334],[-118.457635360817,34.4161815631713],[-118.457516146556,34.4162094916842],[-118.457368811895,34.4162481876663],[-118.457085754323,34.4163282534589],[-118.456938415825,34.4163669191803],[-118.456802640804,34.4163980169669],[-118.45666517951,34.416423952454],[-118.456396821514,34.4164644524495],[-118.456284137289,34.4164738070101],[-118.455947665986,34.4164881193271],[-118.455896373886,34.4164886727447],[-118.455566372314,34.4164909314156],[-118.455156843011,34.4164852701682],[-118.454283009537,34.4164613937879],[-118.453982259282,34.4164539065957],[-118.453971286885,34.4164536330288],[-118.453849534762,34.4164593067484],[-118.453747331286,34.416459407857],[-118.453203723327,34.416459938326],[-118.452736230029,34.416463743331],[-118.452444666543,34.4164662295713],[-118.45219578502,34.4164691933752],[-118.45215633245,34.4164694432315],[-118.451794594326,34.416471735119],[-118.451008793098,34.4164780944569],[-118.450831414817,34.4164801287355],[-118.450428563837,34.4164826396765],[-118.450302568357,34.4164837935811],[-118.45012349223,34.4164786361816],[-118.449935861301,34.416473475093],[-118.449869799805,34.4164716628351],[-118.449098769773,34.4164504762545],[-118.448939615551,34.4164503784789],[-118.44809741116,34.4164497262575],[-118.447744100152,34.416449303686],[-118.447646893093,34.4164491873799],[-118.447459416191,34.4164489613971],[-118.446114337781,34.41644770459],[-118.445904023954,34.4164475070063],[-118.44567696917,34.4164607033572],[-118.445509239632,34.4164726338083],[-118.445457176353,34.4164762643816],[-118.44504255671,34.4164762718524],[-118.445042776692,34.4165143933041],[-118.444921346971,34.416530447053],[-118.444671232762,34.4165725796941],[-118.444292895,34.4166448916217],[-118.444189279946,34.4166646982759],[-118.443925973099,34.4167195703842],[-118.44367263187,34.4167785633399],[-118.443628388079,34.416789196487],[-118.443437515918,34.4168350703198],[-118.443228901095,34.4168883724166],[-118.442914391114,34.4169798712176],[-118.442724126102,34.4170330883052],[-118.442528674058,34.4170877547521],[-118.442331702104,34.4171475570539],[-118.442154631032,34.4172079698522],[-118.442005720315,34.4172641570596],[-118.441911011313,34.4173042661026],[-118.441855186186,34.4173279075538],[-118.441545921016,34.4174715626488],[-118.441480306501,34.4175037049637],[-118.441205278424,34.4176383616685],[-118.441030017196,34.4177276180123],[-118.440960469413,34.4177646444301],[-118.440863038841,34.4178165149357],[-118.440710961983,34.4179015647324],[-118.440664729356,34.4179310523827],[-118.440585382056,34.4179817075087],[-118.440357427693,34.4181394995236],[-118.440225280914,34.4182320320997],[-118.439984164949,34.4184091288313],[-118.439848770778,34.4185143690685],[-118.439827800468,34.4185313705018],[-118.43926106603,34.4189908605186],[-118.439140524133,34.4190833534776],[-118.438901036522,34.419256979344],[-118.438783726056,34.4193329730081],[-118.438668018701,34.4193990105358],[-118.43841669038,34.4195276935449],[-118.438277774203,34.4195944763084],[-118.438145444027,34.4196530176451],[-118.438027958451,34.4196963612724],[-118.437903830105,34.4197370115459],[-118.43773001198,34.4197871006718],[-118.437385273465,34.4192796477769],[-118.43737821076,34.4192692524206],[-118.437232095701,34.4190541684951],[-118.43711550261,34.4188815015322],[-118.437270286973,34.4188121620377],[-118.438823770146,34.4180913066008],[-118.439576393534,34.4177329227728],[-118.44030492089,34.4173769873415],[-118.440997741873,34.4170243065559],[-118.441239091337,34.4168973826787],[-118.441641513503,34.4166761133288],[-118.441696060237,34.4166449190722],[-118.441800056568,34.4165855205065],[-118.441914650905,34.4165171697743],[-118.441938295971,34.4165052176359],[-118.441981478922,34.4164762887386],[-118.442086396184,34.4164060149743],[-118.442255366076,34.4162928397946],[-118.442359947928,34.4162227905946],[-118.442566424482,34.4160794796446],[-118.442746416109,34.4159452217587],[-118.442903252215,34.4158203051089],[-118.443183826911,34.4155829611778],[-118.443310843631,34.415463651403],[-118.443439485864,34.415337108855],[-118.443733006446,34.4150416827662],[-118.443907772149,34.414858994724],[-118.444026450111,34.4147307877175],[-118.44407687432,34.4146735297017],[-118.444122022733,34.4146222257809],[-118.444202718594,34.4145213037592],[-118.444272617424,34.4144264533957],[-118.444352092448,34.4143186092588],[-118.444357094997,34.4143118204115],[-118.444365669099,34.4143001853554],[-118.44449895916,34.4141138583434],[-118.444617348742,34.4139313767545],[-118.444725810525,34.4137523698998],[-118.444796271689,34.4136304395908],[-118.444849361016,34.4135385696964],[-118.444929494309,34.4133998893913],[-118.445041146321,34.4131978697036],[-118.44510185817,34.4130805069944],[-118.445167467554,34.4129483663625],[-118.445306808347,34.4126541873435],[-118.445388533705,34.4124357610907],[-118.445569579396,34.4118814009216],[-118.445695251027,34.4115113489467],[-118.445822772616,34.4111495715215],[-118.445966322694,34.4107423193273],[-118.446106807986,34.410352288509],[-118.446127639274,34.4102821212057],[-118.44612874049,34.4102819927432],[-118.446234729691,34.4102681384054],[-118.446238440734,34.4102676568549],[-118.446502489658,34.4102503979151],[-118.446831376833,34.4102289003302],[-118.446841370592,34.4102563693196],[-118.446855072034,34.4102517020811],[-118.44686452641,34.4102487778292],[-118.446897578093,34.4102386427038],[-118.446944745673,34.4102236440619],[-118.446952554413,34.410223181647],[-118.447167391744,34.4102104047277],[-118.447206831201,34.4102080604645],[-118.448452451907,34.4101339878772],[-118.449917700579,34.410044691326],[-118.452052305493,34.409922175029],[-118.45205922036,34.4099217715118],[-118.452208389238,34.4099129916126],[-118.453184742653,34.4098555941414],[-118.453196831694,34.4098539397289],[-118.454837186358,34.4097604475195],[-118.454836472423,34.4096770997185],[-118.454836033737,34.4096208564237],[-118.454834834337,34.4094758842422],[-118.454833204071,34.4092788888178],[-118.454833089506,34.4091909607738],[-118.455311064761,34.4091877410576],[-118.455364175623,34.4092059284543],[-118.455364798981,34.4092061415806],[-118.455382079784,34.409212061984],[-118.455472460224,34.4092425812174],[-118.455882520144,34.4092163420757],[-118.455926525959,34.409213527042],[-118.4560290659,34.4092069651056],[-118.456462176564,34.4091792462581],[-118.45646426308,34.4091794836225],[-118.456503660557,34.4091835076366],[-118.456567188523,34.4091896892265],[-118.456630276407,34.4091951584247],[-118.4566934757,34.409199717522],[-118.456800064631,34.4092055393945],[-118.456848256296,34.4092085177497],[-118.456895255183,34.4092096001441],[-118.456924955375,34.4092100481042],[-118.456956185143,34.4092093426401],[-118.456972946379,34.4092105515515],[-118.456991353705,34.4092100350313],[-118.45704027026,34.4092099210193],[-118.457088037457,34.4092094822593],[-118.457136914866,34.4092085777099],[-118.457183040492,34.4092075158287],[-118.457232638974,34.4092056015082],[-118.457280805249,34.4092039513081],[-118.45742198974,34.4091982170382],[-118.457674148981,34.4091826581554],[-118.458015309961,34.4091637425213],[-118.458028628661,34.4091630061542],[-118.458130407035,34.4091574469216],[-118.458671903125,34.4091237680707],[-118.458682847689,34.4091233074647],[-118.458868722389,34.4091122943854],[-118.459693197605,34.4090634219346],[-118.460179902492,34.4090328631824],[-118.460081506383,34.4091345735183],[-118.46008047564,34.409135638535],[-118.460284955068,34.4091332921835],[-118.461057103067,34.4091255991281],[-118.46142620799,34.409121920799],[-118.463046517363,34.4091057156738],[-118.463840790505,34.4090973767916],[-118.467297632965,34.4088960481618],[-118.467329175991,34.4088942109984],[-118.467409908215,34.4088895094064]]]},"properties":{"OBJECTID":10497,"Date":null,"Code":"1364003","DivisionName":"SULPHUR SPRINGS UNION ELEMENTARY TA3","division_type":"ELEMENTARY SCHOOL","group_type":"13","District":"SULPHUR SPRINGS UNION ELEMENTARY ","Shape__Area":28018487.174804688,"Shape__Length":39322.174097805779,"GlobalID":"604eb5df-bbfd-45e6-9f56-ed0af6aa500d","CreationDate":1788987057416,"Creator":"RRCCgis_lacounty","EditDate":1788987057416,"Editor":"RRCCgis_lacounty"}},{"type":"Feature","id":10498,"geometry":{"type":"Polygon","coordinates":[[[-118.493588423749,34.3776581821495],[-118.493711731877,34.3777537226785],[-118.493989738245,34.3779689908381],[-118.494221154278,34.3781494091331],[-118.494109133997,34.3782615130891],[-118.494021861336,34.3783559838913],[-118.493893506946,34.3785076388555],[-118.493821125292,34.3785979270141],[-118.493735685406,34.3787212429559],[-118.493627137505,34.3788600989727],[-118.493567988912,34.3789455188832],[-118.493472744275,34.3790919052345],[-118.49329233494,34.3794096633793],[-118.493241521836,34.3795039852509],[-118.49315317755,34.3796970546421],[-118.493039754691,34.3798524145636],[-118.49247741614,34.3810260842618],[-118.490968920562,34.3841743247866],[-118.490886984501,34.3843312860597],[-118.490841165299,34.384431083332],[-118.490828066791,34.3844575946789],[-118.490692371732,34.3847727804828],[-118.490641701836,34.3848928494422],[-118.490561633818,34.3850862124121],[-118.490542018189,34.3851323188646],[-118.490509524909,34.3852430536311],[-118.490415036885,34.3855199553883],[-118.490403659424,34.3855584663992],[-118.490190909385,34.3862978255152],[-118.490025084545,34.386844968943],[-118.489839589422,34.387430004764],[-118.489821686634,34.3874857217693],[-118.489764839151,34.3876827560798],[-118.489638020723,34.3880995729053],[-118.489568025992,34.3883162497061],[-118.489491396143,34.3885312547533],[-118.489413014769,34.3887301031587],[-118.489398290755,34.3887627802032],[-118.489336171187,34.3889090294472],[-118.48925270807,34.3890896799889],[-118.489021703593,34.3895464344473],[-118.488666244461,34.3902598978917],[-118.488140710612,34.3913659801262],[-118.487904867235,34.3918481670572],[-118.487642576286,34.3923414270673],[-118.487537586249,34.3925273314482],[-118.487496550421,34.3925948196028],[-118.487304501939,34.3929143443401],[-118.487053189099,34.3933028066344],[-118.486949667325,34.3934567748602],[-118.48684940318,34.393599713136],[-118.486740848625,34.3937427062424],[-118.486619083342,34.3938946594491],[-118.486470926001,34.3940680406609],[-118.486167912669,34.3944031247356],[-118.486022108439,34.3945551295326],[-118.485916120856,34.3946656256208],[-118.485909268458,34.3946727680076],[-118.485643929954,34.3949314450919],[-118.485500508319,34.3950656217371],[-118.485350474511,34.3952012256639],[-118.485188858521,34.3953416574962],[-118.485086585813,34.3954251937574],[-118.484884805944,34.3955899163726],[-118.4848861531,34.3957728210384],[-118.484892548283,34.3978538428797],[-118.484900362153,34.4003120120295],[-118.484901286033,34.4006824964957],[-118.485153859549,34.4007035495826],[-118.485981530108,34.4007720807203],[-118.485982986772,34.4009490915478],[-118.485990887516,34.4018161674511],[-118.486035456511,34.4018156390337],[-118.48749590263,34.4017909708224],[-118.487516391368,34.4026372012068],[-118.488471453697,34.4023037968616],[-118.488676695431,34.4022318676016],[-118.488824418125,34.4022448412593],[-118.48893758471,34.4022550177628],[-118.488879015913,34.4027192710703],[-118.488738400501,34.4027419372183],[-118.488749150353,34.4027473896598],[-118.488767182958,34.4027535384849],[-118.488777512807,34.4027582209016],[-118.488785977397,34.4027625475163],[-118.488797308635,34.402769950338],[-118.488807272521,34.4027775119314],[-118.488813935975,34.4027833279299],[-118.48881960713,34.4027890848203],[-118.488827616121,34.4027986241488],[-118.488833253457,34.4028069586674],[-118.488837131144,34.4028140291126],[-118.488840457436,34.4028207375596],[-118.488843979502,34.4028296693076],[-118.488847713672,34.4028432368021],[-118.488849220561,34.4028572198679],[-118.488849177356,34.402868393684],[-118.488848456359,34.4028765717223],[-118.488844716209,34.4028927576571],[-118.488839752822,34.4029058589575],[-118.488834111661,34.4029157823695],[-118.488828250825,34.4029255263594],[-118.488813271593,34.4029426068436],[-118.48880133662,34.4029522509036],[-118.488790422307,34.4029597433888],[-118.488777638955,34.402966607823],[-118.48876594345,34.4029718342875],[-118.488741438462,34.4029794716969],[-118.488743670563,34.4029863666666],[-118.488743768346,34.4030161999142],[-118.488745963936,34.4033157562729],[-118.488117447847,34.4034974491082],[-118.488073164618,34.4035103335938],[-118.487793992514,34.4039914347646],[-118.488183443631,34.4043481634024],[-118.488186865538,34.4050802764034],[-118.488188676501,34.4054266429385],[-118.486464949015,34.4054452706117],[-118.485530869831,34.4054562712494],[-118.485530768683,34.4054562725559],[-118.485406179313,34.4054578269959],[-118.484894208038,34.4054630963025],[-118.484697708766,34.4051006826809],[-118.484551111541,34.4048320112284],[-118.484437235794,34.4048762168154],[-118.483197674925,34.405358470364],[-118.482871456226,34.4047678905731],[-118.482736153407,34.4045224757804],[-118.482658152289,34.4045167180071],[-118.481830319796,34.4044556510629],[-118.481728239069,34.4044481158706],[-118.481074881239,34.4047635054484],[-118.481016445999,34.4047437168315],[-118.480570688557,34.4045924068708],[-118.480194825812,34.4042645276953],[-118.480079343714,34.4037806843077],[-118.479876072588,34.4039744166213],[-118.479485337681,34.4043463058837],[-118.479363981185,34.404228346363],[-118.478338663166,34.4032319749598],[-118.478247515867,34.4032165665833],[-118.478134165464,34.403197282529],[-118.477832487761,34.4031459039246],[-118.477568713494,34.4031019103483],[-118.477567718408,34.4031017438767],[-118.477588937253,34.4031449142029],[-118.477589162861,34.4031453739992],[-118.477813481401,34.4035820427031],[-118.477815124021,34.4036391683621],[-118.477836852378,34.4043343787503],[-118.477842247595,34.4045049190551],[-118.47704781915,34.4045693249799],[-118.476838695403,34.4045862136957],[-118.476620754774,34.404603866045],[-118.47614951585,34.405426735841],[-118.476149519289,34.4054282891735],[-118.476159052374,34.4090789777992],[-118.476160937884,34.4093346458637],[-118.476162977699,34.4096538490311],[-118.476163738236,34.4098127939608],[-118.476042519652,34.4098447938125],[-118.475909923936,34.4098838097613],[-118.475782178264,34.4099245131446],[-118.475656473815,34.4099678174307],[-118.475424095997,34.4100565219063],[-118.47518283092,34.4101555689111],[-118.475030737845,34.4102240683689],[-118.47488491683,34.4102987194951],[-118.474757740766,34.4103750572569],[-118.474691124526,34.4104150784242],[-118.474606988449,34.4104705293768],[-118.47461382621,34.4104753132112],[-118.474661821623,34.4105088923866],[-118.474746518005,34.4105702781864],[-118.474788766088,34.4106008614688],[-118.47491376588,34.410694734864],[-118.475036820054,34.4107903466994],[-118.475156430423,34.4108866859187],[-118.474917287084,34.4108868986635],[-118.474548364468,34.4108872257339],[-118.474438184827,34.4108063815786],[-118.474429269194,34.4107998415579],[-118.474302283862,34.4107100395517],[-118.474289491187,34.4107013537027],[-118.474151162254,34.4106074235938],[-118.473922739841,34.4104600480958],[-118.473688847279,34.4103186905474],[-118.473449715925,34.4101834870472],[-118.473343717676,34.4101264188991],[-118.473133143242,34.4100180150509],[-118.472997970719,34.409952536395],[-118.472919128451,34.4099143446927],[-118.472701828149,34.4098154793257],[-118.472481113848,34.4097214005005],[-118.47232450645,34.4096600452818],[-118.472177975316,34.4096038993707],[-118.472030295607,34.4095498466108],[-118.471580800321,34.4094006818463],[-118.471501173779,34.4093768879907],[-118.471428927107,34.409355299401],[-118.471276137582,34.4093121200728],[-118.471106182031,34.4092673330838],[-118.4710659874,34.4092567420099],[-118.471091777575,34.4091914617351],[-118.470935601802,34.4091531859615],[-118.470778642842,34.4091171930102],[-118.470620935342,34.409083456599],[-118.470502970696,34.4090600632838],[-118.470263823751,34.4090165000549],[-118.470230825629,34.4090104885467],[-118.47018844115,34.4090038652161],[-118.470016337213,34.4089769696891],[-118.469957007054,34.40896769923],[-118.469890142918,34.4089589618904],[-118.469749503485,34.408940582584],[-118.469681765285,34.4089317304141],[-118.469591772653,34.4089214840567],[-118.469524383081,34.4089148464227],[-118.469393125874,34.4089019189269],[-118.469345682517,34.4088972450688],[-118.469311132847,34.4088946137615],[-118.469098900938,34.4088784535293],[-118.468851603056,34.4088651204766],[-118.468688880674,34.4088593196865],[-118.468526072463,34.408855853986],[-118.468363243835,34.408854751971],[-118.468200329199,34.4088559579995],[-118.468099549014,34.4088585657004],[-118.467934501116,34.4088628376128],[-118.467677479309,34.4088759050804],[-118.467436129547,34.4088881759477],[-118.467409908215,34.4088895094064],[-118.467329175991,34.4088942109984],[-118.467297632965,34.4088960481618],[-118.463840790505,34.4090973767916],[-118.463046517363,34.4091057156738],[-118.46142620799,34.409121920799],[-118.461057103067,34.4091255991281],[-118.460284955068,34.4091332921835],[-118.46008047564,34.409135638535],[-118.460081506383,34.4091345735183],[-118.460179902492,34.4090328631824],[-118.459693197605,34.4090634219346],[-118.458868722389,34.4091122943854],[-118.458682847689,34.4091233074647],[-118.458671903125,34.4091237680707],[-118.458130407035,34.4091574469216],[-118.458028628661,34.4091630061542],[-118.458015309961,34.4091637425213],[-118.457674148981,34.4091826581554],[-118.45742198974,34.4091982170382],[-118.457280805249,34.4092039513081],[-118.457232638974,34.4092056015082],[-118.457183040492,34.4092075158287],[-118.457136914866,34.4092085777099],[-118.457088037457,34.4092094822593],[-118.45704027026,34.4092099210193],[-118.456991353705,34.4092100350313],[-118.456972946379,34.4092105515515],[-118.456956185143,34.4092093426401],[-118.456924955375,34.4092100481042],[-118.456895255183,34.4092096001441],[-118.456848256296,34.4092085177497],[-118.456800064631,34.4092055393945],[-118.4566934757,34.409199717522],[-118.456630276407,34.4091951584247],[-118.456567188523,34.4091896892265],[-118.456503676882,34.4091835093783],[-118.45646426308,34.4091794836225],[-118.456462176564,34.4091792462581],[-118.4560290659,34.4092069651056],[-118.455926525959,34.409213527042],[-118.455882520144,34.4092163420757],[-118.455472460224,34.4092425812174],[-118.455382079784,34.409212061984],[-118.455364798981,34.4092061415806],[-118.455364175623,34.4092059284543],[-118.455311064761,34.4091877410576],[-118.454833076454,34.4091909608227],[-118.454833204071,34.4092788888178],[-118.454834834337,34.4094758842422],[-118.454836033737,34.4096208564237],[-118.454836472423,34.4096770997185],[-118.454837186358,34.4097604475195],[-118.453196831694,34.4098539397289],[-118.453184742653,34.4098555941414],[-118.452208389238,34.4099129916126],[-118.45205922036,34.4099217715118],[-118.452052305493,34.409922175029],[-118.449917700579,34.410044691326],[-118.448452451907,34.4101339878772],[-118.447206831201,34.4102080604645],[-118.447167391744,34.4102104047277],[-118.446952554413,34.410223181647],[-118.446944745673,34.4102236440619],[-118.446897578093,34.4102386427038],[-118.446886617335,34.4102420034422],[-118.446864530756,34.4102487769117],[-118.446855072034,34.4102517020811],[-118.446841370592,34.4102563693196],[-118.446831376833,34.4102289003302],[-118.446514764021,34.410249595437],[-118.446502489658,34.4102503979151],[-118.446238440734,34.4102676568549],[-118.446234729691,34.4102681384054],[-118.44612874049,34.4102819927432],[-118.446127639274,34.4102821212057],[-118.446099788296,34.4102853907409],[-118.445959557159,34.4103018500946],[-118.445934358392,34.4103045581005],[-118.445864026028,34.4103121209128],[-118.445770313669,34.410321588916],[-118.44569724541,34.4103285152873],[-118.445675110005,34.410330657538],[-118.44557258053,34.4103397818487],[-118.445471604423,34.4103474939738],[-118.445383152636,34.4103531387824],[-118.445368854508,34.4103540513524],[-118.44527167108,34.4103590583038],[-118.445267925733,34.4103592289213],[-118.445261376697,34.4103595053947],[-118.445221650706,34.4103611775321],[-118.445217766123,34.4103613477577],[-118.445207695757,34.4103617832033],[-118.445198756363,34.4103621622074],[-118.445188825126,34.4103625782084],[-118.445181867141,34.4103628642924],[-118.445172742792,34.4103632367613],[-118.445159031207,34.4103637874415],[-118.445148499526,34.4103642038401],[-118.445140648596,34.4103645103283],[-118.445132388761,34.4103648345444],[-118.445122891258,34.4103651975607],[-118.445111271954,34.4103656404861],[-118.445099705907,34.4103660751012],[-118.44508811371,34.4103665016973],[-118.445078678116,34.4103668473539],[-118.445071499179,34.4103671080978],[-118.445059282661,34.4103675450961],[-118.445050421242,34.4103678597943],[-118.445040636482,34.4103682067291],[-118.445029889225,34.410368586044],[-118.445027697785,34.4103686617003],[-118.444984498531,34.4103703293756],[-118.444840181439,34.410375185256],[-118.444838026953,34.4103752553642],[-118.444795748572,34.4103766338083],[-118.444799122336,34.4104761688352],[-118.444799308241,34.4104816503825],[-118.444766294845,34.4104835375599],[-118.444197935132,34.4105161636066],[-118.444136853962,34.4105196598722],[-118.443707273183,34.4105443223427],[-118.443668204939,34.4105465631371],[-118.443133021737,34.410577230903],[-118.442564647841,34.41060987729],[-118.441999321414,34.4106423142727],[-118.441217008121,34.4106871490569],[-118.441149549299,34.4106900620892],[-118.440947750843,34.4107023761462],[-118.440888776958,34.4107059749036],[-118.440738487659,34.4107158475179],[-118.440738491562,34.4107151461103],[-118.440738380882,34.410713141501],[-118.440732778328,34.4106067366769],[-118.440731929873,34.4105909052174],[-118.440727739967,34.4105128043274],[-118.440725147987,34.4104638992174],[-118.440723429741,34.4104314917085],[-118.440722443429,34.4104009098508],[-118.440331933402,34.4104098696231],[-118.439568705552,34.4105248647978],[-118.438684249803,34.4106948842933],[-118.43778724992,34.4109748837548],[-118.437476248947,34.4110938842157],[-118.436929249538,34.4113218841029],[-118.436397248821,34.4115818842792],[-118.435614249666,34.4120238839676],[-118.434746249344,34.4125768843954],[-118.434426050826,34.4127731127849],[-118.434115978467,34.4129343236725],[-118.433865217605,34.4130557271524],[-118.433844257777,34.4130705331872],[-118.433845249109,34.4130678845417],[-118.43385478543,34.4130581977093],[-118.433974559907,34.41286676128],[-118.433865014714,34.4128668043053],[-118.433793757941,34.412864582674],[-118.433778823353,34.4128641195101],[-118.433311336305,34.412864504101],[-118.432701303315,34.412863618604],[-118.432494913364,34.4128637813788],[-118.429029493492,34.4128692367969],[-118.428501583742,34.4128704602656],[-118.428146770768,34.4128712940931],[-118.428148372362,34.4127462755124],[-118.428149817687,34.4126336066865],[-118.428150217742,34.4125965179942],[-118.428170882083,34.4106909991492],[-118.428172379301,34.4105522487616],[-118.42817384279,34.4104134975904],[-118.428175818554,34.4102266928736],[-118.428185873861,34.4092709497886],[-118.428185877337,34.4092690863065],[-118.428186422418,34.409006680416],[-118.428186536522,34.4089357608744],[-118.428817199,34.4089389652687],[-118.428877275646,34.4089399104048],[-118.428816670054,34.4089072079132],[-118.428800528296,34.4087906227649],[-118.428776822149,34.4087141384283],[-118.428635590898,34.4086173171105],[-118.428540775667,34.408480257555],[-118.428530161171,34.4084309189665],[-118.428530745079,34.4083765318877],[-118.428556385544,34.4083256344569],[-118.42872223178,34.408172626909],[-118.428546814919,34.4079757425035],[-118.428430699397,34.407893859861],[-118.428351100049,34.4078612242346],[-118.428439006129,34.4078301425732],[-118.428645498569,34.4078580366122],[-118.428602124439,34.4078181167358],[-118.428470480022,34.4077384355619],[-118.428347678706,34.4076995110995],[-118.42842684,34.407646993914],[-118.428356671435,34.407601443863],[-118.428255568857,34.407584625802],[-118.428276215284,34.4074020770716],[-118.428324343021,34.4073589715634],[-118.428562300514,34.4072937271515],[-118.428637141596,34.4072405083728],[-118.428797468862,34.4068542366433],[-118.428957708145,34.4066045374431],[-118.429025299083,34.4064992119736],[-118.429071198537,34.4063587934781],[-118.429136879884,34.4062039931177],[-118.429221777547,34.4060920593541],[-118.429297468603,34.4060366905987],[-118.429333289999,34.4059514085157],[-118.429408668442,34.4058352152132],[-118.429513557514,34.4057496885007],[-118.429560489066,34.4056421829565],[-118.429582389049,34.405643065517],[-118.429711129587,34.4056422569197],[-118.429749907066,34.4056420131324],[-118.429911646332,34.4056410017372],[-118.429913274566,34.4057550264701],[-118.430171870507,34.406186874562],[-118.430250460924,34.4061584796358],[-118.430209450623,34.4059254262726],[-118.430351835155,34.4059007040934],[-118.43066819608,34.4059625198338],[-118.43106507661,34.4061333397191],[-118.43106801888,34.4061346049314],[-118.431195534981,34.4061700705242],[-118.431248086044,34.4061846859509],[-118.431251229701,34.40618556098],[-118.431259243962,34.4064316259758],[-118.431654765817,34.4064117635444],[-118.431673832626,34.4063144174715],[-118.431870908718,34.4063323234873],[-118.432127924353,34.4061843632802],[-118.432413153555,34.4062684811648],[-118.432420805345,34.4062707383685],[-118.4324606929,34.4062825008934],[-118.43251215838,34.4062976785954],[-118.432693636105,34.4062570094495],[-118.432830841053,34.4062262625625],[-118.432842400331,34.4061138730531],[-118.432693479591,34.4061139897686],[-118.432568630823,34.4061140889594],[-118.432535769129,34.4061141151124],[-118.432537039703,34.4056245208711],[-118.432537039544,34.4056244902195],[-118.432537896796,34.4052863731716],[-118.432538614471,34.4050039182228],[-118.432538758864,34.404947508728],[-118.432540692969,34.4041949995311],[-118.432541638704,34.4038267925396],[-118.432541681289,34.4038109019491],[-118.432541722686,34.4037945732172],[-118.433414529654,34.4037410639714],[-118.433361545567,34.4036542679055],[-118.433292494877,34.4036832077618],[-118.433174001688,34.4035090264616],[-118.433163224808,34.4032508277345],[-118.433566782417,34.4032418992704],[-118.433604172222,34.4032410723091],[-118.433602389379,34.4032408343679],[-118.433283149943,34.4031982690121],[-118.433262571722,34.4029390090411],[-118.433259047895,34.40291185931],[-118.43325408557,34.4028896127526],[-118.433245817983,34.4028636303261],[-118.433235945333,34.4028402203006],[-118.433218500285,34.4028084278156],[-118.433196499543,34.4027733880485],[-118.433179047533,34.4025601320935],[-118.433174855763,34.4025088930493],[-118.433395038383,34.4024116313888],[-118.433905215879,34.4023646212433],[-118.434050241427,34.4023592628166],[-118.434136434858,34.4023560792884],[-118.434186246394,34.402381755153],[-118.43420683855,34.4023933472763],[-118.434261652778,34.4023911568076],[-118.434397438311,34.4023857264755],[-118.434403913708,34.4023920924526],[-118.434605962606,34.402403950329],[-118.43461111463,34.4024084954311],[-118.434810211611,34.4024430551619],[-118.434815465143,34.4024499583048],[-118.4350064555,34.4025050503721],[-118.435012696044,34.4025157959108],[-118.435193507862,34.4025862042989],[-118.43519770627,34.4026045345514],[-118.435352906223,34.40267391671],[-118.435358686196,34.4026951730684],[-118.435491934568,34.4027542355585],[-118.435499192847,34.4027836319629],[-118.435631828771,34.4028424224328],[-118.435638720385,34.4028801052453],[-118.4357700445,34.402936751921],[-118.435780226948,34.4029710087903],[-118.43591882785,34.4030224678731],[-118.435928968253,34.4030557431104],[-118.436134059295,34.4031060920369],[-118.436176317394,34.4031345538477],[-118.436186084293,34.4031808124994],[-118.436447026677,34.4031938050702],[-118.436659617966,34.4031972715807],[-118.43686955708,34.4032261651286],[-118.437077366944,34.4032663045132],[-118.437085781586,34.403277787679],[-118.437255431426,34.4033238629581],[-118.437265635392,34.4033415773751],[-118.437406373112,34.4033806390757],[-118.437416552283,34.4033998383964],[-118.437556430626,34.4034392600306],[-118.437567889698,34.403456117944],[-118.437709342559,34.4034923197515],[-118.437719783078,34.4035109402202],[-118.43787388608,34.4035507221466],[-118.437884999434,34.4035709070383],[-118.438025092623,34.4036070304468],[-118.438035599427,34.4036256227015],[-118.438176954445,34.4036621533785],[-118.438187527572,34.4036805263077],[-118.438328850557,34.4037171398649],[-118.438339488547,34.4037354296053],[-118.438480745919,34.4037721523088],[-118.438490950201,34.4037898666223],[-118.438631984527,34.403828404745],[-118.438643378611,34.4038452627924],[-118.438711703598,34.4038637008386],[-118.438798891296,34.4038755588148],[-118.438811611199,34.4038926040761],[-118.438892681319,34.4038948665532],[-118.438973468661,34.4038874294911],[-118.438983775936,34.4038994835584],[-118.439173187234,34.4038762918713],[-118.439173517739,34.4038762636284],[-118.439161235822,34.4038996100619],[-118.439111514724,34.4039941248492],[-118.439263905274,34.4040485854877],[-118.43941590294,34.4041037893214],[-118.439565844694,34.4041589183775],[-118.439701341687,34.4042034371766],[-118.439846860897,34.4041931819198],[-118.439996344982,34.4041677437885],[-118.440173188146,34.4040874686157],[-118.440339180054,34.4043440403916],[-118.440383037927,34.4043245360132],[-118.440212365456,34.4040607266404],[-118.4403910837,34.4039840162203],[-118.440550285049,34.4039156759619],[-118.440709586049,34.403847306282],[-118.440869251228,34.4037787439425],[-118.441034973834,34.4037211499675],[-118.441200862478,34.403663528115],[-118.441081457,34.4035588832294],[-118.440974708212,34.4034653766395],[-118.441031076745,34.4023962728067],[-118.441037221487,34.4022794647881],[-118.441048431998,34.4020668124458],[-118.441051221324,34.4020139119799],[-118.441052354991,34.401992400851],[-118.441057858429,34.4018880092902],[-118.441058801682,34.4018876470489],[-118.441571681151,34.4016906191249],[-118.441618009912,34.4016728209136],[-118.441619895316,34.4016720955246],[-118.441674400513,34.4017323746604],[-118.442012226408,34.4021059865025],[-118.442212422247,34.4025379102531],[-118.442315340929,34.4027599560879],[-118.442381543009,34.4029027881252],[-118.442464460656,34.4030816764121],[-118.442461143353,34.4030913187065],[-118.44242332057,34.4032012753135],[-118.442398628765,34.4032730599182],[-118.442298318654,34.4035646791264],[-118.442252423325,34.4036981113225],[-118.442245618328,34.4037178950683],[-118.442236692256,34.4037173731754],[-118.442100137738,34.4037093921363],[-118.442077269853,34.4037080555833],[-118.442120534636,34.403780047658],[-118.442114877489,34.4038935750682],[-118.442160238843,34.403932866242],[-118.442165876097,34.4039377491338],[-118.442245908568,34.404028708811],[-118.442188503829,34.4041026537325],[-118.442209318277,34.4042101408042],[-118.442218372328,34.40425689562],[-118.442298914146,34.4043242836898],[-118.442320503342,34.4043295609645],[-118.442404549076,34.4043501032767],[-118.442499402717,34.404488927073],[-118.442612072146,34.4044404551148],[-118.442583505669,34.4043762610379],[-118.442587585389,34.4043180764459],[-118.44257372139,34.4041863488593],[-118.442579863553,34.4041036313984],[-118.442538486203,34.4039345364429],[-118.442686894627,34.4038119080964],[-118.442793529097,34.4037545255907],[-118.443017698047,34.4037677645114],[-118.443084627396,34.4038735368359],[-118.44351185071,34.4045486894373],[-118.443513011251,34.4045505243232],[-118.443619502262,34.4047188146148],[-118.443666008435,34.4047923088613],[-118.443681137193,34.4048162171991],[-118.443721933229,34.4046957221109],[-118.443703042478,34.4046720772671],[-118.443743841468,34.4045515433933],[-118.443728136241,34.4045282430033],[-118.443768132706,34.4043940826588],[-118.443750354496,34.4043738685973],[-118.443812671535,34.4042226173104],[-118.443799358247,34.4042003530542],[-118.443879530446,34.4040589009776],[-118.443870868068,34.4040321408826],[-118.443880497419,34.4040190955938],[-118.443971291009,34.4038961103748],[-118.443966620006,34.4038717256417],[-118.444090197927,34.4037507515334],[-118.444087061955,34.4037223502567],[-118.44414456323,34.40366606243],[-118.444227525651,34.4035848539535],[-118.444498761899,34.4038240793624],[-118.444575056717,34.403889233067],[-118.444675646321,34.40381014949],[-118.444795279126,34.4037402971155],[-118.444889129859,34.4036927241686],[-118.444855729713,34.4036281931464],[-118.444688287738,34.4033134054035],[-118.444916784181,34.4033031138233],[-118.445046691578,34.4032192668433],[-118.445150696367,34.4031210605035],[-118.445248644798,34.4030312028824],[-118.445345638439,34.4029426396849],[-118.445456255971,34.402853668456],[-118.445564427189,34.4027661359469],[-118.445569480746,34.4027556099937],[-118.445575739054,34.402742572446],[-118.445633411348,34.4026225907581],[-118.445639608412,34.4026096976776],[-118.445703477417,34.4024767949274],[-118.445767346368,34.4023439200896],[-118.445814764405,34.4023594514137],[-118.445953755378,34.4024049799409],[-118.445964181464,34.4024083926743],[-118.44609144435,34.4024500605283],[-118.446188001409,34.4024778818669],[-118.446275127481,34.4023036714692],[-118.446364180797,34.4021666656562],[-118.446450811785,34.4020611538898],[-118.44657286149,34.4019598056454],[-118.446718261048,34.4018662434655],[-118.446868945371,34.401791981524],[-118.446899955329,34.4017789870238],[-118.446873190787,34.4017064634282],[-118.446741977265,34.4014345761173],[-118.446943949707,34.4013813752002],[-118.447157630992,34.4013479419971],[-118.447379106409,34.4013398713887],[-118.447599152228,34.4013558207348],[-118.447817563753,34.4013884288669],[-118.44771206593,34.4016765765698],[-118.447680339472,34.4017675215173],[-118.4478636808,34.4018262385573],[-118.448041995925,34.4019135985202],[-118.448241970321,34.4020151891276],[-118.448241315351,34.4020161625014],[-118.448461250519,34.4021178827136],[-118.448747250227,34.4021718832601],[-118.44883925018,34.4021838829941],[-118.44891524963,34.4021958823889],[-118.44899125039,34.4022038825232],[-118.449139250372,34.4021988826941],[-118.449195483227,34.4021970435376],[-118.449704154987,34.4021804001661],[-118.449842250023,34.4021758824687],[-118.449889818347,34.4021760161348],[-118.449923044609,34.4021761101359],[-118.449921833032,34.4021726996172],[-118.450061363158,34.4021632395413],[-118.450114154912,34.4021668895534],[-118.450166768162,34.402171924061],[-118.450215894156,34.40217792171],[-118.450268048889,34.4021856579728],[-118.450319857553,34.4021947649295],[-118.450371302746,34.4022052426455],[-118.450419140032,34.4022162944948],[-118.450469686865,34.4022293908583],[-118.450497804224,34.402237494884],[-118.450540946591,34.4021353935596],[-118.450567544568,34.4020747314333],[-118.450594630945,34.4020171011508],[-118.450623272217,34.4019599978912],[-118.450653467359,34.4019034333771],[-118.45068518506,34.4018474509974],[-118.450718424372,34.4017920768989],[-118.450753151668,34.4017373283347],[-118.450789349754,34.4016832441331],[-118.450827019877,34.401629854039],[-118.45086610998,34.4015771861922],[-118.450906638623,34.4015252540452],[-118.45095041585,34.4014718835759],[-118.450993770041,34.4014215483285],[-118.451038496882,34.4013720337659],[-118.451086572328,34.4013212761355],[-118.451134040485,34.4012734714684],[-118.451165145616,34.4012416541761],[-118.451194981279,34.4012090031713],[-118.451223479099,34.4011755457557],[-118.451250641487,34.4011413251948],[-118.45127639905,34.4011063814152],[-118.451300769354,34.4010707441032],[-118.451323684103,34.4010344549845],[-118.451345146866,34.4009975699416],[-118.451365120736,34.4009601026357],[-118.451384774484,34.4009195613824],[-118.451401604858,34.4008810572859],[-118.451416897077,34.4008421117514],[-118.451430619828,34.4008027663666],[-118.451442753763,34.4007630635763],[-118.451453316513,34.4007230447859],[-118.451460404696,34.400683108348],[-118.451468993566,34.4006459367396],[-118.451474377122,34.4006089582722],[-118.451478427656,34.4005718576509],[-118.451481128009,34.400534679115],[-118.451482478322,34.4004974488086],[-118.451482462451,34.4004601974439],[-118.451480946569,34.4004203065602],[-118.451478129386,34.400383135043],[-118.451473965032,34.4003460379592],[-118.451468466861,34.4003090711545],[-118.451461620893,34.4002722635295],[-118.45145342619,34.4002356421337],[-118.451443916628,34.4001992365915],[-118.451433091344,34.4001630874746],[-118.451420953746,34.4001272218163],[-118.451406508174,34.4000891415628],[-118.451381332184,34.4000225757816],[-118.451363524775,34.3999710418087],[-118.451347065448,34.3999191962937],[-118.451331970727,34.3998670788433],[-118.45131822539,34.399814690416],[-118.451305290043,34.3997594338944],[-118.451294375529,34.3997065886691],[-118.451284843547,34.3996535697106],[-118.45127671049,34.3996003922844],[-118.45126841697,34.3995330487339],[-118.451262366436,34.3994655589011],[-118.451258425847,34.3993952484269],[-118.451256929358,34.399327587484],[-118.45125764279,34.3992599038925],[-118.451260769421,34.3991895680201],[-118.451266311119,34.3991193358518],[-118.451273925981,34.3990519475232],[-118.451283735567,34.3989847466592],[-118.451296296853,34.3989151455842],[-118.451310629621,34.3988485156847],[-118.451327156849,34.3987822283129],[-118.451346658672,34.3987137328262],[-118.451367611667,34.398648309775],[-118.451390725276,34.3985834087799],[-118.451417035238,34.3985164827534],[-118.451637392436,34.3979817362238],[-118.451648257444,34.3979540213349],[-118.451658939652,34.397923483518],[-118.45166840551,34.3978926707547],[-118.451675994968,34.3978642134786],[-118.45168307985,34.3978329615196],[-118.451688472667,34.3978041626292],[-118.451693161027,34.3977726121727],[-118.451696599145,34.3977409536813],[-118.451698617635,34.3977118464128],[-118.451699626511,34.3976800716565],[-118.451699351899,34.3976482746351],[-118.451697997657,34.3976191510806],[-118.451695311253,34.3975874459841],[-118.451691344064,34.3975558150766],[-118.451686615289,34.3975269429984],[-118.451682778222,34.3975080791459],[-118.451680237313,34.3974955879246],[-118.451793877966,34.3974781183546],[-118.45182285535,34.3974740102772],[-118.451855206516,34.3974701141035],[-118.451887664085,34.3974669874356],[-118.451920226963,34.3974646284745],[-118.451949572061,34.3974631487742],[-118.451982243817,34.3974622156192],[-118.452014919821,34.3974620658736],[-118.452047598837,34.3974626715943],[-118.452080233006,34.3974640320584],[-118.452112802832,34.397466161763],[-118.452145309329,34.3974690471815],[-118.452174444068,34.3974722940583],[-118.452206704984,34.3974766210292],[-118.452238819914,34.3974817031208],[-118.45226754331,34.3974869096436],[-118.452299310201,34.3974933912983],[-118.452505832628,34.3975406275553],[-118.452440859876,34.3977071220847],[-118.452418634766,34.397780227548],[-118.452399254488,34.3978490725571],[-118.452380152986,34.3979227956306],[-118.452362689777,34.3979967920651],[-118.452347799925,34.3980664028459],[-118.452333510632,34.3981408634462],[-118.452320859262,34.398215527091],[-118.452310510939,34.398285694302],[-118.452301065453,34.3983606957817],[-118.452293705047,34.3984311168973],[-118.452287811307,34.3985016452337],[-118.452283143045,34.3985769363162],[-118.452280271368,34.3986475931179],[-118.452278807744,34.398722984939],[-118.452279014731,34.398798384052],[-118.452280729644,34.3988690652167],[-118.452284160034,34.3989444108361],[-118.452289257409,34.3990196943423],[-118.452296009652,34.3990948869314],[-118.452303864802,34.3991652801413],[-118.452313152728,34.3992355408897],[-118.45232467752,34.3993103388333],[-118.452337836005,34.3993849485716],[-118.452351677287,34.3994547036997],[-118.452366950909,34.3995242434251],[-118.452384829352,34.3995981783312],[-118.452404343156,34.3996718285591],[-118.452424100212,34.3997405960641],[-118.452445289173,34.3998090652243],[-118.452469437712,34.3998817605525],[-118.452495186282,34.3999540712606],[-118.452520774622,34.4000215034535],[-118.45254582767,34.4000838890426],[-118.452572059998,34.4001459204297],[-118.45259950533,34.4002075983897],[-118.452626902275,34.4002663681721],[-118.452656653816,34.4003273090709],[-118.452687569121,34.4003878408287],[-118.452719646013,34.4004479625514],[-118.452752867023,34.4005076616817],[-118.452787233073,34.4005669075632],[-118.452822744103,34.400625688475],[-118.452859382633,34.400683990057],[-118.45289553461,34.4007394112376],[-118.452932710773,34.4007943552763],[-118.452972581553,34.4008511887725],[-118.453013527262,34.4009074746146],[-118.453055567542,34.4009632244478],[-118.453109408865,34.4010259864874],[-118.453129737637,34.4010487202649],[-118.45316279969,34.4010856948846],[-118.453222388268,34.4011462545841],[-118.453280783531,34.4012075669889],[-118.453342292716,34.4012702614979],[-118.453402803475,34.4013301469196],[-118.453464333889,34.4013893144828],[-118.453526874094,34.401447749798],[-118.453590407715,34.4015054421068],[-118.453654924905,34.4015623806258],[-118.453720414731,34.401618554576],[-118.45378685971,34.4016739495968],[-118.453854247835,34.4017285576176],[-118.453922565972,34.4017823633601],[-118.453991799946,34.4018353605648],[-118.454061936636,34.4018875366581],[-118.454083201347,34.4019029021327],[-118.454112573411,34.4019344261079],[-118.454145977159,34.4019688929139],[-118.454410686741,34.4021801758243],[-118.454452305498,34.4022129935081],[-118.454527240451,34.4022709500248],[-118.454630419407,34.4023507511874],[-118.454773550726,34.4024566939079],[-118.45479184928,34.4024690006556],[-118.454846484883,34.4024383554174],[-118.455106252481,34.402608882531],[-118.455237251413,34.4026818812689],[-118.45547180196,34.4027889440468],[-118.455504579688,34.4028022438885],[-118.455522741583,34.4028096142341],[-118.455651807365,34.402866311921],[-118.455783152295,34.402919288384],[-118.45591662266,34.4029684819876],[-118.455994912903,34.402994697266],[-118.456052060409,34.4030138329163],[-118.456226751504,34.4030608291802],[-118.456528260222,34.4031134873021],[-118.457372251705,34.4032608833062],[-118.457372636378,34.4032620060697],[-118.457491313516,34.4032701599664],[-118.457613637803,34.4032747785888],[-118.457624948674,34.4032752056066],[-118.457758716771,34.4032761350903],[-118.458054489648,34.4032664500912],[-118.458350030152,34.4032526957193],[-118.458645251283,34.4032348822222],[-118.459317251788,34.4031918815666],[-118.459669252942,34.403168882145],[-118.46001325207,34.4031608820461],[-118.460342251985,34.4031758819789],[-118.460524252817,34.403197881707],[-118.460584252652,34.4032048823522],[-118.460946252453,34.4032738825806],[-118.461376252115,34.4033768822819],[-118.461635253152,34.4034498829225],[-118.462001252307,34.4035818811933],[-118.462111253329,34.4036318822372],[-118.462350253277,34.403742881549],[-118.462831253533,34.4039808821856],[-118.463391079166,34.4043976751306],[-118.463509284175,34.4044765783359],[-118.463593989586,34.4043969374887],[-118.463593679793,34.4043948227697],[-118.463592644306,34.4043934527884],[-118.463591641142,34.4043920276899],[-118.463590738044,34.4043906022089],[-118.463589868358,34.4043891216065],[-118.463589063931,34.4043876407546],[-118.463588359419,34.4043861324747],[-118.463587688469,34.4043845961189],[-118.463587082628,34.4043830324681],[-118.4635865105,34.404381467787],[-118.463586070921,34.4043798764546],[-118.463585663968,34.404378284096],[-118.463585323362,34.4043766914837],[-118.463585082665,34.404375070542],[-118.463584874603,34.404373450377],[-118.463584732889,34.4043718299583],[-118.463584657367,34.4043701813391],[-118.463584680977,34.4043685602885],[-118.4635847383,34.4043669382075],[-118.463584895538,34.4043652886985],[-118.463585118191,34.404363666887],[-118.463585374712,34.4043620719921],[-118.46358573006,34.4043604496734],[-118.463586152993,34.4043588541424],[-118.463586641342,34.4043572863089],[-118.463587162321,34.4043557183506],[-118.463587784603,34.4043541770512],[-118.463588472144,34.4043526355023],[-118.463589192471,34.4043511217756],[-118.463590013009,34.4043496338104],[-118.463590867424,34.4043481745648],[-118.46359181988,34.4043467419905],[-118.463592807291,34.4043453363286],[-118.463593827493,34.4043439593904],[-118.463594946817,34.4043426082179],[-118.463596100015,34.4043412848634],[-118.463597319866,34.4043400162478],[-118.463598604976,34.4043387473828],[-118.463600358356,34.4043379707688],[-118.463587905177,34.4043283458028],[-118.463639204327,34.4042831107931],[-118.46366903022,34.4042568107686],[-118.4637492536,34.4041817883828],[-118.463782694476,34.4041468179646],[-118.463799471493,34.4041266026868],[-118.463803846658,34.4041208314545],[-118.463852059331,34.4040559745226],[-118.463873988093,34.4040256937219],[-118.463900328847,34.4039886426393],[-118.46391772584,34.4039637496113],[-118.463933830652,34.4039380744837],[-118.463957671957,34.4039000637996],[-118.463971524265,34.4038751888324],[-118.46399396385,34.4038348945057],[-118.464013388888,34.4037987948328],[-118.464025209418,34.4037782234488],[-118.464026296711,34.403776982382],[-118.464037495285,34.4037578143624],[-118.464040426726,34.403753153928],[-118.464043818523,34.4037477605868],[-118.464050211839,34.4037375956538],[-118.464099010125,34.4036672298022],[-118.464171127353,34.403583061425],[-118.464201616782,34.4035525512619],[-118.464233360379,34.4035238159205],[-118.464234917552,34.4035251144812],[-118.464303368301,34.4034687201343],[-118.464368767067,34.4034256179516],[-118.464452074087,34.4033801338087],[-118.4645419725,34.4033409251894],[-118.464606996816,34.4033179006017],[-118.464673801143,34.4032986916683],[-118.464742057509,34.4032833870921],[-118.464855246176,34.4032668229994],[-118.46491078005,34.4032614713625],[-118.464917275058,34.4032609794674],[-118.464982836114,34.4032569813263],[-118.465079749511,34.4032510706635],[-118.465119672945,34.4032503685133],[-118.465242626557,34.4032482083007],[-118.465345761401,34.4032508642876],[-118.465405461434,34.4032524021982],[-118.465497300902,34.4032595513831],[-118.465608409458,34.4032758248833],[-118.465679403402,34.4032918673731],[-118.465717268518,34.4033004235846],[-118.465747456901,34.4033097674588],[-118.46582296875,34.4033331409281],[-118.465840654617,34.4033401978263],[-118.465924635256,34.4033737044138],[-118.466021417798,34.4034217792434],[-118.466037790982,34.4034307992922],[-118.466129603896,34.4034877858787],[-118.46619794284,34.403538380599],[-118.466250095318,34.4035824121304],[-118.466287067335,34.4036171494812],[-118.466301098078,34.4036303129425],[-118.466376762026,34.4037075918902],[-118.466470980339,34.4038038209179],[-118.466482020941,34.4038155939724],[-118.46655501943,34.4038979424787],[-118.466557993169,34.4039020249103],[-118.466561529547,34.4039059681438],[-118.466565164907,34.4039099118979],[-118.466567698386,34.4039124850498],[-118.466569996502,34.4039144000847],[-118.466755942472,34.4041024092617],[-118.46674313275,34.4041121031891],[-118.466752359145,34.404126394879],[-118.466750156207,34.4041271038506],[-118.466755009894,34.4041374726603],[-118.466752598284,34.4041549077194],[-118.466743323337,34.4041696159047],[-118.466742836734,34.4041716786874],[-118.466858392036,34.4042830486193],[-118.466967249078,34.4042118959419],[-118.46701794631,34.4041787595165],[-118.467369630137,34.4039411708438],[-118.467370283532,34.4039407292779],[-118.467499651579,34.4038533676981],[-118.469393690315,34.402572908347],[-118.469610553637,34.40242694496],[-118.471228388049,34.4013373135799],[-118.47151345605,34.4011453116343],[-118.47279589525,34.4002815244661],[-118.473131167091,34.4000693169489],[-118.473580443852,34.3997917293001],[-118.473862951407,34.399626434364],[-118.473877658203,34.399618581313],[-118.4738024065,34.3995275389504],[-118.473594391819,34.3992684423222],[-118.473453035863,34.3990655392802],[-118.473442446527,34.3990509414834],[-118.473244846861,34.3987797608775],[-118.473146356842,34.3986571775073],[-118.473124431415,34.3986251476393],[-118.473002804189,34.3984798113057],[-118.472874127086,34.3983376577179],[-118.47284600575,34.3983052453683],[-118.472777535498,34.3982151757319],[-118.472718962608,34.3981164803448],[-118.472673563892,34.3980026193282],[-118.472654996569,34.3979436122473],[-118.472641407526,34.3978856162155],[-118.4726226045,34.3977850474377],[-118.472612454045,34.3977490219546],[-118.472608842115,34.3976964827964],[-118.472610121613,34.3976298407794],[-118.472617968621,34.3975521825406],[-118.472704630476,34.3970510424109],[-118.472729777808,34.3968091307863],[-118.472745871896,34.3964322638529],[-118.472752133332,34.3963673207341],[-118.47275177475,34.3963041208502],[-118.472744694824,34.3962248024627],[-118.472712151264,34.3960394473075],[-118.472690094118,34.3959495401604],[-118.472663041352,34.395855530659],[-118.472632717511,34.3957694331598],[-118.472523428396,34.3954954143808],[-118.472445970865,34.3952810370154],[-118.472426677276,34.3952232777445],[-118.472435326719,34.3952205953328],[-118.472670254475,34.3951588802121],[-118.472741464454,34.3951522512908],[-118.472813121688,34.3951518042198],[-118.472884444276,34.3951575465553],[-118.472954658601,34.3951694127985],[-118.473023000491,34.3951872770127],[-118.473088727124,34.3952109428599],[-118.473151122521,34.3952401534957],[-118.473209509498,34.3952745897194],[-118.473263254078,34.3953138807752],[-118.473530547221,34.3955684488904],[-118.473578777128,34.3956113873205],[-118.473632419532,34.3956496625814],[-118.473690815979,34.3956828093409],[-118.473753262683,34.3957104237488],[-118.473818996438,34.3957321725083],[-118.473887219608,34.3957477882703],[-118.473957102383,34.3957570840499],[-118.474027795788,34.3957599450617],[-118.474098438244,34.3957563359069],[-118.474853692212,34.3956669693394],[-118.474917821692,34.395650110993],[-118.474979700546,34.3956282200383],[-118.475038751326,34.3956014979802],[-118.475094430569,34.395570193973],[-118.475146221146,34.3955345967362],[-118.475193642059,34.3954950372204],[-118.475236254923,34.3954518804678],[-118.475277686693,34.3954007244911],[-118.475312454514,34.3953462643467],[-118.475340180051,34.3952890947345],[-118.475360558009,34.3952298398175],[-118.475373369147,34.3951691477619],[-118.475416526085,34.3949680703196],[-118.475438157883,34.3948907103295],[-118.475465562052,34.3948146196024],[-118.475498636934,34.3947400915324],[-118.475537250409,34.3946674178292],[-118.475581253993,34.3945968803493],[-118.475649253487,34.3945158801597],[-118.475710253868,34.3944448801838],[-118.475713059149,34.3944421050681],[-118.474608252924,34.3937014652312],[-118.473888473087,34.3932189266253],[-118.473751714392,34.3931272419813],[-118.473719714062,34.3931606228723],[-118.473554253574,34.3930358799122],[-118.473326253102,34.3928608795161],[-118.473230254664,34.3927958802146],[-118.472820254145,34.3925178799162],[-118.472691254529,34.3924308797617],[-118.472664254285,34.3924118805605],[-118.472594254147,34.392364880455],[-118.472670246392,34.3923226979742],[-118.472660208978,34.3923162649726],[-118.472903397662,34.392471417759],[-118.473006915999,34.3925370343851],[-118.474848823534,34.3915462419718],[-118.474922477965,34.3915065500565],[-118.474925637949,34.3915043902199],[-118.475923586192,34.3908235506084],[-118.476016636329,34.3907600669751],[-118.476787341786,34.3902342432587],[-118.477042048188,34.3900604646604],[-118.47746428643,34.389747470577],[-118.478236680702,34.3891748267209],[-118.47824556261,34.3891682618586],[-118.480032193123,34.3878436643664],[-118.481375655347,34.386847560759],[-118.481382329306,34.3868432699924],[-118.483323256179,34.3855868791494],[-118.485498428318,34.3841780356575],[-118.485974715218,34.3838695219103],[-118.486283443798,34.3836694157473],[-118.486579759353,34.3834773534403],[-118.487167173503,34.3830966058207],[-118.487167754567,34.3830961139511],[-118.487266455674,34.383012264709],[-118.491337206976,34.3795685544423],[-118.493538778048,34.3777013389383],[-118.493588423749,34.3776581821495]]]},"properties":{"OBJECTID":10498,"Date":null,"Code":"1364004","DivisionName":"SULPHUR SPRINGS UNION ELEMENTARY TA4","division_type":"ELEMENTARY SCHOOL","group_type":"13","District":"SULPHUR SPRINGS UNION ELEMENTARY ","Shape__Area":65738330.939453125,"Shape__Length":75152.514667900658,"GlobalID":"1fc15b85-9e4d-490a-a1db-fe25a2f6a051","CreationDate":1788987057416,"Creator":"RRCCgis_lacounty","EditDate":1788987057416,"Editor":"RRCCgis_lacounty"}},{"type":"Feature","id":10499,"geometry":{"type":"Polygon","coordinates":[[[-118.360791913411,34.3371368910822],[-118.373652061962,34.3371256331878],[-118.37786184963,34.3371340470898],[-118.387687015015,34.3371119557463],[-118.394703187487,34.3370952677724],[-118.397091004544,34.3370886960755],[-118.397094193186,34.3371678747126],[-118.397115136805,34.3378108822497],[-118.397126715436,34.338128687891],[-118.397145490724,34.3386896528528],[-118.397159764247,34.339067779507],[-118.397160339299,34.3391367117357],[-118.397166256615,34.3393120698561],[-118.397168297209,34.3393781367085],[-118.397169401886,34.339398766532],[-118.397174199764,34.3395428594606],[-118.397174465465,34.3395532343623],[-118.397175047245,34.3395667636024],[-118.397179501713,34.3396942035895],[-118.397179878654,34.3397016923113],[-118.397179815619,34.3397071684447],[-118.397188543888,34.3399658652085],[-118.397189772012,34.3400025960513],[-118.397587605506,34.3517728203005],[-118.397593609299,34.3519406348873],[-118.39760885334,34.3523704701661],[-118.397816952913,34.3523663821796],[-118.403934516958,34.352245919264],[-118.405500388059,34.3522150352834],[-118.413391904176,34.3520590874164],[-118.422326423126,34.3521327323103],[-118.43126011789,34.3522043160446],[-118.43263085229,34.3521716498822],[-118.440171129016,34.351990917715],[-118.440256425217,34.3519880808906],[-118.449005731694,34.3517786914612],[-118.449082057493,34.3517768643321],[-118.448985889312,34.3557591841225],[-118.448976338031,34.3561547020984],[-118.448898513324,34.3593771595467],[-118.448892418934,34.359574975672],[-118.448822071078,34.3618584553729],[-118.448667566943,34.3668731184048],[-118.448664393297,34.3669761045427],[-118.448664360792,34.3669773370634],[-118.448564306735,34.3707734791204],[-118.448463382699,34.3745708839261],[-118.448464537908,34.3750256279667],[-118.448465198268,34.375296263941],[-118.448471149015,34.3770566325141],[-118.448474829885,34.3781455958772],[-118.448474894018,34.3782005532691],[-118.448475721968,34.3783851252586],[-118.448476070417,34.3784684673574],[-118.448476126121,34.3784814456622],[-118.449139190307,34.3785124037374],[-118.450853150941,34.378592487473],[-118.450985708381,34.3785956555775],[-118.451125019243,34.3785913697506],[-118.451226104804,34.3785923945471],[-118.451349086109,34.378577919676],[-118.453064724911,34.3784527889201],[-118.453261833479,34.3784613109221],[-118.453356316205,34.3784608746995],[-118.453460823218,34.3784564467719],[-118.453585195763,34.3784543605478],[-118.453817263816,34.3784551130311],[-118.454019287485,34.3784650686793],[-118.454220385062,34.3784808613011],[-118.454498518837,34.378499382253],[-118.454729337298,34.3785203933897],[-118.454846793474,34.3785322875932],[-118.454898035098,34.378539514977],[-118.456604005526,34.3786959408871],[-118.457822641133,34.3788079389233],[-118.457870648274,34.3788110022522],[-118.458096453223,34.3788357014822],[-118.458227061877,34.3788529348041],[-118.458355857536,34.3788770093864],[-118.458456616654,34.3788958933313],[-118.458759820995,34.3789470661269],[-118.459038905809,34.3789999811073],[-118.459151185698,34.379022800235],[-118.459310433069,34.3790582774017],[-118.459720581685,34.3791613884873],[-118.46002956044,34.3792428738158],[-118.460074045895,34.3792575460983],[-118.463820804117,34.3804185685426],[-118.46395180825,34.3804581270573],[-118.464031765441,34.3804794795617],[-118.464104403842,34.3804952218215],[-118.464204387567,34.3805113515778],[-118.464391278046,34.3805337990272],[-118.464444152817,34.3805423927739],[-118.464506199613,34.380548060129],[-118.464585694461,34.3805511939883],[-118.464628481477,34.3805509750259],[-118.464815661321,34.3805375350538],[-118.464933228289,34.3805209530614],[-118.465161707127,34.3804822941603],[-118.465241141932,34.3804637711107],[-118.465308978003,34.3804439429252],[-118.465380098622,34.3804199577303],[-118.465456168384,34.3803908138333],[-118.465520632621,34.380362070558],[-118.465628044438,34.38030738107],[-118.465682555604,34.3802762616191],[-118.465824574407,34.3801874258523],[-118.465855930174,34.3801639483626],[-118.465931888167,34.3801148842433],[-118.466024289424,34.3800444571682],[-118.466101825785,34.3799809550772],[-118.466253296661,34.3798339081126],[-118.466391665916,34.3797096958916],[-118.46656674945,34.3795302998092],[-118.466679065911,34.3794232211464],[-118.466746489772,34.3793657266369],[-118.466954410831,34.3792025799724],[-118.467056374347,34.3791173598194],[-118.46710093468,34.3790846507851],[-118.467193268697,34.3790247205588],[-118.46727118422,34.3789828206724],[-118.467414578775,34.3788978245766],[-118.467451499675,34.3788739411583],[-118.467523558599,34.3788340074029],[-118.467773377634,34.3787322240098],[-118.467889333237,34.3786939408588],[-118.468727794302,34.3783971427408],[-118.469018862547,34.3782938530881],[-118.46944389456,34.3781431289988],[-118.469624095425,34.378068573589],[-118.46970017208,34.3780414869963],[-118.469812606244,34.3779974394942],[-118.469852281866,34.3779794271918],[-118.469918367867,34.3779448197947],[-118.4700026054,34.3778960500703],[-118.470238855146,34.3777453183529],[-118.470339395055,34.3776725168997],[-118.470411968237,34.3776131594155],[-118.471283941975,34.3767926071637],[-118.471480187965,34.3766245801585],[-118.471673172463,34.3764723388111],[-118.471779083451,34.3763957513343],[-118.471854583625,34.3763486641233],[-118.472038054148,34.3762490774227],[-118.472195316288,34.3761745777227],[-118.475684268127,34.3749794005717],[-118.475891522062,34.3749085160866],[-118.476040192941,34.3748503908667],[-118.47624164419,34.3747610091886],[-118.476455161356,34.3746490963156],[-118.47674110049,34.3744797435235],[-118.47696532123,34.3743274555793],[-118.477158271012,34.3742077149934],[-118.477280615566,34.3741240007524],[-118.477298737833,34.3741115332651],[-118.477335026507,34.3740825375846],[-118.477452189152,34.3739975787154],[-118.477585907621,34.3739101356853],[-118.477704795453,34.373837534357],[-118.477856750922,34.3737507376851],[-118.477987252537,34.3736815224501],[-118.478026921061,34.3736635047769],[-118.478116201355,34.3736288077248],[-118.478332860213,34.3735575222334],[-118.478458577457,34.3735192444909],[-118.47857604463,34.3734882241075],[-118.478633964089,34.3734749402785],[-118.47868859653,34.3734657966394],[-118.47879953343,34.3734512620941],[-118.478910491267,34.3734401883665],[-118.479064536059,34.373430647278],[-118.479155673361,34.3734302870875],[-118.479328028302,34.3734344172286],[-118.479458979897,34.3734431527589],[-118.479570080776,34.3734571442077],[-118.47976582228,34.3734941558405],[-118.479895246339,34.3735242219116],[-118.48003631064,34.3735617822115],[-118.480150838582,34.3735953463606],[-118.480280316321,34.3736346760077],[-118.480384937527,34.3736754815671],[-118.480479672157,34.3737242128717],[-118.480537865861,34.3737583289828],[-118.480835575385,34.3739498593577],[-118.480927082598,34.3740140716947],[-118.480973697547,34.3740516683893],[-118.481012015406,34.374087568839],[-118.48109879158,34.3741920011768],[-118.481516092495,34.3746099505653],[-118.48188492997,34.3749793919269],[-118.482065471333,34.3751602275566],[-118.482128769713,34.3752173244359],[-118.482253650957,34.3753219343648],[-118.482346876014,34.3753950721371],[-118.482431696056,34.3754490035752],[-118.482512972356,34.3754919890682],[-118.482757626989,34.3756134303235],[-118.482832418612,34.3756456707582],[-118.482876856535,34.3756620910684],[-118.482915590806,34.375672571314],[-118.482951896735,34.3756812969124],[-118.483220301629,34.3757309009732],[-118.483299696149,34.3757395178179],[-118.483535681949,34.3757491824884],[-118.483823332421,34.3757468240682],[-118.483909709072,34.3757369716987],[-118.484186501106,34.3756963512335],[-118.484785631983,34.375593442636],[-118.488261909074,34.3749963309811],[-118.488421154294,34.3749905263949],[-118.488602864501,34.3749793796012],[-118.488762232381,34.3749672452775],[-118.488873268716,34.3749690559111],[-118.489000709608,34.3749776050802],[-118.489022229118,34.374979387163],[-118.489056982359,34.3749824916025],[-118.489209861647,34.3750054517832],[-118.489304114176,34.375016667879],[-118.489500085811,34.3750405770738],[-118.489614050788,34.3750613363465],[-118.489722169133,34.375086124663],[-118.489895370785,34.3751322471343],[-118.489921694523,34.375139284541],[-118.490016424644,34.3751697360686],[-118.490409744128,34.3753161465636],[-118.490557598508,34.3753857817598],[-118.49066753558,34.3754432660615],[-118.490747024145,34.3754910323388],[-118.490863233053,34.3755667850801],[-118.490906744185,34.3755893339582],[-118.490943552485,34.37561490848],[-118.490981260627,34.3756367109184],[-118.491041813022,34.3756760080163],[-118.491314629662,34.3758840423121],[-118.491354548032,34.3759199600703],[-118.491431237559,34.3759824701769],[-118.492533084684,34.3768383361862],[-118.492719529794,34.3769828550757],[-118.493282216681,34.3774202288332],[-118.49348199053,34.3775757172287],[-118.493588423749,34.3776581821495],[-118.493538778048,34.3777013389383],[-118.491337206976,34.3795685544423],[-118.487266455674,34.383012264709],[-118.487167754567,34.3830961139511],[-118.487167173503,34.3830966058207],[-118.486579759353,34.3834773534403],[-118.486283443798,34.3836694157473],[-118.485974715218,34.3838695219103],[-118.485498428318,34.3841780356575],[-118.483323256179,34.3855868791494],[-118.481382329306,34.3868432699924],[-118.481375655347,34.386847560759],[-118.480032193123,34.3878436643664],[-118.47824556261,34.3891682618586],[-118.478236680702,34.3891748267209],[-118.47746428643,34.389747470577],[-118.477042048188,34.3900604646604],[-118.476787341786,34.3902342432587],[-118.476016636329,34.3907600669751],[-118.475923586192,34.3908235506084],[-118.474925637949,34.3915043902199],[-118.474922477965,34.3915065500565],[-118.474848823534,34.3915462419718],[-118.473006915999,34.3925370343851],[-118.472903397662,34.392471417759],[-118.472660207895,34.3923162658784],[-118.472670246392,34.3923226979742],[-118.472594254147,34.392364880455],[-118.472664254285,34.3924118805605],[-118.472691254529,34.3924308797617],[-118.472820254145,34.3925178799162],[-118.473230254664,34.3927958802146],[-118.473326253102,34.3928608795161],[-118.473554253574,34.3930358799122],[-118.473719714062,34.3931606228723],[-118.473751714392,34.3931272419813],[-118.473888473087,34.3932189266253],[-118.474608252924,34.3937014652312],[-118.475713059149,34.3944421050681],[-118.475710253868,34.3944448801838],[-118.475649253487,34.3945158801597],[-118.475581253993,34.3945968803493],[-118.475537250409,34.3946674178292],[-118.475498636934,34.3947400915324],[-118.475465562052,34.3948146196024],[-118.475438157883,34.3948907103295],[-118.475416526085,34.3949680703196],[-118.475373369147,34.3951691477619],[-118.475360558009,34.3952298398175],[-118.475340180051,34.3952890947345],[-118.475312454514,34.3953462643467],[-118.475277686693,34.3954007244911],[-118.475236254923,34.3954518804678],[-118.475193642059,34.3954950372204],[-118.475146221146,34.3955345967362],[-118.475094430569,34.395570193973],[-118.475038751326,34.3956014979802],[-118.474979700546,34.3956282200383],[-118.474917821692,34.395650110993],[-118.474853692212,34.3956669693394],[-118.474098438244,34.3957563359069],[-118.474027795788,34.3957599450617],[-118.473957102383,34.3957570840499],[-118.473887219608,34.3957477882703],[-118.473818996438,34.3957321725083],[-118.473753262683,34.3957104237488],[-118.473690815979,34.3956828093409],[-118.473632419532,34.3956496625814],[-118.473578777128,34.3956113873205],[-118.473530547221,34.3955684488904],[-118.473263254078,34.3953138807752],[-118.473209509498,34.3952745897194],[-118.473151122521,34.3952401534957],[-118.473088727124,34.3952109428599],[-118.473023000491,34.3951872770127],[-118.472954658601,34.3951694127985],[-118.472884444276,34.3951575465553],[-118.472813121688,34.3951518042198],[-118.472741464454,34.3951522512908],[-118.472670254475,34.3951588802121],[-118.472435326719,34.3952205953328],[-118.472426677276,34.3952232777445],[-118.472445970865,34.3952810370154],[-118.472523428396,34.3954954143808],[-118.472632717511,34.3957694331598],[-118.472663041352,34.395855530659],[-118.472690094118,34.3959495401604],[-118.472712151264,34.3960394473075],[-118.472744694824,34.3962248024627],[-118.47275177475,34.3963041208502],[-118.472752133332,34.3963673207341],[-118.472745871896,34.3964322638529],[-118.472729777808,34.3968091307863],[-118.472704630476,34.3970510424109],[-118.472617968621,34.3975521825406],[-118.472610121613,34.3976298407794],[-118.472608842115,34.3976964827964],[-118.472612454045,34.3977490219546],[-118.4726226045,34.3977850474377],[-118.472641407526,34.3978856162155],[-118.472654996569,34.3979436122473],[-118.472673563892,34.3980026193282],[-118.472718962608,34.3981164803448],[-118.472777535498,34.3982151757319],[-118.47284600575,34.3983052453683],[-118.472874127086,34.3983376577179],[-118.473002804189,34.3984798113057],[-118.473124431415,34.3986251476393],[-118.473146356842,34.3986571775073],[-118.473244846861,34.3987797608775],[-118.473442446527,34.3990509414834],[-118.473453035863,34.3990655392802],[-118.473594391819,34.3992684423222],[-118.4738024065,34.3995275389504],[-118.473877658203,34.399618581313],[-118.473862951407,34.399626434364],[-118.473580443852,34.3997917293001],[-118.473131167091,34.4000693169489],[-118.47279589525,34.4002815244661],[-118.47151345605,34.4011453116343],[-118.471228388049,34.4013373135799],[-118.469610553637,34.40242694496],[-118.469393690315,34.402572908347],[-118.467499651579,34.4038533676981],[-118.467370283532,34.4039407292779],[-118.46701794631,34.4041787595165],[-118.466967249078,34.4042118959419],[-118.466858392036,34.4042830486193],[-118.466742836734,34.4041716786874],[-118.466743323337,34.4041696159047],[-118.466752598284,34.4041549077194],[-118.466755009894,34.4041374726603],[-118.466750156207,34.4041271038506],[-118.466752359145,34.404126394879],[-118.46674313275,34.4041121031891],[-118.466755942472,34.4041024092617],[-118.466569996502,34.4039144000847],[-118.466567698386,34.4039124850498],[-118.466565164907,34.4039099118979],[-118.466561529547,34.4039059681438],[-118.466557993169,34.4039020249103],[-118.46655501943,34.4038979424787],[-118.466482020941,34.4038155939724],[-118.466470980339,34.4038038209179],[-118.466376762026,34.4037075918902],[-118.466301098078,34.4036303129425],[-118.466287067335,34.4036171494812],[-118.466250095318,34.4035824121304],[-118.46619794284,34.403538380599],[-118.466129603896,34.4034877858787],[-118.466037790982,34.4034307992922],[-118.466021417798,34.4034217792434],[-118.465924635256,34.4033737044138],[-118.465840654617,34.4033401978263],[-118.46582296875,34.4033331409281],[-118.465747456901,34.4033097674588],[-118.465717268518,34.4033004235846],[-118.465679403402,34.4032918673731],[-118.465608409458,34.4032758248833],[-118.465497300902,34.4032595513831],[-118.465405461434,34.4032524021982],[-118.465345761401,34.4032508642876],[-118.465242626557,34.4032482083007],[-118.465119672945,34.4032503685133],[-118.465079749511,34.4032510706635],[-118.464982836114,34.4032569813263],[-118.464917275058,34.4032609794674],[-118.46491078005,34.4032614713625],[-118.464855246176,34.4032668229994],[-118.464742057509,34.4032833870921],[-118.464673801143,34.4032986916683],[-118.464606996816,34.4033179006017],[-118.4645419725,34.4033409251894],[-118.464452074087,34.4033801338087],[-118.464368767067,34.4034256179516],[-118.464303368301,34.4034687201343],[-118.464234917552,34.4035251144812],[-118.464233360379,34.4035238159205],[-118.464201616782,34.4035525512619],[-118.464171127353,34.403583061425],[-118.464099010125,34.4036672298022],[-118.464050211839,34.4037375956538],[-118.464043818523,34.4037477605868],[-118.464040426726,34.403753153928],[-118.464037495285,34.4037578143624],[-118.464026296711,34.403776982382],[-118.464025209418,34.4037782234488],[-118.464013388888,34.4037987948328],[-118.46399396385,34.4038348945057],[-118.463971524265,34.4038751888324],[-118.463957671957,34.4039000637996],[-118.463933830652,34.4039380744837],[-118.46391772584,34.4039637496113],[-118.463900328847,34.4039886426393],[-118.463873988093,34.4040256937219],[-118.463852059331,34.4040559745226],[-118.463803846658,34.4041208314545],[-118.463799471493,34.4041266026868],[-118.463782694476,34.4041468179646],[-118.4637492536,34.4041817883828],[-118.46366903022,34.4042568107686],[-118.463639204327,34.4042831107931],[-118.463587905177,34.4043283458028],[-118.463600358356,34.4043379707688],[-118.463598604976,34.4043387473828],[-118.463597319866,34.4043400162478],[-118.463596100015,34.4043412848634],[-118.463594946817,34.4043426082179],[-118.463593827493,34.4043439593904],[-118.463592807291,34.4043453363286],[-118.46359181988,34.4043467419905],[-118.463590867424,34.4043481745648],[-118.463590013009,34.4043496338104],[-118.463589192471,34.4043511217756],[-118.463588472144,34.4043526355023],[-118.463587784603,34.4043541770512],[-118.463587162321,34.4043557183506],[-118.463586641342,34.4043572863089],[-118.463586152993,34.4043588541424],[-118.46358573006,34.4043604496734],[-118.463585374712,34.4043620719921],[-118.463585118191,34.404363666887],[-118.463584895538,34.4043652886985],[-118.4635847383,34.4043669382075],[-118.463584680977,34.4043685602885],[-118.463584657367,34.4043701813391],[-118.463584732889,34.4043718299583],[-118.463584874603,34.404373450377],[-118.463585082665,34.404375070542],[-118.463585323362,34.4043766914837],[-118.463585663968,34.404378284096],[-118.463586070921,34.4043798764546],[-118.4635865105,34.404381467787],[-118.463587082628,34.4043830324681],[-118.463587688469,34.4043845961189],[-118.463588359419,34.4043861324747],[-118.463589063931,34.4043876407546],[-118.463589868358,34.4043891216065],[-118.463590738044,34.4043906022089],[-118.463591641142,34.4043920276899],[-118.463592644306,34.4043934527884],[-118.463593679793,34.4043948227697],[-118.463593989586,34.4043969374887],[-118.463509284175,34.4044765783359],[-118.463391079166,34.4043976751306],[-118.462831253533,34.4039808821856],[-118.462350253277,34.403742881549],[-118.462111253329,34.4036318822372],[-118.462001252307,34.4035818811933],[-118.461635253152,34.4034498829225],[-118.461376252115,34.4033768822819],[-118.460946252453,34.4032738825806],[-118.460584252652,34.4032048823522],[-118.460524252817,34.403197881707],[-118.460342251985,34.4031758819789],[-118.46001325207,34.4031608820461],[-118.459669252942,34.403168882145],[-118.459317251788,34.4031918815666],[-118.458645251283,34.4032348822222],[-118.458350030152,34.4032526957193],[-118.458054489648,34.4032664500912],[-118.457758716771,34.4032761350903],[-118.457624948674,34.4032752056066],[-118.457613637803,34.4032747785888],[-118.457491313516,34.4032701599664],[-118.457372636378,34.4032620060697],[-118.457372251705,34.4032608833062],[-118.456226751504,34.4030608291802],[-118.456052060409,34.4030138329163],[-118.455994912903,34.402994697266],[-118.45591662266,34.4029684819876],[-118.455783152295,34.402919288384],[-118.455651807365,34.402866311921],[-118.455522741583,34.4028096142341],[-118.455504579688,34.4028022438885],[-118.45547180196,34.4027889440468],[-118.455237251413,34.4026818812689],[-118.455106252481,34.402608882531],[-118.454846484883,34.4024383554174],[-118.45479184928,34.4024690006556],[-118.454773550726,34.4024566939079],[-118.454630419407,34.4023507511874],[-118.454527240451,34.4022709500248],[-118.454452305498,34.4022129935081],[-118.454410686741,34.4021801758243],[-118.454145977159,34.4019688929139],[-118.454112573411,34.4019344261079],[-118.454083201347,34.4019029021327],[-118.454061936636,34.4018875366581],[-118.453991799946,34.4018353605648],[-118.453922565972,34.4017823633601],[-118.453854247835,34.4017285576176],[-118.45378685971,34.4016739495968],[-118.453720414731,34.401618554576],[-118.453654924905,34.4015623806258],[-118.453590407715,34.4015054421068],[-118.453526874094,34.401447749798],[-118.453464333889,34.4013893144828],[-118.453402803475,34.4013301469196],[-118.453342292716,34.4012702614979],[-118.453280783531,34.4012075669889],[-118.453222388268,34.4011462545841],[-118.45316279969,34.4010856948846],[-118.453129737637,34.4010487202649],[-118.453109408865,34.4010259864874],[-118.453055567542,34.4009632244478],[-118.453013527262,34.4009074746146],[-118.452972581553,34.4008511887725],[-118.452932710773,34.4007943552763],[-118.45289553461,34.4007394112376],[-118.452859382633,34.400683990057],[-118.452822744103,34.400625688475],[-118.452787233073,34.4005669075632],[-118.452752867023,34.4005076616817],[-118.452719646013,34.4004479625514],[-118.452687569121,34.4003878408287],[-118.452656653816,34.4003273090709],[-118.452626902275,34.4002663681721],[-118.45259950533,34.4002075983897],[-118.452572059998,34.4001459204297],[-118.45254582767,34.4000838890426],[-118.452520774622,34.4000215034535],[-118.452495186282,34.3999540712606],[-118.452469437712,34.3998817605525],[-118.452445289173,34.3998090652243],[-118.452424100212,34.3997405960641],[-118.452404343156,34.3996718285591],[-118.452384829352,34.3995981783312],[-118.452366950909,34.3995242434251],[-118.452351677287,34.3994547036997],[-118.452337836005,34.3993849485716],[-118.45232467752,34.3993103388333],[-118.452313152728,34.3992355408897],[-118.452303864802,34.3991652801413],[-118.452296009652,34.3990948869314],[-118.452289257409,34.3990196943423],[-118.452284160034,34.3989444108361],[-118.452280729644,34.3988690652167],[-118.452279014731,34.398798384052],[-118.452278807744,34.398722984939],[-118.452280271368,34.3986475931179],[-118.452283143045,34.3985769363162],[-118.452287811307,34.3985016452337],[-118.452293705047,34.3984311168973],[-118.452301065453,34.3983606957817],[-118.452310510939,34.398285694302],[-118.452320859262,34.398215527091],[-118.452333510632,34.3981408634462],[-118.452347799925,34.3980664028459],[-118.452362689777,34.3979967920651],[-118.452380152986,34.3979227956306],[-118.452399254488,34.3978490725571],[-118.452418634766,34.397780227548],[-118.452440859876,34.3977071220847],[-118.452505832628,34.3975406275553],[-118.452299310201,34.3974933912983],[-118.45226754331,34.3974869096436],[-118.452238819914,34.3974817031208],[-118.452206704984,34.3974766210292],[-118.452174444068,34.3974722940583],[-118.452145309329,34.3974690471815],[-118.452112802832,34.397466161763],[-118.452080233006,34.3974640320584],[-118.452047598837,34.3974626715943],[-118.452014919821,34.3974620658736],[-118.451982243817,34.3974622156192],[-118.451949572061,34.3974631487742],[-118.451920226963,34.3974646284745],[-118.451887664085,34.3974669874356],[-118.451855206516,34.3974701141035],[-118.45182285535,34.3974740102772],[-118.451793877966,34.3974781183546],[-118.451680237313,34.3974955879246],[-118.451682778222,34.3975080791459],[-118.451686615289,34.3975269429984],[-118.451691344064,34.3975558150766],[-118.451695311253,34.3975874459841],[-118.451697997657,34.3976191510806],[-118.451699351899,34.3976482746351],[-118.451699626511,34.3976800716565],[-118.451698617635,34.3977118464128],[-118.451696599145,34.3977409536813],[-118.451693161027,34.3977726121727],[-118.451688472667,34.3978041626292],[-118.45168307985,34.3978329615196],[-118.451675994968,34.3978642134786],[-118.45166840551,34.3978926707547],[-118.451658939652,34.397923483518],[-118.451648257444,34.3979540213349],[-118.451637392436,34.3979817362238],[-118.451417035238,34.3985164827534],[-118.451390725276,34.3985834087799],[-118.451367611667,34.398648309775],[-118.451346658672,34.3987137328262],[-118.451327156849,34.3987822283129],[-118.451310629621,34.3988485156847],[-118.451296296853,34.3989151455842],[-118.451283735567,34.3989847466592],[-118.451273925981,34.3990519475232],[-118.451266311119,34.3991193358518],[-118.451260769421,34.3991895680201],[-118.45125764279,34.3992599038925],[-118.451256929358,34.399327587484],[-118.451258425847,34.3993952484269],[-118.451262366436,34.3994655589011],[-118.45126841697,34.3995330487339],[-118.45127671049,34.3996003922844],[-118.451284843547,34.3996535697106],[-118.451294375529,34.3997065886691],[-118.451305290043,34.3997594338944],[-118.45131822539,34.399814690416],[-118.451331970727,34.3998670788433],[-118.451347065448,34.3999191962937],[-118.451363524775,34.3999710418087],[-118.451381332184,34.4000225757816],[-118.451406508174,34.4000891415628],[-118.451420953746,34.4001272218163],[-118.451433091344,34.4001630874746],[-118.451443916628,34.4001992365915],[-118.45145342619,34.4002356421337],[-118.451461620893,34.4002722635295],[-118.451468466861,34.4003090711545],[-118.451473965032,34.4003460379592],[-118.451478129386,34.400383135043],[-118.451480946569,34.4004203065602],[-118.451482462451,34.4004601974439],[-118.451482478322,34.4004974488086],[-118.451481128009,34.400534679115],[-118.451478427656,34.4005718576509],[-118.451474377122,34.4006089582722],[-118.451468993566,34.4006459367396],[-118.451460404696,34.400683108348],[-118.451453316513,34.4007230447859],[-118.451442753763,34.4007630635763],[-118.451430619828,34.4008027663666],[-118.451416897077,34.4008421117514],[-118.451401604858,34.4008810572859],[-118.451384774484,34.4009195613824],[-118.451365120736,34.4009601026357],[-118.451345146866,34.4009975699416],[-118.451323684103,34.4010344549845],[-118.451300769354,34.4010707441032],[-118.45127639905,34.4011063814152],[-118.451250641487,34.4011413251948],[-118.451223479099,34.4011755457557],[-118.451194981279,34.4012090031713],[-118.451165145616,34.4012416541761],[-118.451134040485,34.4012734714684],[-118.451086572328,34.4013212761355],[-118.451038496882,34.4013720337659],[-118.450993770041,34.4014215483285],[-118.45095041585,34.4014718835759],[-118.450906638623,34.4015252540452],[-118.45086610998,34.4015771861922],[-118.450827019877,34.401629854039],[-118.450789349754,34.4016832441331],[-118.450753151668,34.4017373283347],[-118.450718424372,34.4017920768989],[-118.45068518506,34.4018474509974],[-118.450653467359,34.4019034333771],[-118.450623272217,34.4019599978912],[-118.450594630945,34.4020171011508],[-118.450567544568,34.4020747314333],[-118.450540946591,34.4021353935596],[-118.450497804224,34.402237494884],[-118.450469686865,34.4022293908583],[-118.450419140032,34.4022162944948],[-118.450371302746,34.4022052426455],[-118.450319857553,34.4021947649295],[-118.450268048889,34.4021856579728],[-118.450215894156,34.40217792171],[-118.450166768162,34.402171924061],[-118.450114154912,34.4021668895534],[-118.450061363158,34.4021632395413],[-118.449921833032,34.4021726996172],[-118.449923044609,34.4021761101359],[-118.449889818347,34.4021760161348],[-118.449842250023,34.4021758824687],[-118.449704154987,34.4021804001661],[-118.449195483227,34.4021970435376],[-118.449139250372,34.4021988826941],[-118.44899125039,34.4022038825232],[-118.44891524963,34.4021958823889],[-118.44883925018,34.4021838829941],[-118.448747250227,34.4021718832601],[-118.448461250519,34.4021178827136],[-118.448241315351,34.4020161625014],[-118.448241970321,34.4020151891276],[-118.448041995925,34.4019135985202],[-118.4478636808,34.4018262385573],[-118.447680339472,34.4017675215173],[-118.44771206593,34.4016765765698],[-118.447817563753,34.4013884288669],[-118.447599152228,34.4013558207348],[-118.447379106409,34.4013398713887],[-118.447157630992,34.4013479419971],[-118.446943949707,34.4013813752002],[-118.446741977265,34.4014345761173],[-118.446873190787,34.4017064634282],[-118.446899955329,34.4017789870238],[-118.446868945371,34.401791981524],[-118.446718261048,34.4018662434655],[-118.44657286149,34.4019598056454],[-118.446450811785,34.4020611538898],[-118.446364180797,34.4021666656562],[-118.446275127481,34.4023036714692],[-118.446188001409,34.4024778818669],[-118.44609144435,34.4024500605283],[-118.445964181464,34.4024083926743],[-118.445953755378,34.4024049799409],[-118.445814764405,34.4023594514137],[-118.445767346368,34.4023439200896],[-118.445703477417,34.4024767949274],[-118.445639608412,34.4026096976776],[-118.445633411348,34.4026225907581],[-118.445575739054,34.402742572446],[-118.445569480746,34.4027556099937],[-118.445564427189,34.4027661359469],[-118.445456255971,34.402853668456],[-118.445345638439,34.4029426396849],[-118.445248644798,34.4030312028824],[-118.445150696367,34.4031210605035],[-118.445046691578,34.4032192668433],[-118.444916784181,34.4033031138233],[-118.444688287738,34.4033134054035],[-118.444855729713,34.4036281931464],[-118.444889129859,34.4036927241686],[-118.444795279126,34.4037402971155],[-118.444675646321,34.40381014949],[-118.444575056717,34.403889233067],[-118.444498761899,34.4038240793624],[-118.444227525651,34.4035848539535],[-118.44414456323,34.40366606243],[-118.444087061955,34.4037223502567],[-118.444090197927,34.4037507515334],[-118.443966620006,34.4038717256417],[-118.443971291009,34.4038961103748],[-118.443880497419,34.4040190955938],[-118.443870868068,34.4040321408826],[-118.443879530446,34.4040589009776],[-118.443799358247,34.4042003530542],[-118.443812671535,34.4042226173104],[-118.443750354496,34.4043738685973],[-118.443768132706,34.4043940826588],[-118.443728136241,34.4045282430033],[-118.443743841468,34.4045515433933],[-118.443703042478,34.4046720772671],[-118.443721933229,34.4046957221109],[-118.443681137193,34.4048162171991],[-118.443619502262,34.4047188146148],[-118.44351185071,34.4045486894373],[-118.443084627396,34.4038735368359],[-118.443017698047,34.4037677645114],[-118.442793529097,34.4037545255907],[-118.442686894627,34.4038119080964],[-118.442538486203,34.4039345364429],[-118.442579863553,34.4041036313984],[-118.44257372139,34.4041863488593],[-118.442587585389,34.4043180764459],[-118.442583505669,34.4043762610379],[-118.442612072146,34.4044404551148],[-118.442499402717,34.404488927073],[-118.442404549076,34.4043501032767],[-118.442320503342,34.4043295609645],[-118.442298914146,34.4043242836898],[-118.442218372328,34.40425689562],[-118.442209318277,34.4042101408042],[-118.442188503829,34.4041026537325],[-118.442245908568,34.404028708811],[-118.442165876097,34.4039377491338],[-118.442160238843,34.403932866242],[-118.442114877489,34.4038935750682],[-118.442120534636,34.403780047658],[-118.442077269853,34.4037080555833],[-118.442236692256,34.4037173731754],[-118.442245618328,34.4037178950683],[-118.442252423325,34.4036981113225],[-118.442298318654,34.4035646791264],[-118.442398628765,34.4032730599182],[-118.44242332057,34.4032012753135],[-118.442461143353,34.4030913187065],[-118.442464460656,34.4030816764121],[-118.442381543009,34.4029027881252],[-118.442315340929,34.4027599560879],[-118.442212422247,34.4025379102531],[-118.442012226408,34.4021059865025],[-118.441674400513,34.4017323746604],[-118.441619895316,34.4016720955246],[-118.441618009912,34.4016728209136],[-118.441571681151,34.4016906191249],[-118.441058801682,34.4018876470489],[-118.441057858429,34.4018880092902],[-118.441052354991,34.401992400851],[-118.441051221324,34.4020139119799],[-118.441048431998,34.4020668124458],[-118.441037221487,34.4022794647881],[-118.441031076745,34.4023962728067],[-118.440974708212,34.4034653766395],[-118.441081457,34.4035588832294],[-118.441200862478,34.403663528115],[-118.441034973834,34.4037211499675],[-118.440869251228,34.4037787439425],[-118.440709586049,34.403847306282],[-118.440550285049,34.4039156759619],[-118.4403910837,34.4039840162203],[-118.440212365456,34.4040607266404],[-118.440383037927,34.4043245360132],[-118.440339180054,34.4043440403916],[-118.440173188146,34.4040874686157],[-118.439996344982,34.4041677437885],[-118.439846860897,34.4041931819198],[-118.439701341687,34.4042034371766],[-118.439565844694,34.4041589183775],[-118.43941590294,34.4041037893214],[-118.439263905274,34.4040485854877],[-118.439111514724,34.4039941248492],[-118.439161235822,34.4038996100619],[-118.439173517739,34.4038762636284],[-118.439173187234,34.4038762918713],[-118.438983775936,34.4038994835584],[-118.438973468661,34.4038874294911],[-118.438892681319,34.4038948665532],[-118.438811611199,34.4038926040761],[-118.438798891296,34.4038755588148],[-118.438711703598,34.4038637008386],[-118.438643378611,34.4038452627924],[-118.438631984527,34.403828404745],[-118.438490950201,34.4037898666223],[-118.438480745919,34.4037721523088],[-118.438339488547,34.4037354296053],[-118.438328850557,34.4037171398649],[-118.438187527572,34.4036805263077],[-118.438176954445,34.4036621533785],[-118.438035599427,34.4036256227015],[-118.438025092623,34.4036070304468],[-118.437884999434,34.4035709070383],[-118.43787388608,34.4035507221466],[-118.437719783078,34.4035109402202],[-118.437709342559,34.4034923197515],[-118.437567889698,34.403456117944],[-118.437556430626,34.4034392600306],[-118.437416552283,34.4033998383964],[-118.437406373112,34.4033806390757],[-118.437265635392,34.4033415773751],[-118.437255431426,34.4033238629581],[-118.437085781586,34.403277787679],[-118.437077366944,34.4032663045132],[-118.43686955708,34.4032261651286],[-118.436659617966,34.4031972715807],[-118.436447026677,34.4031938050702],[-118.436186084293,34.4031808124994],[-118.436176317394,34.4031345538477],[-118.436134059295,34.4031060920369],[-118.435928968253,34.4030557431104],[-118.43591882785,34.4030224678731],[-118.435780226948,34.4029710087903],[-118.4357700445,34.402936751921],[-118.435638720385,34.4028801052453],[-118.435631828771,34.4028424224328],[-118.435499192847,34.4027836319629],[-118.435491934568,34.4027542355585],[-118.435358686196,34.4026951730684],[-118.435352906223,34.40267391671],[-118.43519770627,34.4026045345514],[-118.435193507862,34.4025862042989],[-118.435012696044,34.4025157959108],[-118.4350064555,34.4025050503721],[-118.434815465143,34.4024499583048],[-118.434810211611,34.4024430551619],[-118.43461111463,34.4024084954311],[-118.434605962606,34.402403950329],[-118.434403913708,34.4023920924526],[-118.434397438311,34.4023857264755],[-118.434261652778,34.4023911568076],[-118.43420683855,34.4023933472763],[-118.434186246394,34.402381755153],[-118.434136434858,34.4023560792884],[-118.434050241427,34.4023592628166],[-118.433905215879,34.4023646212433],[-118.433395038383,34.4024116313888],[-118.433174855763,34.4025088930493],[-118.433179047533,34.4025601320935],[-118.433196499543,34.4027733880485],[-118.433218500285,34.4028084278156],[-118.433235945333,34.4028402203006],[-118.433245817983,34.4028636303261],[-118.43325408557,34.4028896127526],[-118.433259047895,34.40291185931],[-118.433262571722,34.4029390090411],[-118.433283149943,34.4031982690121],[-118.433602389379,34.4032408343679],[-118.433604172222,34.4032410723091],[-118.433566782417,34.4032418992704],[-118.433163224808,34.4032508277345],[-118.433174001688,34.4035090264616],[-118.433292494877,34.4036832077618],[-118.433361545567,34.4036542679055],[-118.433414529654,34.4037410639714],[-118.432541722686,34.4037945732172],[-118.432541681289,34.4038109019491],[-118.432541638704,34.4038267925396],[-118.432540692969,34.4041949995311],[-118.432538758864,34.404947508728],[-118.432538614471,34.4050039182228],[-118.432537896796,34.4052863731716],[-118.432537039544,34.4056244902195],[-118.432537039703,34.4056245208711],[-118.432535769129,34.4061141151124],[-118.432568630823,34.4061140889594],[-118.432693479591,34.4061139897686],[-118.432842400331,34.4061138730531],[-118.432830841053,34.4062262625625],[-118.432693636105,34.4062570094495],[-118.43251215838,34.4062976785954],[-118.4324606929,34.4062825008934],[-118.432420805345,34.4062707383685],[-118.432413153555,34.4062684811648],[-118.432127924353,34.4061843632802],[-118.431870908718,34.4063323234873],[-118.431673832626,34.4063144174715],[-118.431654765817,34.4064117635444],[-118.431259243962,34.4064316259758],[-118.431251229701,34.40618556098],[-118.431248086044,34.4061846859509],[-118.431195534981,34.4061700705242],[-118.43106801888,34.4061346049314],[-118.43106507661,34.4061333397191],[-118.43066819608,34.4059625198338],[-118.430351835155,34.4059007040934],[-118.430209450623,34.4059254262726],[-118.430250460924,34.4061584796358],[-118.430171870507,34.406186874562],[-118.429913274566,34.4057550264701],[-118.429911646332,34.4056410017372],[-118.429749907066,34.4056420131324],[-118.429711129587,34.4056422569197],[-118.429582389049,34.405643065517],[-118.429560489066,34.4056421829565],[-118.429513557514,34.4057496885007],[-118.429408668442,34.4058352152132],[-118.429333289999,34.4059514085157],[-118.429297468603,34.4060366905987],[-118.429221777547,34.4060920593541],[-118.429136879884,34.4062039931177],[-118.429071198537,34.4063587934781],[-118.429025299083,34.4064992119736],[-118.428957708145,34.4066045374431],[-118.428797468862,34.4068542366433],[-118.428637141596,34.4072405083728],[-118.428562300514,34.4072937271515],[-118.428324343021,34.4073589715634],[-118.428276215284,34.4074020770716],[-118.428255568857,34.407584625802],[-118.428356671435,34.407601443863],[-118.42842684,34.407646993914],[-118.428347678706,34.4076995110995],[-118.428470480022,34.4077384355619],[-118.428602124439,34.4078181167358],[-118.428645498569,34.4078580366122],[-118.428439006129,34.4078301425732],[-118.428351100049,34.4078612242346],[-118.428430699397,34.407893859861],[-118.428546814919,34.4079757425035],[-118.42872223178,34.408172626909],[-118.428556385544,34.4083256344569],[-118.428530745079,34.4083765318877],[-118.428530161171,34.4084309189665],[-118.428540775667,34.408480257555],[-118.428635590898,34.4086173171105],[-118.428776822149,34.4087141384283],[-118.428800528296,34.4087906227649],[-118.428816670054,34.4089072079132],[-118.428877275646,34.4089399104048],[-118.428817199,34.4089389652687],[-118.428186536522,34.4089357608744],[-118.428186422418,34.409006680416],[-118.428185877337,34.4092690863065],[-118.428185873861,34.4092709497886],[-118.428175818554,34.4102266928736],[-118.42817384279,34.4104134975904],[-118.428172379301,34.4105522487616],[-118.428170882083,34.4106909991492],[-118.428150217742,34.4125965179942],[-118.428149817687,34.4126336066865],[-118.428148372362,34.4127462755124],[-118.428146770768,34.4128712940931],[-118.428501583742,34.4128704602656],[-118.429029493492,34.4128692367969],[-118.432494913364,34.4128637813788],[-118.432701303315,34.412863618604],[-118.433311336305,34.412864504101],[-118.433778823353,34.4128641195101],[-118.433793757941,34.412864582674],[-118.433865014714,34.4128668043053],[-118.433974558819,34.4128667612839],[-118.43385478543,34.4130581977093],[-118.433845249109,34.4130678845417],[-118.433844257772,34.4130705322857],[-118.433865217605,34.4130557271524],[-118.434115978467,34.4129343236725],[-118.434426050826,34.4127731127849],[-118.434746249344,34.4125768843954],[-118.435614249666,34.4120238839676],[-118.436397248821,34.4115818842792],[-118.436929249538,34.4113218841029],[-118.437476248947,34.4110938842157],[-118.43778724992,34.4109748837548],[-118.438684249803,34.4106948842933],[-118.439568705552,34.4105248647978],[-118.440331933402,34.4104098696231],[-118.440721809342,34.4104009247765],[-118.440722443429,34.4104009098508],[-118.440723429741,34.4104314917085],[-118.440725147987,34.4104638992174],[-118.440727739967,34.4105128043274],[-118.440731929873,34.4105909052174],[-118.440732778328,34.4106067366769],[-118.440738380882,34.410713141501],[-118.440738490408,34.410715133493],[-118.4407384844,34.4107158484313],[-118.440888776958,34.4107059749036],[-118.440947750843,34.4107023761462],[-118.441149549299,34.4106900620892],[-118.441217008121,34.4106871490569],[-118.441999321414,34.4106423142727],[-118.442564647841,34.41060987729],[-118.443133021737,34.410577230903],[-118.443668204939,34.4105465631371],[-118.443707273183,34.4105443223427],[-118.444136853962,34.4105196598722],[-118.444197935132,34.4105161636066],[-118.444766294845,34.4104835375599],[-118.444799308241,34.4104816503825],[-118.444799122336,34.4104761688352],[-118.444795748572,34.4103766338083],[-118.444838026953,34.4103752553642],[-118.444840181439,34.410375185256],[-118.444984498531,34.4103703293756],[-118.445027697785,34.4103686617003],[-118.445029889225,34.410368586044],[-118.445040636482,34.4103682067291],[-118.445050421242,34.4103678597943],[-118.445059282661,34.4103675450961],[-118.445071499179,34.4103671080978],[-118.445078678116,34.4103668473539],[-118.44508811371,34.4103665016973],[-118.445099705907,34.4103660751012],[-118.445111271954,34.4103656404861],[-118.445122891258,34.4103651975607],[-118.445132388761,34.4103648345444],[-118.445140648596,34.4103645103283],[-118.445148499526,34.4103642038401],[-118.445159031207,34.4103637874415],[-118.445172742792,34.4103632367613],[-118.445181867141,34.4103628642924],[-118.445188825126,34.4103625782084],[-118.445198756363,34.4103621622074],[-118.445207695757,34.4103617832033],[-118.445217766123,34.4103613477577],[-118.445221650706,34.4103611775321],[-118.445261376697,34.4103595053947],[-118.445267925733,34.4103592289213],[-118.44527167108,34.4103590583038],[-118.445368854508,34.4103540513524],[-118.445383152636,34.4103531387824],[-118.445471604423,34.4103474939738],[-118.44557258053,34.4103397818487],[-118.445675110005,34.410330657538],[-118.44569724541,34.4103285152873],[-118.445770313669,34.410321588916],[-118.445864026028,34.4103121209128],[-118.445934358392,34.4103045581005],[-118.445959557159,34.4103018500946],[-118.446099788296,34.4102853907409],[-118.446127639274,34.4102821212057],[-118.446106807986,34.410352288509],[-118.445966322694,34.4107423193273],[-118.445822772616,34.4111495715215],[-118.445695251027,34.4115113489467],[-118.445569579396,34.4118814009216],[-118.445388533705,34.4124357610907],[-118.445306808347,34.4126541873435],[-118.445167467554,34.4129483663625],[-118.44510185817,34.4130805069944],[-118.445041146321,34.4131978697036],[-118.444929494309,34.4133998893913],[-118.444879860759,34.4134857857037],[-118.444849361016,34.4135385696964],[-118.444725810525,34.4137523698998],[-118.444617348742,34.4139313767545],[-118.44449895916,34.4141138583434],[-118.444365669099,34.4143001853554],[-118.444352092448,34.4143186092588],[-118.444202718594,34.4145213037592],[-118.444122022733,34.4146222257809],[-118.44407687432,34.4146735297017],[-118.444026450111,34.4147307877175],[-118.443907772149,34.414858994724],[-118.443733006446,34.4150416827662],[-118.443439485864,34.415337108855],[-118.443310843631,34.415463651403],[-118.443183826911,34.4155829611778],[-118.442903252215,34.4158203051089],[-118.442746416109,34.4159452217587],[-118.442566424482,34.4160794796446],[-118.442359947928,34.4162227905946],[-118.441981478922,34.4164762887386],[-118.441938295971,34.4165052176359],[-118.441914650905,34.4165171697743],[-118.441800056568,34.4165855205065],[-118.441696060237,34.4166449190722],[-118.441641513503,34.4166761133288],[-118.441239091337,34.4168973826787],[-118.440997741873,34.4170243065559],[-118.44030492089,34.4173769873415],[-118.439576393534,34.4177329227728],[-118.438823770146,34.4180913066008],[-118.437270286973,34.4188121620377],[-118.43711550261,34.4188815015322],[-118.437127143039,34.4188987401738],[-118.437105250568,34.4189088846895],[-118.436729855188,34.4190808737406],[-118.435970250567,34.4194288846257],[-118.434371249954,34.4201658847286],[-118.433223876528,34.4206895687448],[-118.432180249953,34.4211658852334],[-118.43152133197,34.4214707261393],[-118.430066248847,34.4221438847568],[-118.428767167925,34.4227523051702],[-118.428076249157,34.4230758849523],[-118.427729248951,34.4232358860933],[-118.426241249997,34.4239228864081],[-118.425738247923,34.4241498872742],[-118.425603588349,34.4242111086953],[-118.424724248728,34.4246108867628],[-118.424459921257,34.4247361170947],[-118.424095248414,34.4249088866304],[-118.42399668876,34.424953590178],[-118.423710268057,34.4250835002141],[-118.423710332265,34.4250749489542],[-118.423557104207,34.4251529482612],[-118.423343247797,34.4252498865132],[-118.423274248252,34.4252838869857],[-118.42276424773,34.4255308868364],[-118.421968247616,34.4258918868293],[-118.421861622695,34.4259398018007],[-118.420931248378,34.4263578865343],[-118.420911479227,34.4263670047136],[-118.420144247747,34.4267208870283],[-118.419483248283,34.4270078866096],[-118.419062247464,34.4271978872708],[-118.418657247164,34.4273238873674],[-118.41827624786,34.4274338868012],[-118.418028247687,34.4274838868983],[-118.417712227481,34.4275425879192],[-118.41763524794,34.4275568871201],[-118.417340073945,34.4275925362461],[-118.417221247278,34.4276068871901],[-118.416610247784,34.4276458868274],[-118.415198981018,34.4276174787117],[-118.415197961769,34.4276458912775],[-118.415194687023,34.427727321646],[-118.410623734323,34.4276196374337],[-118.409453207607,34.4276300516976],[-118.409050652373,34.4276564642667],[-118.408259330181,34.4277083717174],[-118.406444731486,34.4279585350671],[-118.406351611982,34.4279713774209],[-118.404771659328,34.4283311634808],[-118.404222081655,34.4284894243803],[-118.404210832239,34.4284926641052],[-118.404210689893,34.4284803712949],[-118.404210691344,34.4284797735747],[-118.403784353919,34.4286057355023],[-118.40364954526,34.4286472714494],[-118.403623172967,34.4286555288784],[-118.403578623477,34.4286698572872],[-118.403477810751,34.4287022754404],[-118.403432855812,34.4287166916911],[-118.403393668103,34.428729258638],[-118.403335755419,34.4287484735198],[-118.403268575963,34.4287710115731],[-118.403205983285,34.428791934125],[-118.403069265965,34.428838474761],[-118.402951222542,34.4288795250933],[-118.402892596437,34.4288999709199],[-118.402813498622,34.4289285588135],[-118.402752003258,34.4289507792979],[-118.402654513074,34.4289859876929],[-118.402586554965,34.4290113785939],[-118.402458053303,34.429059666388],[-118.402148327468,34.429179575798],[-118.402070867254,34.42921055585],[-118.401980768842,34.4292472059929],[-118.401867852314,34.429293037129],[-118.401764201031,34.4293318506056],[-118.399516681903,34.4303441183557],[-118.397656923913,34.4311816804776],[-118.397576145642,34.4312180497597],[-118.397547664435,34.4312308700134],[-118.395591513657,34.4321114135481],[-118.394621727619,34.4325495571545],[-118.393615329774,34.4330034830698],[-118.392804180681,34.433365174819],[-118.392610351843,34.4334458771317],[-118.392409230604,34.4335199205747],[-118.392381503251,34.4335291121144],[-118.392152841173,34.4336049147419],[-118.39213161429,34.433611885476],[-118.391992242813,34.4336527785631],[-118.391712049034,34.4337294698815],[-118.391566601818,34.4337600397341],[-118.391595642564,34.4341895894286],[-118.391189142621,34.4343431036171],[-118.391202700529,34.434343441246],[-118.391624263448,34.4343539263371],[-118.391685560784,34.4343554503705],[-118.391870815242,34.4343600575514],[-118.391904680117,34.4343609037807],[-118.391904911903,34.4343609093427],[-118.392202568916,34.4343689879684],[-118.392367548908,34.4343730432871],[-118.392365494801,34.434479090687],[-118.39236955944,34.4346168828323],[-118.392389153075,34.4347631992093],[-118.392483461699,34.434974306712],[-118.39234224442,34.4350418905709],[-118.392246244745,34.4350808892871],[-118.392096243899,34.4351428901295],[-118.3918622437,34.435238889302],[-118.391551480379,34.4353401744515],[-118.391457244016,34.4353708889944],[-118.391177243961,34.435439889268],[-118.390961779354,34.4354743975295],[-118.390665244223,34.4355218888961],[-118.39058424339,34.4355278906524],[-118.390278244626,34.4355488894091],[-118.389992243136,34.435554890158],[-118.389905243209,34.4355498886317],[-118.389834511093,34.4355462312415],[-118.38983605984,34.4356125653966],[-118.389836356235,34.4356291625246],[-118.389820835913,34.4357705471547],[-118.389784307521,34.4359098040528],[-118.389749996214,34.4359838875773],[-118.389705663807,34.4360638560188],[-118.389640285772,34.436153921565],[-118.389600870968,34.4362005409808],[-118.389556183792,34.436247289103],[-118.389506722892,34.4362944645344],[-118.389037700981,34.4367140578608],[-118.388865341272,34.4368651867777],[-118.388181036919,34.437467002381],[-118.387937411835,34.4376773838645],[-118.387477112298,34.438061048744],[-118.38743842697,34.4380930116395],[-118.387191076038,34.4382973794757],[-118.386925378895,34.4385108305327],[-118.386811097731,34.4386074955168],[-118.386587403187,34.4387940860336],[-118.386434502275,34.4389289732836],[-118.386362273402,34.4389980162291],[-118.386300996487,34.439062833947],[-118.386241857552,34.4391332577546],[-118.386190706408,34.4392102237547],[-118.38614299118,34.439291107666],[-118.386090786558,34.4393941330033],[-118.385982863827,34.4396277635801],[-118.385921319916,34.4397523011166],[-118.385891068533,34.4398084562926],[-118.3862108617,34.439927449526],[-118.386313832171,34.4399675977019],[-118.386421085542,34.4400159207486],[-118.386530427945,34.4400709696732],[-118.386639697871,34.4401321734775],[-118.386745706558,34.4401982522365],[-118.386847818112,34.4402674752453],[-118.387272850591,34.4405665920961],[-118.387373609601,34.4406375021378],[-118.387835237283,34.4409587814948],[-118.388495558504,34.4414064234003],[-118.388895856593,34.4416666144812],[-118.389715515417,34.4421918907792],[-118.389939502534,34.4423417825498],[-118.390048833331,34.4424217781977],[-118.390150798081,34.4425082010033],[-118.390445231373,34.4427987203713],[-118.39053571311,34.4428836958878],[-118.390624400568,34.4429605426066],[-118.390724191724,34.4430359254796],[-118.390827732348,34.4431044535786],[-118.391122915619,34.4432865607843],[-118.391200867,34.4433351778183],[-118.391439222737,34.4434790045865],[-118.391466782249,34.4434993560641],[-118.391485590919,34.4435133123686],[-118.391532306147,34.4435524539195],[-118.391558809171,34.4435746785591],[-118.391624030013,34.4436195382587],[-118.391629219004,34.4436231095999],[-118.391637343657,34.4436287017111],[-118.39174837767,34.4436969262658],[-118.391797136924,34.4437247694496],[-118.391855045359,34.4437578425926],[-118.39187027754,34.4437665427476],[-118.392021093731,34.4438526772768],[-118.392140794815,34.4439151316237],[-118.3922454941,34.4439618665894],[-118.392249839183,34.4439639242587],[-118.39231008813,34.4438980160276],[-118.392565244628,34.4436188901626],[-118.392875385163,34.4432547526243],[-118.393013244857,34.4430928907566],[-118.393112244694,34.4429558899291],[-118.393519795596,34.4431732151005],[-118.39353061303,34.4431531254735],[-118.393595078468,34.4431819005625],[-118.393708054308,34.4432251563607],[-118.39375462367,34.4432535134276],[-118.3938062164,34.4432918169834],[-118.393864487627,34.4433400589442],[-118.39392611902,34.443397221428],[-118.394026134896,34.4435050938191],[-118.394102874033,34.4436006763478],[-118.394164635307,34.4436849734485],[-118.394279858124,34.4438525613732],[-118.394383302943,34.4439841226558],[-118.394613487097,34.4442629712184],[-118.394715255011,34.4443904149737],[-118.394792070664,34.4445017979374],[-118.394842190813,34.4445792629095],[-118.394903961696,34.4446652752137],[-118.394943077918,34.44470278588],[-118.394937320949,34.4447056976297],[-118.394980694769,34.4447591406921],[-118.395072357498,34.4448539870577],[-118.395177293165,34.4449494770909],[-118.395293811881,34.4450394335689],[-118.395403623254,34.4451142994424],[-118.395556619451,34.4452024184721],[-118.395749493654,34.4453065527511],[-118.395890802162,34.4453782231982],[-118.396076952539,34.4454648558536],[-118.396071647743,34.4454740660741],[-118.396077244835,34.445476890328],[-118.396735771194,34.4458118841228],[-118.396824246137,34.4458568903788],[-118.397729247317,34.4463048897339],[-118.397989246442,34.4465268900522],[-118.398252246253,34.4469188896325],[-118.398437521917,34.4471210093701],[-118.398505246365,34.4471948900379],[-118.398755247166,34.4473418908012],[-118.398769223265,34.4473491148092],[-118.398764042288,34.4473568741777],[-118.398779920073,34.4473644336146],[-118.398802653414,34.4473753197017],[-118.399038649571,34.4474775887096],[-118.399344489035,34.4476191270541],[-118.399407922258,34.4476470973941],[-118.399480026528,34.4476788895889],[-118.399577890668,34.4477228982922],[-118.399598211177,34.4477323434173],[-118.399703548854,34.4477907176318],[-118.399788932628,34.4478588651798],[-118.399796950485,34.447865132344],[-118.399871750173,34.4479344353094],[-118.400061780691,34.4481357724047],[-118.400163391583,34.4482271373848],[-118.400216784808,34.4482939530922],[-118.400268607064,34.4483782825762],[-118.400313857714,34.4484773863588],[-118.400355863529,34.4485892178156],[-118.40040475085,34.4487549777205],[-118.400420019002,34.4488253224176],[-118.400438917617,34.4489619698868],[-118.40044644903,34.4491481128111],[-118.4004363356,34.4494596996764],[-118.400455370161,34.4495759270315],[-118.400458654839,34.4495958959015],[-118.400540743039,34.4495935631561],[-118.400658153041,34.4495911651159],[-118.400746412001,34.4495893374475],[-118.400952038423,34.4495837394019],[-118.401143575992,34.4495781352973],[-118.401473581717,34.4495697072049],[-118.401772111333,34.4495613004021],[-118.401723631334,34.4532500251134],[-118.400201845133,34.4532927114154],[-118.398855589038,34.4533304573196],[-118.397329541874,34.4533732306803],[-118.397349840629,34.4545521631417],[-118.397353811056,34.454782764135],[-118.397390214575,34.4568970302296],[-118.395176021579,34.4568595018299],[-118.39266658155,34.4568169233437],[-118.392403696479,34.4568124177243],[-118.39235392911,34.4568115896673],[-118.392358996828,34.456964082297],[-118.392359922982,34.4569915561137],[-118.392365839671,34.4571701506793],[-118.392371597682,34.4573432446235],[-118.392377740578,34.4575273341753],[-118.392383284643,34.4577060588567],[-118.39238805953,34.457896391409],[-118.392419797432,34.4588818901376],[-118.392468721603,34.460383346844],[-118.391044673466,34.4603716037308],[-118.391042119208,34.460374901641],[-118.391039828846,34.4603778425968],[-118.391031672284,34.4603885069222],[-118.391028237458,34.4603929553159],[-118.391017704245,34.4604067285584],[-118.391009947472,34.4604167713421],[-118.390992201807,34.4604399184803],[-118.390973024914,34.4604649300812],[-118.390954992373,34.4604884126053],[-118.390936788748,34.4605120859004],[-118.390917667745,34.4605369539692],[-118.39089943527,34.4605607463532],[-118.390881174377,34.4605845153862],[-118.390847599447,34.460628226879],[-118.390844851704,34.4606318138974],[-118.390840157678,34.4606379107301],[-118.390821976261,34.4606480114163],[-118.390814450942,34.4606521862909],[-118.390796844162,34.4606620462175],[-118.390781419139,34.4606706360739],[-118.390747871334,34.4606893011716],[-118.390725152354,34.4607019695836],[-118.390711796435,34.4607094069258],[-118.389950146643,34.4611332539069],[-118.389594398051,34.4613330087418],[-118.389060472651,34.4616326408941],[-118.388896642062,34.461723535269],[-118.38833938456,34.4620346586567],[-118.388108593652,34.4621644949896],[-118.387336677931,34.4625959653662],[-118.387220686445,34.4626618775625],[-118.386573728397,34.4630234291957],[-118.385828704681,34.4634399073779],[-118.385279799915,34.4637470179117],[-118.385047798934,34.4638768522179],[-118.381539258485,34.4658397432486],[-118.378999234636,34.4672598665894],[-118.378953690313,34.4676271254972],[-118.378953687913,34.4676273157271],[-118.378313193216,34.4676223829796],[-118.377118879424,34.4676124156496],[-118.375923737228,34.4676026032118],[-118.374728593584,34.467592394959],[-118.373533418343,34.4675825879351],[-118.372339109999,34.4675735354858],[-118.371157836427,34.4675643881492],[-118.371143970533,34.4675642808992],[-118.371019822396,34.4675634299035],[-118.370953578127,34.4675629760849],[-118.369948903612,34.4675560925504],[-118.369948786051,34.4675560920072],[-118.368840731784,34.467548467706],[-118.367732697718,34.4675419105533],[-118.366623800528,34.4675353179451],[-118.366413647475,34.4675340016925],[-118.365738832376,34.4675314483694],[-118.365514909428,34.4675298141494],[-118.364516806924,34.4675226008074],[-118.364415120801,34.4675218658124],[-118.364415119973,34.4675219253158],[-118.364410281144,34.46752183076],[-118.364406072841,34.4675218001223],[-118.363298434029,34.4675143214101],[-118.362190031416,34.4675068628163],[-118.361954962515,34.4675052733212],[-118.361307411416,34.4675008930293],[-118.361101968204,34.467499498565],[-118.361102490121,34.4674567060062],[-118.361105540507,34.4672065987561],[-118.361109215667,34.466905296397],[-118.36111195525,34.4666806609206],[-118.361113093921,34.4665873331958],[-118.361124557435,34.4656474546951],[-118.361147094646,34.463798956416],[-118.361169844341,34.4619306714004],[-118.361192589319,34.4600693116637],[-118.361214651414,34.4582572501537],[-118.361236700639,34.4564499692328],[-118.361238139245,34.4563325192482],[-118.361250665486,34.4553111269427],[-118.361251274089,34.4552615086134],[-118.361253800904,34.4550554874233],[-118.361254489559,34.4549992363101],[-118.361254731686,34.4549938363355],[-118.36125497381,34.4549884354595],[-118.361257054203,34.454822005314],[-118.361257438332,34.4547911385412],[-118.361259229529,34.4546476071754],[-118.361259307111,34.4546411565083],[-118.361259330528,34.4546392794564],[-118.361260752556,34.4545255483097],[-118.361260926231,34.4545116462238],[-118.361262104421,34.4544174699544],[-118.361264843453,34.4541986662484],[-118.361267895533,34.4539546918327],[-118.361281965394,34.4528299633444],[-118.361271635422,34.4527201698886],[-118.361271739914,34.4527201731836],[-118.360761110567,34.447213779979],[-118.360690417764,34.4464616750578],[-118.360626688441,34.4457836433273],[-118.360626606848,34.4457836489789],[-118.360608605389,34.445590887061],[-118.360598973732,34.4453056998476],[-118.360573349239,34.4423490976044],[-118.360520378351,34.4380922171346],[-118.360520319593,34.4380922173092],[-118.360520315828,34.4380918503979],[-118.360464069479,34.43808526507],[-118.360462155567,34.4380850354573],[-118.353136958191,34.4372276755734],[-118.35163285152,34.4370521297538],[-118.35163213628,34.4370520461815],[-118.351529804619,34.4370400702146],[-118.351224682272,34.4370043590532],[-118.349670582674,34.4368224823028],[-118.347188133089,34.4365319169806],[-118.346431374057,34.4364433251392],[-118.346311425507,34.4364292836972],[-118.345362969738,34.4363182414529],[-118.344073489855,34.4361672624877],[-118.342744182069,34.4360116051518],[-118.34193302261,34.4360054629773],[-118.341919934602,34.4360053637336],[-118.341308582803,34.436000731216],[-118.340896395796,34.4359982082788],[-118.340580321739,34.4359957982126],[-118.340111044936,34.4359922771019],[-118.340061835453,34.4359919074866],[-118.340060322966,34.435992964712],[-118.340060574311,34.4359918974986],[-118.33977139818,34.4359900653383],[-118.339387171312,34.4359876284518],[-118.339385576763,34.4359869738948],[-118.339246012487,34.4359859344142],[-118.338750418774,34.435982314845],[-118.334348102668,34.4359500710076],[-118.331878280579,34.4364461644573],[-118.331050868833,34.4366123347022],[-118.329879619905,34.4368475767399],[-118.329848664003,34.4368537940064],[-118.327247091563,34.4373762684093],[-118.326606091331,34.4375049904327],[-118.324977764891,34.4378319479699],[-118.324903069714,34.4378469457153],[-118.324906606631,34.4376914505369],[-118.324983861663,34.4342942624434],[-118.325064647811,34.4307415791586],[-118.325066314499,34.4306673824731],[-118.325226229784,34.4236361809788],[-118.325296858634,34.4165637586534],[-118.325305154896,34.4157328875139],[-118.325377893516,34.4084471016361],[-118.32541756926,34.4029273714309],[-118.32543144411,34.4009969608747],[-118.325485693053,34.3978096142127],[-118.325556360275,34.3936578633686],[-118.325685505573,34.3860678659794],[-118.325700059997,34.3852123286523],[-118.325800724311,34.3792941549037],[-118.325808858319,34.3788159101801],[-118.326024990359,34.3661097655012],[-118.326025419539,34.3615879334129],[-118.32602567915,34.3588558647371],[-118.326026392497,34.3516563573228],[-118.326026398605,34.3516014945277],[-118.326631258855,34.3516023613443],[-118.327535736108,34.3516036535948],[-118.333726074369,34.3516123181064],[-118.334190196714,34.351612954967],[-118.33444803389,34.3516133084347],[-118.334779351118,34.3516137676286],[-118.34248448805,34.3516251114502],[-118.343528809891,34.3516266112104],[-118.343532344815,34.3516266165168],[-118.348318748365,34.3516326551692],[-118.348761773338,34.3516332040019],[-118.350000777373,34.3516347322044],[-118.352076674118,34.3516372642016],[-118.352305214618,34.35163753947],[-118.352543764941,34.3516379997555],[-118.355878944785,34.3516418942616],[-118.356174448793,34.3516422351428],[-118.35879212353,34.3516452205888],[-118.360093021528,34.3516466841457],[-118.360222296188,34.3516468282796],[-118.360484464131,34.3516471206966],[-118.360488605646,34.3516471363256],[-118.36055155751,34.3516473150863],[-118.360620600964,34.3516475108486],[-118.360799812444,34.3516474742147],[-118.360799800552,34.3516447263749],[-118.360792153986,34.3443963057544],[-118.360790965599,34.3432872915534],[-118.360790789899,34.3431012604977],[-118.360788328795,34.340781836623],[-118.360784732486,34.3373909873934],[-118.360785348862,34.3373691711305],[-118.360791913411,34.3371368910822]]]},"properties":{"OBJECTID":10499,"Date":null,"Code":"1364005","DivisionName":"SULPHUR SPRINGS UNION ELEMENTARY TA5","division_type":"ELEMENTARY SCHOOL","group_type":"13","District":"SULPHUR SPRINGS UNION ELEMENTARY ","Shape__Area":1305092484.3046875,"Shape__Length":218504.51627689981,"GlobalID":"b60eb68f-bdb4-44fe-aed7-2d50b9b1101d","CreationDate":1788987057416,"Creator":"RRCCgis_lacounty","EditDate":1788987057416,"Editor":"RRCCgis_lacounty"}}]}