{"type":"FeatureCollection","features":[{"type":"Feature","id":1,"geometry":{"type":"Polygon","coordinates":[[[-118.70266131124,34.6180848912549],[-118.701180311045,34.6180738908338],[-118.694997309974,34.6180738911987],[-118.693165309722,34.6180608916052],[-118.686671308646,34.6180518915723],[-118.674228306528,34.6179648927817],[-118.668011305678,34.6179178927747],[-118.660381304176,34.6178018932589],[-118.650801302355,34.6176498939929],[-118.646445302204,34.6176778946447],[-118.644953301502,34.6176948946191],[-118.643293301115,34.6176578948055],[-118.642857301619,34.617647894369],[-118.639819300406,34.6175828942417],[-118.639100300406,34.617595894885],[-118.632587299349,34.6176048947858],[-118.628603299328,34.6176428949786],[-118.627062299054,34.6176298953679],[-118.625266298673,34.6176718956165],[-118.62465929846,34.6176718956524],[-118.619056297247,34.6176348960712],[-118.617354296716,34.6176248957093],[-118.615802296832,34.6176158962842],[-118.611007296144,34.6176028959661],[-118.6074762955,34.6175938966576],[-118.602083294113,34.6175468966019],[-118.598325293754,34.6175268967984],[-118.596459293729,34.6175438967948],[-118.594218293434,34.6175488971581],[-118.592296292613,34.6175338974774],[-118.578675290828,34.6174248986383],[-118.572567289622,34.617370898301],[-118.56776828875,34.6173708985839],[-118.56689628886,34.6173528987027],[-118.560920287462,34.6172288996186],[-118.560889287819,34.6171468994275],[-118.560799287256,34.6172068995082],[-118.560578287828,34.6173058996007],[-118.560509287333,34.6173098988903],[-118.560448287207,34.6173018994235],[-118.560395287449,34.6172638994688],[-118.56038228774,34.6171948989782],[-118.55833428738,34.6171458995319],[-118.558243286784,34.6173628996751],[-118.557968287544,34.6173358993426],[-118.55774028688,34.6172828996042],[-118.557373286972,34.617172899038],[-118.557152286636,34.6171648995805],[-118.556923286826,34.6171338990605],[-118.556770286939,34.6171188992754],[-118.556649286734,34.6171188992826],[-118.556473286688,34.6171798994146],[-118.556275286521,34.6172178993841],[-118.556008286755,34.6172258997696],[-118.555809286539,34.6172448997602],[-118.55553528645,34.6172598995704],[-118.555374287092,34.6172488999708],[-118.555252286839,34.6172258998142],[-118.555031286503,34.6172178994574],[-118.554764286736,34.617221899658],[-118.554382286145,34.6172368994746],[-118.553871286781,34.6172869000172],[-118.553688286408,34.6173098992925],[-118.553497286562,34.6173208998122],[-118.553291286021,34.6173249000092],[-118.552864286044,34.6173208998495],[-118.552712286201,34.6172908993711],[-118.552521286353,34.6172718994034],[-118.552299285967,34.6172328994125],[-118.552093286322,34.6171838998576],[-118.551910285944,34.6171648998896],[-118.551689286507,34.6171608997177],[-118.551498285761,34.6171528993592],[-118.551369286083,34.6171158994552],[-118.551170285864,34.6170958994418],[-118.550819285803,34.6170499000342],[-118.550659285591,34.6170349002496],[-118.550079285726,34.6170238997754],[-118.549934286209,34.6170129001748],[-118.549728285666,34.6169888999769],[-118.545078285404,34.6171039001707],[-118.540464284096,34.6170679005773],[-118.536838283549,34.6170399003962],[-118.529560282148,34.6169389006533],[-118.522727281564,34.6169139016991],[-118.518961280834,34.6169009013202],[-118.519061280906,34.6162099017499],[-118.518960280728,34.6162089017097],[-118.518951280106,34.6138259012784],[-118.518924280276,34.6094349006629],[-118.518906280104,34.606663900284],[-118.518888279811,34.6024928999444],[-118.518513279541,34.6024769001262],[-118.518918279396,34.6024439003757],[-118.518914279058,34.6006608997988],[-118.518909278632,34.5983998996105],[-118.518896278409,34.5923548989835],[-118.518819278143,34.5888678987874],[-118.518480276417,34.5734548968372],[-118.51962827615,34.5590348957324],[-118.521157275868,34.5590278953191],[-118.528170277584,34.5589958952269],[-118.528195276785,34.5571698944592],[-118.528203277106,34.556589894629],[-118.528247277206,34.5549808948974],[-118.528266277079,34.5537398941908],[-118.528302276861,34.5527398938311],[-118.52825027609,34.5508388940978],[-118.528326276852,34.5501618942766],[-118.528397276271,34.5470238940154],[-118.528416276181,34.5462058930761],[-118.528522276072,34.5401568931559],[-118.532888276691,34.5401568928999],[-118.534431277058,34.5401628921874],[-118.535896276512,34.5401568927235],[-118.537407277197,34.5401668921978],[-118.537495276773,34.5401678922389],[-118.537512277498,34.5394418919549],[-118.537543277048,34.538433892125],[-118.537573276255,34.5339658915436],[-118.537577276234,34.5315588918004],[-118.53757927624,34.5305478909342],[-118.537606276563,34.5302278914297],[-118.537662276055,34.5255358903852],[-118.537670275295,34.5228288902647],[-118.537673275346,34.5217978902726],[-118.537695275149,34.5181048895414],[-118.543555276563,34.5180988898202],[-118.545447276894,34.5180918893859],[-118.546707276754,34.5181028898206],[-118.546719276313,34.5169748889416],[-118.546753276985,34.5169458893979],[-118.546822276574,34.5168658892932],[-118.546860276529,34.5168048891694],[-118.546883276689,34.5167438890464],[-118.54694427681,34.5166938894296],[-118.547013276405,34.5166748894467],[-118.547089276323,34.5166598896482],[-118.547188276406,34.5166328892937],[-118.547279277018,34.5165988895154],[-118.547402276411,34.5165448888108],[-118.547524276659,34.5165148892157],[-118.547661276702,34.5164958892287],[-118.547798276747,34.5164838895653],[-118.548073276886,34.5165068888137],[-118.548187276767,34.5165218895004],[-118.548309277021,34.5165678889215],[-118.548431277276,34.5166218887125],[-118.548584277168,34.5166748893547],[-118.548874277106,34.5167548894382],[-118.549057277485,34.5167858890619],[-118.549339277045,34.5167698892051],[-118.549523277465,34.5167478890767],[-118.54966827698,34.5167398886985],[-118.549790277232,34.5167478890611],[-118.550049277531,34.5167858890037],[-118.550225277585,34.5168198887663],[-118.550331277098,34.5168548894786],[-118.550728277487,34.5168698892495],[-118.550888277696,34.5168538893998],[-118.550972277086,34.5168388887016],[-118.551308277346,34.5168158894174],[-118.551560277314,34.51677388926],[-118.551758277485,34.5167738892483],[-118.551789277123,34.5167928892254],[-118.551834277408,34.5168118892017],[-118.5519182777,34.516827889037],[-118.55217027767,34.5168048888585],[-118.552353278044,34.5167928891924],[-118.552750277529,34.5167468888416],[-118.552948277699,34.5167398885064],[-118.553040277458,34.5167168892366],[-118.55313927754,34.5166788892729],[-118.553292277421,34.5166098887725],[-118.553368277337,34.5165678886253],[-118.5533912775,34.5165408891747],[-118.55339827781,34.5163808889731],[-118.553452277599,34.5162288891386],[-118.553528277507,34.5160948883363],[-118.553650277747,34.5159688888003],[-118.553780277459,34.5158658885283],[-118.553925277868,34.515778888995],[-118.554192277626,34.5156798888999],[-118.554421277428,34.5156218889035],[-118.554505277716,34.5155958885961],[-118.55457327816,34.5155338884243],[-118.554657277538,34.515381888588],[-118.554673278262,34.5151948889366],[-118.554642277707,34.5149618889603],[-118.554642277701,34.5148968886538],[-118.55471127819,34.5148138884105],[-118.554795277574,34.5147298881201],[-118.554909277452,34.5147108881346],[-118.555062278239,34.5147218886341],[-118.555199278284,34.5147178884412],[-118.555268277881,34.5147218886221],[-118.555321277636,34.514732888228],[-118.55539727756,34.5147678889421],[-118.555512278385,34.5147678889354],[-118.555642278106,34.514759888558],[-118.555695277859,34.514736888391],[-118.555748277604,34.5146228885145],[-118.555809277716,34.5144698886334],[-118.555802278279,34.5143248882267],[-118.555763278262,34.5141958885615],[-118.555695277803,34.5140848888306],[-118.555619277874,34.5139738882009],[-118.555352278093,34.5138098887298],[-118.555253278003,34.5137608882694],[-118.555161278237,34.5136998881531],[-118.555108277578,34.513649888543],[-118.555085277407,34.5135738886287],[-118.555084277354,34.5135008888518],[-118.555107277513,34.5134248880355],[-118.555199278164,34.5133148883414],[-118.555329277876,34.5131998884141],[-118.555748277456,34.5128908884958],[-118.556221277745,34.5126738883304],[-118.556580278158,34.5125018884528],[-118.55674027836,34.5123988881791],[-118.556824277747,34.5123608882164],[-118.556878277545,34.5123228882554],[-118.556954278362,34.5122918886166],[-118.557183278156,34.5121438880575],[-118.557404278483,34.512039887734],[-118.5575342782,34.5119828877896],[-118.557679277713,34.5119488880082],[-118.557862278082,34.5118758882205],[-118.557984278327,34.511811887953],[-118.558304277827,34.5115558877924],[-118.558411278274,34.5114488882363],[-118.558518277817,34.5113038878229],[-118.558632278589,34.5112168882914],[-118.558731277771,34.5111668877731],[-118.558831277897,34.5111058876456],[-118.55896827794,34.5110788881882],[-118.55909027819,34.5110718878575],[-118.559388278495,34.5110978881426],[-118.559601278457,34.5110638874578],[-118.559830278257,34.5109878875288],[-118.559968278344,34.5109258882522],[-118.560059278052,34.5108428880076],[-118.560105278373,34.5107318873708],[-118.560090278562,34.5105448877211],[-118.560120278141,34.5104188881905],[-118.560158278083,34.510205887336],[-118.560158278059,34.5099308881146],[-118.560181278207,34.5097328879543],[-118.560204278365,34.5096448874826],[-118.560204278362,34.5096108877097],[-118.560280278275,34.5095298875585],[-118.560364278561,34.5094768878016],[-118.560525277913,34.5094118874857],[-118.560738278772,34.5093438879274],[-118.561051278865,34.5092938873966],[-118.561211278175,34.5092818877319],[-118.56134827822,34.5092818877238],[-118.561448278353,34.5092978875583],[-118.561524278275,34.5093168875326],[-118.561608278568,34.5093468880151],[-118.561555278815,34.5093738874676],[-118.561501278116,34.5093928874497],[-118.561425278197,34.5094078872482],[-118.561349278281,34.5094468872566],[-118.561318278648,34.5094838871701],[-118.56131827866,34.509632887762],[-118.561364278099,34.5097208873304],[-118.561394278597,34.509819887408],[-118.561394278607,34.5099458878363],[-118.561371278447,34.5100068879592],[-118.561372278502,34.5101058880386],[-118.561394278627,34.5101718874908],[-118.561425278268,34.5102398879342],[-118.561478278926,34.5102778878889],[-118.561555278893,34.5102898875398],[-118.561730278899,34.5102898875295],[-118.561814278289,34.5102738876843],[-118.562012278459,34.5102778878577],[-118.562142279083,34.510311887623],[-118.562249278644,34.5103658874148],[-118.562310278776,34.5104488876505],[-118.562348278744,34.5105378872654],[-118.562348278752,34.5106288878744],[-118.562333278974,34.5108268880343],[-118.562379278412,34.5109148876026],[-118.5624242787,34.5109648881125],[-118.562539278647,34.5112008873232],[-118.562661278916,34.5114188875],[-118.56276827849,34.5116248880226],[-118.562829278627,34.5117658873419],[-118.562829278637,34.5118798881146],[-118.562790278635,34.5119368880537],[-118.562745279255,34.5119868876695],[-118.562714278725,34.5120518879779],[-118.562730278573,34.5121278878925],[-118.562791278706,34.5122238878298],[-118.562928278773,34.5124788879174],[-118.562981279434,34.5125478875065],[-118.56302027944,34.5125548878277],[-118.563134279331,34.5126738879257],[-118.563149279128,34.5127038875128],[-118.563172279301,34.5127918879818],[-118.563241278906,34.5128988875277],[-118.563309279367,34.513035887561],[-118.563393278769,34.5131578877994],[-118.563485279439,34.5132728877137],[-118.563569278842,34.5134168880696],[-118.563683279634,34.5135618875708],[-118.563759279564,34.5136728882004],[-118.563790279208,34.5137688881394],[-118.563798279587,34.513871887504],[-118.563843278978,34.5139438881314],[-118.563889279311,34.5139708875781],[-118.563950279437,34.5139858882679],[-118.564065279369,34.5140428881979],[-118.564141279295,34.5141198881553],[-118.564202279427,34.5141988882061],[-118.564210279806,34.5142948881464],[-118.564202279446,34.5144238878144],[-118.564279279425,34.5145708883094],[-118.564670279528,34.5144848879086],[-118.565043279695,34.5143818876224],[-118.565623279533,34.5140818881107],[-118.566183279323,34.5135218873741],[-118.566495279351,34.5132578877435],[-118.56701127982,34.5129098878155],[-118.567606279427,34.5123008875098],[-118.568105279982,34.5116438876891],[-118.568500280229,34.5110858870546],[-118.568719279541,34.5107088876021],[-118.5688332794,34.5104628870165],[-118.568791280126,34.5101358871924],[-118.568743279684,34.5099068874021],[-118.569074279664,34.5093158870446],[-118.569243279389,34.5092808872155],[-118.569361279428,34.5089698872225],[-118.569391279879,34.5085278874745],[-118.569530279983,34.5081348872872],[-118.569781279879,34.5077898866141],[-118.570281279605,34.5074098870065],[-118.5706962799,34.5070958868574],[-118.570909279841,34.5068168865392],[-118.571060279607,34.5064888866577],[-118.571190280186,34.5059978864377],[-118.571393279635,34.5053758864534],[-118.571533279785,34.5049658863796],[-118.57166227944,34.5047368865788],[-118.571612279807,34.5045398864691],[-118.571676280052,34.5043108866721],[-118.571901279656,34.5041128865001],[-118.57209427957,34.5038128861116],[-118.572101279893,34.5038008864559],[-118.572202280044,34.5034898864638],[-118.572237279863,34.5034658862517],[-118.572387279603,34.5033748865333],[-118.572485279634,34.5032778865405],[-118.57253027991,34.5031868859289],[-118.572547279791,34.5031088859198],[-118.572578279421,34.5030438865108],[-118.57259428016,34.5030238864847],[-118.572379280104,34.503046886661],[-118.571599279985,34.5031298860466],[-118.571480279873,34.5031358863309],[-118.554731277286,34.5039208876229],[-118.55279427667,34.5039118873202],[-118.551808276002,34.5039068871468],[-118.54681127586,34.5039378879726],[-118.546008275569,34.5039428882507],[-118.545365275488,34.5039468875739],[-118.540808275022,34.5039428885549],[-118.540494274879,34.5039428885733],[-118.538351274622,34.5039408886062],[-118.537868273852,34.5039408886344],[-118.538011274157,34.503722888442],[-118.538303274141,34.5032528882837],[-118.53841827405,34.503049887887],[-118.538539274235,34.5028248882715],[-118.538604274534,34.502694888554],[-118.538682274528,34.5024688879956],[-118.538738274403,34.502254887993],[-118.538793274229,34.5020008879403],[-118.538803273787,34.5019318883477],[-118.538876274426,34.5014538878325],[-118.538951274252,34.5008848876074],[-118.538996273603,34.50048788814],[-118.539005274013,34.5004148883625],[-118.539040273817,34.5002128880166],[-118.539122273997,34.5000038882437],[-118.539252273685,34.4996138881955],[-118.539594274139,34.4986078875405],[-118.539738273575,34.4982028876975],[-118.539782273805,34.4981178873632],[-118.539819273713,34.4980448875841],[-118.539887274152,34.4979308877066],[-118.540079274026,34.4977048871414],[-118.540470274097,34.4972578871412],[-118.540989273785,34.4966638875333],[-118.541229274077,34.4963848872136],[-118.54126027371,34.4963448871615],[-118.541359273784,34.4962178875806],[-118.541520274022,34.4959918870173],[-118.541642274255,34.4957908876119],[-118.54179127393,34.4954748873858],[-118.541915274248,34.4951888876486],[-118.542018273592,34.4948688872403],[-118.542074274368,34.4946678869394],[-118.542124273957,34.4943538868116],[-118.542154273526,34.4941038869452],[-118.542158273622,34.4930618873439],[-118.542159273638,34.4927108873073],[-118.542160273667,34.4925018866398],[-118.542174273391,34.4922128867703],[-118.542198273561,34.4917318870187],[-118.54223327333,34.4911188865608],[-118.542295273448,34.4904858869755],[-118.542333273347,34.4897768865767],[-118.542370273202,34.4890828868713],[-118.542424273837,34.4883078861188],[-118.542434273388,34.4881618865642],[-118.542446273925,34.4879468865181],[-118.542477273511,34.4873578862704],[-118.542484273824,34.4872388861654],[-118.542555273423,34.4861788866275],[-118.542567273051,34.4858528859471],[-118.54254227366,34.4854708862778],[-118.542546272898,34.4849018860569],[-118.542537273356,34.484619885613],[-118.54251427318,34.484486885762],[-118.542423273441,34.4842038861759],[-118.542326273421,34.4838918861491],[-118.542206273232,34.4835268863718],[-118.542193272627,34.4834878863685],[-118.541850272849,34.4824138862076],[-118.541831272863,34.4823458857635],[-118.541808272691,34.4822628855256],[-118.541635272726,34.4816498859792],[-118.541610272463,34.4815908859515],[-118.541587273188,34.4814758860331],[-118.541578272758,34.4813188859711],[-118.541563272944,34.4810988856955],[-118.541661272959,34.4808118859135],[-118.541961272403,34.4802168853728],[-118.542164272769,34.4797878853163],[-118.542958272501,34.4781048857174],[-118.543113272454,34.4777988850539],[-118.543379273029,34.4772738850529],[-118.54354027236,34.4769658851959],[-118.543700272553,34.476754885326],[-118.543791273156,34.4766228855145],[-118.543829273108,34.4765318849033],[-118.543888273123,34.4763208850392],[-118.543957272689,34.4759618846289],[-118.544036272715,34.4755748847223],[-118.544162273109,34.4750888847336],[-118.544292272788,34.4745868849043],[-118.544354272944,34.4744078847206],[-118.544408272732,34.4742578849786],[-118.544533273102,34.474028885178],[-118.544793272511,34.4736268845676],[-118.545318272467,34.4729258845101],[-118.54576027309,34.472353884125],[-118.546249273182,34.4716888848343],[-118.546402273056,34.4715388841871],[-118.546593272889,34.4713778839286],[-118.546672272943,34.4713168847017],[-118.546726272736,34.4712258840895],[-118.546764272686,34.4711108841675],[-118.546791273026,34.470989883969],[-118.546798272445,34.4709248845613],[-118.546825272775,34.4706858843042],[-118.546905272834,34.4701378841503],[-118.546941272681,34.4698948846072],[-118.547004272862,34.4694638844664],[-118.547026272959,34.4692068842769],[-118.547049272211,34.469044883982],[-118.547108272227,34.4688508840044],[-118.547252272576,34.4686108836943],[-118.547394272838,34.4684418839683],[-118.547472272842,34.4683348844137],[-118.547496273045,34.4682408836646],[-118.547504272507,34.4681288838831],[-118.547499272267,34.4680248835728],[-118.547441272263,34.4678248842241],[-118.547667272841,34.4679548839247],[-118.548769272434,34.4662048839088],[-118.54918927293,34.4655388836765],[-118.54947627267,34.4649148835949],[-118.54963827291,34.4641828830249],[-118.54968627232,34.4628468833212],[-118.549693272628,34.462658883624],[-118.549699272892,34.4624898830065],[-118.549700272936,34.4624608834647],[-118.549709272434,34.4622408831875],[-118.549698272738,34.461223882944],[-118.549657272515,34.4597708832331],[-118.549635272324,34.4589208826156],[-118.549633272225,34.4588398824689],[-118.549626271879,34.4585858824198],[-118.549621272509,34.4581338831109],[-118.549560272352,34.4577688824308],[-118.54948927174,34.4574758823814],[-118.549280271911,34.4569078822191],[-118.548900272238,34.4560598826141],[-118.548727271388,34.4556118826007],[-118.548596271584,34.4551828825636],[-118.548529272056,34.4548918826064],[-118.548463271659,34.4544188823304],[-118.548473271209,34.4542658824522],[-118.548479271478,34.4541628821874],[-118.548487271838,34.45404188199],[-118.548501271546,34.4535578821001],[-118.548577271435,34.4531988825886],[-118.548730271282,34.4527258822999],[-118.548874271617,34.4523258817886],[-118.549116271991,34.4519198818937],[-118.549269271859,34.4517028817468],[-118.549344271724,34.4515968822387],[-118.549571271411,34.4512808820081],[-118.550397271793,34.4503958815219],[-118.551329271676,34.4493998812947],[-118.551373271909,34.4493538818638],[-118.552100271314,34.4485548817613],[-118.552490271338,34.4480858816436],[-118.552530271386,34.4480288817045],[-118.552582271987,34.447953881832],[-118.5527232722,34.4477508814337],[-118.55298227155,34.4471958809457],[-118.553085271795,34.4469028817855],[-118.553193271371,34.4465918808936],[-118.553202271783,34.4465328808639],[-118.553217271569,34.4464278814054],[-118.553264271918,34.4460998815299],[-118.553272271347,34.4456058811783],[-118.553277271552,34.4453028815615],[-118.553299271631,34.444827881188],[-118.553320271664,34.4443578810455],[-118.55333527145,34.4442528806878],[-118.553385271937,34.4439188814341],[-118.553478271702,34.4434178807539],[-118.553489271309,34.4433848810266],[-118.553632271594,34.4429398811333],[-118.554123271742,34.4418448808523],[-118.554641271343,34.4407708806411],[-118.555300271145,34.4393468804313],[-118.555479271295,34.4388658806706],[-118.555619271445,34.4384658801595],[-118.555702271651,34.4380128799],[-118.555715271309,34.4374968803297],[-118.555750271094,34.4370588798669],[-118.555781271572,34.4363848801869],[-118.555845270832,34.4351478796624],[-118.555871271092,34.4346278799065],[-118.555888270962,34.4344318798389],[-118.555907270924,34.4342188798848],[-118.555989271085,34.4337768801337],[-118.556074271394,34.4334518794954],[-118.556190271339,34.4331298798932],[-118.556346271336,34.4327878793643],[-118.556522271361,34.4324788794602],[-118.55669827139,34.4322078795139],[-118.556894271446,34.4319508793143],[-118.557188271535,34.4316198792858],[-118.557381271457,34.4314138796451],[-118.557553271308,34.4312308792702],[-118.557720270928,34.4310538791728],[-118.558541271072,34.4300918796244],[-118.558993271264,34.429589878877],[-118.559097271571,34.4294718788125],[-118.559805270995,34.4286668793331],[-118.56052327178,34.4278368786975],[-118.56082527134,34.4275158791308],[-118.560860271158,34.4274728789398],[-118.560916271047,34.4274128788611],[-118.561010271804,34.4274588791833],[-118.561145271745,34.4273188789994],[-118.561323271873,34.4271308783929],[-118.561491271533,34.4268768783337],[-118.561660271238,34.4266128787114],[-118.561781271418,34.4263238788357],[-118.561820271416,34.4262238787077],[-118.561894271227,34.4260318788218],[-118.561979271539,34.4257428789481],[-118.562049271155,34.4254348781971],[-118.56218227186,34.4247818785825],[-118.562249271336,34.4244548787521],[-118.562288271326,34.4242658781075],[-118.56236527126,34.4238858785246],[-118.562543271332,34.4230318786098],[-118.562580271231,34.4228518783813],[-118.562643271416,34.4224758780849],[-118.562680271301,34.4221358785546],[-118.562704271483,34.421781878378],[-118.562711270903,34.4217268776339],[-118.562598271058,34.4215948778343],[-118.562608271435,34.4205838778667],[-118.562626271311,34.4199008777714],[-118.562617270887,34.4198188775789],[-118.562601271033,34.4196598774249],[-118.562583271084,34.4194788780528],[-118.562556270708,34.419182877862],[-118.562505271017,34.4188358780134],[-118.562447271013,34.4186378778577],[-118.562385270822,34.4183998776521],[-118.562310270928,34.4181668776783],[-118.562229270757,34.417934877751],[-118.562149270637,34.4177668780841],[-118.562079270982,34.4176178774961],[-118.561994270629,34.4174198773421],[-118.561981270924,34.4173888777086],[-118.561820270646,34.417132877576],[-118.561510270648,34.4166698777763],[-118.561135270333,34.4161148773253],[-118.560973270008,34.4158618773313],[-118.56090227031,34.4157528776931],[-118.560864270345,34.4156938776661],[-118.560782270135,34.4155488772637],[-118.560599270631,34.4152248775865],[-118.560400270382,34.4148368776499],[-118.560201270133,34.414462877461],[-118.560139269949,34.4143078774946],[-118.560078269811,34.4141578777592],[-118.559976270464,34.4139028776694],[-118.559847269858,34.413526877384],[-118.559747269704,34.4132588775925],[-118.559716270061,34.4131778774475],[-118.559692269844,34.413106876865],[-118.559604270245,34.4128478774888],[-118.559478269778,34.4124698771109],[-118.559368270063,34.4122328769542],[-118.559255270209,34.4119958767977],[-118.559189269842,34.4118718773651],[-118.559122269428,34.4117478770332],[-118.558909269438,34.4114558770382],[-118.558673269282,34.4111588768135],[-118.55823126947,34.410678877135],[-118.557960269495,34.4104038770299],[-118.557820269298,34.4102618767695],[-118.557396269423,34.4098218771403],[-118.557000269045,34.4093888769337],[-118.556692269149,34.4090258772596],[-118.55597326907,34.4081138774139],[-118.555901269327,34.408022876809],[-118.555581268872,34.4076178769929],[-118.554916268604,34.4068188769713],[-118.554619268318,34.4064578764897],[-118.554559268233,34.4063858767625],[-118.553966268607,34.4056848767699],[-118.553367268703,34.4049728771686],[-118.553201268199,34.4047768771117],[-118.552378267798,34.4038018770578],[-118.552301267824,34.4037088763608],[-118.552057268197,34.4034158763214],[-118.551805268196,34.4030738767154],[-118.551675267558,34.4028638769086],[-118.551616267517,34.4027688770174],[-118.551553268189,34.4026528770551],[-118.551518267463,34.4025908768893],[-118.551331267773,34.4022518765188],[-118.551311267743,34.402202876953],[-118.551207267403,34.4019348762624],[-118.551071267369,34.401522876112],[-118.550991267233,34.4011598764247],[-118.550941267591,34.4008498764875],[-118.550920267497,34.4005928763005],[-118.550920267476,34.4003418763896],[-118.550920267455,34.4000968767561],[-118.550944267644,34.3998338762892],[-118.550948267825,34.3997818765832],[-118.550960267468,34.3996258765662],[-118.551006267776,34.3993708764678],[-118.551080267583,34.3991188765064],[-118.551115267394,34.3990008764459],[-118.551248267219,34.3985818759564],[-118.551355267653,34.3983258758082],[-118.551469267512,34.3980748758907],[-118.551564267395,34.3978798758649],[-118.551702267469,34.3976688759962],[-118.551954267411,34.3973178759449],[-118.552142267099,34.3970848759559],[-118.552337267113,34.3968668757604],[-118.552538267406,34.3966758759133],[-118.552831267455,34.3964148755231],[-118.553055267916,34.3962608755863],[-118.55315326705,34.3961928760347],[-118.553466267129,34.3959758758786],[-118.553915267198,34.3956628757738],[-118.553996267346,34.3956178754877],[-118.554239267789,34.3954838755749],[-118.554617267285,34.3953358759065],[-118.554695267295,34.395307875507],[-118.554819267634,34.3952618760715],[-118.555069267506,34.3951708754479],[-118.55534826782,34.395079875722],[-118.555552267363,34.3950128753111],[-118.556008267773,34.3948848756634],[-118.556327268143,34.394827875708],[-118.556387268221,34.3948178752423],[-118.55670126836,34.3947678756109],[-118.557039267814,34.3947528757973],[-118.557136267806,34.3947488756068],[-118.557578268477,34.3947448753962],[-118.557779267887,34.3947428752921],[-118.55841626859,34.3947378750239],[-118.558542268126,34.3947378750166],[-118.559307268458,34.3947358757791],[-118.559981268175,34.3947348756937],[-118.560542268958,34.3947348756612],[-118.561181268855,34.3947358756703],[-118.561645268746,34.3947358756434],[-118.562515268541,34.3947358755929],[-118.563092269165,34.3947328754207],[-118.563439269037,34.3947308753081],[-118.565094269193,34.3947578746613],[-118.565140269524,34.3947588747049],[-118.566207269442,34.3947448748951],[-118.566809269422,34.3947148752721],[-118.566971269729,34.394764874876],[-118.567559269959,34.3947078749051],[-118.567750269803,34.3946848747302],[-118.568216269782,34.3946268747201],[-118.569337270385,34.3944248743111],[-118.569561269957,34.3943848751472],[-118.56968727039,34.3943578747911],[-118.569845270505,34.394323875009],[-118.570132270294,34.3942748745261],[-118.570919269834,34.3941418746279],[-118.570959269886,34.394134874302],[-118.571068270433,34.3941158743168],[-118.571277270289,34.3950178746293],[-118.571894270277,34.3974998751058],[-118.57215327067,34.398657874658],[-118.572332270914,34.3992828747589],[-118.57254827108,34.4000168753993],[-118.572694270679,34.4004498756205],[-118.573799271673,34.4029928752909],[-118.574478271758,34.4045958756029],[-118.576113272193,34.4082368756337],[-118.576172272237,34.4083718755751],[-118.576452272599,34.408290875412],[-118.576544272357,34.4082618758648],[-118.576639272255,34.4082328754182],[-118.57679427223,34.4081848758885],[-118.576848272029,34.4081588755828],[-118.576955272479,34.4080928761231],[-118.57699527253,34.4080748761881],[-118.577080272865,34.408054876158],[-118.577700272768,34.4078948759209],[-118.577807272322,34.4078668755197],[-118.577898272934,34.4078428753043],[-118.578143272576,34.4077788759291],[-118.578730272751,34.4076258760174],[-118.57883327302,34.4076088752257],[-118.578858272378,34.4076068760311],[-118.579729273106,34.4074438756407],[-118.579752273277,34.4075178754626],[-118.579787273122,34.4078018759974],[-118.579739272744,34.4083238758471],[-118.57959727342,34.4089588755294],[-118.57935527308,34.4097708762045],[-118.579341273337,34.4098288761883],[-118.579006273242,34.411257875711],[-118.578929273315,34.4117328760878],[-118.57888527312,34.4122268764415],[-118.578885273147,34.4125508761294],[-118.578918272909,34.4129468764455],[-118.578984273294,34.4132758763606],[-118.579061273283,34.4135448761997],[-118.579455273617,34.4145628764673],[-118.579668273625,34.4150548767136],[-118.579731273852,34.4151698766298],[-118.579849273936,34.415387876807],[-118.579994273475,34.4156648761125],[-118.58023227373,34.416033876068],[-118.581616274098,34.4179938766528],[-118.594659275336,34.4089458749524],[-118.596737276058,34.4075048747739],[-118.59757827541,34.4074948742627],[-118.60330727705,34.4074288744763],[-118.603547276466,34.4074258743237],[-118.603738277188,34.4071418737757],[-118.603794277069,34.4069958742184],[-118.603862276605,34.4068268744966],[-118.603873277099,34.4066468742698],[-118.603896277249,34.4064668740422],[-118.603952277129,34.4063088739303],[-118.60408727707,34.4061738739775],[-118.604188277239,34.4060608741443],[-118.604312276673,34.4059488743561],[-118.604459277175,34.4058808739023],[-118.604605276728,34.4057678740666],[-118.604684276776,34.4056328741171],[-118.604819276715,34.4054758740468],[-118.60495427666,34.4053848734299],[-118.60511227677,34.4052948737572],[-118.605236277113,34.40529487375],[-118.605382276677,34.405306873397],[-118.605517276628,34.4052838741246],[-118.605562276902,34.4051708733954],[-118.605664277119,34.405080873726],[-118.605878277129,34.405058873596],[-118.606126276915,34.4050588735815],[-118.606249277213,34.4050698740829],[-118.606351277434,34.4050358734047],[-118.606452276707,34.4049688738991],[-118.606576277043,34.4048898738376],[-118.606689276874,34.4048558740581],[-118.60681327721,34.4047768739965],[-118.606948277153,34.4046528736529],[-118.607072277485,34.40452887331],[-118.60726327732,34.404393873354],[-118.607432277036,34.4042478737902],[-118.607567276979,34.4041348739551],[-118.607657277544,34.4041018733238],[-118.607939277104,34.4040788731436],[-118.608051276891,34.4040788731371],[-118.608130276955,34.4041348739224],[-118.608254277299,34.4041468735705],[-118.608322277747,34.4041348739112],[-118.608401276901,34.4040678735076],[-118.608491277466,34.4040338737294],[-118.608626277419,34.4040338737216],[-118.608738277203,34.4039888734337],[-118.608817277255,34.4039098733748],[-118.608885277696,34.4038198737073],[-118.608998277527,34.4037858730285],[-118.609065277023,34.4036958733611],[-118.609211277463,34.403436873072],[-118.609245277229,34.4033238732428],[-118.609302277155,34.403166873177],[-118.609369277543,34.4029868729468],[-118.609414277817,34.4028628735078],[-118.609493277868,34.4027728729404],[-118.609516277122,34.402636872948],[-118.609516277077,34.4020968731685],[-118.609493277776,34.4016798727806],[-118.609471277646,34.4015558733455],[-118.609414277694,34.4014098728954],[-118.609414277684,34.4012968730682],[-118.609448277452,34.4012068734027],[-118.609493277717,34.4009928734009],[-118.609504277314,34.4008348732916],[-118.609594276978,34.4007788733958],[-118.609696277197,34.4007228734994],[-118.609707277698,34.4006208732806],[-118.609696277182,34.4005428732731],[-118.609775277228,34.4003848731598],[-118.609921277672,34.4001818727613],[-118.61002227694,34.400057873319],[-118.610112277506,34.4000358731961],[-118.610326277517,34.4000248726753],[-118.610518277409,34.4000128730087],[-118.610631277243,34.4000128730022],[-118.610642277745,34.3999338729472],[-118.610631277228,34.3998328727759],[-118.610653277337,34.3997198729474],[-118.610766277169,34.3996978728232],[-118.610867277348,34.3997088733258],[-118.611047277587,34.3997428730883],[-118.611160277421,34.3997428730817],[-118.611216277308,34.3996638730241],[-118.611160277406,34.3995628728555],[-118.611036277048,34.3993828726364],[-118.6109232772,34.3992138729251],[-118.610968277477,34.3991348728682],[-118.611081277296,34.3989548726354],[-118.611126277557,34.3986838726968],[-118.611115277038,34.3985718729163],[-118.611036276968,34.398436872976],[-118.611024277307,34.3983828731787],[-118.613317277158,34.3965738721655],[-118.615131277355,34.3951478717964],[-118.615410277662,34.3949698725457],[-118.615583277576,34.3949878724683],[-118.615825277978,34.3949178719166],[-118.616119278092,34.3948838721266],[-118.616309277887,34.3948148716241],[-118.616517277607,34.3946588715958],[-118.616638277803,34.3945548721775],[-118.616724278174,34.394416872089],[-118.616897278056,34.3940538714878],[-118.617053278057,34.3937598722783],[-118.617151278079,34.3935618721136],[-118.617605278376,34.3932058718196],[-118.623141279168,34.3930338716416],[-118.623401278617,34.3931068714035],[-118.623530279202,34.3932328718242],[-118.623614278601,34.3933358711844],[-118.623775278881,34.393606871111],[-118.623843279341,34.3937358716739],[-118.623935279109,34.3938128716304],[-118.624141278757,34.3938968719039],[-118.624217278681,34.3939428713278],[-118.624621279404,34.3940718718712],[-118.62475127913,34.3941328710859],[-118.624881278858,34.3942088718934],[-118.625270278896,34.3944648711134],[-118.625537279571,34.3945638711774],[-118.625682279089,34.3945868713328],[-118.625934279058,34.3945598718688],[-118.62601027988,34.3945868713137],[-118.626056279313,34.3946138716598],[-118.626102279646,34.39464787143],[-118.626155279406,34.3947048713637],[-118.626231279331,34.394761871296],[-118.626277279663,34.3947778711336],[-118.626353279584,34.3947928718225],[-118.626491279676,34.3947928718145],[-118.626567279596,34.3947968710957],[-118.626597279187,34.3948118717873],[-118.62661327993,34.3948388712357],[-118.626651279898,34.394937871313],[-118.626674279166,34.3949568712906],[-118.626712280026,34.3949608714733],[-118.626811279204,34.394876871182],[-118.626834279367,34.3948498717314],[-118.626887280019,34.3948238714258],[-118.627071279548,34.3948958711459],[-118.627101280037,34.3948958711441],[-118.627147279466,34.3948768711625],[-118.627200280119,34.3948618713655],[-118.627345279631,34.3948078715589],[-118.627414280125,34.3947928717609],[-118.627475279351,34.3947968710429],[-118.627536279478,34.3948118717327],[-118.627627280095,34.3948458715004],[-118.627681279897,34.3948498716822],[-118.627734279649,34.3948238713766],[-118.627803280138,34.3947468714107],[-118.627864279356,34.3946478713276],[-118.627971279804,34.3945608708973],[-118.628062279515,34.3945148714637],[-118.628207279926,34.3944648709429],[-118.628368280179,34.3944188715052],[-118.62855127965,34.3943578713729],[-118.628810279946,34.3943578713579],[-118.628970280157,34.3943618715335],[-118.629146280207,34.3943468708299],[-118.629260280085,34.394319871374],[-118.629451279933,34.394330870972],[-118.629611280145,34.3943548711727],[-118.629787280197,34.3943578713011],[-118.629947280411,34.3943958712497],[-118.630031279807,34.3944578714127],[-118.63012228043,34.3945638709111],[-118.63029028013,34.394788871409],[-118.630428280226,34.3948388710141],[-118.63061028056,34.3948918716548],[-118.630641280197,34.3949038713083],[-118.630740280288,34.3949718708485],[-118.631030280235,34.395147870873],[-118.631190280451,34.3952128711702],[-118.631351280711,34.3952508711187],[-118.631511280023,34.3952658709034],[-118.631640280595,34.3952428716315],[-118.631793280482,34.3952388714377],[-118.631900280941,34.3952808715742],[-118.632014280824,34.3953188715254],[-118.632136280174,34.3953118711947],[-118.632251280999,34.3952998715327],[-118.632556280724,34.3952808715361],[-118.632823280492,34.3952998714994],[-118.633037280509,34.3953538712851],[-118.633426280544,34.3955668712155],[-118.633670281055,34.3956928707302],[-118.63385328054,34.3957998711688],[-118.63406728056,34.3958988712358],[-118.634265280735,34.395944871552],[-118.634387280985,34.3959488708305],[-118.634517280706,34.3959408713525],[-118.634662281124,34.3959718709783],[-118.63482228134,34.3960398714142],[-118.634937281271,34.3960938712056],[-118.634982280662,34.3961588715095],[-118.63502128067,34.3961848709104],[-118.635074281331,34.3962578706843],[-118.635211281385,34.3963678712643],[-118.635310281476,34.3964338707119],[-118.635417281035,34.3964638711931],[-118.635463281368,34.3964948708247],[-118.635532280969,34.396558871081],[-118.635547281666,34.3965858714288],[-118.63554728167,34.3966318708572],[-118.635524281509,34.3966848715096],[-118.635486281558,34.3967958712467],[-118.635494281032,34.3968258708343],[-118.635516281154,34.3968718711606],[-118.63556228149,34.3969328712796],[-118.635600281456,34.3970098712392],[-118.63567728143,34.3970898713354],[-118.635707281023,34.3971318714764],[-118.635753281356,34.3971618710617],[-118.635814281483,34.397184871222],[-118.635936281735,34.3972078713787],[-118.635997280961,34.3972078713752],[-118.636211280971,34.3971838711527],[-118.636394281346,34.3971808710034],[-118.636447281102,34.3971958707943],[-118.636501281805,34.397218870955],[-118.636691281614,34.3973218712084],[-118.636821281338,34.3973568710199],[-118.637042281676,34.3973828713095],[-118.637103281802,34.3973948709614],[-118.637195281567,34.3974328709139],[-118.637325281293,34.3974938710279],[-118.637447281545,34.3975168711847],[-118.637530281789,34.3975168711799],[-118.63766028151,34.3975088708025],[-118.638042282094,34.3974138708858],[-118.63814128128,34.3974168710187],[-118.638263281533,34.3974438713603],[-118.638462281756,34.3975168711257],[-118.638683282096,34.3975658706798],[-118.638866281572,34.3975658706692],[-118.639011281989,34.3975778712155],[-118.639216281584,34.397585870674],[-118.639301281921,34.3975888708077],[-118.639484282299,34.3976198713307],[-118.639667281781,34.3976798713955],[-118.639835282368,34.3977528711627],[-118.639987282213,34.3978098710907],[-118.640071282503,34.3978058709009],[-118.640171281733,34.3977868709162],[-118.640277282142,34.3977798705864],[-118.640384281699,34.3977908710887],[-118.640674282528,34.3977718710929],[-118.640811282574,34.397771871085],[-118.640911281804,34.3977488709153],[-118.641040282378,34.3977418705843],[-118.641414282608,34.397840870642],[-118.641727282713,34.3979358705184],[-118.641796282309,34.3979368705606],[-118.641956282522,34.3979588706689],[-118.642101282041,34.3979968706183],[-118.64223028262,34.3980508713082],[-118.642375282143,34.3981268712154],[-118.642498282442,34.3981618710275],[-118.642642282813,34.3981838711367],[-118.64278728233,34.3981878713132],[-118.642886282413,34.3981608709587],[-118.642963282378,34.3981458711602],[-118.643131282954,34.3980968706842],[-118.643283282787,34.3980048709194],[-118.643711282795,34.3978258707145],[-118.643794283038,34.3978098708695],[-118.643827282766,34.3978108709138],[-118.643886282799,34.397813871049],[-118.644001282727,34.3978258706977],[-118.644123282977,34.3978218705057],[-118.644214282687,34.3977648705637],[-118.644275282808,34.3977148709469],[-118.644367282564,34.39765387082],[-118.644466282646,34.3976188709951],[-118.644557282361,34.3976118706662],[-118.644611283061,34.397611870663],[-118.644695282449,34.3975698705155],[-118.645084282443,34.3972988705569],[-118.645145282563,34.3972378704317],[-118.645221282475,34.3971428705328],[-118.645351283085,34.3970128708115],[-118.645435282471,34.3969628702941],[-118.645527283126,34.3968978708816],[-118.645565283082,34.3968448702282],[-118.645610283355,34.3967118703731],[-118.645641282985,34.3966388705943],[-118.645702283107,34.396600870633],[-118.645786282495,34.3965708701407],[-118.64589328295,34.3965588704791],[-118.645984282665,34.3965668708436],[-118.646137282554,34.3965898700993],[-118.646251283332,34.3965778704373],[-118.646381283052,34.3965588704508],[-118.646541283258,34.3965088708283],[-118.646701283463,34.3964488707436],[-118.646785282849,34.3963868705709],[-118.646831283175,34.3963378701019],[-118.646923282937,34.3963378700965],[-118.64703728282,34.3963758700478],[-118.647151282702,34.3963988702049],[-118.647281283321,34.3963758700336],[-118.647563282871,34.39623886998],[-118.64783128358,34.3962038701452],[-118.648182283634,34.3961778707217],[-118.648426283233,34.3961468701739],[-118.648472283563,34.3961358705621],[-118.648891283166,34.3960968705337],[-118.649341283304,34.3960438698564],[-118.649456283228,34.3960138702616],[-118.649547283839,34.3959828706221],[-118.649456283221,34.395937870346],[-118.649326283492,34.3958388702741],[-118.649166283269,34.3956898705907],[-118.649064283037,34.3955988699876],[-118.649934283721,34.395481869925],[-118.651870284266,34.3952058696454],[-118.652347283857,34.3951858695926],[-118.652665284185,34.3951848695279],[-118.653415283824,34.3951958699928],[-118.653805283889,34.3952218702726],[-118.654110284515,34.395223869448],[-118.654365284625,34.3952138698703],[-118.654566284033,34.3951968699722],[-118.654850284583,34.3951558698591],[-118.655141284555,34.3950858702039],[-118.655446284277,34.3950258701108],[-118.655963284816,34.3949528694044],[-118.656503284623,34.394913869369],[-118.656662284788,34.3949158694522],[-118.657077285112,34.3949618697558],[-118.65970228523,34.3954118697192],[-118.659878285284,34.3954378700114],[-118.660239284907,34.3954638693936],[-118.663308285753,34.3954988690345],[-118.663722286029,34.3955108695651],[-118.664213286273,34.3955518696331],[-118.66469628615,34.3956258694283],[-118.665213285805,34.3957298697088],[-118.665549286073,34.3958118689829],[-118.666016286113,34.3959298690142],[-118.666930286169,34.3962058691281],[-118.667335286039,34.3963458692805],[-118.667862286165,34.3965508688331],[-118.66821728642,34.3967088689211],[-118.668517286829,34.3968778695207],[-118.668662286353,34.3969698692682],[-118.669142287017,34.3973558690959],[-118.669415287083,34.3976088690833],[-118.669679286728,34.3978198689284],[-118.670122287477,34.3981918690105],[-118.67079828733,34.3986998690701],[-118.671062286979,34.3989518690117],[-118.671270287631,34.3991788695997],[-118.671339287236,34.3992788697214],[-118.671480287484,34.3994828692501],[-118.671710287371,34.3998938693486],[-118.672027287692,34.4003488696771],[-118.672339287785,34.4008508694806],[-118.672563287396,34.4012818696045],[-118.67262928777,34.4014858691376],[-118.672644287574,34.4015978698171],[-118.672824287844,34.4019838696622],[-118.673026288241,34.4024728697704],[-118.673044288178,34.4025168700045],[-118.673129287632,34.4027118700198],[-118.673244287581,34.4029748695793],[-118.67366828839,34.4038268693664],[-118.674233288553,34.404938869472],[-118.674343288276,34.4052788698929],[-118.674588288826,34.4053138696978],[-118.674664288748,34.4053318696261],[-118.674801288799,34.405393869786],[-118.674939288892,34.4054198700804],[-118.67512228837,34.4054388700487],[-118.675297288374,34.4054278695301],[-118.675595288671,34.4053668693911],[-118.676152288356,34.4052108693425],[-118.676266289133,34.4051758695167],[-118.676388288482,34.4051488700602],[-118.676663288615,34.4051038697629],[-118.676854288459,34.405080869588],[-118.677373289093,34.4050428696],[-118.677502288766,34.4050198694287],[-118.677601288848,34.4049778692802],[-118.677708289295,34.4048708697241],[-118.677823289216,34.4048168699193],[-118.677998289217,34.404763869258],[-118.678204288854,34.4047068693093],[-118.678662289358,34.4046078692032],[-118.679005289037,34.4045168694736],[-118.679234288839,34.4044628696622],[-118.679455289166,34.4043668697086],[-118.679654289375,34.4042718698025],[-118.67976828925,34.4042108696742],[-118.679928289452,34.4041118695854],[-118.680012288835,34.4040158696398],[-118.680096289118,34.4039318693495],[-118.680172289028,34.4038178694716],[-118.680302289643,34.4037458697333],[-118.680516289649,34.4036848695992],[-118.680752288875,34.4036278696487],[-118.680874289122,34.4035778691292],[-118.68100428974,34.4035508696722],[-118.681141289784,34.4035398691558],[-118.68132428926,34.4035358689603],[-118.681454289884,34.4035708687719],[-118.681615289248,34.4036468695775],[-118.681767289097,34.4037608694421],[-118.681943289158,34.4038638687969],[-118.682118289168,34.4039178694841],[-118.682362289672,34.4039668690369],[-118.682537289679,34.4039818688207],[-118.682759290062,34.4039938693625],[-118.682927289743,34.4039898691679],[-118.683201289827,34.4039138692363],[-118.683514289917,34.4038338691175],[-118.683835289477,34.4037378691581],[-118.684102290138,34.4036888686763],[-118.684315290102,34.4036658693994],[-118.684842290206,34.4036198690412],[-118.685483290184,34.4034978687607],[-118.685727289781,34.4034408688098],[-118.685925289949,34.4034068690253],[-118.686406290613,34.4032568692585],[-118.686467289837,34.4032308689525],[-118.686574290286,34.4031548690307],[-118.686703289956,34.4030898687166],[-118.68692529033,34.4030058684183],[-118.687154290131,34.402932868628],[-118.687383289932,34.4028688683544],[-118.687573290625,34.4027918683815],[-118.687772290836,34.4027308691476],[-118.688039290601,34.4027048688296],[-118.688542290501,34.4027428687582],[-118.689023290286,34.4028228688308],[-118.689542290931,34.4029178686951],[-118.689786290534,34.4029298683363],[-118.689946290744,34.4029328684657],[-118.690106290956,34.4029488682966],[-118.690274290642,34.4030058682236],[-118.690457291024,34.403081869028],[-118.690663290669,34.4031198689738],[-118.69086929121,34.4031278684322],[-118.69098029095,34.4031148687242],[-118.69112929065,34.4030988688753],[-118.691360291444,34.4030448681645],[-118.691409291013,34.4030378687374],[-118.692315291731,34.4048798683916],[-118.692669291088,34.4055978691833],[-118.692806291157,34.4058768685817],[-118.692912291584,34.4060928686671],[-118.693348292053,34.4069788691257],[-118.693404291956,34.4070928689959],[-118.693522292042,34.4073338693369],[-118.693562292101,34.407414868582],[-118.693590291603,34.4074708684709],[-118.693653291832,34.4075988689878],[-118.693743291516,34.4077818693474],[-118.693782291529,34.4078638686388],[-118.694246292399,34.4088038688938],[-118.694874291894,34.410081869474],[-118.695217292539,34.4107788692957],[-118.69543329268,34.4112168688444],[-118.69767129322,34.4157658694395],[-118.697999293169,34.416432869674],[-118.698954293465,34.4183738694046],[-118.698983293912,34.418432869432],[-118.699242293354,34.4189608695408],[-118.699625294058,34.4197378694607],[-118.699918294179,34.420334870059],[-118.703225294915,34.4270568703094],[-118.704945295675,34.4305538708713],[-118.705084295837,34.4308368704544],[-118.70632229579,34.4333518706197],[-118.706756296165,34.4342348709395],[-118.7067892959,34.4343018713365],[-118.706889296049,34.4345068709138],[-118.707132296545,34.4349998712044],[-118.707343296454,34.4354248710516],[-118.707730296445,34.4362158716183],[-118.707784296257,34.4363408710977],[-118.708160296635,34.4370888714761],[-118.709219297266,34.439241871107],[-118.711845297845,34.4445808722215],[-118.711851298124,34.4445938719227],[-118.712421298522,34.4457518723553],[-118.712620297874,34.446156872178],[-118.713211298348,34.447357871899],[-118.714429299171,34.4498338720611],[-118.714420298758,34.4498778722968],[-118.714424298949,34.4499458718424],[-118.714445299029,34.4500328722653],[-118.714571298584,34.4502628720972],[-118.714593298707,34.4503098724698],[-118.714607298462,34.4503758719224],[-118.71460629932,34.4504438723676],[-118.714590298587,34.4505258725614],[-118.714540298978,34.4506068727111],[-118.714411299311,34.4507098720836],[-118.714328299075,34.4508028727899],[-118.714298298592,34.4508698722913],[-118.714317298582,34.4509868723023],[-118.714295298478,34.4511598722062],[-118.714271299175,34.4512758721735],[-118.714234299267,34.451335872251],[-118.714189298986,34.4513798724888],[-118.713890298655,34.451572872434],[-118.713781299012,34.4516418729317],[-118.713744299104,34.4517088724335],[-118.713719298852,34.4517738727414],[-118.713690299322,34.4519308728055],[-118.713699298849,34.45205787238],[-118.713732298596,34.4522698722847],[-118.713812298722,34.4525088725353],[-118.713887298609,34.4526638725009],[-118.713973298999,34.4527538721593],[-118.714091299068,34.4527978723876],[-118.714212299274,34.4528208725443],[-118.714264298982,34.4528068727935],[-118.714376298764,34.4527428725267],[-118.714430299459,34.4526798723095],[-118.714496298904,34.4525368728904],[-118.714539299074,34.4522798726999],[-118.714651298842,34.4520578723244],[-118.71473029889,34.4519248724675],[-118.714781299446,34.4518628722967],[-118.714915299345,34.4517748727179],[-118.714951299211,34.4517558727369],[-118.715028299176,34.4517378727997],[-118.715116298751,34.4517298724248],[-118.715245299326,34.451737872787],[-118.715333298902,34.4517298724121],[-118.715358299159,34.4517218720409],[-118.716243299801,34.453520872406],[-118.716828299997,34.4547098724719],[-118.716778299492,34.4548418722809],[-118.716609299796,34.4552078730204],[-118.716589299774,34.4552618728197],[-118.716562299436,34.4553978728122],[-118.716594300022,34.4554598729781],[-118.716627299756,34.4555218731441],[-118.71667829942,34.4555348728427],[-118.716721299613,34.4555528727728],[-118.716762299714,34.4555758729343],[-118.7167942994,34.4556218723607],[-118.716807300006,34.4556798723429],[-118.716801299732,34.4557188723473],[-118.716788300034,34.4557678728143],[-118.716769300056,34.4557938731178],[-118.716721299639,34.4558568724354],[-118.716495299978,34.4559438728726],[-118.716162299868,34.4560948726771],[-118.716081299719,34.4561248731692],[-118.71604129967,34.4561618730831],[-118.716008299948,34.4562408731393],[-118.716012299237,34.4562808731893],[-118.71602329975,34.4563198731927],[-118.7160372995,34.4563368730784],[-118.716082299784,34.4563418724076],[-118.716160299797,34.4563398732098],[-118.716319299958,34.4563128728519],[-118.716617299356,34.4562578729902],[-118.716709300016,34.4562478725227],[-118.716791299315,34.4562578729801],[-118.716828300129,34.4562658724483],[-118.716904300052,34.45629887307],[-118.716962300042,34.456339873163],[-118.717025300264,34.4563958730499],[-118.717168299703,34.4565738731753],[-118.717265299707,34.4567048729295],[-118.717390300111,34.4568858731946],[-118.717465299992,34.4569658723914],[-118.717533299545,34.4570008731059],[-118.717737299999,34.4570758729634],[-118.717822300339,34.4571168730549],[-118.718037300415,34.4573238727179],[-118.718073300285,34.4573588725349],[-118.718125299997,34.4573998726284],[-118.718159299773,34.4574138732735],[-118.718676300408,34.4584648732598],[-118.718978300047,34.4590778727983],[-118.71922230059,34.4595738732273],[-118.71937330041,34.4598768728348],[-118.7192673009,34.4598758727948],[-118.719154300168,34.4598888734023],[-118.719055300084,34.4599068733408],[-118.718955300854,34.4599288734641],[-118.718894300731,34.4599518727322],[-118.718843300171,34.4599758729452],[-118.71879330056,34.4600328728848],[-118.718757300698,34.4601008733321],[-118.718736300637,34.460239873463],[-118.7187353006,34.4603468730129],[-118.718765300203,34.4604948735569],[-118.718807300354,34.46057087347],[-118.718860300117,34.4606598730841],[-118.718962300352,34.4607938729768],[-118.71899330089,34.4608218733698],[-118.719127300802,34.4608898729078],[-118.719390300386,34.4609238735647],[-118.719506300361,34.4609508730073],[-118.71956930058,34.4609588733735],[-118.719686300599,34.4609648727447],[-118.719750300863,34.4609578733167],[-118.719798300385,34.4609488728979],[-118.719886300858,34.4609178732584],[-118.720204300342,34.4615668735606],[-118.720280301175,34.4617228735724],[-118.720263300388,34.4617188733885],[-118.720218301003,34.4617178733449],[-118.720184301229,34.4617298730022],[-118.720149300511,34.4617558733067],[-118.720124301155,34.4617898730811],[-118.720107300372,34.4618308731786],[-118.720108300422,34.4618758734599],[-118.720125301213,34.4619178736016],[-118.72015430076,34.4619578736502],[-118.720310300797,34.4620978729176],[-118.720401300518,34.4621678734499],[-118.72046430074,34.4622228732905],[-118.720521300686,34.4622928729255],[-118.720555300477,34.4624798734732],[-118.720580300741,34.4625518732025],[-118.720618300705,34.4626058729983],[-118.7206613009,34.4626428729074],[-118.720730301399,34.4626908733234],[-118.720765301222,34.4627068731616],[-118.72116730101,34.463521873038],[-118.721667300855,34.4645368731598],[-118.721552300926,34.4645048734861],[-118.721440301136,34.4644778731439],[-118.721281300971,34.4644698736828],[-118.721238300781,34.4644828733869],[-118.721202300916,34.4645138730232],[-118.721193301404,34.4645688737673],[-118.721185301035,34.4645828735156],[-118.72117930076,34.4646188733813],[-118.721191301318,34.4646538731998],[-118.721246301171,34.4647108731332],[-118.721301301022,34.4647528732727],[-118.721359301011,34.4647848738491],[-118.721605301613,34.4648928734309],[-118.721810301214,34.4649558736329],[-118.72187930171,34.4649668732381],[-118.722079301108,34.4653718730607],[-118.722264301608,34.4657478733425],[-118.72246030172,34.4661468737874],[-118.722502301872,34.4662318732172],[-118.72262830143,34.4664878733516],[-118.722680302047,34.4665918736591],[-118.722728301579,34.4666908737357],[-118.722960301564,34.467160873863],[-118.72318630217,34.4676198734822],[-118.723252301639,34.4677538733769],[-118.723323302239,34.4678988737798],[-118.723448301751,34.4681518737756],[-118.724184301766,34.4696458735411],[-118.725161302186,34.4716288743117],[-118.725771302644,34.4728678739891],[-118.726102302732,34.4735408745005],[-118.726350302561,34.4740428743074],[-118.726580303353,34.4745118743885],[-118.726617303273,34.4745858742095],[-118.726859302823,34.4750758743613],[-118.727042303231,34.4754478744582],[-118.727244302722,34.4758588745581],[-118.72747530356,34.4763278746392],[-118.727612303629,34.4766048739449],[-118.72770030322,34.4767838741197],[-118.728348303645,34.478099874656],[-118.729956303699,34.4813638743459],[-118.730364304666,34.4821918748226],[-118.730879304308,34.4832368745316],[-118.731866304293,34.4852408753728],[-118.733884305407,34.4893378757701],[-118.734573305937,34.49073787569],[-118.735118306074,34.4918438755187],[-118.736327306479,34.4942968755168],[-118.73681130648,34.495279875959],[-118.73727830659,34.4962278756836],[-118.737818306494,34.4973238759496],[-118.7384573074,34.4986218756543],[-118.738630307343,34.4989738757266],[-118.738885307498,34.4994888761338],[-118.739352307608,34.5004378759047],[-118.739606307716,34.5009518762657],[-118.739872307482,34.5014918760292],[-118.740155307139,34.5020658764639],[-118.74018630768,34.5021288766761],[-118.740364307855,34.502490876311],[-118.740801307471,34.5033768767688],[-118.741170307525,34.504124876248],[-118.741570308121,34.5049378769311],[-118.741903308301,34.5056128766354],[-118.741983308421,34.5057768770166],[-118.743840308351,34.5095418773655],[-118.74525330924,34.5124078775554],[-118.745419309757,34.5127448769348],[-118.745536309796,34.5129818770907],[-118.753994312401,34.5301338788941],[-118.754449311954,34.5310548782706],[-118.756681313118,34.5355818787446],[-118.7577973137,34.5378438789122],[-118.758477313813,34.5392208795676],[-118.760434314792,34.5431858792617],[-118.764510316183,34.551443880311],[-118.770310317622,34.5631948808339],[-118.771942317893,34.5665008815624],[-118.773384319231,34.5694198815013],[-118.774043319268,34.5707598813467],[-118.774724319427,34.5721318817706],[-118.775848319482,34.574412881916],[-118.775900320099,34.5745178822697],[-118.777487320078,34.577729882253],[-118.77973732118,34.58228488222],[-118.784411322474,34.5917508833098],[-118.785514323352,34.5939828838893],[-118.788564323847,34.6001588840904],[-118.793920325347,34.6109888852327],[-118.796541326597,34.6162928856225],[-118.796676326574,34.6165708849743],[-118.794045326224,34.6166368854824],[-118.791586325739,34.6166938855641],[-118.785483324788,34.6168358861926],[-118.78064632397,34.6169508863977],[-118.774256323226,34.6170968863286],[-118.772784322553,34.6171298870415],[-118.766080321667,34.6172858874533],[-118.756134320032,34.6175158878794],[-118.746053318448,34.6177918886411],[-118.745306318051,34.6177988881094],[-118.744426317794,34.6178068885311],[-118.740651317555,34.6178408885268],[-118.728032315403,34.6179178892333],[-118.722159314289,34.6178938893699],[-118.717139313982,34.6178728904941],[-118.715909313709,34.6178248901466],[-118.715646313227,34.6178148905993],[-118.715358313388,34.6178048901541],[-118.715415313337,34.6179118905998],[-118.714170313291,34.6181188903487],[-118.70266131124,34.6180848912549]]]},"properties":{"FID":1,"EQUIZONE":"District 1","Shape_Leng":1.029741792,"Shape__Area":4853006228.3125,"Shape__Length":339851.79837652651,"BoardMember":"Linda Storli"}},{"type":"Feature","id":2,"geometry":{"type":"Polygon","coordinates":[[[-118.549150269763,34.4283208792484],[-118.548490269792,34.4282928797912],[-118.547666269428,34.4282938798854],[-118.547215269239,34.4282948799578],[-118.547035269002,34.4282928798758],[-118.546962269221,34.4282918798339],[-118.545924268844,34.4282838795245],[-118.545433268605,34.4283198794185],[-118.545356268639,34.4283248796541],[-118.54499826916,34.4283508799774],[-118.544373269018,34.4284168794672],[-118.543640268374,34.4284848799551],[-118.543626268625,34.4284868800483],[-118.5431592686,34.4285378797349],[-118.542881268326,34.4285638800536],[-118.542430268139,34.4285808799663],[-118.541877268625,34.4285768798136],[-118.541520268289,34.4285588799016],[-118.541375267865,34.4284588797844],[-118.541187268155,34.428431880346],[-118.540543268019,34.4283408797744],[-118.540229267871,34.4282808797172],[-118.539970267571,34.4282288800266],[-118.539535268115,34.4281408804809],[-118.539057267563,34.4279868796856],[-118.538844267591,34.4279168800596],[-118.538403267855,34.4277878804177],[-118.538260267528,34.4277458802833],[-118.538067267582,34.4276648801478],[-118.537682267736,34.4275038799228],[-118.537395267931,34.4273528801543],[-118.537221267064,34.4272568802236],[-118.537136267623,34.4272108799009],[-118.537334267773,34.4269678803483],[-118.537623267627,34.4266008804546],[-118.537973267601,34.4261618799273],[-118.538079267099,34.4260248798838],[-118.538488267098,34.4254998798744],[-118.538982267431,34.4249468794652],[-118.539187267907,34.4247188797062],[-118.539421267922,34.4244518799415],[-118.539744267552,34.4240938795625],[-118.539953267313,34.4238628796646],[-118.540036267549,34.4237648796266],[-118.540128267301,34.4236558799788],[-118.540219267906,34.4235498795704],[-118.540285267357,34.4234718795585],[-118.540336267914,34.42341187948],[-118.54069426736,34.4229978792085],[-118.540913267582,34.4227438791462],[-118.540811267356,34.4227258792194],[-118.540866268097,34.4226568796241],[-118.540922267985,34.4225888791756],[-118.541003268129,34.4224898790914],[-118.541188267676,34.4222358790311],[-118.541404267751,34.4218918793055],[-118.54150026768,34.4216878788636],[-118.541617267696,34.4216538790838],[-118.54170126797,34.4214538788275],[-118.541756267804,34.4212928794762],[-118.541787267432,34.4212038789578],[-118.541829267565,34.4210528791702],[-118.541889267626,34.4208468795373],[-118.541923267391,34.4207278794307],[-118.542031267856,34.4202858787788],[-118.542081267443,34.4199498794326],[-118.542094268022,34.4196788785965],[-118.54208726769,34.4195808794629],[-118.542074267971,34.4193838793509],[-118.542066267595,34.4193218791835],[-118.542032267797,34.4190538793881],[-118.541920267066,34.4185278793628],[-118.541766267063,34.4176968787317],[-118.541743267786,34.4175678790655],[-118.541705267808,34.4173558791609],[-118.541682267632,34.4172228784105],[-118.541540267292,34.4164788791021],[-118.541466267432,34.4160928783513],[-118.54137426673,34.41561087856],[-118.541307267195,34.4152408785483],[-118.541229267147,34.4148178787855],[-118.541076267187,34.4139538784276],[-118.541030266834,34.4136818784479],[-118.541007266657,34.4135478785506],[-118.540997267089,34.4134938787531],[-118.540911266667,34.4130328781335],[-118.540855266748,34.4127298785202],[-118.540678266576,34.411856878647],[-118.54058726682,34.4113738779102],[-118.540269266495,34.4114118778864],[-118.540224266184,34.4110898782937],[-118.540148266227,34.4106568780684],[-118.54011426643,34.410403878067],[-118.540029266046,34.4098328777588],[-118.539881266326,34.4090758778498],[-118.539862266337,34.4089658781623],[-118.539803266275,34.4086158781753],[-118.539653266459,34.4078168781237],[-118.539005265855,34.4043668778706],[-118.538864265555,34.4035488778395],[-118.538797266031,34.4033008771719],[-118.538754265825,34.4031388777801],[-118.538654265647,34.4025858774054],[-118.538561265796,34.402070876988],[-118.538319265288,34.4008958775482],[-118.538261265273,34.400559877309],[-118.538163265186,34.3999908770939],[-118.538016265512,34.3992178773446],[-118.537969265106,34.3988698774494],[-118.537964264849,34.3985658768875],[-118.537977265435,34.3983848766142],[-118.538004264869,34.3981798770294],[-118.538016265417,34.3980938766508],[-118.538059264695,34.3979248769305],[-118.538108265148,34.3977348771384],[-118.538208265255,34.397437876894],[-118.538383265224,34.397012877024],[-118.538556265102,34.3965968766708],[-118.538627264773,34.3963878768985],[-118.538678265319,34.3961988762532],[-118.538698265334,34.3960748768156],[-118.538712265076,34.3959948767141],[-118.538725264758,34.3957558764578],[-118.538715265169,34.3954428763797],[-118.538703264603,34.3953218761832],[-118.538695265125,34.3952408769362],[-118.538637265122,34.3950408766881],[-118.538586264546,34.3948788763974],[-118.538486265293,34.3946258763999],[-118.53831526455,34.394346876104],[-118.538109264883,34.394050876823],[-118.53783026453,34.3936868762016],[-118.537750264416,34.3935818767488],[-118.536853264174,34.3924438763592],[-118.536293264275,34.3917148759697],[-118.536240264514,34.3916458763806],[-118.535742263893,34.3909848764328],[-118.535335263899,34.3904688759874],[-118.534872264003,34.3898598766425],[-118.534576263759,34.389460876203],[-118.534158264154,34.3889278758718],[-118.533764263861,34.3884098762326],[-118.53404126408,34.388276876364],[-118.53383126333,34.3879998761628],[-118.533714263298,34.3878498764307],[-118.533464263392,34.3875278759504],[-118.533342263128,34.3873718759412],[-118.533188263179,34.3871718756986],[-118.532917263197,34.3868208756777],[-118.532840263222,34.3867198764095],[-118.532403263634,34.3861528763065],[-118.532175262949,34.385854876035],[-118.532313263034,34.3857828762961],[-118.532885263401,34.3854708762304],[-118.533048262843,34.3853818757043],[-118.533085263655,34.3853628757233],[-118.533834263214,34.3849798759626],[-118.533971263253,34.3849078753245],[-118.534639263563,34.3845528759635],[-118.534930263528,34.3843948758379],[-118.535875263154,34.3838798753604],[-118.535715263826,34.383687875488],[-118.535153262941,34.3830298756825],[-118.534854263461,34.382658875638],[-118.534644263612,34.3823978752771],[-118.534569262831,34.382303875433],[-118.534522263349,34.3822408752216],[-118.534301262988,34.3819408757565],[-118.533702263081,34.3811938754366],[-118.533369262918,34.3807248753608],[-118.533297263174,34.3806238751929],[-118.533056262786,34.3803138752668],[-118.532961262876,34.3801908749828],[-118.532802262694,34.3799858754087],[-118.532780262572,34.3799548748764],[-118.532564262442,34.3796488751336],[-118.532369262387,34.3793728749778],[-118.532170262147,34.3790988749146],[-118.53211626234,34.379031875418],[-118.531947262599,34.3788728752729],[-118.531658262703,34.3787478749076],[-118.531287262606,34.3785838754424],[-118.531162262212,34.3785288756053],[-118.530978262683,34.3784498755616],[-118.530500262126,34.3782458751529],[-118.530428262389,34.3782148755229],[-118.529991261932,34.3780188754816],[-118.529439261545,34.377770874842],[-118.529023262062,34.3775938756778],[-118.52805626134,34.3771848748148],[-118.527782261239,34.3770678748185],[-118.527559261702,34.376973874983],[-118.526881261775,34.3766858751998],[-118.526672261091,34.3766308753675],[-118.526437260998,34.3765318753017],[-118.526307261274,34.3765018757211],[-118.52610126163,34.3764768754768],[-118.526000261446,34.3763968753821],[-118.52572926148,34.3762278756799],[-118.52519426098,34.3759838752242],[-118.524720260608,34.37576787516],[-118.524546260643,34.3756958754392],[-118.524119260651,34.3755198754226],[-118.523950260917,34.3754498748947],[-118.523695260797,34.3753428753595],[-118.52361626073,34.3752408751458],[-118.523440260658,34.3750078751778],[-118.522861260778,34.3742608748566],[-118.52245326073,34.3736578748864],[-118.522322260041,34.3733968754201],[-118.522250260288,34.3731868756099],[-118.522192260282,34.3729568748744],[-118.522166259955,34.3726838748473],[-118.522214260331,34.3721228749935],[-118.522376260551,34.3711428746511],[-118.523136260299,34.3669588745618],[-118.523387260122,34.3657318744881],[-118.523445260084,34.3654448738091],[-118.52368026006,34.3641658740308],[-118.523703260203,34.3638948740934],[-118.5237122597,34.363654873791],[-118.523682260079,34.3632898740083],[-118.523574259533,34.3627668741213],[-118.523424259753,34.3623798742279],[-118.523221259324,34.3620558736523],[-118.522911259329,34.3616258735792],[-118.522599259248,34.3612658740439],[-118.521573259335,34.3601748740354],[-118.52064625862,34.3592258733903],[-118.520370259311,34.3589298741133],[-118.518626258478,34.3570648734427],[-118.518187257891,34.3564138739534],[-118.51792325822,34.355898873546],[-118.517763257963,34.3553508734057],[-118.517659258517,34.3550118730303],[-118.517334257794,34.3541648734679],[-118.516964257692,34.353400873248],[-118.516941257523,34.353360873199],[-118.516949257867,34.3530458730272],[-118.515938257673,34.3510428731299],[-118.514881257133,34.3488728727105],[-118.515812257085,34.3492398725335],[-118.516563257694,34.3495368727287],[-118.51779425805,34.3500208725467],[-118.519066257604,34.3504768728666],[-118.51973125783,34.3507848726759],[-118.519734257943,34.3504808730128],[-118.519745258353,34.3492988723352],[-118.519851257531,34.3453518724466],[-118.519765257798,34.3423898722339],[-118.519792257124,34.3408958715227],[-118.519523257253,34.3407618716395],[-118.518992256939,34.3405238714608],[-118.518236256992,34.3401498722033],[-118.517870257127,34.3399898720233],[-118.517711256957,34.339920871541],[-118.516090256517,34.3391978714899],[-118.515492256697,34.338929871727],[-118.514950255873,34.338685872171],[-118.514782256186,34.3386138715505],[-118.513818256501,34.338200872301],[-118.513693256108,34.3381488717032],[-118.512153255826,34.3375048717018],[-118.511489255644,34.3371738717286],[-118.511230255335,34.3370148715886],[-118.511103255745,34.3369328723022],[-118.511035255292,34.3368888720709],[-118.510960255414,34.336829872046],[-118.510851255758,34.3367428716282],[-118.510717255842,34.3366368721321],[-118.510059255053,34.3364818722],[-118.509309255404,34.3363488714915],[-118.509234255529,34.3363358717943],[-118.509157255562,34.3363208720047],[-118.508609255367,34.336168872205],[-118.508523254982,34.3361378716763],[-118.508540254859,34.3360148722851],[-118.508534254578,34.3359748722351],[-118.508523254962,34.3359068717905],[-118.50848825512,34.3356498716042],[-118.508475254517,34.3356388719958],[-118.508448255064,34.335617871926],[-118.508410255102,34.3355878714408],[-118.508372255139,34.3355558717625],[-118.508311255009,34.3355028720141],[-118.5082032545,34.3354128714575],[-118.508172254862,34.3353868720561],[-118.508077254956,34.3353188716164],[-118.508037254898,34.3352628717281],[-118.508012254638,34.3352348722339],[-118.507987255277,34.335204871748],[-118.507969254443,34.3351848717239],[-118.507950254461,34.3351618715611],[-118.507887255139,34.3351228715607],[-118.507853254463,34.3351018714913],[-118.507692255097,34.3350008722279],[-118.507566254647,34.3348258722399],[-118.50737625483,34.3346298721843],[-118.50745625493,34.334568872058],[-118.507537255076,34.3345088719779],[-118.507641254488,34.3344398714803],[-118.507684254677,34.3344098718898],[-118.507728254912,34.3343818714923],[-118.507737254429,34.3343728719751],[-118.507778254524,34.3343268716451],[-118.507800254641,34.3343108718036],[-118.508013254594,34.33415087159],[-118.508353255019,34.3338948714283],[-118.508474255216,34.3338028716653],[-118.50851325522,34.3337718720287],[-118.508554254417,34.3337428715852],[-118.508776254785,34.3335748719007],[-118.514185255668,34.3294928708611],[-118.517781255496,34.3267808703002],[-118.520599256237,34.3246548698919],[-118.521821256059,34.3237318694249],[-118.533526258191,34.3236948688372],[-118.537528259048,34.3236818689044],[-118.545854260385,34.3237488688225],[-118.546343260534,34.3237558682185],[-118.546546260055,34.3239718682985],[-118.547143260742,34.3244118688173],[-118.547369260433,34.3246798686017],[-118.547405260299,34.3246618686669],[-118.547468260513,34.3246228686592],[-118.547528260589,34.3245888679834],[-118.547591260805,34.3245628685766],[-118.547765260764,34.3245608684742],[-118.547936260586,34.3245858687205],[-118.548023261016,34.3245958682784],[-118.548080260956,34.3245898679979],[-118.54820326035,34.3245498679404],[-118.548286260593,34.3245318680029],[-118.548369260836,34.3245198683427],[-118.548480260576,34.3245128680127],[-118.548660260812,34.3245048685319],[-118.548754260665,34.3244928679717],[-118.548830260584,34.3244698687029],[-118.548919261098,34.324384868366],[-118.549088260802,34.3241058680503],[-118.549209260995,34.3239648678211],[-118.549437260741,34.32379586809],[-118.554945262054,34.323824868213],[-118.556953262359,34.3238448681222],[-118.56175926266,34.323891867319],[-118.565027263724,34.3239168673865],[-118.57146726411,34.3240168671402],[-118.572068264946,34.3240268666684],[-118.575553265262,34.3240558669081],[-118.575587265059,34.3243218666111],[-118.575617265553,34.3243808666386],[-118.575681264921,34.3244178665465],[-118.575768265352,34.3244448668903],[-118.575868265489,34.3245018668212],[-118.575924265387,34.3245548665699],[-118.576102265561,34.3249068666425],[-118.576193265292,34.3251058668425],[-118.576215265425,34.3252738665129],[-118.576249265211,34.3253968668004],[-118.576300265777,34.3254488665032],[-118.576441265114,34.3255188670327],[-118.576667265686,34.3255778670488],[-118.576893265362,34.3256748670229],[-118.577090265494,34.3257678668137],[-118.577186265441,34.3257848666946],[-118.577263265406,34.3257678668037],[-118.577373265996,34.3257168671379],[-118.577684265987,34.3255508666414],[-118.577923265349,34.3254498664556],[-118.57818726587,34.325379866802],[-118.578345265983,34.3253218668099],[-118.578716266045,34.3250628665077],[-118.578890265996,34.3249768670191],[-118.578928265956,34.3249668665546],[-118.579075265561,34.3249288665883],[-118.579325265438,34.3249038663176],[-118.579488265787,34.3248968668839],[-118.579554266144,34.3248948667877],[-118.579721265781,34.3249188669881],[-118.579852265552,34.3249608662239],[-118.580175266121,34.3250748669781],[-118.58062126609,34.325218866414],[-118.580894266138,34.3252588664485],[-118.581044265884,34.3252428665995],[-118.581171266363,34.3252038665881],[-118.581297265892,34.3251198662954],[-118.581476266073,34.3250098665964],[-118.581659266441,34.3249108665062],[-118.581777266505,34.324893866613],[-118.581963266121,34.3249038661651],[-118.582223266462,34.3248918664947],[-118.582360266505,34.3248718664617],[-118.582709266457,34.3247218667026],[-118.582917266182,34.3246128661488],[-118.583058266405,34.3245208663847],[-118.583260266748,34.3243708666341],[-118.583399266882,34.3243308665757],[-118.583601266338,34.3243198660557],[-118.583722266543,34.3243308665571],[-118.583979266749,34.3243738667312],[-118.584007266247,34.3243788660614],[-118.584306266604,34.324474865985],[-118.584427266812,34.3245238664443],[-118.584475266339,34.3245628664456],[-118.584503266737,34.324586866654],[-118.584688266324,34.3247958664115],[-118.584830266613,34.3249458661422],[-118.584984266554,34.3250438661666],[-118.58521026713,34.3251558659346],[-118.585643266502,34.3253458665982],[-118.586023267018,34.3255448658822],[-118.58628126728,34.3256938664593],[-118.586448266927,34.3258278663484],[-118.586220267206,34.3262968664566],[-118.586196267002,34.3263928663988],[-118.586220267225,34.3265268662961],[-118.586272266941,34.3266158668097],[-118.586361267471,34.3267128667916],[-118.586483266828,34.3267848665154],[-118.586669267348,34.3268468666725],[-118.586849267587,34.3268788663426],[-118.587037267298,34.3269138661509],[-118.587096267333,34.3269448666811],[-118.587159267554,34.3269848667277],[-118.58718926715,34.3270578665031],[-118.587233267409,34.3273098664577],[-118.587305267156,34.3274468664909],[-118.587411267572,34.3275328668627],[-118.587586267583,34.3276028664909],[-118.587750267082,34.3276288667839],[-118.587967267232,34.3276178662629],[-118.588201267263,34.3275348660101],[-118.588374267169,34.3274628662694],[-118.588542267749,34.3274528666967],[-118.588605267968,34.3274698665796],[-118.588878268025,34.3276178662103],[-118.589146267848,34.3277388663919],[-118.589300267784,34.3277708660635],[-118.589894267398,34.3277928661468],[-118.590236267938,34.3277948662195],[-118.590361268325,34.3277688659097],[-118.590596267502,34.3276778661864],[-118.590964268331,34.3275028661699],[-118.591163267645,34.3274588659232],[-118.591293268266,34.3274628661006],[-118.59137126828,34.327481866075],[-118.591463268044,34.3275108665108],[-118.591796268178,34.3276418662517],[-118.591939268506,34.3276988661801],[-118.592087268165,34.3277468665917],[-118.59222926845,34.3278488659024],[-118.592376268069,34.3279688660447],[-118.592448268713,34.3280818658679],[-118.592463268523,34.3282658662783],[-118.592475268198,34.3284898658397],[-118.592506268744,34.3286068658501],[-118.592583268718,34.3286998665471],[-118.592691268332,34.3288388666707],[-118.592734268529,34.3289118664453],[-118.592768268318,34.329069866552],[-118.59283326864,34.3292168661486],[-118.592932268735,34.3293258666845],[-118.592991268773,34.3293948662733],[-118.593017268185,34.3294748663724],[-118.593058268304,34.3297198660036],[-118.593096268276,34.3298618662698],[-118.593143268656,34.3299068665486],[-118.593218268533,34.329935866086],[-118.593305268962,34.3299428664046],[-118.593392268491,34.3299218663281],[-118.593577268945,34.3297618661163],[-118.593825268712,34.3295258659851],[-118.59397826859,34.329421866565],[-118.594157268775,34.3293538661094],[-118.59430126914,34.3293098658658],[-118.59464726895,34.3291218661491],[-118.595041269182,34.3289198657824],[-118.595127268662,34.3288868660507],[-118.595234269118,34.3288898661832],[-118.595340268629,34.3289018658324],[-118.595655268825,34.3289838660072],[-118.595875269117,34.3290108663433],[-118.595910268938,34.329009866295],[-118.595969268971,34.329011866384],[-118.59614326893,34.3290068661428],[-118.596323269165,34.3289938664308],[-118.596537269177,34.3289968656578],[-118.596625268755,34.3290198658165],[-118.596797269527,34.3290888662981],[-118.596941269004,34.3291678663441],[-118.597128269573,34.3292648663203],[-118.597472269322,34.3294628664595],[-118.598010269062,34.3297238659022],[-118.598202268962,34.3298068661304],[-118.598339269015,34.3298968657859],[-118.59856126941,34.3300508656969],[-118.598672269161,34.3301628663709],[-118.598758269553,34.3302778662857],[-118.598840269761,34.3303968663856],[-118.598933269576,34.3304818658126],[-118.599031269619,34.3305338664119],[-118.599138269178,34.3305688662249],[-118.599261269478,34.330603866037],[-118.599339269494,34.3306488663139],[-118.599371270081,34.3307038661564],[-118.599369269997,34.3308138658451],[-118.599328269908,34.3309308658596],[-118.599315269316,34.3310448657339],[-118.599324269738,34.3311108660862],[-118.599361269656,34.3311638658359],[-118.599488270145,34.3312448659754],[-118.599668269489,34.331317865742],[-118.599883269552,34.3313768657588],[-118.600012270132,34.3314438661504],[-118.600369269587,34.3316788662003],[-118.600623269667,34.3318678659287],[-118.600729270086,34.331979866603],[-118.600937269854,34.3323838663794],[-118.601170269839,34.3323118657358],[-118.601330270043,34.3322348657647],[-118.601617269829,34.3321538665005],[-118.602037270372,34.3320408657496],[-118.602266270173,34.331965865867],[-118.60244127017,34.3318768662396],[-118.602622270442,34.3317458664691],[-118.602750270062,34.33163686592],[-118.602888270142,34.3314948656435],[-118.603151270608,34.3313208656793],[-118.6034082708,34.3311858657195],[-118.603479270482,34.3311098657998],[-118.603487269943,34.3309898656484],[-118.603433270127,34.3308118655177],[-118.603367270661,34.3307108662489],[-118.603105270215,34.330576865466],[-118.602857270415,34.3304218655103],[-118.602664270469,34.3303338659504],[-118.602536269933,34.3302428662481],[-118.602468270368,34.3300648661182],[-118.602356269666,34.3298808657135],[-118.602283269866,34.329660865441],[-118.602268270052,34.3294248662244],[-118.602292270255,34.3293288653828],[-118.602330270212,34.3292958656539],[-118.602441269946,34.3292008657529],[-118.602624270305,34.3290038656295],[-118.602755270061,34.3288708657695],[-118.602858270326,34.3288008661252],[-118.602958270454,34.3287608660691],[-118.603123269993,34.3287228661017],[-118.603275269832,34.3287118655845],[-118.603404270406,34.3286978658292],[-118.603479270278,34.3286758657073],[-118.603590270013,34.3286028659239],[-118.603742269839,34.3284368654366],[-118.603937269857,34.3282758651779],[-118.604140270249,34.3281618652926],[-118.604269269922,34.3281368659283],[-118.604389270082,34.3281618652782],[-118.604480270705,34.3282558651214],[-118.604561269963,34.3283358652172],[-118.60466327019,34.3283678657912],[-118.604785270438,34.3283418654816],[-118.604886270616,34.3283348651523],[-118.605027270849,34.3283688658164],[-118.605165270047,34.3284328651694],[-118.605212270423,34.3284348652592],[-118.605276270685,34.3284078658061],[-118.605329270433,34.32832586561],[-118.605344270214,34.3281578650382],[-118.605307270281,34.327928865247],[-118.605261270838,34.3277828656956],[-118.605167270069,34.3275988652899],[-118.605129270101,34.3274978651201],[-118.605142270695,34.3274078654558],[-118.605244270007,34.3272628650428],[-118.605507270476,34.3271128652887],[-118.605718270339,34.3270018655417],[-118.605871270219,34.3269258656171],[-118.605928270155,34.3268738650088],[-118.605944269987,34.326762865273],[-118.605872270237,34.3265818650046],[-118.605827269943,34.3264628649026],[-118.605846270814,34.3263698650994],[-118.605914270358,34.3262938651797],[-118.606025270096,34.3262598654004],[-118.606255270847,34.3262418654544],[-118.606371270817,34.3262158651452],[-118.606409270777,34.3262068656263],[-118.606569270077,34.3260788650964],[-118.6066822708,34.3259638651701],[-118.606854270662,34.3259018649922],[-118.606961270214,34.3258528654191],[-118.607109270767,34.3258358655241],[-118.607364270877,34.3258328653707],[-118.607563270195,34.3258328653592],[-118.607634270781,34.3258138653761],[-118.607759270266,34.325761864764],[-118.607852270968,34.3256978653976],[-118.607975270354,34.3255588652606],[-118.608227270305,34.3253188649444],[-118.608423270375,34.3252208648997],[-118.608578270353,34.3252038650043],[-118.608710271062,34.3251628649001],[-118.608941270961,34.3251598647481],[-118.60914327042,34.3251838649465],[-118.609248270786,34.3252308653143],[-118.609311271008,34.3252778647852],[-118.60939227117,34.325395864839],[-118.609413271254,34.3255338649213],[-118.609390271101,34.325679865376],[-118.609278271328,34.325851865239],[-118.609140271247,34.3259798648683],[-118.609087270598,34.3260458652241],[-118.60907527095,34.3261448653043],[-118.609119271193,34.3261978650536],[-118.609224270659,34.3262358650054],[-118.609578270852,34.3261998651196],[-118.60980127128,34.3261988650605],[-118.609983270712,34.3262148648902],[-118.610500271256,34.3262068653898],[-118.610651271049,34.3261958648727],[-118.610737271429,34.3261618650947],[-118.610843270931,34.3260648651015],[-118.610916271601,34.3259358645305],[-118.610913271449,34.3257798645144],[-118.610857271528,34.3254638651995],[-118.610801270714,34.3252068650145],[-118.610769271017,34.3250398644916],[-118.610749270981,34.3249178651488],[-118.610732271068,34.3246158646801],[-118.610718271308,34.3244828648285],[-118.610706270743,34.324365864817],[-118.610563271277,34.3238588647724],[-118.610413270603,34.3235378643325],[-118.610335270583,34.3234468646273],[-118.610233271253,34.3233908647426],[-118.610085270696,34.3233538648395],[-118.60976427113,34.3233758649757],[-118.609264270473,34.3233858645675],[-118.609001270894,34.3234188643094],[-118.608833270313,34.3234208644116],[-118.608756270346,34.3234018644371],[-118.608569270677,34.3233168650155],[-118.608423270211,34.3232728647888],[-118.608237270595,34.3232568649593],[-118.607832270737,34.3232578650289],[-118.607695270691,34.3232458644821],[-118.60743027011,34.323155864834],[-118.607048270401,34.3229708643986],[-118.606876270529,34.3229068650475],[-118.606796270423,34.3228918652581],[-118.606680270449,34.322874864479],[-118.606605270573,34.322853864412],[-118.606553269962,34.3228228647808],[-118.606511269813,34.3227738652161],[-118.606503270335,34.3226858647462],[-118.60651326988,34.3224718647464],[-118.606496269981,34.3223278643865],[-118.606462270197,34.322227865162],[-118.606445270299,34.3220948644113],[-118.606452269699,34.3218038644497],[-118.60643826994,34.3216848643458],[-118.606413269678,34.3216308645492],[-118.606355269684,34.3215378647503],[-118.606262269868,34.3214388646762],[-118.608633270776,34.321345864737],[-118.613166271023,34.3212958639626],[-118.615379271818,34.3212708644778],[-118.620202271999,34.3212458639429],[-118.621340272504,34.3212198635746],[-118.62341127302,34.321161863472],[-118.625805273201,34.3211648634723],[-118.626480272965,34.3211668635258],[-118.627864273167,34.3211698635845],[-118.632166274417,34.3211528634494],[-118.635796275145,34.3211698631262],[-118.638383275261,34.3211158631785],[-118.640307275275,34.3211448626092],[-118.643114275685,34.3211478625857],[-118.643165276256,34.3212588623175],[-118.643807276335,34.3217908625895],[-118.643973275931,34.3218748628654],[-118.64417227615,34.3219008622571],[-118.645106276206,34.3218638622915],[-118.645914276745,34.3220558621264],[-118.6465632771,34.3220018622908],[-118.647093276457,34.3221118628482],[-118.647324277254,34.3220958620952],[-118.647841276917,34.3223048627328],[-118.647841276921,34.3223438627369],[-118.648027277443,34.3224428628056],[-118.648027277447,34.3224808627635],[-118.648139277236,34.3225088622526],[-118.64888827688,34.3231298621356],[-118.649967277383,34.3234708625469],[-118.650033277752,34.3236238624206],[-118.650311277154,34.323926862021],[-118.650232277115,34.3241578628107],[-118.650066277534,34.3242568628997],[-118.649550277045,34.3243648625257],[-118.649318277109,34.3244878628287],[-118.649185277263,34.3246518623231],[-118.649019277673,34.3246408627235],[-118.648602277279,34.3248718626333],[-118.648168276994,34.3250618624476],[-118.647939277196,34.3251618625866],[-118.647595277518,34.3258118629739],[-118.647257277185,34.3260688631816],[-118.647310276943,34.3261128625144],[-118.647309276912,34.326293862787],[-118.647369276989,34.3262688625272],[-118.647478277529,34.3261758627188],[-118.647705277216,34.3258518630179],[-118.648154277268,34.3253258629601],[-118.648252277299,34.3252358623917],[-118.6482782776,34.3251968623861],[-118.648291277296,34.3251208624697],[-118.64828327692,34.3250568631091],[-118.64853527779,34.325040862355],[-118.648764277594,34.3250098627075],[-118.64918627733,34.3248988629482],[-118.649292277735,34.3248528626145],[-118.649432277911,34.3247468622033],[-118.649602277675,34.32463286232],[-118.649776277629,34.3245738622808],[-118.650039277207,34.3245258627448],[-118.650157277268,34.3244798624103],[-118.65028227765,34.3243988622564],[-118.650360277655,34.3243088625884],[-118.650433277421,34.3241268622654],[-118.650456277571,34.3239398626136],[-118.650509277321,34.3238788624889],[-118.650688277508,34.3238438626593],[-118.651002277653,34.3238618625739],[-118.651147278066,34.3238348622168],[-118.651313277649,34.3237688627537],[-118.65143827803,34.3236688626209],[-118.651485277497,34.3235418621437],[-118.651482277346,34.3233958625899],[-118.651421278105,34.3232218626444],[-118.651424277339,34.3231518621066],[-118.651461277249,34.323110862008],[-118.651572277889,34.3230988623462],[-118.651661277515,34.3231428625763],[-118.651891277387,34.3233778626336],[-118.651999277893,34.3234208619169],[-118.652043278131,34.3234248620993],[-118.652093277748,34.3234398618904],[-118.652152277782,34.3234498623492],[-118.652191277787,34.3234448621158],[-118.652279278259,34.3234008618756],[-118.652297278193,34.323396862589],[-118.652805278408,34.3244318627366],[-118.65469227883,34.3282788623824],[-118.656919279757,34.3328208626572],[-118.658707280076,34.336464863717],[-118.662514281553,34.3442188639807],[-118.666985282399,34.353325864692],[-118.668857283023,34.3571388645649],[-118.670214284006,34.3599008653499],[-118.670605284183,34.3606968652486],[-118.670939284409,34.3613758651384],[-118.673330284861,34.3662448652291],[-118.67363828478,34.366872865461],[-118.67579328596,34.3712598657688],[-118.677628286665,34.3749978666733],[-118.678190286691,34.3761408664135],[-118.678355286262,34.3764758666001],[-118.680679287199,34.3812058665644],[-118.681259288061,34.3823858671145],[-118.682960287938,34.3858468669139],[-118.683148288577,34.386228867473],[-118.684980289142,34.3899578679614],[-118.685313289323,34.3906348677585],[-118.685792289091,34.3916098678319],[-118.687878289765,34.3958558679208],[-118.688013289741,34.3961318680799],[-118.688639290042,34.3974048684293],[-118.689042289877,34.3982258685833],[-118.69042529027,34.4010378680798],[-118.691409291013,34.4030378687374],[-118.691360291444,34.4030448681645],[-118.69112929065,34.4030988688753],[-118.69098029095,34.4031148687242],[-118.69086929121,34.4031278684322],[-118.690663290669,34.4031198689738],[-118.690457291024,34.403081869028],[-118.690274290642,34.4030058682236],[-118.690106290956,34.4029488682966],[-118.689946290744,34.4029328684657],[-118.689786290534,34.4029298683363],[-118.689542290931,34.4029178686951],[-118.689023290286,34.4028228688308],[-118.688542290501,34.4027428687582],[-118.688039290601,34.4027048688296],[-118.687772290836,34.4027308691476],[-118.687573290625,34.4027918683815],[-118.687383289932,34.4028688683544],[-118.687154290131,34.402932868628],[-118.68692529033,34.4030058684183],[-118.686703289956,34.4030898687166],[-118.686574290286,34.4031548690307],[-118.686467289837,34.4032308689525],[-118.686406290613,34.4032568692585],[-118.685925289949,34.4034068690253],[-118.685727289781,34.4034408688098],[-118.685483290184,34.4034978687607],[-118.684842290206,34.4036198690412],[-118.684315290102,34.4036658693994],[-118.684102290138,34.4036888686763],[-118.683835289477,34.4037378691581],[-118.683514289917,34.4038338691175],[-118.683201289827,34.4039138692363],[-118.682927289743,34.4039898691679],[-118.682759290062,34.4039938693625],[-118.682537289679,34.4039818688207],[-118.682362289672,34.4039668690369],[-118.682118289168,34.4039178694841],[-118.681943289158,34.4038638687969],[-118.681767289097,34.4037608694421],[-118.681615289248,34.4036468695775],[-118.681454289884,34.4035708687719],[-118.68132428926,34.4035358689603],[-118.681141289784,34.4035398691558],[-118.68100428974,34.4035508696722],[-118.680874289122,34.4035778691292],[-118.680752288875,34.4036278696487],[-118.680516289649,34.4036848695992],[-118.680302289643,34.4037458697333],[-118.680172289028,34.4038178694716],[-118.680096289118,34.4039318693495],[-118.680012288835,34.4040158696398],[-118.679928289452,34.4041118695854],[-118.67976828925,34.4042108696742],[-118.679654289375,34.4042718698025],[-118.679455289166,34.4043668697086],[-118.679234288839,34.4044628696622],[-118.679005289037,34.4045168694736],[-118.678662289358,34.4046078692032],[-118.678204288854,34.4047068693093],[-118.677998289217,34.404763869258],[-118.677823289216,34.4048168699193],[-118.677708289295,34.4048708697241],[-118.677601288848,34.4049778692802],[-118.677502288766,34.4050198694287],[-118.677373289093,34.4050428696],[-118.676854288459,34.405080869588],[-118.676663288615,34.4051038697629],[-118.676388288482,34.4051488700602],[-118.676266289133,34.4051758695167],[-118.676152288356,34.4052108693425],[-118.675595288671,34.4053668693911],[-118.675297288374,34.4054278695301],[-118.67512228837,34.4054388700487],[-118.674939288892,34.4054198700804],[-118.674801288799,34.405393869786],[-118.674664288748,34.4053318696261],[-118.674588288826,34.4053138696978],[-118.674343288276,34.4052788698929],[-118.674233288553,34.404938869472],[-118.67366828839,34.4038268693664],[-118.673244287581,34.4029748695793],[-118.673129287632,34.4027118700198],[-118.673044288178,34.4025168700045],[-118.673026288241,34.4024728697704],[-118.672824287844,34.4019838696622],[-118.672644287574,34.4015978698171],[-118.67262928777,34.4014858691376],[-118.672563287396,34.4012818696045],[-118.672339287785,34.4008508694806],[-118.672027287692,34.4003488696771],[-118.671710287371,34.3998938693486],[-118.671480287484,34.3994828692501],[-118.671339287236,34.3992788697214],[-118.671270287631,34.3991788695997],[-118.671062286979,34.3989518690117],[-118.67079828733,34.3986998690701],[-118.670122287477,34.3981918690105],[-118.669679286728,34.3978198689284],[-118.669415287083,34.3976088690833],[-118.669142287017,34.3973558690959],[-118.668662286353,34.3969698692682],[-118.668517286829,34.3968778695207],[-118.66821728642,34.3967088689211],[-118.667862286165,34.3965508688331],[-118.667335286039,34.3963458692805],[-118.666930286169,34.3962058691281],[-118.666016286113,34.3959298690142],[-118.665549286073,34.3958118689829],[-118.665213285805,34.3957298697088],[-118.66469628615,34.3956258694283],[-118.664213286273,34.3955518696331],[-118.663722286029,34.3955108695651],[-118.663308285753,34.3954988690345],[-118.660239284907,34.3954638693936],[-118.659878285284,34.3954378700114],[-118.65970228523,34.3954118697192],[-118.657077285112,34.3949618697558],[-118.656662284788,34.3949158694522],[-118.656503284623,34.394913869369],[-118.655963284816,34.3949528694044],[-118.655446284277,34.3950258701108],[-118.655141284555,34.3950858702039],[-118.654850284583,34.3951558698591],[-118.654566284033,34.3951968699722],[-118.654365284625,34.3952138698703],[-118.654110284515,34.395223869448],[-118.653805283889,34.3952218702726],[-118.653415283824,34.3951958699928],[-118.652665284185,34.3951848695279],[-118.652347283857,34.3951858695926],[-118.651870284266,34.3952058696454],[-118.649934283721,34.395481869925],[-118.649064283037,34.3955988699876],[-118.649166283269,34.3956898705907],[-118.649326283492,34.3958388702741],[-118.649456283221,34.395937870346],[-118.649547283839,34.3959828706221],[-118.649456283228,34.3960138702616],[-118.649341283304,34.3960438698564],[-118.648891283166,34.3960968705337],[-118.648472283563,34.3961358705621],[-118.648426283233,34.3961468701739],[-118.648182283634,34.3961778707217],[-118.64783128358,34.3962038701452],[-118.647563282871,34.39623886998],[-118.647281283321,34.3963758700336],[-118.647151282702,34.3963988702049],[-118.64703728282,34.3963758700478],[-118.646923282937,34.3963378700965],[-118.646831283175,34.3963378701019],[-118.646785282849,34.3963868705709],[-118.646701283463,34.3964488707436],[-118.646541283258,34.3965088708283],[-118.646381283052,34.3965588704508],[-118.646251283332,34.3965778704373],[-118.646137282554,34.3965898700993],[-118.645984282665,34.3965668708436],[-118.64589328295,34.3965588704791],[-118.645786282495,34.3965708701407],[-118.645702283107,34.396600870633],[-118.645641282985,34.3966388705943],[-118.645610283355,34.3967118703731],[-118.645565283082,34.3968448702282],[-118.645527283126,34.3968978708816],[-118.645435282471,34.3969628702941],[-118.645351283085,34.3970128708115],[-118.645221282475,34.3971428705328],[-118.645145282563,34.3972378704317],[-118.645084282443,34.3972988705569],[-118.644695282449,34.3975698705155],[-118.644611283061,34.397611870663],[-118.644557282361,34.3976118706662],[-118.644466282646,34.3976188709951],[-118.644367282564,34.39765387082],[-118.644275282808,34.3977148709469],[-118.644214282687,34.3977648705637],[-118.644123282977,34.3978218705057],[-118.644001282727,34.3978258706977],[-118.643886282799,34.397813871049],[-118.643827282766,34.3978108709138],[-118.643794283038,34.3978098708695],[-118.643711282795,34.3978258707145],[-118.643283282787,34.3980048709194],[-118.643131282954,34.3980968706842],[-118.642963282378,34.3981458711602],[-118.642886282413,34.3981608709587],[-118.64278728233,34.3981878713132],[-118.642642282813,34.3981838711367],[-118.642498282442,34.3981618710275],[-118.642375282143,34.3981268712154],[-118.64223028262,34.3980508713082],[-118.642101282041,34.3979968706183],[-118.641956282522,34.3979588706689],[-118.641796282309,34.3979368705606],[-118.641727282713,34.3979358705184],[-118.641414282608,34.397840870642],[-118.641040282378,34.3977418705843],[-118.640911281804,34.3977488709153],[-118.640811282574,34.397771871085],[-118.640674282528,34.3977718710929],[-118.640384281699,34.3977908710887],[-118.640277282142,34.3977798705864],[-118.640171281733,34.3977868709162],[-118.640071282503,34.3978058709009],[-118.639987282213,34.3978098710907],[-118.639835282368,34.3977528711627],[-118.639667281781,34.3976798713955],[-118.639484282299,34.3976198713307],[-118.639301281921,34.3975888708077],[-118.639216281584,34.397585870674],[-118.639011281989,34.3975778712155],[-118.638866281572,34.3975658706692],[-118.638683282096,34.3975658706798],[-118.638462281756,34.3975168711257],[-118.638263281533,34.3974438713603],[-118.63814128128,34.3974168710187],[-118.638042282094,34.3974138708858],[-118.63766028151,34.3975088708025],[-118.637530281789,34.3975168711799],[-118.637447281545,34.3975168711847],[-118.637325281293,34.3974938710279],[-118.637195281567,34.3974328709139],[-118.637103281802,34.3973948709614],[-118.637042281676,34.3973828713095],[-118.636821281338,34.3973568710199],[-118.636691281614,34.3973218712084],[-118.636501281805,34.397218870955],[-118.636447281102,34.3971958707943],[-118.636394281346,34.3971808710034],[-118.636211280971,34.3971838711527],[-118.635997280961,34.3972078713752],[-118.635936281735,34.3972078713787],[-118.635814281483,34.397184871222],[-118.635753281356,34.3971618710617],[-118.635707281023,34.3971318714764],[-118.63567728143,34.3970898713354],[-118.635600281456,34.3970098712392],[-118.63556228149,34.3969328712796],[-118.635516281154,34.3968718711606],[-118.635494281032,34.3968258708343],[-118.635486281558,34.3967958712467],[-118.635524281509,34.3966848715096],[-118.63554728167,34.3966318708572],[-118.635547281666,34.3965858714288],[-118.635532280969,34.396558871081],[-118.635463281368,34.3964948708247],[-118.635417281035,34.3964638711931],[-118.635310281476,34.3964338707119],[-118.635211281385,34.3963678712643],[-118.635074281331,34.3962578706843],[-118.63502128067,34.3961848709104],[-118.634982280662,34.3961588715095],[-118.634937281271,34.3960938712056],[-118.63482228134,34.3960398714142],[-118.634662281124,34.3959718709783],[-118.634517280706,34.3959408713525],[-118.634387280985,34.3959488708305],[-118.634265280735,34.395944871552],[-118.63406728056,34.3958988712358],[-118.63385328054,34.3957998711688],[-118.633670281055,34.3956928707302],[-118.633426280544,34.3955668712155],[-118.633037280509,34.3953538712851],[-118.632823280492,34.3952998714994],[-118.632556280724,34.3952808715361],[-118.632251280999,34.3952998715327],[-118.632136280174,34.3953118711947],[-118.632014280824,34.3953188715254],[-118.631900280941,34.3952808715742],[-118.631793280482,34.3952388714377],[-118.631640280595,34.3952428716315],[-118.631511280023,34.3952658709034],[-118.631351280711,34.3952508711187],[-118.631190280451,34.3952128711702],[-118.631030280235,34.395147870873],[-118.630740280288,34.3949718708485],[-118.630641280197,34.3949038713083],[-118.63061028056,34.3948918716548],[-118.630428280226,34.3948388710141],[-118.63029028013,34.394788871409],[-118.63012228043,34.3945638709111],[-118.630031279807,34.3944578714127],[-118.629947280411,34.3943958712497],[-118.629787280197,34.3943578713011],[-118.629611280145,34.3943548711727],[-118.629451279933,34.394330870972],[-118.629260280085,34.394319871374],[-118.629146280207,34.3943468708299],[-118.628970280157,34.3943618715335],[-118.628810279946,34.3943578713579],[-118.62855127965,34.3943578713729],[-118.628368280179,34.3944188715052],[-118.628207279926,34.3944648709429],[-118.628062279515,34.3945148714637],[-118.627971279804,34.3945608708973],[-118.627864279356,34.3946478713276],[-118.627803280138,34.3947468714107],[-118.627734279649,34.3948238713766],[-118.627681279897,34.3948498716822],[-118.627627280095,34.3948458715004],[-118.627536279478,34.3948118717327],[-118.627475279351,34.3947968710429],[-118.627414280125,34.3947928717609],[-118.627345279631,34.3948078715589],[-118.627200280119,34.3948618713655],[-118.627147279466,34.3948768711625],[-118.627101280037,34.3948958711441],[-118.627071279548,34.3948958711459],[-118.626887280019,34.3948238714258],[-118.626834279367,34.3948498717314],[-118.626811279204,34.394876871182],[-118.626712280026,34.3949608714733],[-118.626674279166,34.3949568712906],[-118.626651279898,34.394937871313],[-118.62661327993,34.3948388712357],[-118.626597279187,34.3948118717873],[-118.626567279596,34.3947968710957],[-118.626491279676,34.3947928718145],[-118.626353279584,34.3947928718225],[-118.626277279663,34.3947778711336],[-118.626231279331,34.394761871296],[-118.626155279406,34.3947048713637],[-118.626102279646,34.39464787143],[-118.626056279313,34.3946138716598],[-118.62601027988,34.3945868713137],[-118.625934279058,34.3945598718688],[-118.625682279089,34.3945868713328],[-118.625537279571,34.3945638711774],[-118.625270278896,34.3944648711134],[-118.624881278858,34.3942088718934],[-118.62475127913,34.3941328710859],[-118.624621279404,34.3940718718712],[-118.624217278681,34.3939428713278],[-118.624141278757,34.3938968719039],[-118.623935279109,34.3938128716304],[-118.623843279341,34.3937358716739],[-118.623775278881,34.393606871111],[-118.623614278601,34.3933358711844],[-118.623530279202,34.3932328718242],[-118.623401278617,34.3931068714035],[-118.623141279168,34.3930338716416],[-118.617605278376,34.3932058718196],[-118.617151278079,34.3935618721136],[-118.617053278057,34.3937598722783],[-118.616897278056,34.3940538714878],[-118.616724278174,34.394416872089],[-118.616638277803,34.3945548721775],[-118.616517277607,34.3946588715958],[-118.616309277887,34.3948148716241],[-118.616119278092,34.3948838721266],[-118.615825277978,34.3949178719166],[-118.615583277576,34.3949878724683],[-118.615410277662,34.3949698725457],[-118.615131277355,34.3951478717964],[-118.613317277158,34.3965738721655],[-118.611024277307,34.3983828731787],[-118.611036276968,34.398436872976],[-118.611115277038,34.3985718729163],[-118.611126277557,34.3986838726968],[-118.611081277296,34.3989548726354],[-118.610968277477,34.3991348728682],[-118.6109232772,34.3992138729251],[-118.611036277048,34.3993828726364],[-118.611160277406,34.3995628728555],[-118.611216277308,34.3996638730241],[-118.611160277421,34.3997428730817],[-118.611047277587,34.3997428730883],[-118.610867277348,34.3997088733258],[-118.610766277169,34.3996978728232],[-118.610653277337,34.3997198729474],[-118.610631277228,34.3998328727759],[-118.610642277745,34.3999338729472],[-118.610631277243,34.4000128730022],[-118.610518277409,34.4000128730087],[-118.610326277517,34.4000248726753],[-118.610112277506,34.4000358731961],[-118.61002227694,34.400057873319],[-118.609921277672,34.4001818727613],[-118.609775277228,34.4003848731598],[-118.609696277182,34.4005428732731],[-118.609707277698,34.4006208732806],[-118.609696277197,34.4007228734994],[-118.609594276978,34.4007788733958],[-118.609504277314,34.4008348732916],[-118.609493277717,34.4009928734009],[-118.609448277452,34.4012068734027],[-118.609414277684,34.4012968730682],[-118.609414277694,34.4014098728954],[-118.609471277646,34.4015558733455],[-118.609493277776,34.4016798727806],[-118.609516277077,34.4020968731685],[-118.609516277122,34.402636872948],[-118.609493277868,34.4027728729404],[-118.609414277817,34.4028628735078],[-118.609369277543,34.4029868729468],[-118.609302277155,34.403166873177],[-118.609245277229,34.4033238732428],[-118.609211277463,34.403436873072],[-118.609065277023,34.4036958733611],[-118.608998277527,34.4037858730285],[-118.608885277696,34.4038198737073],[-118.608817277255,34.4039098733748],[-118.608738277203,34.4039888734337],[-118.608626277419,34.4040338737216],[-118.608491277466,34.4040338737294],[-118.608401276901,34.4040678735076],[-118.608322277747,34.4041348739112],[-118.608254277299,34.4041468735705],[-118.608130276955,34.4041348739224],[-118.608051276891,34.4040788731371],[-118.607939277104,34.4040788731436],[-118.607657277544,34.4041018733238],[-118.607567276979,34.4041348739551],[-118.607432277036,34.4042478737902],[-118.60726327732,34.404393873354],[-118.607072277485,34.40452887331],[-118.606948277153,34.4046528736529],[-118.60681327721,34.4047768739965],[-118.606689276874,34.4048558740581],[-118.606576277043,34.4048898738376],[-118.606452276707,34.4049688738991],[-118.606351277434,34.4050358734047],[-118.606249277213,34.4050698740829],[-118.606126276915,34.4050588735815],[-118.605878277129,34.405058873596],[-118.605664277119,34.405080873726],[-118.605562276902,34.4051708733954],[-118.605517276628,34.4052838741246],[-118.605382276677,34.405306873397],[-118.605236277113,34.40529487375],[-118.60511227677,34.4052948737572],[-118.60495427666,34.4053848734299],[-118.604819276715,34.4054758740468],[-118.604684276776,34.4056328741171],[-118.604605276728,34.4057678740666],[-118.604459277175,34.4058808739023],[-118.604312276673,34.4059488743561],[-118.604188277239,34.4060608741443],[-118.60408727707,34.4061738739775],[-118.603952277129,34.4063088739303],[-118.603896277249,34.4064668740422],[-118.603873277099,34.4066468742698],[-118.603862276605,34.4068268744966],[-118.603794277069,34.4069958742184],[-118.603738277188,34.4071418737757],[-118.603547276466,34.4074258743237],[-118.60330727705,34.4074288744763],[-118.59757827541,34.4074948742627],[-118.596737276058,34.4075048747739],[-118.594659275336,34.4089458749524],[-118.581616274098,34.4179938766528],[-118.58023227373,34.416033876068],[-118.579994273475,34.4156648761125],[-118.579849273936,34.415387876807],[-118.579731273852,34.4151698766298],[-118.579668273625,34.4150548767136],[-118.579455273617,34.4145628764673],[-118.579061273283,34.4135448761997],[-118.578984273294,34.4132758763606],[-118.578918272909,34.4129468764455],[-118.578885273147,34.4125508761294],[-118.57888527312,34.4122268764415],[-118.578929273315,34.4117328760878],[-118.579006273242,34.411257875711],[-118.579341273337,34.4098288761883],[-118.57935527308,34.4097708762045],[-118.57959727342,34.4089588755294],[-118.579739272744,34.4083238758471],[-118.579787273122,34.4078018759974],[-118.579752273277,34.4075178754626],[-118.579729273106,34.4074438756407],[-118.578858272378,34.4076068760311],[-118.57883327302,34.4076088752257],[-118.578730272751,34.4076258760174],[-118.578143272576,34.4077788759291],[-118.577898272934,34.4078428753043],[-118.577807272322,34.4078668755197],[-118.577700272768,34.4078948759209],[-118.577080272865,34.408054876158],[-118.57699527253,34.4080748761881],[-118.576955272479,34.4080928761231],[-118.576848272029,34.4081588755828],[-118.57679427223,34.4081848758885],[-118.576639272255,34.4082328754182],[-118.576544272357,34.4082618758648],[-118.576452272599,34.408290875412],[-118.576172272237,34.4083718755751],[-118.576113272193,34.4082368756337],[-118.574478271758,34.4045958756029],[-118.573799271673,34.4029928752909],[-118.572694270679,34.4004498756205],[-118.57254827108,34.4000168753993],[-118.572332270914,34.3992828747589],[-118.57215327067,34.398657874658],[-118.571894270277,34.3974998751058],[-118.571277270289,34.3950178746293],[-118.571068270433,34.3941158743168],[-118.570959269886,34.394134874302],[-118.570919269834,34.3941418746279],[-118.570132270294,34.3942748745261],[-118.569845270505,34.394323875009],[-118.56968727039,34.3943578747911],[-118.569561269957,34.3943848751472],[-118.569337270385,34.3944248743111],[-118.568216269782,34.3946268747201],[-118.567750269803,34.3946848747302],[-118.567559269959,34.3947078749051],[-118.566971269729,34.394764874876],[-118.566809269422,34.3947148752721],[-118.566207269442,34.3947448748951],[-118.565140269524,34.3947588747049],[-118.565094269193,34.3947578746613],[-118.563439269037,34.3947308753081],[-118.563092269165,34.3947328754207],[-118.562515268541,34.3947358755929],[-118.561645268746,34.3947358756434],[-118.561181268855,34.3947358756703],[-118.560542268958,34.3947348756612],[-118.559981268175,34.3947348756937],[-118.559307268458,34.3947358757791],[-118.558542268126,34.3947378750166],[-118.55841626859,34.3947378750239],[-118.557779267887,34.3947428752921],[-118.557578268477,34.3947448753962],[-118.557136267806,34.3947488756068],[-118.557039267814,34.3947528757973],[-118.55670126836,34.3947678756109],[-118.556387268221,34.3948178752423],[-118.556327268143,34.394827875708],[-118.556008267773,34.3948848756634],[-118.555552267363,34.3950128753111],[-118.55534826782,34.395079875722],[-118.555069267506,34.3951708754479],[-118.554819267634,34.3952618760715],[-118.554695267295,34.395307875507],[-118.554617267285,34.3953358759065],[-118.554239267789,34.3954838755749],[-118.553996267346,34.3956178754877],[-118.553915267198,34.3956628757738],[-118.553466267129,34.3959758758786],[-118.55315326705,34.3961928760347],[-118.553055267916,34.3962608755863],[-118.552831267455,34.3964148755231],[-118.552538267406,34.3966758759133],[-118.552337267113,34.3968668757604],[-118.552142267099,34.3970848759559],[-118.551954267411,34.3973178759449],[-118.551702267469,34.3976688759962],[-118.551564267395,34.3978798758649],[-118.551469267512,34.3980748758907],[-118.551355267653,34.3983258758082],[-118.551248267219,34.3985818759564],[-118.551115267394,34.3990008764459],[-118.551080267583,34.3991188765064],[-118.551006267776,34.3993708764678],[-118.550960267468,34.3996258765662],[-118.550948267825,34.3997818765832],[-118.550944267644,34.3998338762892],[-118.550920267455,34.4000968767561],[-118.550920267476,34.4003418763896],[-118.550920267497,34.4005928763005],[-118.550941267591,34.4008498764875],[-118.550991267233,34.4011598764247],[-118.551071267369,34.401522876112],[-118.551207267403,34.4019348762624],[-118.551311267743,34.402202876953],[-118.551331267773,34.4022518765188],[-118.551518267463,34.4025908768893],[-118.551553268189,34.4026528770551],[-118.551616267517,34.4027688770174],[-118.551675267558,34.4028638769086],[-118.551805268196,34.4030738767154],[-118.552057268197,34.4034158763214],[-118.552301267824,34.4037088763608],[-118.552378267798,34.4038018770578],[-118.553201268199,34.4047768771117],[-118.553367268703,34.4049728771686],[-118.553966268607,34.4056848767699],[-118.554559268233,34.4063858767625],[-118.554619268318,34.4064578764897],[-118.554916268604,34.4068188769713],[-118.555581268872,34.4076178769929],[-118.555901269327,34.408022876809],[-118.55597326907,34.4081138774139],[-118.556692269149,34.4090258772596],[-118.557000269045,34.4093888769337],[-118.557396269423,34.4098218771403],[-118.557820269298,34.4102618767695],[-118.557960269495,34.4104038770299],[-118.55823126947,34.410678877135],[-118.558673269282,34.4111588768135],[-118.558909269438,34.4114558770382],[-118.559122269428,34.4117478770332],[-118.559189269842,34.4118718773651],[-118.559255270209,34.4119958767977],[-118.559368270063,34.4122328769542],[-118.559478269778,34.4124698771109],[-118.559604270245,34.4128478774888],[-118.559692269844,34.413106876865],[-118.559716270061,34.4131778774475],[-118.559747269704,34.4132588775925],[-118.559847269858,34.413526877384],[-118.559976270464,34.4139028776694],[-118.560078269811,34.4141578777592],[-118.560139269949,34.4143078774946],[-118.560201270133,34.414462877461],[-118.560400270382,34.4148368776499],[-118.560599270631,34.4152248775865],[-118.560782270135,34.4155488772637],[-118.560864270345,34.4156938776661],[-118.56090227031,34.4157528776931],[-118.560973270008,34.4158618773313],[-118.561135270333,34.4161148773253],[-118.561510270648,34.4166698777763],[-118.561820270646,34.417132877576],[-118.561981270924,34.4173888777086],[-118.561994270629,34.4174198773421],[-118.562079270982,34.4176178774961],[-118.562149270637,34.4177668780841],[-118.562229270757,34.417934877751],[-118.562310270928,34.4181668776783],[-118.562385270822,34.4183998776521],[-118.562447271013,34.4186378778577],[-118.562505271017,34.4188358780134],[-118.562556270708,34.419182877862],[-118.562583271084,34.4194788780528],[-118.562601271033,34.4196598774249],[-118.562617270887,34.4198188775789],[-118.562626271311,34.4199008777714],[-118.562608271435,34.4205838778667],[-118.562598271058,34.4215948778343],[-118.562711270903,34.4217268776339],[-118.562704271483,34.421781878378],[-118.562680271301,34.4221358785546],[-118.562643271416,34.4224758780849],[-118.562580271231,34.4228518783813],[-118.562543271332,34.4230318786098],[-118.56236527126,34.4238858785246],[-118.562288271326,34.4242658781075],[-118.562249271336,34.4244548787521],[-118.56218227186,34.4247818785825],[-118.562049271155,34.4254348781971],[-118.561979271539,34.4257428789481],[-118.561894271227,34.4260318788218],[-118.561820271416,34.4262238787077],[-118.561781271418,34.4263238788357],[-118.561660271238,34.4266128787114],[-118.561491271533,34.4268768783337],[-118.561323271873,34.4271308783929],[-118.561145271745,34.4273188789994],[-118.561010271804,34.4274588791833],[-118.560916271047,34.4274128788611],[-118.560860271158,34.4274728789398],[-118.56082527134,34.4275158791308],[-118.56052327178,34.4278368786975],[-118.559805270995,34.4286668793331],[-118.559097271571,34.4294718788125],[-118.558993271264,34.429589878877],[-118.558541271072,34.4300918796244],[-118.557720270928,34.4310538791728],[-118.557553271308,34.4312308792702],[-118.557381271457,34.4314138796451],[-118.556990271321,34.4311128792445],[-118.556125270808,34.4305248790952],[-118.555492271158,34.4301608793939],[-118.55462927075,34.4297168796054],[-118.553934270034,34.4294088797983],[-118.553283270461,34.4291648793495],[-118.552625270564,34.4289238790399],[-118.551861270261,34.4287198795473],[-118.551279270294,34.4285878797749],[-118.55082226982,34.4284998793312],[-118.550491269785,34.4284478796448],[-118.550003269678,34.4283958799676],[-118.549150269763,34.4283208792484]]]},"properties":{"FID":2,"EQUIZONE":"District 2","Shape_Leng":0.644306489247,"Shape__Area":1297702818.4980469,"Shape__Length":211888.96153830705,"BoardMember":"Bob Jensen"}},{"type":"Feature","id":3,"geometry":{"type":"Polygon","coordinates":[[[-118.467044255824,34.4275958846873],[-118.466254255232,34.4275718845232],[-118.466004255352,34.4275718845378],[-118.464288255072,34.4275718846376],[-118.463231254718,34.4276038843796],[-118.463106255227,34.4275908846853],[-118.463026255119,34.4275588841101],[-118.462996255524,34.4274928846584],[-118.462980254761,34.4272298841936],[-118.462981254796,34.4270928841562],[-118.462982254818,34.4268108846109],[-118.461843255163,34.4268188841476],[-118.461167254454,34.4268198842332],[-118.458782254688,34.426824884603],[-118.458649253921,34.4267388842328],[-118.458369254437,34.4265608850145],[-118.458117254448,34.4263618848238],[-118.457824254368,34.4262558844378],[-118.457666254224,34.4259498846916],[-118.457434254246,34.4255608847106],[-118.456970254312,34.4250628842012],[-118.456850254145,34.4249488843346],[-118.45675225408,34.4246488848624],[-118.456713254051,34.4243818842141],[-118.456846253885,34.4240738843586],[-118.456972253382,34.423608884441],[-118.457044254004,34.4234548845129],[-118.456991253345,34.4234018847642],[-118.457134253564,34.4221728846042],[-118.457120253777,34.4217268837743],[-118.457427253596,34.4217178842398],[-118.457455253987,34.4216488837467],[-118.45757725333,34.4215488845131],[-118.457707253933,34.4213418839305],[-118.457925254107,34.4210758842129],[-118.458089253592,34.4209398842121],[-118.458246253657,34.4208568839638],[-118.458282253515,34.4207488843654],[-118.458320253466,34.4206358836365],[-118.458355254178,34.420536883555],[-118.45842125362,34.4203508839468],[-118.458573253444,34.4201688836191],[-118.458887253573,34.4199928835594],[-118.458967253675,34.4199478841726],[-118.459443254106,34.4197708840573],[-118.459682253469,34.4196808834805],[-118.459806253808,34.419634884045],[-118.459932254239,34.4195838834789],[-118.460279254099,34.419443884182],[-118.460411253909,34.4193898834769],[-118.460428253795,34.4193778838205],[-118.460626253954,34.4192328834018],[-118.460778253776,34.4190258837172],[-118.460778253772,34.4189768832509],[-118.460780253853,34.4188348838816],[-118.460752254337,34.4186138835603],[-118.460636254346,34.4184038837527],[-118.460529253882,34.4183028835869],[-118.460347253545,34.4182168832195],[-118.460206254211,34.4181818834085],[-118.459586253382,34.4180258834283],[-118.459220253514,34.417834883614],[-118.459160253432,34.4178038839832],[-118.458857253775,34.4175298839261],[-118.458691253268,34.4173098836591],[-118.458684253839,34.4172628832855],[-118.458624253753,34.417174883718],[-118.458568253844,34.416999883726],[-118.458587253815,34.4168868838975],[-118.458639253516,34.4167978833779],[-118.458676253398,34.4164298834525],[-118.458669253041,34.4160318839416],[-118.458460253261,34.4160448836554],[-118.458298252959,34.4160548832277],[-118.457956253323,34.416108883945],[-118.457628253437,34.4161818837412],[-118.457465253091,34.416217883616],[-118.457064253427,34.4163338836053],[-118.456783253019,34.4164068833987],[-118.456699252729,34.4164198840045],[-118.456465252694,34.4164578839759],[-118.45605425346,34.416492883819],[-118.455861252621,34.416482883368],[-118.455452252576,34.4164628833666],[-118.454878252989,34.4164598841606],[-118.454512253137,34.4164578840894],[-118.454281252338,34.4164578841028],[-118.454122253073,34.4164578841121],[-118.453908253061,34.4164578841245],[-118.453638252256,34.4164578841402],[-118.453359252833,34.4164578841564],[-118.453165252848,34.4164608843063],[-118.452401252563,34.4164738840524],[-118.452128252519,34.4164778842531],[-118.451915252554,34.4164818835511],[-118.451879252686,34.4164818835532],[-118.451767251999,34.4164828836059],[-118.450944252581,34.4164888839311],[-118.450804252396,34.4164898839854],[-118.450454252386,34.4164928841445],[-118.450384251844,34.4164938841948],[-118.450277252288,34.4164948842472],[-118.450103252328,34.4164908840724],[-118.449946252256,34.4164878839429],[-118.449868252243,34.4164868839012],[-118.449673252211,34.4164828837276],[-118.448955252254,34.4164688840215],[-118.448663252229,34.4164628837612],[-118.448109251769,34.4164568844153],[-118.44800325136,34.416454884329],[-118.447785252062,34.416451884203],[-118.447416251171,34.4164478840396],[-118.447283251311,34.4164458839549],[-118.447100251835,34.4164458839655],[-118.446668251626,34.4164488841293],[-118.446236251417,34.416451884293],[-118.446117251306,34.4164528843462],[-118.446051250949,34.4164538843962],[-118.445528251026,34.4164638839896],[-118.445452251107,34.4164708843175],[-118.445025251133,34.41651688467],[-118.444500251124,34.4166018841329],[-118.444176251421,34.4166538847567],[-118.443304250652,34.4168708840461],[-118.442722250708,34.4170288841887],[-118.442285251179,34.4171638841591],[-118.441812250886,34.4173438844129],[-118.441411250329,34.4175248847088],[-118.441099250291,34.4176728843735],[-118.440728250225,34.4178808850164],[-118.440664250863,34.4179208850704],[-118.440497250338,34.4180268845839],[-118.44032525048,34.4181368851819],[-118.440014250495,34.4183608847623],[-118.439246250077,34.4189918851958],[-118.438784250305,34.4193118847258],[-118.438544250002,34.4194608853319],[-118.438120250179,34.4196498850995],[-118.437879249825,34.4197398847771],[-118.437718250471,34.4197848850678],[-118.43767925046,34.419730885272],[-118.43720224991,34.4190488852514],[-118.437504250385,34.4189058849191],[-118.439694250033,34.4178808850765],[-118.440886250299,34.417368884723],[-118.441595250709,34.4170238849224],[-118.442291250509,34.4165968849295],[-118.443075250774,34.4160298847554],[-118.443749250442,34.4154458847012],[-118.443915250916,34.4152708846963],[-118.444030250832,34.4151478844],[-118.444373250488,34.4147858838349],[-118.444390251273,34.4147648837625],[-118.444458250816,34.4146768841875],[-118.444540251005,34.4145718838258],[-118.44456525126,34.4145398841439],[-118.444582251145,34.414516883979],[-118.444815251112,34.4142198837269],[-118.444959250561,34.4139728839925],[-118.445118250702,34.4136988839084],[-118.445179250819,34.4135938844473],[-118.445206251165,34.4135458840256],[-118.445252250589,34.4134668839686],[-118.445395250892,34.4132208842804],[-118.445484251397,34.413026884301],[-118.445695251231,34.4125688838027],[-118.446068251315,34.4114808838516],[-118.446567250908,34.4100668832134],[-118.446594251252,34.4099908832961],[-118.4468342506,34.4091748833351],[-118.447137251069,34.4084188834458],[-118.447572250455,34.4076728831119],[-118.448037251239,34.4070578834356],[-118.448074251149,34.4070088829671],[-118.448713250991,34.4063558833228],[-118.449395251035,34.4058368826754],[-118.450158251234,34.4053528827418],[-118.452010251426,34.4043258828266],[-118.454982251241,34.4026778820203],[-118.455037251985,34.4026458823366],[-118.455106251578,34.4026088824209],[-118.455016251905,34.4025578818674],[-118.454855251639,34.4024458820956],[-118.454812251445,34.40241588251],[-118.454574251209,34.402267881978],[-118.454476251164,34.402200882484],[-118.454315251797,34.4020888818129],[-118.45389425117,34.4017498823553],[-118.453542251039,34.4014328821119],[-118.453335251343,34.4013348820906],[-118.453147251619,34.4011368819425],[-118.453031251632,34.4009738825086],[-118.452812251363,34.4006668818205],[-118.45249625107,34.3999888819754],[-118.452381251116,34.3996618821553],[-118.452299250873,34.3991288818045],[-118.452282250944,34.3986388816389],[-118.452310250405,34.398212881731],[-118.452473250704,34.3976128818662],[-118.452490250586,34.3975568819747],[-118.452687250655,34.3968948819401],[-118.45281325106,34.39653488148],[-118.453041250776,34.396009881481],[-118.453113250499,34.3958588816916],[-118.452802250468,34.3955518819081],[-118.452688250585,34.395520881381],[-118.452627250458,34.3954948819814],[-118.452589250496,34.3954718818198],[-118.452558250857,34.3954378820486],[-118.452505250196,34.3953648813754],[-118.452490250397,34.3953118816243],[-118.452490250395,34.3952848812756],[-118.452505250182,34.3952008818885],[-118.452446251046,34.3951598817954],[-118.45238225078,34.3951428819127],[-118.452118250252,34.3951348815582],[-118.451982250251,34.3951158815871],[-118.451929250493,34.3950758815399],[-118.451873250595,34.3950228817913],[-118.451812250465,34.394971881236],[-118.451710250236,34.3949078818809],[-118.451641250638,34.3948928811915],[-118.45157025005,34.3948898819563],[-118.451481250428,34.394902881663],[-118.45145125084,34.3949168814127],[-118.451424250491,34.3949298820151],[-118.451397250141,34.3949438817645],[-118.451370250691,34.3949518812365],[-118.451328250545,34.3949408816298],[-118.451277249981,34.394917881469],[-118.451239250018,34.3948848817444],[-118.451224250222,34.3948638816739],[-118.451187250305,34.394824881672],[-118.451165250184,34.3948008814632],[-118.451091250351,34.3947448815769],[-118.451028250131,34.394707881669],[-118.450923250659,34.3946148818728],[-118.45081124996,34.3944718815646],[-118.450755250062,34.3944268812864],[-118.450577249912,34.3943548815659],[-118.450230250034,34.3942838819014],[-118.450022250295,34.3942278820229],[-118.449843250105,34.3942328813651],[-118.449685249988,34.3942478820676],[-118.449578250433,34.3942628818679],[-118.449510249986,34.3942948815524],[-118.449380250268,34.3943298813791],[-118.449278250043,34.3943248820532],[-118.44919124961,34.3942738814995],[-118.449054249553,34.3941438817936],[-118.448921249692,34.3941258818686],[-118.448804249674,34.3941468819468],[-118.448710249819,34.3941268819271],[-118.448610249683,34.3940848817901],[-118.448400249843,34.3939268816935],[-118.448334249486,34.3939138819958],[-118.448277249542,34.3938758820412],[-118.448238249534,34.3938578821108],[-118.448162249612,34.3938298817202],[-118.448103249576,34.3937968819969],[-118.448042249446,34.3937408821099],[-118.447989249686,34.3936798819913],[-118.447935249878,34.3935938816164],[-118.447902250142,34.3935038819548],[-118.44786924951,34.3934658819989],[-118.44782824941,34.3934428818375],[-118.447770249421,34.3934198816769],[-118.447701249824,34.3934078820256],[-118.447609250061,34.3933848818671],[-118.447495249278,34.3933538813402],[-118.447428249772,34.3933158813861],[-118.447360249319,34.3932698819617],[-118.447339249243,34.3932318820051],[-118.44735524998,34.3931948820926],[-118.44741124987,34.3931478817154],[-118.447477249325,34.3931198813166],[-118.447668250068,34.3930888816713],[-118.447770249392,34.3930688816402],[-118.447890249548,34.3930558819317],[-118.44802224936,34.3930278815291],[-118.448093249948,34.3930228812938],[-118.448139249381,34.3930478815474],[-118.448210249974,34.3931148819423],[-118.448292250178,34.3931858816222],[-118.448373249434,34.393226881714],[-118.44848024989,34.3932318819389],[-118.448582250112,34.3932058816305],[-118.448745249558,34.3931548819616],[-118.44879625012,34.3931598812905],[-118.448852250017,34.3932008813837],[-118.449148250243,34.3933898820089],[-118.449214249701,34.393394881337],[-118.449453249971,34.3933998815542],[-118.449591250063,34.3934098820084],[-118.449683249825,34.3934148813348],[-118.449734250386,34.393404881769],[-118.44975425041,34.3933798815116],[-118.449754250406,34.3933338811839],[-118.4497242499,34.3931348818796],[-118.449734250358,34.3930788810892],[-118.449759249714,34.3930428812223],[-118.449805250043,34.3930278814256],[-118.449876249732,34.3930278814215],[-118.449963250161,34.3930278814164],[-118.450039250083,34.3930478814372],[-118.450289249969,34.3931298816157],[-118.450386249963,34.3931398811731],[-118.450472250346,34.393139881168],[-118.450559249875,34.3931298816],[-118.450671250559,34.39309888106],[-118.450737250016,34.3930888814932],[-118.450814249983,34.3930988810517],[-118.450931250005,34.3931298815785],[-118.450987249898,34.3931248813441],[-118.451043249791,34.3931098815468],[-118.451089250118,34.3930738816788],[-118.45110424991,34.3930378818125],[-118.451104249905,34.3929868812537],[-118.451084249877,34.3929668812297],[-118.451033250213,34.3929408818295],[-118.450895250117,34.3928898812787],[-118.450600249946,34.3927988815861],[-118.450136250048,34.3927268818822],[-118.450075249921,34.3927018816295],[-118.449912249565,34.3926258817232],[-118.449795249542,34.3925748811712],[-118.449729250083,34.3925588813347],[-118.449596250222,34.3925488817796],[-118.449489249765,34.3925288817606],[-118.449443250331,34.3924978812296],[-118.449418250068,34.3924318817777],[-118.449362250168,34.392360881197],[-118.449290249529,34.3923098815417],[-118.449127250073,34.3922428811521],[-118.448995249357,34.3922078813405],[-118.448837250139,34.3922078813497],[-118.448679250022,34.3922228811529],[-118.448562250001,34.3922028811346],[-118.448486250078,34.3921718815047],[-118.448409250106,34.3921008818245],[-118.448220249441,34.3919688811299],[-118.447990249576,34.3918248816816],[-118.447819249748,34.3917358811749],[-118.447532249942,34.3915828813139],[-118.447411249731,34.3915068814052],[-118.447373249766,34.391442881147],[-118.44736724948,34.3913478812527],[-118.44733524979,34.3912518813137],[-118.447233249555,34.3911248817445],[-118.447131249324,34.3910418815111],[-118.447004249735,34.3909658816027],[-118.446839249287,34.3909018813519],[-118.44675024966,34.3908448814203],[-118.44661624884,34.3906798809957],[-118.446533249486,34.3905648810807],[-118.446419249597,34.3904628817684],[-118.446349249048,34.3903738812558],[-118.446260249415,34.3902528810638],[-118.446177249164,34.3901698817287],[-118.446018248995,34.3901128818012],[-118.445859248829,34.3900998812095],[-118.445630249024,34.3901198812479],[-118.445483249419,34.3901698817689],[-118.445343249243,34.3902598814406],[-118.445222249048,34.3903738813212],[-118.445140248856,34.3904378815864],[-118.44510124885,34.3904498812439],[-118.445057248612,34.3904378815912],[-118.4449232487,34.3903738813386],[-118.444751248826,34.3902978814328],[-118.44461824896,34.3902208814786],[-118.444548249314,34.3901768812474],[-118.444516248725,34.3900998812874],[-118.444510248439,34.3899918816915],[-118.444452248443,34.3898838811993],[-118.444210248898,34.3894578813071],[-118.444115248989,34.3893558810943],[-118.443867248289,34.3891898815295],[-118.44364424875,34.3890698813914],[-118.44339024867,34.388884881848],[-118.443090248263,34.3887448816893],[-118.442791248797,34.3885408812702],[-118.442639248051,34.3884708816407],[-118.44244124877,34.3883568817785],[-118.442320248555,34.3882228809875],[-118.442225248643,34.3880828817162],[-118.442110248706,34.3879618815257],[-118.44194524825,34.3878028813802],[-118.441869248323,34.3877138817674],[-118.44181824865,34.3875928815731],[-118.441754248371,34.3874148814429],[-118.441684247823,34.3873388815312],[-118.441379248068,34.3870138809154],[-118.441220247889,34.3868358816899],[-118.441200247856,34.3867598817754],[-118.441181247861,34.3865748813189],[-118.441118247633,34.3864598814028],[-118.441010248022,34.386358881237],[-118.440819248167,34.3862628813073],[-118.440583248028,34.3861548817247],[-118.440443247835,34.3860528815146],[-118.440329247942,34.3859068810678],[-118.440252247964,34.3857668808962],[-118.440246247677,34.3856588813002],[-118.440271247925,34.3855378811017],[-118.440297247318,34.3854038812014],[-118.440316248182,34.3852258810663],[-118.440316248168,34.3850538812097],[-118.440666248148,34.3846908814973],[-118.440787247445,34.3845958806963],[-118.441041247499,34.3844748813837],[-118.44130224788,34.3843798814739],[-118.44128024775,34.3842558811394],[-118.441287248063,34.3841158809629],[-118.441312247409,34.3839698814074],[-118.441376247665,34.3838798808408],[-118.441397247727,34.3837508811719],[-118.441242247694,34.3831168806533],[-118.441172248047,34.3830598807205],[-118.441064247538,34.3829768804875],[-118.440994247888,34.3828878808742],[-118.440975247898,34.3827728809555],[-118.440988247584,34.3825758808419],[-118.440969247587,34.3823788807301],[-118.440911247589,34.3822388805574],[-118.440771247384,34.3819838804696],[-118.440619247516,34.3816658810677],[-118.44049824729,34.3813988804241],[-118.440434247012,34.3812398811721],[-118.440389247621,34.381169880637],[-118.440339247102,34.3811188809805],[-118.440199247813,34.3810678804298],[-118.440065247002,34.3810108805008],[-118.439976247372,34.3809208808424],[-118.439823247467,34.3807108810368],[-118.439702247252,34.3805838805693],[-118.439432247333,34.3804168809595],[-118.439223247543,34.3803098805222],[-118.439143247438,34.3803108805731],[-118.43896424725,34.380336880886],[-118.438734247399,34.3803678805336],[-118.438439247229,34.3802848812107],[-118.438299247036,34.3801818809544],[-118.438192246565,34.380005880919],[-118.43814224693,34.3797728809437],[-118.438183247003,34.3794758807026],[-118.438153246508,34.3793998807886],[-118.438099246703,34.3793598807415],[-118.438035246438,34.3793438809049],[-118.437962246658,34.3793588807032],[-118.437808246734,34.3794658811615],[-118.437547247265,34.3797078806716],[-118.437479246818,34.3797328809318],[-118.43742124683,34.3797138809562],[-118.437397246614,34.3796568810208],[-118.437394246463,34.3795138807063],[-118.437407247044,34.3792648808869],[-118.43745324647,34.3792098810399],[-118.437469247209,34.3791898810138],[-118.437445246998,34.3791938803007],[-118.437436246579,34.379171881083],[-118.437429247152,34.3791458807809],[-118.437429247147,34.3790878807979],[-118.437452246411,34.379061880494],[-118.437474246527,34.379023880535],[-118.437536246694,34.3789698807332],[-118.437581246976,34.3789468805668],[-118.43761224661,34.3789198811155],[-118.43761924693,34.3788748808337],[-118.43758124696,34.378763881101],[-118.437535246627,34.3787218809609],[-118.437535246622,34.3786648810241],[-118.437528246296,34.3786378806758],[-118.437528246293,34.3786118803733],[-118.43752024682,34.3785848809243],[-118.437452246371,34.3785848809283],[-118.437421246735,34.3785888802157],[-118.437375246404,34.3785848809328],[-118.437337246444,34.3785768805652],[-118.436879246817,34.3784208805754],[-118.436658246474,34.3783328810171],[-118.436307246398,34.3781118807145],[-118.436231246475,34.378073880761],[-118.436132246386,34.3780358808089],[-118.436040246623,34.3780118806042],[-118.435918246371,34.3779938806785],[-118.43584224645,34.3779938806829],[-118.435765246483,34.377981881032],[-118.435651246601,34.3779558807361],[-118.435567246307,34.3779248811067],[-118.435476246588,34.3778748805994],[-118.435338246488,34.3777758805279],[-118.435231246025,34.377687880963],[-118.435109246667,34.3776048807308],[-118.434919245959,34.3775128809858],[-118.434697246473,34.377466880671],[-118.434598246386,34.3774438805129],[-118.4344992463,34.3774368810944],[-118.434407246538,34.377439880339],[-118.434316245925,34.377451880899],[-118.434216245796,34.3774858806778],[-118.434095246498,34.3775658807854],[-118.434010246168,34.3776428807523],[-118.433965245887,34.3776768805279],[-118.433934246252,34.3776878810381],[-118.433866245803,34.3776918803277],[-118.433797246208,34.3777038808863],[-118.433568246397,34.3776608807106],[-118.433377245647,34.3776078809698],[-118.43328624593,34.3775888809962],[-118.433187245843,34.3775738812079],[-118.432988245623,34.3775278808917],[-118.432897245905,34.3775008805482],[-118.432836245776,34.3774518809848],[-118.432797245765,34.3773978811889],[-118.432721245834,34.3772648804415],[-118.432660245703,34.3772078805082],[-118.432607245945,34.3771688805072],[-118.432477245319,34.377107880393],[-118.432408245723,34.3771048811577],[-118.432156245749,34.3770778808236],[-118.43190524582,34.3770398808802],[-118.431821245528,34.3770208809062],[-118.431615245884,34.3769938805694],[-118.431531245593,34.3769898803894],[-118.431371245385,34.3770128805625],[-118.431210245126,34.3769938805928],[-118.431111245938,34.3769748806196],[-118.431005245526,34.3769408808529],[-118.430874245756,34.3769098812261],[-118.43079124551,34.376890881252],[-118.430509245043,34.3768148804533],[-118.430425245649,34.3767808806852],[-118.430196244938,34.3767228807154],[-118.429967245124,34.3766358812038],[-118.429941245718,34.3766238806506],[-118.429860245563,34.3765858806975],[-118.429707245667,34.3764748809714],[-118.429631244842,34.3764108807154],[-118.429605245435,34.3763858804607],[-118.429696245151,34.3763908806865],[-118.429942244847,34.3764138808361],[-118.43015624576,34.3764338808488],[-118.430256244993,34.376443880406],[-118.430877245863,34.3765328808867],[-118.432097245685,34.3767078808112],[-118.433026245526,34.376849881026],[-118.433697246013,34.3769578805833],[-118.434328246445,34.3770308803239],[-118.434763245901,34.3771198808153],[-118.435125246477,34.3772318805754],[-118.435382246688,34.3773268804552],[-118.435693246705,34.3774688807057],[-118.43600824601,34.3776498809601],[-118.436657246404,34.3780488804801],[-118.437044246345,34.3782458805705],[-118.437391247127,34.3783728810249],[-118.437521246852,34.3784118810215],[-118.43759524668,34.3784238806726],[-118.437657246853,34.3784338802319],[-118.437995247212,34.3784898810022],[-118.438411246683,34.3785168804274],[-118.438753247224,34.3785248807775],[-118.439119247073,34.3784928801764],[-118.43963424662,34.3784148801384],[-118.440383247101,34.3782858804273],[-118.440652246958,34.3782578800168],[-118.441072247507,34.3782138806565],[-118.441596247471,34.3781478802734],[-118.441894247774,34.3781478802561],[-118.44193324778,34.3781478802538],[-118.442171247104,34.37814788024],[-118.442561247168,34.3781578806797],[-118.443030247292,34.3781708803541],[-118.444068247669,34.3781728803864],[-118.444094247973,34.3781728803849],[-118.44433124815,34.3781728803712],[-118.445572248039,34.3782808798954],[-118.446516248569,34.3783648801262],[-118.448406248819,34.378490880445],[-118.448447248794,34.3770298794594],[-118.448469247934,34.3760818797046],[-118.448486248684,34.3756428800958],[-118.448486248595,34.3745828796619],[-118.448616247858,34.3691508785777],[-118.448816247693,34.3640588788164],[-118.4487942472,34.3596198777758],[-118.448854247277,34.3595938783692],[-118.448932247155,34.3579978774364],[-118.448978246431,34.3561528775861],[-118.449045246607,34.3534538769303],[-118.449061246394,34.3528078767463],[-118.449123246475,34.3517328774141],[-118.451763247252,34.3517368765469],[-118.456030247784,34.3517148770817],[-118.459091248263,34.35175087677],[-118.463600249203,34.3517178758831],[-118.466577249387,34.3516958764926],[-118.475770251273,34.3516418752632],[-118.479361251095,34.3516218750303],[-118.482081251976,34.3516098752176],[-118.485067252576,34.3515978753894],[-118.486905253108,34.3516128750771],[-118.48865625321,34.3516268747236],[-118.489066253298,34.3516048745823],[-118.491019253754,34.3516048744693],[-118.49152825303,34.3516088746247],[-118.492347253163,34.3515928747371],[-118.496159254224,34.3516178747728],[-118.496432254278,34.351739874101],[-118.496560253917,34.3518578741521],[-118.496762254302,34.3522018747529],[-118.496823254438,34.3523378747405],[-118.496801254328,34.3524388740145],[-118.496674254749,34.3524788740721],[-118.496450254277,34.3525148748498],[-118.501460255025,34.3525308744001],[-118.504810255387,34.3525418738154],[-118.504531255897,34.3517368734936],[-118.50445225582,34.3515238735451],[-118.50311425505,34.3515428736015],[-118.502683254888,34.3515508739962],[-118.501570255536,34.351537874359],[-118.501704255341,34.3503328735103],[-118.502104254659,34.3466558734944],[-118.502354254352,34.3444398735708],[-118.50247725465,34.3444518732191],[-118.503882254931,34.3445308731921],[-118.50408925462,34.3445408727431],[-118.504510255221,34.3445648729288],[-118.504677254857,34.3445738733351],[-118.504854254953,34.3445498731148],[-118.505706254869,34.3451958732485],[-118.506228255662,34.3453868730538],[-118.506242255425,34.3455548727247],[-118.506285255618,34.3455798729784],[-118.509612255919,34.3468218726393],[-118.510914255964,34.3473118727306],[-118.512765256258,34.3480398729993],[-118.514881257133,34.3488728727105],[-118.515938257673,34.3510428731299],[-118.516949257867,34.3530458730272],[-118.516941257523,34.353360873199],[-118.516964257692,34.353400873248],[-118.517334257794,34.3541648734679],[-118.517659258517,34.3550118730303],[-118.517763257963,34.3553508734057],[-118.51792325822,34.355898873546],[-118.518187257891,34.3564138739534],[-118.518626258478,34.3570648734427],[-118.520370259311,34.3589298741133],[-118.52064625862,34.3592258733903],[-118.521573259335,34.3601748740354],[-118.522599259248,34.3612658740439],[-118.522911259329,34.3616258735792],[-118.523221259324,34.3620558736523],[-118.523424259753,34.3623798742279],[-118.523574259533,34.3627668741213],[-118.523682260079,34.3632898740083],[-118.5237122597,34.363654873791],[-118.523703260203,34.3638948740934],[-118.52368026006,34.3641658740308],[-118.523445260084,34.3654448738091],[-118.523387260122,34.3657318744881],[-118.523136260299,34.3669588745618],[-118.522376260551,34.3711428746511],[-118.522214260331,34.3721228749935],[-118.522166259955,34.3726838748473],[-118.522192260282,34.3729568748744],[-118.522250260288,34.3731868756099],[-118.522322260041,34.3733968754201],[-118.52245326073,34.3736578748864],[-118.522861260778,34.3742608748566],[-118.523440260658,34.3750078751778],[-118.52361626073,34.3752408751458],[-118.523695260797,34.3753428753595],[-118.523950260917,34.3754498748947],[-118.524119260651,34.3755198754226],[-118.524546260643,34.3756958754392],[-118.524720260608,34.37576787516],[-118.52519426098,34.3759838752242],[-118.52572926148,34.3762278756799],[-118.526000261446,34.3763968753821],[-118.52610126163,34.3764768754768],[-118.526307261274,34.3765018757211],[-118.526437260998,34.3765318753017],[-118.526672261091,34.3766308753675],[-118.526881261775,34.3766858751998],[-118.527559261702,34.376973874983],[-118.527782261239,34.3770678748185],[-118.52805626134,34.3771848748148],[-118.529023262062,34.3775938756778],[-118.529439261545,34.377770874842],[-118.529991261932,34.3780188754816],[-118.530428262389,34.3782148755229],[-118.530500262126,34.3782458751529],[-118.530978262683,34.3784498755616],[-118.531162262212,34.3785288756053],[-118.531287262606,34.3785838754424],[-118.531658262703,34.3787478749076],[-118.531947262599,34.3788728752729],[-118.53211626234,34.379031875418],[-118.532170262147,34.3790988749146],[-118.532369262387,34.3793728749778],[-118.532564262442,34.3796488751336],[-118.532780262572,34.3799548748764],[-118.532802262694,34.3799858754087],[-118.532961262876,34.3801908749828],[-118.533056262786,34.3803138752668],[-118.533297263174,34.3806238751929],[-118.533369262918,34.3807248753608],[-118.533702263081,34.3811938754366],[-118.534301262988,34.3819408757565],[-118.534522263349,34.3822408752216],[-118.534569262831,34.382303875433],[-118.534644263612,34.3823978752771],[-118.534854263461,34.382658875638],[-118.535153262941,34.3830298756825],[-118.535715263826,34.383687875488],[-118.535875263154,34.3838798753604],[-118.534930263528,34.3843948758379],[-118.534639263563,34.3845528759635],[-118.533971263253,34.3849078753245],[-118.533834263214,34.3849798759626],[-118.533085263655,34.3853628757233],[-118.533048262843,34.3853818757043],[-118.532885263401,34.3854708762304],[-118.532313263034,34.3857828762961],[-118.532175262949,34.385854876035],[-118.532403263634,34.3861528763065],[-118.532840263222,34.3867198764095],[-118.532917263197,34.3868208756777],[-118.533188263179,34.3871718756986],[-118.533342263128,34.3873718759412],[-118.533464263392,34.3875278759504],[-118.533714263298,34.3878498764307],[-118.53383126333,34.3879998761628],[-118.53404126408,34.388276876364],[-118.533764263861,34.3884098762326],[-118.534158264154,34.3889278758718],[-118.534576263759,34.389460876203],[-118.534872264003,34.3898598766425],[-118.535335263899,34.3904688759874],[-118.535742263893,34.3909848764328],[-118.536240264514,34.3916458763806],[-118.536293264275,34.3917148759697],[-118.536853264174,34.3924438763592],[-118.537750264416,34.3935818767488],[-118.53783026453,34.3936868762016],[-118.538109264883,34.394050876823],[-118.53831526455,34.394346876104],[-118.538486265293,34.3946258763999],[-118.538586264546,34.3948788763974],[-118.538637265122,34.3950408766881],[-118.538695265125,34.3952408769362],[-118.538703264603,34.3953218761832],[-118.538715265169,34.3954428763797],[-118.538725264758,34.3957558764578],[-118.538712265076,34.3959948767141],[-118.538698265334,34.3960748768156],[-118.538678265319,34.3961988762532],[-118.538627264773,34.3963878768985],[-118.538556265102,34.3965968766708],[-118.538383265224,34.397012877024],[-118.538208265255,34.397437876894],[-118.538108265148,34.3977348771384],[-118.538059264695,34.3979248769305],[-118.538016265417,34.3980938766508],[-118.538004264869,34.3981798770294],[-118.537977265435,34.3983848766142],[-118.537964264849,34.3985658768875],[-118.537969265106,34.3988698774494],[-118.538016265512,34.3992178773446],[-118.538163265186,34.3999908770939],[-118.538261265273,34.400559877309],[-118.538319265288,34.4008958775482],[-118.538561265796,34.402070876988],[-118.538654265647,34.4025858774054],[-118.538754265825,34.4031388777801],[-118.538797266031,34.4033008771719],[-118.538864265555,34.4035488778395],[-118.539005265855,34.4043668778706],[-118.539653266459,34.4078168781237],[-118.539803266275,34.4086158781753],[-118.539862266337,34.4089658781623],[-118.539881266326,34.4090758778498],[-118.540029266046,34.4098328777588],[-118.54011426643,34.410403878067],[-118.540148266227,34.4106568780684],[-118.540224266184,34.4110898782937],[-118.540269266495,34.4114118778864],[-118.54058726682,34.4113738779102],[-118.540678266576,34.411856878647],[-118.540855266748,34.4127298785202],[-118.540911266667,34.4130328781335],[-118.540997267089,34.4134938787531],[-118.541007266657,34.4135478785506],[-118.541030266834,34.4136818784479],[-118.541076267187,34.4139538784276],[-118.541229267147,34.4148178787855],[-118.541307267195,34.4152408785483],[-118.54137426673,34.41561087856],[-118.541466267432,34.4160928783513],[-118.541540267292,34.4164788791021],[-118.541682267632,34.4172228784105],[-118.541705267808,34.4173558791609],[-118.541743267786,34.4175678790655],[-118.541766267063,34.4176968787317],[-118.541920267066,34.4185278793628],[-118.542032267797,34.4190538793881],[-118.542066267595,34.4193218791835],[-118.542074267971,34.4193838793509],[-118.54208726769,34.4195808794629],[-118.542094268022,34.4196788785965],[-118.542081267443,34.4199498794326],[-118.542031267856,34.4202858787788],[-118.541923267391,34.4207278794307],[-118.541889267626,34.4208468795373],[-118.541829267565,34.4210528791702],[-118.541787267432,34.4212038789578],[-118.541756267804,34.4212928794762],[-118.54170126797,34.4214538788275],[-118.541617267696,34.4216538790838],[-118.54150026768,34.4216878788636],[-118.541404267751,34.4218918793055],[-118.541188267676,34.4222358790311],[-118.541003268129,34.4224898790914],[-118.540922267985,34.4225888791756],[-118.540866268097,34.4226568796241],[-118.540811267356,34.4227258792194],[-118.540913267582,34.4227438791462],[-118.54069426736,34.4229978792085],[-118.540336267914,34.42341187948],[-118.540285267357,34.4234718795585],[-118.540219267906,34.4235498795704],[-118.540128267301,34.4236558799788],[-118.540036267549,34.4237648796266],[-118.539953267313,34.4238628796646],[-118.539744267552,34.4240938795625],[-118.539421267922,34.4244518799415],[-118.539187267907,34.4247188797062],[-118.538982267431,34.4249468794652],[-118.538488267098,34.4254998798744],[-118.538079267099,34.4260248798838],[-118.537973267601,34.4261618799273],[-118.537623267627,34.4266008804546],[-118.537334267773,34.4269678803483],[-118.537136267623,34.4272108799009],[-118.537052267328,34.4271638804313],[-118.536623267238,34.4269278803394],[-118.536449267272,34.4268408799254],[-118.535926267326,34.426579880482],[-118.535306267383,34.4262678804855],[-118.535242267116,34.4262328797707],[-118.535233266699,34.4262268803933],[-118.535075266575,34.4261568798648],[-118.534486267174,34.4259108802193],[-118.533732266431,34.4256668797765],[-118.532896266394,34.4254828803132],[-118.53212326658,34.4253528806445],[-118.531080265962,34.4252268802769],[-118.529929265741,34.4251098803317],[-118.529177266005,34.4250348805059],[-118.527761266105,34.4248508801771],[-118.526813265389,34.4247598805225],[-118.526273265578,34.424759880554],[-118.525479265708,34.4248208807218],[-118.519394264719,34.4253908813428],[-118.517926264244,34.4255988811501],[-118.517541264417,34.4256578812017],[-118.517201263977,34.4257468808388],[-118.516608263526,34.4259098812131],[-118.515957263987,34.4260718815446],[-118.515365263583,34.4262498817129],[-118.514092263147,34.42654588108],[-118.512328263388,34.4270618816515],[-118.511681263137,34.4272488813397],[-118.511074262932,34.427364881341],[-118.511019263086,34.4273758818527],[-118.510548262872,34.4273888815816],[-118.509933263184,34.4273628813149],[-118.509326262968,34.4273378819933],[-118.508147262344,34.4271308814868],[-118.507277262527,34.4268798816266],[-118.506723262046,34.426633881979],[-118.506323262403,34.4264348817971],[-118.505774262146,34.4260948814014],[-118.505305261999,34.4258108817911],[-118.504889261601,34.4254438819384],[-118.504643261882,34.4251488818066],[-118.50370826182,34.4256758819391],[-118.503682261493,34.4254078821432],[-118.503522261226,34.4247358816673],[-118.503472261594,34.424545881881],[-118.503153261115,34.4233228820254],[-118.502542261413,34.4209318812578],[-118.502352260661,34.4203078812037],[-118.502313260643,34.4201778814922],[-118.501982260616,34.4202178815617],[-118.500493260965,34.4204058813451],[-118.499599260968,34.4205188812244],[-118.498456260241,34.4206708820216],[-118.496088260388,34.4209748818221],[-118.495090260075,34.4211038815477],[-118.494082260199,34.4212328821732],[-118.493578259361,34.4212978816097],[-118.492540259895,34.421426882237],[-118.491844259166,34.4215138818023],[-118.491261259169,34.4215748819579],[-118.491180259018,34.4215828823324],[-118.490457258834,34.4216188822398],[-118.490227258981,34.4216258825768],[-118.48989125872,34.421634882113],[-118.489356259139,34.4216198823501],[-118.488985259053,34.4215998823465],[-118.488821258657,34.42159088194],[-118.48857025873,34.4215698827826],[-118.488147258934,34.4215298827569],[-118.487594258515,34.4214578821589],[-118.487192258788,34.4213728827499],[-118.48661525815,34.4212138826284],[-118.48603025804,34.4210308822974],[-118.485420258569,34.4208308820814],[-118.484754258302,34.4205938828563],[-118.484371257651,34.4204498825176],[-118.483986257805,34.420285882154],[-118.483640257963,34.4201018826621],[-118.483334258174,34.4199138820838],[-118.482966258207,34.4196508825389],[-118.482690258006,34.4194328823707],[-118.482304257191,34.4190018822559],[-118.482223257929,34.4188868823408],[-118.482014257224,34.418587882022],[-118.481856257084,34.4183258825111],[-118.481718257873,34.4180978827719],[-118.481479257571,34.4177168822617],[-118.481439257514,34.4176688827433],[-118.481005257169,34.4171498821609],[-118.480885257002,34.4170398824791],[-118.480641257381,34.4168148819856],[-118.480569256742,34.4167658824228],[-118.480217256619,34.416523882049],[-118.479845257369,34.4163018826008],[-118.47946925704,34.416130881913],[-118.479108256506,34.4159728827245],[-118.47855525698,34.4158248822109],[-118.478340256918,34.4157798819419],[-118.478163256823,34.4158088823934],[-118.478072256207,34.4157938826046],[-118.477910256802,34.4157758826814],[-118.47787825622,34.4157698824059],[-118.477389256966,34.4157258821991],[-118.47736925694,34.4157258822003],[-118.476961256043,34.4157218820391],[-118.476406256437,34.41572488221],[-118.475669256502,34.4157278823915],[-118.475595255775,34.415728882442],[-118.475593256575,34.4156468822491],[-118.473635255886,34.4156448822704],[-118.473394255532,34.4157328827548],[-118.472784256078,34.4157328827903],[-118.472175255771,34.4157318827795],[-118.472172255637,34.4157918828551],[-118.472158255907,34.4160078829476],[-118.472159256034,34.4169618829782],[-118.472158256033,34.4174968825269],[-118.472158256049,34.4176858831692],[-118.472157256064,34.4184098833604],[-118.472160256331,34.4199278833806],[-118.472169255929,34.4208768831795],[-118.472175256261,34.4215228833619],[-118.472177256366,34.4216728831008],[-118.472181256588,34.4221018831455],[-118.472181256596,34.4221958829938],[-118.472182256654,34.4223338830774],[-118.472183255832,34.4227038830929],[-118.472169256101,34.4229128837613],[-118.47215925655,34.4230558831773],[-118.472156256415,34.42310588369],[-118.472111256159,34.4234328835193],[-118.472107255976,34.4234558836833],[-118.472026256746,34.4237178832081],[-118.472012256102,34.4237648835828],[-118.471846256547,34.424168883381],[-118.471682256177,34.4244788833308],[-118.471502255964,34.4247608837857],[-118.471303256667,34.4250038833385],[-118.471097256146,34.4252378833749],[-118.470856255804,34.4254748835521],[-118.470565255848,34.4257298836649],[-118.470218255995,34.4259598835246],[-118.469851256113,34.426157883705],[-118.469374255641,34.4263948838959],[-118.469069255929,34.4265698839088],[-118.468631256367,34.4268758836896],[-118.468417256373,34.427077884046],[-118.468319256341,34.4271678837152],[-118.468266255691,34.4272158841384],[-118.468138256078,34.4274018837502],[-118.467983256122,34.4276768838802],[-118.46794725626,34.4277458843738],[-118.467886256133,34.4277238842597],[-118.467808256118,34.4276958838693],[-118.467524255558,34.4276228841088],[-118.467426255518,34.4276128845516],[-118.467326256285,34.4276038841414],[-118.467044255824,34.4275958846873]]]},"properties":{"FID":3,"EQUIZONE":"District 3","Shape_Leng":0.436521752125,"Shape__Area":666709772.61328125,"Shape__Length":142701.44959672363,"BoardMember":"Cherise Moore"}},{"type":"Feature","id":4,"geometry":{"type":"Polygon","coordinates":[[[-118.422658257961,34.5399218992909],[-118.417268256709,34.5398948992581],[-118.414135256498,34.5399058999501],[-118.413826256585,34.5398948994598],[-118.410439256308,34.5398948996583],[-118.408616255572,34.5398938997189],[-118.398801253669,34.5398949003402],[-118.396980253925,34.5398949004469],[-118.39654725367,34.5398999007034],[-118.394692253249,34.5398769006482],[-118.390396252271,34.5398839012235],[-118.383683251843,34.539894901226],[-118.378176250564,34.5397779015364],[-118.378169250239,34.5397679019739],[-118.378162250814,34.5397609016507],[-118.378184250892,34.5392809019451],[-118.378500249651,34.5325219006663],[-118.378563249754,34.5311799006837],[-118.378598249478,34.5300489005633],[-118.378803249556,34.5251739000414],[-118.379441248214,34.511206898312],[-118.379501247839,34.5058798975896],[-118.379502247757,34.5043738981236],[-118.379502247737,34.5041418972922],[-118.379476247411,34.5038868971979],[-118.379490248005,34.5032518975226],[-118.379491247102,34.5026668974613],[-118.379541247592,34.5023718973122],[-118.379576247396,34.5021648976344],[-118.379711247344,34.5021118978746],[-118.379669247192,34.5020268975454],[-118.379599247543,34.5019528977262],[-118.379481247477,34.5019408971784],[-118.379391247808,34.5019458974147],[-118.379281247053,34.5000578973849],[-118.379042247415,34.4969258965176],[-118.378997247082,34.4963468967363],[-118.378977247043,34.4961968969985],[-118.379065245887,34.4875988961622],[-118.379166246064,34.4875918958327],[-118.379241245936,34.4875668955721],[-118.379380246064,34.4874458962661],[-118.379434245858,34.4873648961161],[-118.379329246377,34.487161895732],[-118.379095246283,34.4865038959073],[-118.37913924603,34.4807348954389],[-118.379108245357,34.4791278949034],[-118.37915324564,34.4791088949219],[-118.37925124568,34.4791268948488],[-118.379230245526,34.4781678945882],[-118.37940624505,34.4719638937896],[-118.3794762445,34.4696988943091],[-118.379549245006,34.467640893605],[-118.379073244559,34.4676378934941],[-118.37900224487,34.467636893452],[-118.378953244401,34.4676368934548],[-118.378954244446,34.4676248937994],[-118.378610244713,34.4676208936346],[-118.378597244112,34.46763289419],[-118.37424924342,34.4675868941158],[-118.371142243511,34.467577893881],[-118.370939243109,34.4675808940315],[-118.370775242712,34.4675698944319],[-118.367027242811,34.4675358939781],[-118.364318242437,34.4675248945268],[-118.361122241104,34.4674968943182],[-118.361115241654,34.4671908945633],[-118.361105241139,34.4665838943849],[-118.361171241198,34.4630748940591],[-118.361233240949,34.4581268937671],[-118.361288240475,34.4543358929973],[-118.361310240467,34.4528378930003],[-118.3611242398,34.4510468929616],[-118.360814239572,34.4478668925768],[-118.360643239655,34.4467258929052],[-118.360602239537,34.4465068926771],[-118.360466239464,34.4456358919941],[-118.360494239754,34.4443728920674],[-118.360510239532,34.4436328920349],[-118.360515239742,34.4433828921698],[-118.360532239571,34.4426868923725],[-118.360535239699,34.4425618919902],[-118.360556238792,34.441611892143],[-118.360554239304,34.4381328914091],[-118.35571923761,34.4375448914902],[-118.354634237743,34.4374058914234],[-118.353292237671,34.4372348916911],[-118.351601237633,34.4370568916555],[-118.351518237378,34.4369308921313],[-118.34192723588,34.4361338927207],[-118.340994235856,34.4360238921869],[-118.340148235366,34.4359608929213],[-118.339817235333,34.4359418929616],[-118.33924723503,34.4359088923687],[-118.338793234699,34.4358758926684],[-118.337039234448,34.4357498923421],[-118.33536023407,34.4356288931418],[-118.332738234162,34.4360628926712],[-118.329688233344,34.4366528931412],[-118.328760233576,34.4368318933754],[-118.325717233085,34.4374648931346],[-118.325655232315,34.4303978929258],[-118.325612231681,34.4251628919629],[-118.325572231229,34.4204448915152],[-118.325523231183,34.4148228906501],[-118.325495230515,34.4116038911433],[-118.325466230682,34.4081868905781],[-118.325442230242,34.4054818896492],[-118.325436229899,34.4047058897525],[-118.325399229629,34.4004868898872],[-118.325456229469,34.3992978897818],[-118.325564229496,34.3936728887686],[-118.325669228449,34.3876228878952],[-118.325709228298,34.3852008874535],[-118.325731228361,34.3845388874286],[-118.325725228046,34.3840988877747],[-118.325782228612,34.3808558871533],[-118.325803227688,34.3796948874449],[-118.325810227968,34.3791738876433],[-118.325812228049,34.37904388703],[-118.325822228348,34.3770928867778],[-118.325845227563,34.3764908868284],[-118.325837228086,34.3764178870518],[-118.325888227566,34.3742568869827],[-118.325975227821,34.3721858865752],[-118.325955227725,34.3713558859816],[-118.325979226924,34.3700148860465],[-118.325987227263,34.369639885799],[-118.326008227204,34.3680818857259],[-118.326036227435,34.3661138855863],[-118.326044226798,34.3648318856814],[-118.326065226612,34.361747885217],[-118.32605122685,34.3615908851552],[-118.326044226135,34.3569438843893],[-118.326022225618,34.352207884007],[-118.32603322607,34.3515338843273],[-118.332930226928,34.351603883567],[-118.344134229275,34.3516838830198],[-118.348316229474,34.3516708830764],[-118.348300229666,34.3520638832571],[-118.352761230179,34.3519578825959],[-118.357237231387,34.3518518828333],[-118.358704230934,34.3518428823325],[-118.358710231207,34.3517908826265],[-118.35870323088,34.3517518826227],[-118.358704230918,34.3516588819211],[-118.360820231723,34.3516308823031],[-118.360793230987,34.3470328820053],[-118.360787231388,34.3444078811759],[-118.360806231267,34.3432068814174],[-118.360811230501,34.342036881294],[-118.360841230886,34.3408008808162],[-118.36082023072,34.3396928808623],[-118.360811230089,34.3371378805708],[-118.361440230422,34.3371268809253],[-118.363701230745,34.3371208805173],[-118.364816231087,34.3371068807051],[-118.368327231708,34.3371108797878],[-118.37448823267,34.3371218799404],[-118.378213233302,34.3371288791494],[-118.380916233395,34.3370938791741],[-118.387887234975,34.3371288785905],[-118.393530236244,34.3371418788654],[-118.394234236451,34.337142878871],[-118.395023236096,34.3371448789178],[-118.395775235827,34.3371468789669],[-118.397147236382,34.337240878736],[-118.397169236546,34.3377788784224],[-118.397200236225,34.3382888786125],[-118.397465237161,34.342601879212],[-118.397797237691,34.3479958794138],[-118.397901237252,34.3496988798865],[-118.398006237758,34.3514008803129],[-118.397964237692,34.3523468799766],[-118.399724238207,34.3523118800556],[-118.403931238657,34.3522308796654],[-118.404589239432,34.3522178799258],[-118.407767239923,34.352155879574],[-118.409413239659,34.3521248798445],[-118.413428240215,34.352047878751],[-118.423185242147,34.3522328786442],[-118.425532242833,34.3520058788073],[-118.432354243828,34.3522418785298],[-118.43457524409,34.3521388781368],[-118.436270244296,34.3521218781523],[-118.437620244723,34.3521158777968],[-118.438718244274,34.3520488773343],[-118.443670245924,34.3519178772877],[-118.447579246066,34.3517788769317],[-118.449123246475,34.3517328774141],[-118.449061246394,34.3528078767463],[-118.449045246607,34.3534538769303],[-118.448978246431,34.3561528775861],[-118.448932247155,34.3579978774364],[-118.448854247277,34.3595938783692],[-118.4487942472,34.3596198777758],[-118.448816247693,34.3640588788164],[-118.448616247858,34.3691508785777],[-118.448486248595,34.3745828796619],[-118.448486248684,34.3756428800958],[-118.448469247934,34.3760818797046],[-118.448447248794,34.3770298794594],[-118.448406248819,34.378490880445],[-118.446516248569,34.3783648801262],[-118.445572248039,34.3782808798954],[-118.44433124815,34.3781728803712],[-118.444094247973,34.3781728803849],[-118.444068247669,34.3781728803864],[-118.443030247292,34.3781708803541],[-118.442561247168,34.3781578806797],[-118.442171247104,34.37814788024],[-118.44193324778,34.3781478802538],[-118.441894247774,34.3781478802561],[-118.441596247471,34.3781478802734],[-118.441072247507,34.3782138806565],[-118.440652246958,34.3782578800168],[-118.440383247101,34.3782858804273],[-118.43963424662,34.3784148801384],[-118.439119247073,34.3784928801764],[-118.438753247224,34.3785248807775],[-118.438411246683,34.3785168804274],[-118.437995247212,34.3784898810022],[-118.437657246853,34.3784338802319],[-118.43759524668,34.3784238806726],[-118.437521246852,34.3784118810215],[-118.437391247127,34.3783728810249],[-118.437044246345,34.3782458805705],[-118.436657246404,34.3780488804801],[-118.43600824601,34.3776498809601],[-118.435693246705,34.3774688807057],[-118.435382246688,34.3773268804552],[-118.435125246477,34.3772318805754],[-118.434763245901,34.3771198808153],[-118.434328246445,34.3770308803239],[-118.433697246013,34.3769578805833],[-118.433026245526,34.376849881026],[-118.432097245685,34.3767078808112],[-118.430877245863,34.3765328808867],[-118.430256244993,34.376443880406],[-118.43015624576,34.3764338808488],[-118.429942244847,34.3764138808361],[-118.429696245151,34.3763908806865],[-118.429605245435,34.3763858804607],[-118.429631244842,34.3764108807154],[-118.429707245667,34.3764748809714],[-118.429860245563,34.3765858806975],[-118.429941245718,34.3766238806506],[-118.429967245124,34.3766358812038],[-118.430196244938,34.3767228807154],[-118.430425245649,34.3767808806852],[-118.430509245043,34.3768148804533],[-118.43079124551,34.376890881252],[-118.430874245756,34.3769098812261],[-118.431005245526,34.3769408808529],[-118.431111245938,34.3769748806196],[-118.431210245126,34.3769938805928],[-118.431371245385,34.3770128805625],[-118.431531245593,34.3769898803894],[-118.431615245884,34.3769938805694],[-118.431821245528,34.3770208809062],[-118.43190524582,34.3770398808802],[-118.432156245749,34.3770778808236],[-118.432408245723,34.3771048811577],[-118.432477245319,34.377107880393],[-118.432607245945,34.3771688805072],[-118.432660245703,34.3772078805082],[-118.432721245834,34.3772648804415],[-118.432797245765,34.3773978811889],[-118.432836245776,34.3774518809848],[-118.432897245905,34.3775008805482],[-118.432988245623,34.3775278808917],[-118.433187245843,34.3775738812079],[-118.43328624593,34.3775888809962],[-118.433377245647,34.3776078809698],[-118.433568246397,34.3776608807106],[-118.433797246208,34.3777038808863],[-118.433866245803,34.3776918803277],[-118.433934246252,34.3776878810381],[-118.433965245887,34.3776768805279],[-118.434010246168,34.3776428807523],[-118.434095246498,34.3775658807854],[-118.434216245796,34.3774858806778],[-118.434316245925,34.377451880899],[-118.434407246538,34.377439880339],[-118.4344992463,34.3774368810944],[-118.434598246386,34.3774438805129],[-118.434697246473,34.377466880671],[-118.434919245959,34.3775128809858],[-118.435109246667,34.3776048807308],[-118.435231246025,34.377687880963],[-118.435338246488,34.3777758805279],[-118.435476246588,34.3778748805994],[-118.435567246307,34.3779248811067],[-118.435651246601,34.3779558807361],[-118.435765246483,34.377981881032],[-118.43584224645,34.3779938806829],[-118.435918246371,34.3779938806785],[-118.436040246623,34.3780118806042],[-118.436132246386,34.3780358808089],[-118.436231246475,34.378073880761],[-118.436307246398,34.3781118807145],[-118.436658246474,34.3783328810171],[-118.436879246817,34.3784208805754],[-118.437337246444,34.3785768805652],[-118.437375246404,34.3785848809328],[-118.437421246735,34.3785888802157],[-118.437452246371,34.3785848809283],[-118.43752024682,34.3785848809243],[-118.437528246293,34.3786118803733],[-118.437528246296,34.3786378806758],[-118.437535246622,34.3786648810241],[-118.437535246627,34.3787218809609],[-118.43758124696,34.378763881101],[-118.43761924693,34.3788748808337],[-118.43761224661,34.3789198811155],[-118.437581246976,34.3789468805668],[-118.437536246694,34.3789698807332],[-118.437474246527,34.379023880535],[-118.437452246411,34.379061880494],[-118.437429247147,34.3790878807979],[-118.437429247152,34.3791458807809],[-118.437436246579,34.379171881083],[-118.437445246998,34.3791938803007],[-118.437469247209,34.3791898810138],[-118.43745324647,34.3792098810399],[-118.437407247044,34.3792648808869],[-118.437394246463,34.3795138807063],[-118.437397246614,34.3796568810208],[-118.43742124683,34.3797138809562],[-118.437479246818,34.3797328809318],[-118.437547247265,34.3797078806716],[-118.437808246734,34.3794658811615],[-118.437962246658,34.3793588807032],[-118.438035246438,34.3793438809049],[-118.438099246703,34.3793598807415],[-118.438153246508,34.3793998807886],[-118.438183247003,34.3794758807026],[-118.43814224693,34.3797728809437],[-118.438192246565,34.380005880919],[-118.438299247036,34.3801818809544],[-118.438439247229,34.3802848812107],[-118.438734247399,34.3803678805336],[-118.43896424725,34.380336880886],[-118.439143247438,34.3803108805731],[-118.439223247543,34.3803098805222],[-118.439432247333,34.3804168809595],[-118.439702247252,34.3805838805693],[-118.439823247467,34.3807108810368],[-118.439976247372,34.3809208808424],[-118.440065247002,34.3810108805008],[-118.440199247813,34.3810678804298],[-118.440339247102,34.3811188809805],[-118.440389247621,34.381169880637],[-118.440434247012,34.3812398811721],[-118.44049824729,34.3813988804241],[-118.440619247516,34.3816658810677],[-118.440771247384,34.3819838804696],[-118.440911247589,34.3822388805574],[-118.440969247587,34.3823788807301],[-118.440988247584,34.3825758808419],[-118.440975247898,34.3827728809555],[-118.440994247888,34.3828878808742],[-118.441064247538,34.3829768804875],[-118.441172248047,34.3830598807205],[-118.441242247694,34.3831168806533],[-118.441397247727,34.3837508811719],[-118.441376247665,34.3838798808408],[-118.441312247409,34.3839698814074],[-118.441287248063,34.3841158809629],[-118.44128024775,34.3842558811394],[-118.44130224788,34.3843798814739],[-118.441041247499,34.3844748813837],[-118.440787247445,34.3845958806963],[-118.440666248148,34.3846908814973],[-118.440316248168,34.3850538812097],[-118.440316248182,34.3852258810663],[-118.440297247318,34.3854038812014],[-118.440271247925,34.3855378811017],[-118.440246247677,34.3856588813002],[-118.440252247964,34.3857668808962],[-118.440329247942,34.3859068810678],[-118.440443247835,34.3860528815146],[-118.440583248028,34.3861548817247],[-118.440819248167,34.3862628813073],[-118.441010248022,34.386358881237],[-118.441118247633,34.3864598814028],[-118.441181247861,34.3865748813189],[-118.441200247856,34.3867598817754],[-118.441220247889,34.3868358816899],[-118.441379248068,34.3870138809154],[-118.441684247823,34.3873388815312],[-118.441754248371,34.3874148814429],[-118.44181824865,34.3875928815731],[-118.441869248323,34.3877138817674],[-118.44194524825,34.3878028813802],[-118.442110248706,34.3879618815257],[-118.442225248643,34.3880828817162],[-118.442320248555,34.3882228809875],[-118.44244124877,34.3883568817785],[-118.442639248051,34.3884708816407],[-118.442791248797,34.3885408812702],[-118.443090248263,34.3887448816893],[-118.44339024867,34.388884881848],[-118.44364424875,34.3890698813914],[-118.443867248289,34.3891898815295],[-118.444115248989,34.3893558810943],[-118.444210248898,34.3894578813071],[-118.444452248443,34.3898838811993],[-118.444510248439,34.3899918816915],[-118.444516248725,34.3900998812874],[-118.444548249314,34.3901768812474],[-118.44461824896,34.3902208814786],[-118.444751248826,34.3902978814328],[-118.4449232487,34.3903738813386],[-118.445057248612,34.3904378815912],[-118.44510124885,34.3904498812439],[-118.445140248856,34.3904378815864],[-118.445222249048,34.3903738813212],[-118.445343249243,34.3902598814406],[-118.445483249419,34.3901698817689],[-118.445630249024,34.3901198812479],[-118.445859248829,34.3900998812095],[-118.446018248995,34.3901128818012],[-118.446177249164,34.3901698817287],[-118.446260249415,34.3902528810638],[-118.446349249048,34.3903738812558],[-118.446419249597,34.3904628817684],[-118.446533249486,34.3905648810807],[-118.44661624884,34.3906798809957],[-118.44675024966,34.3908448814203],[-118.446839249287,34.3909018813519],[-118.447004249735,34.3909658816027],[-118.447131249324,34.3910418815111],[-118.447233249555,34.3911248817445],[-118.44733524979,34.3912518813137],[-118.44736724948,34.3913478812527],[-118.447373249766,34.391442881147],[-118.447411249731,34.3915068814052],[-118.447532249942,34.3915828813139],[-118.447819249748,34.3917358811749],[-118.447990249576,34.3918248816816],[-118.448220249441,34.3919688811299],[-118.448409250106,34.3921008818245],[-118.448486250078,34.3921718815047],[-118.448562250001,34.3922028811346],[-118.448679250022,34.3922228811529],[-118.448837250139,34.3922078813497],[-118.448995249357,34.3922078813405],[-118.449127250073,34.3922428811521],[-118.449290249529,34.3923098815417],[-118.449362250168,34.392360881197],[-118.449418250068,34.3924318817777],[-118.449443250331,34.3924978812296],[-118.449489249765,34.3925288817606],[-118.449596250222,34.3925488817796],[-118.449729250083,34.3925588813347],[-118.449795249542,34.3925748811712],[-118.449912249565,34.3926258817232],[-118.450075249921,34.3927018816295],[-118.450136250048,34.3927268818822],[-118.450600249946,34.3927988815861],[-118.450895250117,34.3928898812787],[-118.451033250213,34.3929408818295],[-118.451084249877,34.3929668812297],[-118.451104249905,34.3929868812537],[-118.45110424991,34.3930378818125],[-118.451089250118,34.3930738816788],[-118.451043249791,34.3931098815468],[-118.450987249898,34.3931248813441],[-118.450931250005,34.3931298815785],[-118.450814249983,34.3930988810517],[-118.450737250016,34.3930888814932],[-118.450671250559,34.39309888106],[-118.450559249875,34.3931298816],[-118.450472250346,34.393139881168],[-118.450386249963,34.3931398811731],[-118.450289249969,34.3931298816157],[-118.450039250083,34.3930478814372],[-118.449963250161,34.3930278814164],[-118.449876249732,34.3930278814215],[-118.449805250043,34.3930278814256],[-118.449759249714,34.3930428812223],[-118.449734250358,34.3930788810892],[-118.4497242499,34.3931348818796],[-118.449754250406,34.3933338811839],[-118.44975425041,34.3933798815116],[-118.449734250386,34.393404881769],[-118.449683249825,34.3934148813348],[-118.449591250063,34.3934098820084],[-118.449453249971,34.3933998815542],[-118.449214249701,34.393394881337],[-118.449148250243,34.3933898820089],[-118.448852250017,34.3932008813837],[-118.44879625012,34.3931598812905],[-118.448745249558,34.3931548819616],[-118.448582250112,34.3932058816305],[-118.44848024989,34.3932318819389],[-118.448373249434,34.393226881714],[-118.448292250178,34.3931858816222],[-118.448210249974,34.3931148819423],[-118.448139249381,34.3930478815474],[-118.448093249948,34.3930228812938],[-118.44802224936,34.3930278815291],[-118.447890249548,34.3930558819317],[-118.447770249392,34.3930688816402],[-118.447668250068,34.3930888816713],[-118.447477249325,34.3931198813166],[-118.44741124987,34.3931478817154],[-118.44735524998,34.3931948820926],[-118.447339249243,34.3932318820051],[-118.447360249319,34.3932698819617],[-118.447428249772,34.3933158813861],[-118.447495249278,34.3933538813402],[-118.447609250061,34.3933848818671],[-118.447701249824,34.3934078820256],[-118.447770249421,34.3934198816769],[-118.44782824941,34.3934428818375],[-118.44786924951,34.3934658819989],[-118.447902250142,34.3935038819548],[-118.447935249878,34.3935938816164],[-118.447989249686,34.3936798819913],[-118.448042249446,34.3937408821099],[-118.448103249576,34.3937968819969],[-118.448162249612,34.3938298817202],[-118.448238249534,34.3938578821108],[-118.448277249542,34.3938758820412],[-118.448334249486,34.3939138819958],[-118.448400249843,34.3939268816935],[-118.448610249683,34.3940848817901],[-118.448710249819,34.3941268819271],[-118.448804249674,34.3941468819468],[-118.448921249692,34.3941258818686],[-118.449054249553,34.3941438817936],[-118.44919124961,34.3942738814995],[-118.449278250043,34.3943248820532],[-118.449380250268,34.3943298813791],[-118.449510249986,34.3942948815524],[-118.449578250433,34.3942628818679],[-118.449685249988,34.3942478820676],[-118.449843250105,34.3942328813651],[-118.450022250295,34.3942278820229],[-118.450230250034,34.3942838819014],[-118.450577249912,34.3943548815659],[-118.450755250062,34.3944268812864],[-118.45081124996,34.3944718815646],[-118.450923250659,34.3946148818728],[-118.451028250131,34.394707881669],[-118.451091250351,34.3947448815769],[-118.451165250184,34.3948008814632],[-118.451187250305,34.394824881672],[-118.451224250222,34.3948638816739],[-118.451239250018,34.3948848817444],[-118.451277249981,34.394917881469],[-118.451328250545,34.3949408816298],[-118.451370250691,34.3949518812365],[-118.451397250141,34.3949438817645],[-118.451424250491,34.3949298820151],[-118.45145125084,34.3949168814127],[-118.451481250428,34.394902881663],[-118.45157025005,34.3948898819563],[-118.451641250638,34.3948928811915],[-118.451710250236,34.3949078818809],[-118.451812250465,34.394971881236],[-118.451873250595,34.3950228817913],[-118.451929250493,34.3950758815399],[-118.451982250251,34.3951158815871],[-118.452118250252,34.3951348815582],[-118.45238225078,34.3951428819127],[-118.452446251046,34.3951598817954],[-118.452505250182,34.3952008818885],[-118.452490250395,34.3952848812756],[-118.452490250397,34.3953118816243],[-118.452505250196,34.3953648813754],[-118.452558250857,34.3954378820486],[-118.452589250496,34.3954718818198],[-118.452627250458,34.3954948819814],[-118.452688250585,34.395520881381],[-118.452802250468,34.3955518819081],[-118.453113250499,34.3958588816916],[-118.453041250776,34.396009881481],[-118.45281325106,34.39653488148],[-118.452687250655,34.3968948819401],[-118.452490250586,34.3975568819747],[-118.452473250704,34.3976128818662],[-118.452310250405,34.398212881731],[-118.452282250944,34.3986388816389],[-118.452299250873,34.3991288818045],[-118.452381251116,34.3996618821553],[-118.45249625107,34.3999888819754],[-118.452812251363,34.4006668818205],[-118.453031251632,34.4009738825086],[-118.453147251619,34.4011368819425],[-118.453335251343,34.4013348820906],[-118.453542251039,34.4014328821119],[-118.45389425117,34.4017498823553],[-118.454315251797,34.4020888818129],[-118.454476251164,34.402200882484],[-118.454574251209,34.402267881978],[-118.454812251445,34.40241588251],[-118.454855251639,34.4024458820956],[-118.455016251905,34.4025578818674],[-118.455106251578,34.4026088824209],[-118.455037251985,34.4026458823366],[-118.454982251241,34.4026778820203],[-118.452010251426,34.4043258828266],[-118.450158251234,34.4053528827418],[-118.449395251035,34.4058368826754],[-118.448713250991,34.4063558833228],[-118.448074251149,34.4070088829671],[-118.448037251239,34.4070578834356],[-118.447572250455,34.4076728831119],[-118.447137251069,34.4084188834458],[-118.4468342506,34.4091748833351],[-118.446594251252,34.4099908832961],[-118.446567250908,34.4100668832134],[-118.446068251315,34.4114808838516],[-118.445695251231,34.4125688838027],[-118.445484251397,34.413026884301],[-118.445395250892,34.4132208842804],[-118.445252250589,34.4134668839686],[-118.445206251165,34.4135458840256],[-118.445179250819,34.4135938844473],[-118.445118250702,34.4136988839084],[-118.444959250561,34.4139728839925],[-118.444815251112,34.4142198837269],[-118.444582251145,34.414516883979],[-118.44456525126,34.4145398841439],[-118.444540251005,34.4145718838258],[-118.444458250816,34.4146768841875],[-118.444390251273,34.4147648837625],[-118.444373250488,34.4147858838349],[-118.444030250832,34.4151478844],[-118.443915250916,34.4152708846963],[-118.443749250442,34.4154458847012],[-118.443075250774,34.4160298847554],[-118.442291250509,34.4165968849295],[-118.441595250709,34.4170238849224],[-118.440886250299,34.417368884723],[-118.439694250033,34.4178808850765],[-118.437504250385,34.4189058849191],[-118.43720224991,34.4190488852514],[-118.43767925046,34.419730885272],[-118.437718250471,34.4197848850678],[-118.437879249825,34.4197398847771],[-118.438120250179,34.4196498850995],[-118.438544250002,34.4194608853319],[-118.438784250305,34.4193118847258],[-118.439246250077,34.4189918851958],[-118.440014250495,34.4183608847623],[-118.44032525048,34.4181368851819],[-118.440497250338,34.4180268845839],[-118.440664250863,34.4179208850704],[-118.440728250225,34.4178808850164],[-118.441099250291,34.4176728843735],[-118.441411250329,34.4175248847088],[-118.441812250886,34.4173438844129],[-118.442285251179,34.4171638841591],[-118.442722250708,34.4170288841887],[-118.443304250652,34.4168708840461],[-118.444176251421,34.4166538847567],[-118.444500251124,34.4166018841329],[-118.445025251133,34.41651688467],[-118.445452251107,34.4164708843175],[-118.445528251026,34.4164638839896],[-118.446051250949,34.4164538843962],[-118.446117251306,34.4164528843462],[-118.446236251417,34.416451884293],[-118.446668251626,34.4164488841293],[-118.447100251835,34.4164458839655],[-118.447283251311,34.4164458839549],[-118.447416251171,34.4164478840396],[-118.447785252062,34.416451884203],[-118.44800325136,34.416454884329],[-118.448109251769,34.4164568844153],[-118.448663252229,34.4164628837612],[-118.448955252254,34.4164688840215],[-118.449673252211,34.4164828837276],[-118.449868252243,34.4164868839012],[-118.449946252256,34.4164878839429],[-118.450103252328,34.4164908840724],[-118.450277252288,34.4164948842472],[-118.450384251844,34.4164938841948],[-118.450454252386,34.4164928841445],[-118.450804252396,34.4164898839854],[-118.450944252581,34.4164888839311],[-118.451767251999,34.4164828836059],[-118.451879252686,34.4164818835532],[-118.451915252554,34.4164818835511],[-118.452128252519,34.4164778842531],[-118.452401252563,34.4164738840524],[-118.453165252848,34.4164608843063],[-118.453359252833,34.4164578841564],[-118.453638252256,34.4164578841402],[-118.453908253061,34.4164578841245],[-118.454122253073,34.4164578841121],[-118.454281252338,34.4164578841028],[-118.454512253137,34.4164578840894],[-118.454878252989,34.4164598841606],[-118.455452252576,34.4164628833666],[-118.455861252621,34.416482883368],[-118.45605425346,34.416492883819],[-118.456465252694,34.4164578839759],[-118.456699252729,34.4164198840045],[-118.456783253019,34.4164068833987],[-118.457064253427,34.4163338836053],[-118.457465253091,34.416217883616],[-118.457628253437,34.4161818837412],[-118.457956253323,34.416108883945],[-118.458298252959,34.4160548832277],[-118.458460253261,34.4160448836554],[-118.458669253041,34.4160318839416],[-118.458676253398,34.4164298834525],[-118.458639253516,34.4167978833779],[-118.458587253815,34.4168868838975],[-118.458568253844,34.416999883726],[-118.458624253753,34.417174883718],[-118.458684253839,34.4172628832855],[-118.458691253268,34.4173098836591],[-118.458857253775,34.4175298839261],[-118.459160253432,34.4178038839832],[-118.459220253514,34.417834883614],[-118.459586253382,34.4180258834283],[-118.460206254211,34.4181818834085],[-118.460347253545,34.4182168832195],[-118.460529253882,34.4183028835869],[-118.460636254346,34.4184038837527],[-118.460752254337,34.4186138835603],[-118.460780253853,34.4188348838816],[-118.460778253772,34.4189768832509],[-118.460778253776,34.4190258837172],[-118.460626253954,34.4192328834018],[-118.460428253795,34.4193778838205],[-118.460411253909,34.4193898834769],[-118.460279254099,34.419443884182],[-118.459932254239,34.4195838834789],[-118.459806253808,34.419634884045],[-118.459682253469,34.4196808834805],[-118.459443254106,34.4197708840573],[-118.458967253675,34.4199478841726],[-118.458887253573,34.4199928835594],[-118.458573253444,34.4201688836191],[-118.45842125362,34.4203508839468],[-118.458355254178,34.420536883555],[-118.458320253466,34.4206358836365],[-118.458282253515,34.4207488843654],[-118.458246253657,34.4208568839638],[-118.458089253592,34.4209398842121],[-118.457925254107,34.4210758842129],[-118.457707253933,34.4213418839305],[-118.45757725333,34.4215488845131],[-118.457455253987,34.4216488837467],[-118.457427253596,34.4217178842398],[-118.457120253777,34.4217268837743],[-118.457134253564,34.4221728846042],[-118.456991253345,34.4234018847642],[-118.457044254004,34.4234548845129],[-118.456972253382,34.423608884441],[-118.456846253885,34.4240738843586],[-118.456713254051,34.4243818842141],[-118.45675225408,34.4246488848624],[-118.456850254145,34.4249488843346],[-118.456970254312,34.4250628842012],[-118.457434254246,34.4255608847106],[-118.457666254224,34.4259498846916],[-118.457824254368,34.4262558844378],[-118.458117254448,34.4263618848238],[-118.458369254437,34.4265608850145],[-118.458649253921,34.4267388842328],[-118.458782254688,34.426824884603],[-118.461167254454,34.4268198842332],[-118.461843255163,34.4268188841476],[-118.462982254818,34.4268108846109],[-118.462981254796,34.4270928841562],[-118.462980254761,34.4272298841936],[-118.462996255524,34.4274928846584],[-118.463026255119,34.4275588841101],[-118.463106255227,34.4275908846853],[-118.463231254718,34.4276038843796],[-118.464288255072,34.4275718846376],[-118.466004255352,34.4275718845378],[-118.466254255232,34.4275718845232],[-118.467044255824,34.4275958846873],[-118.467326256285,34.4276038841414],[-118.467426255518,34.4276128845516],[-118.467524255558,34.4276228841088],[-118.467808256118,34.4276958838693],[-118.467886256133,34.4277238842597],[-118.46794725626,34.4277458843738],[-118.467983256122,34.4276768838802],[-118.468138256078,34.4274018837502],[-118.468266255691,34.4272158841384],[-118.468319256341,34.4271678837152],[-118.468417256373,34.427077884046],[-118.468631256367,34.4268758836896],[-118.469069255929,34.4265698839088],[-118.469374255641,34.4263948838959],[-118.469851256113,34.426157883705],[-118.470218255995,34.4259598835246],[-118.470565255848,34.4257298836649],[-118.470856255804,34.4254748835521],[-118.471097256146,34.4252378833749],[-118.471303256667,34.4250038833385],[-118.471502255964,34.4247608837857],[-118.471682256177,34.4244788833308],[-118.471846256547,34.424168883381],[-118.472012256102,34.4237648835828],[-118.472026256746,34.4237178832081],[-118.472107255976,34.4234558836833],[-118.472111256159,34.4234328835193],[-118.472156256415,34.42310588369],[-118.47215925655,34.4230558831773],[-118.472169256101,34.4229128837613],[-118.472183255832,34.4227038830929],[-118.472182256654,34.4223338830774],[-118.472181256596,34.4221958829938],[-118.472181256588,34.4221018831455],[-118.472177256366,34.4216728831008],[-118.472175256261,34.4215228833619],[-118.472169255929,34.4208768831795],[-118.472160256331,34.4199278833806],[-118.472157256064,34.4184098833604],[-118.472158256049,34.4176858831692],[-118.472158256033,34.4174968825269],[-118.472159256034,34.4169618829782],[-118.472158255907,34.4160078829476],[-118.472172255637,34.4157918828551],[-118.472175255771,34.4157318827795],[-118.472784256078,34.4157328827903],[-118.473394255532,34.4157328827548],[-118.473635255886,34.4156448822704],[-118.475593256575,34.4156468822491],[-118.475595255775,34.415728882442],[-118.475669256502,34.4157278823915],[-118.476406256437,34.41572488221],[-118.476961256043,34.4157218820391],[-118.47736925694,34.4157258822003],[-118.477389256966,34.4157258821991],[-118.47787825622,34.4157698824059],[-118.477910256802,34.4157758826814],[-118.478072256207,34.4157938826046],[-118.478163256823,34.4158088823934],[-118.478340256918,34.4157798819419],[-118.47855525698,34.4158248822109],[-118.479108256506,34.4159728827245],[-118.47946925704,34.416130881913],[-118.479845257369,34.4163018826008],[-118.480217256619,34.416523882049],[-118.480569256742,34.4167658824228],[-118.480641257381,34.4168148819856],[-118.480885257002,34.4170398824791],[-118.481005257169,34.4171498821609],[-118.481439257514,34.4176688827433],[-118.481479257571,34.4177168822617],[-118.481718257873,34.4180978827719],[-118.481856257084,34.4183258825111],[-118.482014257224,34.418587882022],[-118.482223257929,34.4188868823408],[-118.482304257191,34.4190018822559],[-118.482690258006,34.4194328823707],[-118.482966258207,34.4196508825389],[-118.483334258174,34.4199138820838],[-118.483640257963,34.4201018826621],[-118.483986257805,34.420285882154],[-118.484371257651,34.4204498825176],[-118.484754258302,34.4205938828563],[-118.485420258569,34.4208308820814],[-118.48603025804,34.4210308822974],[-118.48661525815,34.4212138826284],[-118.487192258788,34.4213728827499],[-118.487594258515,34.4214578821589],[-118.488147258934,34.4215298827569],[-118.48857025873,34.4215698827826],[-118.488821258657,34.42159088194],[-118.488985259053,34.4215998823465],[-118.489356259139,34.4216198823501],[-118.48989125872,34.421634882113],[-118.490227258981,34.4216258825768],[-118.490457258834,34.4216188822398],[-118.491180259018,34.4215828823324],[-118.491261259169,34.4215748819579],[-118.491844259166,34.4215138818023],[-118.492540259895,34.421426882237],[-118.493578259361,34.4212978816097],[-118.494082260199,34.4212328821732],[-118.495090260075,34.4211038815477],[-118.496088260388,34.4209748818221],[-118.498456260241,34.4206708820216],[-118.499599260968,34.4205188812244],[-118.500493260965,34.4204058813451],[-118.501982260616,34.4202178815617],[-118.502313260643,34.4201778814922],[-118.502352260661,34.4203078812037],[-118.502542261413,34.4209318812578],[-118.503153261115,34.4233228820254],[-118.503472261594,34.424545881881],[-118.503522261226,34.4247358816673],[-118.503682261493,34.4254078821432],[-118.50370826182,34.4256758819391],[-118.503722261581,34.425824881631],[-118.503746261814,34.4260798817254],[-118.503198261817,34.4282548824686],[-118.50271226197,34.4301748822132],[-118.502687261721,34.4302778824789],[-118.502649261774,34.4304288822663],[-118.502394261749,34.4314408822946],[-118.502188262176,34.4322548830604],[-118.501474261573,34.4330408825613],[-118.501058262127,34.4333008829125],[-118.500652262282,34.4340038830556],[-118.500584261838,34.4340628830888],[-118.500423261583,34.4340888834006],[-118.500431261985,34.4344608835082],[-118.500567262,34.4346558835206],[-118.500609262156,34.4347748827235],[-118.500575262389,34.4348758828975],[-118.500347261752,34.4351388833763],[-118.500245261531,34.435180883525],[-118.500084262168,34.4351128830892],[-118.499923261909,34.4350878828422],[-118.499703261632,34.435231883216],[-118.499822261761,34.4354348835992],[-118.499982261998,34.4357488828156],[-118.499957261748,34.4358418835185],[-118.499855261532,34.4359428836964],[-118.499576262118,34.4360448830316],[-118.499305262176,34.4361628831058],[-118.498646261372,34.4363788832359],[-118.498231262004,34.4370128837874],[-118.497998262043,34.4373688831694],[-118.49773926178,34.437766883595],[-118.497632261339,34.4379308839873],[-118.497253261833,34.4385098837931],[-118.496120261713,34.4403478842816],[-118.494504261714,34.4421038846051],[-118.493810261134,34.4428608845631],[-118.493491261683,34.4431498844505],[-118.491434260977,34.4439328847903],[-118.489253260834,34.4448088849397],[-118.488788260963,34.4455958853718],[-118.488268261253,34.4464778848024],[-118.488204260998,34.4465848852554],[-118.488070261087,34.4465308854651],[-118.487766260499,34.4464398848737],[-118.487555260622,34.4463878851804],[-118.48732126058,34.446344885005],[-118.487062260282,34.4463138853859],[-118.486427260566,34.4462668850489],[-118.485962260626,34.4462398856267],[-118.48564326025,34.4462198856201],[-118.485219260409,34.4461948853885],[-118.484416260116,34.4461858850192],[-118.483827259837,34.4461968855621],[-118.483584260283,34.44621988574],[-118.483580260094,34.4461648849966],[-118.483360259806,34.4461818848959],[-118.483095260133,34.4462048850752],[-118.483021260306,34.446211885403],[-118.482732260424,34.4462528855164],[-118.482512260137,34.4462788858317],[-118.481274259519,34.4465358851927],[-118.480645260097,34.4466768854516],[-118.480440259606,34.4467228857912],[-118.480107259489,34.4467998857725],[-118.480033259663,34.4468168856633],[-118.479702259637,34.4468748856656],[-118.479028259026,34.4469438852969],[-118.478565259182,34.4469558858786],[-118.478256259269,34.4469438853419],[-118.477904259164,34.4469258854297],[-118.477606258858,34.4468848853506],[-118.477219258928,34.4468188859196],[-118.476878259327,34.4467398858851],[-118.476822259432,34.4467238860482],[-118.476362258815,34.4465898861762],[-118.475404258518,34.4462878857624],[-118.475073258476,34.4461608862065],[-118.474912259113,34.4460908856782],[-118.474766258645,34.4460268854263],[-118.47456425828,34.4459168857495],[-118.474263258722,34.4457288860702],[-118.474068258679,34.445590885998],[-118.473809258364,34.4453668855515],[-118.473620258594,34.4451738856346],[-118.47328525834,34.4447338860001],[-118.473193258565,34.4445688855732],[-118.473073258387,34.4443298853246],[-118.473026258,34.4442098860757],[-118.472368258137,34.4443758856933],[-118.471672258312,34.4445058854476],[-118.471189257546,34.4445608862194],[-118.471050258307,34.4445608862275],[-118.470781257548,34.4445608862431],[-118.470317257656,34.4445518858541],[-118.469948257662,34.444514885964],[-118.469657257682,34.444486885586],[-118.467855257003,34.4443018861328],[-118.467207257585,34.44424588628],[-118.466575257117,34.4443008861612],[-118.466077257456,34.4443608862656],[-118.466076257409,34.4443458864716],[-118.465986256843,34.4443728859263],[-118.465689256595,34.4444688858844],[-118.46558325709,34.4445308860585],[-118.465536256717,34.4445738862502],[-118.465501256906,34.4446848859871],[-118.465437256656,34.4448568858474],[-118.465394257369,34.4449188860178],[-118.465339256626,34.44496188621],[-118.46514225741,34.4450708858638],[-118.465066256596,34.4451298858975],[-118.465041257241,34.4451738861341],[-118.465057257091,34.445282886675],[-118.465066256615,34.4453538863591],[-118.465048256685,34.4453998866877],[-118.465008256634,34.445424886047],[-118.464979257092,34.4454368866034],[-118.464927257383,34.445434886514],[-118.464894256753,34.4454168865832],[-118.464830256488,34.4453958865155],[-118.464779256825,34.4453968865647],[-118.464386256632,34.4455058862301],[-118.463937256542,34.4455808861257],[-118.463724256581,34.4456298866044],[-118.463562257181,34.4456838864119],[-118.46348225708,34.4457238864669],[-118.463380256861,34.4457958862036],[-118.463253256394,34.4459618866896],[-118.463221256714,34.4459948864182],[-118.463032256977,34.4461938866345],[-118.462897257031,34.4462818862134],[-118.462794256763,34.4463068864757],[-118.462643256969,34.4463088865769],[-118.462277256217,34.4462948868504],[-118.462037256798,34.4462668864694],[-118.461841256717,34.4462358868466],[-118.461697256349,34.4462468864641],[-118.461550256744,34.4463008862708],[-118.461360256054,34.4464158862016],[-118.461070256143,34.4466608867514],[-118.460766256493,34.4470198871756],[-118.46051225645,34.4472728871938],[-118.460308256018,34.4474648870874],[-118.460097256156,34.4475988869984],[-118.459896256758,34.4477358870475],[-118.459747256166,34.4478478868373],[-118.459696256509,34.4479068868695],[-118.459653256324,34.4479838868339],[-118.459589256073,34.4481368867152],[-118.459478256345,34.4482948868305],[-118.459395256114,34.4484448865743],[-118.459261256234,34.4487678871231],[-118.459195255884,34.4488358866729],[-118.459002255954,34.4489518866501],[-118.45883425628,34.4490328868068],[-118.45867225598,34.449074886959],[-118.458506256393,34.4491008872711],[-118.458411256495,34.4491298868184],[-118.458376255777,34.4491488867994],[-118.458272256364,34.4492078868347],[-118.458090256046,34.4493448868827],[-118.457995256151,34.4494008867788],[-118.457928255749,34.4494138873836],[-118.457826256426,34.4494358875072],[-118.457667256263,34.4494508873105],[-118.457398256404,34.4494508873261],[-118.457154255904,34.4494628869957],[-118.456930256331,34.4494928874962],[-118.456455255935,34.4495508875068],[-118.456204256014,34.4495958869036],[-118.455998255474,34.4496138868482],[-118.455751255735,34.4496258874173],[-118.455555255656,34.4496158869665],[-118.455296255356,34.4495638872759],[-118.455167255678,34.4495328876491],[-118.455066255498,34.4495088874449],[-118.45498025601,34.4494608870299],[-118.454894255619,34.4493638870478],[-118.45480925527,34.4492168874525],[-118.454761255739,34.4491368873546],[-118.454731255248,34.4491088869615],[-118.454693255287,34.4490948872158],[-118.454638255439,34.4490918870804],[-118.454564255611,34.4490958872696],[-118.454462255391,34.4491368873721],[-118.454344255326,34.4491478869881],[-118.454100255725,34.449150887141],[-118.45372425541,34.4491458869317],[-118.453609255481,34.4491168873966],[-118.453438255656,34.4490698870327],[-118.453224255642,34.4490448876882],[-118.453080255274,34.4490558873058],[-118.452874255635,34.4490918871831],[-118.452690255217,34.4491338873366],[-118.452521255494,34.4491938874219],[-118.452313254869,34.4492968876985],[-118.452114255556,34.4493518875544],[-118.451883254761,34.4493938877106],[-118.451445255182,34.4494908877231],[-118.451213255241,34.4495358871188],[-118.451077255241,34.4495348879798],[-118.450969254738,34.4495118878223],[-118.450757254811,34.4494258874567],[-118.450501254646,34.4493338877156],[-118.450331254869,34.449292887629],[-118.450057254775,34.4492598879183],[-118.450101255033,34.4494938879402],[-118.450098254945,34.4500978879804],[-118.450132254784,34.4508508877112],[-118.450078255513,34.4570928884593],[-118.450071255395,34.4595188890822],[-118.450071255556,34.4614208888659],[-118.450053256028,34.4661898898728],[-118.450052256015,34.4665848892454],[-118.448415255795,34.4665898895719],[-118.448522256259,34.4666888896453],[-118.441498254937,34.4667888901806],[-118.4400962548,34.4667938904934],[-118.439132254322,34.4676248902906],[-118.438419254532,34.4668608900909],[-118.437369254501,34.4668758899462],[-118.43555925347,34.4669018903542],[-118.434999253637,34.4669578902774],[-118.434916253389,34.4669218904169],[-118.434616253846,34.4663608905832],[-118.43395825402,34.4669518900608],[-118.43258225329,34.4669828906746],[-118.432480253268,34.4693588907907],[-118.432520253344,34.4696288906783],[-118.432568253771,34.4696758910493],[-118.43260525369,34.469743890593],[-118.43261125397,34.4697648906641],[-118.432556253225,34.4697928910623],[-118.432457254039,34.4697918910218],[-118.432371253657,34.4697998904973],[-118.4322922536,34.4698208905733],[-118.432273253624,34.4698788905574],[-118.432286253335,34.4699788906824],[-118.432310253555,34.4700768907143],[-118.432298253908,34.4701818910719],[-118.432297253868,34.4702578909876],[-118.432356253909,34.4703558910175],[-118.432499253343,34.4704728910213],[-118.432519253375,34.4705408905662],[-118.432417254086,34.4709668913776],[-118.432306253705,34.474013891034],[-118.432255254164,34.4754458915787],[-118.432074254217,34.4793988917489],[-118.432080254523,34.479723892382],[-118.432011254118,34.4807888921515],[-118.432001254601,34.4813318920705],[-118.431929255202,34.4852848922342],[-118.431653255871,34.4952868932265],[-118.431623256096,34.5036678948187],[-118.431643256186,34.5044158943192],[-118.431642256161,34.5046578947136],[-118.431585256224,34.5046988948134],[-118.431256256995,34.5130128960239],[-118.431261257286,34.5137118959582],[-118.431111258038,34.5195658967628],[-118.430996257549,34.5234998969497],[-118.430919257783,34.5258498967614],[-118.430792258631,34.5308818973404],[-118.430736258913,34.5329478975131],[-118.430547258858,34.5399358985764],[-118.427700258394,34.5399488984449],[-118.425459258097,34.5399418991519],[-118.422658257961,34.5399218992909]]]},"properties":{"FID":4,"EQUIZONE":"District 4","Shape_Leng":0.851379469064,"Shape__Area":2052878742.9042969,"Shape__Length":283489.87514381984,"BoardMember":"Erin Wilson"}},{"type":"Feature","id":5,"geometry":{"type":"Polygon","coordinates":[[[-118.503431276678,34.6023139006745],[-118.490800274834,34.6021339020913],[-118.489408274262,34.6021449017824],[-118.483218273765,34.602193902613],[-118.47986527326,34.602143902298],[-118.476514271948,34.602093902882],[-118.475231271923,34.6020939029575],[-118.473441271816,34.6020939030629],[-118.466321270534,34.6020369035453],[-118.465301270094,34.6020649031009],[-118.464402269854,34.6020539035447],[-118.459018269765,34.6018509034716],[-118.458309269321,34.6017849040599],[-118.454635268354,34.6018099036331],[-118.453091267942,34.6018269036104],[-118.447977267778,34.6018389044661],[-118.44550826682,34.6018229047712],[-118.436473265939,34.6017639052738],[-118.436225265253,34.6017629052421],[-118.432202265221,34.6017869047896],[-118.428178264243,34.6018099051902],[-118.42012926314,34.6018569060378],[-118.419387262973,34.6018609062664],[-118.393407258455,34.6019079072697],[-118.39342025699,34.5883349058066],[-118.393884256889,34.5884299056739],[-118.394140257053,34.5885099057595],[-118.394876257822,34.5882679062213],[-118.395164257656,34.5882039059441],[-118.395676258008,34.5886499058453],[-118.395932257272,34.5887139060905],[-118.396389257746,34.5888089059582],[-118.396503257604,34.5885409061542],[-118.396655257422,34.5882849060032],[-118.396793257495,34.588066905811],[-118.396845258099,34.5880209054803],[-118.39693025753,34.5879459056058],[-118.397365257861,34.5877509055599],[-118.397579257867,34.5876749056316],[-118.397853257951,34.5875949055149],[-118.398166258044,34.5875489051688],[-118.398296257767,34.5875679060395],[-118.397846257603,34.5873239055793],[-118.397807257585,34.5871899056829],[-118.397693257698,34.5871029052654],[-118.397029257499,34.5865899058736],[-118.39706125808,34.586577905317],[-118.397203257455,34.5865529059517],[-118.397354258145,34.5865099057539],[-118.39763725775,34.5864729058256],[-118.397989257843,34.5863509055616],[-118.398258257696,34.5862829051006],[-118.398482258169,34.5862579057304],[-118.39873525819,34.5862929055347],[-118.399370257909,34.5863689054131],[-118.400141258523,34.5864209050734],[-118.400242257801,34.5864119055508],[-118.400278258566,34.5863889053848],[-118.400332258361,34.586312905466],[-118.400344258008,34.5862139053858],[-118.400334258436,34.5861149053068],[-118.400286258005,34.5860129050915],[-118.400211258122,34.5859079056384],[-118.3998572579,34.5856049051433],[-118.399736257685,34.5854849049996],[-118.399606257948,34.5853079049196],[-118.399562257705,34.5852479048467],[-118.399561257653,34.5851829054395],[-118.399611258165,34.5851409052938],[-118.399766258141,34.5850969050496],[-118.399977258012,34.5850719056802],[-118.400210258,34.5850239052465],[-118.4004932585,34.5849409049906],[-118.400726258486,34.5848779047628],[-118.400950258061,34.5848709053254],[-118.401203258081,34.5848909053356],[-118.401441258302,34.5848659050654],[-118.401716258436,34.5848249049527],[-118.401885258159,34.5847729052371],[-118.401943258142,34.5847309050909],[-118.401992258604,34.5846389053321],[-118.401995258735,34.5845479047229],[-118.4019752587,34.5844499046908],[-118.401895258584,34.5843259052591],[-118.40179625849,34.5842259051391],[-118.401779258601,34.5842089052536],[-118.40161625824,34.584077904604],[-118.401541258361,34.5840149052935],[-118.401364258269,34.584087905081],[-118.401142257886,34.5840779046318],[-118.400943257665,34.584026904984],[-118.400793257907,34.5839149052118],[-118.400619257944,34.5838629055163],[-118.400505258057,34.5837949050778],[-118.400393258257,34.5836449053454],[-118.400358257534,34.5836129047677],[-118.400318258378,34.5835929047449],[-118.400205257646,34.5836019051675],[-118.400091257765,34.5835909046658],[-118.399976257833,34.5835359048282],[-118.399926258213,34.5834829050793],[-118.399874257589,34.5832999047173],[-118.399843257947,34.583230905127],[-118.399698257524,34.5831459048039],[-118.399385257417,34.5830309049025],[-118.399345257362,34.5830109048797],[-118.399310257538,34.5829709048314],[-118.39928925746,34.582913904896],[-118.399302258055,34.5828319047021],[-118.399390257625,34.5827569048275],[-118.399488257659,34.5827029050236],[-118.399601257492,34.5826859051305],[-118.39973925758,34.5826469051183],[-118.399871257386,34.5825559054009],[-118.400036257814,34.5823859047277],[-118.400173257853,34.5823149050351],[-118.4004442578,34.5822589051287],[-118.40052725804,34.5822129047961],[-118.400561257812,34.5821759048825],[-118.400581257835,34.5821349047848],[-118.400575257555,34.5821059052433],[-118.400491258161,34.5820789048996],[-118.400208257647,34.581995904677],[-118.400153257797,34.5819719044702],[-118.400037257813,34.5818389046245],[-118.399970257396,34.581671905003],[-118.399954257547,34.5815899048109],[-118.400021257942,34.5814949049124],[-118.400069257457,34.5813929046913],[-118.400073257636,34.5813229050528],[-118.400072257586,34.5812739045865],[-118.400027257297,34.5812259050684],[-118.399972257447,34.5811899052063],[-118.399877257545,34.5811739044722],[-118.399537257998,34.581185905047],[-118.399368257369,34.5811639049392],[-118.399298257723,34.5811199047082],[-118.39927325746,34.5810629047729],[-118.399299257748,34.5808819044989],[-118.399332257466,34.5807549049218],[-118.399316257622,34.5807189050573],[-118.399266257104,34.5806869044804],[-118.39912825791,34.5806719046945],[-118.39901325708,34.5806239051805],[-118.398917257122,34.5804859051026],[-118.398852257708,34.5804539045265],[-118.398779257029,34.5804719044635],[-118.398739256979,34.580500904907],[-118.398717257769,34.5806149047819],[-118.398664257124,34.5807259045198],[-118.398640257814,34.5807549049624],[-118.398551257294,34.5807769050853],[-118.398374257197,34.5807909048434],[-118.398235257058,34.5807799052425],[-118.398076256888,34.5807129048528],[-118.397780257556,34.5804579047744],[-118.39765925734,34.580324904929],[-118.397609256821,34.5802849048816],[-118.397560257251,34.5802769045148],[-118.397530256762,34.5802849048863],[-118.397486257428,34.5803269050316],[-118.397272257433,34.5805259052495],[-118.397165256983,34.5805919047092],[-118.397061257567,34.580609904648],[-118.396913257011,34.5805989050476],[-118.396714256788,34.5805199050049],[-118.39655525662,34.580484905195],[-118.396455257381,34.5804079052391],[-118.396378257404,34.5802779046305],[-118.396318257321,34.5802379045837],[-118.396274257082,34.580221904746],[-118.396219257234,34.5802189046106],[-118.396175256999,34.5802479050543],[-118.396004257213,34.5806499047605],[-118.395951256566,34.5807329050028],[-118.395883257019,34.5807699049184],[-118.395755257394,34.5808129051149],[-118.395617257304,34.5808349052406],[-118.395473256934,34.5808239047407],[-118.39532925656,34.5807729050897],[-118.395185257084,34.5807089048378],[-118.395120256773,34.5807009053711],[-118.395086256999,34.5807139050747],[-118.395028257021,34.5808129051576],[-118.394918256445,34.5810179047474],[-118.394831256924,34.581125905248],[-118.394713256862,34.5811719046832],[-118.394629256573,34.5811809051042],[-118.394307256955,34.5811439052115],[-118.394109256781,34.5811009050341],[-118.393975256872,34.5810779048782],[-118.393738256695,34.5810809050308],[-118.393554256269,34.5810379048527],[-118.393291256677,34.5809179056165],[-118.393220256983,34.5808539053604],[-118.393193256622,34.5807279049338],[-118.393163256127,34.580661905482],[-118.393164256163,34.5805469055622],[-118.392384256036,34.5805429054231],[-118.392153256114,34.5802779048787],[-118.391980256174,34.579968904995],[-118.391814256569,34.5797789052155],[-118.39162925609,34.5796539048443],[-118.391424256481,34.5795049051636],[-118.391222256103,34.5792459048948],[-118.390999255648,34.5789379050603],[-118.39077625609,34.5785929053141],[-118.390556255761,34.5781379049797],[-118.390347255951,34.5777929052327],[-118.390126255592,34.5775249054483],[-118.389745255918,34.5772109053456],[-118.389394255836,34.5769249047368],[-118.388958255412,34.5765819050956],[-118.388804255471,34.5764819049789],[-118.38863525574,34.5764509053545],[-118.388289255014,34.5764389048202],[-118.387952255601,34.5763969046972],[-118.387755255477,34.5764039050324],[-118.38759725536,34.5764179047895],[-118.387522255485,34.5764059051385],[-118.387447255606,34.5763419048826],[-118.387392254854,34.5762809047642],[-118.387379255149,34.5762529052693],[-118.387341255181,34.5761669048936],[-118.387328255466,34.5760199052941],[-118.387394254903,34.5757729046649],[-118.387496255094,34.5753929050803],[-118.387642255522,34.5749989048462],[-118.387943255011,34.5743819050869],[-118.388145255338,34.5740449047862],[-118.388556255424,34.573459904701],[-118.38889825502,34.5729369047877],[-118.389212255126,34.5724959041698],[-118.389540254981,34.5720629048201],[-118.390018255487,34.5716729047513],[-118.390475255014,34.571197904352],[-118.390639255385,34.5709189040366],[-118.390778255503,34.5706839039578],[-118.390868255154,34.5704699039532],[-118.390929255249,34.5701209040054],[-118.390820255592,34.5700309043483],[-118.384374253577,34.564738903828],[-118.377927252415,34.5594479033537],[-118.377960252143,34.5594309034653],[-118.378220252477,34.5593409037865],[-118.37838025178,34.5592419036976],[-118.378525252169,34.5589279035641],[-118.378627252375,34.5587189037899],[-118.378722252269,34.5586499032929],[-118.377218251908,34.5586419039106],[-118.377232251514,34.5569879038983],[-118.377885251124,34.546065902626],[-118.377959250788,34.5441579016612],[-118.377348250388,34.544157901697],[-118.377362250938,34.5430129018302],[-118.377477250606,34.5399849012531],[-118.377513250391,34.5390239017962],[-118.377620249953,34.539092901382],[-118.37774925054,34.5392339015968],[-118.377925250611,34.5394589011949],[-118.378016250339,34.5396109019203],[-118.378162250814,34.5397609016507],[-118.378169250239,34.5397679019739],[-118.378176250564,34.5397779015364],[-118.383683251843,34.539894901226],[-118.390396252271,34.5398839012235],[-118.394692253249,34.5398769006482],[-118.39654725367,34.5398999007034],[-118.396980253925,34.5398949004469],[-118.398801253669,34.5398949003402],[-118.408616255572,34.5398938997189],[-118.410439256308,34.5398948996583],[-118.413826256585,34.5398948994598],[-118.414135256498,34.5399058999501],[-118.417268256709,34.5398948992581],[-118.422658257961,34.5399218992909],[-118.425459258097,34.5399418991519],[-118.427700258394,34.5399488984449],[-118.430547258858,34.5399358985764],[-118.430736258913,34.5329478975131],[-118.430792258631,34.5308818973404],[-118.430919257783,34.5258498967614],[-118.430996257549,34.5234998969497],[-118.431111258038,34.5195658967628],[-118.431261257286,34.5137118959582],[-118.431256256995,34.5130128960239],[-118.431585256224,34.5046988948134],[-118.431642256161,34.5046578947136],[-118.431643256186,34.5044158943192],[-118.431623256096,34.5036678948187],[-118.431653255871,34.4952868932265],[-118.431929255202,34.4852848922342],[-118.432001254601,34.4813318920705],[-118.432011254118,34.4807888921515],[-118.432080254523,34.479723892382],[-118.432074254217,34.4793988917489],[-118.432255254164,34.4754458915787],[-118.432306253705,34.474013891034],[-118.432417254086,34.4709668913776],[-118.432519253375,34.4705408905662],[-118.432499253343,34.4704728910213],[-118.432356253909,34.4703558910175],[-118.432297253868,34.4702578909876],[-118.432298253908,34.4701818910719],[-118.432310253555,34.4700768907143],[-118.432286253335,34.4699788906824],[-118.432273253624,34.4698788905574],[-118.4322922536,34.4698208905733],[-118.432371253657,34.4697998904973],[-118.432457254039,34.4697918910218],[-118.432556253225,34.4697928910623],[-118.43261125397,34.4697648906641],[-118.43260525369,34.469743890593],[-118.432568253771,34.4696758910493],[-118.432520253344,34.4696288906783],[-118.432480253268,34.4693588907907],[-118.43258225329,34.4669828906746],[-118.43395825402,34.4669518900608],[-118.434616253846,34.4663608905832],[-118.434916253389,34.4669218904169],[-118.434999253637,34.4669578902774],[-118.43555925347,34.4669018903542],[-118.437369254501,34.4668758899462],[-118.438419254532,34.4668608900909],[-118.439132254322,34.4676248902906],[-118.4400962548,34.4667938904934],[-118.441498254937,34.4667888901806],[-118.448522256259,34.4666888896453],[-118.448415255795,34.4665898895719],[-118.450052256015,34.4665848892454],[-118.450053256028,34.4661898898728],[-118.450071255556,34.4614208888659],[-118.450071255395,34.4595188890822],[-118.450078255513,34.4570928884593],[-118.450132254784,34.4508508877112],[-118.450098254945,34.4500978879804],[-118.450101255033,34.4494938879402],[-118.450057254775,34.4492598879183],[-118.450331254869,34.449292887629],[-118.450501254646,34.4493338877156],[-118.450757254811,34.4494258874567],[-118.450969254738,34.4495118878223],[-118.451077255241,34.4495348879798],[-118.451213255241,34.4495358871188],[-118.451445255182,34.4494908877231],[-118.451883254761,34.4493938877106],[-118.452114255556,34.4493518875544],[-118.452313254869,34.4492968876985],[-118.452521255494,34.4491938874219],[-118.452690255217,34.4491338873366],[-118.452874255635,34.4490918871831],[-118.453080255274,34.4490558873058],[-118.453224255642,34.4490448876882],[-118.453438255656,34.4490698870327],[-118.453609255481,34.4491168873966],[-118.45372425541,34.4491458869317],[-118.454100255725,34.449150887141],[-118.454344255326,34.4491478869881],[-118.454462255391,34.4491368873721],[-118.454564255611,34.4490958872696],[-118.454638255439,34.4490918870804],[-118.454693255287,34.4490948872158],[-118.454731255248,34.4491088869615],[-118.454761255739,34.4491368873546],[-118.45480925527,34.4492168874525],[-118.454894255619,34.4493638870478],[-118.45498025601,34.4494608870299],[-118.455066255498,34.4495088874449],[-118.455167255678,34.4495328876491],[-118.455296255356,34.4495638872759],[-118.455555255656,34.4496158869665],[-118.455751255735,34.4496258874173],[-118.455998255474,34.4496138868482],[-118.456204256014,34.4495958869036],[-118.456455255935,34.4495508875068],[-118.456930256331,34.4494928874962],[-118.457154255904,34.4494628869957],[-118.457398256404,34.4494508873261],[-118.457667256263,34.4494508873105],[-118.457826256426,34.4494358875072],[-118.457928255749,34.4494138873836],[-118.457995256151,34.4494008867788],[-118.458090256046,34.4493448868827],[-118.458272256364,34.4492078868347],[-118.458376255777,34.4491488867994],[-118.458411256495,34.4491298868184],[-118.458506256393,34.4491008872711],[-118.45867225598,34.449074886959],[-118.45883425628,34.4490328868068],[-118.459002255954,34.4489518866501],[-118.459195255884,34.4488358866729],[-118.459261256234,34.4487678871231],[-118.459395256114,34.4484448865743],[-118.459478256345,34.4482948868305],[-118.459589256073,34.4481368867152],[-118.459653256324,34.4479838868339],[-118.459696256509,34.4479068868695],[-118.459747256166,34.4478478868373],[-118.459896256758,34.4477358870475],[-118.460097256156,34.4475988869984],[-118.460308256018,34.4474648870874],[-118.46051225645,34.4472728871938],[-118.460766256493,34.4470198871756],[-118.461070256143,34.4466608867514],[-118.461360256054,34.4464158862016],[-118.461550256744,34.4463008862708],[-118.461697256349,34.4462468864641],[-118.461841256717,34.4462358868466],[-118.462037256798,34.4462668864694],[-118.462277256217,34.4462948868504],[-118.462643256969,34.4463088865769],[-118.462794256763,34.4463068864757],[-118.462897257031,34.4462818862134],[-118.463032256977,34.4461938866345],[-118.463221256714,34.4459948864182],[-118.463253256394,34.4459618866896],[-118.463380256861,34.4457958862036],[-118.46348225708,34.4457238864669],[-118.463562257181,34.4456838864119],[-118.463724256581,34.4456298866044],[-118.463937256542,34.4455808861257],[-118.464386256632,34.4455058862301],[-118.464779256825,34.4453968865647],[-118.464830256488,34.4453958865155],[-118.464894256753,34.4454168865832],[-118.464927257383,34.445434886514],[-118.464979257092,34.4454368866034],[-118.465008256634,34.445424886047],[-118.465048256685,34.4453998866877],[-118.465066256615,34.4453538863591],[-118.465057257091,34.445282886675],[-118.465041257241,34.4451738861341],[-118.465066256596,34.4451298858975],[-118.46514225741,34.4450708858638],[-118.465339256626,34.44496188621],[-118.465394257369,34.4449188860178],[-118.465437256656,34.4448568858474],[-118.465501256906,34.4446848859871],[-118.465536256717,34.4445738862502],[-118.46558325709,34.4445308860585],[-118.465689256595,34.4444688858844],[-118.465986256843,34.4443728859263],[-118.466076257409,34.4443458864716],[-118.466077257456,34.4443608862656],[-118.466575257117,34.4443008861612],[-118.467207257585,34.44424588628],[-118.467855257003,34.4443018861328],[-118.469657257682,34.444486885586],[-118.469948257662,34.444514885964],[-118.470317257656,34.4445518858541],[-118.470781257548,34.4445608862431],[-118.471050258307,34.4445608862275],[-118.471189257546,34.4445608862194],[-118.471672258312,34.4445058854476],[-118.472368258137,34.4443758856933],[-118.473026258,34.4442098860757],[-118.473073258387,34.4443298853246],[-118.473193258565,34.4445688855732],[-118.47328525834,34.4447338860001],[-118.473620258594,34.4451738856346],[-118.473809258364,34.4453668855515],[-118.474068258679,34.445590885998],[-118.474263258722,34.4457288860702],[-118.47456425828,34.4459168857495],[-118.474766258645,34.4460268854263],[-118.474912259113,34.4460908856782],[-118.475073258476,34.4461608862065],[-118.475404258518,34.4462878857624],[-118.476362258815,34.4465898861762],[-118.476822259432,34.4467238860482],[-118.476878259327,34.4467398858851],[-118.477219258928,34.4468188859196],[-118.477606258858,34.4468848853506],[-118.477904259164,34.4469258854297],[-118.478256259269,34.4469438853419],[-118.478565259182,34.4469558858786],[-118.479028259026,34.4469438852969],[-118.479702259637,34.4468748856656],[-118.480033259663,34.4468168856633],[-118.480107259489,34.4467998857725],[-118.480440259606,34.4467228857912],[-118.480645260097,34.4466768854516],[-118.481274259519,34.4465358851927],[-118.482512260137,34.4462788858317],[-118.482732260424,34.4462528855164],[-118.483021260306,34.446211885403],[-118.483095260133,34.4462048850752],[-118.483360259806,34.4461818848959],[-118.483580260094,34.4461648849966],[-118.483584260283,34.44621988574],[-118.483827259837,34.4461968855621],[-118.484416260116,34.4461858850192],[-118.485219260409,34.4461948853885],[-118.48564326025,34.4462198856201],[-118.485962260626,34.4462398856267],[-118.486427260566,34.4462668850489],[-118.487062260282,34.4463138853859],[-118.48732126058,34.446344885005],[-118.487555260622,34.4463878851804],[-118.487766260499,34.4464398848737],[-118.488070261087,34.4465308854651],[-118.488204260998,34.4465848852554],[-118.488268261253,34.4464778848024],[-118.488788260963,34.4455958853718],[-118.489253260834,34.4448088849397],[-118.491434260977,34.4439328847903],[-118.493491261683,34.4431498844505],[-118.493810261134,34.4428608845631],[-118.494504261714,34.4421038846051],[-118.496120261713,34.4403478842816],[-118.497253261833,34.4385098837931],[-118.497632261339,34.4379308839873],[-118.49773926178,34.437766883595],[-118.497998262043,34.4373688831694],[-118.498231262004,34.4370128837874],[-118.498646261372,34.4363788832359],[-118.499305262176,34.4361628831058],[-118.499576262118,34.4360448830316],[-118.499855261532,34.4359428836964],[-118.499957261748,34.4358418835185],[-118.499982261998,34.4357488828156],[-118.499822261761,34.4354348835992],[-118.499703261632,34.435231883216],[-118.499923261909,34.4350878828422],[-118.500084262168,34.4351128830892],[-118.500245261531,34.435180883525],[-118.500347261752,34.4351388833763],[-118.500575262389,34.4348758828975],[-118.500609262156,34.4347748827235],[-118.500567262,34.4346558835206],[-118.500431261985,34.4344608835082],[-118.500423261583,34.4340888834006],[-118.500584261838,34.4340628830888],[-118.500652262282,34.4340038830556],[-118.501058262127,34.4333008829125],[-118.501474261573,34.4330408825613],[-118.502188262176,34.4322548830604],[-118.502394261749,34.4314408822946],[-118.502649261774,34.4304288822663],[-118.502687261721,34.4302778824789],[-118.50271226197,34.4301748822132],[-118.503198261817,34.4282548824686],[-118.503746261814,34.4260798817254],[-118.503722261581,34.425824881631],[-118.50370826182,34.4256758819391],[-118.504643261882,34.4251488818066],[-118.504889261601,34.4254438819384],[-118.505305261999,34.4258108817911],[-118.505774262146,34.4260948814014],[-118.506323262403,34.4264348817971],[-118.506723262046,34.426633881979],[-118.507277262527,34.4268798816266],[-118.508147262344,34.4271308814868],[-118.509326262968,34.4273378819933],[-118.509933263184,34.4273628813149],[-118.510548262872,34.4273888815816],[-118.511019263086,34.4273758818527],[-118.511074262932,34.427364881341],[-118.511681263137,34.4272488813397],[-118.512328263388,34.4270618816515],[-118.514092263147,34.42654588108],[-118.515365263583,34.4262498817129],[-118.515957263987,34.4260718815446],[-118.516608263526,34.4259098812131],[-118.517201263977,34.4257468808388],[-118.517541264417,34.4256578812017],[-118.517926264244,34.4255988811501],[-118.519394264719,34.4253908813428],[-118.525479265708,34.4248208807218],[-118.526273265578,34.424759880554],[-118.526813265389,34.4247598805225],[-118.527761266105,34.4248508801771],[-118.529177266005,34.4250348805059],[-118.529929265741,34.4251098803317],[-118.531080265962,34.4252268802769],[-118.53212326658,34.4253528806445],[-118.532896266394,34.4254828803132],[-118.533732266431,34.4256668797765],[-118.534486267174,34.4259108802193],[-118.535075266575,34.4261568798648],[-118.535233266699,34.4262268803933],[-118.535242267116,34.4262328797707],[-118.535306267383,34.4262678804855],[-118.535926267326,34.426579880482],[-118.536449267272,34.4268408799254],[-118.536623267238,34.4269278803394],[-118.537052267328,34.4271638804313],[-118.537136267623,34.4272108799009],[-118.537221267064,34.4272568802236],[-118.537395267931,34.4273528801543],[-118.537682267736,34.4275038799228],[-118.538067267582,34.4276648801478],[-118.538260267528,34.4277458802833],[-118.538403267855,34.4277878804177],[-118.538844267591,34.4279168800596],[-118.539057267563,34.4279868796856],[-118.539535268115,34.4281408804809],[-118.539970267571,34.4282288800266],[-118.540229267871,34.4282808797172],[-118.540543268019,34.4283408797744],[-118.541187268155,34.428431880346],[-118.541375267865,34.4284588797844],[-118.541520268289,34.4285588799016],[-118.541877268625,34.4285768798136],[-118.542430268139,34.4285808799663],[-118.542881268326,34.4285638800536],[-118.5431592686,34.4285378797349],[-118.543626268625,34.4284868800483],[-118.543640268374,34.4284848799551],[-118.544373269018,34.4284168794672],[-118.54499826916,34.4283508799774],[-118.545356268639,34.4283248796541],[-118.545433268605,34.4283198794185],[-118.545924268844,34.4282838795245],[-118.546962269221,34.4282918798339],[-118.547035269002,34.4282928798758],[-118.547215269239,34.4282948799578],[-118.547666269428,34.4282938798854],[-118.548490269792,34.4282928797912],[-118.549150269763,34.4283208792484],[-118.550003269678,34.4283958799676],[-118.550491269785,34.4284478796448],[-118.55082226982,34.4284998793312],[-118.551279270294,34.4285878797749],[-118.551861270261,34.4287198795473],[-118.552625270564,34.4289238790399],[-118.553283270461,34.4291648793495],[-118.553934270034,34.4294088797983],[-118.55462927075,34.4297168796054],[-118.555492271158,34.4301608793939],[-118.556125270808,34.4305248790952],[-118.556990271321,34.4311128792445],[-118.557381271457,34.4314138796451],[-118.557188271535,34.4316198792858],[-118.556894271446,34.4319508793143],[-118.55669827139,34.4322078795139],[-118.556522271361,34.4324788794602],[-118.556346271336,34.4327878793643],[-118.556190271339,34.4331298798932],[-118.556074271394,34.4334518794954],[-118.555989271085,34.4337768801337],[-118.555907270924,34.4342188798848],[-118.555888270962,34.4344318798389],[-118.555871271092,34.4346278799065],[-118.555845270832,34.4351478796624],[-118.555781271572,34.4363848801869],[-118.555750271094,34.4370588798669],[-118.555715271309,34.4374968803297],[-118.555702271651,34.4380128799],[-118.555619271445,34.4384658801595],[-118.555479271295,34.4388658806706],[-118.555300271145,34.4393468804313],[-118.554641271343,34.4407708806411],[-118.554123271742,34.4418448808523],[-118.553632271594,34.4429398811333],[-118.553489271309,34.4433848810266],[-118.553478271702,34.4434178807539],[-118.553385271937,34.4439188814341],[-118.55333527145,34.4442528806878],[-118.553320271664,34.4443578810455],[-118.553299271631,34.444827881188],[-118.553277271552,34.4453028815615],[-118.553272271347,34.4456058811783],[-118.553264271918,34.4460998815299],[-118.553217271569,34.4464278814054],[-118.553202271783,34.4465328808639],[-118.553193271371,34.4465918808936],[-118.553085271795,34.4469028817855],[-118.55298227155,34.4471958809457],[-118.5527232722,34.4477508814337],[-118.552582271987,34.447953881832],[-118.552530271386,34.4480288817045],[-118.552490271338,34.4480858816436],[-118.552100271314,34.4485548817613],[-118.551373271909,34.4493538818638],[-118.551329271676,34.4493998812947],[-118.550397271793,34.4503958815219],[-118.549571271411,34.4512808820081],[-118.549344271724,34.4515968822387],[-118.549269271859,34.4517028817468],[-118.549116271991,34.4519198818937],[-118.548874271617,34.4523258817886],[-118.548730271282,34.4527258822999],[-118.548577271435,34.4531988825886],[-118.548501271546,34.4535578821001],[-118.548487271838,34.45404188199],[-118.548479271478,34.4541628821874],[-118.548473271209,34.4542658824522],[-118.548463271659,34.4544188823304],[-118.548529272056,34.4548918826064],[-118.548596271584,34.4551828825636],[-118.548727271388,34.4556118826007],[-118.548900272238,34.4560598826141],[-118.549280271911,34.4569078822191],[-118.54948927174,34.4574758823814],[-118.549560272352,34.4577688824308],[-118.549621272509,34.4581338831109],[-118.549626271879,34.4585858824198],[-118.549633272225,34.4588398824689],[-118.549635272324,34.4589208826156],[-118.549657272515,34.4597708832331],[-118.549698272738,34.461223882944],[-118.549709272434,34.4622408831875],[-118.549700272936,34.4624608834647],[-118.549699272892,34.4624898830065],[-118.549693272628,34.462658883624],[-118.54968627232,34.4628468833212],[-118.54963827291,34.4641828830249],[-118.54947627267,34.4649148835949],[-118.54918927293,34.4655388836765],[-118.548769272434,34.4662048839088],[-118.547667272841,34.4679548839247],[-118.547441272263,34.4678248842241],[-118.547499272267,34.4680248835728],[-118.547504272507,34.4681288838831],[-118.547496273045,34.4682408836646],[-118.547472272842,34.4683348844137],[-118.547394272838,34.4684418839683],[-118.547252272576,34.4686108836943],[-118.547108272227,34.4688508840044],[-118.547049272211,34.469044883982],[-118.547026272959,34.4692068842769],[-118.547004272862,34.4694638844664],[-118.546941272681,34.4698948846072],[-118.546905272834,34.4701378841503],[-118.546825272775,34.4706858843042],[-118.546798272445,34.4709248845613],[-118.546791273026,34.470989883969],[-118.546764272686,34.4711108841675],[-118.546726272736,34.4712258840895],[-118.546672272943,34.4713168847017],[-118.546593272889,34.4713778839286],[-118.546402273056,34.4715388841871],[-118.546249273182,34.4716888848343],[-118.54576027309,34.472353884125],[-118.545318272467,34.4729258845101],[-118.544793272511,34.4736268845676],[-118.544533273102,34.474028885178],[-118.544408272732,34.4742578849786],[-118.544354272944,34.4744078847206],[-118.544292272788,34.4745868849043],[-118.544162273109,34.4750888847336],[-118.544036272715,34.4755748847223],[-118.543957272689,34.4759618846289],[-118.543888273123,34.4763208850392],[-118.543829273108,34.4765318849033],[-118.543791273156,34.4766228855145],[-118.543700272553,34.476754885326],[-118.54354027236,34.4769658851959],[-118.543379273029,34.4772738850529],[-118.543113272454,34.4777988850539],[-118.542958272501,34.4781048857174],[-118.542164272769,34.4797878853163],[-118.541961272403,34.4802168853728],[-118.541661272959,34.4808118859135],[-118.541563272944,34.4810988856955],[-118.541578272758,34.4813188859711],[-118.541587273188,34.4814758860331],[-118.541610272463,34.4815908859515],[-118.541635272726,34.4816498859792],[-118.541808272691,34.4822628855256],[-118.541831272863,34.4823458857635],[-118.541850272849,34.4824138862076],[-118.542193272627,34.4834878863685],[-118.542206273232,34.4835268863718],[-118.542326273421,34.4838918861491],[-118.542423273441,34.4842038861759],[-118.54251427318,34.484486885762],[-118.542537273356,34.484619885613],[-118.542546272898,34.4849018860569],[-118.54254227366,34.4854708862778],[-118.542567273051,34.4858528859471],[-118.542555273423,34.4861788866275],[-118.542484273824,34.4872388861654],[-118.542477273511,34.4873578862704],[-118.542446273925,34.4879468865181],[-118.542434273388,34.4881618865642],[-118.542424273837,34.4883078861188],[-118.542370273202,34.4890828868713],[-118.542333273347,34.4897768865767],[-118.542295273448,34.4904858869755],[-118.54223327333,34.4911188865608],[-118.542198273561,34.4917318870187],[-118.542174273391,34.4922128867703],[-118.542160273667,34.4925018866398],[-118.542159273638,34.4927108873073],[-118.542158273622,34.4930618873439],[-118.542154273526,34.4941038869452],[-118.542124273957,34.4943538868116],[-118.542074274368,34.4946678869394],[-118.542018273592,34.4948688872403],[-118.541915274248,34.4951888876486],[-118.54179127393,34.4954748873858],[-118.541642274255,34.4957908876119],[-118.541520274022,34.4959918870173],[-118.541359273784,34.4962178875806],[-118.54126027371,34.4963448871615],[-118.541229274077,34.4963848872136],[-118.540989273785,34.4966638875333],[-118.540470274097,34.4972578871412],[-118.540079274026,34.4977048871414],[-118.539887274152,34.4979308877066],[-118.539819273713,34.4980448875841],[-118.539782273805,34.4981178873632],[-118.539738273575,34.4982028876975],[-118.539594274139,34.4986078875405],[-118.539252273685,34.4996138881955],[-118.539122273997,34.5000038882437],[-118.539040273817,34.5002128880166],[-118.539005274013,34.5004148883625],[-118.538996273603,34.50048788814],[-118.538951274252,34.5008848876074],[-118.538876274426,34.5014538878325],[-118.538803273787,34.5019318883477],[-118.538793274229,34.5020008879403],[-118.538738274403,34.502254887993],[-118.538682274528,34.5024688879956],[-118.538604274534,34.502694888554],[-118.538539274235,34.5028248882715],[-118.53841827405,34.503049887887],[-118.538303274141,34.5032528882837],[-118.538011274157,34.503722888442],[-118.537868273852,34.5039408886344],[-118.538351274622,34.5039408886062],[-118.540494274879,34.5039428885733],[-118.540808275022,34.5039428885549],[-118.545365275488,34.5039468875739],[-118.546008275569,34.5039428882507],[-118.54681127586,34.5039378879726],[-118.551808276002,34.5039068871468],[-118.55279427667,34.5039118873202],[-118.554731277286,34.5039208876229],[-118.571480279873,34.5031358863309],[-118.571599279985,34.5031298860466],[-118.572379280104,34.503046886661],[-118.57259428016,34.5030238864847],[-118.572578279421,34.5030438865108],[-118.572547279791,34.5031088859198],[-118.57253027991,34.5031868859289],[-118.572485279634,34.5032778865405],[-118.572387279603,34.5033748865333],[-118.572237279863,34.5034658862517],[-118.572202280044,34.5034898864638],[-118.572101279893,34.5038008864559],[-118.57209427957,34.5038128861116],[-118.571901279656,34.5041128865001],[-118.571676280052,34.5043108866721],[-118.571612279807,34.5045398864691],[-118.57166227944,34.5047368865788],[-118.571533279785,34.5049658863796],[-118.571393279635,34.5053758864534],[-118.571190280186,34.5059978864377],[-118.571060279607,34.5064888866577],[-118.570909279841,34.5068168865392],[-118.5706962799,34.5070958868574],[-118.570281279605,34.5074098870065],[-118.569781279879,34.5077898866141],[-118.569530279983,34.5081348872872],[-118.569391279879,34.5085278874745],[-118.569361279428,34.5089698872225],[-118.569243279389,34.5092808872155],[-118.569074279664,34.5093158870446],[-118.568743279684,34.5099068874021],[-118.568791280126,34.5101358871924],[-118.5688332794,34.5104628870165],[-118.568719279541,34.5107088876021],[-118.568500280229,34.5110858870546],[-118.568105279982,34.5116438876891],[-118.567606279427,34.5123008875098],[-118.56701127982,34.5129098878155],[-118.566495279351,34.5132578877435],[-118.566183279323,34.5135218873741],[-118.565623279533,34.5140818881107],[-118.565043279695,34.5143818876224],[-118.564670279528,34.5144848879086],[-118.564279279425,34.5145708883094],[-118.564202279446,34.5144238878144],[-118.564210279806,34.5142948881464],[-118.564202279427,34.5141988882061],[-118.564141279295,34.5141198881553],[-118.564065279369,34.5140428881979],[-118.563950279437,34.5139858882679],[-118.563889279311,34.5139708875781],[-118.563843278978,34.5139438881314],[-118.563798279587,34.513871887504],[-118.563790279208,34.5137688881394],[-118.563759279564,34.5136728882004],[-118.563683279634,34.5135618875708],[-118.563569278842,34.5134168880696],[-118.563485279439,34.5132728877137],[-118.563393278769,34.5131578877994],[-118.563309279367,34.513035887561],[-118.563241278906,34.5128988875277],[-118.563172279301,34.5127918879818],[-118.563149279128,34.5127038875128],[-118.563134279331,34.5126738879257],[-118.56302027944,34.5125548878277],[-118.562981279434,34.5125478875065],[-118.562928278773,34.5124788879174],[-118.562791278706,34.5122238878298],[-118.562730278573,34.5121278878925],[-118.562714278725,34.5120518879779],[-118.562745279255,34.5119868876695],[-118.562790278635,34.5119368880537],[-118.562829278637,34.5118798881146],[-118.562829278627,34.5117658873419],[-118.56276827849,34.5116248880226],[-118.562661278916,34.5114188875],[-118.562539278647,34.5112008873232],[-118.5624242787,34.5109648881125],[-118.562379278412,34.5109148876026],[-118.562333278974,34.5108268880343],[-118.562348278752,34.5106288878744],[-118.562348278744,34.5105378872654],[-118.562310278776,34.5104488876505],[-118.562249278644,34.5103658874148],[-118.562142279083,34.510311887623],[-118.562012278459,34.5102778878577],[-118.561814278289,34.5102738876843],[-118.561730278899,34.5102898875295],[-118.561555278893,34.5102898875398],[-118.561478278926,34.5102778878889],[-118.561425278268,34.5102398879342],[-118.561394278627,34.5101718874908],[-118.561372278502,34.5101058880386],[-118.561371278447,34.5100068879592],[-118.561394278607,34.5099458878363],[-118.561394278597,34.509819887408],[-118.561364278099,34.5097208873304],[-118.56131827866,34.509632887762],[-118.561318278648,34.5094838871701],[-118.561349278281,34.5094468872566],[-118.561425278197,34.5094078872482],[-118.561501278116,34.5093928874497],[-118.561555278815,34.5093738874676],[-118.561608278568,34.5093468880151],[-118.561524278275,34.5093168875326],[-118.561448278353,34.5092978875583],[-118.56134827822,34.5092818877238],[-118.561211278175,34.5092818877319],[-118.561051278865,34.5092938873966],[-118.560738278772,34.5093438879274],[-118.560525277913,34.5094118874857],[-118.560364278561,34.5094768878016],[-118.560280278275,34.5095298875585],[-118.560204278362,34.5096108877097],[-118.560204278365,34.5096448874826],[-118.560181278207,34.5097328879543],[-118.560158278059,34.5099308881146],[-118.560158278083,34.510205887336],[-118.560120278141,34.5104188881905],[-118.560090278562,34.5105448877211],[-118.560105278373,34.5107318873708],[-118.560059278052,34.5108428880076],[-118.559968278344,34.5109258882522],[-118.559830278257,34.5109878875288],[-118.559601278457,34.5110638874578],[-118.559388278495,34.5110978881426],[-118.55909027819,34.5110718878575],[-118.55896827794,34.5110788881882],[-118.558831277897,34.5111058876456],[-118.558731277771,34.5111668877731],[-118.558632278589,34.5112168882914],[-118.558518277817,34.5113038878229],[-118.558411278274,34.5114488882363],[-118.558304277827,34.5115558877924],[-118.557984278327,34.511811887953],[-118.557862278082,34.5118758882205],[-118.557679277713,34.5119488880082],[-118.5575342782,34.5119828877896],[-118.557404278483,34.512039887734],[-118.557183278156,34.5121438880575],[-118.556954278362,34.5122918886166],[-118.556878277545,34.5123228882554],[-118.556824277747,34.5123608882164],[-118.55674027836,34.5123988881791],[-118.556580278158,34.5125018884528],[-118.556221277745,34.5126738883304],[-118.555748277456,34.5128908884958],[-118.555329277876,34.5131998884141],[-118.555199278164,34.5133148883414],[-118.555107277513,34.5134248880355],[-118.555084277354,34.5135008888518],[-118.555085277407,34.5135738886287],[-118.555108277578,34.513649888543],[-118.555161278237,34.5136998881531],[-118.555253278003,34.5137608882694],[-118.555352278093,34.5138098887298],[-118.555619277874,34.5139738882009],[-118.555695277803,34.5140848888306],[-118.555763278262,34.5141958885615],[-118.555802278279,34.5143248882267],[-118.555809277716,34.5144698886334],[-118.555748277604,34.5146228885145],[-118.555695277859,34.514736888391],[-118.555642278106,34.514759888558],[-118.555512278385,34.5147678889354],[-118.55539727756,34.5147678889421],[-118.555321277636,34.514732888228],[-118.555268277881,34.5147218886221],[-118.555199278284,34.5147178884412],[-118.555062278239,34.5147218886341],[-118.554909277452,34.5147108881346],[-118.554795277574,34.5147298881201],[-118.55471127819,34.5148138884105],[-118.554642277701,34.5148968886538],[-118.554642277707,34.5149618889603],[-118.554673278262,34.5151948889366],[-118.554657277538,34.515381888588],[-118.55457327816,34.5155338884243],[-118.554505277716,34.5155958885961],[-118.554421277428,34.5156218889035],[-118.554192277626,34.5156798888999],[-118.553925277868,34.515778888995],[-118.553780277459,34.5158658885283],[-118.553650277747,34.5159688888003],[-118.553528277507,34.5160948883363],[-118.553452277599,34.5162288891386],[-118.55339827781,34.5163808889731],[-118.5533912775,34.5165408891747],[-118.553368277337,34.5165678886253],[-118.553292277421,34.5166098887725],[-118.55313927754,34.5166788892729],[-118.553040277458,34.5167168892366],[-118.552948277699,34.5167398885064],[-118.552750277529,34.5167468888416],[-118.552353278044,34.5167928891924],[-118.55217027767,34.5168048888585],[-118.5519182777,34.516827889037],[-118.551834277408,34.5168118892017],[-118.551789277123,34.5167928892254],[-118.551758277485,34.5167738892483],[-118.551560277314,34.51677388926],[-118.551308277346,34.5168158894174],[-118.550972277086,34.5168388887016],[-118.550888277696,34.5168538893998],[-118.550728277487,34.5168698892495],[-118.550331277098,34.5168548894786],[-118.550225277585,34.5168198887663],[-118.550049277531,34.5167858890037],[-118.549790277232,34.5167478890611],[-118.54966827698,34.5167398886985],[-118.549523277465,34.5167478890767],[-118.549339277045,34.5167698892051],[-118.549057277485,34.5167858890619],[-118.548874277106,34.5167548894382],[-118.548584277168,34.5166748893547],[-118.548431277276,34.5166218887125],[-118.548309277021,34.5165678889215],[-118.548187276767,34.5165218895004],[-118.548073276886,34.5165068888137],[-118.547798276747,34.5164838895653],[-118.547661276702,34.5164958892287],[-118.547524276659,34.5165148892157],[-118.547402276411,34.5165448888108],[-118.547279277018,34.5165988895154],[-118.547188276406,34.5166328892937],[-118.547089276323,34.5166598896482],[-118.547013276405,34.5166748894467],[-118.54694427681,34.5166938894296],[-118.546883276689,34.5167438890464],[-118.546860276529,34.5168048891694],[-118.546822276574,34.5168658892932],[-118.546753276985,34.5169458893979],[-118.546719276313,34.5169748889416],[-118.546707276754,34.5181028898206],[-118.545447276894,34.5180918893859],[-118.543555276563,34.5180988898202],[-118.537695275149,34.5181048895414],[-118.537673275346,34.5217978902726],[-118.537670275295,34.5228288902647],[-118.537662276055,34.5255358903852],[-118.537606276563,34.5302278914297],[-118.53757927624,34.5305478909342],[-118.537577276234,34.5315588918004],[-118.537573276255,34.5339658915436],[-118.537543277048,34.538433892125],[-118.537512277498,34.5394418919549],[-118.537495276773,34.5401678922389],[-118.537407277197,34.5401668921978],[-118.535896276512,34.5401568927235],[-118.534431277058,34.5401628921874],[-118.532888276691,34.5401568928999],[-118.528522276072,34.5401568931559],[-118.528416276181,34.5462058930761],[-118.528397276271,34.5470238940154],[-118.528326276852,34.5501618942766],[-118.52825027609,34.5508388940978],[-118.528302276861,34.5527398938311],[-118.528266277079,34.5537398941908],[-118.528247277206,34.5549808948974],[-118.528203277106,34.556589894629],[-118.528195276785,34.5571698944592],[-118.528170277584,34.5589958952269],[-118.521157275868,34.5590278953191],[-118.51962827615,34.5590348957324],[-118.518480276417,34.5734548968372],[-118.518819278143,34.5888678987874],[-118.518896278409,34.5923548989835],[-118.518909278632,34.5983998996105],[-118.518914279058,34.6006608997988],[-118.518918279396,34.6024439003757],[-118.518513279541,34.6024769001262],[-118.517262279194,34.6024229004018],[-118.507656277069,34.6023469010518],[-118.503431276678,34.6023139006745]]]},"properties":{"FID":5,"EQUIZONE":"District 5","Shape_Leng":0.782221003563,"Shape__Area":2173233357.3261719,"Shape__Length":257830.04422192607,"BoardMember":"Joe Messina"}}]}