{"type":"FeatureCollection","crs":{"type":"name","properties":{"name":"EPSG:4326"}},"features":[{"type":"Feature","id":3325,"geometry":{"type":"Polygon","coordinates":[[[-118.623142574261,34.3930401197765],[-118.623235076544,34.3930966543689],[-118.623488856268,34.3931716806946],[-118.623885035213,34.3938184549642],[-118.624184999624,34.3939123251791],[-118.624669546678,34.3940624910054],[-118.624977383618,34.394285126752],[-118.62523174127,34.3944364774649],[-118.625399167659,34.394507174078],[-118.625647306987,34.3945965370084],[-118.625911706865,34.394552235584],[-118.626061726207,34.394603939065],[-118.626177863143,34.3947416893677],[-118.626322057154,34.394783880673],[-118.626552251103,34.3947826914486],[-118.626610193398,34.3948348690921],[-118.626651339817,34.394949153402],[-118.626720505667,34.3949631070412],[-118.626806038949,34.3948577108246],[-118.62686901886,34.3948144483324],[-118.627042238509,34.3948898837058],[-118.627099787339,34.3948895860974],[-118.627312178297,34.3948169274707],[-118.627455834158,34.394787560184],[-118.627657865168,34.3948676165597],[-118.627766596577,34.394785951719],[-118.627874860459,34.3946422711052],[-118.628035097124,34.3945221742606],[-118.628322227349,34.3944395847885],[-118.628592055505,34.3943523142598],[-118.629023775304,34.3943643874709],[-118.629246738049,34.3943202946123],[-118.629430928618,34.3943241087051],[-118.629603825155,34.3943566069812],[-118.629787943708,34.3943508798675],[-118.629932174931,34.3943978367619],[-118.630042021722,34.3944640560302],[-118.630280458708,34.3947919939996],[-118.630614998999,34.3948904387009],[-118.630823184698,34.3950229348772],[-118.631083238181,34.3951647018038],[-118.631325629242,34.3952540830693],[-118.631555860578,34.3952576551282],[-118.631751237175,34.3952184714168],[-118.632000661603,34.3953245121884],[-118.632420479258,34.3952841582974],[-118.632708223582,34.3952826572257],[-118.633007875933,34.3953335703803],[-118.6337592042,34.3957494660637],[-118.634024982831,34.3958864258199],[-118.634244178634,34.3959520695018],[-118.634474266718,34.3959365537968],[-118.634647169649,34.3959690439716],[-118.634924387232,34.3960964008555],[-118.635069460658,34.3962530732818],[-118.635289458451,34.3964236659373],[-118.635456824596,34.3964848070939],[-118.635549795728,34.3966012023304],[-118.635493155362,34.3967207662488],[-118.635493919439,34.3968209463276],[-118.63556989895,34.3969732092734],[-118.635691883064,34.3971204618396],[-118.635807455887,34.3971818740268],[-118.635968814775,34.3972096518884],[-118.636382884642,34.3971693144679],[-118.636596620796,34.3972731467371],[-118.63676989191,34.3973533389777],[-118.637075127194,34.3973803597559],[-118.637254189768,34.3974652909506],[-118.637404221392,34.3975169803899],[-118.637697655698,34.3975058956662],[-118.63800190557,34.3974041111759],[-118.638140099042,34.3974129259501],[-118.638428545116,34.3975020498037],[-118.638682278803,34.397567503654],[-118.639216281985,34.3975858716671],[-118.639531083897,34.3976298200337],[-118.639952558324,34.3978041107006],[-118.640050466996,34.3978131358967],[-118.640228580466,34.3977740296608],[-118.640372603519,34.3977923521594],[-118.640752364029,34.3977808050358],[-118.640867244339,34.3977515739157],[-118.641016765985,34.397736471585],[-118.641731898594,34.3979282872772],[-118.641922035805,34.397955904932],[-118.642123867799,34.3980073134229],[-118.642337651132,34.3981159072416],[-118.642539557344,34.3981768556946],[-118.642735376138,34.3981949009284],[-118.642873278043,34.3981655458824],[-118.643131740548,34.3980973853457],[-118.643303620029,34.3979962895087],[-118.643687919199,34.3978272769144],[-118.643827283011,34.397810871818],[-118.643946859287,34.397821131143],[-118.644096528012,34.3978251072238],[-118.644182669244,34.3978007956769],[-118.644251176446,34.3977288716288],[-118.644354214807,34.3976567640555],[-118.64448053067,34.3976179276923],[-118.644607177482,34.3976220245945],[-118.644681624117,34.3975739226934],[-118.644840423321,34.3974687588148],[-118.645080863564,34.3973033682016],[-118.645135683164,34.3972477370498],[-118.645222332434,34.3971404123379],[-118.645345709227,34.3970195348195],[-118.645444192787,34.3969541291904],[-118.645524319761,34.3968964545806],[-118.645569871335,34.3968332391877],[-118.645594542306,34.3967491433831],[-118.645639762144,34.3966429936653],[-118.645706164425,34.3965968416246],[-118.645786557086,34.3965735142741],[-118.645876201279,34.3965558624017],[-118.645959131807,34.3965630540318],[-118.646136621916,34.3965926401111],[-118.646373949714,34.3965608435571],[-118.646516347586,34.3965181021906],[-118.646699987328,34.3964503338082],[-118.646791548405,34.396383055422],[-118.646821089329,34.3963332831378],[-118.646922421425,34.3963384664777],[-118.647042434627,34.3963778998077],[-118.647148488959,34.3963983254212],[-118.647274964669,34.3963804759406],[-118.647552421651,34.3962396905825],[-118.647839872271,34.3961999900927],[-118.648182688668,34.3961752588368],[-118.648414995428,34.3961492090246],[-118.648458629272,34.3961356175014],[-118.648833612988,34.3961030789966],[-118.649330408132,34.3960450801936],[-118.649459079963,34.3960138584785],[-118.649553238179,34.3959847300826],[-118.64945618378,34.3959375428887],[-118.649342703106,34.3958503708127],[-118.649208252269,34.3957308688127],[-118.64909246427,34.3956247078974],[-118.649255247685,34.395600198807],[-118.64971374433,34.39552011728],[-118.650385830134,34.3954110488755],[-118.650529884819,34.3953924147211],[-118.650932199758,34.3953349675475],[-118.651076286416,34.3953204571394],[-118.651367708858,34.3952824795361],[-118.651506820342,34.395267636526],[-118.651639267983,34.3952487352514],[-118.651953893513,34.3952106315408],[-118.652081435143,34.3952006553114],[-118.652223937565,34.3951954154324],[-118.652368057291,34.3951850477117],[-118.652644771912,34.3951746297638],[-118.652782337103,34.3951738892687],[-118.653362576245,34.395189285545],[-118.653816917887,34.3952140109768],[-118.653937942769,34.3952177822369],[-118.654004236576,34.3952174246988],[-118.654082174927,34.3952221728713],[-118.65412527058,34.3952219403992],[-118.654158417485,34.3952217615834],[-118.654236274686,34.3952161729773],[-118.654312512888,34.395215761616],[-118.654473213995,34.3952059943037],[-118.65455104158,34.3951966399007],[-118.654627247859,34.3951917523416],[-118.654705069373,34.3951820444666],[-118.654814381223,34.3951718617694],[-118.654926980015,34.3951578440778],[-118.65503125353,34.3951387288406],[-118.655244696566,34.3950919078609],[-118.655781016752,34.3950020950604],[-118.655875338983,34.3949830329129],[-118.656199826312,34.3949355825158],[-118.656327338034,34.3949208183775],[-118.656448254148,34.3949112349309],[-118.656559265509,34.3949061829701],[-118.656675281937,34.394905554732],[-118.656791334533,34.3949093771165],[-118.656919068206,34.3949227826431],[-118.657056776601,34.3949402549497],[-118.65711816931,34.3949488277308],[-118.657184574075,34.3949625653168],[-118.657239338501,34.3949711964988],[-118.65731565346,34.3949797162455],[-118.657393662,34.3949933628667],[-118.657516449677,34.3950109119377],[-118.657664174727,34.3950375908164],[-118.658190292996,34.3951261041902],[-118.658782861528,34.3952334923651],[-118.658988664798,34.3952687811897],[-118.659738975096,34.3954113583381],[-118.659883310581,34.3954284334715],[-118.660155308197,34.395449978434],[-118.660586413926,34.3954703027002],[-118.66133239068,34.3954847857918],[-118.661569474737,34.3954924259364],[-118.66172858119,34.3954915577659],[-118.662116491247,34.3954990552292],[-118.662559022528,34.3954966380267],[-118.662767813726,34.3954906611118],[-118.663172224653,34.395488450022],[-118.663286698823,34.3955019204662],[-118.663381092786,34.3954921434125],[-118.663603263022,34.3955001884328],[-118.663830434216,34.3955123545821],[-118.664044355676,34.3955297343819],[-118.664250088051,34.3955512480763],[-118.66441435259,34.3955733754088],[-118.664776182781,34.3956356355317],[-118.665063349957,34.3956886647756],[-118.665167947223,34.3957111210357],[-118.66526750246,34.3957243099309],[-118.665566281086,34.3957779883061],[-118.665792092485,34.3958268664924],[-118.666247209523,34.3959480299801],[-118.666591138753,34.3960516053412],[-118.666693914173,34.3960899744758],[-118.667182974226,34.3962726343146],[-118.667482187987,34.3963809050157],[-118.667593530877,34.3964170598161],[-118.667698279147,34.3964573438458],[-118.667809692691,34.3965024251675],[-118.668142391949,34.3966520593776],[-118.668242237515,34.3967016540741],[-118.668337044792,34.3967423547593],[-118.668498291591,34.3968012348141],[-118.668624811836,34.3968692350534],[-118.668774752119,34.3969649394265],[-118.668924803466,34.3970740282562],[-118.669074894194,34.3971875658138],[-118.669208366081,34.3972964221193],[-118.669418824638,34.3974965152838],[-118.669514071542,34.397592554029],[-118.669692743057,34.3977564114849],[-118.669781217983,34.3978339119681],[-118.669959777451,34.3979837046337],[-118.670054840098,34.3980566842325],[-118.670188435376,34.3981796011013],[-118.670349366293,34.3982806295373],[-118.670432197236,34.3983980893212],[-118.670532339764,34.398484423012],[-118.670610722843,34.3985437836972],[-118.670760961352,34.3986758721855],[-118.670966526457,34.3988853045293],[-118.671083581182,34.3990127637753],[-118.671339498212,34.3992998771192],[-118.671470147461,34.3994685118723],[-118.671554100104,34.3996013243254],[-118.67179938069,34.4000073401111],[-118.671866452641,34.4001031418393],[-118.672000415268,34.4002714033608],[-118.672084186651,34.4003815398678],[-118.672173025816,34.4005043744503],[-118.672419854894,34.4008969771237],[-118.672526013642,34.4011114134576],[-118.672617221765,34.401321782809],[-118.672649453567,34.4014130009566],[-118.67268997763,34.4015044706073],[-118.672796799183,34.401801342195],[-118.672956384255,34.4022676026647],[-118.672995320032,34.4023683696548],[-118.673051387998,34.4025374156946],[-118.673085203693,34.4026196599615],[-118.67463573135,34.4057173170275],[-118.67464361014,34.4057324173655],[-118.674645641032,34.4057392830596],[-118.67484600908,34.4056621589053],[-118.676670818807,34.4049597511771],[-118.676684170938,34.4049545928562],[-118.676716097737,34.4049423240697],[-118.677574602146,34.4046118469058],[-118.679236545658,34.4044334431674],[-118.684122849747,34.4039086952683],[-118.68541385915,34.4037700176095],[-118.687034121182,34.4035959625288],[-118.691448347587,34.4031216548402],[-118.691449374495,34.4031215398978],[-118.691455053457,34.4031330923969],[-118.69146009847,34.4031433547904],[-118.691468055458,34.403159543578],[-118.691498607727,34.4032216951169],[-118.691643239151,34.4035160602561],[-118.6916488651,34.4035275093706],[-118.691843094929,34.4039228143787],[-118.691843733316,34.4039241134721],[-118.692032432983,34.4043081605558],[-118.692041908229,34.4043274446682],[-118.692107272508,34.4044604753581],[-118.692211264988,34.4046720987698],[-118.692229009629,34.4047082090198],[-118.692405535221,34.4050674342044],[-118.692414789332,34.4050862651707],[-118.692584378091,34.405431370907],[-118.692602463834,34.4054681742472],[-118.692737605103,34.4057431783732],[-118.692770074645,34.4058076725804],[-118.69277974719,34.4058270970512],[-118.692811677971,34.4058919351098],[-118.692837418731,34.4059450198957],[-118.692868132659,34.4060076606091],[-118.692900573714,34.406073936401],[-118.692915061848,34.4061035830345],[-118.692932950445,34.4061401882102],[-118.692954439389,34.4061839815806],[-118.69296806568,34.406211748899],[-118.692973511665,34.4062228338542],[-118.692984352715,34.4062448967706],[-118.692991492668,34.4062594267731],[-118.693019505672,34.4063164049393],[-118.693045602118,34.4063694578976],[-118.693479105609,34.4072508185525],[-118.693659907604,34.4076184730738],[-118.693699618801,34.4076991877165],[-118.693747660702,34.4077968335248],[-118.693804353588,34.4079121145678],[-118.694152970425,34.4086199896134],[-118.694436385279,34.4091975460815],[-118.69445401675,34.4092334195483],[-118.694646573996,34.4096251856807],[-118.695206423106,34.4107642033932],[-118.695301693979,34.4109579396874],[-118.695426343743,34.4112114188458],[-118.696230461132,34.4128465775395],[-118.696291892932,34.4129714948015],[-118.697064516528,34.4145425394831],[-118.69719580377,34.4148094919654],[-118.697795085712,34.4160280092907],[-118.697948938749,34.4163407991967],[-118.697979349974,34.4164026190528],[-118.698067115462,34.4165810259025],[-118.69891196131,34.4182983707872],[-118.698969668902,34.4184156711548],[-118.699839934391,34.420184600161],[-118.699902531179,34.4203118330647],[-118.700187548426,34.4208911474412],[-118.70018874715,34.4208935873189],[-118.700567470977,34.42166378162],[-118.701333179448,34.4232209273527],[-118.701360224375,34.4232759257931],[-118.701868606412,34.424309735779],[-118.702164115392,34.4249103740029],[-118.702207909191,34.4249993889183],[-118.702711593623,34.4260231297583],[-118.703010222113,34.4266303453698],[-118.703044649551,34.4267003474599],[-118.703434769622,34.427493581523],[-118.703635839257,34.4279024873653],[-118.703864180612,34.4283665958958],[-118.703890954137,34.428421012047],[-118.704255890263,34.4291627391084],[-118.704702392426,34.4300702706729],[-118.704740250051,34.4301472186043],[-118.705394035494,34.4314760186723],[-118.705569696912,34.4318329686924],[-118.705586490798,34.4318670928102],[-118.706412130041,34.4335447724188],[-118.706441513127,34.4336044793131],[-118.706526121836,34.4337763973852],[-118.70708722043,34.4349164863365],[-118.707132418034,34.4350094040042],[-118.707143286057,34.4350317089181],[-118.707485980751,34.4357281306053],[-118.70758714936,34.4359337223818],[-118.708415435103,34.4376168948962],[-118.708531714953,34.4378531836424],[-118.708884238002,34.4385695231438],[-118.709044285847,34.4388948763304],[-118.709386167062,34.4395897864134],[-118.709438681365,34.4396965253167],[-118.710386096993,34.4416221743369],[-118.710420494718,34.4416920852557],[-118.710692281194,34.4422444808926],[-118.711222751481,34.4433213036596],[-118.711356587047,34.4435932529149],[-118.711427617075,34.4437375814408],[-118.712336607076,34.4455845525562],[-118.712390998201,34.4456950665561],[-118.712508729486,34.4459342774986],[-118.712508839138,34.4459345013395],[-118.713087168181,34.4471098235817],[-118.713290264684,34.4475225745522],[-118.713369432302,34.4476834668854],[-118.713875571693,34.4487120648794],[-118.713994407456,34.4489535641174],[-118.714306332343,34.4495874559],[-118.714628826884,34.450242612496],[-118.714628907742,34.4502427770026],[-118.714628961853,34.4502442633328],[-118.714757504242,34.4505040204564],[-118.714811662498,34.450614041596],[-118.714816807409,34.4506244935587],[-118.7149028389,34.4507992643194],[-118.714910003039,34.4508138181341],[-118.71500126296,34.4509992106835],[-118.715005656943,34.45100813714],[-118.715089027572,34.4511775006507],[-118.715093630925,34.4511868532027],[-118.715103887653,34.4512076887815],[-118.715148494545,34.4512983070986],[-118.715422887912,34.4518557200088],[-118.71544447725,34.451899577325],[-118.715785261888,34.4525918460156],[-118.715831322424,34.4526854134775],[-118.716120720879,34.4532732860609],[-118.716157989112,34.4533489726439],[-118.716193369897,34.4534208252638],[-118.716537256029,34.4541191968301],[-118.716567206356,34.4541800203451],[-118.716922830752,34.454902216062],[-118.716940581057,34.4549382622638],[-118.717079662992,34.4552207051535],[-118.717304380357,34.4556770285521],[-118.717321467433,34.4557117253987],[-118.717696527245,34.4564733295097],[-118.717714547417,34.4565099230432],[-118.717878332486,34.4568425017024],[-118.718044868654,34.4571813232912],[-118.718085969083,34.4572648021023],[-118.718103081268,34.4572995581921],[-118.718482160828,34.4580694979153],[-118.718496072848,34.458097753822],[-118.718859539106,34.4588359665642],[-118.718890009186,34.4588978502491],[-118.719217214352,34.4595624013908],[-118.719268025353,34.4596655985475],[-118.719596624727,34.460332967646],[-118.719629655113,34.4604000486977],[-118.719639444371,34.4604199301247],[-118.720135818812,34.4614281479698],[-118.720606450563,34.4623841035033],[-118.720687600652,34.4625489361618],[-118.721463500622,34.4641248979144],[-118.721870276224,34.4649511000001],[-118.721890771044,34.4649927250416],[-118.72290820346,34.467059151553],[-118.722910119314,34.4670630438313],[-118.723098564759,34.4674452022633],[-118.723131975661,34.4675129571518],[-118.723161668737,34.4675732549665],[-118.723319252125,34.4678932641208],[-118.723543860906,34.4683493755328],[-118.723571355004,34.4684052065793],[-118.723847880463,34.4689667374854],[-118.723902541525,34.4690777351433],[-118.723918379821,34.4691098961498],[-118.723949659775,34.4691734163444],[-118.724306187718,34.4698973871568],[-118.724368029649,34.4700229639071],[-118.72440234769,34.470092649549],[-118.724494108757,34.4702789776682],[-118.724504247216,34.4702995661328],[-118.725084298987,34.4714773883624],[-118.72509387146,34.4714968270829],[-118.72563741995,34.4726004944902],[-118.725701083348,34.472729758707],[-118.726217675573,34.4737786607619],[-118.726428345491,34.474206401967],[-118.726491335317,34.4743342940413],[-118.726520368312,34.474393241763],[-118.726578650537,34.4745115758449],[-118.728628394144,34.478673060011],[-118.728778263097,34.4789773123908],[-118.72881070539,34.4790431746749],[-118.731280731638,34.4840571523243],[-118.731467128018,34.484435497414],[-118.734207434237,34.489997299122],[-118.734356735242,34.490300301173],[-118.735419114702,34.4924563019292],[-118.737041926919,34.4957490964468],[-118.737285606757,34.496243513747],[-118.738314412421,34.4983308554898],[-118.738756822901,34.4992292608657],[-118.738767772231,34.4992514623703],[-118.739342442872,34.5004170509123],[-118.739828048439,34.5014024875831],[-118.740066812166,34.5018870023172],[-118.74114644647,34.5040777822144],[-118.742913105152,34.507661048831],[-118.742985889223,34.5078086675496],[-118.744712982328,34.5113113481214],[-118.745827709999,34.5135725337434],[-118.746007469905,34.5139371566795],[-118.746053110396,34.5140297343088],[-118.748272578156,34.5185311115456],[-118.748792291472,34.5195848894393],[-118.748871023176,34.5197445242541],[-118.751826081481,34.5257356667719],[-118.751893722522,34.5258728585516],[-118.754562188498,34.5312847285556],[-118.754748850959,34.5316632658265],[-118.754792348773,34.5317514277807],[-118.755425519765,34.5330347428138],[-118.757380769225,34.536997870431],[-118.757520140597,34.5372803486861],[-118.758603741796,34.5394765230437],[-118.758913648947,34.5401044898293],[-118.760117959684,34.542544804563],[-118.760399842543,34.5431159645436],[-118.762450988903,34.5472718168398],[-118.762803691298,34.5479871347663],[-118.763170161396,34.5487303625234],[-118.763382882053,34.5491617702296],[-118.764249415464,34.5509170677031],[-118.764952396879,34.5523419643696],[-118.765415560368,34.5532801368294],[-118.765756577382,34.5539708751603],[-118.765814341268,34.5540878763432],[-118.766047209468,34.5545595476526],[-118.767845504986,34.5582032622964],[-118.76832701195,34.5591787070679],[-118.768327571654,34.5591798412725],[-118.770358102273,34.563293159212],[-118.770564516848,34.5637112756825],[-118.773007301924,34.5686590703324],[-118.773265870021,34.5691827569424],[-118.775599958121,34.5739097261042],[-118.775871290115,34.574459190779],[-118.776045076381,34.5748111122259],[-118.778913016422,34.5806183287891],[-118.778944432536,34.5806819365646],[-118.781349509407,34.5855511348959],[-118.7817279686,34.5863172873413],[-118.782820690679,34.5885293094503],[-118.784059550546,34.5910370770154],[-118.784090076544,34.5910988653657],[-118.784303918777,34.5915317107249],[-118.784865688085,34.5926687792639],[-118.784887522906,34.5927129732151],[-118.785583959003,34.5941225691785],[-118.785585738449,34.5941261719443],[-118.785641250008,34.5942385279626],[-118.786395005867,34.5957640777576],[-118.786521700093,34.5960204920717],[-118.786523121691,34.5960233677947],[-118.786597782579,34.5961744728751],[-118.787074067607,34.5971384001633],[-118.787522183454,34.5980452928513],[-118.787528275913,34.5980576242826],[-118.787779118059,34.5985652658963],[-118.788531680716,34.6000882288042],[-118.788729345081,34.6004882343851],[-118.789529070439,34.6021065561494],[-118.789579219941,34.6022080356525],[-118.789719489598,34.6024918787241],[-118.789745082603,34.6025436662641],[-118.790409561578,34.6038882334163],[-118.790763048225,34.60460349342],[-118.79079586547,34.6046698963455],[-118.790991223607,34.6050651846104],[-118.791984981535,34.6070758961209],[-118.792025332053,34.6071575351936],[-118.793215091923,34.6095646814674],[-118.793275438463,34.6096867705342],[-118.794477951247,34.612119558044],[-118.794500645795,34.6121654674512],[-118.795722908269,34.6146380486866],[-118.795759716638,34.6147125082007],[-118.796803572192,34.6168240463365],[-118.796803618889,34.6168241397903],[-118.796800007404,34.6168241625569],[-118.793217982547,34.616900688958],[-118.784649445401,34.6170833298607],[-118.775461838629,34.6172799728242],[-118.766273346113,34.6174745691128],[-118.756734663261,34.617598237822],[-118.74719517488,34.6177211918184],[-118.744566941798,34.6177547959372],[-118.744107379953,34.6177613858911],[-118.744097874642,34.617760352308],[-118.741556146818,34.6177927470392],[-118.738274682627,34.617834505911],[-118.729354990648,34.6179485453288],[-118.729340883231,34.6179485875827],[-118.729325912082,34.6179487477077],[-118.724949932054,34.6179946997031],[-118.720534733264,34.6180409222307],[-118.717141820531,34.6180763151781],[-118.715584642638,34.6180924334722],[-118.714110173421,34.6181076782467],[-118.711678229428,34.6181329840243],[-118.707360915159,34.6181137173053],[-118.706999000656,34.6181121125271],[-118.705359781968,34.6181047341115],[-118.704203304818,34.6180995393715],[-118.703434169323,34.6180960780336],[-118.702665913269,34.6180930503009],[-118.702560932881,34.618092636428],[-118.701850103274,34.6180898162212],[-118.70134947661,34.6180871822887],[-118.699688921302,34.6180798775465],[-118.699212556261,34.6180769852079],[-118.695920393642,34.6180619919612],[-118.695190116829,34.6180586410066],[-118.694113293206,34.6180549277876],[-118.688889378952,34.6180648514605],[-118.687913761872,34.6180666799332],[-118.687192196235,34.6180680277904],[-118.68433653375,34.6180509796773],[-118.68180245613,34.6180357957327],[-118.678464300569,34.6180157113918],[-118.67839455664,34.6180152918832],[-118.669588143896,34.6179618641041],[-118.66645616784,34.6179058607823],[-118.660713008255,34.6178029538335],[-118.660695523402,34.6178026918431],[-118.656581886273,34.6177490988283],[-118.651940301634,34.6176884603829],[-118.64642471462,34.617616178103],[-118.643239885937,34.6175743264835],[-118.643166754749,34.6175733664792],[-118.64308167369,34.6175737759486],[-118.63423679256,34.6176159901009],[-118.632346607977,34.6176249293672],[-118.627297805245,34.6176486585031],[-118.625358555487,34.6176577179173],[-118.625305957654,34.6176579631946],[-118.625304360002,34.6176579515776],[-118.625295698903,34.6176578924455],[-118.625269983883,34.6176577172717],[-118.621022379633,34.6176286734997],[-118.617349077543,34.6176034363001],[-118.6110813971,34.6175601191853],[-118.606735020604,34.6175298899184],[-118.596481431798,34.6174579737799],[-118.592121220586,34.6174271295572],[-118.592072782171,34.6174267857643],[-118.591643132158,34.6174237385571],[-118.589251209636,34.6174067418003],[-118.571836125793,34.6172816634935],[-118.560955714202,34.6172022263084],[-118.560955576069,34.6172013100976],[-118.560496202394,34.6171988633368],[-118.554158901764,34.6171521262351],[-118.536866379092,34.6170229927423],[-118.518958121644,34.6168866922581],[-118.518958113623,34.616885582521],[-118.51895652927,34.6166320565611],[-118.518872260425,34.6031570751468],[-118.518867746737,34.6024787687349],[-118.518867742911,34.6024781557165],[-118.518867716668,34.6024770956389],[-118.518866091277,34.6022380397382],[-118.518866147051,34.6022307317645],[-118.518895086227,34.598416822239],[-118.518970597551,34.5884635961856],[-118.518970599722,34.5884632454838],[-118.51896777631,34.5880109894619],[-118.518966772065,34.5876377982604],[-118.518949705761,34.5812813414533],[-118.518929236653,34.573656491779],[-118.518928823385,34.5735050599238],[-118.518928836011,34.5735018441311],[-118.518909188926,34.5660629321598],[-118.5188904516,34.5589676414653],[-118.519107686078,34.5589682407042],[-118.519238180203,34.5589686008477],[-118.523689429067,34.5589808497171],[-118.528140613852,34.5589929357939],[-118.528145210056,34.558765561621],[-118.528182413821,34.5569251620943],[-118.528189091989,34.5565948190451],[-118.528189645925,34.5565674282517],[-118.528193707804,34.556366456653],[-118.528210998146,34.5555111362727],[-118.528221702062,34.5549815670558],[-118.528232536268,34.5544455982025],[-118.528234235692,34.5543614702268],[-118.528246853207,34.5537372827624],[-118.528266976116,34.5527417398011],[-118.528282079988,34.5519944423737],[-118.528305537089,34.550833850221],[-118.528313199016,34.5504547525779],[-118.528328894356,34.5496782275753],[-118.52837772876,34.5472619203096],[-118.528417540608,34.5452809309781],[-118.528449236711,34.5437037321858],[-118.528480043518,34.5421882375861],[-118.528521593737,34.5401441650875],[-118.537180874409,34.5401581205199],[-118.537272703847,34.5401291891161],[-118.537367962131,34.5400905330086],[-118.537425677806,34.5400330594401],[-118.537427178495,34.5399437698949],[-118.537421406972,34.5399318682037],[-118.53739006723,34.5398672464347],[-118.537308970595,34.53981103515],[-118.537238262729,34.5397540809826],[-118.53724020197,34.5396709244022],[-118.537309659975,34.5396121548409],[-118.537398819053,34.5395770695935],[-118.537484139355,34.5395498247335],[-118.53748527275,34.5394446753094],[-118.537496123536,34.5384379665953],[-118.537555260221,34.5329514192027],[-118.537581179661,34.5305481503522],[-118.537635753363,34.5254877396739],[-118.537659238614,34.5217908162158],[-118.537683329836,34.5181177008993],[-118.537683485626,34.5180939430717],[-118.542187287827,34.5180994741436],[-118.543556033387,34.5181011292885],[-118.545462816373,34.5181034096986],[-118.546691456749,34.5181048635804],[-118.546704382286,34.5169771061386],[-118.546847728505,34.5168527111227],[-118.546898814353,34.5167332156876],[-118.546950465629,34.5166995885388],[-118.547192084943,34.5166317118999],[-118.547387472363,34.5165449595669],[-118.547640869361,34.5165151934672],[-118.547813673708,34.5165001022383],[-118.54818790038,34.5165270371001],[-118.548465292862,34.5166402790627],[-118.549065653206,34.5167854559776],[-118.549722387276,34.5167395493983],[-118.550224300288,34.5168136053489],[-118.550328355334,34.5168608401751],[-118.550760636164,34.5168636503933],[-118.551019858699,34.5168433926307],[-118.551296372108,34.516823054917],[-118.551555404639,34.5167741732468],[-118.551768710468,34.5167827451493],[-118.551890057361,34.5168299000716],[-118.552763845068,34.5167495958734],[-118.552976992426,34.5167343127508],[-118.553178264588,34.5166666078992],[-118.553365094704,34.5165650835553],[-118.553390745341,34.5165511452856],[-118.553395493633,34.5163984636896],[-118.553457683442,34.51621689758],[-118.55353181279,34.5160972942769],[-118.553617595021,34.5159967196216],[-118.553743688349,34.515891191088],[-118.553915886869,34.5157854530264],[-118.554174565104,34.5156840891968],[-118.554502593192,34.5156110326977],[-118.554565576,34.5155487278141],[-118.554656674766,34.5153813399526],[-118.554672755879,34.5151999828808],[-118.554636140405,34.5148948310482],[-118.554802191566,34.514731871609],[-118.554865458709,34.5147124998147],[-118.555141319133,34.5147195475317],[-118.555199720808,34.5147177704647],[-118.555268906566,34.5147216273155],[-118.555322299461,34.5147339063379],[-118.55539682952,34.514768748668],[-118.555515592446,34.5147670136027],[-118.555640185757,34.5147610758478],[-118.555694779564,34.5147375692141],[-118.555744499249,34.5146311962162],[-118.555809687842,34.5144681001293],[-118.555802241658,34.5143240017942],[-118.555764660578,34.5141983487889],[-118.555698953534,34.5140895812585],[-118.555618929183,34.5139730079269],[-118.555381661889,34.5138273969443],[-118.555371066113,34.5131697093092],[-118.555755760507,34.5128874240671],[-118.556233795169,34.5126681725111],[-118.556575611111,34.5125046442345],[-118.556742036745,34.5123989276422],[-118.556823928825,34.5123639648688],[-118.556881278683,34.5123219591328],[-118.556953140646,34.5122953913588],[-118.557185520051,34.5121416652509],[-118.557390492054,34.5120476972508],[-118.557532686397,34.5119814489785],[-118.557682315389,34.5119497527758],[-118.557859056207,34.5118785745454],[-118.557979646519,34.5118136168205],[-118.558300702748,34.5115632343599],[-118.558412311152,34.5114482265585],[-118.558521823004,34.5112998337352],[-118.558629325564,34.5112170455456],[-118.558708326041,34.5111809020641],[-118.558833165051,34.5111051911881],[-118.55896408647,34.5110771567684],[-118.55909514513,34.5110693979396],[-118.559389254822,34.5110978597859],[-118.559596502907,34.5110647030336],[-118.559780083145,34.5110173504224],[-118.559958092817,34.5109153452798],[-118.560072932905,34.5108527983294],[-118.560095117804,34.5107238886532],[-118.560093961785,34.5105521520536],[-118.560163182176,34.5102193205263],[-118.560161191025,34.5099235513229],[-118.560199637331,34.5096419082904],[-118.560239526569,34.5095749351178],[-118.560342678732,34.5094885881709],[-118.560503555335,34.5094162856192],[-118.560733649384,34.5093532059543],[-118.560917801981,34.5093141899317],[-118.561142325319,34.509279758883],[-118.561424735195,34.509283223466],[-118.56160962678,34.5093539276107],[-118.561529173502,34.5093876942627],[-118.561391027517,34.5094121857859],[-118.561322359988,34.5094845402024],[-118.561311831285,34.5096324780844],[-118.561393444669,34.5097704490758],[-118.561400365459,34.5099421590349],[-118.56137770001,34.5099995111419],[-118.561378440268,34.5101092323463],[-118.561425412766,34.5102378216384],[-118.561517972798,34.5102898700524],[-118.561667838747,34.5102939478412],[-118.561817512537,34.5102694026752],[-118.56208273284,34.5102872571043],[-118.562227255722,34.5103533762636],[-118.56230854895,34.5104436426257],[-118.562355489741,34.5105674607981],[-118.562345447438,34.5107869556569],[-118.562351596495,34.5108441753982],[-118.56243320292,34.511009848013],[-118.562481371875,34.5111154990712],[-118.562650400155,34.5113961825474],[-118.562837414341,34.5117798275855],[-118.562820899929,34.5118943996581],[-118.562740896377,34.5119949532419],[-118.562718263557,34.5120570763486],[-118.562730240823,34.5121238090734],[-118.562963439231,34.5125186893282],[-118.563003909742,34.512537584433],[-118.563160660353,34.5127066918547],[-118.563166940352,34.512782992776],[-118.563236807055,34.5128876215295],[-118.563318684118,34.5130637554655],[-118.563487266876,34.5132776506985],[-118.563545608638,34.5133823336543],[-118.563754953646,34.5136580575533],[-118.563784254651,34.5137294806509],[-118.563791020178,34.5138773393151],[-118.56386648932,34.513958088949],[-118.563964656817,34.513986256725],[-118.564080339005,34.5140477376256],[-118.564202465249,34.5142093712604],[-118.564209101065,34.5143381468642],[-118.564198092743,34.5144145280505],[-118.564279278342,34.5145708885298],[-118.564670279312,34.5144848885996],[-118.565043280506,34.5143818880253],[-118.565623278874,34.5140818876801],[-118.566183280643,34.5135218883498],[-118.566495280208,34.5132578880211],[-118.567011280954,34.5129098880014],[-118.567606279222,34.5123008879318],[-118.568105280374,34.5116438865628],[-118.568500280189,34.5110858868282],[-118.568555641829,34.5109905835243],[-118.56871927931,34.5107088878615],[-118.568833278804,34.5104628863052],[-118.568791280111,34.5101358869975],[-118.568743281032,34.5099068862594],[-118.569074278999,34.5093158870507],[-118.569243279059,34.5092808871264],[-118.569361280196,34.5089698873699],[-118.569391280258,34.5085278864042],[-118.569530279538,34.5081348873081],[-118.569781279986,34.5077898866376],[-118.570281279421,34.5074098870868],[-118.570696280225,34.5070958868465],[-118.570909279492,34.5068168860303],[-118.57106027921,34.5064888869019],[-118.571190279822,34.5059978872478],[-118.571393279883,34.5053758864784],[-118.571533279162,34.5049658853948],[-118.571662281234,34.5047368872068],[-118.571612279967,34.5045398860098],[-118.571676278805,34.5043108863759],[-118.571901278419,34.5041128867873],[-118.572094279112,34.5038128856782],[-118.572101280507,34.5038008857316],[-118.57213211057,34.5037059532162],[-118.571389202065,34.5037024764491],[-118.570937896668,34.5037003658508],[-118.570575432929,34.5036986691314],[-118.569246306416,34.5036924387046],[-118.568606585542,34.5036894347455],[-118.568364379626,34.5036882824848],[-118.568239829904,34.5036876898491],[-118.567491315369,34.5036841550675],[-118.564329196507,34.5036690516469],[-118.559408962435,34.5036705073222],[-118.559146631806,34.5036705788486],[-118.555401997552,34.5036716355377],[-118.553249628261,34.503656236307],[-118.553118511687,34.5036552397719],[-118.552948392134,34.5036539537315],[-118.551833495357,34.5036454957805],[-118.546787435542,34.5036070369533],[-118.546799038415,34.5039424223505],[-118.546823383952,34.5050371659841],[-118.546854398801,34.5065290404442],[-118.546864873047,34.5070167131281],[-118.546869515779,34.507268944501],[-118.546869674687,34.5072777129878],[-118.545922061132,34.507268484873],[-118.541878625408,34.5039488074545],[-118.539034475209,34.5016131070925],[-118.538973879854,34.5015638314974],[-118.538892626954,34.5015059739209],[-118.538914924469,34.5013474018263],[-118.539008148922,34.5006236102837],[-118.539035209352,34.5004459225549],[-118.539051012271,34.5003228870012],[-118.539066889705,34.5002125383768],[-118.539073389751,34.5001902029038],[-118.539089608874,34.5001331125797],[-118.539140028583,34.499974199183],[-118.5392770424,34.499605705101],[-118.53954644751,34.4988220772531],[-118.539576746244,34.4987339800857],[-118.539606142471,34.4986607036061],[-118.539705778598,34.4984153432222],[-118.539754805145,34.4982983407607],[-118.53980716265,34.4981826965016],[-118.539838278101,34.4981190226526],[-118.539885836334,34.4980312110716],[-118.539938381896,34.4979451091349],[-118.540012359858,34.497837609536],[-118.540074899623,34.4977562718585],[-118.540178633866,34.4976318262018],[-118.540493302121,34.4972776506562],[-118.540641972356,34.4971157126397],[-118.540775080503,34.4969706952016],[-118.541061752575,34.4966510236868],[-118.541149051324,34.4965503372905],[-118.541328531632,34.49633520047],[-118.541354865585,34.4963017479769],[-118.541437155297,34.496196631934],[-118.541519355255,34.4960777543371],[-118.541589914422,34.4959544732374],[-118.541634137553,34.4958656534809],[-118.541691124039,34.4957381181348],[-118.541864764855,34.4953494001841],[-118.541926416953,34.4952023734908],[-118.541930127932,34.4951935237074],[-118.54205253501,34.4948790292584],[-118.542086697432,34.4947727257403],[-118.542098002262,34.4947252753702],[-118.542109309371,34.494678511055],[-118.542131657153,34.4945427504026],[-118.542152073409,34.4943647318043],[-118.542153860155,34.494338811066],[-118.542174817145,34.4940348846664],[-118.542184194031,34.493691690515],[-118.542185956449,34.4931970647085],[-118.542185472387,34.4926138300227],[-118.542181693838,34.4925427565124],[-118.542183845691,34.4923641324756],[-118.542193403581,34.4920480880344],[-118.542206551801,34.4917735719951],[-118.54221429918,34.4916897245673],[-118.542217090976,34.4916090068566],[-118.542220321233,34.4915952557693],[-118.542234095998,34.49141726587],[-118.542296635174,34.4908285837958],[-118.542319559796,34.4905268996124],[-118.542364513284,34.4897861505604],[-118.542367717782,34.4897686284682],[-118.542418701532,34.4890098749273],[-118.542461497164,34.4883729775957],[-118.542464438249,34.4883138824652],[-118.542476499106,34.4881283470964],[-118.542522706115,34.4873257596502],[-118.542544939348,34.4869182843672],[-118.54255253574,34.4868107281259],[-118.542599184726,34.4863306847348],[-118.542614434633,34.4861252102718],[-118.542620091702,34.4859743872744],[-118.542623232236,34.4859472515012],[-118.542619290031,34.4858514198799],[-118.542594630283,34.4856320544681],[-118.542589118561,34.485549647383],[-118.54258489687,34.4854122698321],[-118.542584437907,34.4853600694833],[-118.542578488538,34.4846837538448],[-118.542574722327,34.4846150702097],[-118.542567644478,34.4845467664972],[-118.542564148033,34.4845196315379],[-118.542545368727,34.484439010181],[-118.542499613461,34.4842918481807],[-118.542467448714,34.4841937527029],[-118.542442077479,34.4841196743675],[-118.542362629002,34.4838950597543],[-118.542338878063,34.4838154802105],[-118.542242402963,34.4835235907082],[-118.542206876701,34.483417953518],[-118.542113708929,34.4831257236812],[-118.541959702712,34.4826616878623],[-118.541853007373,34.4823296731232],[-118.541839332683,34.4822675490696],[-118.541788574636,34.4821166398042],[-118.54175250113,34.4819893013922],[-118.541739322971,34.481942726568],[-118.541691101358,34.4817522412268],[-118.541677652191,34.4816974699579],[-118.541669247352,34.4816273627241],[-118.54165067625,34.4815786699105],[-118.541630106107,34.4814764060557],[-118.541623249555,34.4814434567397],[-118.541614395031,34.4813877192522],[-118.541605950873,34.4813343112994],[-118.541600347735,34.4812378280042],[-118.541603041295,34.4811416403554],[-118.541614116675,34.4810598389466],[-118.541638394345,34.480965617695],[-118.541662854113,34.4808998895045],[-118.541685746477,34.4808482673914],[-118.54174796357,34.4807205678292],[-118.541909872272,34.4803598752382],[-118.54201298131,34.4801426635726],[-118.542193167863,34.479786006264],[-118.542230839421,34.4797113162855],[-118.54233072467,34.4795078554058],[-118.542358600273,34.4794572503601],[-118.542897125936,34.4783337077676],[-118.543101779272,34.4779133850357],[-118.543285189523,34.4775450358052],[-118.543378587279,34.4773656749067],[-118.54347692107,34.4771793923893],[-118.543611422691,34.4769431596788],[-118.543640967921,34.4768942525458],[-118.543698486786,34.4768101819745],[-118.543818515994,34.4766447734721],[-118.543856285312,34.4765841536665],[-118.543887390672,34.4765208104239],[-118.543908519391,34.4764540797389],[-118.543918209836,34.4764131751734],[-118.54393417504,34.4763179430761],[-118.543939343234,34.476272865738],[-118.544057135146,34.4756920508024],[-118.544224109138,34.4750622944818],[-118.544361190149,34.4746187270381],[-118.544460381415,34.4743270351056],[-118.544700111012,34.4737952035826],[-118.5448932739,34.4735527072613],[-118.545095277256,34.4732392318675],[-118.545193881453,34.4730955666924],[-118.545364876395,34.4728601858119],[-118.545550716625,34.472611707173],[-118.545618139327,34.4725207295439],[-118.545846646637,34.4722019633984],[-118.545918550211,34.4721063162299],[-118.545960127021,34.4720510039712],[-118.546086813089,34.4718896831806],[-118.546170748421,34.4717869497513],[-118.546220202023,34.4717383066684],[-118.546228369375,34.4717193638261],[-118.546337070023,34.4715986576128],[-118.54641457099,34.4715272191011],[-118.546498734435,34.4714595162504],[-118.546571196713,34.4713976124182],[-118.546639623916,34.4713239914371],[-118.546650133725,34.4713126740148],[-118.546729456951,34.4712252392721],[-118.54679147628,34.4710697011584],[-118.54680011098,34.4710309548591],[-118.546790276448,34.4710287300026],[-118.546896611663,34.4703159175478],[-118.54692278582,34.4703213710875],[-118.546922811931,34.4703212032844],[-118.546950341593,34.4701429548603],[-118.54693998833,34.4701407918552],[-118.546957211265,34.4700493202366],[-118.546967830254,34.4699815878437],[-118.546980453676,34.4698779707351],[-118.54698441363,34.4698352002989],[-118.546989088622,34.4697693816039],[-118.546993074268,34.4695853973225],[-118.546996153729,34.4695456329645],[-118.546998220695,34.4695189337066],[-118.546999247308,34.469482339382],[-118.546999515413,34.4694028687687],[-118.546998967674,34.4693745089474],[-118.546998097314,34.4693464174345],[-118.54699536677,34.4692903479553],[-118.546990405774,34.4692238352303],[-118.546986884948,34.4691873127873],[-118.546981068486,34.4691367214185],[-118.547035269962,34.4691435036922],[-118.547059099168,34.4691464903527],[-118.547297519339,34.4691762921136],[-118.547460595201,34.4678330158719],[-118.54694902434,34.4674590622496],[-118.546761616188,34.4673220655834],[-118.547223719935,34.4673875276757],[-118.54733425171,34.4674028737236],[-118.547960154967,34.4674899793114],[-118.547960187283,34.4674899277779],[-118.548221240692,34.4670755419139],[-118.548769257805,34.4662056242021],[-118.548746042962,34.466202257359],[-118.548630311948,34.4661861283298],[-118.548524371528,34.4662257635788],[-118.548379081978,34.4662801426461],[-118.548065959382,34.4663973232329],[-118.548059348698,34.4663997710036],[-118.548075078693,34.4661082832106],[-118.548519468361,34.4657214651028],[-118.548923742826,34.4650584115415],[-118.548977424294,34.4648709982614],[-118.549088253404,34.4644871099297],[-118.549253006784,34.4639151713783],[-118.549239757241,34.4636462961016],[-118.549209224197,34.4630084969486],[-118.549680262959,34.4626695686766],[-118.549676116145,34.4625327641107],[-118.549673935106,34.4624609179981],[-118.549673901925,34.4624463304012],[-118.549790883989,34.462443334786],[-118.549786768362,34.4622913346971],[-118.549852512637,34.4622899919556],[-118.54985074408,34.4622428830136],[-118.549842066076,34.4620116829563],[-118.549817311171,34.4613521856626],[-118.549792549858,34.4606924828113],[-118.549741705154,34.4593378392502],[-118.549746119043,34.4590626173366],[-118.549742797659,34.4590044941413],[-118.549734267207,34.4588552177178],[-118.549727300814,34.458733304835],[-118.54970948615,34.458600315239],[-118.549679405103,34.4583757995843],[-118.549645140238,34.4580640387045],[-118.549560671848,34.4576868634473],[-118.5494881813,34.4574293299091],[-118.549425794766,34.4572767137006],[-118.549425741669,34.4572765841198],[-118.549210082589,34.4567490105769],[-118.548931500591,34.4560674982443],[-118.548838693123,34.4558326685327],[-118.548744244411,34.455550694936],[-118.548690600756,34.4552781002556],[-118.548640143262,34.4550417085492],[-118.548633826619,34.4549687262128],[-118.548613716427,34.4547355509939],[-118.548596179422,34.4545062091863],[-118.5485588746,34.4542059472485],[-118.548559906296,34.4540965799465],[-118.548565365714,34.4539585237792],[-118.548575378619,34.4538060810468],[-118.54858997187,34.4536496102763],[-118.54861187646,34.4534899970483],[-118.548641140043,34.4533298555983],[-118.54867800334,34.4531700485035],[-118.548721766102,34.4530101831493],[-118.548770697255,34.4528544622046],[-118.548827234461,34.4526947707289],[-118.548888488595,34.4525415732894],[-118.548954245978,34.4523933301203],[-118.549025338596,34.4522479747352],[-118.549101135424,34.4521060355759],[-118.549182276151,34.4519656633921],[-118.549266163205,34.4518297007553],[-118.549354692369,34.4516956652613],[-118.549366045916,34.451679710759],[-118.54944983204,34.4515626816105],[-118.549550416177,34.4514336517044],[-118.549657095982,34.4513079775657],[-118.549886399881,34.4510547356407],[-118.550733503056,34.4501372479337],[-118.551112232481,34.4497291977514],[-118.551190983939,34.4496443597586],[-118.551321941,34.4495032783647],[-118.55197189264,34.4488030434941],[-118.552407821846,34.4483078172116],[-118.552503749239,34.448183010756],[-118.552593121449,34.4480598000454],[-118.552637892424,34.4479935342348],[-118.552751522634,34.4478168789052],[-118.552821675416,34.447697103881],[-118.552888877454,34.4475717139662],[-118.553013343538,34.4473087247249],[-118.553069376056,34.4471749481287],[-118.553167442032,34.4469083178403],[-118.553212430284,34.4467695915997],[-118.553251809187,34.4466262200556],[-118.553289569794,34.4464628751155],[-118.553315541073,34.446338302227],[-118.553340187116,34.446194288324],[-118.553358624406,34.4460528522765],[-118.553370664558,34.4459136433475],[-118.553380380322,34.4456386979048],[-118.553402044587,34.4446907150707],[-118.553415259477,34.4443410522873],[-118.55341849768,34.4442553653604],[-118.55341879846,34.4442474070231],[-118.553381475612,34.4442458688443],[-118.553347756864,34.4441694803374],[-118.553385272591,34.4439188811923],[-118.553391452196,34.443885589898],[-118.553478271974,34.4434178803626],[-118.553489272005,34.4433848817082],[-118.55351354181,34.443309356515],[-118.553632270666,34.4429398805983],[-118.553662119106,34.4428733155358],[-118.553706881848,34.4429695270432],[-118.553763319979,34.4428351685274],[-118.553837176888,34.4426692713345],[-118.554234696822,34.4418171208433],[-118.55462476716,34.4409730546458],[-118.555085874173,34.4399897009601],[-118.555136089542,34.4398808503784],[-118.555378620785,34.4393551105606],[-118.555447891281,34.4391988229662],[-118.555511854973,34.4390424225946],[-118.555570047809,34.4388859927178],[-118.555621135744,34.4387285522703],[-118.555665326374,34.438571527444],[-118.555703004213,34.4384125265099],[-118.555732965039,34.4382551827769],[-118.55575687522,34.4380958049355],[-118.55577462605,34.4379376651668],[-118.555786166799,34.4377785369086],[-118.555787370303,34.4377570198089],[-118.555807902571,34.4373899089232],[-118.555821041782,34.4371549909881],[-118.555869532013,34.4362011945034],[-118.555923712729,34.4350616983701],[-118.555938912763,34.4347872718673],[-118.555950854729,34.4345716522661],[-118.555961129653,34.4344153578755],[-118.555978745826,34.4343131761938],[-118.555997784797,34.4342291936406],[-118.556013717048,34.4341668559175],[-118.556032705977,34.4340747363075],[-118.556075647449,34.4338999386677],[-118.556126837354,34.4337386533105],[-118.556163617621,34.4336193924602],[-118.556250657568,34.433443046578],[-118.556347297779,34.4332395888319],[-118.556451088429,34.4330094442401],[-118.556523027129,34.4328559159206],[-118.556595056545,34.4327164898959],[-118.556672070465,34.4325790685123],[-118.556745866395,34.4324554301323],[-118.556862377941,34.432273179586],[-118.556944495148,34.4321546434516],[-118.557026715586,34.4320515771761],[-118.557427997382,34.4316251844108],[-118.557490596758,34.4315586481342],[-118.557557274897,34.4314885031541],[-118.557873007025,34.4311522122855],[-118.557984934572,34.431028728628],[-118.55822850287,34.4307538488196],[-118.558447300453,34.4304945403154],[-118.558652993097,34.4302593357785],[-118.558779737397,34.4301199827775],[-118.558913098765,34.4299785391393],[-118.559241109381,34.429639237318],[-118.559384059353,34.429491365154],[-118.559835177482,34.4290132115113],[-118.560123235112,34.4286986224816],[-118.56058403418,34.428181950845],[-118.560761844861,34.4279939281831],[-118.561000626853,34.4277496350602],[-118.561159251843,34.4275764235515],[-118.561188270588,34.4275447354639],[-118.561331328981,34.4273671781999],[-118.561397069833,34.4272806589512],[-118.561526741341,34.4270849586376],[-118.561585761594,34.4269854170178],[-118.561693904426,34.4267939380176],[-118.561862505347,34.4264702793109],[-118.561994798836,34.4261722065501],[-118.562024096315,34.4260910080754],[-118.562048456757,34.4260153282471],[-118.562066194345,34.4259410530456],[-118.562129408324,34.4257260803572],[-118.56214390393,34.425662811724],[-118.562179529443,34.4255365871909],[-118.562195561382,34.4254162864114],[-118.562385536945,34.423990763815],[-118.562423620027,34.4238453493653],[-118.562440810822,34.4237785080134],[-118.56246707777,34.423676303189],[-118.56250896734,34.4234957786639],[-118.56251425038,34.4234698412377],[-118.562602046448,34.4230388528607],[-118.562629197055,34.4228855311572],[-118.562646548319,34.422754238923],[-118.562659041675,34.4226401435322],[-118.562663335723,34.4225394821378],[-118.562673587681,34.4220935884996],[-118.562686021755,34.4217215955806],[-118.562694219955,34.4214662850314],[-118.562697462808,34.4212100292127],[-118.562695597296,34.4209338739804],[-118.562699941165,34.4205951754293],[-118.562695008681,34.4198650040978],[-118.562697168137,34.4198104077016],[-118.562693399076,34.4196265653389],[-118.562684709562,34.4193219440899],[-118.562671884021,34.4191416615392],[-118.562634826262,34.4188100256337],[-118.562598517897,34.4185886588776],[-118.562559255662,34.4184208617326],[-118.562518548778,34.4182860730101],[-118.562446998895,34.4180016383984],[-118.562386001128,34.4178071779941],[-118.562355335436,34.4177251863659],[-118.562310151258,34.4176230657619],[-118.562200855263,34.4173965432504],[-118.562081691061,34.4171806991228],[-118.561972859473,34.4170228372694],[-118.561921025071,34.416957819519],[-118.561797181647,34.4167852724677],[-118.561708263489,34.4166448828251],[-118.561559228666,34.4164095806636],[-118.561522447247,34.4163546885538],[-118.561411853742,34.4161904334284],[-118.561343042544,34.416094457628],[-118.561209347652,34.41590798352],[-118.561154892051,34.4158370346266],[-118.561108995701,34.4157772333102],[-118.561047003822,34.4156799726552],[-118.560966525704,34.4155467386121],[-118.560872593327,34.4153850447414],[-118.560731533432,34.4151167381071],[-118.560620610286,34.4148936493455],[-118.560475897104,34.4145755681968],[-118.560418595312,34.4144370635735],[-118.56028867111,34.4140999995735],[-118.560074646292,34.413581638445],[-118.559919529609,34.4131962714138],[-118.559865562339,34.4130598129519],[-118.559739283253,34.4127701633072],[-118.55959303712,34.412469941351],[-118.559444973983,34.4121460171187],[-118.559418048518,34.4120925006354],[-118.559403367532,34.4120633215179],[-118.559352558555,34.4119623346439],[-118.559251907491,34.4117855607047],[-118.559244937843,34.4117741901749],[-118.559012212178,34.4113940733677],[-118.558968690397,34.411331074259],[-118.558893446285,34.4112355720801],[-118.558622831761,34.4109287241192],[-118.558546033103,34.4108480177354],[-118.558454242518,34.4107567106199],[-118.558365825229,34.4106736667396],[-118.558270776217,34.4105913096427],[-118.558169030716,34.4104980223774],[-118.558052217717,34.4103831484853],[-118.558033855178,34.4103643276989],[-118.557943704952,34.4102699338953],[-118.557850192739,34.4101693817487],[-118.557636331174,34.4099196156471],[-118.557544460078,34.4098159760624],[-118.557073635498,34.4093166521189],[-118.556904938142,34.4091278223674],[-118.556632500888,34.4087938285074],[-118.556508766084,34.4086357083189],[-118.556135803623,34.408143125037],[-118.556035553704,34.4080247374944],[-118.55597129495,34.4079490260247],[-118.555884174009,34.4078463803494],[-118.555688015155,34.4076151942551],[-118.555578713195,34.4074794994933],[-118.555447060244,34.4073074866211],[-118.555400429901,34.407246560493],[-118.555367108783,34.4072007661394],[-118.555311758372,34.4071246826623],[-118.555203084431,34.4069860844364],[-118.555069373185,34.4068211360254],[-118.554964122709,34.406698644144],[-118.554872270937,34.4065967081704],[-118.554791251558,34.4065113685944],[-118.554718682272,34.4064349299771],[-118.554558354718,34.4062553409439],[-118.554344419777,34.4059928558988],[-118.554123840623,34.4057273148684],[-118.554031977208,34.4056229847285],[-118.553744769049,34.4053086180032],[-118.553624511619,34.4051721330816],[-118.553415663554,34.4049257706551],[-118.553271904276,34.4047450648474],[-118.553042904752,34.4044586012923],[-118.552889152465,34.4042700521359],[-118.552583190453,34.4038764372253],[-118.552384293811,34.4036289882126],[-118.552121962483,34.4033145313967],[-118.552072349387,34.4032523554208],[-118.552051756266,34.4032265632697],[-118.551986504476,34.4031348068215],[-118.551926224603,34.4030433811135],[-118.551865906121,34.4029461063645],[-118.551761964738,34.4027700281828],[-118.551693229109,34.4026528685277],[-118.551591827546,34.4024850764139],[-118.55153568499,34.4023921748063],[-118.551411548292,34.4021687834319],[-118.551362819341,34.4020700826903],[-118.551352948233,34.4020494498642],[-118.551322482388,34.4019857702091],[-118.551293788317,34.4019079436503],[-118.551144935323,34.4014562332259],[-118.551116087076,34.4013553747977],[-118.551092237717,34.4012582945352],[-118.551069985553,34.4011519121388],[-118.55105602111,34.4010454974867],[-118.551052753062,34.4010159472553],[-118.551043676745,34.4009339015364],[-118.551016058579,34.4005173923276],[-118.551016998269,34.4004088445179],[-118.551041326263,34.4000772595695],[-118.551042817192,34.399801441233],[-118.551055226322,34.3996722366154],[-118.551072571753,34.3995385307151],[-118.551078762065,34.3994715326276],[-118.551089920516,34.3994048437283],[-118.5511317314,34.3992098878302],[-118.551147863487,34.3991435297228],[-118.551176943904,34.3990293600173],[-118.551227180691,34.3988560171542],[-118.551285813725,34.3986991198453],[-118.551323305911,34.3986031049256],[-118.551408194475,34.3984062419362],[-118.551501367812,34.3982090130442],[-118.551558690187,34.3981046596724],[-118.551673417895,34.3979090401161],[-118.551911353095,34.3975455916948],[-118.551957505421,34.3974813858401],[-118.551966178464,34.397469313513],[-118.551986899773,34.397440469093],[-118.552055919855,34.3973501623068],[-118.552335371195,34.3969995801096],[-118.552491614648,34.396816133456],[-118.552572267809,34.3967312646424],[-118.55266285725,34.3966442967809],[-118.552756791078,34.3965624469723],[-118.553107678363,34.3962872666317],[-118.553193757528,34.3962207586481],[-118.553246522906,34.3961799882983],[-118.553370235636,34.3960894266916],[-118.55348258278,34.3960132603325],[-118.553708571248,34.3958714883361],[-118.553931471461,34.3957423353509],[-118.554162692614,34.3956186649544],[-118.554273367055,34.395562156362],[-118.554496464308,34.3954622131207],[-118.55489317322,34.3952996457173],[-118.555071787081,34.395226437281],[-118.555093177775,34.3952176701538],[-118.555388212145,34.3951083462703],[-118.555516441863,34.3950608301255],[-118.555729781919,34.3949894269759],[-118.555830687882,34.3949601115948],[-118.556025972774,34.3949159369513],[-118.556335597059,34.394865461286],[-118.556390217242,34.3948565576937],[-118.556459366243,34.3948466795532],[-118.556663439439,34.3948175219716],[-118.556885424456,34.394800366929],[-118.557119066436,34.3947920723496],[-118.55752178042,34.3947850826311],[-118.557626211521,34.3947866615474],[-118.557799254426,34.3947892869979],[-118.558511386139,34.3948000910743],[-118.559131293014,34.3948024000309],[-118.559678271075,34.3948053733167],[-118.560117493729,34.3948050509542],[-118.560540131987,34.3948030979529],[-118.560664433771,34.394802523277],[-118.561360513951,34.3947944939669],[-118.561759948522,34.3947926441326],[-118.561824583871,34.394792344674],[-118.562219810621,34.3947933941434],[-118.562525700983,34.3947939029679],[-118.563110828197,34.3948004747635],[-118.563168838333,34.3948005326143],[-118.563589842328,34.3948020114417],[-118.564537858002,34.3947952142027],[-118.564953905998,34.3947991013512],[-118.565122984106,34.3948017483469],[-118.565268437564,34.394805440138],[-118.565374946219,34.3948060696023],[-118.565580475559,34.3948068366769],[-118.565766097018,34.3948042451947],[-118.566297962544,34.3947780726621],[-118.566428874855,34.3947740272364],[-118.566805092773,34.3947705400766],[-118.567422943586,34.3947147507353],[-118.567560355675,34.3946917972161],[-118.567795507372,34.3946618434289],[-118.567836911338,34.3946561483448],[-118.567994198315,34.3946320545706],[-118.568292299794,34.3945963118456],[-118.568601922073,34.3945491648693],[-118.568871763537,34.3945025589436],[-118.568995912932,34.3944786193259],[-118.569111816683,34.3944612562537],[-118.569201195056,34.3944433044693],[-118.569290614742,34.3944315640398],[-118.569416498953,34.3944192971072],[-118.569678137846,34.3943844037541],[-118.569734417339,34.3943734768129],[-118.569830418384,34.3943548371248],[-118.56985693555,34.3943547125081],[-118.569891708323,34.3943486935791],[-118.569954606039,34.3943367211972],[-118.570044027679,34.3943249802018],[-118.570312409253,34.3943061868492],[-118.57036875942,34.3943059218021],[-118.570421756431,34.3943008609803],[-118.570492986209,34.3942943431112],[-118.57066909528,34.3942834324904],[-118.57077623983,34.3942696530037],[-118.571099065987,34.39421523778],[-118.571266871357,34.3941870449981],[-118.572000300819,34.3972378414026],[-118.572369904479,34.3987631863383],[-118.572414504023,34.39897193128],[-118.572622470723,34.399838255746],[-118.572680391069,34.3999753770014],[-118.572984175729,34.4007138723344],[-118.57318604114,34.4011938000422],[-118.57355303487,34.4020834151879],[-118.573848034799,34.4027976191146],[-118.573951650088,34.4030504507996],[-118.57422168488,34.4036488446867],[-118.574400555114,34.4040473015545],[-118.574723225501,34.4047656654095],[-118.575247574885,34.4059327548345],[-118.57551417384,34.4065311621277],[-118.575698296451,34.4069381793179],[-118.576079946198,34.4077922235496],[-118.57630743399,34.4083014505894],[-118.576319684908,34.4083292319355],[-118.576319747871,34.4083292136055],[-118.576452272281,34.4082908759437],[-118.576456264295,34.408289617351],[-118.576544273128,34.408261876014],[-118.576638521761,34.4082317014381],[-118.576797273005,34.4081808767732],[-118.5769420583,34.4081297036309],[-118.577106006693,34.4080676161358],[-118.577575250169,34.4079230453052],[-118.577732432516,34.4078797042572],[-118.577760562699,34.4078723570243],[-118.578139564716,34.4077593629958],[-118.578648460881,34.4076588880313],[-118.578690134719,34.407650660066],[-118.579358897117,34.4075495490007],[-118.579732297847,34.4074993627165],[-118.579702493661,34.4076975384644],[-118.579711241018,34.4078310030729],[-118.579721478485,34.4080662120171],[-118.579717598745,34.4081648816249],[-118.579711512997,34.4083196619329],[-118.579635553187,34.4089096252127],[-118.579621613138,34.4089683379404],[-118.579416295807,34.4098331254123],[-118.579414905706,34.4098329778902],[-118.57929192552,34.4103609763634],[-118.579116640198,34.4111135312753],[-118.579057207943,34.4113557505821],[-118.579001644627,34.4115985995917],[-118.578949958704,34.4118420376998],[-118.578927856113,34.4120009486083],[-118.578913437469,34.4121604638288],[-118.578906726079,34.4123203308217],[-118.578907729992,34.4124802926111],[-118.578916449636,34.4126400913544],[-118.578924575343,34.4127189589678],[-118.578932871337,34.4127994746844],[-118.578956968339,34.4129581866883],[-118.57898845396,34.4131214576632],[-118.579028147354,34.4132834949035],[-118.579075972624,34.4134440147787],[-118.579131853915,34.4136027399673],[-118.579195685983,34.4137593905819],[-118.579527483884,34.4145557713917],[-118.579729900858,34.4150367105633],[-118.58000255528,34.4156880922656],[-118.580204509089,34.4159510242473],[-118.58057151781,34.4164821034443],[-118.581558730449,34.417910611651],[-118.581593517915,34.4178867091048],[-118.585598999248,34.4151343866178],[-118.589710401449,34.4123089546997],[-118.594579495092,34.4089671882193],[-118.594578855451,34.4089671823398],[-118.594580891536,34.4089657839843],[-118.59458751721,34.4089612347797],[-118.594633632357,34.4089295106378],[-118.594714080214,34.4088741672358],[-118.594725911253,34.4088660287054],[-118.594753460495,34.4088470973736],[-118.594847468029,34.4087822978323],[-118.59502887338,34.4086572521872],[-118.595353622585,34.4084333960553],[-118.595873740173,34.4080748509681],[-118.595919247733,34.4080434800158],[-118.596931008492,34.4073460114421],[-118.596931755339,34.4073454965921],[-118.596944936644,34.4073364099871],[-118.596947215034,34.407334834598],[-118.596951571565,34.4073318209383],[-118.597178205339,34.4071825413535],[-118.597180383315,34.4071810710333],[-118.59719062393,34.4071740390698],[-118.597210320424,34.4071605154217],[-118.597234998119,34.4071435702318],[-118.597326508677,34.407203466922],[-118.597400374383,34.4072548975396],[-118.597471352409,34.407307108649],[-118.59752883687,34.4073515400861],[-118.597583874213,34.4073960024866],[-118.597630898045,34.4074393711146],[-118.597633264277,34.4074376086607],[-118.597674301858,34.4074734789004],[-118.597696272209,34.4074935317944],[-118.597736248281,34.4075300175885],[-118.597807658718,34.4075990734755],[-118.597843578429,34.4076355188262],[-118.597893108615,34.4076866084201],[-118.597902280901,34.4076960726591],[-118.597905280618,34.4076939140047],[-118.597906084657,34.4076933357588],[-118.598017046774,34.4076134530068],[-118.598023140327,34.4076090658095],[-118.598024367473,34.407608181657],[-118.598061845362,34.4075812003283],[-118.598063088745,34.4075803052768],[-118.598108262818,34.4075477847744],[-118.598322251841,34.4073937331449],[-118.598361226127,34.4073656733085],[-118.598364233388,34.4073635082946],[-118.598369640847,34.4073596176079],[-118.598370185167,34.4073592263579],[-118.598370389576,34.4073590630719],[-118.598580346382,34.4074832519817],[-118.603305305296,34.4074340963868],[-118.603547277564,34.4074258748166],[-118.603738277108,34.4071418742782],[-118.603794275899,34.4069958747869],[-118.60386227727,34.4068268748718],[-118.603873276917,34.4066468741637],[-118.60389627627,34.4064668741028],[-118.603952276529,34.4063088740988],[-118.603972599013,34.4062885531102],[-118.603984975274,34.4062189618634],[-118.604000380109,34.406151524641],[-118.604031518357,34.406193852008],[-118.604066206404,34.4061768474458],[-118.604100846042,34.4061533186566],[-118.604142125788,34.4061307863398],[-118.604176767863,34.4061075992008],[-118.604224508657,34.4060616775211],[-118.604244189765,34.4060327274184],[-118.60426341843,34.4060168329912],[-118.604272203468,34.4060095732773],[-118.604306682118,34.4059637176451],[-118.604333076946,34.4059460682572],[-118.604376009478,34.4059231841359],[-118.604471945546,34.4058941965353],[-118.604513218991,34.4058709771472],[-118.604547864448,34.4058481351745],[-118.604580767518,34.4058136224031],[-118.604602107132,34.4057846621699],[-118.604623407942,34.4057502072284],[-118.604629788038,34.4057158266739],[-118.60464284064,34.4056869086508],[-118.604655968329,34.4056686374613],[-118.604683869626,34.4056300286513],[-118.604718468966,34.4056010031829],[-118.60474478131,34.4055720181275],[-118.604781082783,34.4055488243414],[-118.604820410514,34.4054861125901],[-118.604896075563,34.4054050156501],[-118.604945514481,34.4053649253991],[-118.605019817418,34.4053247083809],[-118.605047914404,34.4053132340191],[-118.605117407696,34.4052953703271],[-118.605137215534,34.4052839355016],[-118.605171985317,34.4052782661997],[-118.605226687362,34.4052779932145],[-118.605296427957,34.4052944769332],[-118.605392654984,34.405305673378],[-118.605440725537,34.4053054334006],[-118.605503465992,34.4052707714113],[-118.605529610711,34.4052187751616],[-118.605550951252,34.4051901582408],[-118.605592059273,34.4051442700346],[-118.605611829244,34.4051273404218],[-118.605700961581,34.4050750286679],[-118.605790389598,34.405063246895],[-118.60584011761,34.4050629984791],[-118.605889803151,34.405056910066],[-118.605942847448,34.4050566450394],[-118.605985905081,34.4050509340924],[-118.606145034694,34.4050501388332],[-118.606219709181,34.4050611015603],[-118.606261149189,34.4050608944018],[-118.606295998782,34.4050662150763],[-118.606330809479,34.4050660410367],[-118.606358947607,34.4050604054514],[-118.606385386707,34.4050489372645],[-118.606426576696,34.4050143825488],[-118.606467681317,34.404967806183],[-118.60660625577,34.4048760889188],[-118.606639320168,34.4048639014623],[-118.606667377839,34.4048469302179],[-118.60670210372,34.4048354205059],[-118.606735216701,34.4048297590429],[-118.606771595164,34.4048175549694],[-118.606791407352,34.4048064651406],[-118.60682447561,34.404794964589],[-118.606854144694,34.4047718024624],[-118.60688045604,34.4047428178436],[-118.606900098048,34.4047083707953],[-118.606936353819,34.4046793354957],[-118.606975804315,34.404633454208],[-118.607058060727,34.4045475140847],[-118.607133849305,34.4044839320731],[-118.607209721478,34.4044316864866],[-118.607257585145,34.4044032808443],[-118.607292145195,34.4043687590287],[-118.607354754293,34.4043165779639],[-118.607437010001,34.404230637582],[-118.607471609982,34.4042016122164],[-118.607491333172,34.4041784988501],[-118.607519388264,34.4041615274188],[-118.607539152601,34.4041439105408],[-118.607560617421,34.4041324679162],[-118.60757379651,34.4041210677014],[-118.607608477968,34.4041033760755],[-118.607732633683,34.4040804254559],[-118.607795579157,34.40407427161],[-118.60785516794,34.4040622943665],[-118.607946252152,34.4040505035962],[-118.607994321973,34.4040502626066],[-118.608044132091,34.4040613470602],[-118.608083998164,34.4040728257449],[-118.608127221699,34.4040897833812],[-118.608160501185,34.4041071343584],[-118.608236995658,34.4041404125042],[-118.608278435203,34.4041402046563],[-118.608299943648,34.4041346018716],[-118.608319791987,34.4041286621198],[-118.608347849075,34.4041116913874],[-118.608361020855,34.4040996032464],[-118.60838248914,34.4040885030443],[-118.608395624376,34.4040712627694],[-118.608423719047,34.4040594432426],[-118.60845011741,34.4040424790051],[-118.608478207381,34.4040303160016],[-118.608512977507,34.4040246466374],[-118.608554334208,34.4040131049223],[-118.608705005776,34.4039893341682],[-118.608733101805,34.4039778589516],[-118.608767743882,34.4039546704874],[-118.608794099481,34.4039318680018],[-118.608822068886,34.4039032181195],[-118.608856544153,34.4038573602866],[-118.60889768986,34.4038169665561],[-118.608919110311,34.4037993411356],[-118.608945508497,34.4037823776915],[-118.608973602987,34.4037705571356],[-118.609001655129,34.403753241886],[-118.60903476753,34.4037475806962],[-118.609084283813,34.4037184781504],[-118.609104005367,34.4036953663297],[-118.60911042581,34.403666481124],[-118.609123480464,34.4036382486691],[-118.609129858541,34.4036038678735],[-118.60913797923,34.4035808134151],[-118.609165783736,34.4035294940988],[-118.609185505209,34.4035063804616],[-118.609247863485,34.4034198518094],[-118.609260918066,34.4033916211423],[-118.60926737862,34.4033682315275],[-118.60928046977,34.4033451520868],[-118.609286894054,34.4033169529251],[-118.609286683058,34.4032881010267],[-118.609301141467,34.4032251710538],[-118.609300890262,34.4031908217525],[-118.609307350795,34.4031674330368],[-118.609320487119,34.4031505361412],[-118.60932860663,34.4031274825763],[-118.609341744023,34.4031105847715],[-118.609354833688,34.403087161842],[-118.609376218683,34.4030647276902],[-118.609395812949,34.4030240967885],[-118.609436543426,34.4029270295005],[-118.609457797699,34.4028867337333],[-118.609490279041,34.4027948601971],[-118.609504945761,34.4027604377206],[-118.60951803423,34.402737013877],[-118.609532577799,34.4026857611226],[-118.609532366712,34.402656908322],[-118.609523870395,34.4026284424558],[-118.609523033628,34.4025140652837],[-118.609531027365,34.4024738361518],[-118.609530735876,34.4024339930525],[-118.609543622925,34.4023827486218],[-118.609542738395,34.4022618463248],[-118.609528723093,34.4021588686789],[-118.609527552127,34.4019988102301],[-118.609518887515,34.4019473306357],[-118.609518470394,34.401890313785],[-118.609511501027,34.4018439779836],[-118.609511166826,34.4017982949063],[-118.609504206095,34.4017529895239],[-118.609503281426,34.401626591622],[-118.609489434633,34.4015466276952],[-118.609460672285,34.4014667387295],[-118.609432033443,34.4014040244199],[-118.609418397461,34.4013525698009],[-118.60941818893,34.4013240604729],[-118.60942460692,34.4012951770606],[-118.609465376699,34.4012036026489],[-118.609478175657,34.4011403365957],[-118.609477924399,34.4011059890936],[-118.609492590827,34.4010715666152],[-118.609498969643,34.4010371857896],[-118.609512060369,34.4010141072223],[-118.609520182118,34.4009913953138],[-118.609519973566,34.4009628877883],[-118.609526475489,34.4009453372373],[-118.609519722292,34.400928540286],[-118.609519136815,34.4008485097037],[-118.609525555808,34.4008196244768],[-118.609545277634,34.4007965116734],[-118.609566703285,34.4007795730801],[-118.609586504419,34.4007674514764],[-118.609614643044,34.4007618142219],[-118.609669174045,34.4007388689906],[-118.609690637364,34.4007270834022],[-118.60973841116,34.4006866542418],[-118.60975150394,34.4006635756372],[-118.609751338029,34.4006409053841],[-118.609737742538,34.4005952907866],[-118.6097375339,34.400566781458],[-118.609729158371,34.4005548015024],[-118.609728866794,34.4005149583993],[-118.609743448975,34.4004692012188],[-118.609784132544,34.4003659503476],[-118.609810276647,34.4003142957283],[-118.609948333922,34.4001531917514],[-118.609989354052,34.4000959673652],[-118.610017361988,34.4000728118999],[-118.610037084589,34.4000496990102],[-118.610071768859,34.4000326936257],[-118.610113123362,34.4000211513763],[-118.610182737261,34.4000208011122],[-118.610252436346,34.4000317845715],[-118.61029221743,34.4000315843711],[-118.610333695184,34.4000368714213],[-118.610424857681,34.400036412561],[-118.610540758265,34.4000189990887],[-118.61063842235,34.4000009885596],[-118.610692952235,34.3999777002824],[-118.610714373836,34.399960418016],[-118.610727507939,34.3999431774844],[-118.610727258687,34.3999091734576],[-118.610713830033,34.3998862283134],[-118.610698784151,34.3998687844108],[-118.610685440019,34.3998575174197],[-118.610657180594,34.3998463246359],[-118.610637163687,34.3998292510492],[-118.610636952225,34.3998003982458],[-118.610656468163,34.399749120303],[-118.610662885588,34.3997202350195],[-118.61070407117,34.3996856788403],[-118.610758769524,34.3996854033597],[-118.610931360342,34.3997133869361],[-118.610961195225,34.3997132366241],[-118.611140244826,34.3997178301983],[-118.611166724411,34.3997122009422],[-118.611203107212,34.3997006833763],[-118.61121619833,34.3996776028148],[-118.611215943847,34.3996429127399],[-118.611202222809,34.3995801227448],[-118.611180339234,34.3995345482737],[-118.611165253026,34.3995116115329],[-118.611145196872,34.399489042424],[-118.611125179613,34.399471626333],[-118.611111754851,34.3994493654833],[-118.61108166563,34.3994148248553],[-118.611054853629,34.3993751162915],[-118.611034669072,34.3993350299379],[-118.611004496803,34.3992891546147],[-118.610984103236,34.3992205598252],[-118.611003534609,34.3991579462529],[-118.611026399311,34.3991114602016],[-118.611045914847,34.3990601821941],[-118.611058838572,34.3990144332037],[-118.611084602502,34.3989112570565],[-118.611106671015,34.3987562328789],[-118.611119637135,34.3987159785694],[-118.611119176115,34.3986531235395],[-118.61111225038,34.3986129694761],[-118.611068318353,34.3984988085499],[-118.611041380705,34.3984419262291],[-118.611034541756,34.3984134503068],[-118.611021069343,34.398384665223],[-118.611020392663,34.3983815258551],[-118.614312054656,34.3957920441239],[-118.615122269246,34.3951536760358],[-118.615410277361,34.3949698721876],[-118.615438761925,34.3949420358229],[-118.615462704127,34.3949441492278],[-118.615593637491,34.3949434845831],[-118.6156565791,34.3949376692217],[-118.615711272146,34.3949373915183],[-118.615759298256,34.3949316527409],[-118.61588343045,34.3949076642411],[-118.616042202842,34.3948611729169],[-118.616257245225,34.3948034056099],[-118.61633986092,34.3947686369184],[-118.616414059986,34.3947163930728],[-118.616448651796,34.3946873642342],[-118.616483289324,34.3946645179358],[-118.616503052054,34.3946472430624],[-118.616531099559,34.3946299260621],[-118.616565693827,34.3946012397635],[-118.616600327291,34.394577706476],[-118.616626591357,34.3945432241259],[-118.616661188105,34.3945148821764],[-118.616708827847,34.3944572765057],[-118.616743254195,34.3944059217077],[-118.616886983481,34.3941187216382],[-118.616913160821,34.394072561075],[-118.616961994657,34.3939524353218],[-118.616968411619,34.3939235487826],[-118.616968241229,34.3939005368587],[-118.616974702882,34.3938778337763],[-118.617029569165,34.3938045539379],[-118.617053277653,34.3937598727167],[-118.617174276886,34.3935178714241],[-118.617208278293,34.3933268723132],[-118.617250070635,34.3931878300353],[-118.617253301493,34.3931770789134],[-118.617253326979,34.3931769958417],[-118.617344237095,34.3932409536982],[-118.617455313117,34.3933190540843],[-118.617623326366,34.3932007444569],[-118.623142574261,34.3930401197765]]]},"properties":{"OBJECTID":3325,"DISTRICT_NAME":"WM S HART UNION HIGH","LABEL":"WM S HART UNION HIGH TA1","TRUSTEE_AREA":"1","DISTRICT_TYPE":"High School District","Shape__Area":4853757499.5185547,"Shape__Length":338891.10279094381}},{"type":"Feature","id":3326,"geometry":{"type":"Polygon","coordinates":[[[-118.623401287603,34.3211810466533],[-118.627777003832,34.3211727671401],[-118.631305226982,34.321165974728],[-118.632151889933,34.3211643077665],[-118.635751838128,34.3211610450971],[-118.643116680893,34.3211532953944],[-118.64316667812,34.321260241111],[-118.643807298057,34.3217906790456],[-118.643974924164,34.3218742297982],[-118.644168328639,34.3219003949851],[-118.645097818882,34.3218625310344],[-118.645918696763,34.3220556638404],[-118.646568613981,34.3220021052553],[-118.647098009312,34.3221116287555],[-118.647327327584,34.3220975223775],[-118.647843007636,34.3223065854842],[-118.647843307807,34.3223452260207],[-118.648028656455,34.3224444201493],[-118.648027208975,34.3224802076194],[-118.648136081747,34.3225053869499],[-118.648281917893,34.3226255438989],[-118.648889617735,34.3231318021441],[-118.649966973568,34.3234723792245],[-118.650033671545,34.3236194361814],[-118.650042435327,34.3236372794763],[-118.650254646681,34.3238622714298],[-118.65031207381,34.3239263679719],[-118.650232784501,34.3241557867066],[-118.650155533317,34.3242041474077],[-118.650069663213,34.3242532692328],[-118.649768296927,34.3243200064858],[-118.64955130373,34.3243669686885],[-118.649319366432,34.3244884333665],[-118.649184361411,34.3246523144558],[-118.649018639131,34.324637459506],[-118.648974005291,34.3246656069121],[-118.648608149676,34.3248693667404],[-118.648544536608,34.3248968997622],[-118.647939368356,34.325162049056],[-118.647857707579,34.3253091846919],[-118.647597647908,34.3258086368545],[-118.647261554223,34.3260694817543],[-118.647308484895,34.3261150296459],[-118.647309277542,34.3262938627129],[-118.647369276799,34.3262688622716],[-118.647478276687,34.3261758621617],[-118.647653396572,34.3259259123945],[-118.647659773136,34.3259168123444],[-118.647705278462,34.3258518622991],[-118.647875837845,34.3256520545188],[-118.648063228872,34.3254325261614],[-118.648154277634,34.3253258629304],[-118.648235235549,34.325251512801],[-118.648252276692,34.3252358627115],[-118.648278277343,34.3251968632767],[-118.648291277438,34.3251208626602],[-118.648283277589,34.3250568631213],[-118.648535277482,34.3250408624928],[-118.648764277651,34.3250098628403],[-118.64883015975,34.3249925338912],[-118.649186277438,34.3248988630875],[-118.649292277322,34.3248528615595],[-118.649432278718,34.3247468635917],[-118.649602277629,34.3246328620597],[-118.649740829914,34.3245858814125],[-118.649776278645,34.3245738620898],[-118.650039277543,34.3245258620003],[-118.650157278614,34.3244798620329],[-118.650282277439,34.3243988614622],[-118.650328599828,34.3243454133844],[-118.650360278707,34.324308862272],[-118.650433277582,34.3241268634841],[-118.650450062459,34.3239903899099],[-118.650456277352,34.323939861747],[-118.650509276604,34.3238788624467],[-118.650688277616,34.3238438632636],[-118.650794761289,34.3238499672794],[-118.65100227887,34.3238618617258],[-118.651147276797,34.3238348618919],[-118.651313277012,34.3237688616093],[-118.651438278466,34.3236688623994],[-118.65148527693,34.3235418619532],[-118.651482278207,34.3233958615656],[-118.651421277631,34.3232218626496],[-118.651424277626,34.3231518620541],[-118.651461277949,34.3231108626461],[-118.651572278799,34.3230988620406],[-118.651661278147,34.3231428621307],[-118.651862119504,34.323348070276],[-118.651891277684,34.32337786191],[-118.651999277229,34.3234208624771],[-118.6520432773,34.3234248620513],[-118.652093277988,34.3234398624567],[-118.652152278275,34.3234498612932],[-118.652191277898,34.3234448623334],[-118.652279277781,34.323400862743],[-118.652295231293,34.3233973176095],[-118.652297278231,34.3233968630269],[-118.652306077796,34.3233939379077],[-118.657364254604,34.3337102054227],[-118.663396088988,34.3460094898867],[-118.664016117119,34.3472734938084],[-118.666227032822,34.3517791956432],[-118.670584198342,34.360657278516],[-118.673610067258,34.3668215163011],[-118.677853512942,34.375464534868],[-118.69138967823,34.4031029531798],[-118.691436965577,34.4030963024217],[-118.691437000987,34.4030963752451],[-118.691449374495,34.4031215398978],[-118.691448347587,34.4031216548402],[-118.687034121182,34.4035959625288],[-118.68541385915,34.4037700176095],[-118.684122849747,34.4039086952683],[-118.679236545658,34.4044334431674],[-118.677574602146,34.4046118469058],[-118.676716097737,34.4049423240697],[-118.676684170938,34.4049545928562],[-118.676670818807,34.4049597511771],[-118.67484600908,34.4056621589053],[-118.674645641032,34.4057392830596],[-118.67464361014,34.4057324173655],[-118.67463573135,34.4057173170275],[-118.673085203693,34.4026196599615],[-118.673051387998,34.4025374156946],[-118.672995320032,34.4023683696548],[-118.672956384255,34.4022676026647],[-118.672796799183,34.401801342195],[-118.67268997763,34.4015044706073],[-118.672649453567,34.4014130009566],[-118.672617221765,34.401321782809],[-118.672526013642,34.4011114134576],[-118.672419854894,34.4008969771237],[-118.672173025816,34.4005043744503],[-118.672084186651,34.4003815398678],[-118.672000415268,34.4002714033608],[-118.671866452641,34.4001031418393],[-118.67179938069,34.4000073401111],[-118.671554100104,34.3996013243254],[-118.671470147461,34.3994685118723],[-118.671339498212,34.3992998771192],[-118.671083581182,34.3990127637753],[-118.670966526457,34.3988853045293],[-118.670760961352,34.3986758721855],[-118.670610722843,34.3985437836972],[-118.670532339764,34.398484423012],[-118.670432197236,34.3983980893212],[-118.670349366293,34.3982806295373],[-118.670188435376,34.3981796011013],[-118.670054840098,34.3980566842325],[-118.669959777451,34.3979837046337],[-118.669781217983,34.3978339119681],[-118.669692743057,34.3977564114849],[-118.669514071542,34.397592554029],[-118.669418824638,34.3974965152838],[-118.669208366081,34.3972964221193],[-118.669074894194,34.3971875658138],[-118.668924803466,34.3970740282562],[-118.668774752119,34.3969649394265],[-118.668624811836,34.3968692350534],[-118.668498291591,34.3968012348141],[-118.668337044792,34.3967423547593],[-118.668242237515,34.3967016540741],[-118.668142391949,34.3966520593776],[-118.667809692691,34.3965024251675],[-118.667698279147,34.3964573438458],[-118.667593530877,34.3964170598161],[-118.667482187987,34.3963809050157],[-118.667182974226,34.3962726343146],[-118.666693914173,34.3960899744758],[-118.666591138753,34.3960516053412],[-118.666247209523,34.3959480299801],[-118.665792092485,34.3958268664924],[-118.665566281086,34.3957779883061],[-118.66526750246,34.3957243099309],[-118.665167947223,34.3957111210357],[-118.665063349957,34.3956886647756],[-118.664776182781,34.3956356355317],[-118.66441435259,34.3955733754088],[-118.664250088051,34.3955512480763],[-118.664044355676,34.3955297343819],[-118.663830434216,34.3955123545821],[-118.663603263022,34.3955001884328],[-118.663381092786,34.3954921434125],[-118.663286698823,34.3955019204662],[-118.663172224653,34.395488450022],[-118.662767813726,34.3954906611118],[-118.662559022528,34.3954966380267],[-118.662116491247,34.3954990552292],[-118.66172858119,34.3954915577659],[-118.661569474737,34.3954924259364],[-118.66133239068,34.3954847857918],[-118.660586413926,34.3954703027002],[-118.660155308197,34.395449978434],[-118.659883310581,34.3954284334715],[-118.659738975096,34.3954113583381],[-118.658988664798,34.3952687811897],[-118.658782861528,34.3952334923651],[-118.658190292996,34.3951261041902],[-118.657664174727,34.3950375908164],[-118.657516449677,34.3950109119377],[-118.657393662,34.3949933628667],[-118.65731565346,34.3949797162455],[-118.657239338501,34.3949711964988],[-118.657184574075,34.3949625653168],[-118.65711816931,34.3949488277308],[-118.657056776601,34.3949402549497],[-118.656919068206,34.3949227826431],[-118.656791334533,34.3949093771165],[-118.656675281937,34.394905554732],[-118.656559265509,34.3949061829701],[-118.656448254148,34.3949112349309],[-118.656327338034,34.3949208183775],[-118.656199826312,34.3949355825158],[-118.655875338983,34.3949830329129],[-118.655781016752,34.3950020950604],[-118.655244696566,34.3950919078609],[-118.65503125353,34.3951387288406],[-118.654926980015,34.3951578440778],[-118.654814381223,34.3951718617694],[-118.654705069373,34.3951820444666],[-118.654627247859,34.3951917523416],[-118.65455104158,34.3951966399007],[-118.654473213995,34.3952059943037],[-118.654312512888,34.395215761616],[-118.654236274686,34.3952161729773],[-118.654158417485,34.3952217615834],[-118.65412527058,34.3952219403992],[-118.654082174927,34.3952221728713],[-118.654004236576,34.3952174246988],[-118.653937942769,34.3952177822369],[-118.653816917887,34.3952140109768],[-118.653362576245,34.395189285545],[-118.652782337103,34.3951738892687],[-118.652644771912,34.3951746297638],[-118.652368057291,34.3951850477117],[-118.652223937565,34.3951954154324],[-118.652081435143,34.3952006553114],[-118.651953893513,34.3952106315408],[-118.651639267983,34.3952487352514],[-118.651506820342,34.395267636526],[-118.651367708858,34.3952824795361],[-118.651076286416,34.3953204571394],[-118.650932199758,34.3953349675475],[-118.650529884819,34.3953924147211],[-118.650385830134,34.3954110488755],[-118.64971374433,34.39552011728],[-118.649255247685,34.395600198807],[-118.64909246427,34.3956247078974],[-118.649208252269,34.3957308688127],[-118.649342703106,34.3958503708127],[-118.64945618378,34.3959375428887],[-118.649553238179,34.3959847300826],[-118.649459079963,34.3960138584785],[-118.649330408132,34.3960450801936],[-118.648833612988,34.3961030789966],[-118.648458629272,34.3961356175014],[-118.648414995428,34.3961492090246],[-118.648182688668,34.3961752588368],[-118.647839872271,34.3961999900927],[-118.647552421651,34.3962396905825],[-118.647274964669,34.3963804759406],[-118.647148488959,34.3963983254212],[-118.647042434627,34.3963778998077],[-118.646922421425,34.3963384664777],[-118.646821089329,34.3963332831378],[-118.646791548405,34.396383055422],[-118.646699987328,34.3964503338082],[-118.646516347586,34.3965181021906],[-118.646373949714,34.3965608435571],[-118.646136621916,34.3965926401111],[-118.645959131807,34.3965630540318],[-118.645876201279,34.3965558624017],[-118.645786557086,34.3965735142741],[-118.645706164425,34.3965968416246],[-118.645639762144,34.3966429936653],[-118.645594542306,34.3967491433831],[-118.645569871335,34.3968332391877],[-118.645524319761,34.3968964545806],[-118.645444192787,34.3969541291904],[-118.645345709227,34.3970195348195],[-118.645222332434,34.3971404123379],[-118.645135683164,34.3972477370498],[-118.645080863564,34.3973033682016],[-118.644840423321,34.3974687588148],[-118.644681624117,34.3975739226934],[-118.644607177482,34.3976220245945],[-118.64448053067,34.3976179276923],[-118.644354214807,34.3976567640555],[-118.644251176446,34.3977288716288],[-118.644182669244,34.3978007956769],[-118.644096528012,34.3978251072238],[-118.643946859287,34.397821131143],[-118.643827283011,34.397810871818],[-118.643687919199,34.3978272769144],[-118.643303620029,34.3979962895087],[-118.643131740548,34.3980973853457],[-118.642873278043,34.3981655458824],[-118.642735376138,34.3981949009284],[-118.642539557344,34.3981768556946],[-118.642337651132,34.3981159072416],[-118.642123867799,34.3980073134229],[-118.641922035805,34.397955904932],[-118.641731898594,34.3979282872772],[-118.641016765985,34.397736471585],[-118.640867244339,34.3977515739157],[-118.640752364029,34.3977808050358],[-118.640372603519,34.3977923521594],[-118.640228580466,34.3977740296608],[-118.640050466996,34.3978131358967],[-118.639952558324,34.3978041107006],[-118.639531083897,34.3976298200337],[-118.639216281985,34.3975858716671],[-118.638682278803,34.397567503654],[-118.638428545116,34.3975020498037],[-118.638140099042,34.3974129259501],[-118.63800190557,34.3974041111759],[-118.637697655698,34.3975058956662],[-118.637404221392,34.3975169803899],[-118.637254189768,34.3974652909506],[-118.637075127194,34.3973803597559],[-118.63676989191,34.3973533389777],[-118.636596620796,34.3972731467371],[-118.636382884642,34.3971693144679],[-118.635968814775,34.3972096518884],[-118.635807455887,34.3971818740268],[-118.635691883064,34.3971204618396],[-118.63556989895,34.3969732092734],[-118.635493919439,34.3968209463276],[-118.635493155362,34.3967207662488],[-118.635549795728,34.3966012023304],[-118.635456824596,34.3964848070939],[-118.635289458451,34.3964236659373],[-118.635069460658,34.3962530732818],[-118.634924387232,34.3960964008555],[-118.634647169649,34.3959690439716],[-118.634474266718,34.3959365537968],[-118.634244178634,34.3959520695018],[-118.634024982831,34.3958864258199],[-118.6337592042,34.3957494660637],[-118.633007875933,34.3953335703803],[-118.632708223582,34.3952826572257],[-118.632420479258,34.3952841582974],[-118.632000661603,34.3953245121884],[-118.631751237175,34.3952184714168],[-118.631555860578,34.3952576551282],[-118.631325629242,34.3952540830693],[-118.631083238181,34.3951647018038],[-118.630823184698,34.3950229348772],[-118.630614998999,34.3948904387009],[-118.630280458708,34.3947919939996],[-118.630042021722,34.3944640560302],[-118.629932174931,34.3943978367619],[-118.629787943708,34.3943508798675],[-118.629603825155,34.3943566069812],[-118.629430928618,34.3943241087051],[-118.629246738049,34.3943202946123],[-118.629023775304,34.3943643874709],[-118.628592055505,34.3943523142598],[-118.628322227349,34.3944395847885],[-118.628035097124,34.3945221742606],[-118.627874860459,34.3946422711052],[-118.627766596577,34.394785951719],[-118.627657865168,34.3948676165597],[-118.627455834158,34.394787560184],[-118.627312178297,34.3948169274707],[-118.627099787339,34.3948895860974],[-118.627042238509,34.3948898837058],[-118.62686901886,34.3948144483324],[-118.626806038949,34.3948577108246],[-118.626720505667,34.3949631070412],[-118.626651339817,34.394949153402],[-118.626610193398,34.3948348690921],[-118.626552251103,34.3947826914486],[-118.626322057154,34.394783880673],[-118.626177863143,34.3947416893677],[-118.626061726207,34.394603939065],[-118.625911706865,34.394552235584],[-118.625647306987,34.3945965370084],[-118.625399167659,34.394507174078],[-118.62523174127,34.3944364774649],[-118.624977383618,34.394285126752],[-118.624669546678,34.3940624910054],[-118.624184999624,34.3939123251791],[-118.623885035213,34.3938184549642],[-118.623488856268,34.3931716806946],[-118.623235076544,34.3930966543689],[-118.623142574261,34.3930401197765],[-118.617623326366,34.3932007444569],[-118.617455313117,34.3933190540843],[-118.617344237095,34.3932409536982],[-118.617253326979,34.3931769958417],[-118.617253301493,34.3931770789134],[-118.617250070635,34.3931878300353],[-118.617208278293,34.3933268723132],[-118.617174276886,34.3935178714241],[-118.617053277653,34.3937598727167],[-118.617029569165,34.3938045539379],[-118.616974702882,34.3938778337763],[-118.616968241229,34.3939005368587],[-118.616968411619,34.3939235487826],[-118.616961994657,34.3939524353218],[-118.616913160821,34.394072561075],[-118.616886983481,34.3941187216382],[-118.616743254195,34.3944059217077],[-118.616708827847,34.3944572765057],[-118.616661188105,34.3945148821764],[-118.616626591357,34.3945432241259],[-118.616600327291,34.394577706476],[-118.616565693827,34.3946012397635],[-118.616531099559,34.3946299260621],[-118.616503052054,34.3946472430624],[-118.616483289324,34.3946645179358],[-118.616448651796,34.3946873642342],[-118.616414059986,34.3947163930728],[-118.61633986092,34.3947686369184],[-118.616257245225,34.3948034056099],[-118.616042202842,34.3948611729169],[-118.61588343045,34.3949076642411],[-118.615759298256,34.3949316527409],[-118.615711272146,34.3949373915183],[-118.6156565791,34.3949376692217],[-118.615593637491,34.3949434845831],[-118.615462704127,34.3949441492278],[-118.615438761925,34.3949420358229],[-118.615410277361,34.3949698721876],[-118.615122269246,34.3951536760358],[-118.614312054656,34.3957920441239],[-118.611020392663,34.3983815258551],[-118.611021069343,34.398384665223],[-118.611034541756,34.3984134503068],[-118.611041380705,34.3984419262291],[-118.611068318353,34.3984988085499],[-118.61111225038,34.3986129694761],[-118.611119176115,34.3986531235395],[-118.611119637135,34.3987159785694],[-118.611106671015,34.3987562328789],[-118.611084602502,34.3989112570565],[-118.611058838572,34.3990144332037],[-118.611045914847,34.3990601821941],[-118.611026399311,34.3991114602016],[-118.611003534609,34.3991579462529],[-118.610984103236,34.3992205598252],[-118.611004496803,34.3992891546147],[-118.611034669072,34.3993350299379],[-118.611054853629,34.3993751162915],[-118.61108166563,34.3994148248553],[-118.611111754851,34.3994493654833],[-118.611125179613,34.399471626333],[-118.611145196872,34.399489042424],[-118.611165253026,34.3995116115329],[-118.611180339234,34.3995345482737],[-118.611202222809,34.3995801227448],[-118.611215943847,34.3996429127399],[-118.61121619833,34.3996776028148],[-118.611203107212,34.3997006833763],[-118.611166724411,34.3997122009422],[-118.611140244826,34.3997178301983],[-118.610961195225,34.3997132366241],[-118.610931360342,34.3997133869361],[-118.610758769524,34.3996854033597],[-118.61070407117,34.3996856788403],[-118.610662885588,34.3997202350195],[-118.610656468163,34.399749120303],[-118.610636952225,34.3998003982458],[-118.610637163687,34.3998292510492],[-118.610657180594,34.3998463246359],[-118.610685440019,34.3998575174197],[-118.610698784151,34.3998687844108],[-118.610713830033,34.3998862283134],[-118.610727258687,34.3999091734576],[-118.610727507939,34.3999431774844],[-118.610714373836,34.399960418016],[-118.610692952235,34.3999777002824],[-118.61063842235,34.4000009885596],[-118.610540758265,34.4000189990887],[-118.610424857681,34.400036412561],[-118.610333695184,34.4000368714213],[-118.61029221743,34.4000315843711],[-118.610252436346,34.4000317845715],[-118.610182737261,34.4000208011122],[-118.610113123362,34.4000211513763],[-118.610071768859,34.4000326936257],[-118.610037084589,34.4000496990102],[-118.610017361988,34.4000728118999],[-118.609989354052,34.4000959673652],[-118.609948333922,34.4001531917514],[-118.609810276647,34.4003142957283],[-118.609784132544,34.4003659503476],[-118.609743448975,34.4004692012188],[-118.609728866794,34.4005149583993],[-118.609729158371,34.4005548015024],[-118.6097375339,34.400566781458],[-118.609737742538,34.4005952907866],[-118.609751338029,34.4006409053841],[-118.60975150394,34.4006635756372],[-118.60973841116,34.4006866542418],[-118.609690637364,34.4007270834022],[-118.609669174045,34.4007388689906],[-118.609614643044,34.4007618142219],[-118.609586504419,34.4007674514764],[-118.609566703285,34.4007795730801],[-118.609545277634,34.4007965116734],[-118.609525555808,34.4008196244768],[-118.609519136815,34.4008485097037],[-118.609519722292,34.400928540286],[-118.609526475489,34.4009453372373],[-118.609519973566,34.4009628877883],[-118.609520182118,34.4009913953138],[-118.609512060369,34.4010141072223],[-118.609498969643,34.4010371857896],[-118.609492590827,34.4010715666152],[-118.609477924399,34.4011059890936],[-118.609478175657,34.4011403365957],[-118.609465376699,34.4012036026489],[-118.60942460692,34.4012951770606],[-118.60941818893,34.4013240604729],[-118.609418397461,34.4013525698009],[-118.609432033443,34.4014040244199],[-118.609460672285,34.4014667387295],[-118.609489434633,34.4015466276952],[-118.609503281426,34.401626591622],[-118.609504206095,34.4017529895239],[-118.609511166826,34.4017982949063],[-118.609511501027,34.4018439779836],[-118.609518470394,34.401890313785],[-118.609518887515,34.4019473306357],[-118.609527552127,34.4019988102301],[-118.609528723093,34.4021588686789],[-118.609542738395,34.4022618463248],[-118.609543622925,34.4023827486218],[-118.609530735876,34.4024339930525],[-118.609531027365,34.4024738361518],[-118.609523033628,34.4025140652837],[-118.609523870395,34.4026284424558],[-118.609532366712,34.402656908322],[-118.609532577799,34.4026857611226],[-118.60951803423,34.402737013877],[-118.609504945761,34.4027604377206],[-118.609490279041,34.4027948601971],[-118.609457797699,34.4028867337333],[-118.609436543426,34.4029270295005],[-118.609395812949,34.4030240967885],[-118.609376218683,34.4030647276902],[-118.609354833688,34.403087161842],[-118.609341744023,34.4031105847715],[-118.60932860663,34.4031274825763],[-118.609320487119,34.4031505361412],[-118.609307350795,34.4031674330368],[-118.609300890262,34.4031908217525],[-118.609301141467,34.4032251710538],[-118.609286683058,34.4032881010267],[-118.609286894054,34.4033169529251],[-118.60928046977,34.4033451520868],[-118.60926737862,34.4033682315275],[-118.609260918066,34.4033916211423],[-118.609247863485,34.4034198518094],[-118.609185505209,34.4035063804616],[-118.609165783736,34.4035294940988],[-118.60913797923,34.4035808134151],[-118.609129858541,34.4036038678735],[-118.609123480464,34.4036382486691],[-118.60911042581,34.403666481124],[-118.609104005367,34.4036953663297],[-118.609084283813,34.4037184781504],[-118.60903476753,34.4037475806962],[-118.609001655129,34.403753241886],[-118.608973602987,34.4037705571356],[-118.608945508497,34.4037823776915],[-118.608919110311,34.4037993411356],[-118.60889768986,34.4038169665561],[-118.608856544153,34.4038573602866],[-118.608822068886,34.4039032181195],[-118.608794099481,34.4039318680018],[-118.608767743882,34.4039546704874],[-118.608733101805,34.4039778589516],[-118.608705005776,34.4039893341682],[-118.608554334208,34.4040131049223],[-118.608512977507,34.4040246466374],[-118.608478207381,34.4040303160016],[-118.60845011741,34.4040424790051],[-118.608423719047,34.4040594432426],[-118.608395624376,34.4040712627694],[-118.60838248914,34.4040885030443],[-118.608361020855,34.4040996032464],[-118.608347849075,34.4041116913874],[-118.608319791987,34.4041286621198],[-118.608299943648,34.4041346018716],[-118.608278435203,34.4041402046563],[-118.608236995658,34.4041404125042],[-118.608160501185,34.4041071343584],[-118.608127221699,34.4040897833812],[-118.608083998164,34.4040728257449],[-118.608044132091,34.4040613470602],[-118.607994321973,34.4040502626066],[-118.607946252152,34.4040505035962],[-118.60785516794,34.4040622943665],[-118.607795579157,34.40407427161],[-118.607732633683,34.4040804254559],[-118.607608477968,34.4041033760755],[-118.60757379651,34.4041210677014],[-118.607560617421,34.4041324679162],[-118.607539152601,34.4041439105408],[-118.607519388264,34.4041615274188],[-118.607491333172,34.4041784988501],[-118.607471609982,34.4042016122164],[-118.607437010001,34.404230637582],[-118.607354754293,34.4043165779639],[-118.607292145195,34.4043687590287],[-118.607257585145,34.4044032808443],[-118.607209721478,34.4044316864866],[-118.607133849305,34.4044839320731],[-118.607058060727,34.4045475140847],[-118.606975804315,34.404633454208],[-118.606936353819,34.4046793354957],[-118.606900098048,34.4047083707953],[-118.60688045604,34.4047428178436],[-118.606854144694,34.4047718024624],[-118.60682447561,34.404794964589],[-118.606791407352,34.4048064651406],[-118.606771595164,34.4048175549694],[-118.606735216701,34.4048297590429],[-118.60670210372,34.4048354205059],[-118.606667377839,34.4048469302179],[-118.606639320168,34.4048639014623],[-118.60660625577,34.4048760889188],[-118.606467681317,34.404967806183],[-118.606426576696,34.4050143825488],[-118.606385386707,34.4050489372645],[-118.606358947607,34.4050604054514],[-118.606330809479,34.4050660410367],[-118.606295998782,34.4050662150763],[-118.606261149189,34.4050608944018],[-118.606219709181,34.4050611015603],[-118.606145034694,34.4050501388332],[-118.605985905081,34.4050509340924],[-118.605942847448,34.4050566450394],[-118.605889803151,34.405056910066],[-118.60584011761,34.4050629984791],[-118.605790389598,34.405063246895],[-118.605700961581,34.4050750286679],[-118.605611829244,34.4051273404218],[-118.605592059273,34.4051442700346],[-118.605550951252,34.4051901582408],[-118.605529610711,34.4052187751616],[-118.605503465992,34.4052707714113],[-118.605440725537,34.4053054334006],[-118.605392654984,34.405305673378],[-118.605296427957,34.4052944769332],[-118.605226687362,34.4052779932145],[-118.605171985317,34.4052782661997],[-118.605137215534,34.4052839355016],[-118.605117407696,34.4052953703271],[-118.605047914404,34.4053132340191],[-118.605019817418,34.4053247083809],[-118.604945514481,34.4053649253991],[-118.604896075563,34.4054050156501],[-118.604820410514,34.4054861125901],[-118.604781082783,34.4055488243414],[-118.60474478131,34.4055720181275],[-118.604718468966,34.4056010031829],[-118.604683869626,34.4056300286513],[-118.604655968329,34.4056686374613],[-118.60464284064,34.4056869086508],[-118.604629788038,34.4057158266739],[-118.604623407942,34.4057502072284],[-118.604602107132,34.4057846621699],[-118.604580767518,34.4058136224031],[-118.604547864448,34.4058481351745],[-118.604513218991,34.4058709771472],[-118.604471945546,34.4058941965353],[-118.604376009478,34.4059231841359],[-118.604333076946,34.4059460682572],[-118.604306682118,34.4059637176451],[-118.604272203468,34.4060095732773],[-118.60426341843,34.4060168329912],[-118.604244189765,34.4060327274184],[-118.604224508657,34.4060616775211],[-118.604176767863,34.4061075992008],[-118.604142125788,34.4061307863398],[-118.604100846042,34.4061533186566],[-118.604066206404,34.4061768474458],[-118.604031518357,34.406193852008],[-118.604000380109,34.406151524641],[-118.603984975274,34.4062189618634],[-118.603972599013,34.4062885531102],[-118.603952276529,34.4063088740988],[-118.60389627627,34.4064668741028],[-118.603873276917,34.4066468741637],[-118.60386227727,34.4068268748718],[-118.603794275899,34.4069958747869],[-118.603738277108,34.4071418742782],[-118.603547277564,34.4074258748166],[-118.603305305296,34.4074340963868],[-118.598580346382,34.4074832519817],[-118.598370389576,34.4073590630719],[-118.598370185167,34.4073592263579],[-118.598369640847,34.4073596176079],[-118.598364233388,34.4073635082946],[-118.598361226127,34.4073656733085],[-118.598322251841,34.4073937331449],[-118.598108262818,34.4075477847744],[-118.598063088745,34.4075803052768],[-118.598061845362,34.4075812003283],[-118.598024367473,34.407608181657],[-118.598023140327,34.4076090658095],[-118.598017046774,34.4076134530068],[-118.597906084657,34.4076933357588],[-118.597905280618,34.4076939140047],[-118.597902280901,34.4076960726591],[-118.597893108615,34.4076866084201],[-118.597843578429,34.4076355188262],[-118.597807658718,34.4075990734755],[-118.597736248281,34.4075300175885],[-118.597696272209,34.4074935317944],[-118.597674301858,34.4074734789004],[-118.597633264277,34.4074376086607],[-118.597630898045,34.4074393711146],[-118.597583874213,34.4073960024866],[-118.59752883687,34.4073515400861],[-118.597471352409,34.407307108649],[-118.597400374383,34.4072548975396],[-118.597326508677,34.407203466922],[-118.597234998119,34.4071435702318],[-118.597210320424,34.4071605154217],[-118.59719062393,34.4071740390698],[-118.597180383315,34.4071810710333],[-118.597178205339,34.4071825413535],[-118.596951571565,34.4073318209383],[-118.596947215034,34.407334834598],[-118.596944936644,34.4073364099871],[-118.596931755339,34.4073454965921],[-118.596931008492,34.4073460114421],[-118.595919247733,34.4080434800158],[-118.595873740173,34.4080748509681],[-118.595353622585,34.4084333960553],[-118.59502887338,34.4086572521872],[-118.594847468029,34.4087822978323],[-118.594753460495,34.4088470973736],[-118.594725911253,34.4088660287054],[-118.594716626111,34.40887241658],[-118.594714080214,34.4088741672358],[-118.594633632357,34.4089295106378],[-118.59458751721,34.4089612347797],[-118.594580891536,34.4089657839843],[-118.594578855451,34.4089671823398],[-118.594579495092,34.4089671882193],[-118.594576013932,34.4089695781424],[-118.589710401449,34.4123089546997],[-118.585598999248,34.4151343866178],[-118.581593517915,34.4178867091048],[-118.581558730449,34.417910611651],[-118.58057151781,34.4164821034443],[-118.580204509089,34.4159510242473],[-118.58000255528,34.4156880922656],[-118.579729900858,34.4150367105633],[-118.57971531774,34.4150020601563],[-118.579527483884,34.4145557713917],[-118.579195685983,34.4137593905819],[-118.579131853915,34.4136027399673],[-118.579075972624,34.4134440147787],[-118.579028147354,34.4132834949035],[-118.57898845396,34.4131214576632],[-118.578956968339,34.4129581866883],[-118.578932871337,34.4127994746844],[-118.578924575343,34.4127189589678],[-118.578916449636,34.4126400913544],[-118.578907729992,34.4124802926111],[-118.578906726079,34.4123203308217],[-118.578913437469,34.4121604638288],[-118.578927856113,34.4120009486083],[-118.578949958704,34.4118420376998],[-118.579001644627,34.4115985995917],[-118.579057207943,34.4113557505821],[-118.579116640198,34.4111135312753],[-118.57929192552,34.4103609763634],[-118.579414905706,34.4098329778902],[-118.579416295807,34.4098331254123],[-118.579621613138,34.4089683379404],[-118.579635553187,34.4089096252127],[-118.579711512997,34.4083196619329],[-118.579717598745,34.4081648816249],[-118.579721478485,34.4080662120171],[-118.579711241018,34.4078310030729],[-118.579702493661,34.4076975384644],[-118.579732297847,34.4074993627165],[-118.579358897117,34.4075495490007],[-118.578690134719,34.407650660066],[-118.578648460881,34.4076588880313],[-118.578139564716,34.4077593629958],[-118.577760562699,34.4078723570243],[-118.577732432516,34.4078797042572],[-118.577575250169,34.4079230453052],[-118.577106006693,34.4080676161358],[-118.5769420583,34.4081297036309],[-118.576797273005,34.4081808767732],[-118.576638521761,34.4082317014381],[-118.576544273128,34.408261876014],[-118.576456264295,34.408289617351],[-118.576452272281,34.4082908759437],[-118.576319684908,34.4083292319355],[-118.57630743399,34.4083014505894],[-118.576079946198,34.4077922235496],[-118.575698296451,34.4069381793179],[-118.57551417384,34.4065311621277],[-118.575247574885,34.4059327548345],[-118.574723225501,34.4047656654095],[-118.574400555114,34.4040473015545],[-118.57422168488,34.4036488446867],[-118.573951650088,34.4030504507996],[-118.573848034799,34.4027976191146],[-118.57355303487,34.4020834151879],[-118.573321714475,34.4015226843481],[-118.57318604114,34.4011938000422],[-118.572984175729,34.4007138723344],[-118.572680391069,34.3999753770014],[-118.572622470723,34.399838255746],[-118.572414504023,34.39897193128],[-118.572371759787,34.3987718693337],[-118.572369904479,34.3987631863383],[-118.572000300819,34.3972378414026],[-118.571266871357,34.3941870449981],[-118.571099065987,34.39421523778],[-118.57077623983,34.3942696530037],[-118.57066909528,34.3942834324904],[-118.570492986209,34.3942943431112],[-118.570421756431,34.3943008609803],[-118.57036875942,34.3943059218021],[-118.570312409253,34.3943061868492],[-118.570044027679,34.3943249802018],[-118.569954606039,34.3943367211972],[-118.569891708323,34.3943486935791],[-118.56985693555,34.3943547125081],[-118.569830418384,34.3943548371248],[-118.569734417339,34.3943734768129],[-118.569678137846,34.3943844037541],[-118.569416498953,34.3944192971072],[-118.569290614742,34.3944315640398],[-118.569201195056,34.3944433044693],[-118.569111816683,34.3944612562537],[-118.568995912932,34.3944786193259],[-118.568871763537,34.3945025589436],[-118.568601922073,34.3945491648693],[-118.568292299794,34.3945963118456],[-118.567994198315,34.3946320545706],[-118.567836911338,34.3946561483448],[-118.567795507372,34.3946618434289],[-118.567560355675,34.3946917972161],[-118.567422943586,34.3947147507353],[-118.566805092773,34.3947705400766],[-118.566428874855,34.3947740272364],[-118.566297962544,34.3947780726621],[-118.565766097018,34.3948042451947],[-118.565580475559,34.3948068366769],[-118.565374946219,34.3948060696023],[-118.565268437564,34.394805440138],[-118.565122984106,34.3948017483469],[-118.564953905998,34.3947991013512],[-118.564537858002,34.3947952142027],[-118.563589842328,34.3948020114417],[-118.563168838333,34.3948005326143],[-118.563110828197,34.3948004747635],[-118.562525700983,34.3947939029679],[-118.562257924833,34.3947934572278],[-118.562219810621,34.3947933941434],[-118.561824583871,34.394792344674],[-118.561759948522,34.3947926441326],[-118.561360513951,34.3947944939669],[-118.560664433771,34.394802523277],[-118.560540131987,34.3948030979529],[-118.560117493729,34.3948050509542],[-118.559678271075,34.3948053733167],[-118.559131293014,34.3948024000309],[-118.558511386139,34.3948000910743],[-118.557799254426,34.3947892869979],[-118.557626211521,34.3947866615474],[-118.55752178042,34.3947850826311],[-118.557119066436,34.3947920723496],[-118.556885424456,34.394800366929],[-118.556663439439,34.3948175219716],[-118.556459366243,34.3948466795532],[-118.556390217242,34.3948565576937],[-118.556335597059,34.394865461286],[-118.556025972774,34.3949159369513],[-118.555830687882,34.3949601115948],[-118.555729781919,34.3949894269759],[-118.555516441863,34.3950608301255],[-118.555388212145,34.3951083462703],[-118.555093177775,34.3952176701538],[-118.555071787081,34.395226437281],[-118.55489317322,34.3952996457173],[-118.554496464308,34.3954622131207],[-118.554273367055,34.395562156362],[-118.554162692614,34.3956186649544],[-118.553931471461,34.3957423353509],[-118.553708571248,34.3958714883361],[-118.55348258278,34.3960132603325],[-118.553370235636,34.3960894266916],[-118.553246522906,34.3961799882983],[-118.553193757528,34.3962207586481],[-118.553107678363,34.3962872666317],[-118.552756791078,34.3965624469723],[-118.55266285725,34.3966442967809],[-118.552572267809,34.3967312646424],[-118.552491614648,34.396816133456],[-118.552335371195,34.3969995801096],[-118.552055919855,34.3973501623068],[-118.551986899773,34.397440469093],[-118.551966178464,34.397469313513],[-118.551957505421,34.3974813858401],[-118.551911353095,34.3975455916948],[-118.551673417895,34.3979090401161],[-118.551558690187,34.3981046596724],[-118.551501367812,34.3982090130442],[-118.551408194475,34.3984062419362],[-118.551323305911,34.3986031049256],[-118.551285813725,34.3986991198453],[-118.551227180691,34.3988560171542],[-118.551176943904,34.3990293600173],[-118.551147863487,34.3991435297228],[-118.5511317314,34.3992098878302],[-118.551089920516,34.3994048437283],[-118.551078762065,34.3994715326276],[-118.551072571753,34.3995385307151],[-118.551055226322,34.3996722366154],[-118.551042817192,34.399801441233],[-118.551041326263,34.4000772595695],[-118.551016998269,34.4004088445179],[-118.551016058579,34.4005173923276],[-118.551043676745,34.4009339015364],[-118.551052753062,34.4010159472553],[-118.55105602111,34.4010454974867],[-118.551069985553,34.4011519121388],[-118.551092237717,34.4012582945352],[-118.551116087076,34.4013553747977],[-118.551144935323,34.4014562332259],[-118.551293788317,34.4019079436503],[-118.551322482388,34.4019857702091],[-118.551352948233,34.4020494498642],[-118.551362819341,34.4020700826903],[-118.551411548292,34.4021687834319],[-118.551422982032,34.4021893604646],[-118.55153568499,34.4023921748063],[-118.551591827546,34.4024850764139],[-118.551693229109,34.4026528685277],[-118.551761964738,34.4027700281828],[-118.551865906121,34.4029461063645],[-118.551926224603,34.4030433811135],[-118.551986504476,34.4031348068215],[-118.552051756266,34.4032265632697],[-118.552072349387,34.4032523554208],[-118.552121962483,34.4033145313967],[-118.552384293811,34.4036289882126],[-118.552583190453,34.4038764372253],[-118.552889152465,34.4042700521359],[-118.553042904752,34.4044586012923],[-118.553271904276,34.4047450648474],[-118.553415663554,34.4049257706551],[-118.553624511619,34.4051721330816],[-118.553744769049,34.4053086180032],[-118.554031977208,34.4056229847285],[-118.554123840623,34.4057273148684],[-118.554344419777,34.4059928558988],[-118.554558354718,34.4062553409439],[-118.554718682272,34.4064349299771],[-118.554791251558,34.4065113685944],[-118.554872270937,34.4065967081704],[-118.554964122709,34.406698644144],[-118.555069373185,34.4068211360254],[-118.555203084431,34.4069860844364],[-118.555311758372,34.4071246826623],[-118.555367108783,34.4072007661394],[-118.555400429901,34.407246560493],[-118.555447060244,34.4073074866211],[-118.555578713195,34.4074794994933],[-118.555688015155,34.4076151942551],[-118.555884174009,34.4078463803494],[-118.55597129495,34.4079490260247],[-118.556035553704,34.4080247374944],[-118.556135803623,34.408143125037],[-118.556508766084,34.4086357083189],[-118.556632500888,34.4087938285074],[-118.556904938142,34.4091278223674],[-118.557073635498,34.4093166521189],[-118.557544460078,34.4098159760624],[-118.557636331174,34.4099196156471],[-118.557850192739,34.4101693817487],[-118.557943704952,34.4102699338953],[-118.558033855178,34.4103643276989],[-118.558052217717,34.4103831484853],[-118.558169030716,34.4104980223774],[-118.558270776217,34.4105913096427],[-118.558365825229,34.4106736667396],[-118.558454242518,34.4107567106199],[-118.558546033103,34.4108480177354],[-118.558622831761,34.4109287241192],[-118.558893446285,34.4112355720801],[-118.558968690397,34.411331074259],[-118.559012212178,34.4113940733677],[-118.559244937843,34.4117741901749],[-118.559251907491,34.4117855607047],[-118.559352558555,34.4119623346439],[-118.559444973983,34.4121460171187],[-118.55959303712,34.412469941351],[-118.559739283253,34.4127701633072],[-118.559865562339,34.4130598129519],[-118.559919529609,34.4131962714138],[-118.560074646292,34.413581638445],[-118.56028867111,34.4140999995735],[-118.560418595312,34.4144370635735],[-118.560475897104,34.4145755681968],[-118.560620610286,34.4148936493455],[-118.560731533432,34.4151167381071],[-118.560872593327,34.4153850447414],[-118.560966525704,34.4155467386121],[-118.561047003822,34.4156799726552],[-118.561108995701,34.4157772333102],[-118.561154892051,34.4158370346266],[-118.561209347652,34.41590798352],[-118.561343042544,34.416094457628],[-118.561411853742,34.4161904334284],[-118.561522447247,34.4163546885538],[-118.561559228666,34.4164095806636],[-118.561708263489,34.4166448828251],[-118.561797181647,34.4167852724677],[-118.561921025071,34.416957819519],[-118.561972859473,34.4170228372694],[-118.562081691061,34.4171806991228],[-118.562200855263,34.4173965432504],[-118.562310151258,34.4176230657619],[-118.562355335436,34.4177251863659],[-118.562386001128,34.4178071779941],[-118.562446998895,34.4180016383984],[-118.562518548778,34.4182860730101],[-118.562559255662,34.4184208617326],[-118.562598517897,34.4185886588776],[-118.562634826262,34.4188100256337],[-118.562671884021,34.4191416615392],[-118.562684709562,34.4193219440899],[-118.562693399076,34.4196265653389],[-118.562697168137,34.4198104077016],[-118.562695008681,34.4198650040978],[-118.562699941165,34.4205951754293],[-118.562695597296,34.4209338739804],[-118.562697462808,34.4212100292127],[-118.562694219955,34.4214662850314],[-118.562686021755,34.4217215955806],[-118.562673587681,34.4220935884996],[-118.562663335723,34.4225394821378],[-118.562659041675,34.4226401435322],[-118.562646548319,34.422754238923],[-118.562629197055,34.4228855311572],[-118.562602046448,34.4230388528607],[-118.56250896734,34.4234957786639],[-118.56246707777,34.423676303189],[-118.562440810822,34.4237785080134],[-118.562423620027,34.4238453493653],[-118.562385536945,34.423990763815],[-118.562342372572,34.4243146649881],[-118.562179529443,34.4255365871909],[-118.56214390393,34.425662811724],[-118.562129408324,34.4257260803572],[-118.562066194345,34.4259410530456],[-118.562048456757,34.4260153282471],[-118.562024096315,34.4260910080754],[-118.561994798836,34.4261722065501],[-118.561862505347,34.4264702793109],[-118.561693904426,34.4267939380176],[-118.561585761594,34.4269854170178],[-118.561526741341,34.4270849586376],[-118.561397069833,34.4272806589512],[-118.561331328981,34.4273671781999],[-118.561188270588,34.4275447354639],[-118.561159251843,34.4275764235515],[-118.561000626853,34.4277496350602],[-118.560761844861,34.4279939281831],[-118.56058403418,34.428181950845],[-118.560123235112,34.4286986224816],[-118.559835177482,34.4290132115113],[-118.559384059353,34.429491365154],[-118.559241109381,34.429639237318],[-118.558913098765,34.4299785391393],[-118.558779737397,34.4301199827775],[-118.558652993097,34.4302593357785],[-118.558447300453,34.4304945403154],[-118.55822850287,34.4307538488196],[-118.557984934572,34.431028728628],[-118.557873007025,34.4311522122855],[-118.557557274897,34.4314885031541],[-118.557365458302,34.4313438700691],[-118.557166844083,34.4311857069691],[-118.556916550775,34.4309959574178],[-118.556808467913,34.4309207243704],[-118.556760995126,34.4308898752601],[-118.556497013399,34.4307199061093],[-118.556310248605,34.4305928209682],[-118.556031982543,34.4303903680907],[-118.555862179981,34.430289941426],[-118.555670886998,34.4301844462518],[-118.555250400933,34.4299592309224],[-118.55489379403,34.4297787844342],[-118.554749325184,34.4297073978749],[-118.554518151404,34.4296037051282],[-118.554147331383,34.4294449799721],[-118.554065762328,34.4294125555112],[-118.553806505098,34.4293094963439],[-118.553520593762,34.4292025905803],[-118.552995384357,34.4290157405145],[-118.552649836468,34.4289163276732],[-118.551687997428,34.4286486676354],[-118.551432258178,34.4285900602755],[-118.551164953529,34.42853733427],[-118.551013900755,34.4285126025344],[-118.550867856824,34.4284935636154],[-118.550526554862,34.4284554047904],[-118.550358040899,34.4284365808257],[-118.550029534682,34.4283966595456],[-118.549641496407,34.4283456865219],[-118.549504076497,34.4283319070283],[-118.549193572981,34.4283063040021],[-118.548878719491,34.4282892357899],[-118.548487035893,34.4282788069051],[-118.548342772753,34.4282777524926],[-118.547913369071,34.4282796927659],[-118.547475597784,34.4282816692837],[-118.547175508946,34.4282864581171],[-118.547129617232,34.4282866651111],[-118.547137972783,34.4283071545355],[-118.54683062968,34.4282880132656],[-118.546695802045,34.4282866763546],[-118.546652762177,34.4282862491562],[-118.546497326415,34.4282847064816],[-118.546446434883,34.4282828558944],[-118.546270110162,34.4282764422571],[-118.546018069222,34.4282755160744],[-118.545958391193,34.4282778455936],[-118.545860592045,34.4282817214729],[-118.545823337254,34.42828430613],[-118.545532068486,34.4283043322728],[-118.545397629675,34.4283181767674],[-118.545273640547,34.4283309400784],[-118.545016947037,34.4283541037805],[-118.544402364281,34.4284019304277],[-118.543682811611,34.4284734931475],[-118.543056388595,34.4285328245745],[-118.542891981475,34.4285427408211],[-118.542708485128,34.428553808767],[-118.54218171032,34.4285660010022],[-118.54211526376,34.4285675348757],[-118.541897866874,34.4285650163647],[-118.541776780507,34.4285580041355],[-118.541691107714,34.4285506614596],[-118.541479807809,34.4285325373095],[-118.541405938026,34.4285250678206],[-118.541346553701,34.4285190635535],[-118.541222629973,34.428506532502],[-118.541109771719,34.4284905486619],[-118.540998555964,34.4284714831494],[-118.540586756377,34.4283809023804],[-118.540480510736,34.4283618124423],[-118.540347583865,34.4283457162652],[-118.540278062379,34.428337296335],[-118.539889158017,34.4282596420503],[-118.539650480716,34.4282119552493],[-118.539491040526,34.4281718067677],[-118.539399671033,34.4281450614855],[-118.539177023253,34.4280739193053],[-118.538907793545,34.4279792939737],[-118.538527143321,34.427833287383],[-118.538178106251,34.4277046417978],[-118.53782416381,34.4275856616061],[-118.537709467438,34.4275411590227],[-118.537589748443,34.4274891507542],[-118.537390066221,34.4273787452575],[-118.537321810386,34.427337145968],[-118.537206903156,34.4272600244253],[-118.537140350459,34.4272188006451],[-118.537229524859,34.4271065610378],[-118.537671689545,34.4265692601448],[-118.537829540503,34.4263738445494],[-118.538329860839,34.4257401605187],[-118.538663597658,34.425345482449],[-118.538976600294,34.4249908264629],[-118.539173815497,34.4247613498727],[-118.539286021246,34.4246367282983],[-118.539598042265,34.4242900680645],[-118.539921224316,34.4239310197888],[-118.540146882641,34.4236803424315],[-118.540331659968,34.4234750669811],[-118.540347546907,34.4234574189327],[-118.540428009521,34.4233832515892],[-118.540505707824,34.4233072835167],[-118.540650288436,34.4231586382595],[-118.540713044696,34.4230845243987],[-118.540777598068,34.4230015223467],[-118.540969284028,34.4227280777859],[-118.54102051523,34.4226626717252],[-118.541153789419,34.4224840929406],[-118.54123248462,34.4223680592143],[-118.541311272553,34.4222450678546],[-118.541386727874,34.4221200565456],[-118.541441063271,34.4220205024246],[-118.54153076798,34.4218332735999],[-118.541691135179,34.4214626115097],[-118.541821118033,34.4211608884835],[-118.541879807146,34.4209925958881],[-118.541991385754,34.420568674796],[-118.542040236522,34.4203501058366],[-118.542059258458,34.4202419444704],[-118.542068456852,34.4201690897549],[-118.542073354491,34.420130294526],[-118.542091515851,34.4198436054496],[-118.542101197323,34.4196905315306],[-118.542103516501,34.4196540584647],[-118.542103136194,34.4195548332955],[-118.542093727919,34.4194036829269],[-118.54209113208,34.41936220395],[-118.542088434306,34.4193189358756],[-118.542075830317,34.4191961044711],[-118.54206094545,34.4190761726868],[-118.542059943187,34.4190680984844],[-118.542021898167,34.4188317581352],[-118.542000909101,34.4187203136514],[-118.541913903068,34.4182715354588],[-118.541715436795,34.417342068156],[-118.541690937093,34.4172254662657],[-118.541681327801,34.4171800933012],[-118.541637935148,34.4169521952567],[-118.541614105673,34.4168270428738],[-118.54158513898,34.4166449308102],[-118.541543820254,34.4163899160196],[-118.541510635755,34.4161868034062],[-118.541466569401,34.4159406287122],[-118.541445266149,34.4158216243211],[-118.541407594147,34.4156373269735],[-118.541336018554,34.4153384854551],[-118.541328723293,34.4153016189616],[-118.541326013744,34.4152879294785],[-118.541246884597,34.4148880889418],[-118.54117225403,34.4145109713779],[-118.541135843934,34.4143269973671],[-118.541040918012,34.4138473914453],[-118.540987064764,34.4135752057569],[-118.540600446928,34.4114275506751],[-118.540587559218,34.4113570302924],[-118.540181771516,34.4091687294214],[-118.54015108586,34.4091732385542],[-118.54010316643,34.4089424408656],[-118.540134888108,34.4089380190873],[-118.53992426575,34.4077988768535],[-118.539832903352,34.407304978133],[-118.539306266336,34.4044578779219],[-118.539249374757,34.4040799598],[-118.539208264655,34.40380687812],[-118.539022265206,34.4027098770161],[-118.53899212565,34.4025319588882],[-118.538898264353,34.4019778774311],[-118.538851012286,34.4017231286442],[-118.5386335443,34.4005506852743],[-118.538622266091,34.4004898778944],[-118.538529265227,34.4000188772009],[-118.538405266141,34.3994068763542],[-118.538374264994,34.3992458765472],[-118.538364728513,34.3991970320404],[-118.538333265365,34.3990358765035],[-118.538294265516,34.3987008773177],[-118.538282264943,34.3983978764928],[-118.538306265481,34.3982108773354],[-118.538321265144,34.3980698767788],[-118.538360265933,34.3979138762426],[-118.538413264811,34.3977288768451],[-118.538526264553,34.3974168771348],[-118.53859451681,34.3972521468238],[-118.5386882655,34.3970258777534],[-118.53871226537,34.3969728769412],[-118.538791265497,34.3967978762127],[-118.538834741613,34.3966908587731],[-118.538908264593,34.3965098771501],[-118.538974264844,34.3962428761151],[-118.539024266285,34.3960158762231],[-118.539038264496,34.3958038765925],[-118.539032265829,34.3955258776286],[-118.539011265927,34.3953508758631],[-118.539003324248,34.3953115003842],[-118.538996205068,34.3952762043191],[-118.538991120906,34.3952770815772],[-118.538974892857,34.3952798799636],[-118.538958708274,34.3952826727453],[-118.538952921983,34.3952427602826],[-118.53894070956,34.3951585071354],[-118.538930801127,34.3951012340237],[-118.538909066296,34.3950094601833],[-118.538896484689,34.3949661484631],[-118.538844002066,34.3947949684628],[-118.538822025085,34.3947287894755],[-118.538774808281,34.3946042965887],[-118.53871269725,34.3944822940937],[-118.538620560308,34.3943312394194],[-118.538530197433,34.3941980101413],[-118.538454915734,34.3940901543595],[-118.538299523667,34.3938960793943],[-118.538242765318,34.3938236835264],[-118.538175280276,34.3937376075051],[-118.538013742487,34.3935315419359],[-118.537667591355,34.3930570069684],[-118.537624746135,34.3929999762562],[-118.537413482742,34.3927187716025],[-118.537109254422,34.3923320223257],[-118.537040826243,34.3922450320872],[-118.536745097556,34.391876748347],[-118.536589984497,34.3916794785195],[-118.536461010427,34.3915149260045],[-118.536061531627,34.3909922034403],[-118.534420120687,34.3888299817277],[-118.534002343949,34.3882932356975],[-118.533146745923,34.3871916624986],[-118.532954569237,34.3869434643972],[-118.532782431217,34.3867185665717],[-118.532135859658,34.3858758641426],[-118.532175263087,34.3858548755582],[-118.532313263641,34.3857828750648],[-118.532885262543,34.3854708766027],[-118.533048262155,34.3853818750504],[-118.533085263726,34.385362875606],[-118.533834263258,34.3849798760728],[-118.533971262679,34.3849078762812],[-118.534003290617,34.3848908557007],[-118.534639263494,34.3845528768431],[-118.534930264928,34.3843948759774],[-118.535609179019,34.3840248853915],[-118.535875262644,34.3838798753128],[-118.535889003012,34.3838750923174],[-118.535769570186,34.3837336799725],[-118.535659349758,34.3836031669912],[-118.535481448381,34.3833996504804],[-118.535475701546,34.3833930756915],[-118.535413929066,34.3833212055084],[-118.535155091771,34.3830142444633],[-118.534857706339,34.3826401340771],[-118.534737394653,34.3824874589614],[-118.534663911114,34.382398818225],[-118.534585425547,34.38230608848],[-118.534394986707,34.3820671762317],[-118.533908731375,34.3814421049149],[-118.53366472073,34.3811203081963],[-118.533447398518,34.3808255217881],[-118.533370481584,34.3807190241619],[-118.533041087713,34.3802591785217],[-118.532877205883,34.3800287207784],[-118.532574660399,34.3796209730359],[-118.532487781148,34.3795100623059],[-118.532333990872,34.3793025848279],[-118.532195209433,34.3791087798321],[-118.532173494979,34.3790817261905],[-118.532140075724,34.379038590872],[-118.532103324762,34.3789920380063],[-118.532019941988,34.3789096390123],[-118.531968314717,34.3788700238233],[-118.53191007554,34.3788324940337],[-118.531811964456,34.3787786553779],[-118.531713884115,34.3787306377489],[-118.53153610516,34.3786572242313],[-118.531466344636,34.3786324690718],[-118.531335105591,34.3785808343699],[-118.531017725514,34.3784444760165],[-118.530981168146,34.3784291927644],[-118.530595635917,34.3782594673984],[-118.53052751439,34.3782309144555],[-118.530358016349,34.3781574575703],[-118.530057288882,34.37803305671],[-118.529911071554,34.3779722271497],[-118.529671836963,34.3778757224325],[-118.529422601629,34.3777710145371],[-118.529038696765,34.3776098363502],[-118.528977301527,34.3775829994693],[-118.528581823138,34.3774119633233],[-118.528217897703,34.3772510641647],[-118.528096602,34.377199054487],[-118.527880596529,34.3771065623904],[-118.527824109955,34.3770834539581],[-118.527330680253,34.3768836339017],[-118.527202725763,34.3768261267625],[-118.527076394983,34.3767652046106],[-118.526953368641,34.3767011648657],[-118.526901808007,34.376670802445],[-118.526790455034,34.3766190764125],[-118.526727383239,34.3766028631117],[-118.526654412633,34.3765942512873],[-118.52657653168,34.3765945895937],[-118.526487097094,34.3766022056673],[-118.526462286924,34.3766095094984],[-118.526430892167,34.3766237422997],[-118.526330239943,34.3766908166091],[-118.526080031279,34.3764308520016],[-118.526031682334,34.3763843485392],[-118.525975047087,34.376338211874],[-118.525888481303,34.3762746953247],[-118.525806944212,34.3762207817376],[-118.525723782723,34.376172721623],[-118.525660612829,34.3761403508063],[-118.52553599977,34.3760869763112],[-118.525469552739,34.3760621790092],[-118.52539646368,34.3760329559509],[-118.525242856742,34.3759709943315],[-118.525220359612,34.3759619438808],[-118.524899691945,34.3758262680912],[-118.524306372181,34.3755611243836],[-118.524343907449,34.3756124705893],[-118.524119260074,34.3755198757693],[-118.523950261442,34.3754498760263],[-118.523820343799,34.3753953615185],[-118.523689553544,34.3752424386112],[-118.523586972336,34.3751166021886],[-118.523369144335,34.374833163034],[-118.52325782385,34.374691136356],[-118.523033967361,34.3744055282766],[-118.522839622946,34.3741575733164],[-118.522814163474,34.3741250888647],[-118.522747810349,34.3740344475529],[-118.522664692169,34.3739073589329],[-118.522594646672,34.3737882367008],[-118.522553062051,34.3737039390204],[-118.522506426983,34.3736033263001],[-118.522479723306,34.3735407330232],[-118.522480295274,34.3735405682809],[-118.522459697476,34.3734910994377],[-118.522459595866,34.3734908474445],[-118.522456070867,34.3734818256062],[-118.522451369198,34.3734696453374],[-118.522442964564,34.3734474577125],[-118.522432605834,34.3734193328565],[-118.522425918491,34.3734006871901],[-118.522421675447,34.3733886455838],[-118.522418755421,34.3733802134486],[-118.522418625029,34.3733798795394],[-118.522418290343,34.3733788703561],[-118.522416141091,34.3733726752245],[-118.522416245535,34.3733726855929],[-118.522393249599,34.3733031470872],[-118.522367798523,34.373217807058],[-118.522343543561,34.3731257093397],[-118.522326692284,34.3730529231446],[-118.522287252996,34.3728278308433],[-118.522268923974,34.3726432637323],[-118.522263118257,34.372486113471],[-118.522267240379,34.3723105614894],[-118.522287864253,34.3720935875037],[-118.522301310594,34.3720047694118],[-118.522344488617,34.3717513788185],[-118.522390778916,34.3714797276362],[-118.522418018545,34.3713292406864],[-118.52243655061,34.3712268604371],[-118.52244158332,34.3711997691247],[-118.522484063994,34.3709710746388],[-118.522575899925,34.3704766739259],[-118.522628307248,34.370194535697],[-118.522700509927,34.3698058285503],[-118.522778721438,34.3693847644263],[-118.522805858925,34.3692386674046],[-118.522849678526,34.3690027528662],[-118.522955742738,34.3684317280823],[-118.522998299488,34.3682026120263],[-118.523037352857,34.3679923586551],[-118.52313538078,34.3674645854554],[-118.523169261314,34.3672821704593],[-118.523189653073,34.3671723776957],[-118.523265620596,34.3667633557184],[-118.523274853335,34.3667136924148],[-118.523316242532,34.3664911048021],[-118.523321317461,34.3664637292772],[-118.523352992776,34.3662931555449],[-118.523392909539,34.3660781922675],[-118.523455594795,34.3657406186186],[-118.523461754138,34.3657074496171],[-118.523522723684,34.3653791169043],[-118.523562042282,34.3651673737369],[-118.523610485436,34.3649064941853],[-118.523621928175,34.3648449191747],[-118.523659591675,34.3646378612078],[-118.523685613453,34.3644948078535],[-118.523718290256,34.364315161088],[-118.523735220786,34.3642220850917],[-118.523739200894,34.364197687554],[-118.523738845163,34.3641976512263],[-118.523740544163,34.3641861934284],[-118.523752131653,34.364108064605],[-118.523763047759,34.3640118492851],[-118.523763226973,34.3640102654069],[-118.523763523014,34.3640066850147],[-118.52376912671,34.3639458564489],[-118.523769873942,34.3639298220393],[-118.523770745865,34.3639192711575],[-118.523776801516,34.3637900561391],[-118.523776869136,34.3637797097761],[-118.523777248498,34.3637715690354],[-118.523776923909,34.363771298173],[-118.523777584466,34.3636703625274],[-118.523777584959,34.3636702678636],[-118.523777584341,34.3636701695984],[-118.52377758105,34.3636698189136],[-118.52377757917,34.3636696927062],[-118.52377757524,34.3636694132458],[-118.523777462624,34.3636615261606],[-118.523777393474,34.3636600371157],[-118.523777439133,34.3636600369184],[-118.523777262661,34.3636502920355],[-118.523777237104,34.3636489930271],[-118.523777230082,34.3636487406263],[-118.523777070615,34.3636418751881],[-118.52377708759,34.3636416353052],[-118.523776964862,34.3636373291798],[-118.523776846471,34.3636331943282],[-118.523775931216,34.3636012080443],[-118.52377429287,34.3635617610368],[-118.523771409367,34.3635104912072],[-118.523768407777,34.3634684563601],[-118.523760433296,34.3633800136999],[-118.523750183992,34.3632942575401],[-118.523732614987,34.363179791015],[-118.523729671009,34.3631643964196],[-118.523715529935,34.3630904338866],[-118.523710550237,34.3630643918855],[-118.523687889447,34.3629645117289],[-118.523637176321,34.3627842200072],[-118.523637148526,34.3627841218594],[-118.523618030609,34.3627210569911],[-118.52356816556,34.3625807160193],[-118.523512536271,34.3624439501867],[-118.523345388692,34.3621095110238],[-118.523217230461,34.3619015255103],[-118.523039786505,34.3616569652142],[-118.522824659737,34.3614074410517],[-118.522746849778,34.3613258266795],[-118.522503721844,34.3610708079205],[-118.522335822927,34.3608946972408],[-118.522114445811,34.3606624920994],[-118.521893071011,34.3604302856451],[-118.521863366172,34.360399127406],[-118.52184227132,34.3603770006804],[-118.520265164762,34.3587226815875],[-118.520017861147,34.3584631058957],[-118.518910373971,34.3573006305941],[-118.518730680742,34.357112011508],[-118.518601371452,34.356969107336],[-118.518495703608,34.356841840074],[-118.51832244435,34.3566077426328],[-118.518250272836,34.356498616036],[-118.518134660877,34.3563051097714],[-118.518078717962,34.3562011273001],[-118.517966623297,34.3559647331133],[-118.517901083277,34.3558021464063],[-118.517851895776,34.3556568381273],[-118.517817747688,34.355555961075],[-118.517786329627,34.3554469161188],[-118.517673582414,34.3550556020329],[-118.51760366464,34.3548129365512],[-118.517555585506,34.3548228658811],[-118.517546488843,34.3548247456705],[-118.517539402795,34.354826208476],[-118.517348758612,34.3543109340931],[-118.517210468238,34.3539948899854],[-118.517095770557,34.3537650476753],[-118.516814521055,34.3532014487882],[-118.516573266415,34.3527179861613],[-118.516544110447,34.3526595599185],[-118.516363618469,34.3522979081965],[-118.51635310926,34.352276848823],[-118.51621637654,34.3520028294437],[-118.515869127465,34.3513069199918],[-118.515370997471,34.3503086148309],[-118.51511022923,34.3497859945593],[-118.514787845511,34.3491398810777],[-118.514602310135,34.348768028309],[-118.514884067851,34.3488791463308],[-118.51838930564,34.3502614428491],[-118.518460644971,34.3502823392005],[-118.518965045432,34.3504815366188],[-118.519732629397,34.3507840145526],[-118.5197344801,34.3504803859244],[-118.519745075825,34.3488949423998],[-118.519751308585,34.3476204397856],[-118.519753658989,34.3471419110605],[-118.519765702708,34.345386115953],[-118.519773671652,34.3441881329604],[-118.51978665765,34.342237204177],[-118.519789871797,34.3417646082839],[-118.519791753189,34.3414870627783],[-118.519799690516,34.3402260737656],[-118.519800440041,34.3393891947984],[-118.519811593631,34.3384471686691],[-118.519815112819,34.3381513337586],[-118.517819335033,34.3381501781946],[-118.516774028534,34.338150381727],[-118.515403102568,34.338143539469],[-118.513305498973,34.3371354398939],[-118.513189445298,34.3370795401061],[-118.512974503735,34.3369691929367],[-118.512796660211,34.3368679147614],[-118.512685421986,34.3367929535828],[-118.512459949853,34.3366704468102],[-118.512199133871,34.3365766894892],[-118.5119984539,34.3365012285226],[-118.511893014239,34.3364790786922],[-118.511722888396,34.336443339879],[-118.510766851822,34.3360979230026],[-118.510469400618,34.3360146814001],[-118.510373760447,34.3359914494923],[-118.510196324796,34.3359561477283],[-118.510112848638,34.3359457789618],[-118.510033392466,34.3359423242584],[-118.509963771515,34.3359445078145],[-118.509836810829,34.3359569433062],[-118.509786671663,34.335936354824],[-118.509573915694,34.3358407957444],[-118.509311783295,34.3357748493802],[-118.508804149371,34.3355926531062],[-118.508804121856,34.3355826226855],[-118.508786234497,34.3355826464062],[-118.507858189579,34.3356224605779],[-118.5066853695,34.3356727657093],[-118.506624461123,34.3351974796197],[-118.507156809285,34.3347959650455],[-118.507195788261,34.3347665631433],[-118.507218075935,34.3347497643104],[-118.50725467902,34.3347221249284],[-118.507344168045,34.3346546522402],[-118.507351897583,34.3346488175636],[-118.507352776016,34.3346481548596],[-118.507364339529,34.3346394327235],[-118.507463138208,34.3345648970651],[-118.507478824502,34.3345530680734],[-118.507536198432,34.3345098017644],[-118.50753631208,34.3345097255589],[-118.507584687396,34.3344732368325],[-118.507585689149,34.3344724807516],[-118.507659581106,34.3344167553209],[-118.50771185736,34.3343773319139],[-118.507723863263,34.3343682770241],[-118.507777241823,34.3343280231588],[-118.507830169217,34.3342881092382],[-118.50783024563,34.3342881648134],[-118.508259812396,34.3339642974812],[-118.508342775326,34.3339017188367],[-118.508344604631,34.3339003372149],[-118.508344667382,34.3339002909731],[-118.508344512169,34.3339001446732],[-118.50835241685,34.3338941829816],[-118.511333195333,34.3316458620371],[-118.512099575734,34.331067761718],[-118.512245539947,34.3309576715555],[-118.515475399267,34.3285211732439],[-118.516136722554,34.3280221994105],[-118.517062833063,34.3273234142405],[-118.519146010722,34.3257519111376],[-118.519840154333,34.3252282371706],[-118.519919141424,34.3251686507643],[-118.521575269725,34.3239190158636],[-118.521879593944,34.3236894161936],[-118.522022327719,34.3236895270148],[-118.524208178864,34.3236861618016],[-118.528712660163,34.3236791465972],[-118.533113869781,34.3236721154659],[-118.53751027802,34.3236649457486],[-118.545230052922,34.323737838446],[-118.546087792424,34.3237459117419],[-118.546195651302,34.3237469266005],[-118.546337041602,34.3237482571588],[-118.549316821295,34.3237762597379],[-118.549466182674,34.3237776586885],[-118.549542465171,34.3237783729171],[-118.550546409945,34.3237877699443],[-118.554922379096,34.3238286995109],[-118.559435813221,34.3238706773185],[-118.563807286323,34.3239111967834],[-118.563949218196,34.3239124871408],[-118.56507533301,34.3239227114453],[-118.565075735813,34.3239229818327],[-118.565075735098,34.3239227158808],[-118.567664471926,34.3239480948506],[-118.572037980209,34.3239891904498],[-118.575498192608,34.3239792611659],[-118.575620106183,34.3239789010744],[-118.575794487404,34.3239783997005],[-118.576489981295,34.3239763869341],[-118.579948412585,34.3239674073501],[-118.580942849185,34.3239648166596],[-118.585237576979,34.3239684887033],[-118.589533161639,34.3239720394984],[-118.598073685422,34.3239444113472],[-118.602344365126,34.3239296892006],[-118.604332313246,34.323923967117],[-118.605128002682,34.3239216958116],[-118.60570932396,34.3239199998618],[-118.605922887607,34.3239193710142],[-118.606320298181,34.3239182320627],[-118.606292289502,34.3214708196487],[-118.606291511194,34.3214027721848],[-118.610569387881,34.321347903054],[-118.614846435284,34.3212928834436],[-118.620193104471,34.3212230650628],[-118.623401287603,34.3211810466533]]]},"properties":{"OBJECTID":3326,"DISTRICT_NAME":"WM S HART UNION HIGH","LABEL":"WM S HART UNION HIGH TA2","TRUSTEE_AREA":"2","DISTRICT_TYPE":"High School District","Shape__Area":1309977579.0058594,"Shape__Length":204331.67252169366}},{"type":"Feature","id":3327,"geometry":{"type":"Polygon","coordinates":[[[-118.504529158456,34.3450039813093],[-118.504583048262,34.3448595069852],[-118.505621002301,34.3452035303075],[-118.505942134385,34.3453305719879],[-118.506081378243,34.3453853333935],[-118.506126112111,34.3454029817335],[-118.506185971945,34.3454265990802],[-118.506210729334,34.3454363675276],[-118.50623058602,34.3454442019037],[-118.509642303472,34.3467971819485],[-118.50964199952,34.3467976015412],[-118.509810482316,34.346863872791],[-118.510224473264,34.3470274305541],[-118.510224645404,34.3470274965433],[-118.511734334899,34.3476241323476],[-118.512124093483,34.3477781575231],[-118.512134724725,34.3477823678653],[-118.51264930285,34.3479857099603],[-118.512850887966,34.348065368181],[-118.51419223007,34.3485954705763],[-118.514210421639,34.3486029014159],[-118.514272544772,34.3486282776088],[-118.514413404859,34.3486858164937],[-118.514595483244,34.3487543457757],[-118.514602310141,34.3487680292106],[-118.514787845511,34.3491398810777],[-118.51511022923,34.3497859945593],[-118.515370997471,34.3503086148309],[-118.515869127465,34.3513069199918],[-118.51621637654,34.3520028294437],[-118.51635310926,34.352276848823],[-118.516363618469,34.3522979081965],[-118.516544110447,34.3526595599185],[-118.516573266415,34.3527179861613],[-118.516814521055,34.3532014487882],[-118.517095770557,34.3537650476753],[-118.517210468238,34.3539948899854],[-118.517348758612,34.3543109340931],[-118.517539402795,34.354826208476],[-118.517546488843,34.3548247456705],[-118.517555585506,34.3548228658811],[-118.51760366464,34.3548129365512],[-118.517673582414,34.3550556020329],[-118.517786329627,34.3554469161188],[-118.517817747688,34.355555961075],[-118.517851895776,34.3556568381273],[-118.517901083277,34.3558021464063],[-118.517966623297,34.3559647331133],[-118.518078717962,34.3562011273001],[-118.518134660877,34.3563051097714],[-118.518250272836,34.356498616036],[-118.51832244435,34.3566077426328],[-118.518495703608,34.356841840074],[-118.518601371452,34.356969107336],[-118.518730680742,34.357112011508],[-118.518910373971,34.3573006305941],[-118.520017861147,34.3584631058957],[-118.520265164762,34.3587226815875],[-118.52184227132,34.3603770006804],[-118.521893071011,34.3604302856451],[-118.522114445811,34.3606624920994],[-118.522335822927,34.3608946972408],[-118.522503721844,34.3610708079205],[-118.522682030693,34.3612578380076],[-118.522746849778,34.3613258266795],[-118.522824659737,34.3614074410517],[-118.523039786505,34.3616569652142],[-118.523217230461,34.3619015255103],[-118.523345388692,34.3621095110238],[-118.523512536271,34.3624439501867],[-118.52356816556,34.3625807160193],[-118.523618030609,34.3627210569911],[-118.523637148526,34.3627841218594],[-118.523637176321,34.3627842200072],[-118.523687889447,34.3629645117289],[-118.523710550237,34.3630643918855],[-118.523715529935,34.3630904338866],[-118.523729671009,34.3631643964196],[-118.523732614987,34.363179791015],[-118.523750183992,34.3632942575401],[-118.523760433296,34.3633800136999],[-118.523768407777,34.3634684563601],[-118.523771409367,34.3635104912072],[-118.52377429287,34.3635617610368],[-118.523775931216,34.3636012080443],[-118.523776846471,34.3636331943282],[-118.523776964862,34.3636373291798],[-118.52377708759,34.3636416353052],[-118.523777070615,34.3636418751881],[-118.523777230082,34.3636487406263],[-118.523777237104,34.3636489930271],[-118.523777262661,34.3636502920355],[-118.523777439133,34.3636600369184],[-118.523777393474,34.3636600371157],[-118.523777462624,34.3636615261606],[-118.52377758105,34.3636698189136],[-118.523777585428,34.3636701695937],[-118.523776923909,34.363771298173],[-118.523777248498,34.3637715690354],[-118.523776869136,34.3637797097761],[-118.523776801516,34.3637900561391],[-118.523770745865,34.3639192711575],[-118.523769873942,34.3639298220393],[-118.52376912671,34.3639458564489],[-118.523763523014,34.3640066850147],[-118.523763226973,34.3640102654069],[-118.523763047759,34.3640118492851],[-118.523752131653,34.364108064605],[-118.523740544163,34.3641861934284],[-118.523738845163,34.3641976512263],[-118.523739200894,34.364197687554],[-118.523735220786,34.3642220850917],[-118.523718290256,34.364315161088],[-118.523685613453,34.3644948078535],[-118.523659591675,34.3646378612078],[-118.523621928175,34.3648449191747],[-118.523610485436,34.3649064941853],[-118.523562042282,34.3651673737369],[-118.523522723684,34.3653791169043],[-118.523461754138,34.3657074496171],[-118.523455594795,34.3657406186186],[-118.523392909539,34.3660781922675],[-118.523352992776,34.3662931555449],[-118.523321317461,34.3664637292772],[-118.523316234916,34.3664911039334],[-118.523274853335,34.3667136924148],[-118.523265620596,34.3667633557184],[-118.523189653073,34.3671723776957],[-118.523169261314,34.3672821704593],[-118.52313538078,34.3674645854554],[-118.523037352857,34.3679923586551],[-118.522998299488,34.3682026120263],[-118.522955742738,34.3684317280823],[-118.522849678526,34.3690027528662],[-118.522805858925,34.3692386674046],[-118.522778721438,34.3693847644263],[-118.522700509927,34.3698058285503],[-118.522628307248,34.370194535697],[-118.522575899925,34.3704766739259],[-118.522484063994,34.3709710746388],[-118.52244158332,34.3711997691247],[-118.52243655061,34.3712268604371],[-118.522418018545,34.3713292406864],[-118.522390778916,34.3714797276362],[-118.522344488617,34.3717513788185],[-118.522301310594,34.3720047694118],[-118.522287864253,34.3720935875037],[-118.522267240379,34.3723105614894],[-118.522263118257,34.372486113471],[-118.522268923974,34.3726432637323],[-118.522287252996,34.3728278308433],[-118.522326692284,34.3730529231446],[-118.522343543561,34.3731257093397],[-118.522367798523,34.373217807058],[-118.522393249599,34.3733031470872],[-118.522416245535,34.3733726855929],[-118.522416141091,34.3733726752245],[-118.522418290343,34.3733788703561],[-118.522418625029,34.3733798795394],[-118.522418755421,34.3733802134486],[-118.522421675447,34.3733886455838],[-118.522425918491,34.3734006871901],[-118.522432605834,34.3734193328565],[-118.522442964564,34.3734474577125],[-118.522451369198,34.3734696453374],[-118.522456070867,34.3734818256062],[-118.522459595866,34.3734908474445],[-118.522459697476,34.3734910994377],[-118.522480295274,34.3735405682809],[-118.5224797233,34.3735407321217],[-118.522506426983,34.3736033263001],[-118.522553062051,34.3737039390204],[-118.522594646672,34.3737882367008],[-118.522664692169,34.3739073589329],[-118.522747810349,34.3740344475529],[-118.522814163474,34.3741250888647],[-118.522839622946,34.3741575733164],[-118.523033967361,34.3744055282766],[-118.52325782385,34.374691136356],[-118.523369144335,34.374833163034],[-118.523586972336,34.3751166021886],[-118.523689553544,34.3752424386112],[-118.523820343799,34.3753953615185],[-118.523950261442,34.3754498760263],[-118.524043567511,34.3754885229001],[-118.524119260074,34.3755198757693],[-118.524343907449,34.3756124705893],[-118.524306372181,34.3755611243836],[-118.524899691945,34.3758262680912],[-118.525220359612,34.3759619438808],[-118.525242856742,34.3759709943315],[-118.52539646368,34.3760329559509],[-118.525469552739,34.3760621790092],[-118.52553599977,34.3760869763112],[-118.525660612829,34.3761403508063],[-118.525723782723,34.376172721623],[-118.525806944212,34.3762207817376],[-118.525888481303,34.3762746953247],[-118.525975047087,34.376338211874],[-118.526031682334,34.3763843485392],[-118.526080031279,34.3764308520016],[-118.526330239943,34.3766908166091],[-118.526330415351,34.376690699549],[-118.526430892167,34.3766237422997],[-118.526462286924,34.3766095094984],[-118.526487097094,34.3766022056673],[-118.52657653168,34.3765945895937],[-118.526654412633,34.3765942512873],[-118.526727383239,34.3766028631117],[-118.526790455034,34.3766190764125],[-118.526901808007,34.376670802445],[-118.526953368641,34.3767011648657],[-118.527076394983,34.3767652046106],[-118.527202725763,34.3768261267625],[-118.527330680253,34.3768836339017],[-118.527783377261,34.3770669582248],[-118.527824109955,34.3770834539581],[-118.527880596529,34.3771065623904],[-118.528096602,34.377199054487],[-118.528217897703,34.3772510641647],[-118.528581823138,34.3774119633233],[-118.528977301527,34.3775829994693],[-118.529038696765,34.3776098363502],[-118.529422601629,34.3777710145371],[-118.529671836963,34.3778757224325],[-118.529911071554,34.3779722271497],[-118.530057288882,34.37803305671],[-118.530358016349,34.3781574575703],[-118.53052751439,34.3782309144555],[-118.530595635917,34.3782594673984],[-118.530981168146,34.3784291927644],[-118.531017725514,34.3784444760165],[-118.531335105591,34.3785808343699],[-118.531466344636,34.3786324690718],[-118.53153610516,34.3786572242313],[-118.531713884115,34.3787306377489],[-118.531811964456,34.3787786553779],[-118.53191007554,34.3788324940337],[-118.531968314717,34.3788700238233],[-118.532019941988,34.3789096390123],[-118.532103324762,34.3789920380063],[-118.532140075724,34.379038590872],[-118.532173494979,34.3790817261905],[-118.532195209433,34.3791087798321],[-118.532333990872,34.3793025848279],[-118.532487781148,34.3795100623059],[-118.532574660399,34.3796209730359],[-118.532877205883,34.3800287207784],[-118.533041087713,34.3802591785217],[-118.533370481584,34.3807190241619],[-118.533447398518,34.3808255217881],[-118.53366472073,34.3811203081963],[-118.533908731375,34.3814421049149],[-118.534394986707,34.3820671762317],[-118.534585425547,34.38230608848],[-118.534663911114,34.382398818225],[-118.534737394653,34.3824874589614],[-118.534857706339,34.3826401340771],[-118.535155091771,34.3830142444633],[-118.535413929066,34.3833212055084],[-118.535475701546,34.3833930756915],[-118.535659349758,34.3836031669912],[-118.535769570186,34.3837336799725],[-118.535889003012,34.3838750923174],[-118.535875262644,34.3838798753128],[-118.535609179019,34.3840248853915],[-118.534930264928,34.3843948759774],[-118.534639263494,34.3845528768431],[-118.534003290617,34.3848908557007],[-118.533971262679,34.3849078762812],[-118.533834263258,34.3849798760728],[-118.533085263726,34.385362875606],[-118.533048262155,34.3853818750504],[-118.532885262543,34.3854708766027],[-118.532313263641,34.3857828750648],[-118.532175263087,34.3858548755582],[-118.532135859658,34.3858758641426],[-118.532782431217,34.3867185665717],[-118.532954569237,34.3869434643972],[-118.533146745923,34.3871916624986],[-118.534002343949,34.3882932356975],[-118.534003782566,34.3882950838276],[-118.534420120687,34.3888299817277],[-118.536061531627,34.3909922034403],[-118.536461010427,34.3915149260045],[-118.536589984497,34.3916794785195],[-118.536745097556,34.391876748347],[-118.537040826243,34.3922450320872],[-118.537109254422,34.3923320223257],[-118.537413482742,34.3927187716025],[-118.537624746135,34.3929999762562],[-118.537667591355,34.3930570069684],[-118.537948860384,34.393442596361],[-118.538013742487,34.3935315419359],[-118.538175280276,34.3937376075051],[-118.538242765318,34.3938236835264],[-118.538299523667,34.3938960793943],[-118.538454915734,34.3940901543595],[-118.538530197433,34.3941980101413],[-118.538620560308,34.3943312394194],[-118.53871269725,34.3944822940937],[-118.538774808281,34.3946042965887],[-118.538822025085,34.3947287894755],[-118.538844002066,34.3947949684628],[-118.538896484689,34.3949661484631],[-118.538909066296,34.3950094601833],[-118.538930801127,34.3951012340237],[-118.53894070956,34.3951585071354],[-118.538958708274,34.3952826727453],[-118.538974892857,34.3952798799636],[-118.538991120906,34.3952770815772],[-118.538996205068,34.3952762043191],[-118.539003324248,34.3953115003842],[-118.539011265927,34.3953508758631],[-118.539032265829,34.3955258776286],[-118.539038264496,34.3958038765925],[-118.539024266285,34.3960158762231],[-118.538974264844,34.3962428761151],[-118.538908264593,34.3965098771501],[-118.538791265497,34.3967978762127],[-118.53871226537,34.3969728769412],[-118.5386882655,34.3970258777534],[-118.53859451681,34.3972521468238],[-118.538526264553,34.3974168771348],[-118.538413264811,34.3977288768451],[-118.538360265933,34.3979138762426],[-118.538321265144,34.3980698767788],[-118.538306265481,34.3982108773354],[-118.538282264943,34.3983978764928],[-118.538294265516,34.3987008773177],[-118.538333265365,34.3990358765035],[-118.538374264994,34.3992458765472],[-118.538405266141,34.3994068763542],[-118.538529265227,34.4000188772009],[-118.538622266091,34.4004898778944],[-118.5386335443,34.4005506852743],[-118.538851012286,34.4017231286442],[-118.538898264353,34.4019778774311],[-118.53899212565,34.4025319588882],[-118.539022265206,34.4027098770161],[-118.539208264655,34.40380687812],[-118.539306266336,34.4044578779219],[-118.539832903352,34.407304978133],[-118.53992426575,34.4077988768535],[-118.540134888108,34.4089380190873],[-118.54010316643,34.4089424408656],[-118.540148091308,34.4091588155569],[-118.54015108586,34.4091732385542],[-118.540181771516,34.4091687294214],[-118.540587559218,34.4113570302924],[-118.540600446928,34.4114275506751],[-118.540987064764,34.4135752057569],[-118.541040918012,34.4138473914453],[-118.541135843934,34.4143269973671],[-118.54117225403,34.4145109713779],[-118.541246884597,34.4148880889418],[-118.541326013744,34.4152879294785],[-118.541328723293,34.4153016189616],[-118.541336018554,34.4153384854551],[-118.541407594147,34.4156373269735],[-118.541445266149,34.4158216243211],[-118.541466569401,34.4159406287122],[-118.541468004149,34.415948644193],[-118.541510635755,34.4161868034062],[-118.541543820254,34.4163899160196],[-118.54158513898,34.4166449308102],[-118.541614105673,34.4168270428738],[-118.541637935148,34.4169521952567],[-118.541681327801,34.4171800933012],[-118.541690937093,34.4172254662657],[-118.541715436795,34.417342068156],[-118.541913903068,34.4182715354588],[-118.542000909101,34.4187203136514],[-118.542021898167,34.4188317581352],[-118.542059943187,34.4190680984844],[-118.54206094545,34.4190761726868],[-118.542075830317,34.4191961044711],[-118.542088434306,34.4193189358756],[-118.54209113208,34.41936220395],[-118.542093727919,34.4194036829269],[-118.542103136194,34.4195548332955],[-118.542103516501,34.4196540584647],[-118.542101197323,34.4196905315306],[-118.542091515851,34.4198436054496],[-118.542073354491,34.420130294526],[-118.542068456852,34.4201690897549],[-118.542059258458,34.4202419444704],[-118.542040236522,34.4203501058366],[-118.541991385754,34.420568674796],[-118.541879807146,34.4209925958881],[-118.541821118033,34.4211608884835],[-118.541691135179,34.4214626115097],[-118.54153076798,34.4218332735999],[-118.541441063271,34.4220205024246],[-118.541386727874,34.4221200565456],[-118.541311272553,34.4222450678546],[-118.54123248462,34.4223680592143],[-118.541153789419,34.4224840929406],[-118.54102051523,34.4226626717252],[-118.540969284028,34.4227280777859],[-118.540777598068,34.4230015223467],[-118.540713044696,34.4230845243987],[-118.540650288436,34.4231586382595],[-118.540505707824,34.4233072835167],[-118.540428009521,34.4233832515892],[-118.540347546907,34.4234574189327],[-118.540331659968,34.4234750669811],[-118.540325868169,34.4234815009099],[-118.540317946305,34.4234903018475],[-118.540146882641,34.4236803424315],[-118.539921224316,34.4239310197888],[-118.539598042265,34.4242900680645],[-118.539286021246,34.4246367282983],[-118.539173815497,34.4247613498727],[-118.538976600294,34.4249908264629],[-118.538663597658,34.425345482449],[-118.538329860839,34.4257401605187],[-118.537829540503,34.4263738445494],[-118.537671689545,34.4265692601448],[-118.537229524859,34.4271065610378],[-118.537140350459,34.4272188006451],[-118.534500436796,34.4258677114468],[-118.533785516116,34.4256165115315],[-118.532418838624,34.4253166767512],[-118.531388182131,34.4252145082152],[-118.529257758084,34.4250103968795],[-118.528133248104,34.4248960607849],[-118.526911028827,34.4247717791872],[-118.52646367779,34.4247499660712],[-118.526033797135,34.4247708354389],[-118.525447888186,34.4247970690512],[-118.525004501803,34.4248404794023],[-118.523863474497,34.4249413882949],[-118.522754043167,34.4250539072223],[-118.521584673728,34.4251654809973],[-118.521511399793,34.4251724719224],[-118.520324818088,34.4252856744063],[-118.519430124899,34.4253775276878],[-118.519349235425,34.4253858309988],[-118.517131455749,34.4257543401591],[-118.515856359157,34.4260987244727],[-118.513499784196,34.4267623846562],[-118.513498089779,34.4267628444],[-118.512359802547,34.427071729466],[-118.512241929868,34.4271015749743],[-118.511704564116,34.4272376335997],[-118.511265078428,34.4273220718994],[-118.511219802941,34.4273307705083],[-118.51083932579,34.4274044196106],[-118.510485087094,34.4274276613109],[-118.50975022673,34.4274525038217],[-118.508857204732,34.4273692468568],[-118.508410494158,34.4272949888122],[-118.508045635528,34.4272053379079],[-118.5075032876,34.4270377659886],[-118.507174439957,34.4269195057293],[-118.507145910604,34.4269039184491],[-118.507134932233,34.4268979195486],[-118.506490032252,34.4266069647897],[-118.506068388542,34.426336828577],[-118.50581391146,34.4261496799328],[-118.505782731254,34.4261267495591],[-118.50568605534,34.4260556509073],[-118.505184812166,34.4256444555771],[-118.504867975364,34.4253412493956],[-118.504603507218,34.4250160731984],[-118.504365158931,34.4246690373703],[-118.504089864046,34.4243396759679],[-118.504020981158,34.4240479754708],[-118.503999725912,34.4238915400288],[-118.503965261301,34.423637881937],[-118.503917217366,34.4234712775594],[-118.503613123223,34.4234726820194],[-118.503239422594,34.4234726129136],[-118.503192313731,34.4234726036972],[-118.503176257924,34.4234726008827],[-118.502617553219,34.4234724956879],[-118.50258233705,34.4234725595644],[-118.50254334114,34.423472583195],[-118.502543366251,34.4233175207277],[-118.502543472228,34.4209366216102],[-118.502543483742,34.4206768827299],[-118.502543496744,34.4206734478238],[-118.502543524802,34.420375878616],[-118.502543586261,34.4202336935079],[-118.502337103515,34.4202596484842],[-118.500764078284,34.4204573659424],[-118.500634410606,34.4204736636553],[-118.500530531722,34.4204867354995],[-118.500023481194,34.4205504594013],[-118.499715366649,34.420589155527],[-118.499533453399,34.4206123738169],[-118.499209175623,34.4206527309371],[-118.498479156314,34.4207444137038],[-118.496105035481,34.421042949632],[-118.494067247251,34.4212989811447],[-118.492243732916,34.4215279680754],[-118.49187223535,34.4215711603015],[-118.491760031403,34.4215844449989],[-118.491454892818,34.4216174995903],[-118.491268938962,34.4216346355708],[-118.491078728193,34.4216503235051],[-118.490646143142,34.4216750506083],[-118.490392278319,34.42168316329],[-118.490262873232,34.4216855850251],[-118.490148818947,34.421687694867],[-118.489924986791,34.421686893435],[-118.489737604641,34.4216824807299],[-118.48954627407,34.4216707803329],[-118.489490482013,34.4216673506678],[-118.489152199378,34.4216580537637],[-118.488779068416,34.4216448015724],[-118.488616534196,34.4216347948533],[-118.488311299606,34.4216071703932],[-118.487783692451,34.4215440311129],[-118.487577930007,34.4215146326156],[-118.487476706161,34.4215002858374],[-118.4873605171,34.4214773957532],[-118.487282476123,34.4214581117152],[-118.487059929865,34.4213937479065],[-118.486520280179,34.4212554391119],[-118.485023564827,34.4207447110632],[-118.4847194582,34.4206409375193],[-118.484420434338,34.420538734126],[-118.484101343548,34.4204070884161],[-118.483946751665,34.4203390083244],[-118.483800459406,34.4202708967358],[-118.483665767065,34.420203066876],[-118.483532693499,34.420127700792],[-118.483402906103,34.420046795957],[-118.483271396018,34.4199556257553],[-118.483224478313,34.4199210810352],[-118.482960030934,34.4197263758227],[-118.48280181958,34.419604034467],[-118.482663535243,34.4194874726898],[-118.482550171296,34.4193797124731],[-118.482506788161,34.4193324832391],[-118.482463418484,34.4192866296787],[-118.482408249635,34.4192075176159],[-118.482349700197,34.4191173968021],[-118.482259549937,34.4190095710446],[-118.482159228316,34.4188639779711],[-118.48205064747,34.4187235744207],[-118.481950385747,34.418587271257],[-118.481873464662,34.4184735398805],[-118.481804869194,34.4183656281507],[-118.481588895807,34.4180027218026],[-118.481381498153,34.4176878914626],[-118.481282894763,34.4175529524011],[-118.481192737688,34.4174430370222],[-118.481114358817,34.4173643437063],[-118.481032707333,34.4172925357223],[-118.480927692725,34.4171936985356],[-118.480810980152,34.4170787503161],[-118.480559312035,34.416848923118],[-118.480432726811,34.416748441822],[-118.480312854343,34.416660298368],[-118.480289356118,34.4166448922252],[-118.48018470907,34.4165763093674],[-118.480043290308,34.4164779986886],[-118.480022002407,34.4164780243406],[-118.47987529014,34.4163934269339],[-118.479710639312,34.4163023506467],[-118.47955101749,34.4162215894536],[-118.479406394553,34.4161541484525],[-118.479281761394,34.4161038070448],[-118.479187120977,34.4160787640016],[-118.479065955063,34.4160541574226],[-118.478899911371,34.4160094731348],[-118.478756920587,34.4159697687628],[-118.478702309879,34.4159546050223],[-118.478247277065,34.4158193631268],[-118.47809126472,34.4157897542214],[-118.477903745364,34.4157578477405],[-118.477734523223,34.4157368865639],[-118.477550420965,34.4157231879077],[-118.477366301621,34.4157175072935],[-118.477302100363,34.4157155259545],[-118.477283461361,34.4157149510985],[-118.477051359502,34.4157158642202],[-118.476892253833,34.4157240438711],[-118.476781179625,34.41572448055],[-118.476518880049,34.4157199876489],[-118.476500475364,34.4157196777048],[-118.476341798949,34.4157169463718],[-118.475613889532,34.4156981516644],[-118.475441446535,34.4156936862937],[-118.472165550972,34.4157013156788],[-118.472169050324,34.4164871998212],[-118.472169738581,34.4166448981381],[-118.472177533492,34.4183996972999],[-118.47218986893,34.4208682975386],[-118.472193290829,34.4217644150706],[-118.472199961726,34.4223562303448],[-118.472195434659,34.422727539576],[-118.472189974515,34.4229350264727],[-118.472189047189,34.4229481960932],[-118.472176379712,34.4231278987017],[-118.472157490833,34.4232881217252],[-118.4721262603,34.4234007376658],[-118.472098709496,34.4234886642759],[-118.472079038552,34.4235514416576],[-118.472069656162,34.4235813847763],[-118.472027011993,34.4237270502849],[-118.471992843787,34.4238429492868],[-118.471948834542,34.4239760409653],[-118.471862128916,34.4241821372991],[-118.471814553626,34.4242723180359],[-118.471707826593,34.4244568417767],[-118.471513840808,34.4247512618034],[-118.471449665109,34.424836690019],[-118.471410778317,34.4248843556188],[-118.471322870945,34.4249921078288],[-118.471138359246,34.4252019959162],[-118.471033128145,34.4253177333715],[-118.470920515242,34.4254354503118],[-118.470838509787,34.4255168066655],[-118.470757469972,34.4255892529575],[-118.470738995339,34.4256048607943],[-118.470678197485,34.4256562245312],[-118.470595685776,34.4257196908319],[-118.47050652147,34.4257851617475],[-118.470409001897,34.4258518703497],[-118.470258841977,34.4259507720967],[-118.470209283882,34.4259825656903],[-118.470118405905,34.426039252099],[-118.469753108708,34.42624057258],[-118.469506793832,34.4263710333868],[-118.469156275384,34.4265478975341],[-118.468906699183,34.4266890042235],[-118.468754711471,34.4267871385409],[-118.468696913878,34.4268289424319],[-118.468576417108,34.426926271482],[-118.468429963489,34.4270532917034],[-118.468350502796,34.4271295518716],[-118.468321140352,34.4271595565002],[-118.46831150936,34.4271693978657],[-118.468285911452,34.4271955564321],[-118.468267580064,34.427214340341],[-118.468203791184,34.4272942199756],[-118.468149236505,34.4273697500984],[-118.468105457679,34.4274461464585],[-118.468062405175,34.4275273163273],[-118.467989955646,34.427669967923],[-118.467980197907,34.4276927043928],[-118.46795757908,34.4277454682878],[-118.467754921819,34.4276799429679],[-118.467634015525,34.4276502924721],[-118.467617109764,34.4276461231368],[-118.467549051505,34.4276319591233],[-118.467509619417,34.4276261357314],[-118.46740906016,34.4276112855121],[-118.46736213361,34.4276053899774],[-118.467293505556,34.4275968914532],[-118.467179039874,34.4275863417396],[-118.467076193389,34.4275791838282],[-118.466978332535,34.4275726872954],[-118.466620201882,34.4275761236225],[-118.466354881412,34.4275716508751],[-118.465991924393,34.4275723587307],[-118.462993951678,34.4275790321705],[-118.462993439036,34.4271795202751],[-118.462992956589,34.4268034463336],[-118.458793050564,34.4268070355298],[-118.458726498211,34.4268075089992],[-118.458726444114,34.4267887969688],[-118.458649254585,34.4267388842308],[-118.458369254247,34.4265608844481],[-118.458117253935,34.4263618843333],[-118.457824254486,34.4262558847006],[-118.457666254365,34.4259498846093],[-118.457434254294,34.4255608842023],[-118.457117384508,34.425220796776],[-118.456970254102,34.4250628849309],[-118.456850253894,34.4249488845147],[-118.456752254068,34.4246488841344],[-118.456713253583,34.4243818848722],[-118.45684625328,34.4240738843695],[-118.456970519708,34.4236152820199],[-118.456979019094,34.4235945363576],[-118.457322073955,34.4235933372308],[-118.457976697182,34.4235910477372],[-118.457976627183,34.422936427072],[-118.458197152384,34.4227625592364],[-118.458244330942,34.4227252973153],[-118.458244323088,34.4227252540714],[-118.457703849515,34.4226900928701],[-118.45741501691,34.4224348600578],[-118.457086241867,34.4225846289381],[-118.457086255391,34.4225845161955],[-118.457111829318,34.4223644825003],[-118.457130996512,34.4221855116693],[-118.457120253867,34.4217268841152],[-118.457427253717,34.4217178834271],[-118.457455252989,34.4216488844088],[-118.457577253662,34.4215488831639],[-118.457612463761,34.4214928182607],[-118.457707254062,34.4213418845939],[-118.457925253214,34.4210758836601],[-118.458089253189,34.4209398837401],[-118.458113823836,34.4209268944988],[-118.45824625309,34.4208568841846],[-118.458246552093,34.4208568533044],[-118.458257402768,34.4208115589054],[-118.458341656086,34.4205495423433],[-118.45836102308,34.4204859254285],[-118.458433588982,34.4203368665043],[-118.45845714603,34.4203044087871],[-118.45847025354,34.4202758500303],[-118.45849160496,34.4202393599669],[-118.458514658848,34.4202107636077],[-118.458542685655,34.4201818040587],[-118.45857733545,34.4201514464273],[-118.458611989002,34.4201217757407],[-118.458658230895,34.4200889698647],[-118.458702845102,34.4200616658784],[-118.458750788344,34.4200367536765],[-118.458795430871,34.4200146018166],[-118.458939356055,34.419957038908],[-118.459055159866,34.4199112607334],[-118.459204072474,34.4198564265096],[-118.459227239628,34.4198484386559],[-118.459470506788,34.419766798528],[-118.459520151116,34.4197497797206],[-118.459690565796,34.4196855893525],[-118.459707109629,34.4196793439308],[-118.459808034299,34.419641177183],[-118.459932518,34.4195929401348],[-118.460142216535,34.4195104162178],[-118.460181916967,34.4194941218299],[-118.460239810634,34.4194698582532],[-118.460282811643,34.419450803432],[-118.460330776838,34.4194300123328],[-118.460424252132,34.4193884889811],[-118.460464523512,34.4193648989207],[-118.460492745044,34.4193376862516],[-118.460522131238,34.4193121649398],[-118.460557094301,34.4192817983354],[-118.460596643687,34.4192380247178],[-118.460731572807,34.4190534045405],[-118.460757861585,34.419010369109],[-118.46077243111,34.418946769117],[-118.46078040136,34.4188890334309],[-118.460778344473,34.4188169085824],[-118.460771323439,34.418746520916],[-118.460755976898,34.4186696386683],[-118.460734015955,34.4185958729047],[-118.460705452022,34.4185272844859],[-118.460686737077,34.4184930044064],[-118.460671954386,34.4184659279748],[-118.460635180925,34.4184117961697],[-118.460604200641,34.4183819044465],[-118.460585994446,34.4183644639824],[-118.460561791117,34.4183545506594],[-118.460456998878,34.4182699266215],[-118.460388809553,34.4182310282236],[-118.46033061499,34.4182006789702],[-118.460252524085,34.4181700617041],[-118.460156226989,34.4181450092127],[-118.459937149541,34.4181029045729],[-118.459819300279,34.4180779335379],[-118.459714706479,34.4180515382109],[-118.459616719587,34.4180206515573],[-118.459523692038,34.4179873434472],[-118.459440618548,34.4179550271137],[-118.459370809163,34.4179226604889],[-118.459229423385,34.4178386986734],[-118.459107901988,34.417749164851],[-118.459011355891,34.4176787724321],[-118.458961403419,34.4176394607339],[-118.458913076405,34.417594647112],[-118.458868035172,34.4175439809011],[-118.458824632662,34.4174902189163],[-118.458786172705,34.4174305971801],[-118.458752667466,34.4173675227476],[-118.458725795597,34.417304766703],[-118.458682044498,34.4171874604372],[-118.458670205003,34.4171449131219],[-118.458658231245,34.4170779789078],[-118.458657743315,34.4169893608294],[-118.458679364554,34.4167007520153],[-118.458680891074,34.4166448898784],[-118.458682124209,34.4165997571097],[-118.458679227281,34.416501567533],[-118.458669894434,34.4161852156487],[-118.458669519974,34.4161172071139],[-118.458674980081,34.4160364450459],[-118.458592828277,34.4160395333155],[-118.458465213265,34.4160465302457],[-118.45844698066,34.4160476386314],[-118.458355873285,34.4160549923925],[-118.458330981595,34.4160570130353],[-118.458254778728,34.4160679345662],[-118.457954992707,34.4161198998596],[-118.457680068986,34.4161710872334],[-118.457635360817,34.4161815631713],[-118.457516146556,34.4162094916842],[-118.457368811895,34.4162481876663],[-118.457085754323,34.4163282534589],[-118.456938415825,34.4163669191803],[-118.456802640804,34.4163980169669],[-118.45666517951,34.416423952454],[-118.456396821514,34.4164644524495],[-118.456284137289,34.4164738070101],[-118.455947665986,34.4164881193271],[-118.455896373886,34.4164886727447],[-118.455566372314,34.4164909314156],[-118.455156843011,34.4164852701682],[-118.454283009537,34.4164613937879],[-118.453982259282,34.4164539065957],[-118.453971286885,34.4164536330288],[-118.453849534762,34.4164593067484],[-118.453747331286,34.416459407857],[-118.453203723327,34.416459938326],[-118.452736230029,34.416463743331],[-118.452444666543,34.4164662295713],[-118.45219578502,34.4164691933752],[-118.45215633245,34.4164694432315],[-118.451794594326,34.416471735119],[-118.451008793098,34.4164780944569],[-118.450831414817,34.4164801287355],[-118.450428563837,34.4164826396765],[-118.450302568357,34.4164837935811],[-118.45012349223,34.4164786361816],[-118.449935861301,34.416473475093],[-118.449869799805,34.4164716628351],[-118.449098769773,34.4164504762545],[-118.448939615551,34.4164503784789],[-118.44809741116,34.4164497262575],[-118.447744100152,34.416449303686],[-118.447646893093,34.4164491873799],[-118.447459416191,34.4164489613971],[-118.446114337781,34.41644770459],[-118.445904023954,34.4164475070063],[-118.44567696917,34.4164607033572],[-118.445509239632,34.4164726338083],[-118.445457176353,34.4164762643816],[-118.44504255671,34.4164762718524],[-118.445042776692,34.4165143933041],[-118.444921346971,34.416530447053],[-118.444671232762,34.4165725796941],[-118.444292895,34.4166448916217],[-118.444189279946,34.4166646982759],[-118.443925973099,34.4167195703842],[-118.44367263187,34.4167785633399],[-118.443628388079,34.416789196487],[-118.443437515918,34.4168350703198],[-118.443228901095,34.4168883724166],[-118.442914391114,34.4169798712176],[-118.442724126102,34.4170330883052],[-118.442528674058,34.4170877547521],[-118.442331702104,34.4171475570539],[-118.442154631032,34.4172079698522],[-118.442005720315,34.4172641570596],[-118.441911011313,34.4173042661026],[-118.441855186186,34.4173279075538],[-118.441545921016,34.4174715626488],[-118.441480306501,34.4175037049637],[-118.441205278424,34.4176383616685],[-118.441030017196,34.4177276180123],[-118.440960469413,34.4177646444301],[-118.440863038841,34.4178165149357],[-118.440710961983,34.4179015647324],[-118.440664729356,34.4179310523827],[-118.440585382056,34.4179817075087],[-118.440357427693,34.4181394995236],[-118.440225280914,34.4182320320997],[-118.439984164949,34.4184091288313],[-118.439848770778,34.4185143690685],[-118.439827800468,34.4185313705018],[-118.43926106603,34.4189908605186],[-118.439140524133,34.4190833534776],[-118.438901036522,34.419256979344],[-118.438783726056,34.4193329730081],[-118.438668018701,34.4193990105358],[-118.43841669038,34.4195276935449],[-118.438277774203,34.4195944763084],[-118.438145444027,34.4196530176451],[-118.438027958451,34.4196963612724],[-118.437903830105,34.4197370115459],[-118.43773001198,34.4197871006718],[-118.437385273465,34.4192796477769],[-118.43737821076,34.4192692524206],[-118.437232095701,34.4190541684951],[-118.43711550261,34.4188815015322],[-118.437270286973,34.4188121620377],[-118.438823770146,34.4180913066008],[-118.439576393534,34.4177329227728],[-118.44030492089,34.4173769873415],[-118.440997741873,34.4170243065559],[-118.441239091337,34.4168973826787],[-118.441641513503,34.4166761133288],[-118.441696060237,34.4166449190722],[-118.441800056568,34.4165855205065],[-118.441914650905,34.4165171697743],[-118.441938295971,34.4165052176359],[-118.441981478922,34.4164762887386],[-118.442086396184,34.4164060149743],[-118.442255366076,34.4162928397946],[-118.442359947928,34.4162227905946],[-118.442566424482,34.4160794796446],[-118.442746416109,34.4159452217587],[-118.442903252215,34.4158203051089],[-118.443183826911,34.4155829611778],[-118.443310843631,34.415463651403],[-118.443439485864,34.415337108855],[-118.443733006446,34.4150416827662],[-118.443907772149,34.414858994724],[-118.444026450111,34.4147307877175],[-118.44407687432,34.4146735297017],[-118.444122022733,34.4146222257809],[-118.444202718594,34.4145213037592],[-118.444272617424,34.4144264533957],[-118.444352092448,34.4143186092588],[-118.444357094997,34.4143118204115],[-118.444365669099,34.4143001853554],[-118.44449895916,34.4141138583434],[-118.444617348742,34.4139313767545],[-118.444725810525,34.4137523698998],[-118.444796271689,34.4136304395908],[-118.444849361016,34.4135385696964],[-118.444929494309,34.4133998893913],[-118.445041146321,34.4131978697036],[-118.44510185817,34.4130805069944],[-118.445167467554,34.4129483663625],[-118.445306808347,34.4126541873435],[-118.445388533705,34.4124357610907],[-118.445569579396,34.4118814009216],[-118.445695251027,34.4115113489467],[-118.445822772616,34.4111495715215],[-118.445966322694,34.4107423193273],[-118.446106807986,34.410352288509],[-118.446127639274,34.4102821212057],[-118.44612874049,34.4102819927432],[-118.446234729691,34.4102681384054],[-118.446238440734,34.4102676568549],[-118.446502489658,34.4102503979151],[-118.446831376833,34.4102289003302],[-118.446788813436,34.4101314795795],[-118.446772633424,34.4100944419519],[-118.446771593926,34.41009208286],[-118.446753180555,34.4100499363486],[-118.44673558435,34.4100096602124],[-118.446735370704,34.4100091714663],[-118.446672268745,34.4098647319801],[-118.446647445415,34.4098100236419],[-118.446623150494,34.4097564817409],[-118.446626727076,34.4092441708214],[-118.446457987754,34.4092453844152],[-118.446581492513,34.4089116955841],[-118.446614506127,34.4088367241294],[-118.446748542011,34.4085322024395],[-118.446892774627,34.4082252819006],[-118.446958394041,34.4080972656207],[-118.447025740917,34.4079812739122],[-118.44718347109,34.4077192898236],[-118.447273868243,34.4075746866259],[-118.447362678232,34.4074424663791],[-118.447532159003,34.407207584578],[-118.447616108937,34.4070973560744],[-118.447782543974,34.4069013683359],[-118.44795378579,34.4066976662093],[-118.448011496127,34.4066401055227],[-118.448065875892,34.4065801346901],[-118.448278554679,34.4063646627232],[-118.448382442482,34.4062632887752],[-118.448563900605,34.406098790893],[-118.448735561118,34.4059607619811],[-118.449029441795,34.405741547032],[-118.449262289763,34.4055785589997],[-118.449442332277,34.4054587198405],[-118.449607529028,34.405353330254],[-118.449909525315,34.40517245598],[-118.449929722145,34.4051594539455],[-118.450087805956,34.4050684893989],[-118.450392526793,34.4048932068375],[-118.451012117035,34.4045368002801],[-118.45148145781,34.4042736746353],[-118.451906181612,34.4040361069574],[-118.452374476866,34.4037799785353],[-118.452792040768,34.4035515940312],[-118.454539009502,34.4026107773814],[-118.45479184928,34.4024690006556],[-118.454773550726,34.4024566939079],[-118.454630419407,34.4023507511874],[-118.454527240451,34.4022709500248],[-118.454452305498,34.4022129935081],[-118.454410686741,34.4021801758243],[-118.454145977159,34.4019688929139],[-118.454112573411,34.4019344261079],[-118.454083201347,34.4019029021327],[-118.454061936636,34.4018875366581],[-118.453991799946,34.4018353605648],[-118.453922565972,34.4017823633601],[-118.453854247835,34.4017285576176],[-118.45378685971,34.4016739495968],[-118.453720414731,34.401618554576],[-118.453654924905,34.4015623806258],[-118.453590407715,34.4015054421068],[-118.453526874094,34.401447749798],[-118.453464333889,34.4013893144828],[-118.453402803475,34.4013301469196],[-118.453342292716,34.4012702614979],[-118.453280783531,34.4012075669889],[-118.453222388268,34.4011462545841],[-118.45316279969,34.4010856948846],[-118.453129737637,34.4010487202649],[-118.453109408865,34.4010259864874],[-118.453055567542,34.4009632244478],[-118.453013527262,34.4009074746146],[-118.452972581553,34.4008511887725],[-118.452932710773,34.4007943552763],[-118.45289553461,34.4007394112376],[-118.452859382633,34.400683990057],[-118.452822744103,34.400625688475],[-118.452787233073,34.4005669075632],[-118.452752867023,34.4005076616817],[-118.452719646013,34.4004479625514],[-118.452687569121,34.4003878408287],[-118.452656653816,34.4003273090709],[-118.452626902275,34.4002663681721],[-118.45259950533,34.4002075983897],[-118.452572059998,34.4001459204297],[-118.45254582767,34.4000838890426],[-118.452520774622,34.4000215034535],[-118.452495186282,34.3999540712606],[-118.452469437712,34.3998817605525],[-118.452445289173,34.3998090652243],[-118.452424100212,34.3997405960641],[-118.452404343156,34.3996718285591],[-118.452384829352,34.3995981783312],[-118.452366950909,34.3995242434251],[-118.452351677287,34.3994547036997],[-118.452337836005,34.3993849485716],[-118.45232467752,34.3993103388333],[-118.452313152728,34.3992355408897],[-118.452303864802,34.3991652801413],[-118.452296009652,34.3990948869314],[-118.452289257409,34.3990196943423],[-118.452284160034,34.3989444108361],[-118.452280729644,34.3988690652167],[-118.452279014731,34.398798384052],[-118.452278807744,34.398722984939],[-118.452280271368,34.3986475931179],[-118.452283143045,34.3985769363162],[-118.452287811307,34.3985016452337],[-118.452293705047,34.3984311168973],[-118.452301065453,34.3983606957817],[-118.452310510939,34.398285694302],[-118.452320859262,34.398215527091],[-118.452333510632,34.3981408634462],[-118.452347799925,34.3980664028459],[-118.452362689777,34.3979967920651],[-118.452380152986,34.3979227956306],[-118.452399254488,34.3978490725571],[-118.452418634766,34.397780227548],[-118.452440859876,34.3977071220847],[-118.452505832628,34.3975406275553],[-118.452776744938,34.3966439041569],[-118.452798290127,34.3965730802408],[-118.452818332921,34.3965019815533],[-118.452829724217,34.3964581460409],[-118.452845429125,34.3964607865887],[-118.453041251416,34.3960098816377],[-118.453113251158,34.3958588813343],[-118.452937781888,34.3956798311609],[-118.452938712699,34.3956357876873],[-118.452938702925,34.39556276427],[-118.452937125998,34.3954897476077],[-118.452911379321,34.3946995038619],[-118.451041119443,34.3947154408103],[-118.451028249673,34.3947078824283],[-118.450923250373,34.3946148820002],[-118.450811250985,34.3944718813173],[-118.450755249607,34.394426882022],[-118.450577250387,34.3943548825391],[-118.450230248771,34.3942838827545],[-118.45002224955,34.3942278806991],[-118.449843250012,34.3942328812709],[-118.449818808895,34.394235201437],[-118.449817897991,34.3942352877573],[-118.449685248525,34.394247881069],[-118.449578250006,34.3942628817956],[-118.449510250402,34.3942948814551],[-118.44938025129,34.3943298812795],[-118.449278249759,34.3943248824979],[-118.449191251027,34.3942738813148],[-118.44905425054,34.3941438816152],[-118.448921250313,34.3941258817945],[-118.448804250371,34.3941468816188],[-118.448710249917,34.3941268809517],[-118.448610249588,34.3940848815118],[-118.448400250109,34.3939268807866],[-118.448334250738,34.3939138812783],[-118.448277249044,34.3938758822579],[-118.448238250587,34.3938578812278],[-118.448162250003,34.3938298818914],[-118.448103249227,34.3937968819782],[-118.448042249891,34.3937408813426],[-118.447989249854,34.3936798818611],[-118.447935249811,34.3935938819733],[-118.447902249517,34.3935038819141],[-118.447869250378,34.3934658814876],[-118.447828249265,34.393442880597],[-118.447770249886,34.3934198811597],[-118.447701250425,34.3934078822725],[-118.447609249089,34.3933848820804],[-118.44749524954,34.3933538816437],[-118.447428249754,34.3933158821604],[-118.447360250042,34.3932698825003],[-118.447339248984,34.393231880938],[-118.447355250344,34.393194881502],[-118.447411249896,34.393147881607],[-118.447477250195,34.3931198815963],[-118.447668250149,34.3930888804994],[-118.447770249501,34.3930688819691],[-118.447890250377,34.393055882192],[-118.44802224984,34.3930278805934],[-118.448093250049,34.3930228815714],[-118.44813924923,34.3930478815365],[-118.448210250658,34.3931148817463],[-118.448292250254,34.3931858810333],[-118.448373250075,34.3932268817726],[-118.448480249633,34.3932318817572],[-118.448582250375,34.3932058819205],[-118.448745250291,34.3931548820795],[-118.448796249106,34.393159881667],[-118.448852249865,34.3932008817537],[-118.44914824864,34.3933898807075],[-118.449214249192,34.3933948813473],[-118.449453250599,34.3933998809133],[-118.449591250652,34.3934098821209],[-118.449683250043,34.3934148816677],[-118.449734249685,34.3934048820167],[-118.449735488736,34.3934033330913],[-118.449737086431,34.3934013356741],[-118.449754250596,34.393379881285],[-118.449754250273,34.3933338822539],[-118.449724250879,34.3931348822515],[-118.44973425089,34.3930788823618],[-118.449759250493,34.393042882389],[-118.449805249591,34.3930278815065],[-118.449876249494,34.3930278804544],[-118.449963250352,34.3930278812888],[-118.450039248941,34.3930478819852],[-118.450289250526,34.393129881572],[-118.450386249999,34.3931398817647],[-118.450472250433,34.3931398814426],[-118.450559249538,34.393129882027],[-118.450671249577,34.3930988812243],[-118.450737250416,34.3930888812895],[-118.450814250063,34.3930988824581],[-118.450931251032,34.3931298821393],[-118.450987249637,34.393124881315],[-118.451043250663,34.3931098815278],[-118.451089248993,34.3930738816002],[-118.451104249186,34.3930378815838],[-118.451104249316,34.3929868808295],[-118.451084251079,34.3929668816416],[-118.451033250579,34.392940880856],[-118.450895251127,34.3928898812667],[-118.450600249904,34.3927988815473],[-118.450136249177,34.3927268809944],[-118.450075250309,34.3927018815664],[-118.449912249327,34.3926258812281],[-118.44979525024,34.3925748809013],[-118.449729249666,34.3925588818495],[-118.44965396954,34.392553221722],[-118.449651261575,34.3925530181002],[-118.449596250396,34.3925488820953],[-118.449489250115,34.3925288815542],[-118.4494432489,34.3924978814889],[-118.449418250568,34.3924318816931],[-118.449362249222,34.3923608823816],[-118.449290250591,34.3923098806747],[-118.449127250673,34.3922428811106],[-118.448995249393,34.3922078819375],[-118.448837249099,34.392207880898],[-118.448679250193,34.392222881194],[-118.448562249662,34.3922028816805],[-118.448486249551,34.3921718813373],[-118.448409249052,34.3921008817243],[-118.448220250256,34.3919688817356],[-118.448135183721,34.3919156224252],[-118.447990248856,34.3918248811569],[-118.447819250353,34.3917358812797],[-118.447532249675,34.3915828811516],[-118.447411249905,34.3915068820063],[-118.447373249896,34.3914428806886],[-118.447367248989,34.3913478810152],[-118.44733525004,34.3912518809907],[-118.447315832096,34.3912277040336],[-118.447313298651,34.391224548991],[-118.447233250117,34.3911248811412],[-118.44713124953,34.3910418815379],[-118.447004250024,34.3909658815745],[-118.446839248992,34.3909018812235],[-118.446750248259,34.3908448814512],[-118.44661624951,34.3906798811677],[-118.446533249161,34.3905648814036],[-118.446419249786,34.3904628822621],[-118.446349248909,34.3903738816673],[-118.446260248886,34.3902528806455],[-118.446177250062,34.390169881528],[-118.446018249304,34.3901128818466],[-118.445859248199,34.3900998813859],[-118.445630248384,34.3901198808584],[-118.445483248656,34.3901698810559],[-118.44540629187,34.3902193533383],[-118.445343248534,34.3902598808249],[-118.445222248869,34.3903738816546],[-118.44514024938,34.3904378815898],[-118.445101249255,34.3904498817517],[-118.445099003553,34.3904492697391],[-118.445057248914,34.3904378815537],[-118.444923247538,34.3903738820137],[-118.444751248063,34.3902978807347],[-118.444618248976,34.3902208815528],[-118.444548248881,34.3901768818539],[-118.444516249501,34.3900998818501],[-118.444510250019,34.3899918809964],[-118.444452248655,34.3898838823476],[-118.444270484866,34.3895639183842],[-118.444210248904,34.3894578823354],[-118.444115249069,34.3893558808479],[-118.44386724805,34.3891898814477],[-118.443644248434,34.389069881054],[-118.443390248516,34.3888848820418],[-118.443090248215,34.3887448812515],[-118.443032707464,34.3887056232034],[-118.442791248635,34.3885408823944],[-118.44263924961,34.3884708814385],[-118.442441248577,34.3883568810535],[-118.442320248265,34.3882228819932],[-118.442256620527,34.388129113723],[-118.442225248426,34.3880828820279],[-118.442176224388,34.3880312991782],[-118.442175418421,34.3880304510682],[-118.442110248888,34.3879618808436],[-118.441945248572,34.3878028817963],[-118.44186924755,34.3877138815659],[-118.441818248625,34.3875928812478],[-118.441754248271,34.3874148818349],[-118.441684248817,34.3873388804954],[-118.441379248049,34.3870138806509],[-118.441220247781,34.3868358814621],[-118.441200248345,34.3867598817957],[-118.441181247585,34.3865748801787],[-118.441118248382,34.3864598805749],[-118.441010247548,34.3863588813945],[-118.44081924777,34.3862628809081],[-118.440583248388,34.3861548819398],[-118.440443247368,34.3860528806311],[-118.440329247729,34.3859068808706],[-118.440252247801,34.385766881607],[-118.440246247638,34.3856588814424],[-118.440271248056,34.3855378821653],[-118.440297247569,34.3854038809185],[-118.440316247401,34.3852258804142],[-118.44031624769,34.3850538810082],[-118.440666247686,34.3846908810131],[-118.440787247942,34.3845958809362],[-118.440978981538,34.3845045433663],[-118.441041248252,34.3844748808479],[-118.441302248248,34.3843798811703],[-118.441280248749,34.3842558811305],[-118.441287247672,34.3841158805744],[-118.441312248566,34.3839698814883],[-118.441376247147,34.3838798808433],[-118.441397248087,34.3837508821266],[-118.44124224771,34.3831168817158],[-118.441172247447,34.3830598817427],[-118.441064248345,34.3829768808543],[-118.440994248621,34.3828878807782],[-118.440975247723,34.3827728806157],[-118.44098824799,34.3825758802998],[-118.440979321074,34.3824833232795],[-118.440969248239,34.3823788809768],[-118.440911248393,34.382238880621],[-118.440771246828,34.3819838801173],[-118.440619247517,34.381665881387],[-118.440498247339,34.3813988805887],[-118.440434246241,34.3812398812122],[-118.440389246852,34.3811698817791],[-118.440339247014,34.381118880517],[-118.440199247949,34.3810678796862],[-118.440065247992,34.3810108797391],[-118.439976247022,34.3809208806264],[-118.439922896405,34.3808476549815],[-118.439823247051,34.3807108803637],[-118.439702246801,34.380583880918],[-118.439432247452,34.3804168812532],[-118.439223246121,34.3803098807836],[-118.439143245873,34.3803108818967],[-118.438964247082,34.3803368813068],[-118.438734247391,34.3803678801259],[-118.438439247066,34.3802848800393],[-118.438395225199,34.3802524929008],[-118.438299246773,34.3801818809709],[-118.438192246284,34.3800058805471],[-118.438142247458,34.3797728809156],[-118.438160246177,34.3796425043302],[-118.438183247499,34.3794758814584],[-118.438153246718,34.3793998813626],[-118.438100246766,34.3793568803325],[-118.438037246273,34.3793388807322],[-118.437962246422,34.379358879991],[-118.437808246989,34.3794658814031],[-118.437547246223,34.3797078797948],[-118.43747924653,34.3797328804501],[-118.437421245773,34.379713880716],[-118.437397246437,34.3796568802784],[-118.437394247256,34.3795138805368],[-118.437407246788,34.3792648809415],[-118.437453246906,34.3792098808793],[-118.437469246766,34.3791898811825],[-118.437444793618,34.3791938965056],[-118.43742893102,34.3791522108468],[-118.437428611767,34.3790913863047],[-118.437452915683,34.3790626748614],[-118.437475729869,34.3790244278394],[-118.437538721938,34.3789669521152],[-118.437578905003,34.3789489170184],[-118.43760898069,34.3789237629052],[-118.437620237428,34.3788760157211],[-118.437585157313,34.3787699955599],[-118.437531671684,34.3787200974861],[-118.437518875508,34.3785841803993],[-118.437426852253,34.3785916688516],[-118.437337593398,34.378577678998],[-118.436902394105,34.3784289729985],[-118.436657333899,34.378329672768],[-118.436256161266,34.3780854287941],[-118.436143724451,34.378040512254],[-118.436040008441,34.3780122615819],[-118.435924833124,34.3779935938775],[-118.435835650004,34.3779939145234],[-118.435668603839,34.3779587348012],[-118.435536031441,34.377913890057],[-118.435443647327,34.3778522034904],[-118.435296316248,34.3777358521205],[-118.435117265624,34.3776053025461],[-118.434906757086,34.377510644799],[-118.434693620824,34.37746370356],[-118.434555395176,34.377437960817],[-118.434448951546,34.3774383423133],[-118.434339668175,34.3774458893765],[-118.434239140163,34.3774772587056],[-118.434176072382,34.377520420211],[-118.434101497481,34.3775636228876],[-118.433992685916,34.3776618101167],[-118.433941051516,34.3776906195963],[-118.433874883946,34.3776908564173],[-118.433800172166,34.3777078211119],[-118.433601469764,34.3776703663524],[-118.433431473721,34.3776208822297],[-118.433287458016,34.377588003256],[-118.433203979801,34.3775787606296],[-118.433026535525,34.3775352653097],[-118.432908448423,34.3775094487568],[-118.432847798596,34.3774643442319],[-118.43279853309,34.3773953462139],[-118.432740438417,34.3772882140951],[-118.432685468589,34.3772287773411],[-118.43260461911,34.3771718183759],[-118.432469073572,34.3771078980974],[-118.432281991541,34.3770918688901],[-118.431939411991,34.3770477688681],[-118.431847230339,34.3770242435442],[-118.431616910151,34.3769916690874],[-118.431513343007,34.3769920377672],[-118.431360994395,34.3770164336614],[-118.431119154016,34.3769815137872],[-118.431052826621,34.3769507404306],[-118.430877646548,34.3769129406406],[-118.430879580213,34.3765985981643],[-118.430879833105,34.3765328924716],[-118.430880378263,34.3765329716722],[-118.431078075769,34.3765619014213],[-118.431098970223,34.3765649356164],[-118.431204636885,34.3765804115164],[-118.432658441693,34.3767930842348],[-118.434308909378,34.3770299860626],[-118.434458202456,34.3770603683917],[-118.434620724814,34.3770848431308],[-118.43473185785,34.3771047210993],[-118.434828084013,34.3771273777756],[-118.434980800357,34.3771773402534],[-118.435176625749,34.3772326120092],[-118.435332676909,34.3772876954171],[-118.435427362872,34.3773309887879],[-118.43557362499,34.3774149651944],[-118.435890952191,34.3775725138374],[-118.435953937487,34.3776066611026],[-118.436020238704,34.3776477778999],[-118.436269711586,34.3778147490107],[-118.436376189703,34.3778773470598],[-118.436499147452,34.3779457086999],[-118.436703602007,34.3780419478588],[-118.436899520431,34.378151485334],[-118.437044768436,34.3782246073373],[-118.437172125361,34.3782802867668],[-118.437247029349,34.3783053768318],[-118.437414268373,34.378357151857],[-118.437633471357,34.3784195917672],[-118.437693434775,34.3784339918906],[-118.437743213365,34.3784461776252],[-118.437832798906,34.378465447195],[-118.437872603524,34.3784725021968],[-118.438088179621,34.3785005770352],[-118.438262247819,34.3785140434125],[-118.438555601344,34.3785219159025],[-118.438656681466,34.378521550212],[-118.4388439,34.3785143302218],[-118.438988018848,34.3785045478835],[-118.439127128977,34.3784878867692],[-118.439428500955,34.3784448887107],[-118.439478182722,34.3784399007342],[-118.43952123036,34.3784321907115],[-118.44068357658,34.3782527911068],[-118.4409882647,34.3782104640804],[-118.441253244542,34.3781810068957],[-118.441423863659,34.3781690372466],[-118.441650837311,34.378159277287],[-118.441771806281,34.3781588365418],[-118.441932397678,34.378162222512],[-118.441932456422,34.3781558709791],[-118.444093544754,34.3781552105695],[-118.444093540203,34.378161702545],[-118.444250553474,34.3781653311481],[-118.444269112371,34.3781657607871],[-118.444532381686,34.3781813632589],[-118.444663901235,34.3781951973292],[-118.447219911129,34.37840732983],[-118.447523730441,34.3784262435263],[-118.447927625654,34.3784557981098],[-118.44847613265,34.3784814465396],[-118.448476070417,34.3784684673574],[-118.448475721968,34.3783851252586],[-118.448474894018,34.3782005532691],[-118.448474829885,34.3781455958772],[-118.448471149015,34.3770566325141],[-118.448465198268,34.375296263941],[-118.448464537908,34.3750256279667],[-118.448463382699,34.3745708839261],[-118.448564306735,34.3707734791204],[-118.448664360792,34.3669773370634],[-118.448664393297,34.3669761045427],[-118.448667566943,34.3668731184048],[-118.448822071078,34.3618584553729],[-118.448892418934,34.359574975672],[-118.448898513324,34.3593771595467],[-118.448976338031,34.3561547020984],[-118.448985889312,34.3557591841225],[-118.449082057493,34.3517768643321],[-118.457752189446,34.3517341248309],[-118.466517565681,34.3516906716247],[-118.475853579685,34.3516445949815],[-118.485067861838,34.3515979221708],[-118.485388433469,34.3516005973554],[-118.4886568076,34.3516278342888],[-118.490585708038,34.3516446004583],[-118.49224563138,34.3516590055628],[-118.493113606236,34.351645528609],[-118.493811169483,34.3516353228113],[-118.494146437686,34.3516304402901],[-118.494822061485,34.3516196329549],[-118.495173426809,34.3516139921914],[-118.496189553748,34.3515990989536],[-118.497334295905,34.3515823099581],[-118.49889051797,34.3515582419],[-118.50002690108,34.3515416079254],[-118.500572727276,34.3515326229283],[-118.501533085211,34.3515381601776],[-118.501669331143,34.3515389422813],[-118.501726221143,34.3515392567186],[-118.501841556926,34.3515399331635],[-118.504463396274,34.3515546863149],[-118.504662708664,34.3515602754908],[-118.504543741297,34.3512153153361],[-118.504455875572,34.3509532952578],[-118.504303614037,34.3505054869875],[-118.50415090699,34.3499837361109],[-118.50408924459,34.3497740835661],[-118.503970199917,34.3491114576141],[-118.503944972234,34.3487442212381],[-118.503893567139,34.347852322868],[-118.503950282172,34.347243828225],[-118.50398550596,34.3468858823289],[-118.504027503016,34.3466972669643],[-118.504108838031,34.3463558266478],[-118.5042378205,34.3458090498975],[-118.504331190235,34.3455558164612],[-118.504529158456,34.3450039813093]]]},"properties":{"OBJECTID":3327,"DISTRICT_NAME":"WM S HART UNION HIGH","LABEL":"WM S HART UNION HIGH TA3","TRUSTEE_AREA":"3","DISTRICT_TYPE":"High School District","Shape__Area":667373448.55078125,"Shape__Length":140286.50326369089}},{"type":"Feature","id":3328,"geometry":{"type":"Polygon","coordinates":[[[-118.360791913411,34.3371368910822],[-118.373652061962,34.3371256331878],[-118.37786184963,34.3371340470898],[-118.387687015015,34.3371119557463],[-118.394703187487,34.3370952677724],[-118.397091004544,34.3370886960755],[-118.397094193186,34.3371678747126],[-118.397115136805,34.3378108822497],[-118.397126715436,34.338128687891],[-118.397145490724,34.3386896528528],[-118.397159764247,34.339067779507],[-118.397160339299,34.3391367117357],[-118.397166256615,34.3393120698561],[-118.397168297209,34.3393781367085],[-118.397169401886,34.339398766532],[-118.397174199764,34.3395428594606],[-118.397174465465,34.3395532343623],[-118.397175047245,34.3395667636024],[-118.397179501713,34.3396942035895],[-118.397179878654,34.3397016923113],[-118.397179815619,34.3397071684447],[-118.397188543888,34.3399658652085],[-118.397189772012,34.3400025960513],[-118.397587605506,34.3517728203005],[-118.397593609299,34.3519406348873],[-118.39760885334,34.3523704701661],[-118.397816952913,34.3523663821796],[-118.403934516958,34.352245919264],[-118.405500388059,34.3522150352834],[-118.413391904176,34.3520590874164],[-118.422326423126,34.3521327323103],[-118.43126011789,34.3522043160446],[-118.43263085229,34.3521716498822],[-118.440171129016,34.351990917715],[-118.440256425217,34.3519880808906],[-118.449005731694,34.3517786914612],[-118.449082057493,34.3517768643321],[-118.448985889312,34.3557591841225],[-118.448976338031,34.3561547020984],[-118.448898513324,34.3593771595467],[-118.448892418934,34.359574975672],[-118.448822071078,34.3618584553729],[-118.448667566943,34.3668731184048],[-118.448664393297,34.3669761045427],[-118.448664360792,34.3669773370634],[-118.448564306735,34.3707734791204],[-118.448463382699,34.3745708839261],[-118.448464537908,34.3750256279667],[-118.448465198268,34.375296263941],[-118.448471149015,34.3770566325141],[-118.448474829885,34.3781455958772],[-118.448474894018,34.3782005532691],[-118.448475721968,34.3783851252586],[-118.448476070417,34.3784684673574],[-118.448476114155,34.3784814448049],[-118.447927625654,34.3784557981098],[-118.447523730441,34.3784262435263],[-118.447219911129,34.37840732983],[-118.444663901235,34.3781951973292],[-118.444532381686,34.3781813632589],[-118.444269112371,34.3781657607871],[-118.444250553474,34.3781653311481],[-118.444093540203,34.378161702545],[-118.444093544754,34.3781552105695],[-118.441932456422,34.3781558709791],[-118.441932397678,34.378162222512],[-118.441771806281,34.3781588365418],[-118.441650837311,34.378159277287],[-118.441423863659,34.3781690372466],[-118.441253244542,34.3781810068957],[-118.4409882647,34.3782104640804],[-118.44068357658,34.3782527911068],[-118.43952123036,34.3784321907115],[-118.439478182722,34.3784399007342],[-118.439428500955,34.3784448887107],[-118.439127128977,34.3784878867692],[-118.438988018848,34.3785045478835],[-118.4388439,34.3785143302218],[-118.438656681466,34.378521550212],[-118.438555601344,34.3785219159025],[-118.438262247819,34.3785140434125],[-118.438088179621,34.3785005770352],[-118.437872603524,34.3784725021968],[-118.437832798906,34.378465447195],[-118.437743213365,34.3784461776252],[-118.437693434775,34.3784339918906],[-118.437633471357,34.3784195917672],[-118.437414268373,34.378357151857],[-118.437247029349,34.3783053768318],[-118.437172125361,34.3782802867668],[-118.437044768436,34.3782246073373],[-118.436899520431,34.378151485334],[-118.436703602007,34.3780419478588],[-118.436499147452,34.3779457086999],[-118.436376189703,34.3778773470598],[-118.436269711586,34.3778147490107],[-118.436020238704,34.3776477778999],[-118.435953937487,34.3776066611026],[-118.435890952191,34.3775725138374],[-118.43557362499,34.3774149651944],[-118.435427362872,34.3773309887879],[-118.435332676909,34.3772876954171],[-118.435176625749,34.3772326120092],[-118.434980800357,34.3771773402534],[-118.434828084013,34.3771273777756],[-118.43473185785,34.3771047210993],[-118.434620724814,34.3770848431308],[-118.434458202456,34.3770603683917],[-118.434308909378,34.3770299860626],[-118.432658441693,34.3767930842348],[-118.431204636885,34.3765804115164],[-118.431098970223,34.3765649356164],[-118.431078075769,34.3765619014213],[-118.430880378263,34.3765329716722],[-118.430879833105,34.3765328924716],[-118.430879580213,34.3765985981643],[-118.430877646548,34.3769129406406],[-118.431052826621,34.3769507404306],[-118.431119154016,34.3769815137872],[-118.431360994395,34.3770164336614],[-118.431513343007,34.3769920377672],[-118.431616910151,34.3769916690874],[-118.431847230339,34.3770242435442],[-118.431939411991,34.3770477688681],[-118.432281991541,34.3770918688901],[-118.432469073572,34.3771078980974],[-118.43260461911,34.3771718183759],[-118.432685468589,34.3772287773411],[-118.432740438417,34.3772882140951],[-118.43279853309,34.3773953462139],[-118.432847798596,34.3774643442319],[-118.432908448423,34.3775094487568],[-118.433026535525,34.3775352653097],[-118.433203979801,34.3775787606296],[-118.433287458016,34.377588003256],[-118.433431473721,34.3776208822297],[-118.433601469764,34.3776703663524],[-118.433800172166,34.3777078211119],[-118.433874883946,34.3776908564173],[-118.433941051516,34.3776906195963],[-118.433992685916,34.3776618101167],[-118.434101497481,34.3775636228876],[-118.434176072382,34.377520420211],[-118.434239140163,34.3774772587056],[-118.434339668175,34.3774458893765],[-118.434448951546,34.3774383423133],[-118.434555395176,34.377437960817],[-118.434693620824,34.37746370356],[-118.434906757086,34.377510644799],[-118.435117265624,34.3776053025461],[-118.435296316248,34.3777358521205],[-118.435443647327,34.3778522034904],[-118.435536031441,34.377913890057],[-118.435668603839,34.3779587348012],[-118.435835650004,34.3779939145234],[-118.435924833124,34.3779935938775],[-118.436040008441,34.3780122615819],[-118.436143724451,34.378040512254],[-118.436256161266,34.3780854287941],[-118.436657333899,34.378329672768],[-118.436902394105,34.3784289729985],[-118.437337593398,34.378577678998],[-118.437426852253,34.3785916688516],[-118.437518875508,34.3785841803993],[-118.437531671684,34.3787200974861],[-118.437585157313,34.3787699955599],[-118.437620237428,34.3788760157211],[-118.43760898069,34.3789237629052],[-118.437578905003,34.3789489170184],[-118.437538721938,34.3789669521152],[-118.437475729869,34.3790244278394],[-118.437452915683,34.3790626748614],[-118.437428611767,34.3790913863047],[-118.43742893102,34.3791522108468],[-118.437444793618,34.3791938965056],[-118.437469246766,34.3791898811825],[-118.437453246906,34.3792098808793],[-118.437407246788,34.3792648809415],[-118.437394247256,34.3795138805368],[-118.437397246437,34.3796568802784],[-118.437421245773,34.379713880716],[-118.43747924653,34.3797328804501],[-118.437547246223,34.3797078797948],[-118.437808246989,34.3794658814031],[-118.437962246422,34.379358879991],[-118.438037246273,34.3793388807322],[-118.438100246766,34.3793568803325],[-118.438153246718,34.3793998813626],[-118.438183247499,34.3794758814584],[-118.438160246177,34.3796425043302],[-118.438142247458,34.3797728809156],[-118.438192246284,34.3800058805471],[-118.438299246773,34.3801818809709],[-118.438395225199,34.3802524929008],[-118.438439247066,34.3802848800393],[-118.438734247391,34.3803678801259],[-118.438964247082,34.3803368813068],[-118.439143245873,34.3803108818967],[-118.439223246121,34.3803098807836],[-118.439432247452,34.3804168812532],[-118.439702246801,34.380583880918],[-118.439823247051,34.3807108803637],[-118.439922896405,34.3808476549815],[-118.439976247022,34.3809208806264],[-118.440065247992,34.3810108797391],[-118.440199247949,34.3810678796862],[-118.440339247014,34.381118880517],[-118.440389246852,34.3811698817791],[-118.440434246241,34.3812398812122],[-118.440498247339,34.3813988805887],[-118.440619247517,34.381665881387],[-118.440771246828,34.3819838801173],[-118.440911248393,34.382238880621],[-118.440969248239,34.3823788809768],[-118.440979321074,34.3824833232795],[-118.44098824799,34.3825758802998],[-118.440975247723,34.3827728806157],[-118.440994248621,34.3828878807782],[-118.441064248345,34.3829768808543],[-118.441172247447,34.3830598817427],[-118.44124224771,34.3831168817158],[-118.441397248087,34.3837508821266],[-118.441376247147,34.3838798808433],[-118.441312248566,34.3839698814883],[-118.441287247672,34.3841158805744],[-118.441280248749,34.3842558811305],[-118.441302248248,34.3843798811703],[-118.441041248252,34.3844748808479],[-118.440978981538,34.3845045433663],[-118.440787247942,34.3845958809362],[-118.440666247686,34.3846908810131],[-118.44031624769,34.3850538810082],[-118.440316247401,34.3852258804142],[-118.440297247569,34.3854038809185],[-118.440271248056,34.3855378821653],[-118.440246247638,34.3856588814424],[-118.440252247801,34.385766881607],[-118.440329247729,34.3859068808706],[-118.440443247368,34.3860528806311],[-118.440583248388,34.3861548819398],[-118.44081924777,34.3862628809081],[-118.441010247548,34.3863588813945],[-118.441118248382,34.3864598805749],[-118.441181247585,34.3865748801787],[-118.441200248345,34.3867598817957],[-118.441220247781,34.3868358814621],[-118.441379248049,34.3870138806509],[-118.441684248817,34.3873388804954],[-118.441754248271,34.3874148818349],[-118.441818248625,34.3875928812478],[-118.44186924755,34.3877138815659],[-118.441945248572,34.3878028817963],[-118.442110248888,34.3879618808436],[-118.442175418421,34.3880304510682],[-118.442176224388,34.3880312991782],[-118.442225248426,34.3880828820279],[-118.442256620527,34.388129113723],[-118.442320248265,34.3882228819932],[-118.442441248577,34.3883568810535],[-118.44263924961,34.3884708814385],[-118.442791248635,34.3885408823944],[-118.443032707464,34.3887056232034],[-118.443090248215,34.3887448812515],[-118.443390248516,34.3888848820418],[-118.443644248434,34.389069881054],[-118.44386724805,34.3891898814477],[-118.444115249069,34.3893558808479],[-118.444210248904,34.3894578823354],[-118.444270484866,34.3895639183842],[-118.444452248655,34.3898838823476],[-118.444510250019,34.3899918809964],[-118.444516249501,34.3900998818501],[-118.444548248881,34.3901768818539],[-118.444618248976,34.3902208815528],[-118.444751248063,34.3902978807347],[-118.444923247538,34.3903738820137],[-118.445057248914,34.3904378815537],[-118.445099003553,34.3904492697391],[-118.445101249255,34.3904498817517],[-118.44514024938,34.3904378815898],[-118.445222248869,34.3903738816546],[-118.445343248534,34.3902598808249],[-118.44540629187,34.3902193533383],[-118.445483248656,34.3901698810559],[-118.445630248384,34.3901198808584],[-118.445859248199,34.3900998813859],[-118.446018249304,34.3901128818466],[-118.446177250062,34.390169881528],[-118.446260248886,34.3902528806455],[-118.446349248909,34.3903738816673],[-118.446419249786,34.3904628822621],[-118.446533249161,34.3905648814036],[-118.44661624951,34.3906798811677],[-118.446750248259,34.3908448814512],[-118.446839248992,34.3909018812235],[-118.447004250024,34.3909658815745],[-118.44713124953,34.3910418815379],[-118.447233250117,34.3911248811412],[-118.447313298651,34.391224548991],[-118.447315832096,34.3912277040336],[-118.44733525004,34.3912518809907],[-118.447367248989,34.3913478810152],[-118.447373249896,34.3914428806886],[-118.447411249905,34.3915068820063],[-118.447532249675,34.3915828811516],[-118.447819250353,34.3917358812797],[-118.447990248856,34.3918248811569],[-118.448135183721,34.3919156224252],[-118.448220250256,34.3919688817356],[-118.448409249052,34.3921008817243],[-118.448486249551,34.3921718813373],[-118.448562249662,34.3922028816805],[-118.448679250193,34.392222881194],[-118.448837249099,34.392207880898],[-118.448995249393,34.3922078819375],[-118.449127250673,34.3922428811106],[-118.449290250591,34.3923098806747],[-118.449362249222,34.3923608823816],[-118.449418250568,34.3924318816931],[-118.4494432489,34.3924978814889],[-118.449489250115,34.3925288815542],[-118.449596250396,34.3925488820953],[-118.449651261575,34.3925530181002],[-118.44965396954,34.392553221722],[-118.449729249666,34.3925588818495],[-118.44979525024,34.3925748809013],[-118.449912249327,34.3926258812281],[-118.450075250309,34.3927018815664],[-118.450136249177,34.3927268809944],[-118.450600249904,34.3927988815473],[-118.450895251127,34.3928898812667],[-118.451033250579,34.392940880856],[-118.451084251079,34.3929668816416],[-118.451104249316,34.3929868808295],[-118.451104249186,34.3930378815838],[-118.451089248993,34.3930738816002],[-118.451043250663,34.3931098815278],[-118.450987249637,34.393124881315],[-118.450931251032,34.3931298821393],[-118.450814250063,34.3930988824581],[-118.450737250416,34.3930888812895],[-118.450671249577,34.3930988812243],[-118.450559249538,34.393129882027],[-118.450472250433,34.3931398814426],[-118.450386249999,34.3931398817647],[-118.450289250526,34.393129881572],[-118.450039248941,34.3930478819852],[-118.449963250352,34.3930278812888],[-118.449876249494,34.3930278804544],[-118.449805249591,34.3930278815065],[-118.449759250493,34.393042882389],[-118.44973425089,34.3930788823618],[-118.449724250879,34.3931348822515],[-118.449754250273,34.3933338822539],[-118.449754250596,34.393379881285],[-118.449737086431,34.3934013356741],[-118.449735488736,34.3934033330913],[-118.449734249685,34.3934048820167],[-118.449683250043,34.3934148816677],[-118.449591250652,34.3934098821209],[-118.449453250599,34.3933998809133],[-118.449214249192,34.3933948813473],[-118.44914824864,34.3933898807075],[-118.448852249865,34.3932008817537],[-118.448796249106,34.393159881667],[-118.448745250291,34.3931548820795],[-118.448582250375,34.3932058819205],[-118.448480249633,34.3932318817572],[-118.448373250075,34.3932268817726],[-118.448292250254,34.3931858810333],[-118.448210250658,34.3931148817463],[-118.44813924923,34.3930478815365],[-118.448093250049,34.3930228815714],[-118.44802224984,34.3930278805934],[-118.447890250377,34.393055882192],[-118.447770249501,34.3930688819691],[-118.447668250149,34.3930888804994],[-118.447477250195,34.3931198815963],[-118.447411249896,34.393147881607],[-118.447355250344,34.393194881502],[-118.447339248984,34.393231880938],[-118.447360250042,34.3932698825003],[-118.447428249754,34.3933158821604],[-118.44749524954,34.3933538816437],[-118.447609249089,34.3933848820804],[-118.447701250425,34.3934078822725],[-118.447770249886,34.3934198811597],[-118.447828249265,34.393442880597],[-118.447869250378,34.3934658814876],[-118.447902249517,34.3935038819141],[-118.447935249811,34.3935938819733],[-118.447989249854,34.3936798818611],[-118.448042249891,34.3937408813426],[-118.448103249227,34.3937968819782],[-118.448162250003,34.3938298818914],[-118.448238250587,34.3938578812278],[-118.448277249044,34.3938758822579],[-118.448334250738,34.3939138812783],[-118.448400250109,34.3939268807866],[-118.448610249588,34.3940848815118],[-118.448710249917,34.3941268809517],[-118.448804250371,34.3941468816188],[-118.448921250313,34.3941258817945],[-118.44905425054,34.3941438816152],[-118.449191251027,34.3942738813148],[-118.449278249759,34.3943248824979],[-118.44938025129,34.3943298812795],[-118.449510250402,34.3942948814551],[-118.449578250006,34.3942628817956],[-118.449685248525,34.394247881069],[-118.449817897991,34.3942352877573],[-118.449818808895,34.394235201437],[-118.449843250012,34.3942328812709],[-118.45002224955,34.3942278806991],[-118.450230248771,34.3942838827545],[-118.450577250387,34.3943548825391],[-118.450755249607,34.394426882022],[-118.450811250985,34.3944718813173],[-118.450923250373,34.3946148820002],[-118.451028249673,34.3947078824283],[-118.451041119443,34.3947154408103],[-118.452911379321,34.3946995038619],[-118.452937125998,34.3954897476077],[-118.452938702925,34.39556276427],[-118.452938712699,34.3956357876873],[-118.452937781888,34.3956798311609],[-118.453113251158,34.3958588813343],[-118.453041251416,34.3960098816377],[-118.452845429125,34.3964607865887],[-118.452829724217,34.3964581460409],[-118.452818332921,34.3965019815533],[-118.452798290127,34.3965730802408],[-118.452776744938,34.3966439041569],[-118.452505832628,34.3975406275553],[-118.452440859876,34.3977071220847],[-118.452418634766,34.397780227548],[-118.452399254488,34.3978490725571],[-118.452380152986,34.3979227956306],[-118.452362689777,34.3979967920651],[-118.452347799925,34.3980664028459],[-118.452333510632,34.3981408634462],[-118.452320859262,34.398215527091],[-118.452310510939,34.398285694302],[-118.452301065453,34.3983606957817],[-118.452293705047,34.3984311168973],[-118.452287811307,34.3985016452337],[-118.452283143045,34.3985769363162],[-118.452280271368,34.3986475931179],[-118.452278807744,34.398722984939],[-118.452279014731,34.398798384052],[-118.452280729644,34.3988690652167],[-118.452284160034,34.3989444108361],[-118.452289257409,34.3990196943423],[-118.452296009652,34.3990948869314],[-118.452303864802,34.3991652801413],[-118.452313152728,34.3992355408897],[-118.45232467752,34.3993103388333],[-118.452337836005,34.3993849485716],[-118.452351677287,34.3994547036997],[-118.452366950909,34.3995242434251],[-118.452384829352,34.3995981783312],[-118.452404343156,34.3996718285591],[-118.452424100212,34.3997405960641],[-118.452445289173,34.3998090652243],[-118.452469437712,34.3998817605525],[-118.452495186282,34.3999540712606],[-118.452520774622,34.4000215034535],[-118.45254582767,34.4000838890426],[-118.452572059998,34.4001459204297],[-118.45259950533,34.4002075983897],[-118.452626902275,34.4002663681721],[-118.452656653816,34.4003273090709],[-118.452687569121,34.4003878408287],[-118.452719646013,34.4004479625514],[-118.452752867023,34.4005076616817],[-118.452787233073,34.4005669075632],[-118.452822744103,34.400625688475],[-118.452859382633,34.400683990057],[-118.45289553461,34.4007394112376],[-118.452932710773,34.4007943552763],[-118.452972581553,34.4008511887725],[-118.453013527262,34.4009074746146],[-118.453055567542,34.4009632244478],[-118.453109408865,34.4010259864874],[-118.453129737637,34.4010487202649],[-118.45316279969,34.4010856948846],[-118.453222388268,34.4011462545841],[-118.453280783531,34.4012075669889],[-118.453342292716,34.4012702614979],[-118.453402803475,34.4013301469196],[-118.453464333889,34.4013893144828],[-118.453526874094,34.401447749798],[-118.453590407715,34.4015054421068],[-118.453654924905,34.4015623806258],[-118.453720414731,34.401618554576],[-118.45378685971,34.4016739495968],[-118.453854247835,34.4017285576176],[-118.453922565972,34.4017823633601],[-118.453991799946,34.4018353605648],[-118.454061936636,34.4018875366581],[-118.454083201347,34.4019029021327],[-118.454112573411,34.4019344261079],[-118.454145977159,34.4019688929139],[-118.454410686741,34.4021801758243],[-118.454452305498,34.4022129935081],[-118.454527240451,34.4022709500248],[-118.454630419407,34.4023507511874],[-118.454773550726,34.4024566939079],[-118.45479184928,34.4024690006556],[-118.454539009502,34.4026107773814],[-118.452792040768,34.4035515940312],[-118.452374476866,34.4037799785353],[-118.451906181612,34.4040361069574],[-118.45148145781,34.4042736746353],[-118.451012117035,34.4045368002801],[-118.450392526793,34.4048932068375],[-118.450087805956,34.4050684893989],[-118.449929722145,34.4051594539455],[-118.449909525315,34.40517245598],[-118.449607529028,34.405353330254],[-118.449442332277,34.4054587198405],[-118.449262289763,34.4055785589997],[-118.449029441795,34.405741547032],[-118.448735561118,34.4059607619811],[-118.448563900605,34.406098790893],[-118.448382442482,34.4062632887752],[-118.448278554679,34.4063646627232],[-118.448065875892,34.4065801346901],[-118.448011496127,34.4066401055227],[-118.44795378579,34.4066976662093],[-118.447784222469,34.4068993715503],[-118.447782543974,34.4069013683359],[-118.447616108937,34.4070973560744],[-118.447532159003,34.407207584578],[-118.447362678232,34.4074424663791],[-118.447273868243,34.4075746866259],[-118.44718347109,34.4077192898236],[-118.447025740917,34.4079812739122],[-118.446958394041,34.4080972656207],[-118.446892774627,34.4082252819006],[-118.446748542011,34.4085322024395],[-118.446614506127,34.4088367241294],[-118.446581492513,34.4089116955841],[-118.446457987754,34.4092453844152],[-118.446626727076,34.4092441708214],[-118.446623150494,34.4097564817409],[-118.446647445415,34.4098100236419],[-118.446672268745,34.4098647319801],[-118.446735370704,34.4100091714663],[-118.44673558435,34.4100096602124],[-118.446753180555,34.4100499363486],[-118.446771593926,34.41009208286],[-118.446772633424,34.4100944419519],[-118.446788813436,34.4101314795795],[-118.446831376833,34.4102289003302],[-118.446514764021,34.410249595437],[-118.446502489658,34.4102503979151],[-118.446238440734,34.4102676568549],[-118.446234729691,34.4102681384054],[-118.44612874049,34.4102819927432],[-118.446127639274,34.4102821212057],[-118.446106807986,34.410352288509],[-118.445966322694,34.4107423193273],[-118.445822772616,34.4111495715215],[-118.445695251027,34.4115113489467],[-118.445569579396,34.4118814009216],[-118.445388533705,34.4124357610907],[-118.445306808347,34.4126541873435],[-118.445167467554,34.4129483663625],[-118.44510185817,34.4130805069944],[-118.445041146321,34.4131978697036],[-118.444929494309,34.4133998893913],[-118.444879860759,34.4134857857037],[-118.444849361016,34.4135385696964],[-118.444725810525,34.4137523698998],[-118.444617348742,34.4139313767545],[-118.44449895916,34.4141138583434],[-118.444365669099,34.4143001853554],[-118.444352092448,34.4143186092588],[-118.444202718594,34.4145213037592],[-118.444122022733,34.4146222257809],[-118.44407687432,34.4146735297017],[-118.444026450111,34.4147307877175],[-118.443907772149,34.414858994724],[-118.443733006446,34.4150416827662],[-118.443439485864,34.415337108855],[-118.443310843631,34.415463651403],[-118.443183826911,34.4155829611778],[-118.442903252215,34.4158203051089],[-118.442746416109,34.4159452217587],[-118.442566424482,34.4160794796446],[-118.442359947928,34.4162227905946],[-118.441981478922,34.4164762887386],[-118.441938295971,34.4165052176359],[-118.441914650905,34.4165171697743],[-118.441800056568,34.4165855205065],[-118.441696060237,34.4166449190722],[-118.441641513503,34.4166761133288],[-118.441239091337,34.4168973826787],[-118.440997741873,34.4170243065559],[-118.44030492089,34.4173769873415],[-118.439576393534,34.4177329227728],[-118.438823770146,34.4180913066008],[-118.437270286973,34.4188121620377],[-118.43711550261,34.4188815015322],[-118.437127143039,34.4188987401738],[-118.437232095701,34.4190541684951],[-118.43737821076,34.4192692524206],[-118.437385273465,34.4192796477769],[-118.43773001198,34.4197871006718],[-118.437903830105,34.4197370115459],[-118.438027958451,34.4196963612724],[-118.438145444027,34.4196530176451],[-118.438277774203,34.4195944763084],[-118.43841669038,34.4195276935449],[-118.438668018701,34.4193990105358],[-118.438783726056,34.4193329730081],[-118.438901036522,34.419256979344],[-118.439140524133,34.4190833534776],[-118.43926106603,34.4189908605186],[-118.439848770778,34.4185143690685],[-118.439984164949,34.4184091288313],[-118.440225280914,34.4182320320997],[-118.440357427693,34.4181394995236],[-118.440585382056,34.4179817075087],[-118.440664729356,34.4179310523827],[-118.440710961983,34.4179015647324],[-118.440863038841,34.4178165149357],[-118.440960469413,34.4177646444301],[-118.441030017196,34.4177276180123],[-118.441205278424,34.4176383616685],[-118.441480306501,34.4175037049637],[-118.441545921016,34.4174715626488],[-118.441855186186,34.4173279075538],[-118.441911011313,34.4173042661026],[-118.442005720315,34.4172641570596],[-118.442154631032,34.4172079698522],[-118.442331702104,34.4171475570539],[-118.442528674058,34.4170877547521],[-118.442914391114,34.4169798712176],[-118.443228901095,34.4168883724166],[-118.443437515918,34.4168350703198],[-118.44367263187,34.4167785633399],[-118.443925973099,34.4167195703842],[-118.444120357704,34.4166790614697],[-118.444189279946,34.4166646982759],[-118.444292895,34.4166448916217],[-118.444671232762,34.4165725796941],[-118.444921346971,34.416530447053],[-118.445042776692,34.4165143933041],[-118.44504255671,34.4164762718524],[-118.445457176353,34.4164762643816],[-118.445509239632,34.4164726338083],[-118.44567696917,34.4164607033572],[-118.445904023954,34.4164475070063],[-118.446114337781,34.41644770459],[-118.447459416191,34.4164489613971],[-118.447646893093,34.4164491873799],[-118.447744100152,34.416449303686],[-118.44809741116,34.4164497262575],[-118.448939615551,34.4164503784789],[-118.449098769773,34.4164504762545],[-118.449869799805,34.4164716628351],[-118.449935861301,34.416473475093],[-118.45012349223,34.4164786361816],[-118.450302568357,34.4164837935811],[-118.450428563837,34.4164826396765],[-118.450831414817,34.4164801287355],[-118.451008793098,34.4164780944569],[-118.451794594326,34.416471735119],[-118.45215633245,34.4164694432315],[-118.45219578502,34.4164691933752],[-118.452444666543,34.4164662295713],[-118.452736230029,34.416463743331],[-118.453203723327,34.416459938326],[-118.453747331286,34.416459407857],[-118.453849534762,34.4164593067484],[-118.453971286885,34.4164536330288],[-118.453982259282,34.4164539065957],[-118.454283009537,34.4164613937879],[-118.455156843011,34.4164852701682],[-118.455566372314,34.4164909314156],[-118.455896373886,34.4164886727447],[-118.455947665986,34.4164881193271],[-118.456284137289,34.4164738070101],[-118.456396821514,34.4164644524495],[-118.45666517951,34.416423952454],[-118.456802640804,34.4163980169669],[-118.456938415825,34.4163669191803],[-118.457085754323,34.4163282534589],[-118.457368811895,34.4162481876663],[-118.457516146556,34.4162094916842],[-118.457635360817,34.4161815631713],[-118.457680068986,34.4161710872334],[-118.457954992707,34.4161198998596],[-118.458254778728,34.4160679345662],[-118.458330981595,34.4160570130353],[-118.458355873285,34.4160549923925],[-118.45844698066,34.4160476386314],[-118.458465213265,34.4160465302457],[-118.458592828277,34.4160395333155],[-118.458674980081,34.4160364450459],[-118.458669519974,34.4161172071139],[-118.458669894434,34.4161852156487],[-118.458679227281,34.416501567533],[-118.458682124209,34.4165997571097],[-118.458680891074,34.4166448898784],[-118.458679364554,34.4167007520153],[-118.458657743315,34.4169893608294],[-118.458658231245,34.4170779789078],[-118.458670205003,34.4171449131219],[-118.458682044498,34.4171874604372],[-118.458725795597,34.417304766703],[-118.458752667466,34.4173675227476],[-118.458786172705,34.4174305971801],[-118.458824632662,34.4174902189163],[-118.458868035172,34.4175439809011],[-118.458913076405,34.417594647112],[-118.458961403419,34.4176394607339],[-118.459011355891,34.4176787724321],[-118.459107901988,34.417749164851],[-118.459229423385,34.4178386986734],[-118.459370809163,34.4179226604889],[-118.459440618548,34.4179550271137],[-118.459523692038,34.4179873434472],[-118.459616719587,34.4180206515573],[-118.459714706479,34.4180515382109],[-118.459819300279,34.4180779335379],[-118.459937149541,34.4181029045729],[-118.460156226989,34.4181450092127],[-118.460252524085,34.4181700617041],[-118.46033061499,34.4182006789702],[-118.460388809553,34.4182310282236],[-118.460456998878,34.4182699266215],[-118.460561791117,34.4183545506594],[-118.460585994446,34.4183644639824],[-118.460604200641,34.4183819044465],[-118.460635180925,34.4184117961697],[-118.460671954386,34.4184659279748],[-118.460686737077,34.4184930044064],[-118.460705452022,34.4185272844859],[-118.460734015955,34.4185958729047],[-118.460755976898,34.4186696386683],[-118.460771323439,34.418746520916],[-118.460778344473,34.4188169085824],[-118.46078040136,34.4188890334309],[-118.46077243111,34.418946769117],[-118.460757861585,34.419010369109],[-118.460731572807,34.4190534045405],[-118.460596643687,34.4192380247178],[-118.460557094301,34.4192817983354],[-118.460522131238,34.4193121649398],[-118.460492745044,34.4193376862516],[-118.460464523512,34.4193648989207],[-118.460424252132,34.4193884889811],[-118.460330776838,34.4194300123328],[-118.460282811643,34.419450803432],[-118.460239810634,34.4194698582532],[-118.460181916967,34.4194941218299],[-118.460142216535,34.4195104162178],[-118.459932518,34.4195929401348],[-118.459808034299,34.419641177183],[-118.459707109629,34.4196793439308],[-118.459690565796,34.4196855893525],[-118.459520151116,34.4197497797206],[-118.459470506788,34.419766798528],[-118.459227239628,34.4198484386559],[-118.459204072474,34.4198564265096],[-118.459055159866,34.4199112607334],[-118.458939356055,34.419957038908],[-118.458795430871,34.4200146018166],[-118.458750788344,34.4200367536765],[-118.458702845102,34.4200616658784],[-118.458658230895,34.4200889698647],[-118.458611989002,34.4201217757407],[-118.45857733545,34.4201514464273],[-118.458542685655,34.4201818040587],[-118.458514658848,34.4202107636077],[-118.45849160496,34.4202393599669],[-118.45847025354,34.4202758500303],[-118.45845714603,34.4203044087871],[-118.458433588982,34.4203368665043],[-118.45836102308,34.4204859254285],[-118.458341656086,34.4205495423433],[-118.458257402768,34.4208115589054],[-118.458246552093,34.4208568533044],[-118.45824625309,34.4208568841846],[-118.458113823836,34.4209268944988],[-118.458089253189,34.4209398837401],[-118.457925253214,34.4210758836601],[-118.457707254062,34.4213418845939],[-118.457612463761,34.4214928182607],[-118.457577253662,34.4215488831639],[-118.457455252989,34.4216488844088],[-118.457427253717,34.4217178834271],[-118.457120253867,34.4217268841152],[-118.457130996512,34.4221855116693],[-118.457111829318,34.4223644825003],[-118.457086255391,34.4225845161955],[-118.457086241867,34.4225846289381],[-118.45741501691,34.4224348600578],[-118.457703849515,34.4226900928701],[-118.458244323088,34.4227252540714],[-118.458244330942,34.4227252973153],[-118.458197152384,34.4227625592364],[-118.457976627183,34.422936427072],[-118.457976697182,34.4235910477372],[-118.457322073955,34.4235933372308],[-118.456979019094,34.4235945363576],[-118.456970519708,34.4236152820199],[-118.45684625328,34.4240738843695],[-118.456713253583,34.4243818848722],[-118.456752254068,34.4246488841344],[-118.456850253894,34.4249488845147],[-118.456970254102,34.4250628849309],[-118.457117384508,34.425220796776],[-118.457434254294,34.4255608842023],[-118.457666254365,34.4259498846093],[-118.457824254486,34.4262558847006],[-118.458117253935,34.4263618843333],[-118.458369254247,34.4265608844481],[-118.458649254585,34.4267388842308],[-118.458726444114,34.4267887969688],[-118.458726498211,34.4268075089992],[-118.458793050564,34.4268070355298],[-118.462992956589,34.4268034463336],[-118.462993439036,34.4271795202751],[-118.462993951678,34.4275790321705],[-118.465991924393,34.4275723587307],[-118.466354881412,34.4275716508751],[-118.466620201882,34.4275761236225],[-118.466978332535,34.4275726872954],[-118.467076193389,34.4275791838282],[-118.467179039874,34.4275863417396],[-118.467293505556,34.4275968914532],[-118.46736213361,34.4276053899774],[-118.46740906016,34.4276112855121],[-118.467509619417,34.4276261357314],[-118.467549051505,34.4276319591233],[-118.467617109764,34.4276461231368],[-118.467634015525,34.4276502924721],[-118.467754921819,34.4276799429679],[-118.46795757908,34.4277454682878],[-118.467980197907,34.4276927043928],[-118.467989955646,34.427669967923],[-118.468062405175,34.4275273163273],[-118.468105457679,34.4274461464585],[-118.468149236505,34.4273697500984],[-118.468203791184,34.4272942199756],[-118.468267580064,34.427214340341],[-118.468285911452,34.4271955564321],[-118.46831150936,34.4271693978657],[-118.468321140352,34.4271595565002],[-118.468327838663,34.4271527114357],[-118.468350502796,34.4271295518716],[-118.468429963489,34.4270532917034],[-118.468576417108,34.426926271482],[-118.468696913878,34.4268289424319],[-118.468754711471,34.4267871385409],[-118.468906699183,34.4266890042235],[-118.469156275384,34.4265478975341],[-118.469506793832,34.4263710333868],[-118.469753108708,34.42624057258],[-118.470118405905,34.426039252099],[-118.470209283882,34.4259825656903],[-118.470258841977,34.4259507720967],[-118.470409001897,34.4258518703497],[-118.47050652147,34.4257851617475],[-118.470595685776,34.4257196908319],[-118.470678197485,34.4256562245312],[-118.470738995339,34.4256048607943],[-118.470757469972,34.4255892529575],[-118.470838509787,34.4255168066655],[-118.470920515242,34.4254354503118],[-118.471033128145,34.4253177333715],[-118.471138359246,34.4252019959162],[-118.471322870945,34.4249921078288],[-118.471410778317,34.4248843556188],[-118.471449665109,34.424836690019],[-118.471513840808,34.4247512618034],[-118.471707826593,34.4244568417767],[-118.471814553626,34.4242723180359],[-118.471862128916,34.4241821372991],[-118.471948834542,34.4239760409653],[-118.471992843787,34.4238429492868],[-118.472027011993,34.4237270502849],[-118.472069656162,34.4235813847763],[-118.472098709496,34.4234886642759],[-118.4721262603,34.4234007376658],[-118.472157490833,34.4232881217252],[-118.472176379712,34.4231278987017],[-118.472189047189,34.4229481960932],[-118.472189974515,34.4229350264727],[-118.472195434659,34.422727539576],[-118.472199961726,34.4223562303448],[-118.472193290829,34.4217644150706],[-118.47218986893,34.4208682975386],[-118.472177583345,34.4184096437395],[-118.472177533492,34.4183996972999],[-118.472169738581,34.4166448981381],[-118.472169050324,34.4164871998212],[-118.472165550972,34.4157013156788],[-118.475441446535,34.4156936862937],[-118.475598766389,34.4156977601988],[-118.475613889532,34.4156981516644],[-118.476341798949,34.4157169463718],[-118.476500475364,34.4157196777048],[-118.476518880049,34.4157199876489],[-118.476781179625,34.41572448055],[-118.476892253833,34.4157240438711],[-118.477051359502,34.4157158642202],[-118.477283461361,34.4157149510985],[-118.477302100363,34.4157155259545],[-118.477366301621,34.4157175072935],[-118.477550420965,34.4157231879077],[-118.477734523223,34.4157368865639],[-118.477903745364,34.4157578477405],[-118.47809126472,34.4157897542214],[-118.478247277065,34.4158193631268],[-118.478702309879,34.4159546050223],[-118.478756920587,34.4159697687628],[-118.478899911371,34.4160094731348],[-118.479065955063,34.4160541574226],[-118.479187120977,34.4160787640016],[-118.479281761394,34.4161038070448],[-118.479406394553,34.4161541484525],[-118.47955101749,34.4162215894536],[-118.479710639312,34.4163023506467],[-118.47987529014,34.4163934269339],[-118.480022002407,34.4164780243406],[-118.480043290308,34.4164779986886],[-118.48018470907,34.4165763093674],[-118.480289356118,34.4166448922252],[-118.480312854343,34.416660298368],[-118.480432726811,34.416748441822],[-118.480559312035,34.416848923118],[-118.480810980152,34.4170787503161],[-118.480927692725,34.4171936985356],[-118.481032707333,34.4172925357223],[-118.481114358817,34.4173643437063],[-118.481192737688,34.4174430370222],[-118.481282894763,34.4175529524011],[-118.481381498153,34.4176878914626],[-118.481588895807,34.4180027218026],[-118.481804869194,34.4183656281507],[-118.481873464662,34.4184735398805],[-118.481950385747,34.418587271257],[-118.48205064747,34.4187235744207],[-118.482159228316,34.4188639779711],[-118.482259549937,34.4190095710446],[-118.482349700197,34.4191173968021],[-118.482408249635,34.4192075176159],[-118.482463418484,34.4192866296787],[-118.482506788161,34.4193324832391],[-118.482550171296,34.4193797124731],[-118.482663535243,34.4194874726898],[-118.48280181958,34.419604034467],[-118.482960030934,34.4197263758227],[-118.483224478313,34.4199210810352],[-118.483271396018,34.4199556257553],[-118.483402906103,34.420046795957],[-118.483532693499,34.420127700792],[-118.483665767065,34.420203066876],[-118.483800459406,34.4202708967358],[-118.483946751665,34.4203390083244],[-118.484101343548,34.4204070884161],[-118.484420434338,34.420538734126],[-118.4847194582,34.4206409375193],[-118.485023564827,34.4207447110632],[-118.486520280179,34.4212554391119],[-118.487059929865,34.4213937479065],[-118.487282476123,34.4214581117152],[-118.4873605171,34.4214773957532],[-118.487476706161,34.4215002858374],[-118.487577930007,34.4215146326156],[-118.487783692451,34.4215440311129],[-118.488311299606,34.4216071703932],[-118.488616534196,34.4216347948533],[-118.488779068416,34.4216448015724],[-118.488921363435,34.4216498554817],[-118.489152199378,34.4216580537637],[-118.489490482013,34.4216673506678],[-118.48954627407,34.4216707803329],[-118.489737604641,34.4216824807299],[-118.489924986791,34.421686893435],[-118.490148818947,34.421687694867],[-118.490262873232,34.4216855850251],[-118.490392278319,34.42168316329],[-118.490646143142,34.4216750506083],[-118.491078728193,34.4216503235051],[-118.491268938962,34.4216346355708],[-118.491454892818,34.4216174995903],[-118.491760031403,34.4215844449989],[-118.49187223535,34.4215711603015],[-118.492243732916,34.4215279680754],[-118.494067247251,34.4212989811447],[-118.496105035481,34.421042949632],[-118.498479156314,34.4207444137038],[-118.499209175623,34.4206527309371],[-118.499533453399,34.4206123738169],[-118.499715366649,34.420589155527],[-118.500023481194,34.4205504594013],[-118.500530531722,34.4204867354995],[-118.500634410606,34.4204736636553],[-118.500764078284,34.4204573659424],[-118.502337103515,34.4202596484842],[-118.502542011093,34.4202338911597],[-118.502543586261,34.4202336935079],[-118.502543524802,34.420375878616],[-118.502543496744,34.4206734478238],[-118.502543483742,34.4206768827299],[-118.502543472228,34.4209366216102],[-118.502543366251,34.4233175207277],[-118.50254334114,34.423472583195],[-118.502543305738,34.4241263338499],[-118.502543307807,34.424241181389],[-118.502543311163,34.4244043882035],[-118.502543317448,34.4246944861649],[-118.502544262374,34.4250896677475],[-118.502544356298,34.425128316196],[-118.502544502178,34.4251979357882],[-118.502544527439,34.4252096962173],[-118.502544727969,34.4252964880355],[-118.502544227604,34.4258214210039],[-118.502543941349,34.4261205553412],[-118.502543586298,34.4264923176713],[-118.502544165461,34.4267841378576],[-118.502544352745,34.4268772089175],[-118.503130373695,34.4274459728819],[-118.50372394867,34.428022055584],[-118.504986246832,34.4292484330609],[-118.504990757108,34.4292528155821],[-118.504514620529,34.4295200807987],[-118.503843827357,34.4298229358126],[-118.503285702291,34.4300451849246],[-118.50261025277,34.4302197278331],[-118.502539966021,34.4302321275469],[-118.502538631705,34.4306112828168],[-118.502536794735,34.4309024448947],[-118.502534464042,34.4312717306594],[-118.502534212583,34.4313110215146],[-118.501361807983,34.4327042675414],[-118.501055670185,34.433068061303],[-118.500658017877,34.4335431911263],[-118.500649081011,34.4340220369301],[-118.500644522316,34.4342662707896],[-118.5013860759,34.4342701600267],[-118.498311815233,34.4379244669211],[-118.498309378975,34.4379273861804],[-118.497960545841,34.4383424182663],[-118.495569139513,34.4411875083395],[-118.495568231868,34.4411885866759],[-118.495551455943,34.4412085827154],[-118.495454289242,34.4413244093165],[-118.495323374655,34.4414804639553],[-118.495261062541,34.4415547397182],[-118.495161525445,34.4416733885422],[-118.494985591967,34.4418831019457],[-118.494819548754,34.442081025054],[-118.494789259389,34.4421171297201],[-118.494730103639,34.4421876428497],[-118.494666584598,34.4422633566605],[-118.494236685666,34.4427757890712],[-118.494097685075,34.4429414739268],[-118.494031274394,34.4430206304115],[-118.493733995641,34.4433743665564],[-118.489537352944,34.4450069882362],[-118.489444805715,34.4451697891691],[-118.489437353202,34.4451828707387],[-118.489247331384,34.4455166529242],[-118.489159640852,34.4456705584442],[-118.488943855591,34.4460492754735],[-118.488914960413,34.4460999868923],[-118.488848692903,34.4462162903222],[-118.488835939472,34.4462386510612],[-118.488823187102,34.4462610081884],[-118.488706834647,34.4464652568904],[-118.488664212577,34.4465388521743],[-118.488591851398,34.4466661128996],[-118.488583278503,34.446663004674],[-118.488568350778,34.4466575690334],[-118.488551708866,34.4466524684515],[-118.488536783261,34.446647393412],[-118.488521822655,34.4466422878595],[-118.488505178721,34.4466372125223],[-118.488490255056,34.4466324674306],[-118.488475268323,34.4466273592729],[-118.488460342689,34.4466222779135],[-118.488443697564,34.4466171836404],[-118.488428770846,34.4466121022815],[-118.488413787339,34.4466073574214],[-118.488397203117,34.4466022556846],[-118.488382218514,34.4465975090219],[-118.488367295069,34.4465924276422],[-118.488350677117,34.4465873260348],[-118.488335693619,34.446582581165],[-118.488320766909,34.4465774988913],[-118.488304122894,34.4465724054962],[-118.488289197287,34.4465673250171],[-118.488274208669,34.4465618913886],[-118.488259281813,34.4465567829634],[-118.488244293188,34.4465513475281],[-118.488229366835,34.446545581879],[-118.488214372857,34.4465397894542],[-118.488199405498,34.4465333397023],[-118.488184442551,34.4465265284158],[-118.488169476347,34.4465197180421],[-118.488156171867,34.4465129045871],[-118.488141202382,34.446506090617],[-118.488126268621,34.4464996154779],[-118.488111275973,34.4464934903691],[-118.488096346396,34.4464877283228],[-118.488081359707,34.446482619215],[-118.48806643414,34.4464775405115],[-118.488049790113,34.4464724389679],[-118.48803486241,34.4464673665799],[-118.488019876817,34.4464622574601],[-118.488004950169,34.4464571787534],[-118.487988308258,34.4464524369049],[-118.487973385792,34.4464473284269],[-118.487958396065,34.4464422553775],[-118.487941783525,34.4464375106998],[-118.487926856738,34.4464324067412],[-118.487912705161,34.446427925328],[-118.487895291212,34.446422914308],[-118.487880304743,34.4464178385312],[-118.487865381116,34.4464130870521],[-118.487848738134,34.4464083451888],[-118.487833814596,34.446403236698],[-118.487818827891,34.446398490876],[-118.487802212114,34.4463937479954],[-118.487787291792,34.4463890019026],[-118.48777230617,34.4463842542674],[-118.487755724106,34.4463795067373],[-118.487740740674,34.4463747608924],[-118.487725815986,34.4463700112035],[-118.487709174129,34.4463652729227],[-118.487694252715,34.4463605241183],[-118.487677606456,34.4463557768355],[-118.487662649149,34.4463510308761],[-118.487647698353,34.4463462812825],[-118.487631086975,34.4463415428685],[-118.487616162305,34.4463367940676],[-118.487601178841,34.4463320400919],[-118.487584595757,34.4463273006563],[-118.487572644336,34.4463235126569],[-118.487569611234,34.4463225511887],[-118.487553029253,34.4463178135474],[-118.487542377425,34.446314437733],[-118.487523123322,34.4463083125459],[-118.487506478204,34.4463035706443],[-118.487491524171,34.4462988228477],[-118.487476600609,34.4462940749267],[-118.487459958766,34.4462893339071],[-118.48744503301,34.446284582385],[-118.487428391166,34.4462798404596],[-118.487413467606,34.4462750916294],[-118.487398487144,34.4462710326992],[-118.487379544324,34.4462677009937],[-118.487365786494,34.4462668952914],[-118.487350702477,34.4462657811806],[-118.48723629027,34.446254888564],[-118.486934983768,34.4462235581807],[-118.486437297219,34.4461930172202],[-118.48604142614,34.4461831640986],[-118.486025695612,34.4461827727385],[-118.485874245874,34.4461790032623],[-118.485304522735,34.4461433224774],[-118.484577820696,34.4461299569592],[-118.483929925463,34.446159658204],[-118.483611128022,34.446174931006],[-118.48359613416,34.4461756497888],[-118.483579492081,34.4461764472614],[-118.483567539572,34.4461771214639],[-118.483546316567,34.4461789487097],[-118.483529736983,34.4461803887199],[-118.48351315848,34.4461818278221],[-118.483496584341,34.4461832687076],[-118.483480004754,34.446184708711],[-118.483463431769,34.4461857862694],[-118.483446852176,34.4461872253667],[-118.483430270694,34.4461883390158],[-118.483413698722,34.4461897789798],[-118.483397119133,34.4461912189719],[-118.483380544011,34.4461923037397],[-118.483363964421,34.4461937437273],[-118.483347394629,34.446195184575],[-118.483330815032,34.4461966236566],[-118.48331423544,34.4461980636374],[-118.483297660436,34.4461991691286],[-118.483281078782,34.4462002539089],[-118.483264508982,34.4462016938438],[-118.483247927489,34.4462028065664],[-118.483231345812,34.4462038877338],[-118.483216431171,34.4462053201687],[-118.483199848594,34.4462064337906],[-118.48318327661,34.4462078728216],[-118.483166699194,34.4462093136751],[-118.483150127215,34.4462107536031],[-118.483133547601,34.4462121908547],[-118.483116966914,34.4462136308127],[-118.483098620005,34.4462156304411],[-118.48308382016,34.4462175302986],[-118.483067250222,34.4462193227067],[-118.483050677881,34.4462214513943],[-118.48303410117,34.4462235773923],[-118.483017535084,34.4462260342086],[-118.483002619982,34.4462285142011],[-118.482986051707,34.4462309692188],[-118.48296948005,34.4462337794518],[-118.482952916324,34.4462362687051],[-118.482936344681,34.4462390816382],[-118.482921431467,34.4462418879683],[-118.482904867439,34.4462447008668],[-118.482888294714,34.4462475156007],[-118.482871729616,34.4462503321049],[-118.482855164222,34.4462534731603],[-118.482840256444,34.4462562794588],[-118.482823684783,34.4462590905734],[-118.482807116314,34.4462622649912],[-118.482790550101,34.4462650778827],[-118.48277398038,34.4462682243533],[-118.482759075734,34.4462713840305],[-118.48274251136,34.4462748901875],[-118.482725943679,34.4462783891431],[-118.48271103989,34.4462818850829],[-118.482694470142,34.4462850279366],[-118.482677910084,34.4462885286584],[-118.482663000845,34.4462920237125],[-118.482646441018,34.4462951890585],[-118.482629871285,34.4462983355094],[-118.482613299618,34.4463011483984],[-118.482598395007,34.4463043161694],[-118.482581822239,34.4463071272554],[-118.482565258191,34.446309941009],[-118.482548685432,34.4463127538934],[-118.482532121387,34.4463155685441],[-118.482517211411,34.4463183748115],[-118.482500637667,34.446320830686],[-118.482484072537,34.4463236462359],[-118.482467498969,34.4463261327573],[-118.482450930653,34.4463285868003],[-118.482434354994,34.4463307127121],[-118.482417791207,34.4463331973847],[-118.48240287398,34.4463353166983],[-118.482386298329,34.4463374444066],[-118.482369730284,34.4463395702792],[-118.482353154626,34.4463416970814],[-118.482336587413,34.4463441547106],[-118.482320013925,34.4463462805981],[-118.482303440353,34.4463487679986],[-118.482288531544,34.4463512145213],[-118.482271959059,34.4463537019132],[-118.482255390742,34.4463561577326],[-118.482238819061,34.4463589723734],[-118.482222255247,34.4463614543147],[-118.482205683554,34.4463642671481],[-118.482190770283,34.4463670715853],[-118.482174205153,34.4463698906989],[-118.482157635357,34.4463730316763],[-118.482141071188,34.4463762050842],[-118.482126162978,34.446379696462],[-118.482109605767,34.4463838840632],[-118.482093045289,34.4463880716751],[-118.482078141884,34.4463925817607],[-118.482063245996,34.446397450625],[-118.48204668621,34.4464023224918],[-118.48203179252,34.4464071958511],[-118.482016893231,34.4464124181243],[-118.482000341899,34.4464176235186],[-118.481985442638,34.4464228511969],[-118.481970546713,34.4464277155422],[-118.481953993209,34.4464329227418],[-118.481939099336,34.4464381422793],[-118.48192419911,34.4464430165529],[-118.48190764121,34.4464482174528],[-118.481892743387,34.4464527554409],[-118.481877842031,34.4464576234025],[-118.481861286696,34.446462140022],[-118.481846383448,34.4464666816321],[-118.481829827373,34.446470506774],[-118.481814922067,34.4464746931842],[-118.481798362896,34.4464785480846],[-118.481781800208,34.4464827356627],[-118.4817668928,34.4464865596588],[-118.481750332568,34.4464904199661],[-118.481735425142,34.4464942412538],[-118.481718868992,34.4464984315019],[-118.481702305459,34.4465022864066],[-118.481687404589,34.4465061130716],[-118.481670836812,34.4465096109815],[-118.48165593066,34.4465134656111],[-118.481639370225,34.4465172925473],[-118.481622804529,34.4465211510558],[-118.481607901728,34.4465246450527],[-118.481591334795,34.4465284783188],[-118.481574774638,34.4465319779885],[-118.481559870633,34.4465358289915],[-118.48154330286,34.4465393295886],[-118.481526743508,34.4465431574066],[-118.481511835274,34.4465466541179],[-118.481495272938,34.4465501546868],[-118.481478704077,34.4465536561808],[-118.481463804385,34.4465575017458],[-118.48144723663,34.4465610068373],[-118.481430671024,34.4465645074103],[-118.481415768207,34.4465680013836],[-118.481399201495,34.4465714992521],[-118.481382639155,34.4465750007072],[-118.481367727736,34.4465781367999],[-118.481351167569,34.446581638242],[-118.481334599774,34.446585137909],[-118.481319699126,34.446588631862],[-118.481303129425,34.4465918024725],[-118.481286562724,34.4465953039317],[-118.481270000369,34.4465988044698],[-118.481255088958,34.4466019432532],[-118.481238527667,34.4466054401767],[-118.481221961251,34.4466086152708],[-118.48120538948,34.4466114288689],[-118.481190482671,34.4466142349603],[-118.481173908804,34.4466166861459],[-118.481157339626,34.4466188190694],[-118.481140765923,34.446621299099],[-118.481124199977,34.4466234265959],[-118.481107624226,34.4466255523263],[-118.481091050385,34.4466280089097],[-118.481076139605,34.4466301289358],[-118.48105956594,34.4466326161664],[-118.481042997522,34.4466350700171],[-118.481026426817,34.4466378817834],[-118.4810098669,34.4466410541181],[-118.480994955476,34.4466441937711],[-118.480978384643,34.4466473607355],[-118.480961824442,34.4466508612229],[-118.480945258527,34.446654691692],[-118.480930354585,34.4466581856101],[-118.480913788844,34.4466620467263],[-118.480898887889,34.4466658696882],[-118.480882325378,34.4466697253781],[-118.480865759472,34.4466735585409],[-118.480850858642,34.4466774040348],[-118.48083429382,34.446681237189],[-118.480819394904,34.4466854144357],[-118.480802828064,34.4466892755411],[-118.480786271813,34.4466934629573],[-118.480771364322,34.4466972868311],[-118.480754802626,34.4467014742646],[-118.480739901828,34.4467053269569],[-118.480723339031,34.4467095125874],[-118.480708438079,34.4467133391321],[-118.480691873112,34.44671752657],[-118.480675313826,34.4467213786126],[-118.480660408411,34.4467255639793],[-118.480643854322,34.4467297513675],[-118.480628948878,34.4467339322228],[-118.480612386902,34.4467384505006],[-118.480597490029,34.4467429856208],[-118.480580928043,34.4467475029929],[-118.480566031199,34.4467520435182],[-118.480551128623,34.446756911321],[-118.480534576289,34.4467617820496],[-118.480519674804,34.4467666507458],[-118.480503124647,34.446771522363],[-118.480488223979,34.4467767219148],[-118.480473339351,34.4467818727185],[-118.480458098441,34.4467863839409],[-118.48044131418,34.4467914223588],[-118.480426003016,34.4467960176979],[-118.480407441465,34.4468015896438],[-118.480351956405,34.4468183849108],[-118.480283129784,34.4468352338651],[-118.480021105238,34.4468915275519],[-118.479843404993,34.4469198579275],[-118.479672953605,34.4469383966805],[-118.479456791883,34.4469619065764],[-118.47917683104,34.4469924818493],[-118.478933256824,34.4470077806178],[-118.478917777949,34.44701161914],[-118.478869238734,34.4470111967743],[-118.478836055385,34.4470099565017],[-118.478786293668,34.447007760202],[-118.478653572053,34.4470010589605],[-118.478636978467,34.4470001056869],[-118.478620392334,34.4469991235324],[-118.478454488491,34.446989476027],[-118.478437892875,34.4469881684316],[-118.478421309094,34.4469872159912],[-118.478356591589,34.4469819754074],[-118.4783400025,34.4469806668712],[-118.478207258371,34.4469698416171],[-118.478190663023,34.4469682004194],[-118.478092762777,34.4469589713607],[-118.47807616826,34.4469576637115],[-118.477976598549,34.446946706587],[-118.477943405982,34.4469427155286],[-118.477649611689,34.4469009531482],[-118.477633016623,34.4468985978588],[-118.477618071612,34.44689591152],[-118.477568268003,34.4468875312691],[-118.47755167217,34.4468848514197],[-118.477244530042,34.4468286818029],[-118.477196376795,34.4468192509327],[-118.477163175787,34.4468132014937],[-118.477066874807,34.4467943441557],[-118.477050271793,34.446790974593],[-118.477018724068,34.4467845841456],[-118.477002117538,34.4467815499606],[-118.476987177176,34.4467785281555],[-118.476922427544,34.4467657329864],[-118.476841065108,34.4467495628208],[-118.476807911638,34.4467424934638],[-118.476761363485,34.4467330344769],[-118.476744753966,34.4467296648981],[-118.476648449939,34.4467091006381],[-118.476616898185,34.4467019951863],[-118.476600290869,34.4466986282837],[-118.476503978789,34.446677024473],[-118.476489026942,34.4466733201911],[-118.476472427363,34.4466695917259],[-118.476361152524,34.4466425526153],[-118.476344543462,34.4466384960116],[-118.476266473763,34.4466178598617],[-118.476249867038,34.4466134489334],[-118.476234914224,34.4466093813061],[-118.476203356094,34.4466005772834],[-118.476047193249,34.4465534584009],[-118.475985706704,34.4465330878693],[-118.475954133316,34.446522556504],[-118.475909268737,34.4465065968426],[-118.47589430503,34.4465008072877],[-118.475879352015,34.4464953647793],[-118.475864390337,34.4464899295153],[-118.475787937424,34.4464613802706],[-118.475772981464,34.4464556105041],[-118.475743061948,34.4464436923515],[-118.475713140417,34.4464318012453],[-118.475683222006,34.4464198830736],[-118.47562338023,34.446395746517],[-118.475608417615,34.4463899506119],[-118.475578497222,34.4463780612713],[-118.475563532739,34.4463719372099],[-118.475533612194,34.4463600190098],[-118.475428891877,34.4463181907505],[-118.475413930686,34.4463120675593],[-118.475369054292,34.4462943813089],[-118.475354091708,34.4462885844709],[-118.475324173282,34.4462770268243],[-118.475309210874,34.4462712597307],[-118.475264335622,34.4462535752403],[-118.475219450725,34.4462355319609],[-118.475204493768,34.4462297639315],[-118.475189529345,34.4462236407255],[-118.475174571463,34.446217519295],[-118.475144654289,34.4462056000845],[-118.475129691896,34.4461998311657],[-118.475054886818,34.446169899268],[-118.475026622951,34.4461576417911],[-118.475011665083,34.4461515185375],[-118.474981742799,34.4461392675428],[-118.474951819586,34.4461266613402],[-118.474936854122,34.4461205399102],[-118.474921893292,34.4461140857945],[-118.474878662282,34.4460950225924],[-118.47484866099,34.4460816954435],[-118.474805502736,34.4460616447517],[-118.474792191806,34.4460548298611],[-118.47474895845,34.4460343899808],[-118.474733993438,34.4460275788512],[-118.474675789794,34.4459999681223],[-118.47463420914,34.4459785075108],[-118.474619237603,34.445971693688],[-118.474605935519,34.4459645163259],[-118.474590965418,34.4459573806467],[-118.474562687922,34.4459427070063],[-118.474492820776,34.445905552199],[-118.474466201096,34.4458901859863],[-118.474452884416,34.4458823523484],[-118.47442460088,34.4458669917312],[-118.474411292894,34.4458591544486],[-118.474397973102,34.4458509638098],[-118.474384663904,34.4458431039907],[-118.474371348308,34.4458352667335],[-118.474343065135,34.4458195824456],[-118.474303128333,34.4457953349659],[-118.474276498563,34.445778949117],[-118.474263182073,34.4457707602535],[-118.474236552318,34.4457543743958],[-118.474223241272,34.4457461846052],[-118.474209926162,34.4457376630647],[-118.474196610773,34.4457294741897],[-118.474183297676,34.4457209228879],[-118.474171633384,34.4457123957932],[-118.474158320302,34.4457038462916],[-118.474144998825,34.4456949686633],[-118.474131687007,34.4456864489045],[-118.474106711974,34.4456690152813],[-118.474093388312,34.4456601340498],[-118.474081731793,34.4456512490074],[-118.474068414696,34.4456423731567],[-118.474030114147,34.4456157256236],[-118.474018456569,34.4456068432839],[-118.474005136221,34.4455979674389],[-118.473993477843,34.4455887524342],[-118.473980156382,34.4455798711817],[-118.473968499892,34.4455709870299],[-118.473931854405,34.4455429671777],[-118.473918529043,34.4455333980638],[-118.473906868652,34.4455238260515],[-118.473871879891,34.445495112742],[-118.473860209701,34.4454855380588],[-118.473848550426,34.4454759687412],[-118.473836880386,34.4454660370481],[-118.473825219224,34.4454561350697],[-118.473813555735,34.4454462060534],[-118.473801883696,34.4454363041153],[-118.473790222389,34.4454263750882],[-118.47374521134,34.4453860224162],[-118.473735205475,34.4453757533528],[-118.473723534705,34.4453654970997],[-118.473711870436,34.4453552354109],[-118.473701859458,34.4453446400097],[-118.473691843202,34.4453336903257],[-118.473660148579,34.4453015220407],[-118.47365014072,34.4452908986755],[-118.473620101763,34.4452580441608],[-118.473610085529,34.44524709447],[-118.473529983114,34.4451591425039],[-118.473521623268,34.4451478266295],[-118.473511611697,34.4451365442466],[-118.473458146089,34.4450670147855],[-118.473441424059,34.4450433904473],[-118.473433064552,34.4450317473089],[-118.473382907276,34.4449604983031],[-118.473341108639,34.4449005381227],[-118.473334406763,34.4448885558449],[-118.473302624974,34.4448402314292],[-118.473265780327,34.4447782207432],[-118.473259078603,34.4447658787488],[-118.473223896928,34.4447035054579],[-118.473178615129,34.4446153867933],[-118.473158499673,34.4445776846848],[-118.473133338147,34.4445269498515],[-118.473126629164,34.4445142806216],[-118.473066197077,34.4443860504718],[-118.473061151021,34.4443730195503],[-118.47303929393,34.4443212251334],[-118.473017446797,34.4442694550149],[-118.473007339594,34.4442430299085],[-118.472997329274,34.4442171841095],[-118.472666046185,34.444300760784],[-118.472368258559,34.4443758858996],[-118.471672258939,34.444505886472],[-118.471189257456,34.4445608860144],[-118.47105025797,34.4445608857209],[-118.470781258516,34.4445608857985],[-118.470317257252,34.444551885834],[-118.469948257838,34.4445148859769],[-118.469657258048,34.4444868851157],[-118.469405331835,34.444461024093],[-118.468439003277,34.4443618181237],[-118.468213669406,34.4443386845744],[-118.468094532104,34.4443264533838],[-118.467883207389,34.444304756309],[-118.467855258043,34.4443018863221],[-118.467707849615,34.4442891480162],[-118.467295828451,34.444171732319],[-118.467026799302,34.4440777249471],[-118.466887850537,34.4440291712368],[-118.466624405913,34.4439167195592],[-118.466376843919,34.4442536267863],[-118.46631947228,34.4443317036912],[-118.466273539036,34.4444265538076],[-118.466218731437,34.4445395002193],[-118.466215556322,34.4445469374455],[-118.466054539998,34.4445945394361],[-118.466006915375,34.4446091045169],[-118.465468142965,34.4447738794923],[-118.46473522025,34.4449980261626],[-118.463963617143,34.4453776377913],[-118.463984515617,34.4454255338472],[-118.464044481934,34.4455629757928],[-118.464268179272,34.4460756809195],[-118.464277675104,34.4460973327592],[-118.464112230958,34.4461695248781],[-118.463918010858,34.4461931665659],[-118.463737049737,34.4462711422319],[-118.463498012957,34.4463128445431],[-118.463385145273,34.4463647982451],[-118.462952755142,34.4464308525087],[-118.462552736778,34.4464159188476],[-118.462250119227,34.4463634029748],[-118.462140432844,34.4463659682527],[-118.4619613144,34.4463094021255],[-118.461860930807,34.4462761517019],[-118.461744286767,34.446270155106],[-118.461613995917,34.4462956963471],[-118.461517476601,34.446320726746],[-118.461360256625,34.4464158864239],[-118.461070256573,34.4466608867118],[-118.460766256376,34.4470198868726],[-118.460512256748,34.4472728872203],[-118.460308256476,34.4474648871808],[-118.460097256196,34.4475988870957],[-118.459896256526,34.4477358868998],[-118.459747256451,34.4478478872888],[-118.45969625682,34.4479068865815],[-118.459653256132,34.4479838871018],[-118.459589256837,34.4481368869986],[-118.459478256827,34.448294887148],[-118.459395256777,34.4484448873664],[-118.459274534771,34.4487430222712],[-118.459261255767,34.4487678872129],[-118.459195256307,34.4488358871642],[-118.459087345838,34.4489260818154],[-118.458984971514,34.4490023222443],[-118.458916980371,34.449047661445],[-118.458798872628,34.4490903277514],[-118.458788061159,34.4490927883438],[-118.458581462748,34.4491398107319],[-118.458482260295,34.4491645152688],[-118.458374513804,34.4492064270941],[-118.458303895591,34.4492453353256],[-118.458166237985,34.449346037974],[-118.45808535238,34.449402875755],[-118.457984515779,34.4494447602429],[-118.457855086817,34.4494710099822],[-118.457701376953,34.4494801778866],[-118.45743964558,34.4494811648831],[-118.457260017144,34.4494897132188],[-118.456759313751,34.4495466989206],[-118.456361409705,34.4496047284974],[-118.456166328166,34.4496305075209],[-118.456004898186,34.4496497201236],[-118.455851153613,34.4496524443646],[-118.455699052765,34.449640134597],[-118.455476993811,34.4496044707275],[-118.455395955907,34.4495920524754],[-118.455348006516,34.449582118135],[-118.455267950532,34.449561784266],[-118.455167028008,34.4495307048252],[-118.455094951652,34.4494817515193],[-118.455031569356,34.4494225953826],[-118.454975832593,34.4493397958101],[-118.454871152511,34.4491527029344],[-118.454816519436,34.4491139074464],[-118.454754652565,34.4490948185921],[-118.454733958353,34.4490980686408],[-118.454703299766,34.449102882321],[-118.454542488046,34.4491560811335],[-118.45443944597,34.449189742648],[-118.454263157021,34.4491768058552],[-118.453931043098,34.4491812690365],[-118.453835105261,34.4491712521727],[-118.453656371815,34.4491232892],[-118.453572272483,34.4491007218122],[-118.453447588926,34.4490746647505],[-118.45331534789,34.4490604891407],[-118.453174580468,34.4490667396923],[-118.452991156746,34.4490921121642],[-118.452830763457,34.4491428026856],[-118.452617883082,34.4492316153492],[-118.452330857929,34.4493468223471],[-118.451964145657,34.4494226103158],[-118.451486994197,34.4495224228864],[-118.451348496584,34.4495490573283],[-118.451225849761,34.4495520179373],[-118.451172115137,34.449542997782],[-118.451084054465,34.4495282146069],[-118.450964208001,34.4494900186186],[-118.450779367674,34.4494134216179],[-118.450647716054,34.4493682119815],[-118.4505128902,34.4493356958393],[-118.450383619316,34.4493114881831],[-118.450091752351,34.4492775042942],[-118.450091775907,34.4494842047626],[-118.450089126888,34.4524045676469],[-118.450089126778,34.4524049498968],[-118.450089126157,34.4524050364461],[-118.450089125025,34.4524056323628],[-118.450072324893,34.4540415853614],[-118.450072193771,34.4540543749765],[-118.450052914593,34.4559297008136],[-118.450052602957,34.4559600376055],[-118.450051789324,34.4560380465441],[-118.45003741431,34.4574167687442],[-118.450034206619,34.4577244048136],[-118.450028231434,34.4583119919732],[-118.450017199593,34.4593967824863],[-118.450015946812,34.4595200156476],[-118.450016794669,34.4596174761542],[-118.450040938033,34.4623928542003],[-118.450045581209,34.4629266263455],[-118.450047401044,34.463135824395],[-118.450051468933,34.4636034298702],[-118.450060231997,34.4646109601614],[-118.450066175174,34.465294151641],[-118.450072029848,34.465967195781],[-118.450075023892,34.4663406140935],[-118.450077019628,34.4665895698476],[-118.450074531516,34.4665896061207],[-118.450074528787,34.4665897052992],[-118.4500616664,34.4665897800444],[-118.443528013241,34.4667356987107],[-118.443507677815,34.4667360957734],[-118.442744607899,34.4667511183853],[-118.441338931138,34.4667787963583],[-118.440928126021,34.4667867102533],[-118.440080125345,34.4668030406665],[-118.440069193459,34.4668032335665],[-118.440062291774,34.4668090941985],[-118.439990009802,34.466870460199],[-118.439852124034,34.4669875233836],[-118.439758714816,34.4670665817167],[-118.439634967207,34.4671713154783],[-118.439607390157,34.4671946559232],[-118.439572829959,34.4672239059432],[-118.439559642855,34.4672350677718],[-118.439558589535,34.4672359595941],[-118.439548134436,34.4672448261471],[-118.439542629449,34.467249490769],[-118.439538013074,34.4672534048037],[-118.439537967562,34.4672534437344],[-118.439535231343,34.4672557660693],[-118.43952736113,34.4672623054244],[-118.439527439834,34.4672623682465],[-118.439490140335,34.4672939865665],[-118.439488431421,34.4672954379081],[-118.439327846072,34.4674315734232],[-118.439327673773,34.4674317200949],[-118.439325363425,34.4674336820744],[-118.439295402515,34.4674591136117],[-118.439174969197,34.4675613430704],[-118.439110720136,34.4676158819317],[-118.439110600925,34.4676159815314],[-118.439109681324,34.4676149859629],[-118.439062011644,34.4675632951893],[-118.438835986891,34.4673182193656],[-118.438703809573,34.4671749004309],[-118.438478196348,34.4669302642034],[-118.438410497861,34.4668568573488],[-118.438403629843,34.466844743052],[-118.438401154456,34.4668403768669],[-118.438398843824,34.4668362913642],[-118.438397839118,34.466836908034],[-118.43839186623,34.4668405753983],[-118.438391073901,34.4668405944879],[-118.43838973304,34.4668406272788],[-118.438385459036,34.4668407301657],[-118.43815552717,34.4668463016455],[-118.438122076333,34.4668471111763],[-118.438111977419,34.4668473567879],[-118.438106180796,34.466847496715],[-118.438087532785,34.466847948082],[-118.438074192725,34.4668482721032],[-118.43806076554,34.4668485874221],[-118.438056010541,34.4668487136703],[-118.437711739888,34.4668560817048],[-118.437367008974,34.4668645295531],[-118.437363782801,34.4668645574069],[-118.43735344021,34.4668463909781],[-118.437337229798,34.4668179186634],[-118.437305520298,34.4668319390304],[-118.437288108799,34.4668396386306],[-118.43723581233,34.4668656567947],[-118.437108542822,34.4668667508182],[-118.436837820838,34.4668761602748],[-118.436089620264,34.4668929392558],[-118.435670284918,34.4669017314694],[-118.435302870865,34.4669102801212],[-118.435017879115,34.4669167228825],[-118.435000224606,34.4669171224329],[-118.434922748715,34.4669188741036],[-118.434918903527,34.4669189681195],[-118.434917619245,34.4669189970631],[-118.434917318208,34.4669184635345],[-118.434906166681,34.4668987031879],[-118.434752788081,34.4666273268616],[-118.434603315093,34.466362865515],[-118.434593900828,34.4663462091976],[-118.434331482734,34.4665804213674],[-118.434330438281,34.4665813527799],[-118.434322022028,34.4665888665017],[-118.43399158212,34.4668838690049],[-118.433928813684,34.466940677086],[-118.433927783382,34.4669416102474],[-118.433927068343,34.4669416308346],[-118.433908502375,34.4669421678129],[-118.433908179204,34.4669421897036],[-118.432764205371,34.4669752711291],[-118.432580857215,34.4669805820838],[-118.432580950974,34.4670017686092],[-118.432534210676,34.4681846588293],[-118.432521063679,34.4685173937048],[-118.432509050304,34.4688217434642],[-118.432502799807,34.4689801095652],[-118.432484580937,34.4694418885553],[-118.432483440743,34.4694707082201],[-118.432439000797,34.4705812539153],[-118.432424966606,34.4709510131993],[-118.43244651121,34.4709539322205],[-118.432447354266,34.4709540310896],[-118.432391827497,34.4712730892046],[-118.432317358013,34.4731549850078],[-118.432278726795,34.474130697582],[-118.432274971309,34.4742254851587],[-118.432274162112,34.4742419752141],[-118.432259479368,34.4746139300976],[-118.432130883801,34.4778716761179],[-118.43207054545,34.4793997558515],[-118.432031933458,34.4803775611159],[-118.432031815045,34.4803803364441],[-118.431996123187,34.4812843194307],[-118.431996602455,34.481287093533],[-118.431994590761,34.4813378973481],[-118.431997370067,34.4813378739339],[-118.431993836997,34.4814974571525],[-118.431988272986,34.4814975148181],[-118.431988065133,34.4815027759799],[-118.431977151221,34.4821420151339],[-118.431971585149,34.4824681026549],[-118.43196901857,34.4826184201094],[-118.431958248148,34.4832492816844],[-118.431934058332,34.4846661239941],[-118.431924589946,34.4852206997696],[-118.431908319544,34.4861736158443],[-118.431891486982,34.4871594765975],[-118.431882146641,34.487706524934],[-118.431869857024,34.488426331931],[-118.431867638304,34.4885562600021],[-118.431846265803,34.4897899866998],[-118.431837731187,34.4902825905466],[-118.431830300981,34.4907114875481],[-118.431803053726,34.4923172036573],[-118.431789437807,34.4931195247381],[-118.431763111881,34.4946707939456],[-118.431754484048,34.4951792025961],[-118.431748330264,34.4955417811764],[-118.431747226632,34.4956105094805],[-118.431697894328,34.4974038743941],[-118.431684973854,34.4978735469092],[-118.431664354729,34.498623077382],[-118.431655239755,34.4989544212274],[-118.431631886212,34.4998033376374],[-118.431619551505,34.500251722895],[-118.431591125904,34.5012849709258],[-118.431558944807,34.5024546991139],[-118.431546481788,34.5029076816004],[-118.431539322117,34.5031679230091],[-118.431516633831,34.503992702822],[-118.431502808333,34.5044953074386],[-118.431502424419,34.504509264445],[-118.431499494078,34.5046157668645],[-118.431489132807,34.5049924239013],[-118.431467826987,34.505766878113],[-118.431445697105,34.5065712965453],[-118.431422711875,34.5074067962942],[-118.431408957655,34.5079067734391],[-118.431408672581,34.5079171149664],[-118.431395808864,34.5083847105822],[-118.431378191679,34.5090250565187],[-118.431369826991,34.5093290955222],[-118.431356976477,34.5097961708446],[-118.431331413461,34.5107253048392],[-118.431129042949,34.5180711028776],[-118.430930430331,34.5252780507538],[-118.430926602932,34.5254168956553],[-118.430926535969,34.5254193191934],[-118.430914523085,34.5258564366932],[-118.430848748169,34.5282496987728],[-118.430777402699,34.5308454877712],[-118.430743901843,34.5320643349077],[-118.430740867562,34.532174701332],[-118.430738058032,34.5322769306956],[-118.430735601292,34.5323662967516],[-118.430734857864,34.5323933424298],[-118.430731478983,34.5325162665106],[-118.430731286389,34.5325232522082],[-118.430730831223,34.5325237090924],[-118.430731274636,34.5325237174368],[-118.430726593954,34.5326939779901],[-118.43053487554,34.539638270913],[-118.430525687005,34.5399710308232],[-118.426589709193,34.5399534133939],[-118.412694295997,34.5398901971463],[-118.399877496796,34.5398903441066],[-118.397926709184,34.539890452282],[-118.395006260479,34.5398905569948],[-118.390793046602,34.5399008048112],[-118.386580323183,34.5399095310075],[-118.378154022296,34.5399292955866],[-118.378298617971,34.5366415374593],[-118.378598594729,34.5298131317406],[-118.378681572444,34.5279216123852],[-118.378783207445,34.5256046469232],[-118.378808321032,34.5250318252302],[-118.379410842283,34.5112853282663],[-118.379413004526,34.511235980155],[-118.37941304392,34.511231244322],[-118.379444228731,34.5075061385062],[-118.379469712758,34.5043748434594],[-118.379474586085,34.5037761883083],[-118.379481244998,34.5030048250099],[-118.379481281972,34.5030005156025],[-118.379482825577,34.5028217734294],[-118.379482827512,34.5028214813291],[-118.379483990779,34.5026868546905],[-118.379465628396,34.5024522999765],[-118.379274417143,34.5024403689213],[-118.379280330764,34.5021217630386],[-118.379436292718,34.502082584971],[-118.379433031839,34.5020370906582],[-118.379425733795,34.5019439813649],[-118.37930644693,34.5004220910737],[-118.379277655991,34.5000547515896],[-118.379193991096,34.498984612442],[-118.378989414604,34.4963677906392],[-118.378986929796,34.4963359952628],[-118.378986894957,34.4963359962731],[-118.378988474305,34.4962084145933],[-118.379032958154,34.492617124686],[-118.379094582822,34.487600556663],[-118.379105236941,34.4875961248429],[-118.379301418567,34.487514515262],[-118.379542188476,34.487414356789],[-118.379482947116,34.4872929593955],[-118.379107881855,34.486524363576],[-118.379107803832,34.4865242051509],[-118.379124353234,34.4851769000639],[-118.379185367694,34.4808121863084],[-118.379186641875,34.4807393894156],[-118.379293214656,34.4763869682346],[-118.379504116725,34.467831514759],[-118.379504430568,34.4678184587485],[-118.379509196519,34.4676315913167],[-118.379508045924,34.4676315822932],[-118.378966650329,34.4676274140877],[-118.37896666908,34.4676272292159],[-118.378953690313,34.4676271254972],[-118.378953687913,34.4676273157271],[-118.378313193216,34.4676223829796],[-118.377118879424,34.4676124156496],[-118.375923737228,34.4676026032118],[-118.374728593584,34.467592394959],[-118.373533418343,34.4675825879351],[-118.372339109999,34.4675735354858],[-118.371157836427,34.4675643881492],[-118.371143970533,34.4675642808992],[-118.371019822396,34.4675634299035],[-118.370953578127,34.4675629760849],[-118.369948903612,34.4675560925504],[-118.369948786051,34.4675560920072],[-118.368840731784,34.467548467706],[-118.367732697718,34.4675419105533],[-118.366623800528,34.4675353179451],[-118.366413647475,34.4675340016925],[-118.365738832376,34.4675314483694],[-118.365514909428,34.4675298141494],[-118.364516806924,34.4675226008074],[-118.364415120801,34.4675218658124],[-118.364415119973,34.4675219253158],[-118.364410281144,34.46752183076],[-118.364406072841,34.4675218001223],[-118.363298434029,34.4675143214101],[-118.362190031416,34.4675068628163],[-118.361954962515,34.4675052733212],[-118.361307411416,34.4675008930293],[-118.361101968204,34.467499498565],[-118.361102490121,34.4674567060062],[-118.361105540507,34.4672065987561],[-118.361109215667,34.466905296397],[-118.36111195525,34.4666806609206],[-118.361113093921,34.4665873331958],[-118.361124557435,34.4656474546951],[-118.361147094646,34.463798956416],[-118.361169844341,34.4619306714004],[-118.361192589319,34.4600693116637],[-118.361214651414,34.4582572501537],[-118.361236700639,34.4564499692328],[-118.361238139245,34.4563325192482],[-118.361250665486,34.4553111269427],[-118.361251274089,34.4552615086134],[-118.361253800904,34.4550554874233],[-118.361254489559,34.4549992363101],[-118.361254731686,34.4549938363355],[-118.36125497381,34.4549884354595],[-118.361257054203,34.454822005314],[-118.361257438332,34.4547911385412],[-118.361259229529,34.4546476071754],[-118.361259307111,34.4546411565083],[-118.361259330528,34.4546392794564],[-118.361260752556,34.4545255483097],[-118.361260926231,34.4545116462238],[-118.361262104421,34.4544174699544],[-118.361264843453,34.4541986662484],[-118.361267895533,34.4539546918327],[-118.361281965394,34.4528299633444],[-118.361271635422,34.4527201698886],[-118.361271739914,34.4527201731836],[-118.360761110567,34.447213779979],[-118.360690417764,34.4464616750578],[-118.360626688441,34.4457836433273],[-118.360626606848,34.4457836489789],[-118.360608605389,34.445590887061],[-118.360598973732,34.4453056998476],[-118.360573349239,34.4423490976044],[-118.360520378351,34.4380922171346],[-118.360520319593,34.4380922173092],[-118.360520315828,34.4380918503979],[-118.360464069479,34.43808526507],[-118.360462155567,34.4380850354573],[-118.353136958191,34.4372276755734],[-118.35163285152,34.4370521297538],[-118.35163213628,34.4370520461815],[-118.351529804619,34.4370400702146],[-118.351224682272,34.4370043590532],[-118.349670582674,34.4368224823028],[-118.347188133089,34.4365319169806],[-118.346431374057,34.4364433251392],[-118.346311425507,34.4364292836972],[-118.345362969738,34.4363182414529],[-118.344073489855,34.4361672624877],[-118.342744182069,34.4360116051518],[-118.34193302261,34.4360054629773],[-118.341919934602,34.4360053637336],[-118.341308582803,34.436000731216],[-118.340896395796,34.4359982082788],[-118.340580321739,34.4359957982126],[-118.340111044936,34.4359922771019],[-118.340061835453,34.4359919074866],[-118.340060322966,34.435992964712],[-118.340060574311,34.4359918974986],[-118.33977139818,34.4359900653383],[-118.339387171312,34.4359876284518],[-118.339385576763,34.4359869738948],[-118.339246012487,34.4359859344142],[-118.338750418774,34.435982314845],[-118.334348102668,34.4359500710076],[-118.331878280579,34.4364461644573],[-118.331050868833,34.4366123347022],[-118.329879619905,34.4368475767399],[-118.329848664003,34.4368537940064],[-118.327247091563,34.4373762684093],[-118.326606091331,34.4375049904327],[-118.324977764891,34.4378319479699],[-118.324903069714,34.4378469457153],[-118.324906606631,34.4376914505369],[-118.324983861663,34.4342942624434],[-118.325064647811,34.4307415791586],[-118.325066314499,34.4306673824731],[-118.325226229784,34.4236361809788],[-118.325296858634,34.4165637586534],[-118.325305154896,34.4157328875139],[-118.325377893516,34.4084471016361],[-118.32541756926,34.4029273714309],[-118.32543144411,34.4009969608747],[-118.325485693053,34.3978096142127],[-118.325556360275,34.3936578633686],[-118.325685505573,34.3860678659794],[-118.325700059997,34.3852123286523],[-118.325800724311,34.3792941549037],[-118.325808858319,34.3788159101801],[-118.326024990359,34.3661097655012],[-118.326025419539,34.3615879334129],[-118.32602567915,34.3588558647371],[-118.326026392497,34.3516563573228],[-118.326026398605,34.3516014945277],[-118.326631258855,34.3516023613443],[-118.327535736108,34.3516036535948],[-118.333726074369,34.3516123181064],[-118.334190196714,34.351612954967],[-118.33444803389,34.3516133084347],[-118.334779351118,34.3516137676286],[-118.34248448805,34.3516251114502],[-118.343528809891,34.3516266112104],[-118.343532344815,34.3516266165168],[-118.348318748365,34.3516326551692],[-118.348761773338,34.3516332040019],[-118.350000777373,34.3516347322044],[-118.352076674118,34.3516372642016],[-118.352305214618,34.35163753947],[-118.352543764941,34.3516379997555],[-118.355878944785,34.3516418942616],[-118.356174448793,34.3516422351428],[-118.35879212353,34.3516452205888],[-118.360093021528,34.3516466841457],[-118.360222296188,34.3516468282796],[-118.360484464131,34.3516471206966],[-118.360488605646,34.3516471363256],[-118.36055155751,34.3516473150863],[-118.360620600964,34.3516475108486],[-118.360799812444,34.3516474742147],[-118.360799800552,34.3516447263749],[-118.360792153986,34.3443963057544],[-118.360790965599,34.3432872915534],[-118.360790789899,34.3431012604977],[-118.360788328795,34.340781836623],[-118.360784732486,34.3373909873934],[-118.360785348862,34.3373691711305],[-118.360791913411,34.3371368910822]]]},"properties":{"OBJECTID":3328,"DISTRICT_NAME":"WM S HART UNION HIGH","LABEL":"WM S HART UNION HIGH TA4","TRUSTEE_AREA":"4","DISTRICT_TYPE":"High School District","Shape__Area":2054187146.703125,"Shape__Length":284946.55674526148}},{"type":"Feature","id":3329,"geometry":{"type":"Polygon","coordinates":[[[-118.50254334114,34.423472583195],[-118.50258233705,34.4234725595644],[-118.502617553219,34.4234724956879],[-118.503176257924,34.4234726008827],[-118.503192313731,34.4234726036972],[-118.50323941933,34.4234726129272],[-118.503613123223,34.4234726820194],[-118.503917217366,34.4234712775594],[-118.503965261301,34.423637881937],[-118.504020981158,34.4240479754708],[-118.504089864046,34.4243396759679],[-118.504365158931,34.4246690373703],[-118.504389771123,34.4247048729557],[-118.504603507218,34.4250160731984],[-118.50468976126,34.4251221271447],[-118.504867975364,34.4253412493956],[-118.505184812166,34.4256444555771],[-118.50568605534,34.4260556509073],[-118.505782731254,34.4261267495591],[-118.506068388542,34.426336828577],[-118.506490032252,34.4266069647897],[-118.507134932233,34.4268979195486],[-118.507145910604,34.4269039184491],[-118.507174439957,34.4269195057293],[-118.507203475451,34.4269299476245],[-118.507236878977,34.426941959754],[-118.50733742655,34.4269781190902],[-118.5075032876,34.4270377659886],[-118.508045635528,34.4272053379079],[-118.508410494158,34.4272949888122],[-118.508857204732,34.4273692468568],[-118.50975022673,34.4274525038217],[-118.510485087094,34.4274276613109],[-118.51083932579,34.4274044196106],[-118.511219802941,34.4273307705083],[-118.511265078428,34.4273220718994],[-118.511704564116,34.4272376335997],[-118.512241929868,34.4271015749743],[-118.512359802547,34.427071729466],[-118.513499784196,34.4267623846562],[-118.515856359157,34.4260987244727],[-118.517131455749,34.4257543401591],[-118.519349235425,34.4253858309988],[-118.520324818088,34.4252856744063],[-118.521511399793,34.4251724719224],[-118.522754043167,34.4250539072223],[-118.523863474497,34.4249413882949],[-118.525004501803,34.4248404794023],[-118.525447888186,34.4247970690512],[-118.526033797135,34.4247708354389],[-118.52646367779,34.4247499660712],[-118.526911028827,34.4247717791872],[-118.528042305818,34.4248868138629],[-118.528133248104,34.4248960607849],[-118.529257758084,34.4250103968795],[-118.531388182131,34.4252145082152],[-118.532418838624,34.4253166767512],[-118.533785516116,34.4256165115315],[-118.534500436796,34.4258677114468],[-118.537140350459,34.4272188006451],[-118.537206903156,34.4272600244253],[-118.537321810386,34.427337145968],[-118.537390066221,34.4273787452575],[-118.537589748443,34.4274891507542],[-118.537709467438,34.4275411590227],[-118.53782416381,34.4275856616061],[-118.538178106251,34.4277046417978],[-118.538527143321,34.427833287383],[-118.538907793545,34.4279792939737],[-118.539177023253,34.4280739193053],[-118.539399671033,34.4281450614855],[-118.539491040526,34.4281718067677],[-118.539650480716,34.4282119552493],[-118.539889158017,34.4282596420503],[-118.540278062379,34.428337296335],[-118.540347583865,34.4283457162652],[-118.540480510736,34.4283618124423],[-118.540586756377,34.4283809023804],[-118.540998555964,34.4284714831494],[-118.541109771719,34.4284905486619],[-118.541222629973,34.428506532502],[-118.54134003335,34.4285184047781],[-118.541346553701,34.4285190635535],[-118.541405938026,34.4285250678206],[-118.541479807809,34.4285325373095],[-118.541691107714,34.4285506614596],[-118.541776780507,34.4285580041355],[-118.541897866874,34.4285650163647],[-118.54211526376,34.4285675348757],[-118.54218171032,34.4285660010022],[-118.542708485128,34.428553808767],[-118.542891981475,34.4285427408211],[-118.543056388595,34.4285328245745],[-118.543682811611,34.4284734931475],[-118.544402364281,34.4284019304277],[-118.545016947037,34.4283541037805],[-118.545273640547,34.4283309400784],[-118.545397629675,34.4283181767674],[-118.545532068486,34.4283043322728],[-118.545823337254,34.42828430613],[-118.545860592045,34.4282817214729],[-118.545958391193,34.4282778455936],[-118.546018069222,34.4282755160744],[-118.546270110162,34.4282764422571],[-118.546446434883,34.4282828558944],[-118.546497326415,34.4282847064816],[-118.546652762177,34.4282862491562],[-118.546695802045,34.4282866763546],[-118.54683062968,34.4282880132656],[-118.547137972783,34.4283071545355],[-118.547129617232,34.4282866651111],[-118.547175508946,34.4282864581171],[-118.547475597784,34.4282816692837],[-118.547913369071,34.4282796927659],[-118.548342772753,34.4282777524926],[-118.548487035893,34.4282788069051],[-118.548878719491,34.4282892357899],[-118.549193572981,34.4283063040021],[-118.549504076497,34.4283319070283],[-118.549641496407,34.4283456865219],[-118.550029534682,34.4283966595456],[-118.550358040899,34.4284365808257],[-118.550526554862,34.4284554047904],[-118.550867856824,34.4284935636154],[-118.551013900755,34.4285126025344],[-118.551164953529,34.42853733427],[-118.551432258178,34.4285900602755],[-118.551687997428,34.4286486676354],[-118.552649836468,34.4289163276732],[-118.552995384357,34.4290157405145],[-118.553520593762,34.4292025905803],[-118.553806505098,34.4293094963439],[-118.554065762328,34.4294125555112],[-118.554147331383,34.4294449799721],[-118.554518151404,34.4296037051282],[-118.554749325184,34.4297073978749],[-118.55489379403,34.4297787844342],[-118.555250400933,34.4299592309224],[-118.555670886998,34.4301844462518],[-118.555862179981,34.430289941426],[-118.556031982543,34.4303903680907],[-118.556310248605,34.4305928209682],[-118.556497013399,34.4307199061093],[-118.556760995126,34.4308898752601],[-118.556808467913,34.4309207243704],[-118.556916550775,34.4309959574178],[-118.557166844083,34.4311857069691],[-118.557365458302,34.4313438700691],[-118.557557274897,34.4314885031541],[-118.557490596758,34.4315586481342],[-118.557427997382,34.4316251844108],[-118.557026715586,34.4320515771761],[-118.556944495148,34.4321546434516],[-118.556862377941,34.432273179586],[-118.556745866395,34.4324554301323],[-118.556672070465,34.4325790685123],[-118.556595056545,34.4327164898959],[-118.556523027129,34.4328559159206],[-118.556451088429,34.4330094442401],[-118.556347297779,34.4332395888319],[-118.556250657568,34.433443046578],[-118.556163617621,34.4336193924602],[-118.556126837354,34.4337386533105],[-118.556075647449,34.4338999386677],[-118.556032705977,34.4340747363075],[-118.556013717048,34.4341668559175],[-118.555997784797,34.4342291936406],[-118.555978745826,34.4343131761938],[-118.555961129653,34.4344153578755],[-118.555950854729,34.4345716522661],[-118.555938912763,34.4347872718673],[-118.555923712729,34.4350616983701],[-118.555869532013,34.4362011945034],[-118.555821041782,34.4371549909881],[-118.555807902571,34.4373899089232],[-118.555787370303,34.4377570198089],[-118.555786166799,34.4377785369086],[-118.55577462605,34.4379376651668],[-118.55575687522,34.4380958049355],[-118.555732965039,34.4382551827769],[-118.555703004213,34.4384125265099],[-118.555665326374,34.438571527444],[-118.555621135744,34.4387285522703],[-118.555570047809,34.4388859927178],[-118.555511854973,34.4390424225946],[-118.555447891281,34.4391988229662],[-118.555378620785,34.4393551105606],[-118.555136089542,34.4398808503784],[-118.555085874173,34.4399897009601],[-118.55462476716,34.4409730546458],[-118.554234696822,34.4418171208433],[-118.553837176888,34.4426692713345],[-118.553763319979,34.4428351685274],[-118.553706881848,34.4429695270432],[-118.553662119106,34.4428733155358],[-118.553632270666,34.4429398805983],[-118.55351354181,34.443309356515],[-118.553489272005,34.4433848817082],[-118.553478271974,34.4434178803626],[-118.553391452196,34.443885589898],[-118.553385272591,34.4439188811923],[-118.553347756864,34.4441694803374],[-118.553381475612,34.4442458688443],[-118.55341879846,34.4442474070231],[-118.553415259477,34.4443410522873],[-118.553402044587,34.4446907150707],[-118.553380380322,34.4456386979048],[-118.553370664558,34.4459136433475],[-118.553358624406,34.4460528522765],[-118.553340187116,34.446194288324],[-118.553315541073,34.446338302227],[-118.553289569794,34.4464628751155],[-118.553251809187,34.4466262200556],[-118.553212430284,34.4467695915997],[-118.553167442032,34.4469083178403],[-118.553069376056,34.4471749481287],[-118.553013343538,34.4473087247249],[-118.552888877454,34.4475717139662],[-118.552821675416,34.447697103881],[-118.552751522634,34.4478168789052],[-118.552637892424,34.4479935342348],[-118.552593121449,34.4480598000454],[-118.552503749239,34.448183010756],[-118.552407821846,34.4483078172116],[-118.55197189264,34.4488030434941],[-118.551321941,34.4495032783647],[-118.551190983939,34.4496443597586],[-118.551112232481,34.4497291977514],[-118.550733503056,34.4501372479337],[-118.549886399881,34.4510547356407],[-118.549657095982,34.4513079775657],[-118.549550416177,34.4514336517044],[-118.54944983204,34.4515626816105],[-118.549366045916,34.451679710759],[-118.549354692369,34.4516956652613],[-118.549266163205,34.4518297007553],[-118.549182276151,34.4519656633921],[-118.549101135424,34.4521060355759],[-118.549025338596,34.4522479747352],[-118.548954245978,34.4523933301203],[-118.548888488595,34.4525415732894],[-118.548827234461,34.4526947707289],[-118.548770697255,34.4528544622046],[-118.548721766102,34.4530101831493],[-118.54867800334,34.4531700485035],[-118.548641140043,34.4533298555983],[-118.54861187646,34.4534899970483],[-118.54858997187,34.4536496102763],[-118.548575378619,34.4538060810468],[-118.548565365714,34.4539585237792],[-118.548559906296,34.4540965799465],[-118.5485588746,34.4542059472485],[-118.548596179422,34.4545062091863],[-118.548613716427,34.4547355509939],[-118.548633826619,34.4549687262128],[-118.548640143262,34.4550417085492],[-118.548690600756,34.4552781002556],[-118.548744244411,34.455550694936],[-118.548838693123,34.4558326685327],[-118.548931500591,34.4560674982443],[-118.548993993718,34.4562203792819],[-118.549210082589,34.4567490105769],[-118.549425794766,34.4572767137006],[-118.5494881813,34.4574293299091],[-118.549560671848,34.4576868634473],[-118.549645140238,34.4580640387045],[-118.549679405103,34.4583757995843],[-118.54970948615,34.458600315239],[-118.549727300814,34.458733304835],[-118.549734267207,34.4588552177178],[-118.549746119043,34.4590626173366],[-118.549741705154,34.4593378392502],[-118.549792549858,34.4606924828113],[-118.549817311171,34.4613521856626],[-118.549842066076,34.4620116829563],[-118.549852512637,34.4622899919556],[-118.549786768362,34.4622913346971],[-118.549790883989,34.462443334786],[-118.549673901925,34.4624463304012],[-118.549673935106,34.4624609179981],[-118.549676116145,34.4625327641107],[-118.549680262959,34.4626695686766],[-118.549209224197,34.4630084969486],[-118.549239757241,34.4636462961016],[-118.549253006784,34.4639151713783],[-118.549088253404,34.4644871099297],[-118.548977424294,34.4648709982614],[-118.548923742826,34.4650584115415],[-118.548519468361,34.4657214651028],[-118.548075078693,34.4661082832106],[-118.548059348698,34.4663997710036],[-118.548065959382,34.4663973232329],[-118.548379081978,34.4662801426461],[-118.548524371528,34.4662257635788],[-118.548630311948,34.4661861283298],[-118.548746042962,34.466202257359],[-118.548769257805,34.4662056242021],[-118.548221240692,34.4670755419139],[-118.547960187283,34.4674899277779],[-118.547960154967,34.4674899793114],[-118.54733425171,34.4674028737236],[-118.547223719935,34.4673875276757],[-118.546761616188,34.4673220655834],[-118.546763804813,34.467323665865],[-118.54694902434,34.4674590622496],[-118.547460595201,34.4678330158719],[-118.547297519339,34.4691762921136],[-118.547059099162,34.4691464894511],[-118.547035269962,34.4691435036922],[-118.546981068486,34.4691367214185],[-118.546986884948,34.4691873127873],[-118.546990405774,34.4692238352303],[-118.54699536677,34.4692903479553],[-118.546998097314,34.4693464174345],[-118.546998967674,34.4693745089474],[-118.546999515413,34.4694028687687],[-118.546999247308,34.469482339382],[-118.546998220695,34.4695189337066],[-118.546996153729,34.4695456329645],[-118.546993074268,34.4695853973225],[-118.546989088622,34.4697693816039],[-118.54698441363,34.4698352002989],[-118.546980453676,34.4698779707351],[-118.546967830254,34.4699815878437],[-118.546957211265,34.4700493202366],[-118.54693998833,34.4701407918552],[-118.546950341593,34.4701429548603],[-118.546922811931,34.4703212032844],[-118.546922783708,34.470321381014],[-118.546896611663,34.4703159175478],[-118.546790276448,34.4710287300026],[-118.54680011098,34.4710309548591],[-118.54679147628,34.4710697011584],[-118.546729456951,34.4712252392721],[-118.546650133725,34.4713126740148],[-118.546639623916,34.4713239914371],[-118.546571196713,34.4713976124182],[-118.546498734435,34.4714595162504],[-118.54641457099,34.4715272191011],[-118.546337070023,34.4715986576128],[-118.546228369375,34.4717193638261],[-118.546220202023,34.4717383066684],[-118.546170748421,34.4717869497513],[-118.546086813089,34.4718896831806],[-118.545960127021,34.4720510039712],[-118.545918550211,34.4721063162299],[-118.545846646637,34.4722019633984],[-118.545618139327,34.4725207295439],[-118.545550716625,34.472611707173],[-118.545364876395,34.4728601858119],[-118.545193881453,34.4730955666924],[-118.545095277256,34.4732392318675],[-118.5448932739,34.4735527072613],[-118.544700111012,34.4737952035826],[-118.544460381415,34.4743270351056],[-118.544361190149,34.4746187270381],[-118.544224109138,34.4750622944818],[-118.544057135146,34.4756920508024],[-118.543939343234,34.476272865738],[-118.54393417504,34.4763179430761],[-118.543918209836,34.4764131751734],[-118.543908519391,34.4764540797389],[-118.543887390672,34.4765208104239],[-118.543856285312,34.4765841536665],[-118.543818515994,34.4766447734721],[-118.543698486786,34.4768101819745],[-118.543640967921,34.4768942525458],[-118.543611422691,34.4769431596788],[-118.54347692107,34.4771793923893],[-118.543378587279,34.4773656749067],[-118.543285189523,34.4775450358052],[-118.543101779272,34.4779133850357],[-118.542897125936,34.4783337077676],[-118.542358600273,34.4794572503601],[-118.54233072467,34.4795078554058],[-118.542230839421,34.4797113162855],[-118.542193167863,34.479786006264],[-118.54201298131,34.4801426635726],[-118.541909872272,34.4803598752382],[-118.54174796357,34.4807205678292],[-118.541685746477,34.4808482673914],[-118.541662854113,34.4808998895045],[-118.541638394345,34.480965617695],[-118.541614116675,34.4810598389466],[-118.541603041295,34.4811416403554],[-118.541600347735,34.4812378280042],[-118.541605950873,34.4813343112994],[-118.541614395031,34.4813877192522],[-118.541623249555,34.4814434567397],[-118.541630106107,34.4814764060557],[-118.54165067625,34.4815786699105],[-118.541669247352,34.4816273627241],[-118.541677652191,34.4816974699579],[-118.541691101358,34.4817522412268],[-118.541739322971,34.481942726568],[-118.54175250113,34.4819893013922],[-118.541788574636,34.4821166398042],[-118.541839332683,34.4822675490696],[-118.541853007373,34.4823296731232],[-118.541959702712,34.4826616878623],[-118.542113708929,34.4831257236812],[-118.542206876701,34.483417953518],[-118.542242402963,34.4835235907082],[-118.542249867405,34.4835461732385],[-118.542338878063,34.4838154802105],[-118.542362629002,34.4838950597543],[-118.542442077479,34.4841196743675],[-118.542467448714,34.4841937527029],[-118.542499613461,34.4842918481807],[-118.542545368727,34.484439010181],[-118.542564148033,34.4845196315379],[-118.542567644478,34.4845467664972],[-118.542574722327,34.4846150702097],[-118.542578488538,34.4846837538448],[-118.542584437907,34.4853600694833],[-118.54258489687,34.4854122698321],[-118.542589118561,34.485549647383],[-118.542594630283,34.4856320544681],[-118.542619290031,34.4858514198799],[-118.542623232236,34.4859472515012],[-118.542620091702,34.4859743872744],[-118.542614434633,34.4861252102718],[-118.542599184726,34.4863306847348],[-118.54255253574,34.4868107281259],[-118.542544939348,34.4869182843672],[-118.542522706115,34.4873257596502],[-118.542476499106,34.4881283470964],[-118.542464438249,34.4883138824652],[-118.542461497164,34.4883729775957],[-118.542418701532,34.4890098749273],[-118.542367717782,34.4897686284682],[-118.542364513284,34.4897861505604],[-118.542319559796,34.4905268996124],[-118.542296635174,34.4908285837958],[-118.542234095998,34.49141726587],[-118.542220321233,34.4915952557693],[-118.542217090976,34.4916090068566],[-118.54221429918,34.4916897245673],[-118.542206551801,34.4917735719951],[-118.542193403581,34.4920480880344],[-118.542183845691,34.4923641324756],[-118.542181693838,34.4925427565124],[-118.542185472387,34.4926138300227],[-118.542185956449,34.4931970647085],[-118.542184194031,34.493691690515],[-118.542174817145,34.4940348846664],[-118.542153860155,34.494338811066],[-118.542152073409,34.4943647318043],[-118.542131657153,34.4945427504026],[-118.542109309371,34.494678511055],[-118.542098002262,34.4947252753702],[-118.542086697432,34.4947727257403],[-118.54205253501,34.4948790292584],[-118.541930127932,34.4951935237074],[-118.541926416953,34.4952023734908],[-118.541864764855,34.4953494001841],[-118.541691124039,34.4957381181348],[-118.541634137553,34.4958656534809],[-118.541589914422,34.4959544732374],[-118.541519355255,34.4960777543371],[-118.541437155297,34.496196631934],[-118.541354865585,34.4963017479769],[-118.541328531632,34.49633520047],[-118.541149051324,34.4965503372905],[-118.541061752575,34.4966510236868],[-118.540775080503,34.4969706952016],[-118.540641972356,34.4971157126397],[-118.540493302121,34.4972776506562],[-118.540178633866,34.4976318262018],[-118.540074899623,34.4977562718585],[-118.540012359858,34.497837609536],[-118.539938381896,34.4979451091349],[-118.539885836334,34.4980312110716],[-118.539838278101,34.4981190226526],[-118.53980716265,34.4981826965016],[-118.539754805145,34.4982983407607],[-118.539705778598,34.4984153432222],[-118.539606142471,34.4986607036061],[-118.539576746244,34.4987339800857],[-118.53954644751,34.4988220772531],[-118.5392770424,34.499605705101],[-118.539140028583,34.499974199183],[-118.539089608874,34.5001331125797],[-118.539073389751,34.5001902029038],[-118.539066889705,34.5002125383768],[-118.539051012271,34.5003228870012],[-118.539035209352,34.5004459225549],[-118.539008148922,34.5006236102837],[-118.538914924469,34.5013474018263],[-118.538892626954,34.5015059739209],[-118.538973879854,34.5015638314974],[-118.539034475209,34.5016131070925],[-118.541878625408,34.5039488074545],[-118.545922061132,34.507268484873],[-118.546869674687,34.5072777129878],[-118.546869515779,34.507268944501],[-118.546864873047,34.5070167131281],[-118.546854398801,34.5065290404442],[-118.546823383952,34.5050371659841],[-118.546799038415,34.5039424223505],[-118.546787435542,34.5036070369533],[-118.551833495357,34.5036454957805],[-118.552948392134,34.5036539537315],[-118.553118511687,34.5036552397719],[-118.553249628261,34.503656236307],[-118.555401997552,34.5036716355377],[-118.559146631806,34.5036705788486],[-118.559408962435,34.5036705073222],[-118.564329196507,34.5036690516469],[-118.567491315369,34.5036841550675],[-118.568239829904,34.5036876898491],[-118.568364379626,34.5036882824848],[-118.568606585542,34.5036894347455],[-118.569246306416,34.5036924387046],[-118.570575432929,34.5036986691314],[-118.570937896668,34.5037003658508],[-118.571389202065,34.5037024764491],[-118.57213211057,34.5037059532162],[-118.572101280507,34.5038008857316],[-118.572095770885,34.5038103300137],[-118.572094279112,34.5038128856782],[-118.571901278419,34.5041128867873],[-118.571676278805,34.5043108863759],[-118.571612279967,34.5045398860098],[-118.571662281234,34.5047368872068],[-118.571533279162,34.5049658853948],[-118.571393279883,34.5053758864784],[-118.571190279822,34.5059978872478],[-118.57106027921,34.5064888869019],[-118.570909279492,34.5068168860303],[-118.570696280225,34.5070958868465],[-118.570281279421,34.5074098870868],[-118.569781279986,34.5077898866376],[-118.569530279538,34.5081348873081],[-118.569391280258,34.5085278864042],[-118.569361280196,34.5089698873699],[-118.569243279059,34.5092808871264],[-118.569074278999,34.5093158870507],[-118.568743281032,34.5099068862594],[-118.568791280111,34.5101358869975],[-118.568833278804,34.5104628863052],[-118.56871927931,34.5107088878615],[-118.568555641829,34.5109905835243],[-118.568500280189,34.5110858868282],[-118.568105280374,34.5116438865628],[-118.567606279222,34.5123008879318],[-118.567011280954,34.5129098880014],[-118.566495280208,34.5132578880211],[-118.566183280643,34.5135218883498],[-118.565623278874,34.5140818876801],[-118.565043280506,34.5143818880253],[-118.564670279312,34.5144848885996],[-118.564279278342,34.5145708885298],[-118.564198092743,34.5144145280505],[-118.564209101065,34.5143381468642],[-118.564202465249,34.5142093712604],[-118.564080339005,34.5140477376256],[-118.563964656817,34.513986256725],[-118.56386648932,34.513958088949],[-118.563791020178,34.5138773393151],[-118.563784254651,34.5137294806509],[-118.563754953646,34.5136580575533],[-118.563545608638,34.5133823336543],[-118.563487266876,34.5132776506985],[-118.563318684118,34.5130637554655],[-118.563236807055,34.5128876215295],[-118.563166940352,34.512782992776],[-118.563160660353,34.5127066918547],[-118.563003909742,34.512537584433],[-118.562963439231,34.5125186893282],[-118.562730240823,34.5121238090734],[-118.562718263557,34.5120570763486],[-118.562740896377,34.5119949532419],[-118.562820899929,34.5118943996581],[-118.562837414341,34.5117798275855],[-118.562650400155,34.5113961825474],[-118.562481371875,34.5111154990712],[-118.56243320292,34.511009848013],[-118.562351596495,34.5108441753982],[-118.562345447438,34.5107869556569],[-118.562355489741,34.5105674607981],[-118.56230854895,34.5104436426257],[-118.562227255722,34.5103533762636],[-118.56208273284,34.5102872571043],[-118.561817512537,34.5102694026752],[-118.561667838747,34.5102939478412],[-118.561517972798,34.5102898700524],[-118.561425412766,34.5102378216384],[-118.561378440268,34.5101092323463],[-118.56137770001,34.5099995111419],[-118.561400365459,34.5099421590349],[-118.561393444669,34.5097704490758],[-118.561311831285,34.5096324780844],[-118.561322359988,34.5094845402024],[-118.561391027517,34.5094121857859],[-118.561529173502,34.5093876942627],[-118.56160962678,34.5093539276107],[-118.561596670498,34.5093489723085],[-118.561424735195,34.509283223466],[-118.561142325319,34.509279758883],[-118.560917801981,34.5093141899317],[-118.560733649384,34.5093532059543],[-118.560503555335,34.5094162856192],[-118.560342678732,34.5094885881709],[-118.560239526569,34.5095749351178],[-118.560199637331,34.5096419082904],[-118.560161191025,34.5099235513229],[-118.560163182176,34.5102193205263],[-118.560093961785,34.5105521520536],[-118.560095117804,34.5107238886532],[-118.560072932905,34.5108527983294],[-118.559958092817,34.5109153452798],[-118.559780083145,34.5110173504224],[-118.559596502907,34.5110647030336],[-118.559389254822,34.5110978597859],[-118.55909514513,34.5110693979396],[-118.55896408647,34.5110771567684],[-118.558833165051,34.5111051911881],[-118.558708326041,34.5111809020641],[-118.558629325564,34.5112170455456],[-118.558521823004,34.5112998337352],[-118.558412311152,34.5114482265585],[-118.558300702748,34.5115632343599],[-118.557979646519,34.5118136168205],[-118.557859056207,34.5118785745454],[-118.557682315389,34.5119497527758],[-118.557532686397,34.5119814489785],[-118.557390492054,34.5120476972508],[-118.557185520051,34.5121416652509],[-118.556953140646,34.5122953913588],[-118.556881278683,34.5123219591328],[-118.556823928825,34.5123639648688],[-118.556742036745,34.5123989276422],[-118.556575611111,34.5125046442345],[-118.556233795169,34.5126681725111],[-118.555755760507,34.5128874240671],[-118.555371066113,34.5131697093092],[-118.555381661889,34.5138273969443],[-118.555618929183,34.5139730079269],[-118.555698953534,34.5140895812585],[-118.555764660578,34.5141983487889],[-118.555802241658,34.5143240017942],[-118.555809687842,34.5144681001293],[-118.555744499249,34.5146311962162],[-118.555694779564,34.5147375692141],[-118.555640185757,34.5147610758478],[-118.555515592446,34.5147670136027],[-118.55539682952,34.514768748668],[-118.555322299461,34.5147339063379],[-118.555268906566,34.5147216273155],[-118.555199720808,34.5147177704647],[-118.555141319133,34.5147195475317],[-118.554865458709,34.5147124998147],[-118.554802191566,34.514731871609],[-118.554636140405,34.5148948310482],[-118.554672755879,34.5151999828808],[-118.554656674766,34.5153813399526],[-118.554565576,34.5155487278141],[-118.554502593192,34.5156110326977],[-118.554174565104,34.5156840891968],[-118.553915886869,34.5157854530264],[-118.553743688349,34.515891191088],[-118.553617595021,34.5159967196216],[-118.55353181279,34.5160972942769],[-118.553457683442,34.51621689758],[-118.553395493633,34.5163984636896],[-118.553390745341,34.5165511452856],[-118.553178264588,34.5166666078992],[-118.552976992426,34.5167343127508],[-118.552763845068,34.5167495958734],[-118.551890057361,34.5168299000716],[-118.551768710468,34.5167827451493],[-118.551555404639,34.5167741732468],[-118.551296372108,34.516823054917],[-118.551019858699,34.5168433926307],[-118.550760636164,34.5168636503933],[-118.550328355334,34.5168608401751],[-118.550224300288,34.5168136053489],[-118.549722387276,34.5167395493983],[-118.549065653206,34.5167854559776],[-118.548465292862,34.5166402790627],[-118.54818790038,34.5165270371001],[-118.547813673708,34.5165001022383],[-118.547640869361,34.5165151934672],[-118.547387472363,34.5165449595669],[-118.547192084943,34.5166317118999],[-118.546950465629,34.5166995885388],[-118.546898814353,34.5167332156876],[-118.546847728505,34.5168527111227],[-118.546704382286,34.5169771061386],[-118.546691456749,34.5181048635804],[-118.545753124843,34.5181037542803],[-118.545462816373,34.5181034096986],[-118.543556033387,34.5181011292885],[-118.542187287827,34.5180994741436],[-118.537683485626,34.5180939430717],[-118.537683329836,34.5181177008993],[-118.537677873583,34.5189495160425],[-118.537659238614,34.5217908162158],[-118.537635753363,34.5254877396739],[-118.537581179661,34.5305481503522],[-118.537555260221,34.5329514192027],[-118.537496123536,34.5384379665953],[-118.53748527275,34.5394446753094],[-118.537484139355,34.5395498247335],[-118.537398819053,34.5395770695935],[-118.537309659975,34.5396121548409],[-118.53724020197,34.5396709244022],[-118.537238262729,34.5397540809826],[-118.537308970595,34.53981103515],[-118.53739006723,34.5398672464347],[-118.537421406972,34.5399318682037],[-118.537427178495,34.5399437698949],[-118.537425677806,34.5400330594401],[-118.537367962131,34.5400905330086],[-118.537272703847,34.5401291891161],[-118.537180874409,34.5401581205199],[-118.536740967449,34.5401574263466],[-118.528521593737,34.5401441650875],[-118.528480043518,34.5421882375861],[-118.528449236711,34.5437037321858],[-118.528417540608,34.5452809309781],[-118.52837772876,34.5472619203096],[-118.528328894356,34.5496782275753],[-118.528313199016,34.5504547525779],[-118.528305537089,34.550833850221],[-118.528282079988,34.5519944423737],[-118.528266976116,34.5527417398011],[-118.528246853207,34.5537372827624],[-118.528234235692,34.5543614702268],[-118.528232536268,34.5544455982025],[-118.528221702062,34.5549815670558],[-118.528210998146,34.5555111362727],[-118.528193707804,34.556366456653],[-118.528189645925,34.5565674282517],[-118.528189091989,34.5565948190451],[-118.528182413821,34.5569251620943],[-118.528145210056,34.558765561621],[-118.528140613852,34.5589929357939],[-118.526584113938,34.5589887282714],[-118.523689429067,34.5589808497171],[-118.519238180203,34.5589686008477],[-118.519107686078,34.5589682407042],[-118.5188904516,34.5589676414653],[-118.518909188926,34.5660629321598],[-118.518928836011,34.5735018441311],[-118.518928823385,34.5735050599238],[-118.518929236653,34.573656491779],[-118.518949705761,34.5812813414533],[-118.518966772065,34.5876377982604],[-118.51896777631,34.5880109894619],[-118.518970599722,34.5884632454838],[-118.518970597551,34.5884635961856],[-118.518895086227,34.598416822239],[-118.518866147051,34.6022307317645],[-118.518866091277,34.6022380397382],[-118.518867716668,34.6024770956389],[-118.500465676774,34.6023219180863],[-118.499378606532,34.6023126683653],[-118.489413039295,34.6022274135955],[-118.489001458474,34.6022238744631],[-118.488346795776,34.6022182437249],[-118.483418368497,34.6021757357681],[-118.483264926215,34.6021744084972],[-118.481817600415,34.6021618879258],[-118.481426163019,34.6021584993391],[-118.479692474551,34.6021434739222],[-118.465216823325,34.6020170496676],[-118.465216806406,34.6020140269377],[-118.447899690962,34.60201153361],[-118.447832180137,34.6020115190922],[-118.447487180531,34.6020114435981],[-118.447300406874,34.6020114034646],[-118.447205756959,34.6020113820771],[-118.446749952866,34.6020112811421],[-118.446683488701,34.6020112657458],[-118.446617025627,34.6020112503092],[-118.446299618668,34.6020111782497],[-118.446129009407,34.6020111400765],[-118.445214228525,34.6020109265198],[-118.441914693587,34.6020100986436],[-118.4378540094,34.6020089573548],[-118.436399636989,34.6020085156643],[-118.433907070284,34.6020077180212],[-118.43282871358,34.6020073567441],[-118.430119349359,34.6020064075331],[-118.430115395278,34.6020064720085],[-118.428728952668,34.602027778156],[-118.428420654815,34.6020325108098],[-118.424737676972,34.6020889754216],[-118.423626483107,34.602105989735],[-118.419821197027,34.6021641784657],[-118.415580247001,34.6022288885839],[-118.414669393779,34.6022427676665],[-118.414523829312,34.6022449851163],[-118.411185293094,34.6022957919],[-118.411140774494,34.60229480476],[-118.407928843306,34.602223531458],[-118.406539041865,34.6021928225358],[-118.406338839468,34.6021883658722],[-118.403544290698,34.6021261088009],[-118.402154394812,34.6020952130433],[-118.399112387302,34.6020274475236],[-118.394614857931,34.6019272159243],[-118.393384612457,34.6019305713246],[-118.393384076175,34.6018430637341],[-118.393383622363,34.6017690642025],[-118.393378783086,34.6009799425682],[-118.393340490492,34.5947348632725],[-118.393338082893,34.5943417255951],[-118.393326188967,34.5923995002742],[-118.393309341137,34.5896479068187],[-118.393301177125,34.5883140525051],[-118.393299428162,34.5880282525679],[-118.393299087232,34.5879725506662],[-118.393298368114,34.5878551149239],[-118.393296481862,34.5875405227271],[-118.393296043262,34.5874687840306],[-118.393294996626,34.5872970959734],[-118.393294497683,34.5872126018884],[-118.393294326603,34.5871835834708],[-118.393293998872,34.5871281357491],[-118.393274852333,34.5839758879741],[-118.393265632115,34.5824576918619],[-118.393263796465,34.5821555880478],[-118.393261771577,34.581825689208],[-118.393259884694,34.581511135563],[-118.393259849639,34.5814053316219],[-118.393259155071,34.5812923708523],[-118.393257217411,34.5809772169411],[-118.393256660722,34.5808867206695],[-118.393256582716,34.580873916649],[-118.393253363596,34.5803502942194],[-118.39325136567,34.5803502979798],[-118.392218193751,34.5803522348675],[-118.392221238174,34.5803557202311],[-118.386585081162,34.5803569839624],[-118.384457591552,34.5803691472987],[-118.384422269277,34.5783930073316],[-118.3844230997,34.5759939951159],[-118.384427910971,34.5759933587495],[-118.384428114664,34.5759933319611],[-118.384427745505,34.5759639372959],[-118.384427116215,34.5759138770297],[-118.384423058947,34.5731906463764],[-118.384416771238,34.5731906193881],[-118.383759511282,34.5731878213588],[-118.377084747793,34.573206984953],[-118.375625073956,34.5732111278838],[-118.375651208371,34.5688332505148],[-118.375688923587,34.5625149323866],[-118.375696751042,34.5612034676778],[-118.375696798133,34.5611955593966],[-118.375705687187,34.559706194203],[-118.375711294338,34.5587668755127],[-118.375711857478,34.5586725170315],[-118.377259520438,34.5586763768457],[-118.377264678247,34.5585683433433],[-118.377321872167,34.5573699186368],[-118.377390721379,34.555927220235],[-118.378154022296,34.5399292955866],[-118.386580323183,34.5399095310075],[-118.390793046602,34.5399008048112],[-118.395006260479,34.5398905569948],[-118.396532955779,34.5398905114583],[-118.397926709184,34.539890452282],[-118.399877496796,34.5398903441066],[-118.412694295997,34.5398901971463],[-118.426589709193,34.5399534133939],[-118.430525687005,34.5399710308232],[-118.43053487554,34.539638270913],[-118.430726593954,34.5326939779901],[-118.430731274636,34.5325237174368],[-118.430730831223,34.5325237090924],[-118.430731286389,34.5325232522082],[-118.430731478983,34.5325162665106],[-118.430734857864,34.5323933424298],[-118.430735601292,34.5323662967516],[-118.430738058032,34.5322769306956],[-118.430740867562,34.532174701332],[-118.430743901843,34.5320643349077],[-118.430777402699,34.5308454877712],[-118.430848748169,34.5282496987728],[-118.430914523085,34.5258564366932],[-118.430926535969,34.5254193191934],[-118.430926602932,34.5254168956553],[-118.430930430331,34.5252780507538],[-118.431129042949,34.5180711028776],[-118.431331413461,34.5107253048392],[-118.431356976477,34.5097961708446],[-118.431369826991,34.5093290955222],[-118.431378191679,34.5090250565187],[-118.431395808864,34.5083847105822],[-118.431408672581,34.5079171149664],[-118.431408957655,34.5079067734391],[-118.431422711875,34.5074067962942],[-118.431445697105,34.5065712965453],[-118.431467826987,34.505766878113],[-118.431489132807,34.5049924239013],[-118.431499494078,34.5046157668645],[-118.431502424419,34.504509264445],[-118.431502808333,34.5044953074386],[-118.431516633831,34.503992702822],[-118.431539322117,34.5031679230091],[-118.431546481788,34.5029076816004],[-118.431558944807,34.5024546991139],[-118.431591125904,34.5012849709258],[-118.431619551505,34.500251722895],[-118.431631886212,34.4998033376374],[-118.431655239755,34.4989544212274],[-118.431664354729,34.498623077382],[-118.431684973854,34.4978735469092],[-118.431697894328,34.4974038743941],[-118.431747226632,34.4956105094805],[-118.431748330264,34.4955417811764],[-118.431754484048,34.4951792025961],[-118.431763111881,34.4946707939456],[-118.431789437807,34.4931195247381],[-118.431803053726,34.4923172036573],[-118.431830300981,34.4907114875481],[-118.431837731187,34.4902825905466],[-118.431846265803,34.4897899866998],[-118.431867638304,34.4885562600021],[-118.431869857024,34.488426331931],[-118.431882146641,34.487706524934],[-118.431891486982,34.4871594765975],[-118.431908319544,34.4861736158443],[-118.431924589946,34.4852206997696],[-118.431934058332,34.4846661239941],[-118.431958248148,34.4832492816844],[-118.43196901857,34.4826184201094],[-118.431971585149,34.4824681026549],[-118.431977151221,34.4821420151339],[-118.431988065133,34.4815027759799],[-118.431988272986,34.4814975148181],[-118.431993836997,34.4814974571525],[-118.431997370067,34.4813378739339],[-118.431994590761,34.4813378973481],[-118.431996602455,34.481287093533],[-118.431996123187,34.4812843194307],[-118.432031815045,34.4803803364441],[-118.432031933458,34.4803775611159],[-118.43207054545,34.4793997558515],[-118.432130883801,34.4778716761179],[-118.432259479368,34.4746139300976],[-118.432274162112,34.4742419752141],[-118.432274971309,34.4742254851587],[-118.432278726795,34.474130697582],[-118.432317358013,34.4731549850078],[-118.432391827497,34.4712730892046],[-118.43244735427,34.4709540319911],[-118.43244651121,34.4709539322205],[-118.432424966606,34.4709510131993],[-118.432439000797,34.4705812539153],[-118.432483440743,34.4694707082201],[-118.432484580937,34.4694418885553],[-118.432502799807,34.4689801095652],[-118.432509050304,34.4688217434642],[-118.432521063679,34.4685173937048],[-118.432534210676,34.4681846588293],[-118.432580950974,34.4670017686092],[-118.432580857215,34.4669805820838],[-118.432764205371,34.4669752711291],[-118.43390815635,34.4669421906868],[-118.433908195526,34.4669421887437],[-118.433908518697,34.466942166853],[-118.433927068343,34.4669416308346],[-118.433927783382,34.4669416102474],[-118.433928813684,34.466940677086],[-118.43399158212,34.4668838690049],[-118.434322022028,34.4665888665017],[-118.434330438281,34.4665813527799],[-118.434331482734,34.4665804213674],[-118.434593900828,34.4663462091976],[-118.434603315093,34.466362865515],[-118.434752788081,34.4666273268616],[-118.434906166681,34.4668987031879],[-118.434917318208,34.4669184635345],[-118.434917619245,34.4669189970631],[-118.434918903527,34.4669189681195],[-118.434922748715,34.4669188741036],[-118.435000224606,34.4669171224329],[-118.435017879115,34.4669167228825],[-118.435302870865,34.4669102801212],[-118.435670284918,34.4669017314694],[-118.436089620264,34.4668929392558],[-118.436837820838,34.4668761602748],[-118.437108542822,34.4668667508182],[-118.43723581233,34.4668656567947],[-118.437288108799,34.4668396386306],[-118.437305520298,34.4668319390304],[-118.437337229798,34.4668179186634],[-118.43735344021,34.4668463909781],[-118.437363782801,34.4668645574069],[-118.437367008974,34.4668645295531],[-118.437711739888,34.4668560817048],[-118.438056010541,34.4668487136703],[-118.43806076554,34.4668485874221],[-118.438074192725,34.4668482721032],[-118.438087532785,34.466847948082],[-118.438106180796,34.466847496715],[-118.438111977419,34.4668473567879],[-118.438122076333,34.4668471111763],[-118.43815552717,34.4668463016455],[-118.438385459036,34.4668407301657],[-118.43838973304,34.4668406272788],[-118.438391073901,34.4668405944879],[-118.43839186623,34.4668405753983],[-118.438397839118,34.466836908034],[-118.438398843824,34.4668362913642],[-118.438401154456,34.4668403768669],[-118.438403629843,34.466844743052],[-118.438410497861,34.4668568573488],[-118.438478196348,34.4669302642034],[-118.438703809573,34.4671749004309],[-118.438835986891,34.4673182193656],[-118.439062011644,34.4675632951893],[-118.439109681324,34.4676149859629],[-118.439110600925,34.4676159815314],[-118.439110720136,34.4676158819317],[-118.439174969197,34.4675613430704],[-118.439295402515,34.4674591136117],[-118.439325363425,34.4674336820744],[-118.439327673773,34.4674317200949],[-118.439327846072,34.4674315734232],[-118.439488431421,34.4672954379081],[-118.439490140335,34.4672939865665],[-118.439527439834,34.4672623682465],[-118.43952736113,34.4672623054244],[-118.439535231343,34.4672557660693],[-118.439537967562,34.4672534437344],[-118.439538013074,34.4672534048037],[-118.439542629449,34.467249490769],[-118.439548134436,34.4672448261471],[-118.439558589535,34.4672359595941],[-118.439559642855,34.4672350677718],[-118.439572829959,34.4672239059432],[-118.439607390157,34.4671946559232],[-118.439634967207,34.4671713154783],[-118.439758714816,34.4670665817167],[-118.439852124034,34.4669875233836],[-118.439990009802,34.466870460199],[-118.440062291774,34.4668090941985],[-118.440069193459,34.4668032335665],[-118.440080125345,34.4668030406665],[-118.440928126021,34.4667867102533],[-118.441338931138,34.4667787963583],[-118.442744607899,34.4667511183853],[-118.443507677815,34.4667360957734],[-118.443528013241,34.4667356987107],[-118.4500616664,34.4665897800444],[-118.450074528787,34.4665897052992],[-118.450074531516,34.4665896061207],[-118.450077019628,34.4665895698476],[-118.450075023892,34.4663406140935],[-118.450072029848,34.465967195781],[-118.450066175174,34.465294151641],[-118.450060231997,34.4646109601614],[-118.450051468933,34.4636034298702],[-118.450047401044,34.463135824395],[-118.450045581209,34.4629266263455],[-118.450040938033,34.4623928542003],[-118.450016794669,34.4596174761542],[-118.450015946812,34.4595200156476],[-118.450017199593,34.4593967824863],[-118.450028231434,34.4583119919732],[-118.450034206619,34.4577244048136],[-118.45003741431,34.4574167687442],[-118.450051789324,34.4560380465441],[-118.450052602957,34.4559600376055],[-118.450052914593,34.4559297008136],[-118.450072193771,34.4540543749765],[-118.450072324893,34.4540415853614],[-118.450089125025,34.4524056323628],[-118.450089126157,34.4524050364461],[-118.450091775907,34.4494842047626],[-118.450091752351,34.4492775042942],[-118.450383619316,34.4493114881831],[-118.4505128902,34.4493356958393],[-118.450647716054,34.4493682119815],[-118.450779367674,34.4494134216179],[-118.450964208001,34.4494900186186],[-118.451084054465,34.4495282146069],[-118.451172115137,34.449542997782],[-118.451225849761,34.4495520179373],[-118.451348496584,34.4495490573283],[-118.451486994197,34.4495224228864],[-118.451964145657,34.4494226103158],[-118.452330857929,34.4493468223471],[-118.452617883082,34.4492316153492],[-118.452830763457,34.4491428026856],[-118.452991156746,34.4490921121642],[-118.453174580468,34.4490667396923],[-118.45331534789,34.4490604891407],[-118.453447588926,34.4490746647505],[-118.453572272483,34.4491007218122],[-118.453656371815,34.4491232892],[-118.453835105261,34.4491712521727],[-118.453931043098,34.4491812690365],[-118.454263157021,34.4491768058552],[-118.45443944597,34.449189742648],[-118.454542488046,34.4491560811335],[-118.454703299766,34.449102882321],[-118.454733958353,34.4490980686408],[-118.454754652565,34.4490948185921],[-118.454816519436,34.4491139074464],[-118.454871152511,34.4491527029344],[-118.454975832593,34.4493397958101],[-118.455031569356,34.4494225953826],[-118.455094951652,34.4494817515193],[-118.455167028008,34.4495307048252],[-118.455267950532,34.449561784266],[-118.455348006516,34.449582118135],[-118.455395955907,34.4495920524754],[-118.455476993811,34.4496044707275],[-118.455699052765,34.449640134597],[-118.455851153613,34.4496524443646],[-118.456004898186,34.4496497201236],[-118.456166328166,34.4496305075209],[-118.456361409705,34.4496047284974],[-118.456759313751,34.4495466989206],[-118.457260017144,34.4494897132188],[-118.45743964558,34.4494811648831],[-118.457701376953,34.4494801778866],[-118.457855086817,34.4494710099822],[-118.457984515779,34.4494447602429],[-118.45808535238,34.449402875755],[-118.458166237985,34.449346037974],[-118.458303895591,34.4492453353256],[-118.458374513804,34.4492064270941],[-118.458482260295,34.4491645152688],[-118.458581462748,34.4491398107319],[-118.458798872628,34.4490903277514],[-118.458916980371,34.449047661445],[-118.458984971514,34.4490023222443],[-118.459087345838,34.4489260818154],[-118.459195256307,34.4488358871642],[-118.459261255767,34.4487678872129],[-118.459274534771,34.4487430222712],[-118.459275859644,34.4487397501029],[-118.459395256777,34.4484448873664],[-118.459478256827,34.448294887148],[-118.459589256837,34.4481368869986],[-118.459653256132,34.4479838871018],[-118.45969625682,34.4479068865815],[-118.459747256451,34.4478478872888],[-118.459896256526,34.4477358868998],[-118.460097256196,34.4475988870957],[-118.460308256476,34.4474648871808],[-118.460512256748,34.4472728872203],[-118.460766256376,34.4470198868726],[-118.461070256573,34.4466608867118],[-118.461360256625,34.4464158864239],[-118.461517476601,34.446320726746],[-118.461613995917,34.4462956963471],[-118.461744286767,34.446270155106],[-118.461860930807,34.4462761517019],[-118.4619613144,34.4463094021255],[-118.462140432844,34.4463659682527],[-118.462250119227,34.4463634029748],[-118.462552736778,34.4464159188476],[-118.462952755142,34.4464308525087],[-118.463385145273,34.4463647982451],[-118.463498012957,34.4463128445431],[-118.463737049737,34.4462711422319],[-118.463918010858,34.4461931665659],[-118.464112230958,34.4461695248781],[-118.464277675104,34.4460973327592],[-118.464268179272,34.4460756809195],[-118.464044481934,34.4455629757928],[-118.464043465606,34.4455606456114],[-118.463984515617,34.4454255338472],[-118.463963617143,34.4453776377913],[-118.46473522025,34.4449980261626],[-118.465468142965,34.4447738794923],[-118.466006915375,34.4446091045169],[-118.466054539998,34.4445945394361],[-118.466215556322,34.4445469374455],[-118.466218731437,34.4445395002193],[-118.466273539036,34.4444265538076],[-118.46631947228,34.4443317036912],[-118.466376843919,34.4442536267863],[-118.466624405913,34.4439167195592],[-118.466887850537,34.4440291712368],[-118.467026799302,34.4440777249471],[-118.467295828451,34.444171732319],[-118.467707849615,34.4442891480162],[-118.467855258043,34.4443018863221],[-118.467883207389,34.444304756309],[-118.468439003277,34.4443618181237],[-118.469405331835,34.444461024093],[-118.469657258048,34.4444868851157],[-118.469948257838,34.4445148859769],[-118.470317257252,34.444551885834],[-118.470781258516,34.4445608857985],[-118.47105025797,34.4445608857209],[-118.471189257456,34.4445608860144],[-118.471672258939,34.444505886472],[-118.472368258559,34.4443758858996],[-118.472666046185,34.444300760784],[-118.472997329274,34.4442171841095],[-118.473007339594,34.4442430299085],[-118.473017446797,34.4442694550149],[-118.47303929393,34.4443212251334],[-118.473061151021,34.4443730195503],[-118.473066197077,34.4443860504718],[-118.473126629164,34.4445142806216],[-118.473133338147,34.4445269498515],[-118.473158499673,34.4445776846848],[-118.473178615129,34.4446153867933],[-118.473223896928,34.4447035054579],[-118.473259078603,34.4447658787488],[-118.473265780327,34.4447782207432],[-118.473302624974,34.4448402314292],[-118.473334406763,34.4448885558449],[-118.473341108639,34.4449005381227],[-118.473382907276,34.4449604983031],[-118.473433064552,34.4450317473089],[-118.473441424059,34.4450433904473],[-118.473458146089,34.4450670147855],[-118.473511611697,34.4451365442466],[-118.473521623268,34.4451478266295],[-118.473529983114,34.4451591425039],[-118.473610085529,34.44524709447],[-118.473620101763,34.4452580441608],[-118.47365014072,34.4452908986755],[-118.473660148579,34.4453015220407],[-118.473691843202,34.4453336903257],[-118.473701859458,34.4453446400097],[-118.473711870436,34.4453552354109],[-118.473723534705,34.4453654970997],[-118.473735205475,34.4453757533528],[-118.47374521134,34.4453860224162],[-118.473790222389,34.4454263750882],[-118.473801883696,34.4454363041153],[-118.473813555735,34.4454462060534],[-118.473825219224,34.4454561350697],[-118.473836880386,34.4454660370481],[-118.473848550426,34.4454759687412],[-118.473860209701,34.4454855380588],[-118.473871879891,34.445495112742],[-118.473906868652,34.4455238260515],[-118.473918529043,34.4455333980638],[-118.473931854405,34.4455429671777],[-118.473968499892,34.4455709870299],[-118.473980156382,34.4455798711817],[-118.473993477843,34.4455887524342],[-118.474005136221,34.4455979674389],[-118.474018456569,34.4456068432839],[-118.474030114147,34.4456157256236],[-118.474068414696,34.4456423731567],[-118.474081731793,34.4456512490074],[-118.474093388312,34.4456601340498],[-118.474106711974,34.4456690152813],[-118.474131687007,34.4456864489045],[-118.474144998825,34.4456949686633],[-118.474158320302,34.4457038462916],[-118.474171633384,34.4457123957932],[-118.474183297676,34.4457209228879],[-118.474196610773,34.4457294741897],[-118.474209926162,34.4457376630647],[-118.474223241272,34.4457461846052],[-118.474236552318,34.4457543743958],[-118.474263182073,34.4457707602535],[-118.474276498563,34.445778949117],[-118.474303128333,34.4457953349659],[-118.474343065135,34.4458195824456],[-118.474371348308,34.4458352667335],[-118.474384663904,34.4458431039907],[-118.474397973102,34.4458509638098],[-118.474411292894,34.4458591544486],[-118.47442460088,34.4458669917312],[-118.474452884416,34.4458823523484],[-118.474466201096,34.4458901859863],[-118.474492820776,34.445905552199],[-118.474562687922,34.4459427070063],[-118.474590965418,34.4459573806467],[-118.474605935519,34.4459645163259],[-118.474619237603,34.445971693688],[-118.47463420914,34.4459785075108],[-118.474675789794,34.4459999681223],[-118.474733993438,34.4460275788512],[-118.47474895845,34.4460343899808],[-118.474792191806,34.4460548298611],[-118.474805502736,34.4460616447517],[-118.47484866099,34.4460816954435],[-118.474878662282,34.4460950225924],[-118.474921893292,34.4461140857945],[-118.474936854122,34.4461205399102],[-118.474951819586,34.4461266613402],[-118.474981742799,34.4461392675428],[-118.475011665083,34.4461515185375],[-118.475026622951,34.4461576417911],[-118.475054886818,34.446169899268],[-118.475129691896,34.4461998311657],[-118.475144654289,34.4462056000845],[-118.475174571463,34.446217519295],[-118.475189529345,34.4462236407255],[-118.475204493768,34.4462297639315],[-118.475219450725,34.4462355319609],[-118.475264335622,34.4462535752403],[-118.475309210874,34.4462712597307],[-118.475324173282,34.4462770268243],[-118.475354091708,34.4462885844709],[-118.475369054292,34.4462943813089],[-118.475413930686,34.4463120675593],[-118.475428891877,34.4463181907505],[-118.475533612194,34.4463600190098],[-118.475563532739,34.4463719372099],[-118.475578497222,34.4463780612713],[-118.475608417615,34.4463899506119],[-118.47562338023,34.446395746517],[-118.475683222006,34.4464198830736],[-118.475713140417,34.4464318012453],[-118.475743061948,34.4464436923515],[-118.475772981464,34.4464556105041],[-118.475787937424,34.4464613802706],[-118.475864390337,34.4464899295153],[-118.475879352015,34.4464953647793],[-118.47589430503,34.4465008072877],[-118.475909268737,34.4465065968426],[-118.475954133316,34.446522556504],[-118.475985706704,34.4465330878693],[-118.476047193249,34.4465534584009],[-118.476203356094,34.4466005772834],[-118.476234914224,34.4466093813061],[-118.476249867038,34.4466134489334],[-118.476266473763,34.4466178598617],[-118.476344543462,34.4466384960116],[-118.476361152524,34.4466425526153],[-118.476472427363,34.4466695917259],[-118.476489026942,34.4466733201911],[-118.476503978789,34.446677024473],[-118.476600290869,34.4466986282837],[-118.476616898185,34.4467019951863],[-118.476648449939,34.4467091006381],[-118.476744753966,34.4467296648981],[-118.476761363485,34.4467330344769],[-118.476807911638,34.4467424934638],[-118.476841065108,34.4467495628208],[-118.476922427544,34.4467657329864],[-118.476987177176,34.4467785281555],[-118.477002117538,34.4467815499606],[-118.477018724068,34.4467845841456],[-118.477050271793,34.446790974593],[-118.477066874807,34.4467943441557],[-118.477163175787,34.4468132014937],[-118.477196376795,34.4468192509327],[-118.477244530042,34.4468286818029],[-118.47755167217,34.4468848514197],[-118.477568268003,34.4468875312691],[-118.477618071612,34.44689591152],[-118.477633016623,34.4468985978588],[-118.477649611689,34.4469009531482],[-118.477943405982,34.4469427155286],[-118.477976598549,34.446946706587],[-118.47807616826,34.4469576637115],[-118.478092762777,34.4469589713607],[-118.478190663023,34.4469682004194],[-118.478207258371,34.4469698416171],[-118.4783400025,34.4469806668712],[-118.478356591589,34.4469819754074],[-118.478421309094,34.4469872159912],[-118.478437892875,34.4469881684316],[-118.478454488491,34.446989476027],[-118.478620392334,34.4469991235324],[-118.478636978467,34.4470001056869],[-118.478653572053,34.4470010589605],[-118.478786293668,34.447007760202],[-118.478836055385,34.4470099565017],[-118.478869238734,34.4470111967743],[-118.478917777949,34.44701161914],[-118.478933256824,34.4470077806178],[-118.47917683104,34.4469924818493],[-118.479456791883,34.4469619065764],[-118.479672953605,34.4469383966805],[-118.479843404993,34.4469198579275],[-118.480021105238,34.4468915275519],[-118.480283129784,34.4468352338651],[-118.480351956405,34.4468183849108],[-118.480407441465,34.4468015896438],[-118.480426003016,34.4467960176979],[-118.48044131418,34.4467914223588],[-118.480458098441,34.4467863839409],[-118.480473339351,34.4467818727185],[-118.480488223979,34.4467767219148],[-118.480503124647,34.446771522363],[-118.480519674804,34.4467666507458],[-118.480534576289,34.4467617820496],[-118.480551128623,34.446756911321],[-118.480566031199,34.4467520435182],[-118.480580928043,34.4467475029929],[-118.480597490029,34.4467429856208],[-118.480612386902,34.4467384505006],[-118.480628948878,34.4467339322228],[-118.480643854322,34.4467297513675],[-118.480660408411,34.4467255639793],[-118.480675313826,34.4467213786126],[-118.480691873112,34.44671752657],[-118.480708438079,34.4467133391321],[-118.480723339031,34.4467095125874],[-118.480739901828,34.4467053269569],[-118.480754802626,34.4467014742646],[-118.480771364322,34.4466972868311],[-118.480786271813,34.4466934629573],[-118.480802828064,34.4466892755411],[-118.480819394904,34.4466854144357],[-118.48083429382,34.446681237189],[-118.480850858642,34.4466774040348],[-118.480865759472,34.4466735585409],[-118.480882325378,34.4466697253781],[-118.480898887889,34.4466658696882],[-118.480913788844,34.4466620467263],[-118.480930354585,34.4466581856101],[-118.480945258527,34.446654691692],[-118.480961824442,34.4466508612229],[-118.480978384643,34.4466473607355],[-118.480994955476,34.4466441937711],[-118.4810098669,34.4466410541181],[-118.481026426817,34.4466378817834],[-118.481042997522,34.4466350700171],[-118.48105956594,34.4466326161664],[-118.481076139605,34.4466301289358],[-118.481091050385,34.4466280089097],[-118.481107624226,34.4466255523263],[-118.481124199977,34.4466234265959],[-118.481140765923,34.446621299099],[-118.481157339626,34.4466188190694],[-118.481173908804,34.4466166861459],[-118.481190482671,34.4466142349603],[-118.48120538948,34.4466114288689],[-118.481221961251,34.4466086152708],[-118.481238527667,34.4466054401767],[-118.481255088958,34.4466019432532],[-118.481270000369,34.4465988044698],[-118.481286562724,34.4465953039317],[-118.481303129425,34.4465918024725],[-118.481319699126,34.446588631862],[-118.481334599774,34.446585137909],[-118.481351167569,34.446581638242],[-118.481367727736,34.4465781367999],[-118.481382639155,34.4465750007072],[-118.481399201495,34.4465714992521],[-118.481415768207,34.4465680013836],[-118.481430671024,34.4465645074103],[-118.48144723663,34.4465610068373],[-118.481463804385,34.4465575017458],[-118.481478704077,34.4465536561808],[-118.481495272938,34.4465501546868],[-118.481511835274,34.4465466541179],[-118.481526743508,34.4465431574066],[-118.48154330286,34.4465393295886],[-118.481559870633,34.4465358289915],[-118.481574774638,34.4465319779885],[-118.481591334795,34.4465284783188],[-118.481607901728,34.4465246450527],[-118.481622804529,34.4465211510558],[-118.481639370225,34.4465172925473],[-118.48165593066,34.4465134656111],[-118.481670836812,34.4465096109815],[-118.481687404589,34.4465061130716],[-118.481702305459,34.4465022864066],[-118.481718868992,34.4464984315019],[-118.481735425142,34.4464942412538],[-118.481750332568,34.4464904199661],[-118.4817668928,34.4464865596588],[-118.481781800208,34.4464827356627],[-118.481798362896,34.4464785480846],[-118.481814922067,34.4464746931842],[-118.481829827373,34.446470506774],[-118.481846383448,34.4464666816321],[-118.481861286696,34.446462140022],[-118.481877842031,34.4464576234025],[-118.481892743387,34.4464527554409],[-118.48190764121,34.4464482174528],[-118.48192419911,34.4464430165529],[-118.481939099336,34.4464381422793],[-118.481953993209,34.4464329227418],[-118.481970546713,34.4464277155422],[-118.481985442638,34.4464228511969],[-118.482000341899,34.4464176235186],[-118.482016893231,34.4464124181243],[-118.48203179252,34.4464071958511],[-118.48204668621,34.4464023224918],[-118.482063245996,34.446397450625],[-118.482078141884,34.4463925817607],[-118.482093045289,34.4463880716751],[-118.482109605767,34.4463838840632],[-118.482126162978,34.446379696462],[-118.482141071188,34.4463762050842],[-118.482157635357,34.4463730316763],[-118.482174205153,34.4463698906989],[-118.482190770283,34.4463670715853],[-118.482205683554,34.4463642671481],[-118.482222255247,34.4463614543147],[-118.482238819061,34.4463589723734],[-118.482255390742,34.4463561577326],[-118.482271959059,34.4463537019132],[-118.482288531544,34.4463512145213],[-118.482303440353,34.4463487679986],[-118.482320013925,34.4463462805981],[-118.482336587413,34.4463441547106],[-118.482353154626,34.4463416970814],[-118.482369730284,34.4463395702792],[-118.482386298329,34.4463374444066],[-118.48240287398,34.4463353166983],[-118.482417791207,34.4463331973847],[-118.482434354994,34.4463307127121],[-118.482450930653,34.4463285868003],[-118.482467498969,34.4463261327573],[-118.482484072537,34.4463236462359],[-118.482500637667,34.446320830686],[-118.482517211411,34.4463183748115],[-118.482532121387,34.4463155685441],[-118.482548685432,34.4463127538934],[-118.482565258191,34.446309941009],[-118.482581822239,34.4463071272554],[-118.482598395007,34.4463043161694],[-118.482613299618,34.4463011483984],[-118.482629871285,34.4462983355094],[-118.482646441018,34.4462951890585],[-118.482663000845,34.4462920237125],[-118.482677910084,34.4462885286584],[-118.482694470142,34.4462850279366],[-118.48271103989,34.4462818850829],[-118.482725943679,34.4462783891431],[-118.48274251136,34.4462748901875],[-118.482759075734,34.4462713840305],[-118.48277398038,34.4462682243533],[-118.482790550101,34.4462650778827],[-118.482807116314,34.4462622649912],[-118.482823684783,34.4462590905734],[-118.482840256444,34.4462562794588],[-118.482855164222,34.4462534731603],[-118.482871729616,34.4462503321049],[-118.482888294714,34.4462475156007],[-118.482904867439,34.4462447008668],[-118.482921431467,34.4462418879683],[-118.482936344681,34.4462390816382],[-118.482952916324,34.4462362687051],[-118.48296948005,34.4462337794518],[-118.482986051707,34.4462309692188],[-118.483002619982,34.4462285142011],[-118.483017535084,34.4462260342086],[-118.48303410117,34.4462235773923],[-118.483050677881,34.4462214513943],[-118.483067250222,34.4462193227067],[-118.48308382016,34.4462175302986],[-118.483098620005,34.4462156304411],[-118.483116966914,34.4462136308127],[-118.483133547601,34.4462121908547],[-118.483150127215,34.4462107536031],[-118.483166699194,34.4462093136751],[-118.48318327661,34.4462078728216],[-118.483199848594,34.4462064337906],[-118.483216431171,34.4462053201687],[-118.483231345812,34.4462038877338],[-118.483247927489,34.4462028065664],[-118.483264508982,34.4462016938438],[-118.483281078782,34.4462002539089],[-118.483297660436,34.4461991691286],[-118.48331423544,34.4461980636374],[-118.483330815032,34.4461966236566],[-118.483347394629,34.446195184575],[-118.483363964421,34.4461937437273],[-118.483380544011,34.4461923037397],[-118.483397119133,34.4461912189719],[-118.483413698722,34.4461897789798],[-118.483430270694,34.4461883390158],[-118.483446852176,34.4461872253667],[-118.483463431769,34.4461857862694],[-118.483480004754,34.446184708711],[-118.483496584341,34.4461832687076],[-118.48351315848,34.4461818278221],[-118.483529736983,34.4461803887199],[-118.483546316567,34.4461789487097],[-118.483567539572,34.4461771214639],[-118.483579492081,34.4461764472614],[-118.48359613416,34.4461756497888],[-118.483611128022,34.446174931006],[-118.483929925463,34.446159658204],[-118.484577820696,34.4461299569592],[-118.485304522735,34.4461433224774],[-118.485874245874,34.4461790032623],[-118.486025695612,34.4461827727385],[-118.48604142614,34.4461831640986],[-118.486437297219,34.4461930172202],[-118.486934983768,34.4462235581807],[-118.48723629027,34.446254888564],[-118.487350702477,34.4462657811806],[-118.487365786494,34.4462668952914],[-118.487379544324,34.4462677009937],[-118.487398487144,34.4462710326992],[-118.487413467606,34.4462750916294],[-118.487428391166,34.4462798404596],[-118.48744503301,34.446284582385],[-118.487459958766,34.4462893339071],[-118.487476600609,34.4462940749267],[-118.487491524171,34.4462988228477],[-118.487506478204,34.4463035706443],[-118.487523123322,34.4463083125459],[-118.487542377425,34.446314437733],[-118.487553029253,34.4463178135474],[-118.487569611234,34.4463225511887],[-118.487584595757,34.4463273006563],[-118.487601178841,34.4463320400919],[-118.487616162305,34.4463367940676],[-118.487631086975,34.4463415428685],[-118.487647698353,34.4463462812825],[-118.487662649149,34.4463510308761],[-118.487677606456,34.4463557768355],[-118.487694252715,34.4463605241183],[-118.487709174129,34.4463652729227],[-118.487725815986,34.4463700112035],[-118.487740740674,34.4463747608924],[-118.487755724106,34.4463795067373],[-118.48777230617,34.4463842542674],[-118.487787291792,34.4463890019026],[-118.487802212114,34.4463937479954],[-118.487818827891,34.446398490876],[-118.487833814596,34.446403236698],[-118.487848738134,34.4464083451888],[-118.487865381116,34.4464130870521],[-118.487880304743,34.4464178385312],[-118.487895291212,34.446422914308],[-118.487912705161,34.446427925328],[-118.487926856738,34.4464324067412],[-118.487941783525,34.4464375106998],[-118.487958396065,34.4464422553775],[-118.487973385792,34.4464473284269],[-118.487988308258,34.4464524369049],[-118.488004950169,34.4464571787534],[-118.488019876817,34.4464622574601],[-118.48803486241,34.4464673665799],[-118.488049790113,34.4464724389679],[-118.48806643414,34.4464775405115],[-118.488081359707,34.446482619215],[-118.488096346396,34.4464877283228],[-118.488111275973,34.4464934903691],[-118.488126268621,34.4464996154779],[-118.488141202382,34.446506090617],[-118.488156171867,34.4465129045871],[-118.488169476347,34.4465197180421],[-118.488184442551,34.4465265284158],[-118.488199405498,34.4465333397023],[-118.488214372857,34.4465397894542],[-118.488229366835,34.446545581879],[-118.488244293188,34.4465513475281],[-118.488259281813,34.4465567829634],[-118.488274208669,34.4465618913886],[-118.488289197287,34.4465673250171],[-118.488304122894,34.4465724054962],[-118.488320766909,34.4465774988913],[-118.488335693619,34.446582581165],[-118.488350677117,34.4465873260348],[-118.488367295069,34.4465924276422],[-118.488382218514,34.4465975090219],[-118.488397203117,34.4466022556846],[-118.488413787339,34.4466073574214],[-118.488428770846,34.4466121022815],[-118.488443697564,34.4466171836404],[-118.488460342689,34.4466222779135],[-118.488475268323,34.4466273592729],[-118.488490255056,34.4466324674306],[-118.488505178721,34.4466372125223],[-118.488521822655,34.4466422878595],[-118.488536783261,34.446647393412],[-118.488551708866,34.4466524684515],[-118.488568350778,34.4466575690334],[-118.488583278503,34.446663004674],[-118.488591851398,34.4466661128996],[-118.488664212577,34.4465388521743],[-118.488706834647,34.4464652568904],[-118.488823187102,34.4462610081884],[-118.488835939472,34.4462386510612],[-118.488848692903,34.4462162903222],[-118.488914960413,34.4460999868923],[-118.488943855591,34.4460492754735],[-118.489159640852,34.4456705584442],[-118.489247331384,34.4455166529242],[-118.489437353202,34.4451828707387],[-118.489444805715,34.4451697891691],[-118.489537352944,34.4450069882362],[-118.493733995641,34.4433743665564],[-118.494031274394,34.4430206304115],[-118.494097685075,34.4429414739268],[-118.494236685666,34.4427757890712],[-118.494666584598,34.4422633566605],[-118.494789259389,34.4421171297201],[-118.494819548754,34.442081025054],[-118.494985591967,34.4418831019457],[-118.495161525445,34.4416733885422],[-118.495261063629,34.4415547397138],[-118.495323374655,34.4414804639553],[-118.495454289242,34.4413244093165],[-118.495551455943,34.4412085827154],[-118.495568231868,34.4411885866759],[-118.495569139513,34.4411875083395],[-118.497960545841,34.4383424182663],[-118.498309378975,34.4379273861804],[-118.498311815233,34.4379244669211],[-118.5013860759,34.4342701600267],[-118.500644522316,34.4342662707896],[-118.500649081011,34.4340220369301],[-118.500658017877,34.4335431911263],[-118.501055670185,34.433068061303],[-118.501361807983,34.4327042675414],[-118.502534212621,34.4313110278252],[-118.502534464042,34.4312717306594],[-118.502538631711,34.4306112837183],[-118.502539966021,34.4302321275469],[-118.50261025277,34.4302197278331],[-118.503285702291,34.4300451849246],[-118.503843827357,34.4298229358126],[-118.504514620529,34.4295200807987],[-118.504990757108,34.4292528155821],[-118.503723947571,34.4280220537855],[-118.503130373695,34.4274459728819],[-118.502544352745,34.4268772089175],[-118.502544165461,34.4267841378576],[-118.502543586298,34.4264923176713],[-118.502543612433,34.4264656339102],[-118.502543941349,34.4261205553412],[-118.502544227604,34.4258214210039],[-118.502544727969,34.4252964880355],[-118.502544527439,34.4252096962173],[-118.502544502178,34.4251979357882],[-118.502544356298,34.425128316196],[-118.502544262374,34.4250896677475],[-118.502543317448,34.4246944861649],[-118.502543311163,34.4244043882035],[-118.502543307807,34.424241181389],[-118.502543305738,34.4241263338499],[-118.50254334114,34.423472583195]]]},"properties":{"OBJECTID":3329,"DISTRICT_NAME":"WM S HART UNION HIGH","LABEL":"WM S HART UNION HIGH TA5","TRUSTEE_AREA":"5","DISTRICT_TYPE":"High School District","Shape__Area":2198656678.7529297,"Shape__Length":256682.8840115791}},{"type":"Feature","id":3345,"geometry":{"type":"Polygon","coordinates":[[[-118.623401287603,34.3211810466533],[-118.627777003832,34.3211727671401],[-118.631305226982,34.321165974728],[-118.632151889933,34.3211643077665],[-118.635751838128,34.3211610450971],[-118.643116680893,34.3211532953944],[-118.64316667812,34.321260241111],[-118.643807298057,34.3217906790456],[-118.643974924164,34.3218742297982],[-118.644168328639,34.3219003949851],[-118.645097818882,34.3218625310344],[-118.645918696763,34.3220556638404],[-118.646568613981,34.3220021052553],[-118.647098009312,34.3221116287555],[-118.647327327584,34.3220975223775],[-118.647843007636,34.3223065854842],[-118.647843307807,34.3223452260207],[-118.648028656455,34.3224444201493],[-118.648027208975,34.3224802076194],[-118.648136081747,34.3225053869499],[-118.648281917893,34.3226255438989],[-118.648889617735,34.3231318021441],[-118.649966973568,34.3234723792245],[-118.650033671545,34.3236194361814],[-118.650042435327,34.3236372794763],[-118.650254646681,34.3238622714298],[-118.65031207381,34.3239263679719],[-118.650232784501,34.3241557867066],[-118.650155533317,34.3242041474077],[-118.650069663213,34.3242532692328],[-118.649768296927,34.3243200064858],[-118.64955130373,34.3243669686885],[-118.649319366432,34.3244884333665],[-118.649184361411,34.3246523144558],[-118.649018639131,34.324637459506],[-118.648974005291,34.3246656069121],[-118.648608149676,34.3248693667404],[-118.648544536608,34.3248968997622],[-118.647939368356,34.325162049056],[-118.647857707579,34.3253091846919],[-118.647597647908,34.3258086368545],[-118.647261554223,34.3260694817543],[-118.647308484895,34.3261150296459],[-118.647309277542,34.3262938627129],[-118.647369276799,34.3262688622716],[-118.647478276687,34.3261758621617],[-118.647653396572,34.3259259123945],[-118.647659773136,34.3259168123444],[-118.647705278462,34.3258518622991],[-118.647875837845,34.3256520545188],[-118.648063228872,34.3254325261614],[-118.648154277634,34.3253258629304],[-118.648235235549,34.325251512801],[-118.648252276692,34.3252358627115],[-118.648278277343,34.3251968632767],[-118.648291277438,34.3251208626602],[-118.648283277589,34.3250568631213],[-118.648535277482,34.3250408624928],[-118.648764277651,34.3250098628403],[-118.64883015975,34.3249925338912],[-118.649186277438,34.3248988630875],[-118.649292277322,34.3248528615595],[-118.649432278718,34.3247468635917],[-118.649602277629,34.3246328620597],[-118.649740829914,34.3245858814125],[-118.649776278645,34.3245738620898],[-118.650039277543,34.3245258620003],[-118.650157278614,34.3244798620329],[-118.650282277439,34.3243988614622],[-118.650328599828,34.3243454133844],[-118.650360278707,34.324308862272],[-118.650433277582,34.3241268634841],[-118.650450062459,34.3239903899099],[-118.650456277352,34.323939861747],[-118.650509276604,34.3238788624467],[-118.650688277616,34.3238438632636],[-118.650794761289,34.3238499672794],[-118.65100227887,34.3238618617258],[-118.651147276797,34.3238348618919],[-118.651313277012,34.3237688616093],[-118.651438278466,34.3236688623994],[-118.65148527693,34.3235418619532],[-118.651482278207,34.3233958615656],[-118.651421277631,34.3232218626496],[-118.651424277626,34.3231518620541],[-118.651461277949,34.3231108626461],[-118.651572278799,34.3230988620406],[-118.651661278147,34.3231428621307],[-118.651862119504,34.323348070276],[-118.651891277684,34.32337786191],[-118.651999277229,34.3234208624771],[-118.6520432773,34.3234248620513],[-118.652093277988,34.3234398624567],[-118.652152278275,34.3234498612932],[-118.652191277898,34.3234448623334],[-118.652279277781,34.323400862743],[-118.652295231293,34.3233973176095],[-118.652297278231,34.3233968630269],[-118.652306077796,34.3233939379077],[-118.657364254604,34.3337102054227],[-118.663396088988,34.3460094898867],[-118.664016117119,34.3472734938084],[-118.666227032822,34.3517791956432],[-118.670584198342,34.360657278516],[-118.673610067258,34.3668215163011],[-118.677853512942,34.375464534868],[-118.69138967823,34.4031029531798],[-118.691436965577,34.4030963024217],[-118.691437000987,34.4030963752451],[-118.691449374495,34.4031215398978],[-118.691455053457,34.4031330923969],[-118.69146009847,34.4031433547904],[-118.691468055458,34.403159543578],[-118.691498607727,34.4032216951169],[-118.691643239151,34.4035160602561],[-118.6916488651,34.4035275093706],[-118.691843094929,34.4039228143787],[-118.691843733316,34.4039241134721],[-118.692032432983,34.4043081605558],[-118.692041908229,34.4043274446682],[-118.692107272508,34.4044604753581],[-118.692211264988,34.4046720987698],[-118.692229009629,34.4047082090198],[-118.692405535221,34.4050674342044],[-118.692414789332,34.4050862651707],[-118.692584378091,34.405431370907],[-118.692602463834,34.4054681742472],[-118.692737605103,34.4057431783732],[-118.692770074645,34.4058076725804],[-118.69277974719,34.4058270970512],[-118.692811677971,34.4058919351098],[-118.692837418731,34.4059450198957],[-118.692868132659,34.4060076606091],[-118.692900573714,34.406073936401],[-118.692915061848,34.4061035830345],[-118.692932950445,34.4061401882102],[-118.692954439389,34.4061839815806],[-118.69296806568,34.406211748899],[-118.692973511665,34.4062228338542],[-118.692984352715,34.4062448967706],[-118.692991492668,34.4062594267731],[-118.693019505672,34.4063164049393],[-118.693045602118,34.4063694578976],[-118.693479105609,34.4072508185525],[-118.693659907604,34.4076184730738],[-118.693699618801,34.4076991877165],[-118.693747660702,34.4077968335248],[-118.693804353588,34.4079121145678],[-118.694152970425,34.4086199896134],[-118.694436385279,34.4091975460815],[-118.69445401675,34.4092334195483],[-118.694646573996,34.4096251856807],[-118.695206423106,34.4107642033932],[-118.695301693979,34.4109579396874],[-118.695426343743,34.4112114188458],[-118.696230461132,34.4128465775395],[-118.696291892932,34.4129714948015],[-118.697064516528,34.4145425394831],[-118.69719580377,34.4148094919654],[-118.697795085712,34.4160280092907],[-118.697948938749,34.4163407991967],[-118.697979349974,34.4164026190528],[-118.698067115462,34.4165810259025],[-118.69891196131,34.4182983707872],[-118.698969668902,34.4184156711548],[-118.699839934391,34.420184600161],[-118.699902531179,34.4203118330647],[-118.700187548426,34.4208911474412],[-118.70018874715,34.4208935873189],[-118.700567470977,34.42166378162],[-118.701333179448,34.4232209273527],[-118.701360224375,34.4232759257931],[-118.701868606412,34.424309735779],[-118.702164115392,34.4249103740029],[-118.702207909191,34.4249993889183],[-118.702711593623,34.4260231297583],[-118.703010222113,34.4266303453698],[-118.703044649551,34.4267003474599],[-118.703434769622,34.427493581523],[-118.703635839257,34.4279024873653],[-118.703864180612,34.4283665958958],[-118.703890954137,34.428421012047],[-118.704255890263,34.4291627391084],[-118.704702392426,34.4300702706729],[-118.704740250051,34.4301472186043],[-118.705394035494,34.4314760186723],[-118.705569696912,34.4318329686924],[-118.705586490798,34.4318670928102],[-118.706412130041,34.4335447724188],[-118.706441513127,34.4336044793131],[-118.706526121836,34.4337763973852],[-118.70708722043,34.4349164863365],[-118.707132418034,34.4350094040042],[-118.707143286057,34.4350317089181],[-118.707485980751,34.4357281306053],[-118.70758714936,34.4359337223818],[-118.708415435103,34.4376168948962],[-118.708531714953,34.4378531836424],[-118.708884238002,34.4385695231438],[-118.709044285847,34.4388948763304],[-118.709386167062,34.4395897864134],[-118.709438681365,34.4396965253167],[-118.710386096993,34.4416221743369],[-118.710420494718,34.4416920852557],[-118.710692281194,34.4422444808926],[-118.711222751481,34.4433213036596],[-118.711356587047,34.4435932529149],[-118.711427617075,34.4437375814408],[-118.712336607076,34.4455845525562],[-118.712390998201,34.4456950665561],[-118.712508729486,34.4459342774986],[-118.712508839138,34.4459345013395],[-118.713087168181,34.4471098235817],[-118.713290264684,34.4475225745522],[-118.713369432302,34.4476834668854],[-118.713875571693,34.4487120648794],[-118.713994407456,34.4489535641174],[-118.714306332343,34.4495874559],[-118.714628826884,34.450242612496],[-118.714628907742,34.4502427770026],[-118.714628961853,34.4502442633328],[-118.714757504242,34.4505040204564],[-118.714811662498,34.450614041596],[-118.714816807409,34.4506244935587],[-118.7149028389,34.4507992643194],[-118.714910003039,34.4508138181341],[-118.71500126296,34.4509992106835],[-118.715005656943,34.45100813714],[-118.715089027572,34.4511775006507],[-118.715093630925,34.4511868532027],[-118.715103887653,34.4512076887815],[-118.715148494545,34.4512983070986],[-118.715422887912,34.4518557200088],[-118.71544447725,34.451899577325],[-118.715785261888,34.4525918460156],[-118.715831322424,34.4526854134775],[-118.716120720879,34.4532732860609],[-118.716157989112,34.4533489726439],[-118.716193369897,34.4534208252638],[-118.716537256029,34.4541191968301],[-118.716567206356,34.4541800203451],[-118.716922830752,34.454902216062],[-118.716940581057,34.4549382622638],[-118.717079662992,34.4552207051535],[-118.717304380357,34.4556770285521],[-118.717321467433,34.4557117253987],[-118.717696527245,34.4564733295097],[-118.717714547417,34.4565099230432],[-118.717878332486,34.4568425017024],[-118.718044868654,34.4571813232912],[-118.718085969083,34.4572648021023],[-118.718103081268,34.4572995581921],[-118.718482160828,34.4580694979153],[-118.718496072848,34.458097753822],[-118.718859539106,34.4588359665642],[-118.718890009186,34.4588978502491],[-118.719217214352,34.4595624013908],[-118.719268025353,34.4596655985475],[-118.719596624727,34.460332967646],[-118.719629655113,34.4604000486977],[-118.719639444386,34.4604199319277],[-118.720135818812,34.4614281479698],[-118.720606450563,34.4623841035033],[-118.720687600652,34.4625489361618],[-118.721463500622,34.4641248979144],[-118.721870276224,34.4649511000001],[-118.721890771044,34.4649927250416],[-118.72290820346,34.467059151553],[-118.722910119314,34.4670630438313],[-118.723098564759,34.4674452022633],[-118.723131975661,34.4675129571518],[-118.723161668737,34.4675732549665],[-118.723319252125,34.4678932641208],[-118.723543860906,34.4683493755328],[-118.723571355004,34.4684052065793],[-118.723847880463,34.4689667374854],[-118.723902541525,34.4690777351433],[-118.723918379821,34.4691098961498],[-118.723949659775,34.4691734163444],[-118.724306187718,34.4698973871568],[-118.724368029649,34.4700229639071],[-118.72440234769,34.470092649549],[-118.724494108757,34.4702789776682],[-118.724504247216,34.4702995661328],[-118.725084298987,34.4714773883624],[-118.72509387146,34.4714968270829],[-118.72563741995,34.4726004944902],[-118.725701083348,34.472729758707],[-118.726217675573,34.4737786607619],[-118.726428345491,34.474206401967],[-118.726491335317,34.4743342940413],[-118.726520368312,34.474393241763],[-118.726578650537,34.4745115758449],[-118.728628394144,34.478673060011],[-118.728778263097,34.4789773123908],[-118.72881070539,34.4790431746749],[-118.731280731638,34.4840571523243],[-118.731467128018,34.484435497414],[-118.734207434237,34.489997299122],[-118.734356735242,34.490300301173],[-118.735419114702,34.4924563019292],[-118.737041926919,34.4957490964468],[-118.737285606757,34.496243513747],[-118.738314412421,34.4983308554898],[-118.738756822901,34.4992292608657],[-118.738767772231,34.4992514623703],[-118.739342442872,34.5004170509123],[-118.739828048439,34.5014024875831],[-118.740066812166,34.5018870023172],[-118.74114644647,34.5040777822144],[-118.742913105152,34.507661048831],[-118.742985889223,34.5078086675496],[-118.744712982328,34.5113113481214],[-118.745827709999,34.5135725337434],[-118.746007469905,34.5139371566795],[-118.746053110396,34.5140297343088],[-118.748272578156,34.5185311115456],[-118.748792291472,34.5195848894393],[-118.748871023176,34.5197445242541],[-118.751826081481,34.5257356667719],[-118.751893722522,34.5258728585516],[-118.754562188498,34.5312847285556],[-118.754748850959,34.5316632658265],[-118.754792348773,34.5317514277807],[-118.755425519765,34.5330347428138],[-118.757380769225,34.536997870431],[-118.757520140597,34.5372803486861],[-118.758603741796,34.5394765230437],[-118.758913648947,34.5401044898293],[-118.760117959684,34.542544804563],[-118.760399842543,34.5431159645436],[-118.762450988903,34.5472718168398],[-118.762803691298,34.5479871347663],[-118.763170161396,34.5487303625234],[-118.763382882053,34.5491617702296],[-118.764249415464,34.5509170677031],[-118.764952396879,34.5523419643696],[-118.765415560368,34.5532801368294],[-118.765756577382,34.5539708751603],[-118.765814341268,34.5540878763432],[-118.766047209468,34.5545595476526],[-118.767845504986,34.5582032622964],[-118.76832701195,34.5591787070679],[-118.768327571654,34.5591798412725],[-118.770358102273,34.563293159212],[-118.770564516848,34.5637112756825],[-118.773007301924,34.5686590703324],[-118.773265870021,34.5691827569424],[-118.775599958121,34.5739097261042],[-118.775871290115,34.574459190779],[-118.776045076381,34.5748111122259],[-118.778913016422,34.5806183287891],[-118.778944432536,34.5806819365646],[-118.781349509407,34.5855511348959],[-118.7817279686,34.5863172873413],[-118.782820690679,34.5885293094503],[-118.784059550546,34.5910370770154],[-118.784090076544,34.5910988653657],[-118.784303918777,34.5915317107249],[-118.784865688085,34.5926687792639],[-118.784887522906,34.5927129732151],[-118.785583959003,34.5941225691785],[-118.785585738449,34.5941261719443],[-118.785641250008,34.5942385279626],[-118.786395005867,34.5957640777576],[-118.786521700093,34.5960204920717],[-118.786523121691,34.5960233677947],[-118.786597782579,34.5961744728751],[-118.787074067607,34.5971384001633],[-118.787522183454,34.5980452928513],[-118.787528275913,34.5980576242826],[-118.787779118059,34.5985652658963],[-118.788531680716,34.6000882288042],[-118.788729345081,34.6004882343851],[-118.789529070439,34.6021065561494],[-118.789579219941,34.6022080356525],[-118.789719489598,34.6024918787241],[-118.789745082603,34.6025436662641],[-118.790409561578,34.6038882334163],[-118.790763048225,34.60460349342],[-118.79079586547,34.6046698963455],[-118.790991223607,34.6050651846104],[-118.791984981535,34.6070758961209],[-118.792025332053,34.6071575351936],[-118.793215091923,34.6095646814674],[-118.793275438463,34.6096867705342],[-118.794477951247,34.612119558044],[-118.794500645795,34.6121654674512],[-118.795722908269,34.6146380486866],[-118.795759716638,34.6147125082007],[-118.796803572192,34.6168240463365],[-118.796803618889,34.6168241397903],[-118.796800007404,34.6168241625569],[-118.793217982547,34.616900688958],[-118.784649445401,34.6170833298607],[-118.775461838629,34.6172799728242],[-118.766273346113,34.6174745691128],[-118.756734663261,34.617598237822],[-118.74719517488,34.6177211918184],[-118.744566941798,34.6177547959372],[-118.744107379953,34.6177613858911],[-118.744097874642,34.617760352308],[-118.741556146818,34.6177927470392],[-118.738274682627,34.617834505911],[-118.729354990648,34.6179485453288],[-118.729340883231,34.6179485875827],[-118.729325912082,34.6179487477077],[-118.724949932054,34.6179946997031],[-118.720534733264,34.6180409222307],[-118.717141820531,34.6180763151781],[-118.715584642638,34.6180924334722],[-118.714110173421,34.6181076782467],[-118.711678229428,34.6181329840243],[-118.707360915159,34.6181137173053],[-118.706999000656,34.6181121125271],[-118.705359781968,34.6181047341115],[-118.704203304818,34.6180995393715],[-118.703434169323,34.6180960780336],[-118.702665913269,34.6180930503009],[-118.702560932881,34.618092636428],[-118.701850103274,34.6180898162212],[-118.70134947661,34.6180871822887],[-118.699688921302,34.6180798775465],[-118.699212556261,34.6180769852079],[-118.695920393642,34.6180619919612],[-118.695190116829,34.6180586410066],[-118.694113293206,34.6180549277876],[-118.688889378952,34.6180648514605],[-118.687913761872,34.6180666799332],[-118.687192196235,34.6180680277904],[-118.68433653375,34.6180509796773],[-118.68180245613,34.6180357957327],[-118.678464300569,34.6180157113918],[-118.67839455664,34.6180152918832],[-118.669588143896,34.6179618641041],[-118.66645616784,34.6179058607823],[-118.660713008255,34.6178029538335],[-118.660695523402,34.6178026918431],[-118.656581886273,34.6177490988283],[-118.651940301634,34.6176884603829],[-118.64642471462,34.617616178103],[-118.643239885937,34.6175743264835],[-118.643166754749,34.6175733664792],[-118.64308167369,34.6175737759486],[-118.63423679256,34.6176159901009],[-118.632346607977,34.6176249293672],[-118.627297805245,34.6176486585031],[-118.625358555487,34.6176577179173],[-118.625305957654,34.6176579631946],[-118.625304360002,34.6176579515776],[-118.625295698903,34.6176578924455],[-118.625269983883,34.6176577172717],[-118.621022379633,34.6176286734997],[-118.617349077543,34.6176034363001],[-118.6110813971,34.6175601191853],[-118.606735020604,34.6175298899184],[-118.596481431798,34.6174579737799],[-118.592121220586,34.6174271295572],[-118.592072782171,34.6174267857643],[-118.591643132158,34.6174237385571],[-118.589251209636,34.6174067418003],[-118.571836125793,34.6172816634935],[-118.560955714202,34.6172022263084],[-118.560955576069,34.6172013100976],[-118.560496202394,34.6171988633368],[-118.554158901764,34.6171521262351],[-118.536866379092,34.6170229927423],[-118.518958121644,34.6168866922581],[-118.518958113623,34.616885582521],[-118.51895652927,34.6166320565611],[-118.518872260425,34.6031570751468],[-118.518867746737,34.6024787687349],[-118.518867742911,34.6024781557165],[-118.518867716668,34.6024770956389],[-118.500465676774,34.6023219180863],[-118.499378606532,34.6023126683653],[-118.489413039295,34.6022274135955],[-118.489001458474,34.6022238744631],[-118.488346795776,34.6022182437249],[-118.483418368497,34.6021757357681],[-118.483264926215,34.6021744084972],[-118.481817600415,34.6021618879258],[-118.481426163019,34.6021584993391],[-118.479692474551,34.6021434739222],[-118.465216823325,34.6020170496676],[-118.465216806406,34.6020140269377],[-118.447899690962,34.60201153361],[-118.447832180137,34.6020115190922],[-118.447487180531,34.6020114435981],[-118.447300406874,34.6020114034646],[-118.447205756959,34.6020113820771],[-118.446749952866,34.6020112811421],[-118.446683488701,34.6020112657458],[-118.446617025627,34.6020112503092],[-118.446299618668,34.6020111782497],[-118.446129009407,34.6020111400765],[-118.445214228525,34.6020109265198],[-118.441914693587,34.6020100986436],[-118.4378540094,34.6020089573548],[-118.436399636989,34.6020085156643],[-118.433907070284,34.6020077180212],[-118.43282871358,34.6020073567441],[-118.430119349359,34.6020064075331],[-118.430115395278,34.6020064720085],[-118.428728952668,34.602027778156],[-118.428420654815,34.6020325108098],[-118.424737676972,34.6020889754216],[-118.423626483107,34.602105989735],[-118.419821197027,34.6021641784657],[-118.415580247001,34.6022288885839],[-118.414669393779,34.6022427676665],[-118.414523829312,34.6022449851163],[-118.411185293094,34.6022957919],[-118.411140774494,34.60229480476],[-118.407928843306,34.602223531458],[-118.406539041865,34.6021928225358],[-118.406338839468,34.6021883658722],[-118.403544290698,34.6021261088009],[-118.402154394812,34.6020952130433],[-118.399112387302,34.6020274475236],[-118.394614857931,34.6019272159243],[-118.393384612457,34.6019305713246],[-118.393384076175,34.6018430637341],[-118.393383622363,34.6017690642025],[-118.393378783086,34.6009799425682],[-118.393340490492,34.5947348632725],[-118.393338082893,34.5943417255951],[-118.393326188967,34.5923995002742],[-118.393309341137,34.5896479068187],[-118.393301177125,34.5883140525051],[-118.393299428162,34.5880282525679],[-118.393299087232,34.5879725506662],[-118.393298368114,34.5878551149239],[-118.393296481862,34.5875405227271],[-118.393296043262,34.5874687840306],[-118.393294996626,34.5872970959734],[-118.393294497683,34.5872126018884],[-118.393294326603,34.5871835834708],[-118.393293998872,34.5871281357491],[-118.393274852333,34.5839758879741],[-118.393265632115,34.5824576918619],[-118.393263796465,34.5821555880478],[-118.393261771577,34.581825689208],[-118.393259884694,34.581511135563],[-118.393259849639,34.5814053316219],[-118.393259155071,34.5812923708523],[-118.393257217411,34.5809772169411],[-118.393256660722,34.5808867206695],[-118.393256582716,34.580873916649],[-118.393253363596,34.5803502942194],[-118.39325136567,34.5803502979798],[-118.392218193751,34.5803522348675],[-118.392221238174,34.5803557202311],[-118.386585081162,34.5803569839624],[-118.384457591552,34.5803691472987],[-118.384422269277,34.5783930073316],[-118.3844230997,34.5759939951159],[-118.384427910971,34.5759933587495],[-118.384428114664,34.5759933319611],[-118.384427745505,34.5759639372959],[-118.384427116215,34.5759138770297],[-118.384423058947,34.5731906463764],[-118.384416771238,34.5731906193881],[-118.383759511282,34.5731878213588],[-118.377084747793,34.573206984953],[-118.375625073956,34.5732111278838],[-118.375651208371,34.5688332505148],[-118.375688923587,34.5625149323866],[-118.375696751042,34.5612034676778],[-118.375696798133,34.5611955593966],[-118.375705687187,34.559706194203],[-118.375711294338,34.5587668755127],[-118.375711857478,34.5586725170315],[-118.377259520438,34.5586763768457],[-118.377264678247,34.5585683433433],[-118.377321872167,34.5573699186368],[-118.377390721379,34.555927220235],[-118.378154022296,34.5399292955866],[-118.378298617971,34.5366415374593],[-118.378598594729,34.5298131317406],[-118.378681572444,34.5279216123852],[-118.378783207445,34.5256046469232],[-118.378808321032,34.5250318252302],[-118.379410842283,34.5112853282663],[-118.379413004526,34.511235980155],[-118.37941304392,34.511231244322],[-118.379444228731,34.5075061385062],[-118.379469712758,34.5043748434594],[-118.379474586085,34.5037761883083],[-118.379481244998,34.5030048250099],[-118.379481281972,34.5030005156025],[-118.379482825577,34.5028217734294],[-118.379482827512,34.5028214813291],[-118.379483990779,34.5026868546905],[-118.379465628396,34.5024522999765],[-118.379274417143,34.5024403689213],[-118.379280330764,34.5021217630386],[-118.379436292718,34.502082584971],[-118.379433031839,34.5020370906582],[-118.379425733795,34.5019439813649],[-118.37930644693,34.5004220910737],[-118.379277655991,34.5000547515896],[-118.379193991096,34.498984612442],[-118.378989414604,34.4963677906392],[-118.378986929796,34.4963359952628],[-118.378986894957,34.4963359962731],[-118.378988474305,34.4962084145933],[-118.379032958154,34.492617124686],[-118.379094582822,34.487600556663],[-118.379105236941,34.4875961248429],[-118.379301418567,34.487514515262],[-118.379542188476,34.487414356789],[-118.379482947116,34.4872929593955],[-118.379107881855,34.486524363576],[-118.379107803832,34.4865242051509],[-118.379124353234,34.4851769000639],[-118.379185367694,34.4808121863084],[-118.379186641875,34.4807393894156],[-118.379293214656,34.4763869682346],[-118.379504116725,34.467831514759],[-118.379504430568,34.4678184587485],[-118.379509196519,34.4676315913167],[-118.379508045924,34.4676315822932],[-118.378966650329,34.4676274140877],[-118.37896666908,34.4676272292159],[-118.378953690313,34.4676271254972],[-118.378953687913,34.4676273157271],[-118.378313193216,34.4676223829796],[-118.377118879424,34.4676124156496],[-118.375923737228,34.4676026032118],[-118.374728593584,34.467592394959],[-118.373533418343,34.4675825879351],[-118.372339109999,34.4675735354858],[-118.371157836427,34.4675643881492],[-118.371143970533,34.4675642808992],[-118.371019822396,34.4675634299035],[-118.370953578127,34.4675629760849],[-118.369948903612,34.4675560925504],[-118.369948786051,34.4675560920072],[-118.368840731784,34.467548467706],[-118.367732697718,34.4675419105533],[-118.366623800528,34.4675353179451],[-118.366413647475,34.4675340016925],[-118.365738832376,34.4675314483694],[-118.365514909428,34.4675298141494],[-118.364516806924,34.4675226008074],[-118.364415120801,34.4675218658124],[-118.364415119973,34.4675219253158],[-118.364410281144,34.46752183076],[-118.364406072841,34.4675218001223],[-118.363298434029,34.4675143214101],[-118.362190031416,34.4675068628163],[-118.361954962515,34.4675052733212],[-118.361307411416,34.4675008930293],[-118.361101968204,34.467499498565],[-118.361102490121,34.4674567060062],[-118.361105540507,34.4672065987561],[-118.361109215667,34.466905296397],[-118.36111195525,34.4666806609206],[-118.361113093921,34.4665873331958],[-118.361124557435,34.4656474546951],[-118.361147094646,34.463798956416],[-118.361169844341,34.4619306714004],[-118.361192589319,34.4600693116637],[-118.361214651414,34.4582572501537],[-118.361236700639,34.4564499692328],[-118.361238139245,34.4563325192482],[-118.361250665486,34.4553111269427],[-118.361251274089,34.4552615086134],[-118.361253800904,34.4550554874233],[-118.361254489559,34.4549992363101],[-118.361254731686,34.4549938363355],[-118.36125497381,34.4549884354595],[-118.361257054203,34.454822005314],[-118.361257438332,34.4547911385412],[-118.361259229529,34.4546476071754],[-118.361259307111,34.4546411565083],[-118.361259330528,34.4546392794564],[-118.361260752556,34.4545255483097],[-118.361260926231,34.4545116462238],[-118.361262104421,34.4544174699544],[-118.361264843453,34.4541986662484],[-118.361267895533,34.4539546918327],[-118.361281965394,34.4528299633444],[-118.361271635422,34.4527201698886],[-118.361271739914,34.4527201731836],[-118.360761110567,34.447213779979],[-118.360690417764,34.4464616750578],[-118.360626688441,34.4457836433273],[-118.360626606848,34.4457836489789],[-118.360608605389,34.445590887061],[-118.360598973732,34.4453056998476],[-118.360573349239,34.4423490976044],[-118.360520378351,34.4380922171346],[-118.360520319593,34.4380922173092],[-118.360520315828,34.4380918503979],[-118.360464069479,34.43808526507],[-118.360462155567,34.4380850354573],[-118.353136958191,34.4372276755734],[-118.35163285152,34.4370521297538],[-118.35163213628,34.4370520461815],[-118.351529804619,34.4370400702146],[-118.351224682272,34.4370043590532],[-118.349670582674,34.4368224823028],[-118.347188133089,34.4365319169806],[-118.346431374057,34.4364433251392],[-118.346311425507,34.4364292836972],[-118.345362969738,34.4363182414529],[-118.344073489855,34.4361672624877],[-118.342744182069,34.4360116051518],[-118.34193302261,34.4360054629773],[-118.341919934602,34.4360053637336],[-118.341308582803,34.436000731216],[-118.340896395796,34.4359982082788],[-118.340580321739,34.4359957982126],[-118.340111044936,34.4359922771019],[-118.340061835453,34.4359919074866],[-118.340060322966,34.435992964712],[-118.340060574311,34.4359918974986],[-118.33977139818,34.4359900653383],[-118.339387171312,34.4359876284518],[-118.339385576763,34.4359869738948],[-118.339246012487,34.4359859344142],[-118.338750418774,34.435982314845],[-118.334348102668,34.4359500710076],[-118.331878280579,34.4364461644573],[-118.331050868833,34.4366123347022],[-118.329879619905,34.4368475767399],[-118.329848664003,34.4368537940064],[-118.327247091563,34.4373762684093],[-118.326606091331,34.4375049904327],[-118.324977764891,34.4378319479699],[-118.324903069714,34.4378469457153],[-118.324906606631,34.4376914505369],[-118.324983861663,34.4342942624434],[-118.325064647811,34.4307415791586],[-118.325066314499,34.4306673824731],[-118.325226229784,34.4236361809788],[-118.325296858634,34.4165637586534],[-118.325305154896,34.4157328875139],[-118.325377893516,34.4084471016361],[-118.32541756926,34.4029273714309],[-118.32543144411,34.4009969608747],[-118.325485693053,34.3978096142127],[-118.325556360275,34.3936578633686],[-118.325685505573,34.3860678659794],[-118.325700059997,34.3852123286523],[-118.325800724311,34.3792941549037],[-118.325808858319,34.3788159101801],[-118.326024990359,34.3661097655012],[-118.326025419539,34.3615879334129],[-118.32602567915,34.3588558647371],[-118.326026392497,34.3516563573228],[-118.326026398605,34.3516014945277],[-118.326631258855,34.3516023613443],[-118.327535736108,34.3516036535948],[-118.333726074369,34.3516123181064],[-118.334190196714,34.351612954967],[-118.33444803389,34.3516133084347],[-118.334779351118,34.3516137676286],[-118.34248448805,34.3516251114502],[-118.343528809891,34.3516266112104],[-118.343532344815,34.3516266165168],[-118.348318748365,34.3516326551692],[-118.348761773338,34.3516332040019],[-118.350000777373,34.3516347322044],[-118.352076674118,34.3516372642016],[-118.352305214618,34.35163753947],[-118.352543764941,34.3516379997555],[-118.355878944785,34.3516418942616],[-118.356174448793,34.3516422351428],[-118.35879212353,34.3516452205888],[-118.360093021528,34.3516466841457],[-118.360222296188,34.3516468282796],[-118.360484464131,34.3516471206966],[-118.360488605646,34.3516471363256],[-118.36055155751,34.3516473150863],[-118.360620600964,34.3516475108486],[-118.360799812444,34.3516474742147],[-118.360799800552,34.3516447263749],[-118.360792153986,34.3443963057544],[-118.360790965599,34.3432872915534],[-118.360790789899,34.3431012604977],[-118.360788328795,34.340781836623],[-118.360784732486,34.3373909873934],[-118.360785348862,34.3373691711305],[-118.360791913411,34.3371368910822],[-118.373652061962,34.3371256331878],[-118.37786184963,34.3371340470898],[-118.387687015015,34.3371119557463],[-118.394703187487,34.3370952677724],[-118.397091004544,34.3370886960755],[-118.397094193186,34.3371678747126],[-118.397115136805,34.3378108822497],[-118.397126715436,34.338128687891],[-118.397145490724,34.3386896528528],[-118.397159764247,34.339067779507],[-118.397160339299,34.3391367117357],[-118.397166256615,34.3393120698561],[-118.397168297209,34.3393781367085],[-118.397169401886,34.339398766532],[-118.397174199764,34.3395428594606],[-118.397174465465,34.3395532343623],[-118.397175047245,34.3395667636024],[-118.397179501713,34.3396942035895],[-118.397179878654,34.3397016923113],[-118.397179815619,34.3397071684447],[-118.397188543888,34.3399658652085],[-118.397189772012,34.3400025960513],[-118.397587605506,34.3517728203005],[-118.397593609299,34.3519406348873],[-118.39760885334,34.3523704701661],[-118.397816952913,34.3523663821796],[-118.403934516958,34.352245919264],[-118.405500388059,34.3522150352834],[-118.413391904176,34.3520590874164],[-118.422326423126,34.3521327323103],[-118.43126011789,34.3522043160446],[-118.43263085229,34.3521716498822],[-118.440171129016,34.351990917715],[-118.440256425217,34.3519880808906],[-118.449005731694,34.3517786914612],[-118.449082057493,34.3517768643321],[-118.457752189446,34.3517341248309],[-118.466517565681,34.3516906716247],[-118.475853579685,34.3516445949815],[-118.485067861838,34.3515979221708],[-118.485388433469,34.3516005973554],[-118.4886568076,34.3516278342888],[-118.490585708038,34.3516446004583],[-118.49224563138,34.3516590055628],[-118.493113606236,34.351645528609],[-118.493811169483,34.3516353228113],[-118.494146437686,34.3516304402901],[-118.494822061485,34.3516196329549],[-118.495173426809,34.3516139921914],[-118.496189553748,34.3515990989536],[-118.497334295905,34.3515823099581],[-118.49889051797,34.3515582419],[-118.50002690108,34.3515416079254],[-118.500572727276,34.3515326229283],[-118.501533085211,34.3515381601776],[-118.501669331143,34.3515389422813],[-118.501726221143,34.3515392567186],[-118.501841556926,34.3515399331635],[-118.504463396274,34.3515546863149],[-118.504662708664,34.3515602754908],[-118.504543741297,34.3512153153361],[-118.504455875572,34.3509532952578],[-118.504303614037,34.3505054869875],[-118.50415090699,34.3499837361109],[-118.50408924459,34.3497740835661],[-118.503970199917,34.3491114576141],[-118.503944972234,34.3487442212381],[-118.503893567139,34.347852322868],[-118.503950282172,34.347243828225],[-118.50398550596,34.3468858823289],[-118.504027503016,34.3466972669643],[-118.504108838031,34.3463558266478],[-118.5042378205,34.3458090498975],[-118.504331190235,34.3455558164612],[-118.504529158456,34.3450039813093],[-118.504583048262,34.3448595069852],[-118.505621002301,34.3452035303075],[-118.505942134385,34.3453305719879],[-118.506081378243,34.3453853333935],[-118.506126112111,34.3454029817335],[-118.506185971945,34.3454265990802],[-118.506210729334,34.3454363675276],[-118.50623058602,34.3454442019037],[-118.509642303472,34.3467971819485],[-118.50964199952,34.3467976015412],[-118.509810482316,34.346863872791],[-118.510224473264,34.3470274305541],[-118.510224645404,34.3470274965433],[-118.511734334899,34.3476241323476],[-118.512124093483,34.3477781575231],[-118.512134724725,34.3477823678653],[-118.51264930285,34.3479857099603],[-118.512850887966,34.348065368181],[-118.51419223007,34.3485954705763],[-118.514210421639,34.3486029014159],[-118.514272544772,34.3486282776088],[-118.514413404859,34.3486858164937],[-118.514595483244,34.3487543457757],[-118.514602310141,34.3487680292106],[-118.514884067851,34.3488791463308],[-118.51838930564,34.3502614428491],[-118.518460644971,34.3502823392005],[-118.518965045432,34.3504815366188],[-118.519732630484,34.3507840145479],[-118.5197344801,34.3504803859244],[-118.519745075825,34.3488949423998],[-118.519751308585,34.3476204397856],[-118.519753658989,34.3471419110605],[-118.519765702708,34.345386115953],[-118.519773671652,34.3441881329604],[-118.51978665765,34.342237204177],[-118.519789871797,34.3417646082839],[-118.519791753189,34.3414870627783],[-118.519799690516,34.3402260737656],[-118.519800440041,34.3393891947984],[-118.519811593631,34.3384471686691],[-118.519815112785,34.3381513283495],[-118.517819335033,34.3381501781946],[-118.516774028534,34.338150381727],[-118.515403102568,34.338143539469],[-118.513305498973,34.3371354398939],[-118.513189445298,34.3370795401061],[-118.512974503735,34.3369691929367],[-118.512796660211,34.3368679147614],[-118.512685421986,34.3367929535828],[-118.512459949853,34.3366704468102],[-118.512199133871,34.3365766894892],[-118.5119984539,34.3365012285226],[-118.511893014239,34.3364790786922],[-118.511722888396,34.336443339879],[-118.510766851822,34.3360979230026],[-118.510469400618,34.3360146814001],[-118.510373760447,34.3359914494923],[-118.510196324796,34.3359561477283],[-118.510112848638,34.3359457789618],[-118.510033392466,34.3359423242584],[-118.509963771515,34.3359445078145],[-118.509836810829,34.3359569433062],[-118.509786671663,34.335936354824],[-118.509573915694,34.3358407957444],[-118.509311783295,34.3357748493802],[-118.508804149371,34.3355926531062],[-118.508804121856,34.3355826226855],[-118.508786234497,34.3355826464062],[-118.507858189579,34.3356224605779],[-118.5066853695,34.3356727657093],[-118.506624461123,34.3351974796197],[-118.507156809285,34.3347959650455],[-118.507195788261,34.3347665631433],[-118.507218075935,34.3347497643104],[-118.50725467902,34.3347221249284],[-118.507344168045,34.3346546522402],[-118.507351897583,34.3346488175636],[-118.507352776016,34.3346481548596],[-118.507364339529,34.3346394327235],[-118.507463138208,34.3345648970651],[-118.507478824502,34.3345530680734],[-118.507536198432,34.3345098017644],[-118.50753631208,34.3345097255589],[-118.507584687396,34.3344732368325],[-118.507585689149,34.3344724807516],[-118.507659581106,34.3344167553209],[-118.50771185736,34.3343773319139],[-118.507723863263,34.3343682770241],[-118.507777241823,34.3343280231588],[-118.507830169217,34.3342881092382],[-118.50783024563,34.3342881648134],[-118.508259812396,34.3339642974812],[-118.508342775326,34.3339017188367],[-118.508344604631,34.3339003372149],[-118.508344667382,34.3339002909731],[-118.508344512169,34.3339001446732],[-118.50835241685,34.3338941829816],[-118.511333195333,34.3316458620371],[-118.512099575734,34.331067761718],[-118.512245539947,34.3309576715555],[-118.515475399267,34.3285211732439],[-118.516136722554,34.3280221994105],[-118.517062833063,34.3273234142405],[-118.519146010722,34.3257519111376],[-118.519840154333,34.3252282371706],[-118.519919141424,34.3251686507643],[-118.521575269725,34.3239190158636],[-118.521879593944,34.3236894161936],[-118.522022327719,34.3236895270148],[-118.524208178864,34.3236861618016],[-118.528712660163,34.3236791465972],[-118.533113869781,34.3236721154659],[-118.53751027802,34.3236649457486],[-118.545230052922,34.323737838446],[-118.546087792424,34.3237459117419],[-118.546195651302,34.3237469266005],[-118.546337041602,34.3237482571588],[-118.549316821295,34.3237762597379],[-118.549466182674,34.3237776586885],[-118.549542465171,34.3237783729171],[-118.550546409945,34.3237877699443],[-118.554922379096,34.3238286995109],[-118.559435813221,34.3238706773185],[-118.563807286323,34.3239111967834],[-118.563949218196,34.3239124871408],[-118.56507533301,34.3239227114453],[-118.565075735813,34.3239229818327],[-118.565075735098,34.3239227158808],[-118.567664471926,34.3239480948506],[-118.572037980209,34.3239891904498],[-118.575498192608,34.3239792611659],[-118.575620106183,34.3239789010744],[-118.575794487404,34.3239783997005],[-118.576489981295,34.3239763869341],[-118.579948412585,34.3239674073501],[-118.580942849185,34.3239648166596],[-118.585237576979,34.3239684887033],[-118.589533161639,34.3239720394984],[-118.598073685422,34.3239444113472],[-118.602344365126,34.3239296892006],[-118.604332313246,34.323923967117],[-118.605128002682,34.3239216958116],[-118.60570932396,34.3239199998618],[-118.605922887607,34.3239193710142],[-118.606320298181,34.3239182320627],[-118.606292289502,34.3214708196487],[-118.606291511194,34.3214027721848],[-118.610569387881,34.321347903054],[-118.614846435284,34.3212928834436],[-118.620193104471,34.3212230650628],[-118.623401287603,34.3211810466533]]]},"properties":{"OBJECTID":3345,"DISTRICT_NAME":"WM S HART UNION HIGH","LABEL":"WM S HART UNION HIGH","TRUSTEE_AREA":null,"DISTRICT_TYPE":"High School District","Shape__Area":11083952352.380859,"Shape__Length":486420.72911222896}}]}